variable,spatial_unit,temporal_unit,measurement_date,availability_date,independence_from_funding,coverage_limitation,timing_risk,source_url,agrn,event_name,disaster_start_date,source_id,observed_values_joined,eligible_LGA_coverage_fraction,missingness,pre_decision_coverage_verified,event_applicability
flood_extent,Landsat pixel then event footprint × LGA,individual satellite acquisition,event observation timestamp; not recovered,Product/scene processing dates not recovered,Physical sensor observations independent of grant decisions,"Cloud, shadow, revisit timing and missed peaks; surface water is not automatically flood damage or maximum extent",First decision date and observation/publication vintage must be joined; not certified pre-decision,https://knowledge.dea.ga.gov.au/data/product/dea-water-observations-landsat/,950,AGRN 950 - Wooroloo Bushfire (1 February 2021),2021-02-01,dea_water,0,,NOT_EXTRACTED_OR_NOT_CERTIFIED,False,"Candidate source; event extraction, coverage and cutoff certification still required"
flood_depth,Depth surface / asset site,event peak,event observation timestamp; not recovered,No verified consistent national event-depth source,Would be independent if modelled from hydrology without grant outcomes,DEA surface-water classification does not measure depth; elevation/hydraulic model and validation required,First decision date and observation/publication vintage must be joined; not certified pre-decision,https://knowledge.dea.ga.gov.au/data/product/dea-water-observations-landsat/,950,AGRN 950 - Wooroloo Bushfire (1 February 2021),2021-02-01,dea_water,0,,NOT_EXTRACTED_OR_NOT_CERTIFIED,False,"Candidate source; event extraction, coverage and cutoff certification still required"
fire_extent_severity,"NSW mapped fire polygons/pixels, then LGA",fire / seasonal mapped release,event observation timestamp; not recovered,Seasonal reports; event-specific release dates unresolved,Remote sensing independent of assistance,"NSW-only, seasonal aggregates must not be assigned to a single AGRN; other states need matched fire footprints",First decision date and observation/publication vintage must be joined; not certified pre-decision,https://www.environment.nsw.gov.au/topics/animals-and-plants/native-vegetation/landcover-science/fire-extent-and-severity-maps,950,AGRN 950 - Wooroloo Bushfire (1 February 2021),2021-02-01,fesmsource,0,,NOT_EXTRACTED_OR_NOT_CERTIFIED,False,Hazard relevance requires event fire record; NSW FESM is NSW only; other states need their own product
cyclone_wind,Best-track point / station or windfield,storm timestamp,event observation timestamp; not recovered,Best tracks are post-event reanalysis; issuance dates required,Weather observations independent of funding,Track distance is not measured LGA wind damage; retrospective best track may follow approval,First decision date and observation/publication vintage must be joined; not certified pre-decision,https://www.bom.gov.au/cyclone/tropical-cyclone-knowledge-centre/databases/,950,AGRN 950 - Wooroloo Bushfire (1 February 2021),2021-02-01,bom_tracks,0,,NOT_EXTRACTED_OR_NOT_CERTIFIED,False,Cyclone components only; no claim that track alone measures local wind damage
rainfall,Weather station / gridded rainfall,daily / event accumulation,event observation timestamp; not recovered,BOM observation/product publication audit outstanding,Meteorological measurements independent,"Cyclone archive is a lead, not an extracted all-event rainfall dataset; station completeness required",First decision date and observation/publication vintage must be joined; not certified pre-decision,https://www.bom.gov.au/cyclone/tropical-cyclone-knowledge-centre/databases/,950,AGRN 950 - Wooroloo Bushfire (1 February 2021),2021-02-01,bom_tracks,0,,NOT_EXTRACTED_OR_NOT_CERTIFIED,False,"Candidate source; event extraction, coverage and cutoff certification still required"
infrastructure_exposed,Dated road/building/asset inventory intersected with footprint,pre-event stock × event,event observation timestamp; not recovered,No common dated asset layer recovered,Pre-event inventory potentially independent,Population/building exposure is not damage; road inventories differ across states,First decision date and observation/publication vintage must be joined; not certified pre-decision,https://www.abs.gov.au/census/guide-census-data/2021-census-product-release-guide,950,AGRN 950 - Wooroloo Bushfire (1 February 2021),2021-02-01,abs_census_release,0,,NOT_EXTRACTED_OR_NOT_CERTIFIED,False,"Candidate source; event extraction, coverage and cutoff certification still required"
affected_area,Footprint area × LGA,event,event observation timestamp; not recovered,Acquisition-specific dates required,Potentially independent sensor estimate,No uniform all-hazard footprint measure; valid observed zero requires complete coverage,First decision date and observation/publication vintage must be joined; not certified pre-decision,https://knowledge.dea.ga.gov.au/data/product/dea-water-observations-landsat/,950,AGRN 950 - Wooroloo Bushfire (1 February 2021),2021-02-01,dea_water,0,,NOT_EXTRACTED_OR_NOT_CERTIFIED,False,"Candidate source; event extraction, coverage and cutoff certification still required"
affected_population,Census small area / population grid × footprint,pre-event stock × event,2021-08-10 for Census 2021; choose appropriate prior census,2021 Census first release 2022-06-28; finer products have later releases,Census stock independent; affected estimate depends on valid hazard footprint,Residential population is not people actually displaced; use older vintage before release where needed,First decision date and observation/publication vintage must be joined; not certified pre-decision,https://www.abs.gov.au/census/guide-census-data/2021-census-product-release-guide,950,AGRN 950 - Wooroloo Bushfire (1 February 2021),2021-02-01,abs_census_release,0,,NOT_EXTRACTED_OR_NOT_CERTIFIED,False,"Candidate source; event extraction, coverage and cutoff certification still required"
houses_damaged_destroyed,Swan + Mundaring event aggregate,time-stamped impact assessment,event observation timestamp; not recovered,2020–21 annual report; exact first release unknown,Damage assessments potentially independent; grants-approved damage is not,Assessment coverage and revision dates selective; annual event total insufficient for pre-decision LGA vector,First decision date and observation/publication vintage must be joined; not certified pre-decision,https://dfes.wa.gov.au/annualreport2021/wooroloo-bushfire/,950,AGRN 950 - Wooroloo Bushfire (1 February 2021),2021-02-01,wa950,0,,EVENT_AGGREGATE_ONLY: 86 properties destroyed; no certified pre-decision LGA vector,False,"Candidate source; event extraction, coverage and cutoff certification still required"
evacuations_displacement,Warning polygon / evacuation centre / locality,incident time,event observation timestamp; not recovered,Some incident updates; national consistent historical vector not recovered,Potentially independent operational records,Evacuation order not count of displaced residents; council/event coverage unquantified,First decision date and observation/publication vintage must be joined; not certified pre-decision,https://www.disasterassist.gov.au/Pages/disasters/current-disasters/Tasmania/tasmanian-severe-weather-oct-2022-onwards.aspx,950,AGRN 950 - Wooroloo Bushfire (1 February 2021),2021-02-01,tas1038,0,,NOT_EXTRACTED_OR_NOT_CERTIFIED,False,"Candidate source; event extraction, coverage and cutoff certification still required"
essential_infrastructure_damage,Asset/site or NIAM recovery domain,assessment time,event observation timestamp; not recovered,State impact requests may hold this; public event-wide availability not established,Only if independently assessed rather than inferred from paid claims,Need pre-decision asset damage and assessment protocol; later reconstruction spending excluded,First decision date and observation/publication vintage must be joined; not certified pre-decision,https://www.nema.gov.au/sites/default/files/2024-08/drfa-2018-guideline-3-category-c-assessment-framework.pdf,950,AGRN 950 - Wooroloo Bushfire (1 February 2021),2021-02-01,guideline_c,0,,NOT_EXTRACTED_OR_NOT_CERTIFIED,False,"Candidate source; event extraction, coverage and cutoff certification still required"
business_agricultural_impact,Affected enterprise / sector / region,assessment time,event observation timestamp; not recovered,State Category C request/impact evidence not recovered,Potentially independent if includes all assessed businesses; applications selected,Do not use grant recipients or amounts as need; denominator of directly impacted enterprises required,First decision date and observation/publication vintage must be joined; not certified pre-decision,https://www.nema.gov.au/sites/default/files/2024-08/drfa-2018-guideline-3-category-c-assessment-framework.pdf,950,AGRN 950 - Wooroloo Bushfire (1 February 2021),2021-02-01,guideline_c,0,,NOT_EXTRACTED_OR_NOT_CERTIFIED,False,"Candidate source; event extraction, coverage and cutoff certification still required"
population,LGA / SA1,Census or annual population estimate,Census reference date or pre-event annual estimate,Release-specific; 2021 first release 2022-06-28,Independent baseline structure,"Stock covariate, not event impact; boundary vintage must match",First decision date and observation/publication vintage must be joined; not certified pre-decision,https://www.abs.gov.au/census/guide-census-data/2021-census-product-release-guide,950,AGRN 950 - Wooroloo Bushfire (1 February 2021),2021-02-01,abs_census_release,0,,NOT_EXTRACTED_OR_NOT_CERTIFIED,False,"Candidate source; event extraction, coverage and cutoff certification still required"
remoteness,ABS Remoteness Areas aggregated to council,ASGS vintage,event observation timestamp; not recovered,Exact selected RA vintage release not audited,Independent baseline structure,SAL documentation is geography lead only; LGA may span multiple remoteness classes; no arbitrary single class,First decision date and observation/publication vintage must be joined; not certified pre-decision,https://www.abs.gov.au/statistics/standards/australian-statistical-geography-standard-asgs/edition-3-july-2021-june-2026/non-abs-structures/suburbs-and-localities,950,AGRN 950 - Wooroloo Bushfire (1 February 2021),2021-02-01,abs_sal,0,,NOT_EXTRACTED_OR_NOT_CERTIFIED,False,"Candidate source; event extraction, coverage and cutoff certification still required"
socioeconomic_disadvantage,LGA / SA1,2021 Census,2021-08-10,2023-04-27,Independent published baseline,"SEIFA is an existing statistical index, not a new need index; cannot use 2021 for pre-August-2021 onset",First decision date and observation/publication vintage must be joined; not certified pre-decision,https://www.abs.gov.au/statistics/detailed-methodology-information/concepts-sources-methods/socio-economic-indexes-areas-seifa-technical-paper/2021,950,AGRN 950 - Wooroloo Bushfire (1 February 2021),2021-02-01,seifa2021,0,,NOT_EXTRACTED_OR_NOT_CERTIFIED,False,"Candidate source; event extraction, coverage and cutoff certification still required"
infrastructure_scale,Council / asset class,prior financial year,event observation timestamp; not recovered,Frozen NSW fiscal road km observed; nationwide coverage unresolved,Predisaster road length is separate from disaster loss,NSW fiscal coverage only; differing road scope; use separate classes not combined need score,First decision date and observation/publication vintage must be joined; not certified pre-decision,https://www.abs.gov.au/census/guide-census-data/2021-census-product-release-guide,950,AGRN 950 - Wooroloo Bushfire (1 February 2021),2021-02-01,abs_census_release,0,,NOT_EXTRACTED_OR_NOT_CERTIFIED,False,"Candidate source; event extraction, coverage and cutoff certification still required"
flood_extent,Landsat pixel then event footprint × LGA,individual satellite acquisition,event observation timestamp; not recovered,Product/scene processing dates not recovered,Physical sensor observations independent of grant decisions,"Cloud, shadow, revisit timing and missed peaks; surface water is not automatically flood damage or maximum extent",First decision date and observation/publication vintage must be joined; not certified pre-decision,https://knowledge.dea.ga.gov.au/data/product/dea-water-observations-landsat/,954,AGRN 954 - North Coast Storms and Floods (19 February 2021 onwards),2021-02-19,dea_water,0,,NOT_EXTRACTED_OR_NOT_CERTIFIED,False,"Candidate source; event extraction, coverage and cutoff certification still required"
flood_depth,Depth surface / asset site,event peak,event observation timestamp; not recovered,No verified consistent national event-depth source,Would be independent if modelled from hydrology without grant outcomes,DEA surface-water classification does not measure depth; elevation/hydraulic model and validation required,First decision date and observation/publication vintage must be joined; not certified pre-decision,https://knowledge.dea.ga.gov.au/data/product/dea-water-observations-landsat/,954,AGRN 954 - North Coast Storms and Floods (19 February 2021 onwards),2021-02-19,dea_water,0,,NOT_EXTRACTED_OR_NOT_CERTIFIED,False,"Candidate source; event extraction, coverage and cutoff certification still required"
fire_extent_severity,"NSW mapped fire polygons/pixels, then LGA",fire / seasonal mapped release,event observation timestamp; not recovered,Seasonal reports; event-specific release dates unresolved,Remote sensing independent of assistance,"NSW-only, seasonal aggregates must not be assigned to a single AGRN; other states need matched fire footprints",First decision date and observation/publication vintage must be joined; not certified pre-decision,https://www.environment.nsw.gov.au/topics/animals-and-plants/native-vegetation/landcover-science/fire-extent-and-severity-maps,954,AGRN 954 - North Coast Storms and Floods (19 February 2021 onwards),2021-02-19,fesmsource,0,,NOT_EXTRACTED_OR_NOT_CERTIFIED,False,Hazard relevance requires event fire record; NSW FESM is NSW only; other states need their own product
cyclone_wind,Best-track point / station or windfield,storm timestamp,event observation timestamp; not recovered,Best tracks are post-event reanalysis; issuance dates required,Weather observations independent of funding,Track distance is not measured LGA wind damage; retrospective best track may follow approval,First decision date and observation/publication vintage must be joined; not certified pre-decision,https://www.bom.gov.au/cyclone/tropical-cyclone-knowledge-centre/databases/,954,AGRN 954 - North Coast Storms and Floods (19 February 2021 onwards),2021-02-19,bom_tracks,0,,NOT_EXTRACTED_OR_NOT_CERTIFIED,False,Cyclone components only; no claim that track alone measures local wind damage
rainfall,Weather station / gridded rainfall,daily / event accumulation,event observation timestamp; not recovered,BOM observation/product publication audit outstanding,Meteorological measurements independent,"Cyclone archive is a lead, not an extracted all-event rainfall dataset; station completeness required",First decision date and observation/publication vintage must be joined; not certified pre-decision,https://www.bom.gov.au/cyclone/tropical-cyclone-knowledge-centre/databases/,954,AGRN 954 - North Coast Storms and Floods (19 February 2021 onwards),2021-02-19,bom_tracks,0,,NOT_EXTRACTED_OR_NOT_CERTIFIED,False,"Candidate source; event extraction, coverage and cutoff certification still required"
infrastructure_exposed,Dated road/building/asset inventory intersected with footprint,pre-event stock × event,event observation timestamp; not recovered,No common dated asset layer recovered,Pre-event inventory potentially independent,Population/building exposure is not damage; road inventories differ across states,First decision date and observation/publication vintage must be joined; not certified pre-decision,https://www.abs.gov.au/census/guide-census-data/2021-census-product-release-guide,954,AGRN 954 - North Coast Storms and Floods (19 February 2021 onwards),2021-02-19,abs_census_release,0,,NOT_EXTRACTED_OR_NOT_CERTIFIED,False,"Candidate source; event extraction, coverage and cutoff certification still required"
affected_area,Footprint area × LGA,event,event observation timestamp; not recovered,Acquisition-specific dates required,Potentially independent sensor estimate,No uniform all-hazard footprint measure; valid observed zero requires complete coverage,First decision date and observation/publication vintage must be joined; not certified pre-decision,https://knowledge.dea.ga.gov.au/data/product/dea-water-observations-landsat/,954,AGRN 954 - North Coast Storms and Floods (19 February 2021 onwards),2021-02-19,dea_water,0,,NOT_EXTRACTED_OR_NOT_CERTIFIED,False,"Candidate source; event extraction, coverage and cutoff certification still required"
affected_population,Census small area / population grid × footprint,pre-event stock × event,2021-08-10 for Census 2021; choose appropriate prior census,2021 Census first release 2022-06-28; finer products have later releases,Census stock independent; affected estimate depends on valid hazard footprint,Residential population is not people actually displaced; use older vintage before release where needed,First decision date and observation/publication vintage must be joined; not certified pre-decision,https://www.abs.gov.au/census/guide-census-data/2021-census-product-release-guide,954,AGRN 954 - North Coast Storms and Floods (19 February 2021 onwards),2021-02-19,abs_census_release,0,,NOT_EXTRACTED_OR_NOT_CERTIFIED,False,"Candidate source; event extraction, coverage and cutoff certification still required"
houses_damaged_destroyed,Property inspection / council / event totals,time-stamped impact assessment,event observation timestamp; not recovered,Some annual/incident reports; no comparable LGA ledger recovered,Damage assessments potentially independent; grants-approved damage is not,Assessment coverage and revision dates selective; annual event total insufficient for pre-decision LGA vector,First decision date and observation/publication vintage must be joined; not certified pre-decision,https://dfes.wa.gov.au/annualreport2021/wooroloo-bushfire/,954,AGRN 954 - North Coast Storms and Floods (19 February 2021 onwards),2021-02-19,wa950,0,,NOT_EXTRACTED_OR_NOT_CERTIFIED,False,"Candidate source; event extraction, coverage and cutoff certification still required"
evacuations_displacement,Warning polygon / evacuation centre / locality,incident time,event observation timestamp; not recovered,Some incident updates; national consistent historical vector not recovered,Potentially independent operational records,Evacuation order not count of displaced residents; council/event coverage unquantified,First decision date and observation/publication vintage must be joined; not certified pre-decision,https://www.disasterassist.gov.au/Pages/disasters/current-disasters/Tasmania/tasmanian-severe-weather-oct-2022-onwards.aspx,954,AGRN 954 - North Coast Storms and Floods (19 February 2021 onwards),2021-02-19,tas1038,0,,NOT_EXTRACTED_OR_NOT_CERTIFIED,False,"Candidate source; event extraction, coverage and cutoff certification still required"
essential_infrastructure_damage,Asset/site or NIAM recovery domain,assessment time,event observation timestamp; not recovered,State impact requests may hold this; public event-wide availability not established,Only if independently assessed rather than inferred from paid claims,Need pre-decision asset damage and assessment protocol; later reconstruction spending excluded,First decision date and observation/publication vintage must be joined; not certified pre-decision,https://www.nema.gov.au/sites/default/files/2024-08/drfa-2018-guideline-3-category-c-assessment-framework.pdf,954,AGRN 954 - North Coast Storms and Floods (19 February 2021 onwards),2021-02-19,guideline_c,0,,NOT_EXTRACTED_OR_NOT_CERTIFIED,False,"Candidate source; event extraction, coverage and cutoff certification still required"
business_agricultural_impact,Affected enterprise / sector / region,assessment time,event observation timestamp; not recovered,State Category C request/impact evidence not recovered,Potentially independent if includes all assessed businesses; applications selected,Do not use grant recipients or amounts as need; denominator of directly impacted enterprises required,First decision date and observation/publication vintage must be joined; not certified pre-decision,https://www.nema.gov.au/sites/default/files/2024-08/drfa-2018-guideline-3-category-c-assessment-framework.pdf,954,AGRN 954 - North Coast Storms and Floods (19 February 2021 onwards),2021-02-19,guideline_c,0,,NOT_EXTRACTED_OR_NOT_CERTIFIED,False,"Candidate source; event extraction, coverage and cutoff certification still required"
population,LGA / SA1,Census or annual population estimate,Census reference date or pre-event annual estimate,Release-specific; 2021 first release 2022-06-28,Independent baseline structure,"Stock covariate, not event impact; boundary vintage must match",First decision date and observation/publication vintage must be joined; not certified pre-decision,https://www.abs.gov.au/census/guide-census-data/2021-census-product-release-guide,954,AGRN 954 - North Coast Storms and Floods (19 February 2021 onwards),2021-02-19,abs_census_release,0,,NOT_EXTRACTED_OR_NOT_CERTIFIED,False,"Candidate source; event extraction, coverage and cutoff certification still required"
remoteness,ABS Remoteness Areas aggregated to council,ASGS vintage,event observation timestamp; not recovered,Exact selected RA vintage release not audited,Independent baseline structure,SAL documentation is geography lead only; LGA may span multiple remoteness classes; no arbitrary single class,First decision date and observation/publication vintage must be joined; not certified pre-decision,https://www.abs.gov.au/statistics/standards/australian-statistical-geography-standard-asgs/edition-3-july-2021-june-2026/non-abs-structures/suburbs-and-localities,954,AGRN 954 - North Coast Storms and Floods (19 February 2021 onwards),2021-02-19,abs_sal,0,,NOT_EXTRACTED_OR_NOT_CERTIFIED,False,"Candidate source; event extraction, coverage and cutoff certification still required"
socioeconomic_disadvantage,LGA / SA1,2021 Census,2021-08-10,2023-04-27,Independent published baseline,"SEIFA is an existing statistical index, not a new need index; cannot use 2021 for pre-August-2021 onset",First decision date and observation/publication vintage must be joined; not certified pre-decision,https://www.abs.gov.au/statistics/detailed-methodology-information/concepts-sources-methods/socio-economic-indexes-areas-seifa-technical-paper/2021,954,AGRN 954 - North Coast Storms and Floods (19 February 2021 onwards),2021-02-19,seifa2021,0,,NOT_EXTRACTED_OR_NOT_CERTIFIED,False,"Candidate source; event extraction, coverage and cutoff certification still required"
infrastructure_scale,Council / asset class,prior financial year,event observation timestamp; not recovered,Frozen NSW fiscal road km observed; nationwide coverage unresolved,Predisaster road length is separate from disaster loss,NSW fiscal coverage only; differing road scope; use separate classes not combined need score,First decision date and observation/publication vintage must be joined; not certified pre-decision,https://www.abs.gov.au/census/guide-census-data/2021-census-product-release-guide,954,AGRN 954 - North Coast Storms and Floods (19 February 2021 onwards),2021-02-19,abs_census_release,0,,NOT_EXTRACTED_OR_NOT_CERTIFIED,False,"Candidate source; event extraction, coverage and cutoff certification still required"
flood_extent,Landsat pixel then event footprint × LGA,individual satellite acquisition,event observation timestamp; not recovered,Product/scene processing dates not recovered,Physical sensor observations independent of grant decisions,"Cloud, shadow, revisit timing and missed peaks; surface water is not automatically flood damage or maximum extent",First decision date and observation/publication vintage must be joined; not certified pre-decision,https://knowledge.dea.ga.gov.au/data/product/dea-water-observations-landsat/,960,AGRN 960 - NSW Storms and Floods (10 March 2021 onwards),2021-03-10,dea_water,0,,NOT_EXTRACTED_OR_NOT_CERTIFIED,False,"Candidate source; event extraction, coverage and cutoff certification still required"
flood_depth,Depth surface / asset site,event peak,event observation timestamp; not recovered,No verified consistent national event-depth source,Would be independent if modelled from hydrology without grant outcomes,DEA surface-water classification does not measure depth; elevation/hydraulic model and validation required,First decision date and observation/publication vintage must be joined; not certified pre-decision,https://knowledge.dea.ga.gov.au/data/product/dea-water-observations-landsat/,960,AGRN 960 - NSW Storms and Floods (10 March 2021 onwards),2021-03-10,dea_water,0,,NOT_EXTRACTED_OR_NOT_CERTIFIED,False,"Candidate source; event extraction, coverage and cutoff certification still required"
fire_extent_severity,"NSW mapped fire polygons/pixels, then LGA",fire / seasonal mapped release,event observation timestamp; not recovered,Seasonal reports; event-specific release dates unresolved,Remote sensing independent of assistance,"NSW-only, seasonal aggregates must not be assigned to a single AGRN; other states need matched fire footprints",First decision date and observation/publication vintage must be joined; not certified pre-decision,https://www.environment.nsw.gov.au/topics/animals-and-plants/native-vegetation/landcover-science/fire-extent-and-severity-maps,960,AGRN 960 - NSW Storms and Floods (10 March 2021 onwards),2021-03-10,fesmsource,0,,NOT_EXTRACTED_OR_NOT_CERTIFIED,False,Hazard relevance requires event fire record; NSW FESM is NSW only; other states need their own product
cyclone_wind,Best-track point / station or windfield,storm timestamp,event observation timestamp; not recovered,Best tracks are post-event reanalysis; issuance dates required,Weather observations independent of funding,Track distance is not measured LGA wind damage; retrospective best track may follow approval,First decision date and observation/publication vintage must be joined; not certified pre-decision,https://www.bom.gov.au/cyclone/tropical-cyclone-knowledge-centre/databases/,960,AGRN 960 - NSW Storms and Floods (10 March 2021 onwards),2021-03-10,bom_tracks,0,,NOT_EXTRACTED_OR_NOT_CERTIFIED,False,Cyclone components only; no claim that track alone measures local wind damage
rainfall,Weather station / gridded rainfall,daily / event accumulation,event observation timestamp; not recovered,BOM observation/product publication audit outstanding,Meteorological measurements independent,"Cyclone archive is a lead, not an extracted all-event rainfall dataset; station completeness required",First decision date and observation/publication vintage must be joined; not certified pre-decision,https://www.bom.gov.au/cyclone/tropical-cyclone-knowledge-centre/databases/,960,AGRN 960 - NSW Storms and Floods (10 March 2021 onwards),2021-03-10,bom_tracks,0,,NOT_EXTRACTED_OR_NOT_CERTIFIED,False,"Candidate source; event extraction, coverage and cutoff certification still required"
infrastructure_exposed,Dated road/building/asset inventory intersected with footprint,pre-event stock × event,event observation timestamp; not recovered,No common dated asset layer recovered,Pre-event inventory potentially independent,Population/building exposure is not damage; road inventories differ across states,First decision date and observation/publication vintage must be joined; not certified pre-decision,https://www.abs.gov.au/census/guide-census-data/2021-census-product-release-guide,960,AGRN 960 - NSW Storms and Floods (10 March 2021 onwards),2021-03-10,abs_census_release,0,,NOT_EXTRACTED_OR_NOT_CERTIFIED,False,"Candidate source; event extraction, coverage and cutoff certification still required"
affected_area,Footprint area × LGA,event,event observation timestamp; not recovered,Acquisition-specific dates required,Potentially independent sensor estimate,No uniform all-hazard footprint measure; valid observed zero requires complete coverage,First decision date and observation/publication vintage must be joined; not certified pre-decision,https://knowledge.dea.ga.gov.au/data/product/dea-water-observations-landsat/,960,AGRN 960 - NSW Storms and Floods (10 March 2021 onwards),2021-03-10,dea_water,0,,NOT_EXTRACTED_OR_NOT_CERTIFIED,False,"Candidate source; event extraction, coverage and cutoff certification still required"
affected_population,Census small area / population grid × footprint,pre-event stock × event,2021-08-10 for Census 2021; choose appropriate prior census,2021 Census first release 2022-06-28; finer products have later releases,Census stock independent; affected estimate depends on valid hazard footprint,Residential population is not people actually displaced; use older vintage before release where needed,First decision date and observation/publication vintage must be joined; not certified pre-decision,https://www.abs.gov.au/census/guide-census-data/2021-census-product-release-guide,960,AGRN 960 - NSW Storms and Floods (10 March 2021 onwards),2021-03-10,abs_census_release,0,,NOT_EXTRACTED_OR_NOT_CERTIFIED,False,"Candidate source; event extraction, coverage and cutoff certification still required"
houses_damaged_destroyed,Property inspection / council / event totals,time-stamped impact assessment,event observation timestamp; not recovered,Some annual/incident reports; no comparable LGA ledger recovered,Damage assessments potentially independent; grants-approved damage is not,Assessment coverage and revision dates selective; annual event total insufficient for pre-decision LGA vector,First decision date and observation/publication vintage must be joined; not certified pre-decision,https://dfes.wa.gov.au/annualreport2021/wooroloo-bushfire/,960,AGRN 960 - NSW Storms and Floods (10 March 2021 onwards),2021-03-10,wa950,0,,NOT_EXTRACTED_OR_NOT_CERTIFIED,False,"Candidate source; event extraction, coverage and cutoff certification still required"
evacuations_displacement,Warning polygon / evacuation centre / locality,incident time,event observation timestamp; not recovered,Some incident updates; national consistent historical vector not recovered,Potentially independent operational records,Evacuation order not count of displaced residents; council/event coverage unquantified,First decision date and observation/publication vintage must be joined; not certified pre-decision,https://www.disasterassist.gov.au/Pages/disasters/current-disasters/Tasmania/tasmanian-severe-weather-oct-2022-onwards.aspx,960,AGRN 960 - NSW Storms and Floods (10 March 2021 onwards),2021-03-10,tas1038,0,,NOT_EXTRACTED_OR_NOT_CERTIFIED,False,"Candidate source; event extraction, coverage and cutoff certification still required"
essential_infrastructure_damage,Asset/site or NIAM recovery domain,assessment time,event observation timestamp; not recovered,State impact requests may hold this; public event-wide availability not established,Only if independently assessed rather than inferred from paid claims,Need pre-decision asset damage and assessment protocol; later reconstruction spending excluded,First decision date and observation/publication vintage must be joined; not certified pre-decision,https://www.nema.gov.au/sites/default/files/2024-08/drfa-2018-guideline-3-category-c-assessment-framework.pdf,960,AGRN 960 - NSW Storms and Floods (10 March 2021 onwards),2021-03-10,guideline_c,0,,NOT_EXTRACTED_OR_NOT_CERTIFIED,False,"Candidate source; event extraction, coverage and cutoff certification still required"
business_agricultural_impact,Affected enterprise / sector / region,assessment time,event observation timestamp; not recovered,State Category C request/impact evidence not recovered,Potentially independent if includes all assessed businesses; applications selected,Do not use grant recipients or amounts as need; denominator of directly impacted enterprises required,First decision date and observation/publication vintage must be joined; not certified pre-decision,https://www.nema.gov.au/sites/default/files/2024-08/drfa-2018-guideline-3-category-c-assessment-framework.pdf,960,AGRN 960 - NSW Storms and Floods (10 March 2021 onwards),2021-03-10,guideline_c,0,,NOT_EXTRACTED_OR_NOT_CERTIFIED,False,"Candidate source; event extraction, coverage and cutoff certification still required"
population,LGA / SA1,Census or annual population estimate,Census reference date or pre-event annual estimate,Release-specific; 2021 first release 2022-06-28,Independent baseline structure,"Stock covariate, not event impact; boundary vintage must match",First decision date and observation/publication vintage must be joined; not certified pre-decision,https://www.abs.gov.au/census/guide-census-data/2021-census-product-release-guide,960,AGRN 960 - NSW Storms and Floods (10 March 2021 onwards),2021-03-10,abs_census_release,0,,NOT_EXTRACTED_OR_NOT_CERTIFIED,False,"Candidate source; event extraction, coverage and cutoff certification still required"
remoteness,ABS Remoteness Areas aggregated to council,ASGS vintage,event observation timestamp; not recovered,Exact selected RA vintage release not audited,Independent baseline structure,SAL documentation is geography lead only; LGA may span multiple remoteness classes; no arbitrary single class,First decision date and observation/publication vintage must be joined; not certified pre-decision,https://www.abs.gov.au/statistics/standards/australian-statistical-geography-standard-asgs/edition-3-july-2021-june-2026/non-abs-structures/suburbs-and-localities,960,AGRN 960 - NSW Storms and Floods (10 March 2021 onwards),2021-03-10,abs_sal,0,,NOT_EXTRACTED_OR_NOT_CERTIFIED,False,"Candidate source; event extraction, coverage and cutoff certification still required"
socioeconomic_disadvantage,LGA / SA1,2021 Census,2021-08-10,2023-04-27,Independent published baseline,"SEIFA is an existing statistical index, not a new need index; cannot use 2021 for pre-August-2021 onset",First decision date and observation/publication vintage must be joined; not certified pre-decision,https://www.abs.gov.au/statistics/detailed-methodology-information/concepts-sources-methods/socio-economic-indexes-areas-seifa-technical-paper/2021,960,AGRN 960 - NSW Storms and Floods (10 March 2021 onwards),2021-03-10,seifa2021,0,,NOT_EXTRACTED_OR_NOT_CERTIFIED,False,"Candidate source; event extraction, coverage and cutoff certification still required"
infrastructure_scale,Council / asset class,prior financial year,event observation timestamp; not recovered,Frozen NSW fiscal road km observed; nationwide coverage unresolved,Predisaster road length is separate from disaster loss,NSW fiscal coverage only; differing road scope; use separate classes not combined need score,First decision date and observation/publication vintage must be joined; not certified pre-decision,https://www.abs.gov.au/census/guide-census-data/2021-census-product-release-guide,960,AGRN 960 - NSW Storms and Floods (10 March 2021 onwards),2021-03-10,abs_census_release,0,,NOT_EXTRACTED_OR_NOT_CERTIFIED,False,"Candidate source; event extraction, coverage and cutoff certification still required"
flood_extent,Landsat pixel then event footprint × LGA,individual satellite acquisition,event observation timestamp; not recovered,Product/scene processing dates not recovered,Physical sensor observations independent of grant decisions,"Cloud, shadow, revisit timing and missed peaks; surface water is not automatically flood damage or maximum extent",First decision date and observation/publication vintage must be joined; not certified pre-decision,https://knowledge.dea.ga.gov.au/data/product/dea-water-observations-landsat/,965,AGRN 965 - Severe Tropical Cyclone Seroja (11-12 April 2021),2021-04-11,dea_water,0,,NOT_EXTRACTED_OR_NOT_CERTIFIED,False,"Candidate source; event extraction, coverage and cutoff certification still required"
flood_depth,Depth surface / asset site,event peak,event observation timestamp; not recovered,No verified consistent national event-depth source,Would be independent if modelled from hydrology without grant outcomes,DEA surface-water classification does not measure depth; elevation/hydraulic model and validation required,First decision date and observation/publication vintage must be joined; not certified pre-decision,https://knowledge.dea.ga.gov.au/data/product/dea-water-observations-landsat/,965,AGRN 965 - Severe Tropical Cyclone Seroja (11-12 April 2021),2021-04-11,dea_water,0,,NOT_EXTRACTED_OR_NOT_CERTIFIED,False,"Candidate source; event extraction, coverage and cutoff certification still required"
fire_extent_severity,"NSW mapped fire polygons/pixels, then LGA",fire / seasonal mapped release,event observation timestamp; not recovered,Seasonal reports; event-specific release dates unresolved,Remote sensing independent of assistance,"NSW-only, seasonal aggregates must not be assigned to a single AGRN; other states need matched fire footprints",First decision date and observation/publication vintage must be joined; not certified pre-decision,https://www.environment.nsw.gov.au/topics/animals-and-plants/native-vegetation/landcover-science/fire-extent-and-severity-maps,965,AGRN 965 - Severe Tropical Cyclone Seroja (11-12 April 2021),2021-04-11,fesmsource,0,,NOT_EXTRACTED_OR_NOT_CERTIFIED,False,Hazard relevance requires event fire record; NSW FESM is NSW only; other states need their own product
cyclone_wind,Best-track point / station or windfield,storm timestamp,event observation timestamp; not recovered,Best tracks are post-event reanalysis; issuance dates required,Weather observations independent of funding,Track distance is not measured LGA wind damage; retrospective best track may follow approval,First decision date and observation/publication vintage must be joined; not certified pre-decision,https://www.bom.gov.au/cyclone/tropical-cyclone-knowledge-centre/databases/,965,AGRN 965 - Severe Tropical Cyclone Seroja (11-12 April 2021),2021-04-11,bom_tracks,0,,NOT_EXTRACTED_OR_NOT_CERTIFIED,False,Cyclone components only; no claim that track alone measures local wind damage
rainfall,Weather station / gridded rainfall,daily / event accumulation,event observation timestamp; not recovered,BOM observation/product publication audit outstanding,Meteorological measurements independent,"Cyclone archive is a lead, not an extracted all-event rainfall dataset; station completeness required",First decision date and observation/publication vintage must be joined; not certified pre-decision,https://www.bom.gov.au/cyclone/tropical-cyclone-knowledge-centre/databases/,965,AGRN 965 - Severe Tropical Cyclone Seroja (11-12 April 2021),2021-04-11,bom_tracks,0,,NOT_EXTRACTED_OR_NOT_CERTIFIED,False,"Candidate source; event extraction, coverage and cutoff certification still required"
infrastructure_exposed,Dated road/building/asset inventory intersected with footprint,pre-event stock × event,event observation timestamp; not recovered,No common dated asset layer recovered,Pre-event inventory potentially independent,Population/building exposure is not damage; road inventories differ across states,First decision date and observation/publication vintage must be joined; not certified pre-decision,https://www.abs.gov.au/census/guide-census-data/2021-census-product-release-guide,965,AGRN 965 - Severe Tropical Cyclone Seroja (11-12 April 2021),2021-04-11,abs_census_release,0,,NOT_EXTRACTED_OR_NOT_CERTIFIED,False,"Candidate source; event extraction, coverage and cutoff certification still required"
affected_area,Footprint area × LGA,event,event observation timestamp; not recovered,Acquisition-specific dates required,Potentially independent sensor estimate,No uniform all-hazard footprint measure; valid observed zero requires complete coverage,First decision date and observation/publication vintage must be joined; not certified pre-decision,https://knowledge.dea.ga.gov.au/data/product/dea-water-observations-landsat/,965,AGRN 965 - Severe Tropical Cyclone Seroja (11-12 April 2021),2021-04-11,dea_water,0,,NOT_EXTRACTED_OR_NOT_CERTIFIED,False,"Candidate source; event extraction, coverage and cutoff certification still required"
affected_population,Census small area / population grid × footprint,pre-event stock × event,2021-08-10 for Census 2021; choose appropriate prior census,2021 Census first release 2022-06-28; finer products have later releases,Census stock independent; affected estimate depends on valid hazard footprint,Residential population is not people actually displaced; use older vintage before release where needed,First decision date and observation/publication vintage must be joined; not certified pre-decision,https://www.abs.gov.au/census/guide-census-data/2021-census-product-release-guide,965,AGRN 965 - Severe Tropical Cyclone Seroja (11-12 April 2021),2021-04-11,abs_census_release,0,,NOT_EXTRACTED_OR_NOT_CERTIFIED,False,"Candidate source; event extraction, coverage and cutoff certification still required"
houses_damaged_destroyed,Property inspection / council / event totals,time-stamped impact assessment,event observation timestamp; not recovered,Some annual/incident reports; no comparable LGA ledger recovered,Damage assessments potentially independent; grants-approved damage is not,Assessment coverage and revision dates selective; annual event total insufficient for pre-decision LGA vector,First decision date and observation/publication vintage must be joined; not certified pre-decision,https://dfes.wa.gov.au/annualreport2021/wooroloo-bushfire/,965,AGRN 965 - Severe Tropical Cyclone Seroja (11-12 April 2021),2021-04-11,wa950,0,,NOT_EXTRACTED_OR_NOT_CERTIFIED,False,"Candidate source; event extraction, coverage and cutoff certification still required"
evacuations_displacement,Warning polygon / evacuation centre / locality,incident time,event observation timestamp; not recovered,Some incident updates; national consistent historical vector not recovered,Potentially independent operational records,Evacuation order not count of displaced residents; council/event coverage unquantified,First decision date and observation/publication vintage must be joined; not certified pre-decision,https://www.disasterassist.gov.au/Pages/disasters/current-disasters/Tasmania/tasmanian-severe-weather-oct-2022-onwards.aspx,965,AGRN 965 - Severe Tropical Cyclone Seroja (11-12 April 2021),2021-04-11,tas1038,0,,NOT_EXTRACTED_OR_NOT_CERTIFIED,False,"Candidate source; event extraction, coverage and cutoff certification still required"
essential_infrastructure_damage,Asset/site or NIAM recovery domain,assessment time,event observation timestamp; not recovered,State impact requests may hold this; public event-wide availability not established,Only if independently assessed rather than inferred from paid claims,Need pre-decision asset damage and assessment protocol; later reconstruction spending excluded,First decision date and observation/publication vintage must be joined; not certified pre-decision,https://www.nema.gov.au/sites/default/files/2024-08/drfa-2018-guideline-3-category-c-assessment-framework.pdf,965,AGRN 965 - Severe Tropical Cyclone Seroja (11-12 April 2021),2021-04-11,guideline_c,0,,NOT_EXTRACTED_OR_NOT_CERTIFIED,False,"Candidate source; event extraction, coverage and cutoff certification still required"
business_agricultural_impact,Affected enterprise / sector / region,assessment time,event observation timestamp; not recovered,State Category C request/impact evidence not recovered,Potentially independent if includes all assessed businesses; applications selected,Do not use grant recipients or amounts as need; denominator of directly impacted enterprises required,First decision date and observation/publication vintage must be joined; not certified pre-decision,https://www.nema.gov.au/sites/default/files/2024-08/drfa-2018-guideline-3-category-c-assessment-framework.pdf,965,AGRN 965 - Severe Tropical Cyclone Seroja (11-12 April 2021),2021-04-11,guideline_c,0,,NOT_EXTRACTED_OR_NOT_CERTIFIED,False,"Candidate source; event extraction, coverage and cutoff certification still required"
population,LGA / SA1,Census or annual population estimate,Census reference date or pre-event annual estimate,Release-specific; 2021 first release 2022-06-28,Independent baseline structure,"Stock covariate, not event impact; boundary vintage must match",First decision date and observation/publication vintage must be joined; not certified pre-decision,https://www.abs.gov.au/census/guide-census-data/2021-census-product-release-guide,965,AGRN 965 - Severe Tropical Cyclone Seroja (11-12 April 2021),2021-04-11,abs_census_release,0,,NOT_EXTRACTED_OR_NOT_CERTIFIED,False,"Candidate source; event extraction, coverage and cutoff certification still required"
remoteness,ABS Remoteness Areas aggregated to council,ASGS vintage,event observation timestamp; not recovered,Exact selected RA vintage release not audited,Independent baseline structure,SAL documentation is geography lead only; LGA may span multiple remoteness classes; no arbitrary single class,First decision date and observation/publication vintage must be joined; not certified pre-decision,https://www.abs.gov.au/statistics/standards/australian-statistical-geography-standard-asgs/edition-3-july-2021-june-2026/non-abs-structures/suburbs-and-localities,965,AGRN 965 - Severe Tropical Cyclone Seroja (11-12 April 2021),2021-04-11,abs_sal,0,,NOT_EXTRACTED_OR_NOT_CERTIFIED,False,"Candidate source; event extraction, coverage and cutoff certification still required"
socioeconomic_disadvantage,LGA / SA1,2021 Census,2021-08-10,2023-04-27,Independent published baseline,"SEIFA is an existing statistical index, not a new need index; cannot use 2021 for pre-August-2021 onset",First decision date and observation/publication vintage must be joined; not certified pre-decision,https://www.abs.gov.au/statistics/detailed-methodology-information/concepts-sources-methods/socio-economic-indexes-areas-seifa-technical-paper/2021,965,AGRN 965 - Severe Tropical Cyclone Seroja (11-12 April 2021),2021-04-11,seifa2021,0,,NOT_EXTRACTED_OR_NOT_CERTIFIED,False,"Candidate source; event extraction, coverage and cutoff certification still required"
infrastructure_scale,Council / asset class,prior financial year,event observation timestamp; not recovered,Frozen NSW fiscal road km observed; nationwide coverage unresolved,Predisaster road length is separate from disaster loss,NSW fiscal coverage only; differing road scope; use separate classes not combined need score,First decision date and observation/publication vintage must be joined; not certified pre-decision,https://www.abs.gov.au/census/guide-census-data/2021-census-product-release-guide,965,AGRN 965 - Severe Tropical Cyclone Seroja (11-12 April 2021),2021-04-11,abs_census_release,0,,NOT_EXTRACTED_OR_NOT_CERTIFIED,False,"Candidate source; event extraction, coverage and cutoff certification still required"
flood_extent,Landsat pixel then event footprint × LGA,individual satellite acquisition,event observation timestamp; not recovered,Product/scene processing dates not recovered,Physical sensor observations independent of grant decisions,"Cloud, shadow, revisit timing and missed peaks; surface water is not automatically flood damage or maximum extent",First decision date and observation/publication vintage must be joined; not certified pre-decision,https://knowledge.dea.ga.gov.au/data/product/dea-water-observations-landsat/,984,AGRN 984 - SA State-wide Storms (28 October 2021 onwards),2021-10-28,dea_water,0,,NOT_EXTRACTED_OR_NOT_CERTIFIED,False,"Candidate source; event extraction, coverage and cutoff certification still required"
flood_depth,Depth surface / asset site,event peak,event observation timestamp; not recovered,No verified consistent national event-depth source,Would be independent if modelled from hydrology without grant outcomes,DEA surface-water classification does not measure depth; elevation/hydraulic model and validation required,First decision date and observation/publication vintage must be joined; not certified pre-decision,https://knowledge.dea.ga.gov.au/data/product/dea-water-observations-landsat/,984,AGRN 984 - SA State-wide Storms (28 October 2021 onwards),2021-10-28,dea_water,0,,NOT_EXTRACTED_OR_NOT_CERTIFIED,False,"Candidate source; event extraction, coverage and cutoff certification still required"
fire_extent_severity,"NSW mapped fire polygons/pixels, then LGA",fire / seasonal mapped release,event observation timestamp; not recovered,Seasonal reports; event-specific release dates unresolved,Remote sensing independent of assistance,"NSW-only, seasonal aggregates must not be assigned to a single AGRN; other states need matched fire footprints",First decision date and observation/publication vintage must be joined; not certified pre-decision,https://www.environment.nsw.gov.au/topics/animals-and-plants/native-vegetation/landcover-science/fire-extent-and-severity-maps,984,AGRN 984 - SA State-wide Storms (28 October 2021 onwards),2021-10-28,fesmsource,0,,NOT_EXTRACTED_OR_NOT_CERTIFIED,False,Hazard relevance requires event fire record; NSW FESM is NSW only; other states need their own product
cyclone_wind,Best-track point / station or windfield,storm timestamp,event observation timestamp; not recovered,Best tracks are post-event reanalysis; issuance dates required,Weather observations independent of funding,Track distance is not measured LGA wind damage; retrospective best track may follow approval,First decision date and observation/publication vintage must be joined; not certified pre-decision,https://www.bom.gov.au/cyclone/tropical-cyclone-knowledge-centre/databases/,984,AGRN 984 - SA State-wide Storms (28 October 2021 onwards),2021-10-28,bom_tracks,0,,NOT_EXTRACTED_OR_NOT_CERTIFIED,False,Cyclone components only; no claim that track alone measures local wind damage
rainfall,Weather station / gridded rainfall,daily / event accumulation,event observation timestamp; not recovered,BOM observation/product publication audit outstanding,Meteorological measurements independent,"Cyclone archive is a lead, not an extracted all-event rainfall dataset; station completeness required",First decision date and observation/publication vintage must be joined; not certified pre-decision,https://www.bom.gov.au/cyclone/tropical-cyclone-knowledge-centre/databases/,984,AGRN 984 - SA State-wide Storms (28 October 2021 onwards),2021-10-28,bom_tracks,0,,NOT_EXTRACTED_OR_NOT_CERTIFIED,False,"Candidate source; event extraction, coverage and cutoff certification still required"
infrastructure_exposed,Dated road/building/asset inventory intersected with footprint,pre-event stock × event,event observation timestamp; not recovered,No common dated asset layer recovered,Pre-event inventory potentially independent,Population/building exposure is not damage; road inventories differ across states,First decision date and observation/publication vintage must be joined; not certified pre-decision,https://www.abs.gov.au/census/guide-census-data/2021-census-product-release-guide,984,AGRN 984 - SA State-wide Storms (28 October 2021 onwards),2021-10-28,abs_census_release,0,,NOT_EXTRACTED_OR_NOT_CERTIFIED,False,"Candidate source; event extraction, coverage and cutoff certification still required"
affected_area,Footprint area × LGA,event,event observation timestamp; not recovered,Acquisition-specific dates required,Potentially independent sensor estimate,No uniform all-hazard footprint measure; valid observed zero requires complete coverage,First decision date and observation/publication vintage must be joined; not certified pre-decision,https://knowledge.dea.ga.gov.au/data/product/dea-water-observations-landsat/,984,AGRN 984 - SA State-wide Storms (28 October 2021 onwards),2021-10-28,dea_water,0,,NOT_EXTRACTED_OR_NOT_CERTIFIED,False,"Candidate source; event extraction, coverage and cutoff certification still required"
affected_population,Census small area / population grid × footprint,pre-event stock × event,2021-08-10 for Census 2021; choose appropriate prior census,2021 Census first release 2022-06-28; finer products have later releases,Census stock independent; affected estimate depends on valid hazard footprint,Residential population is not people actually displaced; use older vintage before release where needed,First decision date and observation/publication vintage must be joined; not certified pre-decision,https://www.abs.gov.au/census/guide-census-data/2021-census-product-release-guide,984,AGRN 984 - SA State-wide Storms (28 October 2021 onwards),2021-10-28,abs_census_release,0,,NOT_EXTRACTED_OR_NOT_CERTIFIED,False,"Candidate source; event extraction, coverage and cutoff certification still required"
houses_damaged_destroyed,Property inspection / council / event totals,time-stamped impact assessment,event observation timestamp; not recovered,Some annual/incident reports; no comparable LGA ledger recovered,Damage assessments potentially independent; grants-approved damage is not,Assessment coverage and revision dates selective; annual event total insufficient for pre-decision LGA vector,First decision date and observation/publication vintage must be joined; not certified pre-decision,https://dfes.wa.gov.au/annualreport2021/wooroloo-bushfire/,984,AGRN 984 - SA State-wide Storms (28 October 2021 onwards),2021-10-28,wa950,0,,NOT_EXTRACTED_OR_NOT_CERTIFIED,False,"Candidate source; event extraction, coverage and cutoff certification still required"
evacuations_displacement,Warning polygon / evacuation centre / locality,incident time,event observation timestamp; not recovered,Some incident updates; national consistent historical vector not recovered,Potentially independent operational records,Evacuation order not count of displaced residents; council/event coverage unquantified,First decision date and observation/publication vintage must be joined; not certified pre-decision,https://www.disasterassist.gov.au/Pages/disasters/current-disasters/Tasmania/tasmanian-severe-weather-oct-2022-onwards.aspx,984,AGRN 984 - SA State-wide Storms (28 October 2021 onwards),2021-10-28,tas1038,0,,NOT_EXTRACTED_OR_NOT_CERTIFIED,False,"Candidate source; event extraction, coverage and cutoff certification still required"
essential_infrastructure_damage,Asset/site or NIAM recovery domain,assessment time,event observation timestamp; not recovered,State impact requests may hold this; public event-wide availability not established,Only if independently assessed rather than inferred from paid claims,Need pre-decision asset damage and assessment protocol; later reconstruction spending excluded,First decision date and observation/publication vintage must be joined; not certified pre-decision,https://www.nema.gov.au/sites/default/files/2024-08/drfa-2018-guideline-3-category-c-assessment-framework.pdf,984,AGRN 984 - SA State-wide Storms (28 October 2021 onwards),2021-10-28,guideline_c,0,,NOT_EXTRACTED_OR_NOT_CERTIFIED,False,"Candidate source; event extraction, coverage and cutoff certification still required"
business_agricultural_impact,Affected enterprise / sector / region,assessment time,event observation timestamp; not recovered,State Category C request/impact evidence not recovered,Potentially independent if includes all assessed businesses; applications selected,Do not use grant recipients or amounts as need; denominator of directly impacted enterprises required,First decision date and observation/publication vintage must be joined; not certified pre-decision,https://www.nema.gov.au/sites/default/files/2024-08/drfa-2018-guideline-3-category-c-assessment-framework.pdf,984,AGRN 984 - SA State-wide Storms (28 October 2021 onwards),2021-10-28,guideline_c,0,,NOT_EXTRACTED_OR_NOT_CERTIFIED,False,"Candidate source; event extraction, coverage and cutoff certification still required"
population,LGA / SA1,Census or annual population estimate,Census reference date or pre-event annual estimate,Release-specific; 2021 first release 2022-06-28,Independent baseline structure,"Stock covariate, not event impact; boundary vintage must match",First decision date and observation/publication vintage must be joined; not certified pre-decision,https://www.abs.gov.au/census/guide-census-data/2021-census-product-release-guide,984,AGRN 984 - SA State-wide Storms (28 October 2021 onwards),2021-10-28,abs_census_release,0,,NOT_EXTRACTED_OR_NOT_CERTIFIED,False,"Candidate source; event extraction, coverage and cutoff certification still required"
remoteness,ABS Remoteness Areas aggregated to council,ASGS vintage,event observation timestamp; not recovered,Exact selected RA vintage release not audited,Independent baseline structure,SAL documentation is geography lead only; LGA may span multiple remoteness classes; no arbitrary single class,First decision date and observation/publication vintage must be joined; not certified pre-decision,https://www.abs.gov.au/statistics/standards/australian-statistical-geography-standard-asgs/edition-3-july-2021-june-2026/non-abs-structures/suburbs-and-localities,984,AGRN 984 - SA State-wide Storms (28 October 2021 onwards),2021-10-28,abs_sal,0,,NOT_EXTRACTED_OR_NOT_CERTIFIED,False,"Candidate source; event extraction, coverage and cutoff certification still required"
socioeconomic_disadvantage,LGA / SA1,2021 Census,2021-08-10,2023-04-27,Independent published baseline,"SEIFA is an existing statistical index, not a new need index; cannot use 2021 for pre-August-2021 onset",First decision date and observation/publication vintage must be joined; not certified pre-decision,https://www.abs.gov.au/statistics/detailed-methodology-information/concepts-sources-methods/socio-economic-indexes-areas-seifa-technical-paper/2021,984,AGRN 984 - SA State-wide Storms (28 October 2021 onwards),2021-10-28,seifa2021,0,,NOT_EXTRACTED_OR_NOT_CERTIFIED,False,"Candidate source; event extraction, coverage and cutoff certification still required"
infrastructure_scale,Council / asset class,prior financial year,event observation timestamp; not recovered,Frozen NSW fiscal road km observed; nationwide coverage unresolved,Predisaster road length is separate from disaster loss,NSW fiscal coverage only; differing road scope; use separate classes not combined need score,First decision date and observation/publication vintage must be joined; not certified pre-decision,https://www.abs.gov.au/census/guide-census-data/2021-census-product-release-guide,984,AGRN 984 - SA State-wide Storms (28 October 2021 onwards),2021-10-28,abs_census_release,0,,NOT_EXTRACTED_OR_NOT_CERTIFIED,False,"Candidate source; event extraction, coverage and cutoff certification still required"
flood_extent,Landsat pixel then event footprint × LGA,individual satellite acquisition,event observation timestamp; not recovered,Product/scene processing dates not recovered,Physical sensor observations independent of grant decisions,"Cloud, shadow, revisit timing and missed peaks; surface water is not automatically flood damage or maximum extent",First decision date and observation/publication vintage must be joined; not certified pre-decision,https://knowledge.dea.ga.gov.au/data/product/dea-water-observations-landsat/,986,"AGRN 986 - QLD - Central, Southern and Western Queensland Rainfall and Flooding (10 Nov - 3 Dec 2021)",2021-11-10,dea_water,0,,NOT_EXTRACTED_OR_NOT_CERTIFIED,False,"Candidate source; event extraction, coverage and cutoff certification still required"
flood_depth,Depth surface / asset site,event peak,event observation timestamp; not recovered,No verified consistent national event-depth source,Would be independent if modelled from hydrology without grant outcomes,DEA surface-water classification does not measure depth; elevation/hydraulic model and validation required,First decision date and observation/publication vintage must be joined; not certified pre-decision,https://knowledge.dea.ga.gov.au/data/product/dea-water-observations-landsat/,986,"AGRN 986 - QLD - Central, Southern and Western Queensland Rainfall and Flooding (10 Nov - 3 Dec 2021)",2021-11-10,dea_water,0,,NOT_EXTRACTED_OR_NOT_CERTIFIED,False,"Candidate source; event extraction, coverage and cutoff certification still required"
fire_extent_severity,"NSW mapped fire polygons/pixels, then LGA",fire / seasonal mapped release,event observation timestamp; not recovered,Seasonal reports; event-specific release dates unresolved,Remote sensing independent of assistance,"NSW-only, seasonal aggregates must not be assigned to a single AGRN; other states need matched fire footprints",First decision date and observation/publication vintage must be joined; not certified pre-decision,https://www.environment.nsw.gov.au/topics/animals-and-plants/native-vegetation/landcover-science/fire-extent-and-severity-maps,986,"AGRN 986 - QLD - Central, Southern and Western Queensland Rainfall and Flooding (10 Nov - 3 Dec 2021)",2021-11-10,fesmsource,0,,NOT_EXTRACTED_OR_NOT_CERTIFIED,False,Hazard relevance requires event fire record; NSW FESM is NSW only; other states need their own product
cyclone_wind,Best-track point / station or windfield,storm timestamp,event observation timestamp; not recovered,Best tracks are post-event reanalysis; issuance dates required,Weather observations independent of funding,Track distance is not measured LGA wind damage; retrospective best track may follow approval,First decision date and observation/publication vintage must be joined; not certified pre-decision,https://www.bom.gov.au/cyclone/tropical-cyclone-knowledge-centre/databases/,986,"AGRN 986 - QLD - Central, Southern and Western Queensland Rainfall and Flooding (10 Nov - 3 Dec 2021)",2021-11-10,bom_tracks,0,,NOT_EXTRACTED_OR_NOT_CERTIFIED,False,Cyclone components only; no claim that track alone measures local wind damage
rainfall,Weather station / gridded rainfall,daily / event accumulation,event observation timestamp; not recovered,BOM observation/product publication audit outstanding,Meteorological measurements independent,"Cyclone archive is a lead, not an extracted all-event rainfall dataset; station completeness required",First decision date and observation/publication vintage must be joined; not certified pre-decision,https://www.bom.gov.au/cyclone/tropical-cyclone-knowledge-centre/databases/,986,"AGRN 986 - QLD - Central, Southern and Western Queensland Rainfall and Flooding (10 Nov - 3 Dec 2021)",2021-11-10,bom_tracks,0,,NOT_EXTRACTED_OR_NOT_CERTIFIED,False,"Candidate source; event extraction, coverage and cutoff certification still required"
infrastructure_exposed,Dated road/building/asset inventory intersected with footprint,pre-event stock × event,event observation timestamp; not recovered,No common dated asset layer recovered,Pre-event inventory potentially independent,Population/building exposure is not damage; road inventories differ across states,First decision date and observation/publication vintage must be joined; not certified pre-decision,https://www.abs.gov.au/census/guide-census-data/2021-census-product-release-guide,986,"AGRN 986 - QLD - Central, Southern and Western Queensland Rainfall and Flooding (10 Nov - 3 Dec 2021)",2021-11-10,abs_census_release,0,,NOT_EXTRACTED_OR_NOT_CERTIFIED,False,"Candidate source; event extraction, coverage and cutoff certification still required"
affected_area,Footprint area × LGA,event,event observation timestamp; not recovered,Acquisition-specific dates required,Potentially independent sensor estimate,No uniform all-hazard footprint measure; valid observed zero requires complete coverage,First decision date and observation/publication vintage must be joined; not certified pre-decision,https://knowledge.dea.ga.gov.au/data/product/dea-water-observations-landsat/,986,"AGRN 986 - QLD - Central, Southern and Western Queensland Rainfall and Flooding (10 Nov - 3 Dec 2021)",2021-11-10,dea_water,0,,NOT_EXTRACTED_OR_NOT_CERTIFIED,False,"Candidate source; event extraction, coverage and cutoff certification still required"
affected_population,Census small area / population grid × footprint,pre-event stock × event,2021-08-10 for Census 2021; choose appropriate prior census,2021 Census first release 2022-06-28; finer products have later releases,Census stock independent; affected estimate depends on valid hazard footprint,Residential population is not people actually displaced; use older vintage before release where needed,First decision date and observation/publication vintage must be joined; not certified pre-decision,https://www.abs.gov.au/census/guide-census-data/2021-census-product-release-guide,986,"AGRN 986 - QLD - Central, Southern and Western Queensland Rainfall and Flooding (10 Nov - 3 Dec 2021)",2021-11-10,abs_census_release,0,,NOT_EXTRACTED_OR_NOT_CERTIFIED,False,"Candidate source; event extraction, coverage and cutoff certification still required"
houses_damaged_destroyed,Property inspection / council / event totals,time-stamped impact assessment,event observation timestamp; not recovered,Some annual/incident reports; no comparable LGA ledger recovered,Damage assessments potentially independent; grants-approved damage is not,Assessment coverage and revision dates selective; annual event total insufficient for pre-decision LGA vector,First decision date and observation/publication vintage must be joined; not certified pre-decision,https://dfes.wa.gov.au/annualreport2021/wooroloo-bushfire/,986,"AGRN 986 - QLD - Central, Southern and Western Queensland Rainfall and Flooding (10 Nov - 3 Dec 2021)",2021-11-10,wa950,0,,NOT_EXTRACTED_OR_NOT_CERTIFIED,False,"Candidate source; event extraction, coverage and cutoff certification still required"
evacuations_displacement,Warning polygon / evacuation centre / locality,incident time,event observation timestamp; not recovered,Some incident updates; national consistent historical vector not recovered,Potentially independent operational records,Evacuation order not count of displaced residents; council/event coverage unquantified,First decision date and observation/publication vintage must be joined; not certified pre-decision,https://www.disasterassist.gov.au/Pages/disasters/current-disasters/Tasmania/tasmanian-severe-weather-oct-2022-onwards.aspx,986,"AGRN 986 - QLD - Central, Southern and Western Queensland Rainfall and Flooding (10 Nov - 3 Dec 2021)",2021-11-10,tas1038,0,,NOT_EXTRACTED_OR_NOT_CERTIFIED,False,"Candidate source; event extraction, coverage and cutoff certification still required"
essential_infrastructure_damage,Asset/site or NIAM recovery domain,assessment time,event observation timestamp; not recovered,State impact requests may hold this; public event-wide availability not established,Only if independently assessed rather than inferred from paid claims,Need pre-decision asset damage and assessment protocol; later reconstruction spending excluded,First decision date and observation/publication vintage must be joined; not certified pre-decision,https://www.nema.gov.au/sites/default/files/2024-08/drfa-2018-guideline-3-category-c-assessment-framework.pdf,986,"AGRN 986 - QLD - Central, Southern and Western Queensland Rainfall and Flooding (10 Nov - 3 Dec 2021)",2021-11-10,guideline_c,0,,NOT_EXTRACTED_OR_NOT_CERTIFIED,False,"Candidate source; event extraction, coverage and cutoff certification still required"
business_agricultural_impact,Affected enterprise / sector / region,assessment time,event observation timestamp; not recovered,State Category C request/impact evidence not recovered,Potentially independent if includes all assessed businesses; applications selected,Do not use grant recipients or amounts as need; denominator of directly impacted enterprises required,First decision date and observation/publication vintage must be joined; not certified pre-decision,https://www.nema.gov.au/sites/default/files/2024-08/drfa-2018-guideline-3-category-c-assessment-framework.pdf,986,"AGRN 986 - QLD - Central, Southern and Western Queensland Rainfall and Flooding (10 Nov - 3 Dec 2021)",2021-11-10,guideline_c,0,,NOT_EXTRACTED_OR_NOT_CERTIFIED,False,"Candidate source; event extraction, coverage and cutoff certification still required"
population,LGA / SA1,Census or annual population estimate,Census reference date or pre-event annual estimate,Release-specific; 2021 first release 2022-06-28,Independent baseline structure,"Stock covariate, not event impact; boundary vintage must match",First decision date and observation/publication vintage must be joined; not certified pre-decision,https://www.abs.gov.au/census/guide-census-data/2021-census-product-release-guide,986,"AGRN 986 - QLD - Central, Southern and Western Queensland Rainfall and Flooding (10 Nov - 3 Dec 2021)",2021-11-10,abs_census_release,0,,NOT_EXTRACTED_OR_NOT_CERTIFIED,False,"Candidate source; event extraction, coverage and cutoff certification still required"
remoteness,ABS Remoteness Areas aggregated to council,ASGS vintage,event observation timestamp; not recovered,Exact selected RA vintage release not audited,Independent baseline structure,SAL documentation is geography lead only; LGA may span multiple remoteness classes; no arbitrary single class,First decision date and observation/publication vintage must be joined; not certified pre-decision,https://www.abs.gov.au/statistics/standards/australian-statistical-geography-standard-asgs/edition-3-july-2021-june-2026/non-abs-structures/suburbs-and-localities,986,"AGRN 986 - QLD - Central, Southern and Western Queensland Rainfall and Flooding (10 Nov - 3 Dec 2021)",2021-11-10,abs_sal,0,,NOT_EXTRACTED_OR_NOT_CERTIFIED,False,"Candidate source; event extraction, coverage and cutoff certification still required"
socioeconomic_disadvantage,LGA / SA1,2021 Census,2021-08-10,2023-04-27,Independent published baseline,"SEIFA is an existing statistical index, not a new need index; cannot use 2021 for pre-August-2021 onset",First decision date and observation/publication vintage must be joined; not certified pre-decision,https://www.abs.gov.au/statistics/detailed-methodology-information/concepts-sources-methods/socio-economic-indexes-areas-seifa-technical-paper/2021,986,"AGRN 986 - QLD - Central, Southern and Western Queensland Rainfall and Flooding (10 Nov - 3 Dec 2021)",2021-11-10,seifa2021,0,,NOT_EXTRACTED_OR_NOT_CERTIFIED,False,"Candidate source; event extraction, coverage and cutoff certification still required"
infrastructure_scale,Council / asset class,prior financial year,event observation timestamp; not recovered,Frozen NSW fiscal road km observed; nationwide coverage unresolved,Predisaster road length is separate from disaster loss,NSW fiscal coverage only; differing road scope; use separate classes not combined need score,First decision date and observation/publication vintage must be joined; not certified pre-decision,https://www.abs.gov.au/census/guide-census-data/2021-census-product-release-guide,986,"AGRN 986 - QLD - Central, Southern and Western Queensland Rainfall and Flooding (10 Nov - 3 Dec 2021)",2021-11-10,abs_census_release,0,,NOT_EXTRACTED_OR_NOT_CERTIFIED,False,"Candidate source; event extraction, coverage and cutoff certification still required"
flood_extent,Landsat pixel then event footprint × LGA,individual satellite acquisition,event observation timestamp; not recovered,Product/scene processing dates not recovered,Physical sensor observations independent of grant decisions,"Cloud, shadow, revisit timing and missed peaks; surface water is not automatically flood damage or maximum extent",First decision date and observation/publication vintage must be joined; not certified pre-decision,https://knowledge.dea.ga.gov.au/data/product/dea-water-observations-landsat/,994,AGRN 994 - QLD - Ex Tropical Cyclone Seth (7-10 January 2022),2022-01-07,dea_water,0,,NOT_EXTRACTED_OR_NOT_CERTIFIED,False,"Candidate source; event extraction, coverage and cutoff certification still required"
flood_depth,Depth surface / asset site,event peak,event observation timestamp; not recovered,No verified consistent national event-depth source,Would be independent if modelled from hydrology without grant outcomes,DEA surface-water classification does not measure depth; elevation/hydraulic model and validation required,First decision date and observation/publication vintage must be joined; not certified pre-decision,https://knowledge.dea.ga.gov.au/data/product/dea-water-observations-landsat/,994,AGRN 994 - QLD - Ex Tropical Cyclone Seth (7-10 January 2022),2022-01-07,dea_water,0,,NOT_EXTRACTED_OR_NOT_CERTIFIED,False,"Candidate source; event extraction, coverage and cutoff certification still required"
fire_extent_severity,"NSW mapped fire polygons/pixels, then LGA",fire / seasonal mapped release,event observation timestamp; not recovered,Seasonal reports; event-specific release dates unresolved,Remote sensing independent of assistance,"NSW-only, seasonal aggregates must not be assigned to a single AGRN; other states need matched fire footprints",First decision date and observation/publication vintage must be joined; not certified pre-decision,https://www.environment.nsw.gov.au/topics/animals-and-plants/native-vegetation/landcover-science/fire-extent-and-severity-maps,994,AGRN 994 - QLD - Ex Tropical Cyclone Seth (7-10 January 2022),2022-01-07,fesmsource,0,,NOT_EXTRACTED_OR_NOT_CERTIFIED,False,Hazard relevance requires event fire record; NSW FESM is NSW only; other states need their own product
cyclone_wind,Best-track point / station or windfield,storm timestamp,event observation timestamp; not recovered,Best tracks are post-event reanalysis; issuance dates required,Weather observations independent of funding,Track distance is not measured LGA wind damage; retrospective best track may follow approval,First decision date and observation/publication vintage must be joined; not certified pre-decision,https://www.bom.gov.au/cyclone/tropical-cyclone-knowledge-centre/databases/,994,AGRN 994 - QLD - Ex Tropical Cyclone Seth (7-10 January 2022),2022-01-07,bom_tracks,0,,NOT_EXTRACTED_OR_NOT_CERTIFIED,False,Cyclone components only; no claim that track alone measures local wind damage
rainfall,Weather station / gridded rainfall,daily / event accumulation,event observation timestamp; not recovered,BOM observation/product publication audit outstanding,Meteorological measurements independent,"Cyclone archive is a lead, not an extracted all-event rainfall dataset; station completeness required",First decision date and observation/publication vintage must be joined; not certified pre-decision,https://www.bom.gov.au/cyclone/tropical-cyclone-knowledge-centre/databases/,994,AGRN 994 - QLD - Ex Tropical Cyclone Seth (7-10 January 2022),2022-01-07,bom_tracks,0,,NOT_EXTRACTED_OR_NOT_CERTIFIED,False,"Candidate source; event extraction, coverage and cutoff certification still required"
infrastructure_exposed,Dated road/building/asset inventory intersected with footprint,pre-event stock × event,event observation timestamp; not recovered,No common dated asset layer recovered,Pre-event inventory potentially independent,Population/building exposure is not damage; road inventories differ across states,First decision date and observation/publication vintage must be joined; not certified pre-decision,https://www.abs.gov.au/census/guide-census-data/2021-census-product-release-guide,994,AGRN 994 - QLD - Ex Tropical Cyclone Seth (7-10 January 2022),2022-01-07,abs_census_release,0,,NOT_EXTRACTED_OR_NOT_CERTIFIED,False,"Candidate source; event extraction, coverage and cutoff certification still required"
affected_area,Footprint area × LGA,event,event observation timestamp; not recovered,Acquisition-specific dates required,Potentially independent sensor estimate,No uniform all-hazard footprint measure; valid observed zero requires complete coverage,First decision date and observation/publication vintage must be joined; not certified pre-decision,https://knowledge.dea.ga.gov.au/data/product/dea-water-observations-landsat/,994,AGRN 994 - QLD - Ex Tropical Cyclone Seth (7-10 January 2022),2022-01-07,dea_water,0,,NOT_EXTRACTED_OR_NOT_CERTIFIED,False,"Candidate source; event extraction, coverage and cutoff certification still required"
affected_population,Census small area / population grid × footprint,pre-event stock × event,2021-08-10 for Census 2021; choose appropriate prior census,2021 Census first release 2022-06-28; finer products have later releases,Census stock independent; affected estimate depends on valid hazard footprint,Residential population is not people actually displaced; use older vintage before release where needed,First decision date and observation/publication vintage must be joined; not certified pre-decision,https://www.abs.gov.au/census/guide-census-data/2021-census-product-release-guide,994,AGRN 994 - QLD - Ex Tropical Cyclone Seth (7-10 January 2022),2022-01-07,abs_census_release,0,,NOT_EXTRACTED_OR_NOT_CERTIFIED,False,"Candidate source; event extraction, coverage and cutoff certification still required"
houses_damaged_destroyed,Property inspection / council / event totals,time-stamped impact assessment,event observation timestamp; not recovered,Some annual/incident reports; no comparable LGA ledger recovered,Damage assessments potentially independent; grants-approved damage is not,Assessment coverage and revision dates selective; annual event total insufficient for pre-decision LGA vector,First decision date and observation/publication vintage must be joined; not certified pre-decision,https://dfes.wa.gov.au/annualreport2021/wooroloo-bushfire/,994,AGRN 994 - QLD - Ex Tropical Cyclone Seth (7-10 January 2022),2022-01-07,wa950,0,,NOT_EXTRACTED_OR_NOT_CERTIFIED,False,"Candidate source; event extraction, coverage and cutoff certification still required"
evacuations_displacement,Warning polygon / evacuation centre / locality,incident time,event observation timestamp; not recovered,Some incident updates; national consistent historical vector not recovered,Potentially independent operational records,Evacuation order not count of displaced residents; council/event coverage unquantified,First decision date and observation/publication vintage must be joined; not certified pre-decision,https://www.disasterassist.gov.au/Pages/disasters/current-disasters/Tasmania/tasmanian-severe-weather-oct-2022-onwards.aspx,994,AGRN 994 - QLD - Ex Tropical Cyclone Seth (7-10 January 2022),2022-01-07,tas1038,0,,NOT_EXTRACTED_OR_NOT_CERTIFIED,False,"Candidate source; event extraction, coverage and cutoff certification still required"
essential_infrastructure_damage,Asset/site or NIAM recovery domain,assessment time,event observation timestamp; not recovered,State impact requests may hold this; public event-wide availability not established,Only if independently assessed rather than inferred from paid claims,Need pre-decision asset damage and assessment protocol; later reconstruction spending excluded,First decision date and observation/publication vintage must be joined; not certified pre-decision,https://www.nema.gov.au/sites/default/files/2024-08/drfa-2018-guideline-3-category-c-assessment-framework.pdf,994,AGRN 994 - QLD - Ex Tropical Cyclone Seth (7-10 January 2022),2022-01-07,guideline_c,0,,NOT_EXTRACTED_OR_NOT_CERTIFIED,False,"Candidate source; event extraction, coverage and cutoff certification still required"
business_agricultural_impact,Affected enterprise / sector / region,assessment time,event observation timestamp; not recovered,State Category C request/impact evidence not recovered,Potentially independent if includes all assessed businesses; applications selected,Do not use grant recipients or amounts as need; denominator of directly impacted enterprises required,First decision date and observation/publication vintage must be joined; not certified pre-decision,https://www.nema.gov.au/sites/default/files/2024-08/drfa-2018-guideline-3-category-c-assessment-framework.pdf,994,AGRN 994 - QLD - Ex Tropical Cyclone Seth (7-10 January 2022),2022-01-07,guideline_c,0,,NOT_EXTRACTED_OR_NOT_CERTIFIED,False,"Candidate source; event extraction, coverage and cutoff certification still required"
population,LGA / SA1,Census or annual population estimate,Census reference date or pre-event annual estimate,Release-specific; 2021 first release 2022-06-28,Independent baseline structure,"Stock covariate, not event impact; boundary vintage must match",First decision date and observation/publication vintage must be joined; not certified pre-decision,https://www.abs.gov.au/census/guide-census-data/2021-census-product-release-guide,994,AGRN 994 - QLD - Ex Tropical Cyclone Seth (7-10 January 2022),2022-01-07,abs_census_release,0,,NOT_EXTRACTED_OR_NOT_CERTIFIED,False,"Candidate source; event extraction, coverage and cutoff certification still required"
remoteness,ABS Remoteness Areas aggregated to council,ASGS vintage,event observation timestamp; not recovered,Exact selected RA vintage release not audited,Independent baseline structure,SAL documentation is geography lead only; LGA may span multiple remoteness classes; no arbitrary single class,First decision date and observation/publication vintage must be joined; not certified pre-decision,https://www.abs.gov.au/statistics/standards/australian-statistical-geography-standard-asgs/edition-3-july-2021-june-2026/non-abs-structures/suburbs-and-localities,994,AGRN 994 - QLD - Ex Tropical Cyclone Seth (7-10 January 2022),2022-01-07,abs_sal,0,,NOT_EXTRACTED_OR_NOT_CERTIFIED,False,"Candidate source; event extraction, coverage and cutoff certification still required"
socioeconomic_disadvantage,LGA / SA1,2021 Census,2021-08-10,2023-04-27,Independent published baseline,"SEIFA is an existing statistical index, not a new need index; cannot use 2021 for pre-August-2021 onset",First decision date and observation/publication vintage must be joined; not certified pre-decision,https://www.abs.gov.au/statistics/detailed-methodology-information/concepts-sources-methods/socio-economic-indexes-areas-seifa-technical-paper/2021,994,AGRN 994 - QLD - Ex Tropical Cyclone Seth (7-10 January 2022),2022-01-07,seifa2021,0,,NOT_EXTRACTED_OR_NOT_CERTIFIED,False,"Candidate source; event extraction, coverage and cutoff certification still required"
infrastructure_scale,Council / asset class,prior financial year,event observation timestamp; not recovered,Frozen NSW fiscal road km observed; nationwide coverage unresolved,Predisaster road length is separate from disaster loss,NSW fiscal coverage only; differing road scope; use separate classes not combined need score,First decision date and observation/publication vintage must be joined; not certified pre-decision,https://www.abs.gov.au/census/guide-census-data/2021-census-product-release-guide,994,AGRN 994 - QLD - Ex Tropical Cyclone Seth (7-10 January 2022),2022-01-07,abs_census_release,0,,NOT_EXTRACTED_OR_NOT_CERTIFIED,False,"Candidate source; event extraction, coverage and cutoff certification still required"
flood_extent,Landsat pixel then event footprint × LGA,individual satellite acquisition,event observation timestamp; not recovered,Product/scene processing dates not recovered,Physical sensor observations independent of grant decisions,"Cloud, shadow, revisit timing and missed peaks; surface water is not automatically flood damage or maximum extent",First decision date and observation/publication vintage must be joined; not certified pre-decision,https://knowledge.dea.ga.gov.au/data/product/dea-water-observations-landsat/,1011,AGRN 1011 - South East Queensland Rainfall and Flooding (22 February - 5 April 2022),2022-02-22,dea_water,0,,NOT_EXTRACTED_OR_NOT_CERTIFIED,False,"Candidate source; event extraction, coverage and cutoff certification still required"
flood_depth,Depth surface / asset site,event peak,event observation timestamp; not recovered,No verified consistent national event-depth source,Would be independent if modelled from hydrology without grant outcomes,DEA surface-water classification does not measure depth; elevation/hydraulic model and validation required,First decision date and observation/publication vintage must be joined; not certified pre-decision,https://knowledge.dea.ga.gov.au/data/product/dea-water-observations-landsat/,1011,AGRN 1011 - South East Queensland Rainfall and Flooding (22 February - 5 April 2022),2022-02-22,dea_water,0,,NOT_EXTRACTED_OR_NOT_CERTIFIED,False,"Candidate source; event extraction, coverage and cutoff certification still required"
fire_extent_severity,"NSW mapped fire polygons/pixels, then LGA",fire / seasonal mapped release,event observation timestamp; not recovered,Seasonal reports; event-specific release dates unresolved,Remote sensing independent of assistance,"NSW-only, seasonal aggregates must not be assigned to a single AGRN; other states need matched fire footprints",First decision date and observation/publication vintage must be joined; not certified pre-decision,https://www.environment.nsw.gov.au/topics/animals-and-plants/native-vegetation/landcover-science/fire-extent-and-severity-maps,1011,AGRN 1011 - South East Queensland Rainfall and Flooding (22 February - 5 April 2022),2022-02-22,fesmsource,0,,NOT_EXTRACTED_OR_NOT_CERTIFIED,False,Hazard relevance requires event fire record; NSW FESM is NSW only; other states need their own product
cyclone_wind,Best-track point / station or windfield,storm timestamp,event observation timestamp; not recovered,Best tracks are post-event reanalysis; issuance dates required,Weather observations independent of funding,Track distance is not measured LGA wind damage; retrospective best track may follow approval,First decision date and observation/publication vintage must be joined; not certified pre-decision,https://www.bom.gov.au/cyclone/tropical-cyclone-knowledge-centre/databases/,1011,AGRN 1011 - South East Queensland Rainfall and Flooding (22 February - 5 April 2022),2022-02-22,bom_tracks,0,,NOT_EXTRACTED_OR_NOT_CERTIFIED,False,Cyclone components only; no claim that track alone measures local wind damage
rainfall,Weather station / gridded rainfall,daily / event accumulation,event observation timestamp; not recovered,BOM observation/product publication audit outstanding,Meteorological measurements independent,"Cyclone archive is a lead, not an extracted all-event rainfall dataset; station completeness required",First decision date and observation/publication vintage must be joined; not certified pre-decision,https://www.bom.gov.au/cyclone/tropical-cyclone-knowledge-centre/databases/,1011,AGRN 1011 - South East Queensland Rainfall and Flooding (22 February - 5 April 2022),2022-02-22,bom_tracks,0,,NOT_EXTRACTED_OR_NOT_CERTIFIED,False,"Candidate source; event extraction, coverage and cutoff certification still required"
infrastructure_exposed,Dated road/building/asset inventory intersected with footprint,pre-event stock × event,event observation timestamp; not recovered,No common dated asset layer recovered,Pre-event inventory potentially independent,Population/building exposure is not damage; road inventories differ across states,First decision date and observation/publication vintage must be joined; not certified pre-decision,https://www.abs.gov.au/census/guide-census-data/2021-census-product-release-guide,1011,AGRN 1011 - South East Queensland Rainfall and Flooding (22 February - 5 April 2022),2022-02-22,abs_census_release,0,,NOT_EXTRACTED_OR_NOT_CERTIFIED,False,"Candidate source; event extraction, coverage and cutoff certification still required"
affected_area,Footprint area × LGA,event,event observation timestamp; not recovered,Acquisition-specific dates required,Potentially independent sensor estimate,No uniform all-hazard footprint measure; valid observed zero requires complete coverage,First decision date and observation/publication vintage must be joined; not certified pre-decision,https://knowledge.dea.ga.gov.au/data/product/dea-water-observations-landsat/,1011,AGRN 1011 - South East Queensland Rainfall and Flooding (22 February - 5 April 2022),2022-02-22,dea_water,0,,NOT_EXTRACTED_OR_NOT_CERTIFIED,False,"Candidate source; event extraction, coverage and cutoff certification still required"
affected_population,Census small area / population grid × footprint,pre-event stock × event,2021-08-10 for Census 2021; choose appropriate prior census,2021 Census first release 2022-06-28; finer products have later releases,Census stock independent; affected estimate depends on valid hazard footprint,Residential population is not people actually displaced; use older vintage before release where needed,First decision date and observation/publication vintage must be joined; not certified pre-decision,https://www.abs.gov.au/census/guide-census-data/2021-census-product-release-guide,1011,AGRN 1011 - South East Queensland Rainfall and Flooding (22 February - 5 April 2022),2022-02-22,abs_census_release,0,,NOT_EXTRACTED_OR_NOT_CERTIFIED,False,"Candidate source; event extraction, coverage and cutoff certification still required"
houses_damaged_destroyed,Property inspection / council / event totals,time-stamped impact assessment,event observation timestamp; not recovered,Some annual/incident reports; no comparable LGA ledger recovered,Damage assessments potentially independent; grants-approved damage is not,Assessment coverage and revision dates selective; annual event total insufficient for pre-decision LGA vector,First decision date and observation/publication vintage must be joined; not certified pre-decision,https://dfes.wa.gov.au/annualreport2021/wooroloo-bushfire/,1011,AGRN 1011 - South East Queensland Rainfall and Flooding (22 February - 5 April 2022),2022-02-22,wa950,0,,NOT_EXTRACTED_OR_NOT_CERTIFIED,False,"Candidate source; event extraction, coverage and cutoff certification still required"
evacuations_displacement,Warning polygon / evacuation centre / locality,incident time,event observation timestamp; not recovered,Some incident updates; national consistent historical vector not recovered,Potentially independent operational records,Evacuation order not count of displaced residents; council/event coverage unquantified,First decision date and observation/publication vintage must be joined; not certified pre-decision,https://www.disasterassist.gov.au/Pages/disasters/current-disasters/Tasmania/tasmanian-severe-weather-oct-2022-onwards.aspx,1011,AGRN 1011 - South East Queensland Rainfall and Flooding (22 February - 5 April 2022),2022-02-22,tas1038,0,,NOT_EXTRACTED_OR_NOT_CERTIFIED,False,"Candidate source; event extraction, coverage and cutoff certification still required"
essential_infrastructure_damage,Asset/site or NIAM recovery domain,assessment time,event observation timestamp; not recovered,State impact requests may hold this; public event-wide availability not established,Only if independently assessed rather than inferred from paid claims,Need pre-decision asset damage and assessment protocol; later reconstruction spending excluded,First decision date and observation/publication vintage must be joined; not certified pre-decision,https://www.nema.gov.au/sites/default/files/2024-08/drfa-2018-guideline-3-category-c-assessment-framework.pdf,1011,AGRN 1011 - South East Queensland Rainfall and Flooding (22 February - 5 April 2022),2022-02-22,guideline_c,0,,NOT_EXTRACTED_OR_NOT_CERTIFIED,False,"Candidate source; event extraction, coverage and cutoff certification still required"
business_agricultural_impact,Affected enterprise / sector / region,assessment time,event observation timestamp; not recovered,State Category C request/impact evidence not recovered,Potentially independent if includes all assessed businesses; applications selected,Do not use grant recipients or amounts as need; denominator of directly impacted enterprises required,First decision date and observation/publication vintage must be joined; not certified pre-decision,https://www.nema.gov.au/sites/default/files/2024-08/drfa-2018-guideline-3-category-c-assessment-framework.pdf,1011,AGRN 1011 - South East Queensland Rainfall and Flooding (22 February - 5 April 2022),2022-02-22,guideline_c,0,,NOT_EXTRACTED_OR_NOT_CERTIFIED,False,"Candidate source; event extraction, coverage and cutoff certification still required"
population,LGA / SA1,Census or annual population estimate,Census reference date or pre-event annual estimate,Release-specific; 2021 first release 2022-06-28,Independent baseline structure,"Stock covariate, not event impact; boundary vintage must match",First decision date and observation/publication vintage must be joined; not certified pre-decision,https://www.abs.gov.au/census/guide-census-data/2021-census-product-release-guide,1011,AGRN 1011 - South East Queensland Rainfall and Flooding (22 February - 5 April 2022),2022-02-22,abs_census_release,0,,NOT_EXTRACTED_OR_NOT_CERTIFIED,False,"Candidate source; event extraction, coverage and cutoff certification still required"
remoteness,ABS Remoteness Areas aggregated to council,ASGS vintage,event observation timestamp; not recovered,Exact selected RA vintage release not audited,Independent baseline structure,SAL documentation is geography lead only; LGA may span multiple remoteness classes; no arbitrary single class,First decision date and observation/publication vintage must be joined; not certified pre-decision,https://www.abs.gov.au/statistics/standards/australian-statistical-geography-standard-asgs/edition-3-july-2021-june-2026/non-abs-structures/suburbs-and-localities,1011,AGRN 1011 - South East Queensland Rainfall and Flooding (22 February - 5 April 2022),2022-02-22,abs_sal,0,,NOT_EXTRACTED_OR_NOT_CERTIFIED,False,"Candidate source; event extraction, coverage and cutoff certification still required"
socioeconomic_disadvantage,LGA / SA1,2021 Census,2021-08-10,2023-04-27,Independent published baseline,"SEIFA is an existing statistical index, not a new need index; cannot use 2021 for pre-August-2021 onset",First decision date and observation/publication vintage must be joined; not certified pre-decision,https://www.abs.gov.au/statistics/detailed-methodology-information/concepts-sources-methods/socio-economic-indexes-areas-seifa-technical-paper/2021,1011,AGRN 1011 - South East Queensland Rainfall and Flooding (22 February - 5 April 2022),2022-02-22,seifa2021,0,,NOT_EXTRACTED_OR_NOT_CERTIFIED,False,"Candidate source; event extraction, coverage and cutoff certification still required"
infrastructure_scale,Council / asset class,prior financial year,event observation timestamp; not recovered,Frozen NSW fiscal road km observed; nationwide coverage unresolved,Predisaster road length is separate from disaster loss,NSW fiscal coverage only; differing road scope; use separate classes not combined need score,First decision date and observation/publication vintage must be joined; not certified pre-decision,https://www.abs.gov.au/census/guide-census-data/2021-census-product-release-guide,1011,AGRN 1011 - South East Queensland Rainfall and Flooding (22 February - 5 April 2022),2022-02-22,abs_census_release,0,,NOT_EXTRACTED_OR_NOT_CERTIFIED,False,"Candidate source; event extraction, coverage and cutoff certification still required"
flood_extent,Landsat pixel then event footprint × LGA,individual satellite acquisition,event observation timestamp; not recovered,Product/scene processing dates not recovered,Physical sensor observations independent of grant decisions,"Cloud, shadow, revisit timing and missed peaks; surface water is not automatically flood damage or maximum extent",First decision date and observation/publication vintage must be joined; not certified pre-decision,https://knowledge.dea.ga.gov.au/data/product/dea-water-observations-landsat/,1012,AGRN 1012 - NSW Severe Weather and Flooding (22 February 2022 onwards),2022-02-22,dea_water,0,,NOT_EXTRACTED_OR_NOT_CERTIFIED,False,"Candidate source; event extraction, coverage and cutoff certification still required"
flood_depth,Depth surface / asset site,event peak,event observation timestamp; not recovered,No verified consistent national event-depth source,Would be independent if modelled from hydrology without grant outcomes,DEA surface-water classification does not measure depth; elevation/hydraulic model and validation required,First decision date and observation/publication vintage must be joined; not certified pre-decision,https://knowledge.dea.ga.gov.au/data/product/dea-water-observations-landsat/,1012,AGRN 1012 - NSW Severe Weather and Flooding (22 February 2022 onwards),2022-02-22,dea_water,0,,NOT_EXTRACTED_OR_NOT_CERTIFIED,False,"Candidate source; event extraction, coverage and cutoff certification still required"
fire_extent_severity,"NSW mapped fire polygons/pixels, then LGA",fire / seasonal mapped release,event observation timestamp; not recovered,Seasonal reports; event-specific release dates unresolved,Remote sensing independent of assistance,"NSW-only, seasonal aggregates must not be assigned to a single AGRN; other states need matched fire footprints",First decision date and observation/publication vintage must be joined; not certified pre-decision,https://www.environment.nsw.gov.au/topics/animals-and-plants/native-vegetation/landcover-science/fire-extent-and-severity-maps,1012,AGRN 1012 - NSW Severe Weather and Flooding (22 February 2022 onwards),2022-02-22,fesmsource,0,,NOT_EXTRACTED_OR_NOT_CERTIFIED,False,Hazard relevance requires event fire record; NSW FESM is NSW only; other states need their own product
cyclone_wind,Best-track point / station or windfield,storm timestamp,event observation timestamp; not recovered,Best tracks are post-event reanalysis; issuance dates required,Weather observations independent of funding,Track distance is not measured LGA wind damage; retrospective best track may follow approval,First decision date and observation/publication vintage must be joined; not certified pre-decision,https://www.bom.gov.au/cyclone/tropical-cyclone-knowledge-centre/databases/,1012,AGRN 1012 - NSW Severe Weather and Flooding (22 February 2022 onwards),2022-02-22,bom_tracks,0,,NOT_EXTRACTED_OR_NOT_CERTIFIED,False,Cyclone components only; no claim that track alone measures local wind damage
rainfall,Weather station / gridded rainfall,daily / event accumulation,event observation timestamp; not recovered,BOM observation/product publication audit outstanding,Meteorological measurements independent,"Cyclone archive is a lead, not an extracted all-event rainfall dataset; station completeness required",First decision date and observation/publication vintage must be joined; not certified pre-decision,https://www.bom.gov.au/cyclone/tropical-cyclone-knowledge-centre/databases/,1012,AGRN 1012 - NSW Severe Weather and Flooding (22 February 2022 onwards),2022-02-22,bom_tracks,0,,NOT_EXTRACTED_OR_NOT_CERTIFIED,False,"Candidate source; event extraction, coverage and cutoff certification still required"
infrastructure_exposed,Dated road/building/asset inventory intersected with footprint,pre-event stock × event,event observation timestamp; not recovered,No common dated asset layer recovered,Pre-event inventory potentially independent,Population/building exposure is not damage; road inventories differ across states,First decision date and observation/publication vintage must be joined; not certified pre-decision,https://www.abs.gov.au/census/guide-census-data/2021-census-product-release-guide,1012,AGRN 1012 - NSW Severe Weather and Flooding (22 February 2022 onwards),2022-02-22,abs_census_release,0,,NOT_EXTRACTED_OR_NOT_CERTIFIED,False,"Candidate source; event extraction, coverage and cutoff certification still required"
affected_area,Footprint area × LGA,event,event observation timestamp; not recovered,Acquisition-specific dates required,Potentially independent sensor estimate,No uniform all-hazard footprint measure; valid observed zero requires complete coverage,First decision date and observation/publication vintage must be joined; not certified pre-decision,https://knowledge.dea.ga.gov.au/data/product/dea-water-observations-landsat/,1012,AGRN 1012 - NSW Severe Weather and Flooding (22 February 2022 onwards),2022-02-22,dea_water,0,,NOT_EXTRACTED_OR_NOT_CERTIFIED,False,"Candidate source; event extraction, coverage and cutoff certification still required"
affected_population,Census small area / population grid × footprint,pre-event stock × event,2021-08-10 for Census 2021; choose appropriate prior census,2021 Census first release 2022-06-28; finer products have later releases,Census stock independent; affected estimate depends on valid hazard footprint,Residential population is not people actually displaced; use older vintage before release where needed,First decision date and observation/publication vintage must be joined; not certified pre-decision,https://www.abs.gov.au/census/guide-census-data/2021-census-product-release-guide,1012,AGRN 1012 - NSW Severe Weather and Flooding (22 February 2022 onwards),2022-02-22,abs_census_release,0,,NOT_EXTRACTED_OR_NOT_CERTIFIED,False,"Candidate source; event extraction, coverage and cutoff certification still required"
houses_damaged_destroyed,Property inspection / council / event totals,time-stamped impact assessment,event observation timestamp; not recovered,Some annual/incident reports; no comparable LGA ledger recovered,Damage assessments potentially independent; grants-approved damage is not,Assessment coverage and revision dates selective; annual event total insufficient for pre-decision LGA vector,First decision date and observation/publication vintage must be joined; not certified pre-decision,https://dfes.wa.gov.au/annualreport2021/wooroloo-bushfire/,1012,AGRN 1012 - NSW Severe Weather and Flooding (22 February 2022 onwards),2022-02-22,wa950,0,,NOT_EXTRACTED_OR_NOT_CERTIFIED,False,"Candidate source; event extraction, coverage and cutoff certification still required"
evacuations_displacement,Warning polygon / evacuation centre / locality,incident time,event observation timestamp; not recovered,Some incident updates; national consistent historical vector not recovered,Potentially independent operational records,Evacuation order not count of displaced residents; council/event coverage unquantified,First decision date and observation/publication vintage must be joined; not certified pre-decision,https://www.disasterassist.gov.au/Pages/disasters/current-disasters/Tasmania/tasmanian-severe-weather-oct-2022-onwards.aspx,1012,AGRN 1012 - NSW Severe Weather and Flooding (22 February 2022 onwards),2022-02-22,tas1038,0,,NOT_EXTRACTED_OR_NOT_CERTIFIED,False,"Candidate source; event extraction, coverage and cutoff certification still required"
essential_infrastructure_damage,Asset/site or NIAM recovery domain,assessment time,event observation timestamp; not recovered,State impact requests may hold this; public event-wide availability not established,Only if independently assessed rather than inferred from paid claims,Need pre-decision asset damage and assessment protocol; later reconstruction spending excluded,First decision date and observation/publication vintage must be joined; not certified pre-decision,https://www.nema.gov.au/sites/default/files/2024-08/drfa-2018-guideline-3-category-c-assessment-framework.pdf,1012,AGRN 1012 - NSW Severe Weather and Flooding (22 February 2022 onwards),2022-02-22,guideline_c,0,,NOT_EXTRACTED_OR_NOT_CERTIFIED,False,"Candidate source; event extraction, coverage and cutoff certification still required"
business_agricultural_impact,Affected enterprise / sector / region,assessment time,event observation timestamp; not recovered,State Category C request/impact evidence not recovered,Potentially independent if includes all assessed businesses; applications selected,Do not use grant recipients or amounts as need; denominator of directly impacted enterprises required,First decision date and observation/publication vintage must be joined; not certified pre-decision,https://www.nema.gov.au/sites/default/files/2024-08/drfa-2018-guideline-3-category-c-assessment-framework.pdf,1012,AGRN 1012 - NSW Severe Weather and Flooding (22 February 2022 onwards),2022-02-22,guideline_c,0,,NOT_EXTRACTED_OR_NOT_CERTIFIED,False,"Candidate source; event extraction, coverage and cutoff certification still required"
population,LGA / SA1,Census or annual population estimate,Census reference date or pre-event annual estimate,Release-specific; 2021 first release 2022-06-28,Independent baseline structure,"Stock covariate, not event impact; boundary vintage must match",First decision date and observation/publication vintage must be joined; not certified pre-decision,https://www.abs.gov.au/census/guide-census-data/2021-census-product-release-guide,1012,AGRN 1012 - NSW Severe Weather and Flooding (22 February 2022 onwards),2022-02-22,abs_census_release,0,,NOT_EXTRACTED_OR_NOT_CERTIFIED,False,"Candidate source; event extraction, coverage and cutoff certification still required"
remoteness,ABS Remoteness Areas aggregated to council,ASGS vintage,event observation timestamp; not recovered,Exact selected RA vintage release not audited,Independent baseline structure,SAL documentation is geography lead only; LGA may span multiple remoteness classes; no arbitrary single class,First decision date and observation/publication vintage must be joined; not certified pre-decision,https://www.abs.gov.au/statistics/standards/australian-statistical-geography-standard-asgs/edition-3-july-2021-june-2026/non-abs-structures/suburbs-and-localities,1012,AGRN 1012 - NSW Severe Weather and Flooding (22 February 2022 onwards),2022-02-22,abs_sal,0,,NOT_EXTRACTED_OR_NOT_CERTIFIED,False,"Candidate source; event extraction, coverage and cutoff certification still required"
socioeconomic_disadvantage,LGA / SA1,2021 Census,2021-08-10,2023-04-27,Independent published baseline,"SEIFA is an existing statistical index, not a new need index; cannot use 2021 for pre-August-2021 onset",First decision date and observation/publication vintage must be joined; not certified pre-decision,https://www.abs.gov.au/statistics/detailed-methodology-information/concepts-sources-methods/socio-economic-indexes-areas-seifa-technical-paper/2021,1012,AGRN 1012 - NSW Severe Weather and Flooding (22 February 2022 onwards),2022-02-22,seifa2021,0,,NOT_EXTRACTED_OR_NOT_CERTIFIED,False,"Candidate source; event extraction, coverage and cutoff certification still required"
infrastructure_scale,Council / asset class,prior financial year,event observation timestamp; not recovered,Frozen NSW fiscal road km observed; nationwide coverage unresolved,Predisaster road length is separate from disaster loss,NSW fiscal coverage only; differing road scope; use separate classes not combined need score,First decision date and observation/publication vintage must be joined; not certified pre-decision,https://www.abs.gov.au/census/guide-census-data/2021-census-product-release-guide,1012,AGRN 1012 - NSW Severe Weather and Flooding (22 February 2022 onwards),2022-02-22,abs_census_release,0,,NOT_EXTRACTED_OR_NOT_CERTIFIED,False,"Candidate source; event extraction, coverage and cutoff certification still required"
flood_extent,Landsat pixel then event footprint × LGA,individual satellite acquisition,event observation timestamp; not recovered,Product/scene processing dates not recovered,Physical sensor observations independent of grant decisions,"Cloud, shadow, revisit timing and missed peaks; surface water is not automatically flood damage or maximum extent",First decision date and observation/publication vintage must be joined; not certified pre-decision,https://knowledge.dea.ga.gov.au/data/product/dea-water-observations-landsat/,1020,AGRN 1020 - Southern Queensland Flooding (6-20 May 2022),2022-05-06,dea_water,0,,NOT_EXTRACTED_OR_NOT_CERTIFIED,False,"Candidate source; event extraction, coverage and cutoff certification still required"
flood_depth,Depth surface / asset site,event peak,event observation timestamp; not recovered,No verified consistent national event-depth source,Would be independent if modelled from hydrology without grant outcomes,DEA surface-water classification does not measure depth; elevation/hydraulic model and validation required,First decision date and observation/publication vintage must be joined; not certified pre-decision,https://knowledge.dea.ga.gov.au/data/product/dea-water-observations-landsat/,1020,AGRN 1020 - Southern Queensland Flooding (6-20 May 2022),2022-05-06,dea_water,0,,NOT_EXTRACTED_OR_NOT_CERTIFIED,False,"Candidate source; event extraction, coverage and cutoff certification still required"
fire_extent_severity,"NSW mapped fire polygons/pixels, then LGA",fire / seasonal mapped release,event observation timestamp; not recovered,Seasonal reports; event-specific release dates unresolved,Remote sensing independent of assistance,"NSW-only, seasonal aggregates must not be assigned to a single AGRN; other states need matched fire footprints",First decision date and observation/publication vintage must be joined; not certified pre-decision,https://www.environment.nsw.gov.au/topics/animals-and-plants/native-vegetation/landcover-science/fire-extent-and-severity-maps,1020,AGRN 1020 - Southern Queensland Flooding (6-20 May 2022),2022-05-06,fesmsource,0,,NOT_EXTRACTED_OR_NOT_CERTIFIED,False,Hazard relevance requires event fire record; NSW FESM is NSW only; other states need their own product
cyclone_wind,Best-track point / station or windfield,storm timestamp,event observation timestamp; not recovered,Best tracks are post-event reanalysis; issuance dates required,Weather observations independent of funding,Track distance is not measured LGA wind damage; retrospective best track may follow approval,First decision date and observation/publication vintage must be joined; not certified pre-decision,https://www.bom.gov.au/cyclone/tropical-cyclone-knowledge-centre/databases/,1020,AGRN 1020 - Southern Queensland Flooding (6-20 May 2022),2022-05-06,bom_tracks,0,,NOT_EXTRACTED_OR_NOT_CERTIFIED,False,Cyclone components only; no claim that track alone measures local wind damage
rainfall,Weather station / gridded rainfall,daily / event accumulation,event observation timestamp; not recovered,BOM observation/product publication audit outstanding,Meteorological measurements independent,"Cyclone archive is a lead, not an extracted all-event rainfall dataset; station completeness required",First decision date and observation/publication vintage must be joined; not certified pre-decision,https://www.bom.gov.au/cyclone/tropical-cyclone-knowledge-centre/databases/,1020,AGRN 1020 - Southern Queensland Flooding (6-20 May 2022),2022-05-06,bom_tracks,0,,NOT_EXTRACTED_OR_NOT_CERTIFIED,False,"Candidate source; event extraction, coverage and cutoff certification still required"
infrastructure_exposed,Dated road/building/asset inventory intersected with footprint,pre-event stock × event,event observation timestamp; not recovered,No common dated asset layer recovered,Pre-event inventory potentially independent,Population/building exposure is not damage; road inventories differ across states,First decision date and observation/publication vintage must be joined; not certified pre-decision,https://www.abs.gov.au/census/guide-census-data/2021-census-product-release-guide,1020,AGRN 1020 - Southern Queensland Flooding (6-20 May 2022),2022-05-06,abs_census_release,0,,NOT_EXTRACTED_OR_NOT_CERTIFIED,False,"Candidate source; event extraction, coverage and cutoff certification still required"
affected_area,Footprint area × LGA,event,event observation timestamp; not recovered,Acquisition-specific dates required,Potentially independent sensor estimate,No uniform all-hazard footprint measure; valid observed zero requires complete coverage,First decision date and observation/publication vintage must be joined; not certified pre-decision,https://knowledge.dea.ga.gov.au/data/product/dea-water-observations-landsat/,1020,AGRN 1020 - Southern Queensland Flooding (6-20 May 2022),2022-05-06,dea_water,0,,NOT_EXTRACTED_OR_NOT_CERTIFIED,False,"Candidate source; event extraction, coverage and cutoff certification still required"
affected_population,Census small area / population grid × footprint,pre-event stock × event,2021-08-10 for Census 2021; choose appropriate prior census,2021 Census first release 2022-06-28; finer products have later releases,Census stock independent; affected estimate depends on valid hazard footprint,Residential population is not people actually displaced; use older vintage before release where needed,First decision date and observation/publication vintage must be joined; not certified pre-decision,https://www.abs.gov.au/census/guide-census-data/2021-census-product-release-guide,1020,AGRN 1020 - Southern Queensland Flooding (6-20 May 2022),2022-05-06,abs_census_release,0,,NOT_EXTRACTED_OR_NOT_CERTIFIED,False,"Candidate source; event extraction, coverage and cutoff certification still required"
houses_damaged_destroyed,Property inspection / council / event totals,time-stamped impact assessment,event observation timestamp; not recovered,Some annual/incident reports; no comparable LGA ledger recovered,Damage assessments potentially independent; grants-approved damage is not,Assessment coverage and revision dates selective; annual event total insufficient for pre-decision LGA vector,First decision date and observation/publication vintage must be joined; not certified pre-decision,https://dfes.wa.gov.au/annualreport2021/wooroloo-bushfire/,1020,AGRN 1020 - Southern Queensland Flooding (6-20 May 2022),2022-05-06,wa950,0,,NOT_EXTRACTED_OR_NOT_CERTIFIED,False,"Candidate source; event extraction, coverage and cutoff certification still required"
evacuations_displacement,Warning polygon / evacuation centre / locality,incident time,event observation timestamp; not recovered,Some incident updates; national consistent historical vector not recovered,Potentially independent operational records,Evacuation order not count of displaced residents; council/event coverage unquantified,First decision date and observation/publication vintage must be joined; not certified pre-decision,https://www.disasterassist.gov.au/Pages/disasters/current-disasters/Tasmania/tasmanian-severe-weather-oct-2022-onwards.aspx,1020,AGRN 1020 - Southern Queensland Flooding (6-20 May 2022),2022-05-06,tas1038,0,,NOT_EXTRACTED_OR_NOT_CERTIFIED,False,"Candidate source; event extraction, coverage and cutoff certification still required"
essential_infrastructure_damage,Asset/site or NIAM recovery domain,assessment time,event observation timestamp; not recovered,State impact requests may hold this; public event-wide availability not established,Only if independently assessed rather than inferred from paid claims,Need pre-decision asset damage and assessment protocol; later reconstruction spending excluded,First decision date and observation/publication vintage must be joined; not certified pre-decision,https://www.nema.gov.au/sites/default/files/2024-08/drfa-2018-guideline-3-category-c-assessment-framework.pdf,1020,AGRN 1020 - Southern Queensland Flooding (6-20 May 2022),2022-05-06,guideline_c,0,,NOT_EXTRACTED_OR_NOT_CERTIFIED,False,"Candidate source; event extraction, coverage and cutoff certification still required"
business_agricultural_impact,Affected enterprise / sector / region,assessment time,event observation timestamp; not recovered,State Category C request/impact evidence not recovered,Potentially independent if includes all assessed businesses; applications selected,Do not use grant recipients or amounts as need; denominator of directly impacted enterprises required,First decision date and observation/publication vintage must be joined; not certified pre-decision,https://www.nema.gov.au/sites/default/files/2024-08/drfa-2018-guideline-3-category-c-assessment-framework.pdf,1020,AGRN 1020 - Southern Queensland Flooding (6-20 May 2022),2022-05-06,guideline_c,0,,NOT_EXTRACTED_OR_NOT_CERTIFIED,False,"Candidate source; event extraction, coverage and cutoff certification still required"
population,LGA / SA1,Census or annual population estimate,Census reference date or pre-event annual estimate,Release-specific; 2021 first release 2022-06-28,Independent baseline structure,"Stock covariate, not event impact; boundary vintage must match",First decision date and observation/publication vintage must be joined; not certified pre-decision,https://www.abs.gov.au/census/guide-census-data/2021-census-product-release-guide,1020,AGRN 1020 - Southern Queensland Flooding (6-20 May 2022),2022-05-06,abs_census_release,0,,NOT_EXTRACTED_OR_NOT_CERTIFIED,False,"Candidate source; event extraction, coverage and cutoff certification still required"
remoteness,ABS Remoteness Areas aggregated to council,ASGS vintage,event observation timestamp; not recovered,Exact selected RA vintage release not audited,Independent baseline structure,SAL documentation is geography lead only; LGA may span multiple remoteness classes; no arbitrary single class,First decision date and observation/publication vintage must be joined; not certified pre-decision,https://www.abs.gov.au/statistics/standards/australian-statistical-geography-standard-asgs/edition-3-july-2021-june-2026/non-abs-structures/suburbs-and-localities,1020,AGRN 1020 - Southern Queensland Flooding (6-20 May 2022),2022-05-06,abs_sal,0,,NOT_EXTRACTED_OR_NOT_CERTIFIED,False,"Candidate source; event extraction, coverage and cutoff certification still required"
socioeconomic_disadvantage,LGA / SA1,2021 Census,2021-08-10,2023-04-27,Independent published baseline,"SEIFA is an existing statistical index, not a new need index; cannot use 2021 for pre-August-2021 onset",First decision date and observation/publication vintage must be joined; not certified pre-decision,https://www.abs.gov.au/statistics/detailed-methodology-information/concepts-sources-methods/socio-economic-indexes-areas-seifa-technical-paper/2021,1020,AGRN 1020 - Southern Queensland Flooding (6-20 May 2022),2022-05-06,seifa2021,0,,NOT_EXTRACTED_OR_NOT_CERTIFIED,False,"Candidate source; event extraction, coverage and cutoff certification still required"
infrastructure_scale,Council / asset class,prior financial year,event observation timestamp; not recovered,Frozen NSW fiscal road km observed; nationwide coverage unresolved,Predisaster road length is separate from disaster loss,NSW fiscal coverage only; differing road scope; use separate classes not combined need score,First decision date and observation/publication vintage must be joined; not certified pre-decision,https://www.abs.gov.au/census/guide-census-data/2021-census-product-release-guide,1020,AGRN 1020 - Southern Queensland Flooding (6-20 May 2022),2022-05-06,abs_census_release,0,,NOT_EXTRACTED_OR_NOT_CERTIFIED,False,"Candidate source; event extraction, coverage and cutoff certification still required"
flood_extent,Landsat pixel then event footprint × LGA,individual satellite acquisition,event observation timestamp; not recovered,Product/scene processing dates not recovered,Physical sensor observations independent of grant decisions,"Cloud, shadow, revisit timing and missed peaks; surface water is not automatically flood damage or maximum extent",First decision date and observation/publication vintage must be joined; not certified pre-decision,https://knowledge.dea.ga.gov.au/data/product/dea-water-observations-landsat/,1037,AGRN 1037 - Victorian Floods (commencing 6 October 2022),2022-10-06,dea_water,0,,NOT_EXTRACTED_OR_NOT_CERTIFIED,False,"Candidate source; event extraction, coverage and cutoff certification still required"
flood_depth,Depth surface / asset site,event peak,event observation timestamp; not recovered,No verified consistent national event-depth source,Would be independent if modelled from hydrology without grant outcomes,DEA surface-water classification does not measure depth; elevation/hydraulic model and validation required,First decision date and observation/publication vintage must be joined; not certified pre-decision,https://knowledge.dea.ga.gov.au/data/product/dea-water-observations-landsat/,1037,AGRN 1037 - Victorian Floods (commencing 6 October 2022),2022-10-06,dea_water,0,,NOT_EXTRACTED_OR_NOT_CERTIFIED,False,"Candidate source; event extraction, coverage and cutoff certification still required"
fire_extent_severity,"NSW mapped fire polygons/pixels, then LGA",fire / seasonal mapped release,event observation timestamp; not recovered,Seasonal reports; event-specific release dates unresolved,Remote sensing independent of assistance,"NSW-only, seasonal aggregates must not be assigned to a single AGRN; other states need matched fire footprints",First decision date and observation/publication vintage must be joined; not certified pre-decision,https://www.environment.nsw.gov.au/topics/animals-and-plants/native-vegetation/landcover-science/fire-extent-and-severity-maps,1037,AGRN 1037 - Victorian Floods (commencing 6 October 2022),2022-10-06,fesmsource,0,,NOT_EXTRACTED_OR_NOT_CERTIFIED,False,Hazard relevance requires event fire record; NSW FESM is NSW only; other states need their own product
cyclone_wind,Best-track point / station or windfield,storm timestamp,event observation timestamp; not recovered,Best tracks are post-event reanalysis; issuance dates required,Weather observations independent of funding,Track distance is not measured LGA wind damage; retrospective best track may follow approval,First decision date and observation/publication vintage must be joined; not certified pre-decision,https://www.bom.gov.au/cyclone/tropical-cyclone-knowledge-centre/databases/,1037,AGRN 1037 - Victorian Floods (commencing 6 October 2022),2022-10-06,bom_tracks,0,,NOT_EXTRACTED_OR_NOT_CERTIFIED,False,Cyclone components only; no claim that track alone measures local wind damage
rainfall,Weather station / gridded rainfall,daily / event accumulation,event observation timestamp; not recovered,BOM observation/product publication audit outstanding,Meteorological measurements independent,"Cyclone archive is a lead, not an extracted all-event rainfall dataset; station completeness required",First decision date and observation/publication vintage must be joined; not certified pre-decision,https://www.bom.gov.au/cyclone/tropical-cyclone-knowledge-centre/databases/,1037,AGRN 1037 - Victorian Floods (commencing 6 October 2022),2022-10-06,bom_tracks,0,,NOT_EXTRACTED_OR_NOT_CERTIFIED,False,"Candidate source; event extraction, coverage and cutoff certification still required"
infrastructure_exposed,Dated road/building/asset inventory intersected with footprint,pre-event stock × event,event observation timestamp; not recovered,No common dated asset layer recovered,Pre-event inventory potentially independent,Population/building exposure is not damage; road inventories differ across states,First decision date and observation/publication vintage must be joined; not certified pre-decision,https://www.abs.gov.au/census/guide-census-data/2021-census-product-release-guide,1037,AGRN 1037 - Victorian Floods (commencing 6 October 2022),2022-10-06,abs_census_release,0,,NOT_EXTRACTED_OR_NOT_CERTIFIED,False,"Candidate source; event extraction, coverage and cutoff certification still required"
affected_area,Footprint area × LGA,event,event observation timestamp; not recovered,Acquisition-specific dates required,Potentially independent sensor estimate,No uniform all-hazard footprint measure; valid observed zero requires complete coverage,First decision date and observation/publication vintage must be joined; not certified pre-decision,https://knowledge.dea.ga.gov.au/data/product/dea-water-observations-landsat/,1037,AGRN 1037 - Victorian Floods (commencing 6 October 2022),2022-10-06,dea_water,0,,NOT_EXTRACTED_OR_NOT_CERTIFIED,False,"Candidate source; event extraction, coverage and cutoff certification still required"
affected_population,Census small area / population grid × footprint,pre-event stock × event,2021-08-10 for Census 2021; choose appropriate prior census,2021 Census first release 2022-06-28; finer products have later releases,Census stock independent; affected estimate depends on valid hazard footprint,Residential population is not people actually displaced; use older vintage before release where needed,First decision date and observation/publication vintage must be joined; not certified pre-decision,https://www.abs.gov.au/census/guide-census-data/2021-census-product-release-guide,1037,AGRN 1037 - Victorian Floods (commencing 6 October 2022),2022-10-06,abs_census_release,0,,NOT_EXTRACTED_OR_NOT_CERTIFIED,False,"Candidate source; event extraction, coverage and cutoff certification still required"
houses_damaged_destroyed,Property inspection / council / event totals,time-stamped impact assessment,event observation timestamp; not recovered,Some annual/incident reports; no comparable LGA ledger recovered,Damage assessments potentially independent; grants-approved damage is not,Assessment coverage and revision dates selective; annual event total insufficient for pre-decision LGA vector,First decision date and observation/publication vintage must be joined; not certified pre-decision,https://dfes.wa.gov.au/annualreport2021/wooroloo-bushfire/,1037,AGRN 1037 - Victorian Floods (commencing 6 October 2022),2022-10-06,wa950,0,,NOT_EXTRACTED_OR_NOT_CERTIFIED,False,"Candidate source; event extraction, coverage and cutoff certification still required"
evacuations_displacement,Warning polygon / evacuation centre / locality,incident time,event observation timestamp; not recovered,Some incident updates; national consistent historical vector not recovered,Potentially independent operational records,Evacuation order not count of displaced residents; council/event coverage unquantified,First decision date and observation/publication vintage must be joined; not certified pre-decision,https://www.disasterassist.gov.au/Pages/disasters/current-disasters/Tasmania/tasmanian-severe-weather-oct-2022-onwards.aspx,1037,AGRN 1037 - Victorian Floods (commencing 6 October 2022),2022-10-06,tas1038,0,,NOT_EXTRACTED_OR_NOT_CERTIFIED,False,"Candidate source; event extraction, coverage and cutoff certification still required"
essential_infrastructure_damage,Asset/site or NIAM recovery domain,assessment time,event observation timestamp; not recovered,State impact requests may hold this; public event-wide availability not established,Only if independently assessed rather than inferred from paid claims,Need pre-decision asset damage and assessment protocol; later reconstruction spending excluded,First decision date and observation/publication vintage must be joined; not certified pre-decision,https://www.nema.gov.au/sites/default/files/2024-08/drfa-2018-guideline-3-category-c-assessment-framework.pdf,1037,AGRN 1037 - Victorian Floods (commencing 6 October 2022),2022-10-06,guideline_c,0,,NOT_EXTRACTED_OR_NOT_CERTIFIED,False,"Candidate source; event extraction, coverage and cutoff certification still required"
business_agricultural_impact,Affected enterprise / sector / region,assessment time,event observation timestamp; not recovered,State Category C request/impact evidence not recovered,Potentially independent if includes all assessed businesses; applications selected,Do not use grant recipients or amounts as need; denominator of directly impacted enterprises required,First decision date and observation/publication vintage must be joined; not certified pre-decision,https://www.nema.gov.au/sites/default/files/2024-08/drfa-2018-guideline-3-category-c-assessment-framework.pdf,1037,AGRN 1037 - Victorian Floods (commencing 6 October 2022),2022-10-06,guideline_c,0,,NOT_EXTRACTED_OR_NOT_CERTIFIED,False,"Candidate source; event extraction, coverage and cutoff certification still required"
population,LGA / SA1,Census or annual population estimate,Census reference date or pre-event annual estimate,Release-specific; 2021 first release 2022-06-28,Independent baseline structure,"Stock covariate, not event impact; boundary vintage must match",First decision date and observation/publication vintage must be joined; not certified pre-decision,https://www.abs.gov.au/census/guide-census-data/2021-census-product-release-guide,1037,AGRN 1037 - Victorian Floods (commencing 6 October 2022),2022-10-06,abs_census_release,0,,NOT_EXTRACTED_OR_NOT_CERTIFIED,False,"Candidate source; event extraction, coverage and cutoff certification still required"
remoteness,ABS Remoteness Areas aggregated to council,ASGS vintage,event observation timestamp; not recovered,Exact selected RA vintage release not audited,Independent baseline structure,SAL documentation is geography lead only; LGA may span multiple remoteness classes; no arbitrary single class,First decision date and observation/publication vintage must be joined; not certified pre-decision,https://www.abs.gov.au/statistics/standards/australian-statistical-geography-standard-asgs/edition-3-july-2021-june-2026/non-abs-structures/suburbs-and-localities,1037,AGRN 1037 - Victorian Floods (commencing 6 October 2022),2022-10-06,abs_sal,0,,NOT_EXTRACTED_OR_NOT_CERTIFIED,False,"Candidate source; event extraction, coverage and cutoff certification still required"
socioeconomic_disadvantage,LGA / SA1,2021 Census,2021-08-10,2023-04-27,Independent published baseline,"SEIFA is an existing statistical index, not a new need index; cannot use 2021 for pre-August-2021 onset",First decision date and observation/publication vintage must be joined; not certified pre-decision,https://www.abs.gov.au/statistics/detailed-methodology-information/concepts-sources-methods/socio-economic-indexes-areas-seifa-technical-paper/2021,1037,AGRN 1037 - Victorian Floods (commencing 6 October 2022),2022-10-06,seifa2021,0,,NOT_EXTRACTED_OR_NOT_CERTIFIED,False,"Candidate source; event extraction, coverage and cutoff certification still required"
infrastructure_scale,Council / asset class,prior financial year,event observation timestamp; not recovered,Frozen NSW fiscal road km observed; nationwide coverage unresolved,Predisaster road length is separate from disaster loss,NSW fiscal coverage only; differing road scope; use separate classes not combined need score,First decision date and observation/publication vintage must be joined; not certified pre-decision,https://www.abs.gov.au/census/guide-census-data/2021-census-product-release-guide,1037,AGRN 1037 - Victorian Floods (commencing 6 October 2022),2022-10-06,abs_census_release,0,,NOT_EXTRACTED_OR_NOT_CERTIFIED,False,"Candidate source; event extraction, coverage and cutoff certification still required"
flood_extent,Landsat pixel then event footprint × LGA,individual satellite acquisition,event observation timestamp; not recovered,Product/scene processing dates not recovered,Physical sensor observations independent of grant decisions,"Cloud, shadow, revisit timing and missed peaks; surface water is not automatically flood damage or maximum extent",First decision date and observation/publication vintage must be joined; not certified pre-decision,https://knowledge.dea.ga.gov.au/data/product/dea-water-observations-landsat/,1038,AGRN 1038 - Severe Weather Event (commencing 13 October 2022),2022-10-13,dea_water,0,,NOT_EXTRACTED_OR_NOT_CERTIFIED,False,"Candidate source; event extraction, coverage and cutoff certification still required"
flood_depth,Depth surface / asset site,event peak,event observation timestamp; not recovered,No verified consistent national event-depth source,Would be independent if modelled from hydrology without grant outcomes,DEA surface-water classification does not measure depth; elevation/hydraulic model and validation required,First decision date and observation/publication vintage must be joined; not certified pre-decision,https://knowledge.dea.ga.gov.au/data/product/dea-water-observations-landsat/,1038,AGRN 1038 - Severe Weather Event (commencing 13 October 2022),2022-10-13,dea_water,0,,NOT_EXTRACTED_OR_NOT_CERTIFIED,False,"Candidate source; event extraction, coverage and cutoff certification still required"
fire_extent_severity,"NSW mapped fire polygons/pixels, then LGA",fire / seasonal mapped release,event observation timestamp; not recovered,Seasonal reports; event-specific release dates unresolved,Remote sensing independent of assistance,"NSW-only, seasonal aggregates must not be assigned to a single AGRN; other states need matched fire footprints",First decision date and observation/publication vintage must be joined; not certified pre-decision,https://www.environment.nsw.gov.au/topics/animals-and-plants/native-vegetation/landcover-science/fire-extent-and-severity-maps,1038,AGRN 1038 - Severe Weather Event (commencing 13 October 2022),2022-10-13,fesmsource,0,,NOT_EXTRACTED_OR_NOT_CERTIFIED,False,Hazard relevance requires event fire record; NSW FESM is NSW only; other states need their own product
cyclone_wind,Best-track point / station or windfield,storm timestamp,event observation timestamp; not recovered,Best tracks are post-event reanalysis; issuance dates required,Weather observations independent of funding,Track distance is not measured LGA wind damage; retrospective best track may follow approval,First decision date and observation/publication vintage must be joined; not certified pre-decision,https://www.bom.gov.au/cyclone/tropical-cyclone-knowledge-centre/databases/,1038,AGRN 1038 - Severe Weather Event (commencing 13 October 2022),2022-10-13,bom_tracks,0,,NOT_EXTRACTED_OR_NOT_CERTIFIED,False,Cyclone components only; no claim that track alone measures local wind damage
rainfall,Weather station / gridded rainfall,daily / event accumulation,event observation timestamp; not recovered,BOM observation/product publication audit outstanding,Meteorological measurements independent,"Cyclone archive is a lead, not an extracted all-event rainfall dataset; station completeness required",First decision date and observation/publication vintage must be joined; not certified pre-decision,https://www.bom.gov.au/cyclone/tropical-cyclone-knowledge-centre/databases/,1038,AGRN 1038 - Severe Weather Event (commencing 13 October 2022),2022-10-13,bom_tracks,0,,NOT_EXTRACTED_OR_NOT_CERTIFIED,False,"Candidate source; event extraction, coverage and cutoff certification still required"
infrastructure_exposed,Dated road/building/asset inventory intersected with footprint,pre-event stock × event,event observation timestamp; not recovered,No common dated asset layer recovered,Pre-event inventory potentially independent,Population/building exposure is not damage; road inventories differ across states,First decision date and observation/publication vintage must be joined; not certified pre-decision,https://www.abs.gov.au/census/guide-census-data/2021-census-product-release-guide,1038,AGRN 1038 - Severe Weather Event (commencing 13 October 2022),2022-10-13,abs_census_release,0,,NOT_EXTRACTED_OR_NOT_CERTIFIED,False,"Candidate source; event extraction, coverage and cutoff certification still required"
affected_area,Footprint area × LGA,event,event observation timestamp; not recovered,Acquisition-specific dates required,Potentially independent sensor estimate,No uniform all-hazard footprint measure; valid observed zero requires complete coverage,First decision date and observation/publication vintage must be joined; not certified pre-decision,https://knowledge.dea.ga.gov.au/data/product/dea-water-observations-landsat/,1038,AGRN 1038 - Severe Weather Event (commencing 13 October 2022),2022-10-13,dea_water,0,,NOT_EXTRACTED_OR_NOT_CERTIFIED,False,"Candidate source; event extraction, coverage and cutoff certification still required"
affected_population,Census small area / population grid × footprint,pre-event stock × event,2021-08-10 for Census 2021; choose appropriate prior census,2021 Census first release 2022-06-28; finer products have later releases,Census stock independent; affected estimate depends on valid hazard footprint,Residential population is not people actually displaced; use older vintage before release where needed,First decision date and observation/publication vintage must be joined; not certified pre-decision,https://www.abs.gov.au/census/guide-census-data/2021-census-product-release-guide,1038,AGRN 1038 - Severe Weather Event (commencing 13 October 2022),2022-10-13,abs_census_release,0,,NOT_EXTRACTED_OR_NOT_CERTIFIED,False,"Candidate source; event extraction, coverage and cutoff certification still required"
houses_damaged_destroyed,Property inspection / council / event totals,time-stamped impact assessment,event observation timestamp; not recovered,Some annual/incident reports; no comparable LGA ledger recovered,Damage assessments potentially independent; grants-approved damage is not,Assessment coverage and revision dates selective; annual event total insufficient for pre-decision LGA vector,First decision date and observation/publication vintage must be joined; not certified pre-decision,https://dfes.wa.gov.au/annualreport2021/wooroloo-bushfire/,1038,AGRN 1038 - Severe Weather Event (commencing 13 October 2022),2022-10-13,wa950,0,,NOT_EXTRACTED_OR_NOT_CERTIFIED,False,"Candidate source; event extraction, coverage and cutoff certification still required"
evacuations_displacement,Warning polygon / evacuation centre / locality,incident time,event observation timestamp; not recovered,Some incident updates; national consistent historical vector not recovered,Potentially independent operational records,Evacuation order not count of displaced residents; council/event coverage unquantified,First decision date and observation/publication vintage must be joined; not certified pre-decision,https://www.disasterassist.gov.au/Pages/disasters/current-disasters/Tasmania/tasmanian-severe-weather-oct-2022-onwards.aspx,1038,AGRN 1038 - Severe Weather Event (commencing 13 October 2022),2022-10-13,tas1038,0,,NOT_EXTRACTED_OR_NOT_CERTIFIED,False,"Candidate source; event extraction, coverage and cutoff certification still required"
essential_infrastructure_damage,Asset/site or NIAM recovery domain,assessment time,event observation timestamp; not recovered,State impact requests may hold this; public event-wide availability not established,Only if independently assessed rather than inferred from paid claims,Need pre-decision asset damage and assessment protocol; later reconstruction spending excluded,First decision date and observation/publication vintage must be joined; not certified pre-decision,https://www.nema.gov.au/sites/default/files/2024-08/drfa-2018-guideline-3-category-c-assessment-framework.pdf,1038,AGRN 1038 - Severe Weather Event (commencing 13 October 2022),2022-10-13,guideline_c,0,,NOT_EXTRACTED_OR_NOT_CERTIFIED,False,"Candidate source; event extraction, coverage and cutoff certification still required"
business_agricultural_impact,Affected enterprise / sector / region,assessment time,event observation timestamp; not recovered,State Category C request/impact evidence not recovered,Potentially independent if includes all assessed businesses; applications selected,Do not use grant recipients or amounts as need; denominator of directly impacted enterprises required,First decision date and observation/publication vintage must be joined; not certified pre-decision,https://www.nema.gov.au/sites/default/files/2024-08/drfa-2018-guideline-3-category-c-assessment-framework.pdf,1038,AGRN 1038 - Severe Weather Event (commencing 13 October 2022),2022-10-13,guideline_c,0,,NOT_EXTRACTED_OR_NOT_CERTIFIED,False,"Candidate source; event extraction, coverage and cutoff certification still required"
population,LGA / SA1,Census or annual population estimate,Census reference date or pre-event annual estimate,Release-specific; 2021 first release 2022-06-28,Independent baseline structure,"Stock covariate, not event impact; boundary vintage must match",First decision date and observation/publication vintage must be joined; not certified pre-decision,https://www.abs.gov.au/census/guide-census-data/2021-census-product-release-guide,1038,AGRN 1038 - Severe Weather Event (commencing 13 October 2022),2022-10-13,abs_census_release,0,,NOT_EXTRACTED_OR_NOT_CERTIFIED,False,"Candidate source; event extraction, coverage and cutoff certification still required"
remoteness,ABS Remoteness Areas aggregated to council,ASGS vintage,event observation timestamp; not recovered,Exact selected RA vintage release not audited,Independent baseline structure,SAL documentation is geography lead only; LGA may span multiple remoteness classes; no arbitrary single class,First decision date and observation/publication vintage must be joined; not certified pre-decision,https://www.abs.gov.au/statistics/standards/australian-statistical-geography-standard-asgs/edition-3-july-2021-june-2026/non-abs-structures/suburbs-and-localities,1038,AGRN 1038 - Severe Weather Event (commencing 13 October 2022),2022-10-13,abs_sal,0,,NOT_EXTRACTED_OR_NOT_CERTIFIED,False,"Candidate source; event extraction, coverage and cutoff certification still required"
socioeconomic_disadvantage,LGA / SA1,2021 Census,2021-08-10,2023-04-27,Independent published baseline,"SEIFA is an existing statistical index, not a new need index; cannot use 2021 for pre-August-2021 onset",First decision date and observation/publication vintage must be joined; not certified pre-decision,https://www.abs.gov.au/statistics/detailed-methodology-information/concepts-sources-methods/socio-economic-indexes-areas-seifa-technical-paper/2021,1038,AGRN 1038 - Severe Weather Event (commencing 13 October 2022),2022-10-13,seifa2021,0,,NOT_EXTRACTED_OR_NOT_CERTIFIED,False,"Candidate source; event extraction, coverage and cutoff certification still required"
infrastructure_scale,Council / asset class,prior financial year,event observation timestamp; not recovered,Frozen NSW fiscal road km observed; nationwide coverage unresolved,Predisaster road length is separate from disaster loss,NSW fiscal coverage only; differing road scope; use separate classes not combined need score,First decision date and observation/publication vintage must be joined; not certified pre-decision,https://www.abs.gov.au/census/guide-census-data/2021-census-product-release-guide,1038,AGRN 1038 - Severe Weather Event (commencing 13 October 2022),2022-10-13,abs_census_release,0,,NOT_EXTRACTED_OR_NOT_CERTIFIED,False,"Candidate source; event extraction, coverage and cutoff certification still required"
flood_extent,Landsat pixel then event footprint × LGA,individual satellite acquisition,event observation timestamp; not recovered,Product/scene processing dates not recovered,Physical sensor observations independent of grant decisions,"Cloud, shadow, revisit timing and missed peaks; surface water is not automatically flood damage or maximum extent",First decision date and observation/publication vintage must be joined; not certified pre-decision,https://knowledge.dea.ga.gov.au/data/product/dea-water-observations-landsat/,1046,AGRN 1046 - Northern and Central Queensland Monsoon and flooding (20 Dec 2022 - March 2023),2022-12-20,dea_water,0,,NOT_EXTRACTED_OR_NOT_CERTIFIED,False,"Candidate source; event extraction, coverage and cutoff certification still required"
flood_depth,Depth surface / asset site,event peak,event observation timestamp; not recovered,No verified consistent national event-depth source,Would be independent if modelled from hydrology without grant outcomes,DEA surface-water classification does not measure depth; elevation/hydraulic model and validation required,First decision date and observation/publication vintage must be joined; not certified pre-decision,https://knowledge.dea.ga.gov.au/data/product/dea-water-observations-landsat/,1046,AGRN 1046 - Northern and Central Queensland Monsoon and flooding (20 Dec 2022 - March 2023),2022-12-20,dea_water,0,,NOT_EXTRACTED_OR_NOT_CERTIFIED,False,"Candidate source; event extraction, coverage and cutoff certification still required"
fire_extent_severity,"NSW mapped fire polygons/pixels, then LGA",fire / seasonal mapped release,event observation timestamp; not recovered,Seasonal reports; event-specific release dates unresolved,Remote sensing independent of assistance,"NSW-only, seasonal aggregates must not be assigned to a single AGRN; other states need matched fire footprints",First decision date and observation/publication vintage must be joined; not certified pre-decision,https://www.environment.nsw.gov.au/topics/animals-and-plants/native-vegetation/landcover-science/fire-extent-and-severity-maps,1046,AGRN 1046 - Northern and Central Queensland Monsoon and flooding (20 Dec 2022 - March 2023),2022-12-20,fesmsource,0,,NOT_EXTRACTED_OR_NOT_CERTIFIED,False,Hazard relevance requires event fire record; NSW FESM is NSW only; other states need their own product
cyclone_wind,Best-track point / station or windfield,storm timestamp,event observation timestamp; not recovered,Best tracks are post-event reanalysis; issuance dates required,Weather observations independent of funding,Track distance is not measured LGA wind damage; retrospective best track may follow approval,First decision date and observation/publication vintage must be joined; not certified pre-decision,https://www.bom.gov.au/cyclone/tropical-cyclone-knowledge-centre/databases/,1046,AGRN 1046 - Northern and Central Queensland Monsoon and flooding (20 Dec 2022 - March 2023),2022-12-20,bom_tracks,0,,NOT_EXTRACTED_OR_NOT_CERTIFIED,False,Cyclone components only; no claim that track alone measures local wind damage
rainfall,Weather station / gridded rainfall,daily / event accumulation,event observation timestamp; not recovered,BOM observation/product publication audit outstanding,Meteorological measurements independent,"Cyclone archive is a lead, not an extracted all-event rainfall dataset; station completeness required",First decision date and observation/publication vintage must be joined; not certified pre-decision,https://www.bom.gov.au/cyclone/tropical-cyclone-knowledge-centre/databases/,1046,AGRN 1046 - Northern and Central Queensland Monsoon and flooding (20 Dec 2022 - March 2023),2022-12-20,bom_tracks,0,,NOT_EXTRACTED_OR_NOT_CERTIFIED,False,"Candidate source; event extraction, coverage and cutoff certification still required"
infrastructure_exposed,Dated road/building/asset inventory intersected with footprint,pre-event stock × event,event observation timestamp; not recovered,No common dated asset layer recovered,Pre-event inventory potentially independent,Population/building exposure is not damage; road inventories differ across states,First decision date and observation/publication vintage must be joined; not certified pre-decision,https://www.abs.gov.au/census/guide-census-data/2021-census-product-release-guide,1046,AGRN 1046 - Northern and Central Queensland Monsoon and flooding (20 Dec 2022 - March 2023),2022-12-20,abs_census_release,0,,NOT_EXTRACTED_OR_NOT_CERTIFIED,False,"Candidate source; event extraction, coverage and cutoff certification still required"
affected_area,Footprint area × LGA,event,event observation timestamp; not recovered,Acquisition-specific dates required,Potentially independent sensor estimate,No uniform all-hazard footprint measure; valid observed zero requires complete coverage,First decision date and observation/publication vintage must be joined; not certified pre-decision,https://knowledge.dea.ga.gov.au/data/product/dea-water-observations-landsat/,1046,AGRN 1046 - Northern and Central Queensland Monsoon and flooding (20 Dec 2022 - March 2023),2022-12-20,dea_water,0,,NOT_EXTRACTED_OR_NOT_CERTIFIED,False,"Candidate source; event extraction, coverage and cutoff certification still required"
affected_population,Census small area / population grid × footprint,pre-event stock × event,2021-08-10 for Census 2021; choose appropriate prior census,2021 Census first release 2022-06-28; finer products have later releases,Census stock independent; affected estimate depends on valid hazard footprint,Residential population is not people actually displaced; use older vintage before release where needed,First decision date and observation/publication vintage must be joined; not certified pre-decision,https://www.abs.gov.au/census/guide-census-data/2021-census-product-release-guide,1046,AGRN 1046 - Northern and Central Queensland Monsoon and flooding (20 Dec 2022 - March 2023),2022-12-20,abs_census_release,0,,NOT_EXTRACTED_OR_NOT_CERTIFIED,False,"Candidate source; event extraction, coverage and cutoff certification still required"
houses_damaged_destroyed,Property inspection / council / event totals,time-stamped impact assessment,event observation timestamp; not recovered,Some annual/incident reports; no comparable LGA ledger recovered,Damage assessments potentially independent; grants-approved damage is not,Assessment coverage and revision dates selective; annual event total insufficient for pre-decision LGA vector,First decision date and observation/publication vintage must be joined; not certified pre-decision,https://dfes.wa.gov.au/annualreport2021/wooroloo-bushfire/,1046,AGRN 1046 - Northern and Central Queensland Monsoon and flooding (20 Dec 2022 - March 2023),2022-12-20,wa950,0,,NOT_EXTRACTED_OR_NOT_CERTIFIED,False,"Candidate source; event extraction, coverage and cutoff certification still required"
evacuations_displacement,Warning polygon / evacuation centre / locality,incident time,event observation timestamp; not recovered,Some incident updates; national consistent historical vector not recovered,Potentially independent operational records,Evacuation order not count of displaced residents; council/event coverage unquantified,First decision date and observation/publication vintage must be joined; not certified pre-decision,https://www.disasterassist.gov.au/Pages/disasters/current-disasters/Tasmania/tasmanian-severe-weather-oct-2022-onwards.aspx,1046,AGRN 1046 - Northern and Central Queensland Monsoon and flooding (20 Dec 2022 - March 2023),2022-12-20,tas1038,0,,NOT_EXTRACTED_OR_NOT_CERTIFIED,False,"Candidate source; event extraction, coverage and cutoff certification still required"
essential_infrastructure_damage,Asset/site or NIAM recovery domain,assessment time,event observation timestamp; not recovered,State impact requests may hold this; public event-wide availability not established,Only if independently assessed rather than inferred from paid claims,Need pre-decision asset damage and assessment protocol; later reconstruction spending excluded,First decision date and observation/publication vintage must be joined; not certified pre-decision,https://www.nema.gov.au/sites/default/files/2024-08/drfa-2018-guideline-3-category-c-assessment-framework.pdf,1046,AGRN 1046 - Northern and Central Queensland Monsoon and flooding (20 Dec 2022 - March 2023),2022-12-20,guideline_c,0,,NOT_EXTRACTED_OR_NOT_CERTIFIED,False,"Candidate source; event extraction, coverage and cutoff certification still required"
business_agricultural_impact,Affected enterprise / sector / region,assessment time,event observation timestamp; not recovered,State Category C request/impact evidence not recovered,Potentially independent if includes all assessed businesses; applications selected,Do not use grant recipients or amounts as need; denominator of directly impacted enterprises required,First decision date and observation/publication vintage must be joined; not certified pre-decision,https://www.nema.gov.au/sites/default/files/2024-08/drfa-2018-guideline-3-category-c-assessment-framework.pdf,1046,AGRN 1046 - Northern and Central Queensland Monsoon and flooding (20 Dec 2022 - March 2023),2022-12-20,guideline_c,0,,NOT_EXTRACTED_OR_NOT_CERTIFIED,False,"Candidate source; event extraction, coverage and cutoff certification still required"
population,LGA / SA1,Census or annual population estimate,Census reference date or pre-event annual estimate,Release-specific; 2021 first release 2022-06-28,Independent baseline structure,"Stock covariate, not event impact; boundary vintage must match",First decision date and observation/publication vintage must be joined; not certified pre-decision,https://www.abs.gov.au/census/guide-census-data/2021-census-product-release-guide,1046,AGRN 1046 - Northern and Central Queensland Monsoon and flooding (20 Dec 2022 - March 2023),2022-12-20,abs_census_release,0,,NOT_EXTRACTED_OR_NOT_CERTIFIED,False,"Candidate source; event extraction, coverage and cutoff certification still required"
remoteness,ABS Remoteness Areas aggregated to council,ASGS vintage,event observation timestamp; not recovered,Exact selected RA vintage release not audited,Independent baseline structure,SAL documentation is geography lead only; LGA may span multiple remoteness classes; no arbitrary single class,First decision date and observation/publication vintage must be joined; not certified pre-decision,https://www.abs.gov.au/statistics/standards/australian-statistical-geography-standard-asgs/edition-3-july-2021-june-2026/non-abs-structures/suburbs-and-localities,1046,AGRN 1046 - Northern and Central Queensland Monsoon and flooding (20 Dec 2022 - March 2023),2022-12-20,abs_sal,0,,NOT_EXTRACTED_OR_NOT_CERTIFIED,False,"Candidate source; event extraction, coverage and cutoff certification still required"
socioeconomic_disadvantage,LGA / SA1,2021 Census,2021-08-10,2023-04-27,Independent published baseline,"SEIFA is an existing statistical index, not a new need index; cannot use 2021 for pre-August-2021 onset",First decision date and observation/publication vintage must be joined; not certified pre-decision,https://www.abs.gov.au/statistics/detailed-methodology-information/concepts-sources-methods/socio-economic-indexes-areas-seifa-technical-paper/2021,1046,AGRN 1046 - Northern and Central Queensland Monsoon and flooding (20 Dec 2022 - March 2023),2022-12-20,seifa2021,0,,NOT_EXTRACTED_OR_NOT_CERTIFIED,False,"Candidate source; event extraction, coverage and cutoff certification still required"
infrastructure_scale,Council / asset class,prior financial year,event observation timestamp; not recovered,Frozen NSW fiscal road km observed; nationwide coverage unresolved,Predisaster road length is separate from disaster loss,NSW fiscal coverage only; differing road scope; use separate classes not combined need score,First decision date and observation/publication vintage must be joined; not certified pre-decision,https://www.abs.gov.au/census/guide-census-data/2021-census-product-release-guide,1046,AGRN 1046 - Northern and Central Queensland Monsoon and flooding (20 Dec 2022 - March 2023),2022-12-20,abs_census_release,0,,NOT_EXTRACTED_OR_NOT_CERTIFIED,False,"Candidate source; event extraction, coverage and cutoff certification still required"
flood_extent,Landsat pixel then event footprint × LGA,individual satellite acquisition,event observation timestamp; not recovered,Product/scene processing dates not recovered,Physical sensor observations independent of grant decisions,"Cloud, shadow, revisit timing and missed peaks; surface water is not automatically flood damage or maximum extent",First decision date and observation/publication vintage must be joined; not certified pre-decision,https://knowledge.dea.ga.gov.au/data/product/dea-water-observations-landsat/,1044,AGRN 1044 - Ex TC Ellie and associated flooding (28 December 2022 onwards),2022-12-28,dea_water,0,,NOT_EXTRACTED_OR_NOT_CERTIFIED,False,"Candidate source; event extraction, coverage and cutoff certification still required"
flood_depth,Depth surface / asset site,event peak,event observation timestamp; not recovered,No verified consistent national event-depth source,Would be independent if modelled from hydrology without grant outcomes,DEA surface-water classification does not measure depth; elevation/hydraulic model and validation required,First decision date and observation/publication vintage must be joined; not certified pre-decision,https://knowledge.dea.ga.gov.au/data/product/dea-water-observations-landsat/,1044,AGRN 1044 - Ex TC Ellie and associated flooding (28 December 2022 onwards),2022-12-28,dea_water,0,,NOT_EXTRACTED_OR_NOT_CERTIFIED,False,"Candidate source; event extraction, coverage and cutoff certification still required"
fire_extent_severity,"NSW mapped fire polygons/pixels, then LGA",fire / seasonal mapped release,event observation timestamp; not recovered,Seasonal reports; event-specific release dates unresolved,Remote sensing independent of assistance,"NSW-only, seasonal aggregates must not be assigned to a single AGRN; other states need matched fire footprints",First decision date and observation/publication vintage must be joined; not certified pre-decision,https://www.environment.nsw.gov.au/topics/animals-and-plants/native-vegetation/landcover-science/fire-extent-and-severity-maps,1044,AGRN 1044 - Ex TC Ellie and associated flooding (28 December 2022 onwards),2022-12-28,fesmsource,0,,NOT_EXTRACTED_OR_NOT_CERTIFIED,False,Hazard relevance requires event fire record; NSW FESM is NSW only; other states need their own product
cyclone_wind,Best-track point / station or windfield,storm timestamp,event observation timestamp; not recovered,Best tracks are post-event reanalysis; issuance dates required,Weather observations independent of funding,Track distance is not measured LGA wind damage; retrospective best track may follow approval,First decision date and observation/publication vintage must be joined; not certified pre-decision,https://www.bom.gov.au/cyclone/tropical-cyclone-knowledge-centre/databases/,1044,AGRN 1044 - Ex TC Ellie and associated flooding (28 December 2022 onwards),2022-12-28,bom_tracks,0,,NOT_EXTRACTED_OR_NOT_CERTIFIED,False,Cyclone components only; no claim that track alone measures local wind damage
rainfall,Weather station / gridded rainfall,daily / event accumulation,event observation timestamp; not recovered,BOM observation/product publication audit outstanding,Meteorological measurements independent,"Cyclone archive is a lead, not an extracted all-event rainfall dataset; station completeness required",First decision date and observation/publication vintage must be joined; not certified pre-decision,https://www.bom.gov.au/cyclone/tropical-cyclone-knowledge-centre/databases/,1044,AGRN 1044 - Ex TC Ellie and associated flooding (28 December 2022 onwards),2022-12-28,bom_tracks,0,,NOT_EXTRACTED_OR_NOT_CERTIFIED,False,"Candidate source; event extraction, coverage and cutoff certification still required"
infrastructure_exposed,Dated road/building/asset inventory intersected with footprint,pre-event stock × event,event observation timestamp; not recovered,No common dated asset layer recovered,Pre-event inventory potentially independent,Population/building exposure is not damage; road inventories differ across states,First decision date and observation/publication vintage must be joined; not certified pre-decision,https://www.abs.gov.au/census/guide-census-data/2021-census-product-release-guide,1044,AGRN 1044 - Ex TC Ellie and associated flooding (28 December 2022 onwards),2022-12-28,abs_census_release,0,,NOT_EXTRACTED_OR_NOT_CERTIFIED,False,"Candidate source; event extraction, coverage and cutoff certification still required"
affected_area,Footprint area × LGA,event,event observation timestamp; not recovered,Acquisition-specific dates required,Potentially independent sensor estimate,No uniform all-hazard footprint measure; valid observed zero requires complete coverage,First decision date and observation/publication vintage must be joined; not certified pre-decision,https://knowledge.dea.ga.gov.au/data/product/dea-water-observations-landsat/,1044,AGRN 1044 - Ex TC Ellie and associated flooding (28 December 2022 onwards),2022-12-28,dea_water,0,,NOT_EXTRACTED_OR_NOT_CERTIFIED,False,"Candidate source; event extraction, coverage and cutoff certification still required"
affected_population,Census small area / population grid × footprint,pre-event stock × event,2021-08-10 for Census 2021; choose appropriate prior census,2021 Census first release 2022-06-28; finer products have later releases,Census stock independent; affected estimate depends on valid hazard footprint,Residential population is not people actually displaced; use older vintage before release where needed,First decision date and observation/publication vintage must be joined; not certified pre-decision,https://www.abs.gov.au/census/guide-census-data/2021-census-product-release-guide,1044,AGRN 1044 - Ex TC Ellie and associated flooding (28 December 2022 onwards),2022-12-28,abs_census_release,0,,NOT_EXTRACTED_OR_NOT_CERTIFIED,False,"Candidate source; event extraction, coverage and cutoff certification still required"
houses_damaged_destroyed,Property inspection / council / event totals,time-stamped impact assessment,event observation timestamp; not recovered,Some annual/incident reports; no comparable LGA ledger recovered,Damage assessments potentially independent; grants-approved damage is not,Assessment coverage and revision dates selective; annual event total insufficient for pre-decision LGA vector,First decision date and observation/publication vintage must be joined; not certified pre-decision,https://dfes.wa.gov.au/annualreport2021/wooroloo-bushfire/,1044,AGRN 1044 - Ex TC Ellie and associated flooding (28 December 2022 onwards),2022-12-28,wa950,0,,NOT_EXTRACTED_OR_NOT_CERTIFIED,False,"Candidate source; event extraction, coverage and cutoff certification still required"
evacuations_displacement,Warning polygon / evacuation centre / locality,incident time,event observation timestamp; not recovered,Some incident updates; national consistent historical vector not recovered,Potentially independent operational records,Evacuation order not count of displaced residents; council/event coverage unquantified,First decision date and observation/publication vintage must be joined; not certified pre-decision,https://www.disasterassist.gov.au/Pages/disasters/current-disasters/Tasmania/tasmanian-severe-weather-oct-2022-onwards.aspx,1044,AGRN 1044 - Ex TC Ellie and associated flooding (28 December 2022 onwards),2022-12-28,tas1038,0,,NOT_EXTRACTED_OR_NOT_CERTIFIED,False,"Candidate source; event extraction, coverage and cutoff certification still required"
essential_infrastructure_damage,Asset/site or NIAM recovery domain,assessment time,event observation timestamp; not recovered,State impact requests may hold this; public event-wide availability not established,Only if independently assessed rather than inferred from paid claims,Need pre-decision asset damage and assessment protocol; later reconstruction spending excluded,First decision date and observation/publication vintage must be joined; not certified pre-decision,https://www.nema.gov.au/sites/default/files/2024-08/drfa-2018-guideline-3-category-c-assessment-framework.pdf,1044,AGRN 1044 - Ex TC Ellie and associated flooding (28 December 2022 onwards),2022-12-28,guideline_c,0,,NOT_EXTRACTED_OR_NOT_CERTIFIED,False,"Candidate source; event extraction, coverage and cutoff certification still required"
business_agricultural_impact,Affected enterprise / sector / region,assessment time,event observation timestamp; not recovered,State Category C request/impact evidence not recovered,Potentially independent if includes all assessed businesses; applications selected,Do not use grant recipients or amounts as need; denominator of directly impacted enterprises required,First decision date and observation/publication vintage must be joined; not certified pre-decision,https://www.nema.gov.au/sites/default/files/2024-08/drfa-2018-guideline-3-category-c-assessment-framework.pdf,1044,AGRN 1044 - Ex TC Ellie and associated flooding (28 December 2022 onwards),2022-12-28,guideline_c,0,,NOT_EXTRACTED_OR_NOT_CERTIFIED,False,"Candidate source; event extraction, coverage and cutoff certification still required"
population,LGA / SA1,Census or annual population estimate,Census reference date or pre-event annual estimate,Release-specific; 2021 first release 2022-06-28,Independent baseline structure,"Stock covariate, not event impact; boundary vintage must match",First decision date and observation/publication vintage must be joined; not certified pre-decision,https://www.abs.gov.au/census/guide-census-data/2021-census-product-release-guide,1044,AGRN 1044 - Ex TC Ellie and associated flooding (28 December 2022 onwards),2022-12-28,abs_census_release,0,,NOT_EXTRACTED_OR_NOT_CERTIFIED,False,"Candidate source; event extraction, coverage and cutoff certification still required"
remoteness,ABS Remoteness Areas aggregated to council,ASGS vintage,event observation timestamp; not recovered,Exact selected RA vintage release not audited,Independent baseline structure,SAL documentation is geography lead only; LGA may span multiple remoteness classes; no arbitrary single class,First decision date and observation/publication vintage must be joined; not certified pre-decision,https://www.abs.gov.au/statistics/standards/australian-statistical-geography-standard-asgs/edition-3-july-2021-june-2026/non-abs-structures/suburbs-and-localities,1044,AGRN 1044 - Ex TC Ellie and associated flooding (28 December 2022 onwards),2022-12-28,abs_sal,0,,NOT_EXTRACTED_OR_NOT_CERTIFIED,False,"Candidate source; event extraction, coverage and cutoff certification still required"
socioeconomic_disadvantage,LGA / SA1,2021 Census,2021-08-10,2023-04-27,Independent published baseline,"SEIFA is an existing statistical index, not a new need index; cannot use 2021 for pre-August-2021 onset",First decision date and observation/publication vintage must be joined; not certified pre-decision,https://www.abs.gov.au/statistics/detailed-methodology-information/concepts-sources-methods/socio-economic-indexes-areas-seifa-technical-paper/2021,1044,AGRN 1044 - Ex TC Ellie and associated flooding (28 December 2022 onwards),2022-12-28,seifa2021,0,,NOT_EXTRACTED_OR_NOT_CERTIFIED,False,"Candidate source; event extraction, coverage and cutoff certification still required"
infrastructure_scale,Council / asset class,prior financial year,event observation timestamp; not recovered,Frozen NSW fiscal road km observed; nationwide coverage unresolved,Predisaster road length is separate from disaster loss,NSW fiscal coverage only; differing road scope; use separate classes not combined need score,First decision date and observation/publication vintage must be joined; not certified pre-decision,https://www.abs.gov.au/census/guide-census-data/2021-census-product-release-guide,1044,AGRN 1044 - Ex TC Ellie and associated flooding (28 December 2022 onwards),2022-12-28,abs_census_release,0,,NOT_EXTRACTED_OR_NOT_CERTIFIED,False,"Candidate source; event extraction, coverage and cutoff certification still required"
flood_extent,Landsat pixel then event footprint × LGA,individual satellite acquisition,event observation timestamp; not recovered,Product/scene processing dates not recovered,Physical sensor observations independent of grant decisions,"Cloud, shadow, revisit timing and missed peaks; surface water is not automatically flood damage or maximum extent",First decision date and observation/publication vintage must be joined; not certified pre-decision,https://knowledge.dea.ga.gov.au/data/product/dea-water-observations-landsat/,1078,AGRN 1078 - Southern Queensland Bushfires (8 September - 7 November 2023),2023-09-08,dea_water,0,,NOT_EXTRACTED_OR_NOT_CERTIFIED,False,"Candidate source; event extraction, coverage and cutoff certification still required"
flood_depth,Depth surface / asset site,event peak,event observation timestamp; not recovered,No verified consistent national event-depth source,Would be independent if modelled from hydrology without grant outcomes,DEA surface-water classification does not measure depth; elevation/hydraulic model and validation required,First decision date and observation/publication vintage must be joined; not certified pre-decision,https://knowledge.dea.ga.gov.au/data/product/dea-water-observations-landsat/,1078,AGRN 1078 - Southern Queensland Bushfires (8 September - 7 November 2023),2023-09-08,dea_water,0,,NOT_EXTRACTED_OR_NOT_CERTIFIED,False,"Candidate source; event extraction, coverage and cutoff certification still required"
fire_extent_severity,"NSW mapped fire polygons/pixels, then LGA",fire / seasonal mapped release,event observation timestamp; not recovered,Seasonal reports; event-specific release dates unresolved,Remote sensing independent of assistance,"NSW-only, seasonal aggregates must not be assigned to a single AGRN; other states need matched fire footprints",First decision date and observation/publication vintage must be joined; not certified pre-decision,https://www.environment.nsw.gov.au/topics/animals-and-plants/native-vegetation/landcover-science/fire-extent-and-severity-maps,1078,AGRN 1078 - Southern Queensland Bushfires (8 September - 7 November 2023),2023-09-08,fesmsource,0,,NOT_EXTRACTED_OR_NOT_CERTIFIED,False,Hazard relevance requires event fire record; NSW FESM is NSW only; other states need their own product
cyclone_wind,Best-track point / station or windfield,storm timestamp,event observation timestamp; not recovered,Best tracks are post-event reanalysis; issuance dates required,Weather observations independent of funding,Track distance is not measured LGA wind damage; retrospective best track may follow approval,First decision date and observation/publication vintage must be joined; not certified pre-decision,https://www.bom.gov.au/cyclone/tropical-cyclone-knowledge-centre/databases/,1078,AGRN 1078 - Southern Queensland Bushfires (8 September - 7 November 2023),2023-09-08,bom_tracks,0,,NOT_EXTRACTED_OR_NOT_CERTIFIED,False,Cyclone components only; no claim that track alone measures local wind damage
rainfall,Weather station / gridded rainfall,daily / event accumulation,event observation timestamp; not recovered,BOM observation/product publication audit outstanding,Meteorological measurements independent,"Cyclone archive is a lead, not an extracted all-event rainfall dataset; station completeness required",First decision date and observation/publication vintage must be joined; not certified pre-decision,https://www.bom.gov.au/cyclone/tropical-cyclone-knowledge-centre/databases/,1078,AGRN 1078 - Southern Queensland Bushfires (8 September - 7 November 2023),2023-09-08,bom_tracks,0,,NOT_EXTRACTED_OR_NOT_CERTIFIED,False,"Candidate source; event extraction, coverage and cutoff certification still required"
infrastructure_exposed,Dated road/building/asset inventory intersected with footprint,pre-event stock × event,event observation timestamp; not recovered,No common dated asset layer recovered,Pre-event inventory potentially independent,Population/building exposure is not damage; road inventories differ across states,First decision date and observation/publication vintage must be joined; not certified pre-decision,https://www.abs.gov.au/census/guide-census-data/2021-census-product-release-guide,1078,AGRN 1078 - Southern Queensland Bushfires (8 September - 7 November 2023),2023-09-08,abs_census_release,0,,NOT_EXTRACTED_OR_NOT_CERTIFIED,False,"Candidate source; event extraction, coverage and cutoff certification still required"
affected_area,Footprint area × LGA,event,event observation timestamp; not recovered,Acquisition-specific dates required,Potentially independent sensor estimate,No uniform all-hazard footprint measure; valid observed zero requires complete coverage,First decision date and observation/publication vintage must be joined; not certified pre-decision,https://knowledge.dea.ga.gov.au/data/product/dea-water-observations-landsat/,1078,AGRN 1078 - Southern Queensland Bushfires (8 September - 7 November 2023),2023-09-08,dea_water,0,,NOT_EXTRACTED_OR_NOT_CERTIFIED,False,"Candidate source; event extraction, coverage and cutoff certification still required"
affected_population,Census small area / population grid × footprint,pre-event stock × event,2021-08-10 for Census 2021; choose appropriate prior census,2021 Census first release 2022-06-28; finer products have later releases,Census stock independent; affected estimate depends on valid hazard footprint,Residential population is not people actually displaced; use older vintage before release where needed,First decision date and observation/publication vintage must be joined; not certified pre-decision,https://www.abs.gov.au/census/guide-census-data/2021-census-product-release-guide,1078,AGRN 1078 - Southern Queensland Bushfires (8 September - 7 November 2023),2023-09-08,abs_census_release,0,,NOT_EXTRACTED_OR_NOT_CERTIFIED,False,"Candidate source; event extraction, coverage and cutoff certification still required"
houses_damaged_destroyed,Property inspection / council / event totals,time-stamped impact assessment,event observation timestamp; not recovered,Some annual/incident reports; no comparable LGA ledger recovered,Damage assessments potentially independent; grants-approved damage is not,Assessment coverage and revision dates selective; annual event total insufficient for pre-decision LGA vector,First decision date and observation/publication vintage must be joined; not certified pre-decision,https://dfes.wa.gov.au/annualreport2021/wooroloo-bushfire/,1078,AGRN 1078 - Southern Queensland Bushfires (8 September - 7 November 2023),2023-09-08,wa950,0,,NOT_EXTRACTED_OR_NOT_CERTIFIED,False,"Candidate source; event extraction, coverage and cutoff certification still required"
evacuations_displacement,Warning polygon / evacuation centre / locality,incident time,event observation timestamp; not recovered,Some incident updates; national consistent historical vector not recovered,Potentially independent operational records,Evacuation order not count of displaced residents; council/event coverage unquantified,First decision date and observation/publication vintage must be joined; not certified pre-decision,https://www.disasterassist.gov.au/Pages/disasters/current-disasters/Tasmania/tasmanian-severe-weather-oct-2022-onwards.aspx,1078,AGRN 1078 - Southern Queensland Bushfires (8 September - 7 November 2023),2023-09-08,tas1038,0,,NOT_EXTRACTED_OR_NOT_CERTIFIED,False,"Candidate source; event extraction, coverage and cutoff certification still required"
essential_infrastructure_damage,Asset/site or NIAM recovery domain,assessment time,event observation timestamp; not recovered,State impact requests may hold this; public event-wide availability not established,Only if independently assessed rather than inferred from paid claims,Need pre-decision asset damage and assessment protocol; later reconstruction spending excluded,First decision date and observation/publication vintage must be joined; not certified pre-decision,https://www.nema.gov.au/sites/default/files/2024-08/drfa-2018-guideline-3-category-c-assessment-framework.pdf,1078,AGRN 1078 - Southern Queensland Bushfires (8 September - 7 November 2023),2023-09-08,guideline_c,0,,NOT_EXTRACTED_OR_NOT_CERTIFIED,False,"Candidate source; event extraction, coverage and cutoff certification still required"
business_agricultural_impact,Affected enterprise / sector / region,assessment time,event observation timestamp; not recovered,State Category C request/impact evidence not recovered,Potentially independent if includes all assessed businesses; applications selected,Do not use grant recipients or amounts as need; denominator of directly impacted enterprises required,First decision date and observation/publication vintage must be joined; not certified pre-decision,https://www.nema.gov.au/sites/default/files/2024-08/drfa-2018-guideline-3-category-c-assessment-framework.pdf,1078,AGRN 1078 - Southern Queensland Bushfires (8 September - 7 November 2023),2023-09-08,guideline_c,0,,NOT_EXTRACTED_OR_NOT_CERTIFIED,False,"Candidate source; event extraction, coverage and cutoff certification still required"
population,LGA / SA1,Census or annual population estimate,Census reference date or pre-event annual estimate,Release-specific; 2021 first release 2022-06-28,Independent baseline structure,"Stock covariate, not event impact; boundary vintage must match",First decision date and observation/publication vintage must be joined; not certified pre-decision,https://www.abs.gov.au/census/guide-census-data/2021-census-product-release-guide,1078,AGRN 1078 - Southern Queensland Bushfires (8 September - 7 November 2023),2023-09-08,abs_census_release,0,,NOT_EXTRACTED_OR_NOT_CERTIFIED,False,"Candidate source; event extraction, coverage and cutoff certification still required"
remoteness,ABS Remoteness Areas aggregated to council,ASGS vintage,event observation timestamp; not recovered,Exact selected RA vintage release not audited,Independent baseline structure,SAL documentation is geography lead only; LGA may span multiple remoteness classes; no arbitrary single class,First decision date and observation/publication vintage must be joined; not certified pre-decision,https://www.abs.gov.au/statistics/standards/australian-statistical-geography-standard-asgs/edition-3-july-2021-june-2026/non-abs-structures/suburbs-and-localities,1078,AGRN 1078 - Southern Queensland Bushfires (8 September - 7 November 2023),2023-09-08,abs_sal,0,,NOT_EXTRACTED_OR_NOT_CERTIFIED,False,"Candidate source; event extraction, coverage and cutoff certification still required"
socioeconomic_disadvantage,LGA / SA1,2021 Census,2021-08-10,2023-04-27,Independent published baseline,"SEIFA is an existing statistical index, not a new need index; cannot use 2021 for pre-August-2021 onset",First decision date and observation/publication vintage must be joined; not certified pre-decision,https://www.abs.gov.au/statistics/detailed-methodology-information/concepts-sources-methods/socio-economic-indexes-areas-seifa-technical-paper/2021,1078,AGRN 1078 - Southern Queensland Bushfires (8 September - 7 November 2023),2023-09-08,seifa2021,0,,NOT_EXTRACTED_OR_NOT_CERTIFIED,False,"Candidate source; event extraction, coverage and cutoff certification still required"
infrastructure_scale,Council / asset class,prior financial year,event observation timestamp; not recovered,Frozen NSW fiscal road km observed; nationwide coverage unresolved,Predisaster road length is separate from disaster loss,NSW fiscal coverage only; differing road scope; use separate classes not combined need score,First decision date and observation/publication vintage must be joined; not certified pre-decision,https://www.abs.gov.au/census/guide-census-data/2021-census-product-release-guide,1078,AGRN 1078 - Southern Queensland Bushfires (8 September - 7 November 2023),2023-09-08,abs_census_release,0,,NOT_EXTRACTED_OR_NOT_CERTIFIED,False,"Candidate source; event extraction, coverage and cutoff certification still required"
flood_extent,Landsat pixel then event footprint × LGA,individual satellite acquisition,event observation timestamp; not recovered,Product/scene processing dates not recovered,Physical sensor observations independent of grant decisions,"Cloud, shadow, revisit timing and missed peaks; surface water is not automatically flood damage or maximum extent",First decision date and observation/publication vintage must be joined; not certified pre-decision,https://knowledge.dea.ga.gov.au/data/product/dea-water-observations-landsat/,1088,"AGRN 1088 - Tropical Cyclone Jasper, associated rainfall and flooding (13 - 28 December 2023)",2023-12-13,dea_water,0,,NOT_EXTRACTED_OR_NOT_CERTIFIED,False,"Candidate source; event extraction, coverage and cutoff certification still required"
flood_depth,Depth surface / asset site,event peak,event observation timestamp; not recovered,No verified consistent national event-depth source,Would be independent if modelled from hydrology without grant outcomes,DEA surface-water classification does not measure depth; elevation/hydraulic model and validation required,First decision date and observation/publication vintage must be joined; not certified pre-decision,https://knowledge.dea.ga.gov.au/data/product/dea-water-observations-landsat/,1088,"AGRN 1088 - Tropical Cyclone Jasper, associated rainfall and flooding (13 - 28 December 2023)",2023-12-13,dea_water,0,,NOT_EXTRACTED_OR_NOT_CERTIFIED,False,"Candidate source; event extraction, coverage and cutoff certification still required"
fire_extent_severity,"NSW mapped fire polygons/pixels, then LGA",fire / seasonal mapped release,event observation timestamp; not recovered,Seasonal reports; event-specific release dates unresolved,Remote sensing independent of assistance,"NSW-only, seasonal aggregates must not be assigned to a single AGRN; other states need matched fire footprints",First decision date and observation/publication vintage must be joined; not certified pre-decision,https://www.environment.nsw.gov.au/topics/animals-and-plants/native-vegetation/landcover-science/fire-extent-and-severity-maps,1088,"AGRN 1088 - Tropical Cyclone Jasper, associated rainfall and flooding (13 - 28 December 2023)",2023-12-13,fesmsource,0,,NOT_EXTRACTED_OR_NOT_CERTIFIED,False,Hazard relevance requires event fire record; NSW FESM is NSW only; other states need their own product
cyclone_wind,Best-track point / station or windfield,storm timestamp,event observation timestamp; not recovered,Best tracks are post-event reanalysis; issuance dates required,Weather observations independent of funding,Track distance is not measured LGA wind damage; retrospective best track may follow approval,First decision date and observation/publication vintage must be joined; not certified pre-decision,https://www.bom.gov.au/cyclone/tropical-cyclone-knowledge-centre/databases/,1088,"AGRN 1088 - Tropical Cyclone Jasper, associated rainfall and flooding (13 - 28 December 2023)",2023-12-13,bom_tracks,0,,NOT_EXTRACTED_OR_NOT_CERTIFIED,False,Cyclone components only; no claim that track alone measures local wind damage
rainfall,Weather station / gridded rainfall,daily / event accumulation,event observation timestamp; not recovered,BOM observation/product publication audit outstanding,Meteorological measurements independent,"Cyclone archive is a lead, not an extracted all-event rainfall dataset; station completeness required",First decision date and observation/publication vintage must be joined; not certified pre-decision,https://www.bom.gov.au/cyclone/tropical-cyclone-knowledge-centre/databases/,1088,"AGRN 1088 - Tropical Cyclone Jasper, associated rainfall and flooding (13 - 28 December 2023)",2023-12-13,bom_tracks,0,,NOT_EXTRACTED_OR_NOT_CERTIFIED,False,"Candidate source; event extraction, coverage and cutoff certification still required"
infrastructure_exposed,Dated road/building/asset inventory intersected with footprint,pre-event stock × event,event observation timestamp; not recovered,No common dated asset layer recovered,Pre-event inventory potentially independent,Population/building exposure is not damage; road inventories differ across states,First decision date and observation/publication vintage must be joined; not certified pre-decision,https://www.abs.gov.au/census/guide-census-data/2021-census-product-release-guide,1088,"AGRN 1088 - Tropical Cyclone Jasper, associated rainfall and flooding (13 - 28 December 2023)",2023-12-13,abs_census_release,0,,NOT_EXTRACTED_OR_NOT_CERTIFIED,False,"Candidate source; event extraction, coverage and cutoff certification still required"
affected_area,Footprint area × LGA,event,event observation timestamp; not recovered,Acquisition-specific dates required,Potentially independent sensor estimate,No uniform all-hazard footprint measure; valid observed zero requires complete coverage,First decision date and observation/publication vintage must be joined; not certified pre-decision,https://knowledge.dea.ga.gov.au/data/product/dea-water-observations-landsat/,1088,"AGRN 1088 - Tropical Cyclone Jasper, associated rainfall and flooding (13 - 28 December 2023)",2023-12-13,dea_water,0,,NOT_EXTRACTED_OR_NOT_CERTIFIED,False,"Candidate source; event extraction, coverage and cutoff certification still required"
affected_population,Census small area / population grid × footprint,pre-event stock × event,2021-08-10 for Census 2021; choose appropriate prior census,2021 Census first release 2022-06-28; finer products have later releases,Census stock independent; affected estimate depends on valid hazard footprint,Residential population is not people actually displaced; use older vintage before release where needed,First decision date and observation/publication vintage must be joined; not certified pre-decision,https://www.abs.gov.au/census/guide-census-data/2021-census-product-release-guide,1088,"AGRN 1088 - Tropical Cyclone Jasper, associated rainfall and flooding (13 - 28 December 2023)",2023-12-13,abs_census_release,0,,NOT_EXTRACTED_OR_NOT_CERTIFIED,False,"Candidate source; event extraction, coverage and cutoff certification still required"
houses_damaged_destroyed,Property inspection / council / event totals,time-stamped impact assessment,event observation timestamp; not recovered,Some annual/incident reports; no comparable LGA ledger recovered,Damage assessments potentially independent; grants-approved damage is not,Assessment coverage and revision dates selective; annual event total insufficient for pre-decision LGA vector,First decision date and observation/publication vintage must be joined; not certified pre-decision,https://dfes.wa.gov.au/annualreport2021/wooroloo-bushfire/,1088,"AGRN 1088 - Tropical Cyclone Jasper, associated rainfall and flooding (13 - 28 December 2023)",2023-12-13,wa950,0,,NOT_EXTRACTED_OR_NOT_CERTIFIED,False,"Candidate source; event extraction, coverage and cutoff certification still required"
evacuations_displacement,Warning polygon / evacuation centre / locality,incident time,event observation timestamp; not recovered,Some incident updates; national consistent historical vector not recovered,Potentially independent operational records,Evacuation order not count of displaced residents; council/event coverage unquantified,First decision date and observation/publication vintage must be joined; not certified pre-decision,https://www.disasterassist.gov.au/Pages/disasters/current-disasters/Tasmania/tasmanian-severe-weather-oct-2022-onwards.aspx,1088,"AGRN 1088 - Tropical Cyclone Jasper, associated rainfall and flooding (13 - 28 December 2023)",2023-12-13,tas1038,0,,NOT_EXTRACTED_OR_NOT_CERTIFIED,False,"Candidate source; event extraction, coverage and cutoff certification still required"
essential_infrastructure_damage,Asset/site or NIAM recovery domain,assessment time,event observation timestamp; not recovered,State impact requests may hold this; public event-wide availability not established,Only if independently assessed rather than inferred from paid claims,Need pre-decision asset damage and assessment protocol; later reconstruction spending excluded,First decision date and observation/publication vintage must be joined; not certified pre-decision,https://www.nema.gov.au/sites/default/files/2024-08/drfa-2018-guideline-3-category-c-assessment-framework.pdf,1088,"AGRN 1088 - Tropical Cyclone Jasper, associated rainfall and flooding (13 - 28 December 2023)",2023-12-13,guideline_c,0,,NOT_EXTRACTED_OR_NOT_CERTIFIED,False,"Candidate source; event extraction, coverage and cutoff certification still required"
business_agricultural_impact,Affected enterprise / sector / region,assessment time,event observation timestamp; not recovered,State Category C request/impact evidence not recovered,Potentially independent if includes all assessed businesses; applications selected,Do not use grant recipients or amounts as need; denominator of directly impacted enterprises required,First decision date and observation/publication vintage must be joined; not certified pre-decision,https://www.nema.gov.au/sites/default/files/2024-08/drfa-2018-guideline-3-category-c-assessment-framework.pdf,1088,"AGRN 1088 - Tropical Cyclone Jasper, associated rainfall and flooding (13 - 28 December 2023)",2023-12-13,guideline_c,0,,NOT_EXTRACTED_OR_NOT_CERTIFIED,False,"Candidate source; event extraction, coverage and cutoff certification still required"
population,LGA / SA1,Census or annual population estimate,Census reference date or pre-event annual estimate,Release-specific; 2021 first release 2022-06-28,Independent baseline structure,"Stock covariate, not event impact; boundary vintage must match",First decision date and observation/publication vintage must be joined; not certified pre-decision,https://www.abs.gov.au/census/guide-census-data/2021-census-product-release-guide,1088,"AGRN 1088 - Tropical Cyclone Jasper, associated rainfall and flooding (13 - 28 December 2023)",2023-12-13,abs_census_release,0,,NOT_EXTRACTED_OR_NOT_CERTIFIED,False,"Candidate source; event extraction, coverage and cutoff certification still required"
remoteness,ABS Remoteness Areas aggregated to council,ASGS vintage,event observation timestamp; not recovered,Exact selected RA vintage release not audited,Independent baseline structure,SAL documentation is geography lead only; LGA may span multiple remoteness classes; no arbitrary single class,First decision date and observation/publication vintage must be joined; not certified pre-decision,https://www.abs.gov.au/statistics/standards/australian-statistical-geography-standard-asgs/edition-3-july-2021-june-2026/non-abs-structures/suburbs-and-localities,1088,"AGRN 1088 - Tropical Cyclone Jasper, associated rainfall and flooding (13 - 28 December 2023)",2023-12-13,abs_sal,0,,NOT_EXTRACTED_OR_NOT_CERTIFIED,False,"Candidate source; event extraction, coverage and cutoff certification still required"
socioeconomic_disadvantage,LGA / SA1,2021 Census,2021-08-10,2023-04-27,Independent published baseline,"SEIFA is an existing statistical index, not a new need index; cannot use 2021 for pre-August-2021 onset",First decision date and observation/publication vintage must be joined; not certified pre-decision,https://www.abs.gov.au/statistics/detailed-methodology-information/concepts-sources-methods/socio-economic-indexes-areas-seifa-technical-paper/2021,1088,"AGRN 1088 - Tropical Cyclone Jasper, associated rainfall and flooding (13 - 28 December 2023)",2023-12-13,seifa2021,0,,NOT_EXTRACTED_OR_NOT_CERTIFIED,False,"Candidate source; event extraction, coverage and cutoff certification still required"
infrastructure_scale,Council / asset class,prior financial year,event observation timestamp; not recovered,Frozen NSW fiscal road km observed; nationwide coverage unresolved,Predisaster road length is separate from disaster loss,NSW fiscal coverage only; differing road scope; use separate classes not combined need score,First decision date and observation/publication vintage must be joined; not certified pre-decision,https://www.abs.gov.au/census/guide-census-data/2021-census-product-release-guide,1088,"AGRN 1088 - Tropical Cyclone Jasper, associated rainfall and flooding (13 - 28 December 2023)",2023-12-13,abs_census_release,0,,NOT_EXTRACTED_OR_NOT_CERTIFIED,False,"Candidate source; event extraction, coverage and cutoff certification still required"
flood_extent,Landsat pixel then event footprint × LGA,individual satellite acquisition,event observation timestamp; not recovered,Product/scene processing dates not recovered,Physical sensor observations independent of grant decisions,"Cloud, shadow, revisit timing and missed peaks; surface water is not automatically flood damage or maximum extent",First decision date and observation/publication vintage must be joined; not certified pre-decision,https://knowledge.dea.ga.gov.au/data/product/dea-water-observations-landsat/,1094,AGRN 1094 - South East Queensland Severe Storms and Rainfall (24 December 2023 - 3 January 2024),2023-12-24,dea_water,0,,NOT_EXTRACTED_OR_NOT_CERTIFIED,False,"Candidate source; event extraction, coverage and cutoff certification still required"
flood_depth,Depth surface / asset site,event peak,event observation timestamp; not recovered,No verified consistent national event-depth source,Would be independent if modelled from hydrology without grant outcomes,DEA surface-water classification does not measure depth; elevation/hydraulic model and validation required,First decision date and observation/publication vintage must be joined; not certified pre-decision,https://knowledge.dea.ga.gov.au/data/product/dea-water-observations-landsat/,1094,AGRN 1094 - South East Queensland Severe Storms and Rainfall (24 December 2023 - 3 January 2024),2023-12-24,dea_water,0,,NOT_EXTRACTED_OR_NOT_CERTIFIED,False,"Candidate source; event extraction, coverage and cutoff certification still required"
fire_extent_severity,"NSW mapped fire polygons/pixels, then LGA",fire / seasonal mapped release,event observation timestamp; not recovered,Seasonal reports; event-specific release dates unresolved,Remote sensing independent of assistance,"NSW-only, seasonal aggregates must not be assigned to a single AGRN; other states need matched fire footprints",First decision date and observation/publication vintage must be joined; not certified pre-decision,https://www.environment.nsw.gov.au/topics/animals-and-plants/native-vegetation/landcover-science/fire-extent-and-severity-maps,1094,AGRN 1094 - South East Queensland Severe Storms and Rainfall (24 December 2023 - 3 January 2024),2023-12-24,fesmsource,0,,NOT_EXTRACTED_OR_NOT_CERTIFIED,False,Hazard relevance requires event fire record; NSW FESM is NSW only; other states need their own product
cyclone_wind,Best-track point / station or windfield,storm timestamp,event observation timestamp; not recovered,Best tracks are post-event reanalysis; issuance dates required,Weather observations independent of funding,Track distance is not measured LGA wind damage; retrospective best track may follow approval,First decision date and observation/publication vintage must be joined; not certified pre-decision,https://www.bom.gov.au/cyclone/tropical-cyclone-knowledge-centre/databases/,1094,AGRN 1094 - South East Queensland Severe Storms and Rainfall (24 December 2023 - 3 January 2024),2023-12-24,bom_tracks,0,,NOT_EXTRACTED_OR_NOT_CERTIFIED,False,Cyclone components only; no claim that track alone measures local wind damage
rainfall,Weather station / gridded rainfall,daily / event accumulation,event observation timestamp; not recovered,BOM observation/product publication audit outstanding,Meteorological measurements independent,"Cyclone archive is a lead, not an extracted all-event rainfall dataset; station completeness required",First decision date and observation/publication vintage must be joined; not certified pre-decision,https://www.bom.gov.au/cyclone/tropical-cyclone-knowledge-centre/databases/,1094,AGRN 1094 - South East Queensland Severe Storms and Rainfall (24 December 2023 - 3 January 2024),2023-12-24,bom_tracks,0,,NOT_EXTRACTED_OR_NOT_CERTIFIED,False,"Candidate source; event extraction, coverage and cutoff certification still required"
infrastructure_exposed,Dated road/building/asset inventory intersected with footprint,pre-event stock × event,event observation timestamp; not recovered,No common dated asset layer recovered,Pre-event inventory potentially independent,Population/building exposure is not damage; road inventories differ across states,First decision date and observation/publication vintage must be joined; not certified pre-decision,https://www.abs.gov.au/census/guide-census-data/2021-census-product-release-guide,1094,AGRN 1094 - South East Queensland Severe Storms and Rainfall (24 December 2023 - 3 January 2024),2023-12-24,abs_census_release,0,,NOT_EXTRACTED_OR_NOT_CERTIFIED,False,"Candidate source; event extraction, coverage and cutoff certification still required"
affected_area,Footprint area × LGA,event,event observation timestamp; not recovered,Acquisition-specific dates required,Potentially independent sensor estimate,No uniform all-hazard footprint measure; valid observed zero requires complete coverage,First decision date and observation/publication vintage must be joined; not certified pre-decision,https://knowledge.dea.ga.gov.au/data/product/dea-water-observations-landsat/,1094,AGRN 1094 - South East Queensland Severe Storms and Rainfall (24 December 2023 - 3 January 2024),2023-12-24,dea_water,0,,NOT_EXTRACTED_OR_NOT_CERTIFIED,False,"Candidate source; event extraction, coverage and cutoff certification still required"
affected_population,Census small area / population grid × footprint,pre-event stock × event,2021-08-10 for Census 2021; choose appropriate prior census,2021 Census first release 2022-06-28; finer products have later releases,Census stock independent; affected estimate depends on valid hazard footprint,Residential population is not people actually displaced; use older vintage before release where needed,First decision date and observation/publication vintage must be joined; not certified pre-decision,https://www.abs.gov.au/census/guide-census-data/2021-census-product-release-guide,1094,AGRN 1094 - South East Queensland Severe Storms and Rainfall (24 December 2023 - 3 January 2024),2023-12-24,abs_census_release,0,,NOT_EXTRACTED_OR_NOT_CERTIFIED,False,"Candidate source; event extraction, coverage and cutoff certification still required"
houses_damaged_destroyed,Property inspection / council / event totals,time-stamped impact assessment,event observation timestamp; not recovered,Some annual/incident reports; no comparable LGA ledger recovered,Damage assessments potentially independent; grants-approved damage is not,Assessment coverage and revision dates selective; annual event total insufficient for pre-decision LGA vector,First decision date and observation/publication vintage must be joined; not certified pre-decision,https://dfes.wa.gov.au/annualreport2021/wooroloo-bushfire/,1094,AGRN 1094 - South East Queensland Severe Storms and Rainfall (24 December 2023 - 3 January 2024),2023-12-24,wa950,0,,NOT_EXTRACTED_OR_NOT_CERTIFIED,False,"Candidate source; event extraction, coverage and cutoff certification still required"
evacuations_displacement,Warning polygon / evacuation centre / locality,incident time,event observation timestamp; not recovered,Some incident updates; national consistent historical vector not recovered,Potentially independent operational records,Evacuation order not count of displaced residents; council/event coverage unquantified,First decision date and observation/publication vintage must be joined; not certified pre-decision,https://www.disasterassist.gov.au/Pages/disasters/current-disasters/Tasmania/tasmanian-severe-weather-oct-2022-onwards.aspx,1094,AGRN 1094 - South East Queensland Severe Storms and Rainfall (24 December 2023 - 3 January 2024),2023-12-24,tas1038,0,,NOT_EXTRACTED_OR_NOT_CERTIFIED,False,"Candidate source; event extraction, coverage and cutoff certification still required"
essential_infrastructure_damage,Asset/site or NIAM recovery domain,assessment time,event observation timestamp; not recovered,State impact requests may hold this; public event-wide availability not established,Only if independently assessed rather than inferred from paid claims,Need pre-decision asset damage and assessment protocol; later reconstruction spending excluded,First decision date and observation/publication vintage must be joined; not certified pre-decision,https://www.nema.gov.au/sites/default/files/2024-08/drfa-2018-guideline-3-category-c-assessment-framework.pdf,1094,AGRN 1094 - South East Queensland Severe Storms and Rainfall (24 December 2023 - 3 January 2024),2023-12-24,guideline_c,0,,NOT_EXTRACTED_OR_NOT_CERTIFIED,False,"Candidate source; event extraction, coverage and cutoff certification still required"
business_agricultural_impact,Affected enterprise / sector / region,assessment time,event observation timestamp; not recovered,State Category C request/impact evidence not recovered,Potentially independent if includes all assessed businesses; applications selected,Do not use grant recipients or amounts as need; denominator of directly impacted enterprises required,First decision date and observation/publication vintage must be joined; not certified pre-decision,https://www.nema.gov.au/sites/default/files/2024-08/drfa-2018-guideline-3-category-c-assessment-framework.pdf,1094,AGRN 1094 - South East Queensland Severe Storms and Rainfall (24 December 2023 - 3 January 2024),2023-12-24,guideline_c,0,,NOT_EXTRACTED_OR_NOT_CERTIFIED,False,"Candidate source; event extraction, coverage and cutoff certification still required"
population,LGA / SA1,Census or annual population estimate,Census reference date or pre-event annual estimate,Release-specific; 2021 first release 2022-06-28,Independent baseline structure,"Stock covariate, not event impact; boundary vintage must match",First decision date and observation/publication vintage must be joined; not certified pre-decision,https://www.abs.gov.au/census/guide-census-data/2021-census-product-release-guide,1094,AGRN 1094 - South East Queensland Severe Storms and Rainfall (24 December 2023 - 3 January 2024),2023-12-24,abs_census_release,0,,NOT_EXTRACTED_OR_NOT_CERTIFIED,False,"Candidate source; event extraction, coverage and cutoff certification still required"
remoteness,ABS Remoteness Areas aggregated to council,ASGS vintage,event observation timestamp; not recovered,Exact selected RA vintage release not audited,Independent baseline structure,SAL documentation is geography lead only; LGA may span multiple remoteness classes; no arbitrary single class,First decision date and observation/publication vintage must be joined; not certified pre-decision,https://www.abs.gov.au/statistics/standards/australian-statistical-geography-standard-asgs/edition-3-july-2021-june-2026/non-abs-structures/suburbs-and-localities,1094,AGRN 1094 - South East Queensland Severe Storms and Rainfall (24 December 2023 - 3 January 2024),2023-12-24,abs_sal,0,,NOT_EXTRACTED_OR_NOT_CERTIFIED,False,"Candidate source; event extraction, coverage and cutoff certification still required"
socioeconomic_disadvantage,LGA / SA1,2021 Census,2021-08-10,2023-04-27,Independent published baseline,"SEIFA is an existing statistical index, not a new need index; cannot use 2021 for pre-August-2021 onset",First decision date and observation/publication vintage must be joined; not certified pre-decision,https://www.abs.gov.au/statistics/detailed-methodology-information/concepts-sources-methods/socio-economic-indexes-areas-seifa-technical-paper/2021,1094,AGRN 1094 - South East Queensland Severe Storms and Rainfall (24 December 2023 - 3 January 2024),2023-12-24,seifa2021,0,,NOT_EXTRACTED_OR_NOT_CERTIFIED,False,"Candidate source; event extraction, coverage and cutoff certification still required"
infrastructure_scale,Council / asset class,prior financial year,event observation timestamp; not recovered,Frozen NSW fiscal road km observed; nationwide coverage unresolved,Predisaster road length is separate from disaster loss,NSW fiscal coverage only; differing road scope; use separate classes not combined need score,First decision date and observation/publication vintage must be joined; not certified pre-decision,https://www.abs.gov.au/census/guide-census-data/2021-census-product-release-guide,1094,AGRN 1094 - South East Queensland Severe Storms and Rainfall (24 December 2023 - 3 January 2024),2023-12-24,abs_census_release,0,,NOT_EXTRACTED_OR_NOT_CERTIFIED,False,"Candidate source; event extraction, coverage and cutoff certification still required"
flood_extent,Landsat pixel then event footprint × LGA,individual satellite acquisition,event observation timestamp; not recovered,Product/scene processing dates not recovered,Physical sensor observations independent of grant decisions,"Cloud, shadow, revisit timing and missed peaks; surface water is not automatically flood damage or maximum extent",First decision date and observation/publication vintage must be joined; not certified pre-decision,https://knowledge.dea.ga.gov.au/data/product/dea-water-observations-landsat/,1144,AGRN 1144 - Tasmania Severe Weather Event (commencing 26 August 2024),2024-08-26,dea_water,0,,NOT_EXTRACTED_OR_NOT_CERTIFIED,False,"Candidate source; event extraction, coverage and cutoff certification still required"
flood_depth,Depth surface / asset site,event peak,event observation timestamp; not recovered,No verified consistent national event-depth source,Would be independent if modelled from hydrology without grant outcomes,DEA surface-water classification does not measure depth; elevation/hydraulic model and validation required,First decision date and observation/publication vintage must be joined; not certified pre-decision,https://knowledge.dea.ga.gov.au/data/product/dea-water-observations-landsat/,1144,AGRN 1144 - Tasmania Severe Weather Event (commencing 26 August 2024),2024-08-26,dea_water,0,,NOT_EXTRACTED_OR_NOT_CERTIFIED,False,"Candidate source; event extraction, coverage and cutoff certification still required"
fire_extent_severity,"NSW mapped fire polygons/pixels, then LGA",fire / seasonal mapped release,event observation timestamp; not recovered,Seasonal reports; event-specific release dates unresolved,Remote sensing independent of assistance,"NSW-only, seasonal aggregates must not be assigned to a single AGRN; other states need matched fire footprints",First decision date and observation/publication vintage must be joined; not certified pre-decision,https://www.environment.nsw.gov.au/topics/animals-and-plants/native-vegetation/landcover-science/fire-extent-and-severity-maps,1144,AGRN 1144 - Tasmania Severe Weather Event (commencing 26 August 2024),2024-08-26,fesmsource,0,,NOT_EXTRACTED_OR_NOT_CERTIFIED,False,Hazard relevance requires event fire record; NSW FESM is NSW only; other states need their own product
cyclone_wind,Best-track point / station or windfield,storm timestamp,event observation timestamp; not recovered,Best tracks are post-event reanalysis; issuance dates required,Weather observations independent of funding,Track distance is not measured LGA wind damage; retrospective best track may follow approval,First decision date and observation/publication vintage must be joined; not certified pre-decision,https://www.bom.gov.au/cyclone/tropical-cyclone-knowledge-centre/databases/,1144,AGRN 1144 - Tasmania Severe Weather Event (commencing 26 August 2024),2024-08-26,bom_tracks,0,,NOT_EXTRACTED_OR_NOT_CERTIFIED,False,Cyclone components only; no claim that track alone measures local wind damage
rainfall,Weather station / gridded rainfall,daily / event accumulation,event observation timestamp; not recovered,BOM observation/product publication audit outstanding,Meteorological measurements independent,"Cyclone archive is a lead, not an extracted all-event rainfall dataset; station completeness required",First decision date and observation/publication vintage must be joined; not certified pre-decision,https://www.bom.gov.au/cyclone/tropical-cyclone-knowledge-centre/databases/,1144,AGRN 1144 - Tasmania Severe Weather Event (commencing 26 August 2024),2024-08-26,bom_tracks,0,,NOT_EXTRACTED_OR_NOT_CERTIFIED,False,"Candidate source; event extraction, coverage and cutoff certification still required"
infrastructure_exposed,Dated road/building/asset inventory intersected with footprint,pre-event stock × event,event observation timestamp; not recovered,No common dated asset layer recovered,Pre-event inventory potentially independent,Population/building exposure is not damage; road inventories differ across states,First decision date and observation/publication vintage must be joined; not certified pre-decision,https://www.abs.gov.au/census/guide-census-data/2021-census-product-release-guide,1144,AGRN 1144 - Tasmania Severe Weather Event (commencing 26 August 2024),2024-08-26,abs_census_release,0,,NOT_EXTRACTED_OR_NOT_CERTIFIED,False,"Candidate source; event extraction, coverage and cutoff certification still required"
affected_area,Footprint area × LGA,event,event observation timestamp; not recovered,Acquisition-specific dates required,Potentially independent sensor estimate,No uniform all-hazard footprint measure; valid observed zero requires complete coverage,First decision date and observation/publication vintage must be joined; not certified pre-decision,https://knowledge.dea.ga.gov.au/data/product/dea-water-observations-landsat/,1144,AGRN 1144 - Tasmania Severe Weather Event (commencing 26 August 2024),2024-08-26,dea_water,0,,NOT_EXTRACTED_OR_NOT_CERTIFIED,False,"Candidate source; event extraction, coverage and cutoff certification still required"
affected_population,Census small area / population grid × footprint,pre-event stock × event,2021-08-10 for Census 2021; choose appropriate prior census,2021 Census first release 2022-06-28; finer products have later releases,Census stock independent; affected estimate depends on valid hazard footprint,Residential population is not people actually displaced; use older vintage before release where needed,First decision date and observation/publication vintage must be joined; not certified pre-decision,https://www.abs.gov.au/census/guide-census-data/2021-census-product-release-guide,1144,AGRN 1144 - Tasmania Severe Weather Event (commencing 26 August 2024),2024-08-26,abs_census_release,0,,NOT_EXTRACTED_OR_NOT_CERTIFIED,False,"Candidate source; event extraction, coverage and cutoff certification still required"
houses_damaged_destroyed,Property inspection / council / event totals,time-stamped impact assessment,event observation timestamp; not recovered,Some annual/incident reports; no comparable LGA ledger recovered,Damage assessments potentially independent; grants-approved damage is not,Assessment coverage and revision dates selective; annual event total insufficient for pre-decision LGA vector,First decision date and observation/publication vintage must be joined; not certified pre-decision,https://dfes.wa.gov.au/annualreport2021/wooroloo-bushfire/,1144,AGRN 1144 - Tasmania Severe Weather Event (commencing 26 August 2024),2024-08-26,wa950,0,,NOT_EXTRACTED_OR_NOT_CERTIFIED,False,"Candidate source; event extraction, coverage and cutoff certification still required"
evacuations_displacement,Warning polygon / evacuation centre / locality,incident time,event observation timestamp; not recovered,Some incident updates; national consistent historical vector not recovered,Potentially independent operational records,Evacuation order not count of displaced residents; council/event coverage unquantified,First decision date and observation/publication vintage must be joined; not certified pre-decision,https://www.disasterassist.gov.au/Pages/disasters/current-disasters/Tasmania/tasmanian-severe-weather-oct-2022-onwards.aspx,1144,AGRN 1144 - Tasmania Severe Weather Event (commencing 26 August 2024),2024-08-26,tas1038,0,,NOT_EXTRACTED_OR_NOT_CERTIFIED,False,"Candidate source; event extraction, coverage and cutoff certification still required"
essential_infrastructure_damage,Asset/site or NIAM recovery domain,assessment time,event observation timestamp; not recovered,State impact requests may hold this; public event-wide availability not established,Only if independently assessed rather than inferred from paid claims,Need pre-decision asset damage and assessment protocol; later reconstruction spending excluded,First decision date and observation/publication vintage must be joined; not certified pre-decision,https://www.nema.gov.au/sites/default/files/2024-08/drfa-2018-guideline-3-category-c-assessment-framework.pdf,1144,AGRN 1144 - Tasmania Severe Weather Event (commencing 26 August 2024),2024-08-26,guideline_c,0,,NOT_EXTRACTED_OR_NOT_CERTIFIED,False,"Candidate source; event extraction, coverage and cutoff certification still required"
business_agricultural_impact,Affected enterprise / sector / region,assessment time,event observation timestamp; not recovered,State Category C request/impact evidence not recovered,Potentially independent if includes all assessed businesses; applications selected,Do not use grant recipients or amounts as need; denominator of directly impacted enterprises required,First decision date and observation/publication vintage must be joined; not certified pre-decision,https://www.nema.gov.au/sites/default/files/2024-08/drfa-2018-guideline-3-category-c-assessment-framework.pdf,1144,AGRN 1144 - Tasmania Severe Weather Event (commencing 26 August 2024),2024-08-26,guideline_c,0,,NOT_EXTRACTED_OR_NOT_CERTIFIED,False,"Candidate source; event extraction, coverage and cutoff certification still required"
population,LGA / SA1,Census or annual population estimate,Census reference date or pre-event annual estimate,Release-specific; 2021 first release 2022-06-28,Independent baseline structure,"Stock covariate, not event impact; boundary vintage must match",First decision date and observation/publication vintage must be joined; not certified pre-decision,https://www.abs.gov.au/census/guide-census-data/2021-census-product-release-guide,1144,AGRN 1144 - Tasmania Severe Weather Event (commencing 26 August 2024),2024-08-26,abs_census_release,0,,NOT_EXTRACTED_OR_NOT_CERTIFIED,False,"Candidate source; event extraction, coverage and cutoff certification still required"
remoteness,ABS Remoteness Areas aggregated to council,ASGS vintage,event observation timestamp; not recovered,Exact selected RA vintage release not audited,Independent baseline structure,SAL documentation is geography lead only; LGA may span multiple remoteness classes; no arbitrary single class,First decision date and observation/publication vintage must be joined; not certified pre-decision,https://www.abs.gov.au/statistics/standards/australian-statistical-geography-standard-asgs/edition-3-july-2021-june-2026/non-abs-structures/suburbs-and-localities,1144,AGRN 1144 - Tasmania Severe Weather Event (commencing 26 August 2024),2024-08-26,abs_sal,0,,NOT_EXTRACTED_OR_NOT_CERTIFIED,False,"Candidate source; event extraction, coverage and cutoff certification still required"
socioeconomic_disadvantage,LGA / SA1,2021 Census,2021-08-10,2023-04-27,Independent published baseline,"SEIFA is an existing statistical index, not a new need index; cannot use 2021 for pre-August-2021 onset",First decision date and observation/publication vintage must be joined; not certified pre-decision,https://www.abs.gov.au/statistics/detailed-methodology-information/concepts-sources-methods/socio-economic-indexes-areas-seifa-technical-paper/2021,1144,AGRN 1144 - Tasmania Severe Weather Event (commencing 26 August 2024),2024-08-26,seifa2021,0,,NOT_EXTRACTED_OR_NOT_CERTIFIED,False,"Candidate source; event extraction, coverage and cutoff certification still required"
infrastructure_scale,Council / asset class,prior financial year,event observation timestamp; not recovered,Frozen NSW fiscal road km observed; nationwide coverage unresolved,Predisaster road length is separate from disaster loss,NSW fiscal coverage only; differing road scope; use separate classes not combined need score,First decision date and observation/publication vintage must be joined; not certified pre-decision,https://www.abs.gov.au/census/guide-census-data/2021-census-product-release-guide,1144,AGRN 1144 - Tasmania Severe Weather Event (commencing 26 August 2024),2024-08-26,abs_census_release,0,,NOT_EXTRACTED_OR_NOT_CERTIFIED,False,"Candidate source; event extraction, coverage and cutoff certification still required"
flood_extent,Landsat pixel then event footprint × LGA,individual satellite acquisition,event observation timestamp; not recovered,Product/scene processing dates not recovered,Physical sensor observations independent of grant decisions,"Cloud, shadow, revisit timing and missed peaks; surface water is not automatically flood damage or maximum extent",First decision date and observation/publication vintage must be joined; not certified pre-decision,https://knowledge.dea.ga.gov.au/data/product/dea-water-observations-landsat/,1166,AGRN 1166 - Western Victoria Bushfires (commencing 16 December 2024),2024-12-16,dea_water,0,,NOT_EXTRACTED_OR_NOT_CERTIFIED,False,"Candidate source; event extraction, coverage and cutoff certification still required"
flood_depth,Depth surface / asset site,event peak,event observation timestamp; not recovered,No verified consistent national event-depth source,Would be independent if modelled from hydrology without grant outcomes,DEA surface-water classification does not measure depth; elevation/hydraulic model and validation required,First decision date and observation/publication vintage must be joined; not certified pre-decision,https://knowledge.dea.ga.gov.au/data/product/dea-water-observations-landsat/,1166,AGRN 1166 - Western Victoria Bushfires (commencing 16 December 2024),2024-12-16,dea_water,0,,NOT_EXTRACTED_OR_NOT_CERTIFIED,False,"Candidate source; event extraction, coverage and cutoff certification still required"
fire_extent_severity,"NSW mapped fire polygons/pixels, then LGA",fire / seasonal mapped release,event observation timestamp; not recovered,Seasonal reports; event-specific release dates unresolved,Remote sensing independent of assistance,"NSW-only, seasonal aggregates must not be assigned to a single AGRN; other states need matched fire footprints",First decision date and observation/publication vintage must be joined; not certified pre-decision,https://www.environment.nsw.gov.au/topics/animals-and-plants/native-vegetation/landcover-science/fire-extent-and-severity-maps,1166,AGRN 1166 - Western Victoria Bushfires (commencing 16 December 2024),2024-12-16,fesmsource,0,,NOT_EXTRACTED_OR_NOT_CERTIFIED,False,Hazard relevance requires event fire record; NSW FESM is NSW only; other states need their own product
cyclone_wind,Best-track point / station or windfield,storm timestamp,event observation timestamp; not recovered,Best tracks are post-event reanalysis; issuance dates required,Weather observations independent of funding,Track distance is not measured LGA wind damage; retrospective best track may follow approval,First decision date and observation/publication vintage must be joined; not certified pre-decision,https://www.bom.gov.au/cyclone/tropical-cyclone-knowledge-centre/databases/,1166,AGRN 1166 - Western Victoria Bushfires (commencing 16 December 2024),2024-12-16,bom_tracks,0,,NOT_EXTRACTED_OR_NOT_CERTIFIED,False,Cyclone components only; no claim that track alone measures local wind damage
rainfall,Weather station / gridded rainfall,daily / event accumulation,event observation timestamp; not recovered,BOM observation/product publication audit outstanding,Meteorological measurements independent,"Cyclone archive is a lead, not an extracted all-event rainfall dataset; station completeness required",First decision date and observation/publication vintage must be joined; not certified pre-decision,https://www.bom.gov.au/cyclone/tropical-cyclone-knowledge-centre/databases/,1166,AGRN 1166 - Western Victoria Bushfires (commencing 16 December 2024),2024-12-16,bom_tracks,0,,NOT_EXTRACTED_OR_NOT_CERTIFIED,False,"Candidate source; event extraction, coverage and cutoff certification still required"
infrastructure_exposed,Dated road/building/asset inventory intersected with footprint,pre-event stock × event,event observation timestamp; not recovered,No common dated asset layer recovered,Pre-event inventory potentially independent,Population/building exposure is not damage; road inventories differ across states,First decision date and observation/publication vintage must be joined; not certified pre-decision,https://www.abs.gov.au/census/guide-census-data/2021-census-product-release-guide,1166,AGRN 1166 - Western Victoria Bushfires (commencing 16 December 2024),2024-12-16,abs_census_release,0,,NOT_EXTRACTED_OR_NOT_CERTIFIED,False,"Candidate source; event extraction, coverage and cutoff certification still required"
affected_area,Footprint area × LGA,event,event observation timestamp; not recovered,Acquisition-specific dates required,Potentially independent sensor estimate,No uniform all-hazard footprint measure; valid observed zero requires complete coverage,First decision date and observation/publication vintage must be joined; not certified pre-decision,https://knowledge.dea.ga.gov.au/data/product/dea-water-observations-landsat/,1166,AGRN 1166 - Western Victoria Bushfires (commencing 16 December 2024),2024-12-16,dea_water,0,,NOT_EXTRACTED_OR_NOT_CERTIFIED,False,"Candidate source; event extraction, coverage and cutoff certification still required"
affected_population,Census small area / population grid × footprint,pre-event stock × event,2021-08-10 for Census 2021; choose appropriate prior census,2021 Census first release 2022-06-28; finer products have later releases,Census stock independent; affected estimate depends on valid hazard footprint,Residential population is not people actually displaced; use older vintage before release where needed,First decision date and observation/publication vintage must be joined; not certified pre-decision,https://www.abs.gov.au/census/guide-census-data/2021-census-product-release-guide,1166,AGRN 1166 - Western Victoria Bushfires (commencing 16 December 2024),2024-12-16,abs_census_release,0,,NOT_EXTRACTED_OR_NOT_CERTIFIED,False,"Candidate source; event extraction, coverage and cutoff certification still required"
houses_damaged_destroyed,Property inspection / council / event totals,time-stamped impact assessment,event observation timestamp; not recovered,Some annual/incident reports; no comparable LGA ledger recovered,Damage assessments potentially independent; grants-approved damage is not,Assessment coverage and revision dates selective; annual event total insufficient for pre-decision LGA vector,First decision date and observation/publication vintage must be joined; not certified pre-decision,https://dfes.wa.gov.au/annualreport2021/wooroloo-bushfire/,1166,AGRN 1166 - Western Victoria Bushfires (commencing 16 December 2024),2024-12-16,wa950,0,,NOT_EXTRACTED_OR_NOT_CERTIFIED,False,"Candidate source; event extraction, coverage and cutoff certification still required"
evacuations_displacement,Warning polygon / evacuation centre / locality,incident time,event observation timestamp; not recovered,Some incident updates; national consistent historical vector not recovered,Potentially independent operational records,Evacuation order not count of displaced residents; council/event coverage unquantified,First decision date and observation/publication vintage must be joined; not certified pre-decision,https://www.disasterassist.gov.au/Pages/disasters/current-disasters/Tasmania/tasmanian-severe-weather-oct-2022-onwards.aspx,1166,AGRN 1166 - Western Victoria Bushfires (commencing 16 December 2024),2024-12-16,tas1038,0,,NOT_EXTRACTED_OR_NOT_CERTIFIED,False,"Candidate source; event extraction, coverage and cutoff certification still required"
essential_infrastructure_damage,Asset/site or NIAM recovery domain,assessment time,event observation timestamp; not recovered,State impact requests may hold this; public event-wide availability not established,Only if independently assessed rather than inferred from paid claims,Need pre-decision asset damage and assessment protocol; later reconstruction spending excluded,First decision date and observation/publication vintage must be joined; not certified pre-decision,https://www.nema.gov.au/sites/default/files/2024-08/drfa-2018-guideline-3-category-c-assessment-framework.pdf,1166,AGRN 1166 - Western Victoria Bushfires (commencing 16 December 2024),2024-12-16,guideline_c,0,,NOT_EXTRACTED_OR_NOT_CERTIFIED,False,"Candidate source; event extraction, coverage and cutoff certification still required"
business_agricultural_impact,Affected enterprise / sector / region,assessment time,event observation timestamp; not recovered,State Category C request/impact evidence not recovered,Potentially independent if includes all assessed businesses; applications selected,Do not use grant recipients or amounts as need; denominator of directly impacted enterprises required,First decision date and observation/publication vintage must be joined; not certified pre-decision,https://www.nema.gov.au/sites/default/files/2024-08/drfa-2018-guideline-3-category-c-assessment-framework.pdf,1166,AGRN 1166 - Western Victoria Bushfires (commencing 16 December 2024),2024-12-16,guideline_c,0,,NOT_EXTRACTED_OR_NOT_CERTIFIED,False,"Candidate source; event extraction, coverage and cutoff certification still required"
population,LGA / SA1,Census or annual population estimate,Census reference date or pre-event annual estimate,Release-specific; 2021 first release 2022-06-28,Independent baseline structure,"Stock covariate, not event impact; boundary vintage must match",First decision date and observation/publication vintage must be joined; not certified pre-decision,https://www.abs.gov.au/census/guide-census-data/2021-census-product-release-guide,1166,AGRN 1166 - Western Victoria Bushfires (commencing 16 December 2024),2024-12-16,abs_census_release,0,,NOT_EXTRACTED_OR_NOT_CERTIFIED,False,"Candidate source; event extraction, coverage and cutoff certification still required"
remoteness,ABS Remoteness Areas aggregated to council,ASGS vintage,event observation timestamp; not recovered,Exact selected RA vintage release not audited,Independent baseline structure,SAL documentation is geography lead only; LGA may span multiple remoteness classes; no arbitrary single class,First decision date and observation/publication vintage must be joined; not certified pre-decision,https://www.abs.gov.au/statistics/standards/australian-statistical-geography-standard-asgs/edition-3-july-2021-june-2026/non-abs-structures/suburbs-and-localities,1166,AGRN 1166 - Western Victoria Bushfires (commencing 16 December 2024),2024-12-16,abs_sal,0,,NOT_EXTRACTED_OR_NOT_CERTIFIED,False,"Candidate source; event extraction, coverage and cutoff certification still required"
socioeconomic_disadvantage,LGA / SA1,2021 Census,2021-08-10,2023-04-27,Independent published baseline,"SEIFA is an existing statistical index, not a new need index; cannot use 2021 for pre-August-2021 onset",First decision date and observation/publication vintage must be joined; not certified pre-decision,https://www.abs.gov.au/statistics/detailed-methodology-information/concepts-sources-methods/socio-economic-indexes-areas-seifa-technical-paper/2021,1166,AGRN 1166 - Western Victoria Bushfires (commencing 16 December 2024),2024-12-16,seifa2021,0,,NOT_EXTRACTED_OR_NOT_CERTIFIED,False,"Candidate source; event extraction, coverage and cutoff certification still required"
infrastructure_scale,Council / asset class,prior financial year,event observation timestamp; not recovered,Frozen NSW fiscal road km observed; nationwide coverage unresolved,Predisaster road length is separate from disaster loss,NSW fiscal coverage only; differing road scope; use separate classes not combined need score,First decision date and observation/publication vintage must be joined; not certified pre-decision,https://www.abs.gov.au/census/guide-census-data/2021-census-product-release-guide,1166,AGRN 1166 - Western Victoria Bushfires (commencing 16 December 2024),2024-12-16,abs_census_release,0,,NOT_EXTRACTED_OR_NOT_CERTIFIED,False,"Candidate source; event extraction, coverage and cutoff certification still required"
flood_extent,Landsat pixel then event footprint × LGA,individual satellite acquisition,event observation timestamp; not recovered,Product/scene processing dates not recovered,Physical sensor observations independent of grant decisions,"Cloud, shadow, revisit timing and missed peaks; surface water is not automatically flood damage or maximum extent",First decision date and observation/publication vintage must be joined; not certified pre-decision,https://knowledge.dea.ga.gov.au/data/product/dea-water-observations-landsat/,1174,AGRN 1174 - North and Far North Tropical Low (29 January - 28 February 2025),2025-01-29,dea_water,0,,NOT_EXTRACTED_OR_NOT_CERTIFIED,False,"Candidate source; event extraction, coverage and cutoff certification still required"
flood_depth,Depth surface / asset site,event peak,event observation timestamp; not recovered,No verified consistent national event-depth source,Would be independent if modelled from hydrology without grant outcomes,DEA surface-water classification does not measure depth; elevation/hydraulic model and validation required,First decision date and observation/publication vintage must be joined; not certified pre-decision,https://knowledge.dea.ga.gov.au/data/product/dea-water-observations-landsat/,1174,AGRN 1174 - North and Far North Tropical Low (29 January - 28 February 2025),2025-01-29,dea_water,0,,NOT_EXTRACTED_OR_NOT_CERTIFIED,False,"Candidate source; event extraction, coverage and cutoff certification still required"
fire_extent_severity,"NSW mapped fire polygons/pixels, then LGA",fire / seasonal mapped release,event observation timestamp; not recovered,Seasonal reports; event-specific release dates unresolved,Remote sensing independent of assistance,"NSW-only, seasonal aggregates must not be assigned to a single AGRN; other states need matched fire footprints",First decision date and observation/publication vintage must be joined; not certified pre-decision,https://www.environment.nsw.gov.au/topics/animals-and-plants/native-vegetation/landcover-science/fire-extent-and-severity-maps,1174,AGRN 1174 - North and Far North Tropical Low (29 January - 28 February 2025),2025-01-29,fesmsource,0,,NOT_EXTRACTED_OR_NOT_CERTIFIED,False,Hazard relevance requires event fire record; NSW FESM is NSW only; other states need their own product
cyclone_wind,Best-track point / station or windfield,storm timestamp,event observation timestamp; not recovered,Best tracks are post-event reanalysis; issuance dates required,Weather observations independent of funding,Track distance is not measured LGA wind damage; retrospective best track may follow approval,First decision date and observation/publication vintage must be joined; not certified pre-decision,https://www.bom.gov.au/cyclone/tropical-cyclone-knowledge-centre/databases/,1174,AGRN 1174 - North and Far North Tropical Low (29 January - 28 February 2025),2025-01-29,bom_tracks,0,,NOT_EXTRACTED_OR_NOT_CERTIFIED,False,Cyclone components only; no claim that track alone measures local wind damage
rainfall,Weather station / gridded rainfall,daily / event accumulation,event observation timestamp; not recovered,BOM observation/product publication audit outstanding,Meteorological measurements independent,"Cyclone archive is a lead, not an extracted all-event rainfall dataset; station completeness required",First decision date and observation/publication vintage must be joined; not certified pre-decision,https://www.bom.gov.au/cyclone/tropical-cyclone-knowledge-centre/databases/,1174,AGRN 1174 - North and Far North Tropical Low (29 January - 28 February 2025),2025-01-29,bom_tracks,0,,NOT_EXTRACTED_OR_NOT_CERTIFIED,False,"Candidate source; event extraction, coverage and cutoff certification still required"
infrastructure_exposed,Dated road/building/asset inventory intersected with footprint,pre-event stock × event,event observation timestamp; not recovered,No common dated asset layer recovered,Pre-event inventory potentially independent,Population/building exposure is not damage; road inventories differ across states,First decision date and observation/publication vintage must be joined; not certified pre-decision,https://www.abs.gov.au/census/guide-census-data/2021-census-product-release-guide,1174,AGRN 1174 - North and Far North Tropical Low (29 January - 28 February 2025),2025-01-29,abs_census_release,0,,NOT_EXTRACTED_OR_NOT_CERTIFIED,False,"Candidate source; event extraction, coverage and cutoff certification still required"
affected_area,Footprint area × LGA,event,event observation timestamp; not recovered,Acquisition-specific dates required,Potentially independent sensor estimate,No uniform all-hazard footprint measure; valid observed zero requires complete coverage,First decision date and observation/publication vintage must be joined; not certified pre-decision,https://knowledge.dea.ga.gov.au/data/product/dea-water-observations-landsat/,1174,AGRN 1174 - North and Far North Tropical Low (29 January - 28 February 2025),2025-01-29,dea_water,0,,NOT_EXTRACTED_OR_NOT_CERTIFIED,False,"Candidate source; event extraction, coverage and cutoff certification still required"
affected_population,Census small area / population grid × footprint,pre-event stock × event,2021-08-10 for Census 2021; choose appropriate prior census,2021 Census first release 2022-06-28; finer products have later releases,Census stock independent; affected estimate depends on valid hazard footprint,Residential population is not people actually displaced; use older vintage before release where needed,First decision date and observation/publication vintage must be joined; not certified pre-decision,https://www.abs.gov.au/census/guide-census-data/2021-census-product-release-guide,1174,AGRN 1174 - North and Far North Tropical Low (29 January - 28 February 2025),2025-01-29,abs_census_release,0,,NOT_EXTRACTED_OR_NOT_CERTIFIED,False,"Candidate source; event extraction, coverage and cutoff certification still required"
houses_damaged_destroyed,Property inspection / council / event totals,time-stamped impact assessment,event observation timestamp; not recovered,Some annual/incident reports; no comparable LGA ledger recovered,Damage assessments potentially independent; grants-approved damage is not,Assessment coverage and revision dates selective; annual event total insufficient for pre-decision LGA vector,First decision date and observation/publication vintage must be joined; not certified pre-decision,https://dfes.wa.gov.au/annualreport2021/wooroloo-bushfire/,1174,AGRN 1174 - North and Far North Tropical Low (29 January - 28 February 2025),2025-01-29,wa950,0,,NOT_EXTRACTED_OR_NOT_CERTIFIED,False,"Candidate source; event extraction, coverage and cutoff certification still required"
evacuations_displacement,Warning polygon / evacuation centre / locality,incident time,event observation timestamp; not recovered,Some incident updates; national consistent historical vector not recovered,Potentially independent operational records,Evacuation order not count of displaced residents; council/event coverage unquantified,First decision date and observation/publication vintage must be joined; not certified pre-decision,https://www.disasterassist.gov.au/Pages/disasters/current-disasters/Tasmania/tasmanian-severe-weather-oct-2022-onwards.aspx,1174,AGRN 1174 - North and Far North Tropical Low (29 January - 28 February 2025),2025-01-29,tas1038,0,,NOT_EXTRACTED_OR_NOT_CERTIFIED,False,"Candidate source; event extraction, coverage and cutoff certification still required"
essential_infrastructure_damage,Asset/site or NIAM recovery domain,assessment time,event observation timestamp; not recovered,State impact requests may hold this; public event-wide availability not established,Only if independently assessed rather than inferred from paid claims,Need pre-decision asset damage and assessment protocol; later reconstruction spending excluded,First decision date and observation/publication vintage must be joined; not certified pre-decision,https://www.nema.gov.au/sites/default/files/2024-08/drfa-2018-guideline-3-category-c-assessment-framework.pdf,1174,AGRN 1174 - North and Far North Tropical Low (29 January - 28 February 2025),2025-01-29,guideline_c,0,,NOT_EXTRACTED_OR_NOT_CERTIFIED,False,"Candidate source; event extraction, coverage and cutoff certification still required"
business_agricultural_impact,Affected enterprise / sector / region,assessment time,event observation timestamp; not recovered,State Category C request/impact evidence not recovered,Potentially independent if includes all assessed businesses; applications selected,Do not use grant recipients or amounts as need; denominator of directly impacted enterprises required,First decision date and observation/publication vintage must be joined; not certified pre-decision,https://www.nema.gov.au/sites/default/files/2024-08/drfa-2018-guideline-3-category-c-assessment-framework.pdf,1174,AGRN 1174 - North and Far North Tropical Low (29 January - 28 February 2025),2025-01-29,guideline_c,0,,NOT_EXTRACTED_OR_NOT_CERTIFIED,False,"Candidate source; event extraction, coverage and cutoff certification still required"
population,LGA / SA1,Census or annual population estimate,Census reference date or pre-event annual estimate,Release-specific; 2021 first release 2022-06-28,Independent baseline structure,"Stock covariate, not event impact; boundary vintage must match",First decision date and observation/publication vintage must be joined; not certified pre-decision,https://www.abs.gov.au/census/guide-census-data/2021-census-product-release-guide,1174,AGRN 1174 - North and Far North Tropical Low (29 January - 28 February 2025),2025-01-29,abs_census_release,0,,NOT_EXTRACTED_OR_NOT_CERTIFIED,False,"Candidate source; event extraction, coverage and cutoff certification still required"
remoteness,ABS Remoteness Areas aggregated to council,ASGS vintage,event observation timestamp; not recovered,Exact selected RA vintage release not audited,Independent baseline structure,SAL documentation is geography lead only; LGA may span multiple remoteness classes; no arbitrary single class,First decision date and observation/publication vintage must be joined; not certified pre-decision,https://www.abs.gov.au/statistics/standards/australian-statistical-geography-standard-asgs/edition-3-july-2021-june-2026/non-abs-structures/suburbs-and-localities,1174,AGRN 1174 - North and Far North Tropical Low (29 January - 28 February 2025),2025-01-29,abs_sal,0,,NOT_EXTRACTED_OR_NOT_CERTIFIED,False,"Candidate source; event extraction, coverage and cutoff certification still required"
socioeconomic_disadvantage,LGA / SA1,2021 Census,2021-08-10,2023-04-27,Independent published baseline,"SEIFA is an existing statistical index, not a new need index; cannot use 2021 for pre-August-2021 onset",First decision date and observation/publication vintage must be joined; not certified pre-decision,https://www.abs.gov.au/statistics/detailed-methodology-information/concepts-sources-methods/socio-economic-indexes-areas-seifa-technical-paper/2021,1174,AGRN 1174 - North and Far North Tropical Low (29 January - 28 February 2025),2025-01-29,seifa2021,0,,NOT_EXTRACTED_OR_NOT_CERTIFIED,False,"Candidate source; event extraction, coverage and cutoff certification still required"
infrastructure_scale,Council / asset class,prior financial year,event observation timestamp; not recovered,Frozen NSW fiscal road km observed; nationwide coverage unresolved,Predisaster road length is separate from disaster loss,NSW fiscal coverage only; differing road scope; use separate classes not combined need score,First decision date and observation/publication vintage must be joined; not certified pre-decision,https://www.abs.gov.au/census/guide-census-data/2021-census-product-release-guide,1174,AGRN 1174 - North and Far North Tropical Low (29 January - 28 February 2025),2025-01-29,abs_census_release,0,,NOT_EXTRACTED_OR_NOT_CERTIFIED,False,"Candidate source; event extraction, coverage and cutoff certification still required"
flood_extent,Landsat pixel then event footprint × LGA,individual satellite acquisition,event observation timestamp; not recovered,Product/scene processing dates not recovered,Physical sensor observations independent of grant decisions,"Cloud, shadow, revisit timing and missed peaks; surface water is not automatically flood damage or maximum extent",First decision date and observation/publication vintage must be joined; not certified pre-decision,https://knowledge.dea.ga.gov.au/data/product/dea-water-observations-landsat/,1195,AGRN 1195 - QLD - Tropical Cyclone Alfred and Associated Severe Weather (1-16 March 2025),2025-03-01,dea_water,0,,NOT_EXTRACTED_OR_NOT_CERTIFIED,False,"Candidate source; event extraction, coverage and cutoff certification still required"
flood_depth,Depth surface / asset site,event peak,event observation timestamp; not recovered,No verified consistent national event-depth source,Would be independent if modelled from hydrology without grant outcomes,DEA surface-water classification does not measure depth; elevation/hydraulic model and validation required,First decision date and observation/publication vintage must be joined; not certified pre-decision,https://knowledge.dea.ga.gov.au/data/product/dea-water-observations-landsat/,1195,AGRN 1195 - QLD - Tropical Cyclone Alfred and Associated Severe Weather (1-16 March 2025),2025-03-01,dea_water,0,,NOT_EXTRACTED_OR_NOT_CERTIFIED,False,"Candidate source; event extraction, coverage and cutoff certification still required"
fire_extent_severity,"NSW mapped fire polygons/pixels, then LGA",fire / seasonal mapped release,event observation timestamp; not recovered,Seasonal reports; event-specific release dates unresolved,Remote sensing independent of assistance,"NSW-only, seasonal aggregates must not be assigned to a single AGRN; other states need matched fire footprints",First decision date and observation/publication vintage must be joined; not certified pre-decision,https://www.environment.nsw.gov.au/topics/animals-and-plants/native-vegetation/landcover-science/fire-extent-and-severity-maps,1195,AGRN 1195 - QLD - Tropical Cyclone Alfred and Associated Severe Weather (1-16 March 2025),2025-03-01,fesmsource,0,,NOT_EXTRACTED_OR_NOT_CERTIFIED,False,Hazard relevance requires event fire record; NSW FESM is NSW only; other states need their own product
cyclone_wind,Best-track point / station or windfield,storm timestamp,event observation timestamp; not recovered,Best tracks are post-event reanalysis; issuance dates required,Weather observations independent of funding,Track distance is not measured LGA wind damage; retrospective best track may follow approval,First decision date and observation/publication vintage must be joined; not certified pre-decision,https://www.bom.gov.au/cyclone/tropical-cyclone-knowledge-centre/databases/,1195,AGRN 1195 - QLD - Tropical Cyclone Alfred and Associated Severe Weather (1-16 March 2025),2025-03-01,bom_tracks,0,,NOT_EXTRACTED_OR_NOT_CERTIFIED,False,Cyclone components only; no claim that track alone measures local wind damage
rainfall,Weather station / gridded rainfall,daily / event accumulation,event observation timestamp; not recovered,BOM observation/product publication audit outstanding,Meteorological measurements independent,"Cyclone archive is a lead, not an extracted all-event rainfall dataset; station completeness required",First decision date and observation/publication vintage must be joined; not certified pre-decision,https://www.bom.gov.au/cyclone/tropical-cyclone-knowledge-centre/databases/,1195,AGRN 1195 - QLD - Tropical Cyclone Alfred and Associated Severe Weather (1-16 March 2025),2025-03-01,bom_tracks,0,,NOT_EXTRACTED_OR_NOT_CERTIFIED,False,"Candidate source; event extraction, coverage and cutoff certification still required"
infrastructure_exposed,Dated road/building/asset inventory intersected with footprint,pre-event stock × event,event observation timestamp; not recovered,No common dated asset layer recovered,Pre-event inventory potentially independent,Population/building exposure is not damage; road inventories differ across states,First decision date and observation/publication vintage must be joined; not certified pre-decision,https://www.abs.gov.au/census/guide-census-data/2021-census-product-release-guide,1195,AGRN 1195 - QLD - Tropical Cyclone Alfred and Associated Severe Weather (1-16 March 2025),2025-03-01,abs_census_release,0,,NOT_EXTRACTED_OR_NOT_CERTIFIED,False,"Candidate source; event extraction, coverage and cutoff certification still required"
affected_area,Footprint area × LGA,event,event observation timestamp; not recovered,Acquisition-specific dates required,Potentially independent sensor estimate,No uniform all-hazard footprint measure; valid observed zero requires complete coverage,First decision date and observation/publication vintage must be joined; not certified pre-decision,https://knowledge.dea.ga.gov.au/data/product/dea-water-observations-landsat/,1195,AGRN 1195 - QLD - Tropical Cyclone Alfred and Associated Severe Weather (1-16 March 2025),2025-03-01,dea_water,0,,NOT_EXTRACTED_OR_NOT_CERTIFIED,False,"Candidate source; event extraction, coverage and cutoff certification still required"
affected_population,Census small area / population grid × footprint,pre-event stock × event,2021-08-10 for Census 2021; choose appropriate prior census,2021 Census first release 2022-06-28; finer products have later releases,Census stock independent; affected estimate depends on valid hazard footprint,Residential population is not people actually displaced; use older vintage before release where needed,First decision date and observation/publication vintage must be joined; not certified pre-decision,https://www.abs.gov.au/census/guide-census-data/2021-census-product-release-guide,1195,AGRN 1195 - QLD - Tropical Cyclone Alfred and Associated Severe Weather (1-16 March 2025),2025-03-01,abs_census_release,0,,NOT_EXTRACTED_OR_NOT_CERTIFIED,False,"Candidate source; event extraction, coverage and cutoff certification still required"
houses_damaged_destroyed,Property inspection / council / event totals,time-stamped impact assessment,event observation timestamp; not recovered,Some annual/incident reports; no comparable LGA ledger recovered,Damage assessments potentially independent; grants-approved damage is not,Assessment coverage and revision dates selective; annual event total insufficient for pre-decision LGA vector,First decision date and observation/publication vintage must be joined; not certified pre-decision,https://dfes.wa.gov.au/annualreport2021/wooroloo-bushfire/,1195,AGRN 1195 - QLD - Tropical Cyclone Alfred and Associated Severe Weather (1-16 March 2025),2025-03-01,wa950,0,,NOT_EXTRACTED_OR_NOT_CERTIFIED,False,"Candidate source; event extraction, coverage and cutoff certification still required"
evacuations_displacement,Warning polygon / evacuation centre / locality,incident time,event observation timestamp; not recovered,Some incident updates; national consistent historical vector not recovered,Potentially independent operational records,Evacuation order not count of displaced residents; council/event coverage unquantified,First decision date and observation/publication vintage must be joined; not certified pre-decision,https://www.disasterassist.gov.au/Pages/disasters/current-disasters/Tasmania/tasmanian-severe-weather-oct-2022-onwards.aspx,1195,AGRN 1195 - QLD - Tropical Cyclone Alfred and Associated Severe Weather (1-16 March 2025),2025-03-01,tas1038,0,,NOT_EXTRACTED_OR_NOT_CERTIFIED,False,"Candidate source; event extraction, coverage and cutoff certification still required"
essential_infrastructure_damage,Asset/site or NIAM recovery domain,assessment time,event observation timestamp; not recovered,State impact requests may hold this; public event-wide availability not established,Only if independently assessed rather than inferred from paid claims,Need pre-decision asset damage and assessment protocol; later reconstruction spending excluded,First decision date and observation/publication vintage must be joined; not certified pre-decision,https://www.nema.gov.au/sites/default/files/2024-08/drfa-2018-guideline-3-category-c-assessment-framework.pdf,1195,AGRN 1195 - QLD - Tropical Cyclone Alfred and Associated Severe Weather (1-16 March 2025),2025-03-01,guideline_c,0,,NOT_EXTRACTED_OR_NOT_CERTIFIED,False,"Candidate source; event extraction, coverage and cutoff certification still required"
business_agricultural_impact,Affected enterprise / sector / region,assessment time,event observation timestamp; not recovered,State Category C request/impact evidence not recovered,Potentially independent if includes all assessed businesses; applications selected,Do not use grant recipients or amounts as need; denominator of directly impacted enterprises required,First decision date and observation/publication vintage must be joined; not certified pre-decision,https://www.nema.gov.au/sites/default/files/2024-08/drfa-2018-guideline-3-category-c-assessment-framework.pdf,1195,AGRN 1195 - QLD - Tropical Cyclone Alfred and Associated Severe Weather (1-16 March 2025),2025-03-01,guideline_c,0,,NOT_EXTRACTED_OR_NOT_CERTIFIED,False,"Candidate source; event extraction, coverage and cutoff certification still required"
population,LGA / SA1,Census or annual population estimate,Census reference date or pre-event annual estimate,Release-specific; 2021 first release 2022-06-28,Independent baseline structure,"Stock covariate, not event impact; boundary vintage must match",First decision date and observation/publication vintage must be joined; not certified pre-decision,https://www.abs.gov.au/census/guide-census-data/2021-census-product-release-guide,1195,AGRN 1195 - QLD - Tropical Cyclone Alfred and Associated Severe Weather (1-16 March 2025),2025-03-01,abs_census_release,0,,NOT_EXTRACTED_OR_NOT_CERTIFIED,False,"Candidate source; event extraction, coverage and cutoff certification still required"
remoteness,ABS Remoteness Areas aggregated to council,ASGS vintage,event observation timestamp; not recovered,Exact selected RA vintage release not audited,Independent baseline structure,SAL documentation is geography lead only; LGA may span multiple remoteness classes; no arbitrary single class,First decision date and observation/publication vintage must be joined; not certified pre-decision,https://www.abs.gov.au/statistics/standards/australian-statistical-geography-standard-asgs/edition-3-july-2021-june-2026/non-abs-structures/suburbs-and-localities,1195,AGRN 1195 - QLD - Tropical Cyclone Alfred and Associated Severe Weather (1-16 March 2025),2025-03-01,abs_sal,0,,NOT_EXTRACTED_OR_NOT_CERTIFIED,False,"Candidate source; event extraction, coverage and cutoff certification still required"
socioeconomic_disadvantage,LGA / SA1,2021 Census,2021-08-10,2023-04-27,Independent published baseline,"SEIFA is an existing statistical index, not a new need index; cannot use 2021 for pre-August-2021 onset",First decision date and observation/publication vintage must be joined; not certified pre-decision,https://www.abs.gov.au/statistics/detailed-methodology-information/concepts-sources-methods/socio-economic-indexes-areas-seifa-technical-paper/2021,1195,AGRN 1195 - QLD - Tropical Cyclone Alfred and Associated Severe Weather (1-16 March 2025),2025-03-01,seifa2021,0,,NOT_EXTRACTED_OR_NOT_CERTIFIED,False,"Candidate source; event extraction, coverage and cutoff certification still required"
infrastructure_scale,Council / asset class,prior financial year,event observation timestamp; not recovered,Frozen NSW fiscal road km observed; nationwide coverage unresolved,Predisaster road length is separate from disaster loss,NSW fiscal coverage only; differing road scope; use separate classes not combined need score,First decision date and observation/publication vintage must be joined; not certified pre-decision,https://www.abs.gov.au/census/guide-census-data/2021-census-product-release-guide,1195,AGRN 1195 - QLD - Tropical Cyclone Alfred and Associated Severe Weather (1-16 March 2025),2025-03-01,abs_census_release,0,,NOT_EXTRACTED_OR_NOT_CERTIFIED,False,"Candidate source; event extraction, coverage and cutoff certification still required"
flood_extent,Landsat pixel then event footprint × LGA,individual satellite acquisition,event observation timestamp; not recovered,Product/scene processing dates not recovered,Physical sensor observations independent of grant decisions,"Cloud, shadow, revisit timing and missed peaks; surface water is not automatically flood damage or maximum extent",First decision date and observation/publication vintage must be joined; not certified pre-decision,https://knowledge.dea.ga.gov.au/data/product/dea-water-observations-landsat/,1198,AGRN 1198 - Tropical Cyclone Alfred Severe Weather (from 3 March 2025),2025-03-03,dea_water,0,,NOT_EXTRACTED_OR_NOT_CERTIFIED,False,"Candidate source; event extraction, coverage and cutoff certification still required"
flood_depth,Depth surface / asset site,event peak,event observation timestamp; not recovered,No verified consistent national event-depth source,Would be independent if modelled from hydrology without grant outcomes,DEA surface-water classification does not measure depth; elevation/hydraulic model and validation required,First decision date and observation/publication vintage must be joined; not certified pre-decision,https://knowledge.dea.ga.gov.au/data/product/dea-water-observations-landsat/,1198,AGRN 1198 - Tropical Cyclone Alfred Severe Weather (from 3 March 2025),2025-03-03,dea_water,0,,NOT_EXTRACTED_OR_NOT_CERTIFIED,False,"Candidate source; event extraction, coverage and cutoff certification still required"
fire_extent_severity,"NSW mapped fire polygons/pixels, then LGA",fire / seasonal mapped release,event observation timestamp; not recovered,Seasonal reports; event-specific release dates unresolved,Remote sensing independent of assistance,"NSW-only, seasonal aggregates must not be assigned to a single AGRN; other states need matched fire footprints",First decision date and observation/publication vintage must be joined; not certified pre-decision,https://www.environment.nsw.gov.au/topics/animals-and-plants/native-vegetation/landcover-science/fire-extent-and-severity-maps,1198,AGRN 1198 - Tropical Cyclone Alfred Severe Weather (from 3 March 2025),2025-03-03,fesmsource,0,,NOT_EXTRACTED_OR_NOT_CERTIFIED,False,Hazard relevance requires event fire record; NSW FESM is NSW only; other states need their own product
cyclone_wind,Best-track point / station or windfield,storm timestamp,event observation timestamp; not recovered,Best tracks are post-event reanalysis; issuance dates required,Weather observations independent of funding,Track distance is not measured LGA wind damage; retrospective best track may follow approval,First decision date and observation/publication vintage must be joined; not certified pre-decision,https://www.bom.gov.au/cyclone/tropical-cyclone-knowledge-centre/databases/,1198,AGRN 1198 - Tropical Cyclone Alfred Severe Weather (from 3 March 2025),2025-03-03,bom_tracks,0,,NOT_EXTRACTED_OR_NOT_CERTIFIED,False,Cyclone components only; no claim that track alone measures local wind damage
rainfall,Weather station / gridded rainfall,daily / event accumulation,event observation timestamp; not recovered,BOM observation/product publication audit outstanding,Meteorological measurements independent,"Cyclone archive is a lead, not an extracted all-event rainfall dataset; station completeness required",First decision date and observation/publication vintage must be joined; not certified pre-decision,https://www.bom.gov.au/cyclone/tropical-cyclone-knowledge-centre/databases/,1198,AGRN 1198 - Tropical Cyclone Alfred Severe Weather (from 3 March 2025),2025-03-03,bom_tracks,0,,NOT_EXTRACTED_OR_NOT_CERTIFIED,False,"Candidate source; event extraction, coverage and cutoff certification still required"
infrastructure_exposed,Dated road/building/asset inventory intersected with footprint,pre-event stock × event,event observation timestamp; not recovered,No common dated asset layer recovered,Pre-event inventory potentially independent,Population/building exposure is not damage; road inventories differ across states,First decision date and observation/publication vintage must be joined; not certified pre-decision,https://www.abs.gov.au/census/guide-census-data/2021-census-product-release-guide,1198,AGRN 1198 - Tropical Cyclone Alfred Severe Weather (from 3 March 2025),2025-03-03,abs_census_release,0,,NOT_EXTRACTED_OR_NOT_CERTIFIED,False,"Candidate source; event extraction, coverage and cutoff certification still required"
affected_area,Footprint area × LGA,event,event observation timestamp; not recovered,Acquisition-specific dates required,Potentially independent sensor estimate,No uniform all-hazard footprint measure; valid observed zero requires complete coverage,First decision date and observation/publication vintage must be joined; not certified pre-decision,https://knowledge.dea.ga.gov.au/data/product/dea-water-observations-landsat/,1198,AGRN 1198 - Tropical Cyclone Alfred Severe Weather (from 3 March 2025),2025-03-03,dea_water,0,,NOT_EXTRACTED_OR_NOT_CERTIFIED,False,"Candidate source; event extraction, coverage and cutoff certification still required"
affected_population,Census small area / population grid × footprint,pre-event stock × event,2021-08-10 for Census 2021; choose appropriate prior census,2021 Census first release 2022-06-28; finer products have later releases,Census stock independent; affected estimate depends on valid hazard footprint,Residential population is not people actually displaced; use older vintage before release where needed,First decision date and observation/publication vintage must be joined; not certified pre-decision,https://www.abs.gov.au/census/guide-census-data/2021-census-product-release-guide,1198,AGRN 1198 - Tropical Cyclone Alfred Severe Weather (from 3 March 2025),2025-03-03,abs_census_release,0,,NOT_EXTRACTED_OR_NOT_CERTIFIED,False,"Candidate source; event extraction, coverage and cutoff certification still required"
houses_damaged_destroyed,Property inspection / council / event totals,time-stamped impact assessment,event observation timestamp; not recovered,Some annual/incident reports; no comparable LGA ledger recovered,Damage assessments potentially independent; grants-approved damage is not,Assessment coverage and revision dates selective; annual event total insufficient for pre-decision LGA vector,First decision date and observation/publication vintage must be joined; not certified pre-decision,https://dfes.wa.gov.au/annualreport2021/wooroloo-bushfire/,1198,AGRN 1198 - Tropical Cyclone Alfred Severe Weather (from 3 March 2025),2025-03-03,wa950,0,,NOT_EXTRACTED_OR_NOT_CERTIFIED,False,"Candidate source; event extraction, coverage and cutoff certification still required"
evacuations_displacement,Warning polygon / evacuation centre / locality,incident time,event observation timestamp; not recovered,Some incident updates; national consistent historical vector not recovered,Potentially independent operational records,Evacuation order not count of displaced residents; council/event coverage unquantified,First decision date and observation/publication vintage must be joined; not certified pre-decision,https://www.disasterassist.gov.au/Pages/disasters/current-disasters/Tasmania/tasmanian-severe-weather-oct-2022-onwards.aspx,1198,AGRN 1198 - Tropical Cyclone Alfred Severe Weather (from 3 March 2025),2025-03-03,tas1038,0,,NOT_EXTRACTED_OR_NOT_CERTIFIED,False,"Candidate source; event extraction, coverage and cutoff certification still required"
essential_infrastructure_damage,Asset/site or NIAM recovery domain,assessment time,event observation timestamp; not recovered,State impact requests may hold this; public event-wide availability not established,Only if independently assessed rather than inferred from paid claims,Need pre-decision asset damage and assessment protocol; later reconstruction spending excluded,First decision date and observation/publication vintage must be joined; not certified pre-decision,https://www.nema.gov.au/sites/default/files/2024-08/drfa-2018-guideline-3-category-c-assessment-framework.pdf,1198,AGRN 1198 - Tropical Cyclone Alfred Severe Weather (from 3 March 2025),2025-03-03,guideline_c,0,,NOT_EXTRACTED_OR_NOT_CERTIFIED,False,"Candidate source; event extraction, coverage and cutoff certification still required"
business_agricultural_impact,Affected enterprise / sector / region,assessment time,event observation timestamp; not recovered,State Category C request/impact evidence not recovered,Potentially independent if includes all assessed businesses; applications selected,Do not use grant recipients or amounts as need; denominator of directly impacted enterprises required,First decision date and observation/publication vintage must be joined; not certified pre-decision,https://www.nema.gov.au/sites/default/files/2024-08/drfa-2018-guideline-3-category-c-assessment-framework.pdf,1198,AGRN 1198 - Tropical Cyclone Alfred Severe Weather (from 3 March 2025),2025-03-03,guideline_c,0,,NOT_EXTRACTED_OR_NOT_CERTIFIED,False,"Candidate source; event extraction, coverage and cutoff certification still required"
population,LGA / SA1,Census or annual population estimate,Census reference date or pre-event annual estimate,Release-specific; 2021 first release 2022-06-28,Independent baseline structure,"Stock covariate, not event impact; boundary vintage must match",First decision date and observation/publication vintage must be joined; not certified pre-decision,https://www.abs.gov.au/census/guide-census-data/2021-census-product-release-guide,1198,AGRN 1198 - Tropical Cyclone Alfred Severe Weather (from 3 March 2025),2025-03-03,abs_census_release,0,,NOT_EXTRACTED_OR_NOT_CERTIFIED,False,"Candidate source; event extraction, coverage and cutoff certification still required"
remoteness,ABS Remoteness Areas aggregated to council,ASGS vintage,event observation timestamp; not recovered,Exact selected RA vintage release not audited,Independent baseline structure,SAL documentation is geography lead only; LGA may span multiple remoteness classes; no arbitrary single class,First decision date and observation/publication vintage must be joined; not certified pre-decision,https://www.abs.gov.au/statistics/standards/australian-statistical-geography-standard-asgs/edition-3-july-2021-june-2026/non-abs-structures/suburbs-and-localities,1198,AGRN 1198 - Tropical Cyclone Alfred Severe Weather (from 3 March 2025),2025-03-03,abs_sal,0,,NOT_EXTRACTED_OR_NOT_CERTIFIED,False,"Candidate source; event extraction, coverage and cutoff certification still required"
socioeconomic_disadvantage,LGA / SA1,2021 Census,2021-08-10,2023-04-27,Independent published baseline,"SEIFA is an existing statistical index, not a new need index; cannot use 2021 for pre-August-2021 onset",First decision date and observation/publication vintage must be joined; not certified pre-decision,https://www.abs.gov.au/statistics/detailed-methodology-information/concepts-sources-methods/socio-economic-indexes-areas-seifa-technical-paper/2021,1198,AGRN 1198 - Tropical Cyclone Alfred Severe Weather (from 3 March 2025),2025-03-03,seifa2021,0,,NOT_EXTRACTED_OR_NOT_CERTIFIED,False,"Candidate source; event extraction, coverage and cutoff certification still required"
infrastructure_scale,Council / asset class,prior financial year,event observation timestamp; not recovered,Frozen NSW fiscal road km observed; nationwide coverage unresolved,Predisaster road length is separate from disaster loss,NSW fiscal coverage only; differing road scope; use separate classes not combined need score,First decision date and observation/publication vintage must be joined; not certified pre-decision,https://www.abs.gov.au/census/guide-census-data/2021-census-product-release-guide,1198,AGRN 1198 - Tropical Cyclone Alfred Severe Weather (from 3 March 2025),2025-03-03,abs_census_release,0,,NOT_EXTRACTED_OR_NOT_CERTIFIED,False,"Candidate source; event extraction, coverage and cutoff certification still required"
flood_extent,Landsat pixel then event footprint × LGA,individual satellite acquisition,event observation timestamp; not recovered,Product/scene processing dates not recovered,Physical sensor observations independent of grant decisions,"Cloud, shadow, revisit timing and missed peaks; surface water is not automatically flood damage or maximum extent",First decision date and observation/publication vintage must be joined; not certified pre-decision,https://knowledge.dea.ga.gov.au/data/product/dea-water-observations-landsat/,1202,AGRN 1202 - Western Queensland Surface Trough Associated Rainfall and Flooding (21 March - 19 May 2025),2025-03-21,dea_water,0,,NOT_EXTRACTED_OR_NOT_CERTIFIED,False,"Candidate source; event extraction, coverage and cutoff certification still required"
flood_depth,Depth surface / asset site,event peak,event observation timestamp; not recovered,No verified consistent national event-depth source,Would be independent if modelled from hydrology without grant outcomes,DEA surface-water classification does not measure depth; elevation/hydraulic model and validation required,First decision date and observation/publication vintage must be joined; not certified pre-decision,https://knowledge.dea.ga.gov.au/data/product/dea-water-observations-landsat/,1202,AGRN 1202 - Western Queensland Surface Trough Associated Rainfall and Flooding (21 March - 19 May 2025),2025-03-21,dea_water,0,,NOT_EXTRACTED_OR_NOT_CERTIFIED,False,"Candidate source; event extraction, coverage and cutoff certification still required"
fire_extent_severity,"NSW mapped fire polygons/pixels, then LGA",fire / seasonal mapped release,event observation timestamp; not recovered,Seasonal reports; event-specific release dates unresolved,Remote sensing independent of assistance,"NSW-only, seasonal aggregates must not be assigned to a single AGRN; other states need matched fire footprints",First decision date and observation/publication vintage must be joined; not certified pre-decision,https://www.environment.nsw.gov.au/topics/animals-and-plants/native-vegetation/landcover-science/fire-extent-and-severity-maps,1202,AGRN 1202 - Western Queensland Surface Trough Associated Rainfall and Flooding (21 March - 19 May 2025),2025-03-21,fesmsource,0,,NOT_EXTRACTED_OR_NOT_CERTIFIED,False,Hazard relevance requires event fire record; NSW FESM is NSW only; other states need their own product
cyclone_wind,Best-track point / station or windfield,storm timestamp,event observation timestamp; not recovered,Best tracks are post-event reanalysis; issuance dates required,Weather observations independent of funding,Track distance is not measured LGA wind damage; retrospective best track may follow approval,First decision date and observation/publication vintage must be joined; not certified pre-decision,https://www.bom.gov.au/cyclone/tropical-cyclone-knowledge-centre/databases/,1202,AGRN 1202 - Western Queensland Surface Trough Associated Rainfall and Flooding (21 March - 19 May 2025),2025-03-21,bom_tracks,0,,NOT_EXTRACTED_OR_NOT_CERTIFIED,False,Cyclone components only; no claim that track alone measures local wind damage
rainfall,Weather station / gridded rainfall,daily / event accumulation,event observation timestamp; not recovered,BOM observation/product publication audit outstanding,Meteorological measurements independent,"Cyclone archive is a lead, not an extracted all-event rainfall dataset; station completeness required",First decision date and observation/publication vintage must be joined; not certified pre-decision,https://www.bom.gov.au/cyclone/tropical-cyclone-knowledge-centre/databases/,1202,AGRN 1202 - Western Queensland Surface Trough Associated Rainfall and Flooding (21 March - 19 May 2025),2025-03-21,bom_tracks,0,,NOT_EXTRACTED_OR_NOT_CERTIFIED,False,"Candidate source; event extraction, coverage and cutoff certification still required"
infrastructure_exposed,Dated road/building/asset inventory intersected with footprint,pre-event stock × event,event observation timestamp; not recovered,No common dated asset layer recovered,Pre-event inventory potentially independent,Population/building exposure is not damage; road inventories differ across states,First decision date and observation/publication vintage must be joined; not certified pre-decision,https://www.abs.gov.au/census/guide-census-data/2021-census-product-release-guide,1202,AGRN 1202 - Western Queensland Surface Trough Associated Rainfall and Flooding (21 March - 19 May 2025),2025-03-21,abs_census_release,0,,NOT_EXTRACTED_OR_NOT_CERTIFIED,False,"Candidate source; event extraction, coverage and cutoff certification still required"
affected_area,Footprint area × LGA,event,event observation timestamp; not recovered,Acquisition-specific dates required,Potentially independent sensor estimate,No uniform all-hazard footprint measure; valid observed zero requires complete coverage,First decision date and observation/publication vintage must be joined; not certified pre-decision,https://knowledge.dea.ga.gov.au/data/product/dea-water-observations-landsat/,1202,AGRN 1202 - Western Queensland Surface Trough Associated Rainfall and Flooding (21 March - 19 May 2025),2025-03-21,dea_water,0,,NOT_EXTRACTED_OR_NOT_CERTIFIED,False,"Candidate source; event extraction, coverage and cutoff certification still required"
affected_population,Census small area / population grid × footprint,pre-event stock × event,2021-08-10 for Census 2021; choose appropriate prior census,2021 Census first release 2022-06-28; finer products have later releases,Census stock independent; affected estimate depends on valid hazard footprint,Residential population is not people actually displaced; use older vintage before release where needed,First decision date and observation/publication vintage must be joined; not certified pre-decision,https://www.abs.gov.au/census/guide-census-data/2021-census-product-release-guide,1202,AGRN 1202 - Western Queensland Surface Trough Associated Rainfall and Flooding (21 March - 19 May 2025),2025-03-21,abs_census_release,0,,NOT_EXTRACTED_OR_NOT_CERTIFIED,False,"Candidate source; event extraction, coverage and cutoff certification still required"
houses_damaged_destroyed,Property inspection / council / event totals,time-stamped impact assessment,event observation timestamp; not recovered,Some annual/incident reports; no comparable LGA ledger recovered,Damage assessments potentially independent; grants-approved damage is not,Assessment coverage and revision dates selective; annual event total insufficient for pre-decision LGA vector,First decision date and observation/publication vintage must be joined; not certified pre-decision,https://dfes.wa.gov.au/annualreport2021/wooroloo-bushfire/,1202,AGRN 1202 - Western Queensland Surface Trough Associated Rainfall and Flooding (21 March - 19 May 2025),2025-03-21,wa950,0,,NOT_EXTRACTED_OR_NOT_CERTIFIED,False,"Candidate source; event extraction, coverage and cutoff certification still required"
evacuations_displacement,Warning polygon / evacuation centre / locality,incident time,event observation timestamp; not recovered,Some incident updates; national consistent historical vector not recovered,Potentially independent operational records,Evacuation order not count of displaced residents; council/event coverage unquantified,First decision date and observation/publication vintage must be joined; not certified pre-decision,https://www.disasterassist.gov.au/Pages/disasters/current-disasters/Tasmania/tasmanian-severe-weather-oct-2022-onwards.aspx,1202,AGRN 1202 - Western Queensland Surface Trough Associated Rainfall and Flooding (21 March - 19 May 2025),2025-03-21,tas1038,0,,NOT_EXTRACTED_OR_NOT_CERTIFIED,False,"Candidate source; event extraction, coverage and cutoff certification still required"
essential_infrastructure_damage,Asset/site or NIAM recovery domain,assessment time,event observation timestamp; not recovered,State impact requests may hold this; public event-wide availability not established,Only if independently assessed rather than inferred from paid claims,Need pre-decision asset damage and assessment protocol; later reconstruction spending excluded,First decision date and observation/publication vintage must be joined; not certified pre-decision,https://www.nema.gov.au/sites/default/files/2024-08/drfa-2018-guideline-3-category-c-assessment-framework.pdf,1202,AGRN 1202 - Western Queensland Surface Trough Associated Rainfall and Flooding (21 March - 19 May 2025),2025-03-21,guideline_c,0,,NOT_EXTRACTED_OR_NOT_CERTIFIED,False,"Candidate source; event extraction, coverage and cutoff certification still required"
business_agricultural_impact,Affected enterprise / sector / region,assessment time,event observation timestamp; not recovered,State Category C request/impact evidence not recovered,Potentially independent if includes all assessed businesses; applications selected,Do not use grant recipients or amounts as need; denominator of directly impacted enterprises required,First decision date and observation/publication vintage must be joined; not certified pre-decision,https://www.nema.gov.au/sites/default/files/2024-08/drfa-2018-guideline-3-category-c-assessment-framework.pdf,1202,AGRN 1202 - Western Queensland Surface Trough Associated Rainfall and Flooding (21 March - 19 May 2025),2025-03-21,guideline_c,0,,NOT_EXTRACTED_OR_NOT_CERTIFIED,False,"Candidate source; event extraction, coverage and cutoff certification still required"
population,LGA / SA1,Census or annual population estimate,Census reference date or pre-event annual estimate,Release-specific; 2021 first release 2022-06-28,Independent baseline structure,"Stock covariate, not event impact; boundary vintage must match",First decision date and observation/publication vintage must be joined; not certified pre-decision,https://www.abs.gov.au/census/guide-census-data/2021-census-product-release-guide,1202,AGRN 1202 - Western Queensland Surface Trough Associated Rainfall and Flooding (21 March - 19 May 2025),2025-03-21,abs_census_release,0,,NOT_EXTRACTED_OR_NOT_CERTIFIED,False,"Candidate source; event extraction, coverage and cutoff certification still required"
remoteness,ABS Remoteness Areas aggregated to council,ASGS vintage,event observation timestamp; not recovered,Exact selected RA vintage release not audited,Independent baseline structure,SAL documentation is geography lead only; LGA may span multiple remoteness classes; no arbitrary single class,First decision date and observation/publication vintage must be joined; not certified pre-decision,https://www.abs.gov.au/statistics/standards/australian-statistical-geography-standard-asgs/edition-3-july-2021-june-2026/non-abs-structures/suburbs-and-localities,1202,AGRN 1202 - Western Queensland Surface Trough Associated Rainfall and Flooding (21 March - 19 May 2025),2025-03-21,abs_sal,0,,NOT_EXTRACTED_OR_NOT_CERTIFIED,False,"Candidate source; event extraction, coverage and cutoff certification still required"
socioeconomic_disadvantage,LGA / SA1,2021 Census,2021-08-10,2023-04-27,Independent published baseline,"SEIFA is an existing statistical index, not a new need index; cannot use 2021 for pre-August-2021 onset",First decision date and observation/publication vintage must be joined; not certified pre-decision,https://www.abs.gov.au/statistics/detailed-methodology-information/concepts-sources-methods/socio-economic-indexes-areas-seifa-technical-paper/2021,1202,AGRN 1202 - Western Queensland Surface Trough Associated Rainfall and Flooding (21 March - 19 May 2025),2025-03-21,seifa2021,0,,NOT_EXTRACTED_OR_NOT_CERTIFIED,False,"Candidate source; event extraction, coverage and cutoff certification still required"
infrastructure_scale,Council / asset class,prior financial year,event observation timestamp; not recovered,Frozen NSW fiscal road km observed; nationwide coverage unresolved,Predisaster road length is separate from disaster loss,NSW fiscal coverage only; differing road scope; use separate classes not combined need score,First decision date and observation/publication vintage must be joined; not certified pre-decision,https://www.abs.gov.au/census/guide-census-data/2021-census-product-release-guide,1202,AGRN 1202 - Western Queensland Surface Trough Associated Rainfall and Flooding (21 March - 19 May 2025),2025-03-21,abs_census_release,0,,NOT_EXTRACTED_OR_NOT_CERTIFIED,False,"Candidate source; event extraction, coverage and cutoff certification still required"
flood_extent,Landsat pixel then event footprint × LGA,individual satellite acquisition,event observation timestamp; not recovered,Product/scene processing dates not recovered,Physical sensor observations independent of grant decisions,"Cloud, shadow, revisit timing and missed peaks; surface water is not automatically flood damage or maximum extent",First decision date and observation/publication vintage must be joined; not certified pre-decision,https://knowledge.dea.ga.gov.au/data/product/dea-water-observations-landsat/,1209,AGRN 1209 - SA Inland River Flooding (commencing 8 April 2025),2025-04-08,dea_water,0,,NOT_EXTRACTED_OR_NOT_CERTIFIED,False,"Candidate source; event extraction, coverage and cutoff certification still required"
flood_depth,Depth surface / asset site,event peak,event observation timestamp; not recovered,No verified consistent national event-depth source,Would be independent if modelled from hydrology without grant outcomes,DEA surface-water classification does not measure depth; elevation/hydraulic model and validation required,First decision date and observation/publication vintage must be joined; not certified pre-decision,https://knowledge.dea.ga.gov.au/data/product/dea-water-observations-landsat/,1209,AGRN 1209 - SA Inland River Flooding (commencing 8 April 2025),2025-04-08,dea_water,0,,NOT_EXTRACTED_OR_NOT_CERTIFIED,False,"Candidate source; event extraction, coverage and cutoff certification still required"
fire_extent_severity,"NSW mapped fire polygons/pixels, then LGA",fire / seasonal mapped release,event observation timestamp; not recovered,Seasonal reports; event-specific release dates unresolved,Remote sensing independent of assistance,"NSW-only, seasonal aggregates must not be assigned to a single AGRN; other states need matched fire footprints",First decision date and observation/publication vintage must be joined; not certified pre-decision,https://www.environment.nsw.gov.au/topics/animals-and-plants/native-vegetation/landcover-science/fire-extent-and-severity-maps,1209,AGRN 1209 - SA Inland River Flooding (commencing 8 April 2025),2025-04-08,fesmsource,0,,NOT_EXTRACTED_OR_NOT_CERTIFIED,False,Hazard relevance requires event fire record; NSW FESM is NSW only; other states need their own product
cyclone_wind,Best-track point / station or windfield,storm timestamp,event observation timestamp; not recovered,Best tracks are post-event reanalysis; issuance dates required,Weather observations independent of funding,Track distance is not measured LGA wind damage; retrospective best track may follow approval,First decision date and observation/publication vintage must be joined; not certified pre-decision,https://www.bom.gov.au/cyclone/tropical-cyclone-knowledge-centre/databases/,1209,AGRN 1209 - SA Inland River Flooding (commencing 8 April 2025),2025-04-08,bom_tracks,0,,NOT_EXTRACTED_OR_NOT_CERTIFIED,False,Cyclone components only; no claim that track alone measures local wind damage
rainfall,Weather station / gridded rainfall,daily / event accumulation,event observation timestamp; not recovered,BOM observation/product publication audit outstanding,Meteorological measurements independent,"Cyclone archive is a lead, not an extracted all-event rainfall dataset; station completeness required",First decision date and observation/publication vintage must be joined; not certified pre-decision,https://www.bom.gov.au/cyclone/tropical-cyclone-knowledge-centre/databases/,1209,AGRN 1209 - SA Inland River Flooding (commencing 8 April 2025),2025-04-08,bom_tracks,0,,NOT_EXTRACTED_OR_NOT_CERTIFIED,False,"Candidate source; event extraction, coverage and cutoff certification still required"
infrastructure_exposed,Dated road/building/asset inventory intersected with footprint,pre-event stock × event,event observation timestamp; not recovered,No common dated asset layer recovered,Pre-event inventory potentially independent,Population/building exposure is not damage; road inventories differ across states,First decision date and observation/publication vintage must be joined; not certified pre-decision,https://www.abs.gov.au/census/guide-census-data/2021-census-product-release-guide,1209,AGRN 1209 - SA Inland River Flooding (commencing 8 April 2025),2025-04-08,abs_census_release,0,,NOT_EXTRACTED_OR_NOT_CERTIFIED,False,"Candidate source; event extraction, coverage and cutoff certification still required"
affected_area,Footprint area × LGA,event,event observation timestamp; not recovered,Acquisition-specific dates required,Potentially independent sensor estimate,No uniform all-hazard footprint measure; valid observed zero requires complete coverage,First decision date and observation/publication vintage must be joined; not certified pre-decision,https://knowledge.dea.ga.gov.au/data/product/dea-water-observations-landsat/,1209,AGRN 1209 - SA Inland River Flooding (commencing 8 April 2025),2025-04-08,dea_water,0,,NOT_EXTRACTED_OR_NOT_CERTIFIED,False,"Candidate source; event extraction, coverage and cutoff certification still required"
affected_population,Census small area / population grid × footprint,pre-event stock × event,2021-08-10 for Census 2021; choose appropriate prior census,2021 Census first release 2022-06-28; finer products have later releases,Census stock independent; affected estimate depends on valid hazard footprint,Residential population is not people actually displaced; use older vintage before release where needed,First decision date and observation/publication vintage must be joined; not certified pre-decision,https://www.abs.gov.au/census/guide-census-data/2021-census-product-release-guide,1209,AGRN 1209 - SA Inland River Flooding (commencing 8 April 2025),2025-04-08,abs_census_release,0,,NOT_EXTRACTED_OR_NOT_CERTIFIED,False,"Candidate source; event extraction, coverage and cutoff certification still required"
houses_damaged_destroyed,Property inspection / council / event totals,time-stamped impact assessment,event observation timestamp; not recovered,Some annual/incident reports; no comparable LGA ledger recovered,Damage assessments potentially independent; grants-approved damage is not,Assessment coverage and revision dates selective; annual event total insufficient for pre-decision LGA vector,First decision date and observation/publication vintage must be joined; not certified pre-decision,https://dfes.wa.gov.au/annualreport2021/wooroloo-bushfire/,1209,AGRN 1209 - SA Inland River Flooding (commencing 8 April 2025),2025-04-08,wa950,0,,NOT_EXTRACTED_OR_NOT_CERTIFIED,False,"Candidate source; event extraction, coverage and cutoff certification still required"
evacuations_displacement,Warning polygon / evacuation centre / locality,incident time,event observation timestamp; not recovered,Some incident updates; national consistent historical vector not recovered,Potentially independent operational records,Evacuation order not count of displaced residents; council/event coverage unquantified,First decision date and observation/publication vintage must be joined; not certified pre-decision,https://www.disasterassist.gov.au/Pages/disasters/current-disasters/Tasmania/tasmanian-severe-weather-oct-2022-onwards.aspx,1209,AGRN 1209 - SA Inland River Flooding (commencing 8 April 2025),2025-04-08,tas1038,0,,NOT_EXTRACTED_OR_NOT_CERTIFIED,False,"Candidate source; event extraction, coverage and cutoff certification still required"
essential_infrastructure_damage,Asset/site or NIAM recovery domain,assessment time,event observation timestamp; not recovered,State impact requests may hold this; public event-wide availability not established,Only if independently assessed rather than inferred from paid claims,Need pre-decision asset damage and assessment protocol; later reconstruction spending excluded,First decision date and observation/publication vintage must be joined; not certified pre-decision,https://www.nema.gov.au/sites/default/files/2024-08/drfa-2018-guideline-3-category-c-assessment-framework.pdf,1209,AGRN 1209 - SA Inland River Flooding (commencing 8 April 2025),2025-04-08,guideline_c,0,,NOT_EXTRACTED_OR_NOT_CERTIFIED,False,"Candidate source; event extraction, coverage and cutoff certification still required"
business_agricultural_impact,Affected enterprise / sector / region,assessment time,event observation timestamp; not recovered,State Category C request/impact evidence not recovered,Potentially independent if includes all assessed businesses; applications selected,Do not use grant recipients or amounts as need; denominator of directly impacted enterprises required,First decision date and observation/publication vintage must be joined; not certified pre-decision,https://www.nema.gov.au/sites/default/files/2024-08/drfa-2018-guideline-3-category-c-assessment-framework.pdf,1209,AGRN 1209 - SA Inland River Flooding (commencing 8 April 2025),2025-04-08,guideline_c,0,,NOT_EXTRACTED_OR_NOT_CERTIFIED,False,"Candidate source; event extraction, coverage and cutoff certification still required"
population,LGA / SA1,Census or annual population estimate,Census reference date or pre-event annual estimate,Release-specific; 2021 first release 2022-06-28,Independent baseline structure,"Stock covariate, not event impact; boundary vintage must match",First decision date and observation/publication vintage must be joined; not certified pre-decision,https://www.abs.gov.au/census/guide-census-data/2021-census-product-release-guide,1209,AGRN 1209 - SA Inland River Flooding (commencing 8 April 2025),2025-04-08,abs_census_release,0,,NOT_EXTRACTED_OR_NOT_CERTIFIED,False,"Candidate source; event extraction, coverage and cutoff certification still required"
remoteness,ABS Remoteness Areas aggregated to council,ASGS vintage,event observation timestamp; not recovered,Exact selected RA vintage release not audited,Independent baseline structure,SAL documentation is geography lead only; LGA may span multiple remoteness classes; no arbitrary single class,First decision date and observation/publication vintage must be joined; not certified pre-decision,https://www.abs.gov.au/statistics/standards/australian-statistical-geography-standard-asgs/edition-3-july-2021-june-2026/non-abs-structures/suburbs-and-localities,1209,AGRN 1209 - SA Inland River Flooding (commencing 8 April 2025),2025-04-08,abs_sal,0,,NOT_EXTRACTED_OR_NOT_CERTIFIED,False,"Candidate source; event extraction, coverage and cutoff certification still required"
socioeconomic_disadvantage,LGA / SA1,2021 Census,2021-08-10,2023-04-27,Independent published baseline,"SEIFA is an existing statistical index, not a new need index; cannot use 2021 for pre-August-2021 onset",First decision date and observation/publication vintage must be joined; not certified pre-decision,https://www.abs.gov.au/statistics/detailed-methodology-information/concepts-sources-methods/socio-economic-indexes-areas-seifa-technical-paper/2021,1209,AGRN 1209 - SA Inland River Flooding (commencing 8 April 2025),2025-04-08,seifa2021,0,,NOT_EXTRACTED_OR_NOT_CERTIFIED,False,"Candidate source; event extraction, coverage and cutoff certification still required"
infrastructure_scale,Council / asset class,prior financial year,event observation timestamp; not recovered,Frozen NSW fiscal road km observed; nationwide coverage unresolved,Predisaster road length is separate from disaster loss,NSW fiscal coverage only; differing road scope; use separate classes not combined need score,First decision date and observation/publication vintage must be joined; not certified pre-decision,https://www.abs.gov.au/census/guide-census-data/2021-census-product-release-guide,1209,AGRN 1209 - SA Inland River Flooding (commencing 8 April 2025),2025-04-08,abs_census_release,0,,NOT_EXTRACTED_OR_NOT_CERTIFIED,False,"Candidate source; event extraction, coverage and cutoff certification still required"
flood_extent,Landsat pixel then event footprint × LGA,individual satellite acquisition,event observation timestamp; not recovered,Product/scene processing dates not recovered,Physical sensor observations independent of grant decisions,"Cloud, shadow, revisit timing and missed peaks; surface water is not automatically flood damage or maximum extent",First decision date and observation/publication vintage must be joined; not certified pre-decision,https://knowledge.dea.ga.gov.au/data/product/dea-water-observations-landsat/,1212,AGRN 1212- NSW East Coast Severe Weather (from 18 May 2025),2025-05-18,dea_water,0,,NOT_EXTRACTED_OR_NOT_CERTIFIED,False,"Candidate source; event extraction, coverage and cutoff certification still required"
flood_depth,Depth surface / asset site,event peak,event observation timestamp; not recovered,No verified consistent national event-depth source,Would be independent if modelled from hydrology without grant outcomes,DEA surface-water classification does not measure depth; elevation/hydraulic model and validation required,First decision date and observation/publication vintage must be joined; not certified pre-decision,https://knowledge.dea.ga.gov.au/data/product/dea-water-observations-landsat/,1212,AGRN 1212- NSW East Coast Severe Weather (from 18 May 2025),2025-05-18,dea_water,0,,NOT_EXTRACTED_OR_NOT_CERTIFIED,False,"Candidate source; event extraction, coverage and cutoff certification still required"
fire_extent_severity,"NSW mapped fire polygons/pixels, then LGA",fire / seasonal mapped release,event observation timestamp; not recovered,Seasonal reports; event-specific release dates unresolved,Remote sensing independent of assistance,"NSW-only, seasonal aggregates must not be assigned to a single AGRN; other states need matched fire footprints",First decision date and observation/publication vintage must be joined; not certified pre-decision,https://www.environment.nsw.gov.au/topics/animals-and-plants/native-vegetation/landcover-science/fire-extent-and-severity-maps,1212,AGRN 1212- NSW East Coast Severe Weather (from 18 May 2025),2025-05-18,fesmsource,0,,NOT_EXTRACTED_OR_NOT_CERTIFIED,False,Hazard relevance requires event fire record; NSW FESM is NSW only; other states need their own product
cyclone_wind,Best-track point / station or windfield,storm timestamp,event observation timestamp; not recovered,Best tracks are post-event reanalysis; issuance dates required,Weather observations independent of funding,Track distance is not measured LGA wind damage; retrospective best track may follow approval,First decision date and observation/publication vintage must be joined; not certified pre-decision,https://www.bom.gov.au/cyclone/tropical-cyclone-knowledge-centre/databases/,1212,AGRN 1212- NSW East Coast Severe Weather (from 18 May 2025),2025-05-18,bom_tracks,0,,NOT_EXTRACTED_OR_NOT_CERTIFIED,False,Cyclone components only; no claim that track alone measures local wind damage
rainfall,Weather station / gridded rainfall,daily / event accumulation,event observation timestamp; not recovered,BOM observation/product publication audit outstanding,Meteorological measurements independent,"Cyclone archive is a lead, not an extracted all-event rainfall dataset; station completeness required",First decision date and observation/publication vintage must be joined; not certified pre-decision,https://www.bom.gov.au/cyclone/tropical-cyclone-knowledge-centre/databases/,1212,AGRN 1212- NSW East Coast Severe Weather (from 18 May 2025),2025-05-18,bom_tracks,0,,NOT_EXTRACTED_OR_NOT_CERTIFIED,False,"Candidate source; event extraction, coverage and cutoff certification still required"
infrastructure_exposed,Dated road/building/asset inventory intersected with footprint,pre-event stock × event,event observation timestamp; not recovered,No common dated asset layer recovered,Pre-event inventory potentially independent,Population/building exposure is not damage; road inventories differ across states,First decision date and observation/publication vintage must be joined; not certified pre-decision,https://www.abs.gov.au/census/guide-census-data/2021-census-product-release-guide,1212,AGRN 1212- NSW East Coast Severe Weather (from 18 May 2025),2025-05-18,abs_census_release,0,,NOT_EXTRACTED_OR_NOT_CERTIFIED,False,"Candidate source; event extraction, coverage and cutoff certification still required"
affected_area,Footprint area × LGA,event,event observation timestamp; not recovered,Acquisition-specific dates required,Potentially independent sensor estimate,No uniform all-hazard footprint measure; valid observed zero requires complete coverage,First decision date and observation/publication vintage must be joined; not certified pre-decision,https://knowledge.dea.ga.gov.au/data/product/dea-water-observations-landsat/,1212,AGRN 1212- NSW East Coast Severe Weather (from 18 May 2025),2025-05-18,dea_water,0,,NOT_EXTRACTED_OR_NOT_CERTIFIED,False,"Candidate source; event extraction, coverage and cutoff certification still required"
affected_population,Census small area / population grid × footprint,pre-event stock × event,2021-08-10 for Census 2021; choose appropriate prior census,2021 Census first release 2022-06-28; finer products have later releases,Census stock independent; affected estimate depends on valid hazard footprint,Residential population is not people actually displaced; use older vintage before release where needed,First decision date and observation/publication vintage must be joined; not certified pre-decision,https://www.abs.gov.au/census/guide-census-data/2021-census-product-release-guide,1212,AGRN 1212- NSW East Coast Severe Weather (from 18 May 2025),2025-05-18,abs_census_release,0,,NOT_EXTRACTED_OR_NOT_CERTIFIED,False,"Candidate source; event extraction, coverage and cutoff certification still required"
houses_damaged_destroyed,Property inspection / council / event totals,time-stamped impact assessment,event observation timestamp; not recovered,Some annual/incident reports; no comparable LGA ledger recovered,Damage assessments potentially independent; grants-approved damage is not,Assessment coverage and revision dates selective; annual event total insufficient for pre-decision LGA vector,First decision date and observation/publication vintage must be joined; not certified pre-decision,https://dfes.wa.gov.au/annualreport2021/wooroloo-bushfire/,1212,AGRN 1212- NSW East Coast Severe Weather (from 18 May 2025),2025-05-18,wa950,0,,NOT_EXTRACTED_OR_NOT_CERTIFIED,False,"Candidate source; event extraction, coverage and cutoff certification still required"
evacuations_displacement,Warning polygon / evacuation centre / locality,incident time,event observation timestamp; not recovered,Some incident updates; national consistent historical vector not recovered,Potentially independent operational records,Evacuation order not count of displaced residents; council/event coverage unquantified,First decision date and observation/publication vintage must be joined; not certified pre-decision,https://www.disasterassist.gov.au/Pages/disasters/current-disasters/Tasmania/tasmanian-severe-weather-oct-2022-onwards.aspx,1212,AGRN 1212- NSW East Coast Severe Weather (from 18 May 2025),2025-05-18,tas1038,0,,NOT_EXTRACTED_OR_NOT_CERTIFIED,False,"Candidate source; event extraction, coverage and cutoff certification still required"
essential_infrastructure_damage,Asset/site or NIAM recovery domain,assessment time,event observation timestamp; not recovered,State impact requests may hold this; public event-wide availability not established,Only if independently assessed rather than inferred from paid claims,Need pre-decision asset damage and assessment protocol; later reconstruction spending excluded,First decision date and observation/publication vintage must be joined; not certified pre-decision,https://www.nema.gov.au/sites/default/files/2024-08/drfa-2018-guideline-3-category-c-assessment-framework.pdf,1212,AGRN 1212- NSW East Coast Severe Weather (from 18 May 2025),2025-05-18,guideline_c,0,,NOT_EXTRACTED_OR_NOT_CERTIFIED,False,"Candidate source; event extraction, coverage and cutoff certification still required"
business_agricultural_impact,Affected enterprise / sector / region,assessment time,event observation timestamp; not recovered,State Category C request/impact evidence not recovered,Potentially independent if includes all assessed businesses; applications selected,Do not use grant recipients or amounts as need; denominator of directly impacted enterprises required,First decision date and observation/publication vintage must be joined; not certified pre-decision,https://www.nema.gov.au/sites/default/files/2024-08/drfa-2018-guideline-3-category-c-assessment-framework.pdf,1212,AGRN 1212- NSW East Coast Severe Weather (from 18 May 2025),2025-05-18,guideline_c,0,,NOT_EXTRACTED_OR_NOT_CERTIFIED,False,"Candidate source; event extraction, coverage and cutoff certification still required"
population,LGA / SA1,Census or annual population estimate,Census reference date or pre-event annual estimate,Release-specific; 2021 first release 2022-06-28,Independent baseline structure,"Stock covariate, not event impact; boundary vintage must match",First decision date and observation/publication vintage must be joined; not certified pre-decision,https://www.abs.gov.au/census/guide-census-data/2021-census-product-release-guide,1212,AGRN 1212- NSW East Coast Severe Weather (from 18 May 2025),2025-05-18,abs_census_release,0,,NOT_EXTRACTED_OR_NOT_CERTIFIED,False,"Candidate source; event extraction, coverage and cutoff certification still required"
remoteness,ABS Remoteness Areas aggregated to council,ASGS vintage,event observation timestamp; not recovered,Exact selected RA vintage release not audited,Independent baseline structure,SAL documentation is geography lead only; LGA may span multiple remoteness classes; no arbitrary single class,First decision date and observation/publication vintage must be joined; not certified pre-decision,https://www.abs.gov.au/statistics/standards/australian-statistical-geography-standard-asgs/edition-3-july-2021-june-2026/non-abs-structures/suburbs-and-localities,1212,AGRN 1212- NSW East Coast Severe Weather (from 18 May 2025),2025-05-18,abs_sal,0,,NOT_EXTRACTED_OR_NOT_CERTIFIED,False,"Candidate source; event extraction, coverage and cutoff certification still required"
socioeconomic_disadvantage,LGA / SA1,2021 Census,2021-08-10,2023-04-27,Independent published baseline,"SEIFA is an existing statistical index, not a new need index; cannot use 2021 for pre-August-2021 onset",First decision date and observation/publication vintage must be joined; not certified pre-decision,https://www.abs.gov.au/statistics/detailed-methodology-information/concepts-sources-methods/socio-economic-indexes-areas-seifa-technical-paper/2021,1212,AGRN 1212- NSW East Coast Severe Weather (from 18 May 2025),2025-05-18,seifa2021,0,,NOT_EXTRACTED_OR_NOT_CERTIFIED,False,"Candidate source; event extraction, coverage and cutoff certification still required"
infrastructure_scale,Council / asset class,prior financial year,event observation timestamp; not recovered,Frozen NSW fiscal road km observed; nationwide coverage unresolved,Predisaster road length is separate from disaster loss,NSW fiscal coverage only; differing road scope; use separate classes not combined need score,First decision date and observation/publication vintage must be joined; not certified pre-decision,https://www.abs.gov.au/census/guide-census-data/2021-census-product-release-guide,1212,AGRN 1212- NSW East Coast Severe Weather (from 18 May 2025),2025-05-18,abs_census_release,0,,NOT_EXTRACTED_OR_NOT_CERTIFIED,False,"Candidate source; event extraction, coverage and cutoff certification still required"
flood_extent,Landsat pixel then event footprint × LGA,individual satellite acquisition,event observation timestamp; not recovered,Product/scene processing dates not recovered,Physical sensor observations independent of grant decisions,"Cloud, shadow, revisit timing and missed peaks; surface water is not automatically flood damage or maximum extent",First decision date and observation/publication vintage must be joined; not certified pre-decision,https://knowledge.dea.ga.gov.au/data/product/dea-water-observations-landsat/,1227,AGRN 1227 - Southern Tasmania Bushfires (commencing 4 December 2025),2025-12-04,dea_water,0,,NOT_EXTRACTED_OR_NOT_CERTIFIED,False,"Candidate source; event extraction, coverage and cutoff certification still required"
flood_depth,Depth surface / asset site,event peak,event observation timestamp; not recovered,No verified consistent national event-depth source,Would be independent if modelled from hydrology without grant outcomes,DEA surface-water classification does not measure depth; elevation/hydraulic model and validation required,First decision date and observation/publication vintage must be joined; not certified pre-decision,https://knowledge.dea.ga.gov.au/data/product/dea-water-observations-landsat/,1227,AGRN 1227 - Southern Tasmania Bushfires (commencing 4 December 2025),2025-12-04,dea_water,0,,NOT_EXTRACTED_OR_NOT_CERTIFIED,False,"Candidate source; event extraction, coverage and cutoff certification still required"
fire_extent_severity,"NSW mapped fire polygons/pixels, then LGA",fire / seasonal mapped release,event observation timestamp; not recovered,Seasonal reports; event-specific release dates unresolved,Remote sensing independent of assistance,"NSW-only, seasonal aggregates must not be assigned to a single AGRN; other states need matched fire footprints",First decision date and observation/publication vintage must be joined; not certified pre-decision,https://www.environment.nsw.gov.au/topics/animals-and-plants/native-vegetation/landcover-science/fire-extent-and-severity-maps,1227,AGRN 1227 - Southern Tasmania Bushfires (commencing 4 December 2025),2025-12-04,fesmsource,0,,NOT_EXTRACTED_OR_NOT_CERTIFIED,False,Hazard relevance requires event fire record; NSW FESM is NSW only; other states need their own product
cyclone_wind,Best-track point / station or windfield,storm timestamp,event observation timestamp; not recovered,Best tracks are post-event reanalysis; issuance dates required,Weather observations independent of funding,Track distance is not measured LGA wind damage; retrospective best track may follow approval,First decision date and observation/publication vintage must be joined; not certified pre-decision,https://www.bom.gov.au/cyclone/tropical-cyclone-knowledge-centre/databases/,1227,AGRN 1227 - Southern Tasmania Bushfires (commencing 4 December 2025),2025-12-04,bom_tracks,0,,NOT_EXTRACTED_OR_NOT_CERTIFIED,False,Cyclone components only; no claim that track alone measures local wind damage
rainfall,Weather station / gridded rainfall,daily / event accumulation,event observation timestamp; not recovered,BOM observation/product publication audit outstanding,Meteorological measurements independent,"Cyclone archive is a lead, not an extracted all-event rainfall dataset; station completeness required",First decision date and observation/publication vintage must be joined; not certified pre-decision,https://www.bom.gov.au/cyclone/tropical-cyclone-knowledge-centre/databases/,1227,AGRN 1227 - Southern Tasmania Bushfires (commencing 4 December 2025),2025-12-04,bom_tracks,0,,NOT_EXTRACTED_OR_NOT_CERTIFIED,False,"Candidate source; event extraction, coverage and cutoff certification still required"
infrastructure_exposed,Dated road/building/asset inventory intersected with footprint,pre-event stock × event,event observation timestamp; not recovered,No common dated asset layer recovered,Pre-event inventory potentially independent,Population/building exposure is not damage; road inventories differ across states,First decision date and observation/publication vintage must be joined; not certified pre-decision,https://www.abs.gov.au/census/guide-census-data/2021-census-product-release-guide,1227,AGRN 1227 - Southern Tasmania Bushfires (commencing 4 December 2025),2025-12-04,abs_census_release,0,,NOT_EXTRACTED_OR_NOT_CERTIFIED,False,"Candidate source; event extraction, coverage and cutoff certification still required"
affected_area,Footprint area × LGA,event,event observation timestamp; not recovered,Acquisition-specific dates required,Potentially independent sensor estimate,No uniform all-hazard footprint measure; valid observed zero requires complete coverage,First decision date and observation/publication vintage must be joined; not certified pre-decision,https://knowledge.dea.ga.gov.au/data/product/dea-water-observations-landsat/,1227,AGRN 1227 - Southern Tasmania Bushfires (commencing 4 December 2025),2025-12-04,dea_water,0,,NOT_EXTRACTED_OR_NOT_CERTIFIED,False,"Candidate source; event extraction, coverage and cutoff certification still required"
affected_population,Census small area / population grid × footprint,pre-event stock × event,2021-08-10 for Census 2021; choose appropriate prior census,2021 Census first release 2022-06-28; finer products have later releases,Census stock independent; affected estimate depends on valid hazard footprint,Residential population is not people actually displaced; use older vintage before release where needed,First decision date and observation/publication vintage must be joined; not certified pre-decision,https://www.abs.gov.au/census/guide-census-data/2021-census-product-release-guide,1227,AGRN 1227 - Southern Tasmania Bushfires (commencing 4 December 2025),2025-12-04,abs_census_release,0,,NOT_EXTRACTED_OR_NOT_CERTIFIED,False,"Candidate source; event extraction, coverage and cutoff certification still required"
houses_damaged_destroyed,Property inspection / council / event totals,time-stamped impact assessment,event observation timestamp; not recovered,Some annual/incident reports; no comparable LGA ledger recovered,Damage assessments potentially independent; grants-approved damage is not,Assessment coverage and revision dates selective; annual event total insufficient for pre-decision LGA vector,First decision date and observation/publication vintage must be joined; not certified pre-decision,https://dfes.wa.gov.au/annualreport2021/wooroloo-bushfire/,1227,AGRN 1227 - Southern Tasmania Bushfires (commencing 4 December 2025),2025-12-04,wa950,0,,NOT_EXTRACTED_OR_NOT_CERTIFIED,False,"Candidate source; event extraction, coverage and cutoff certification still required"
evacuations_displacement,Warning polygon / evacuation centre / locality,incident time,event observation timestamp; not recovered,Some incident updates; national consistent historical vector not recovered,Potentially independent operational records,Evacuation order not count of displaced residents; council/event coverage unquantified,First decision date and observation/publication vintage must be joined; not certified pre-decision,https://www.disasterassist.gov.au/Pages/disasters/current-disasters/Tasmania/tasmanian-severe-weather-oct-2022-onwards.aspx,1227,AGRN 1227 - Southern Tasmania Bushfires (commencing 4 December 2025),2025-12-04,tas1038,0,,NOT_EXTRACTED_OR_NOT_CERTIFIED,False,"Candidate source; event extraction, coverage and cutoff certification still required"
essential_infrastructure_damage,Asset/site or NIAM recovery domain,assessment time,event observation timestamp; not recovered,State impact requests may hold this; public event-wide availability not established,Only if independently assessed rather than inferred from paid claims,Need pre-decision asset damage and assessment protocol; later reconstruction spending excluded,First decision date and observation/publication vintage must be joined; not certified pre-decision,https://www.nema.gov.au/sites/default/files/2024-08/drfa-2018-guideline-3-category-c-assessment-framework.pdf,1227,AGRN 1227 - Southern Tasmania Bushfires (commencing 4 December 2025),2025-12-04,guideline_c,0,,NOT_EXTRACTED_OR_NOT_CERTIFIED,False,"Candidate source; event extraction, coverage and cutoff certification still required"
business_agricultural_impact,Affected enterprise / sector / region,assessment time,event observation timestamp; not recovered,State Category C request/impact evidence not recovered,Potentially independent if includes all assessed businesses; applications selected,Do not use grant recipients or amounts as need; denominator of directly impacted enterprises required,First decision date and observation/publication vintage must be joined; not certified pre-decision,https://www.nema.gov.au/sites/default/files/2024-08/drfa-2018-guideline-3-category-c-assessment-framework.pdf,1227,AGRN 1227 - Southern Tasmania Bushfires (commencing 4 December 2025),2025-12-04,guideline_c,0,,NOT_EXTRACTED_OR_NOT_CERTIFIED,False,"Candidate source; event extraction, coverage and cutoff certification still required"
population,LGA / SA1,Census or annual population estimate,Census reference date or pre-event annual estimate,Release-specific; 2021 first release 2022-06-28,Independent baseline structure,"Stock covariate, not event impact; boundary vintage must match",First decision date and observation/publication vintage must be joined; not certified pre-decision,https://www.abs.gov.au/census/guide-census-data/2021-census-product-release-guide,1227,AGRN 1227 - Southern Tasmania Bushfires (commencing 4 December 2025),2025-12-04,abs_census_release,0,,NOT_EXTRACTED_OR_NOT_CERTIFIED,False,"Candidate source; event extraction, coverage and cutoff certification still required"
remoteness,ABS Remoteness Areas aggregated to council,ASGS vintage,event observation timestamp; not recovered,Exact selected RA vintage release not audited,Independent baseline structure,SAL documentation is geography lead only; LGA may span multiple remoteness classes; no arbitrary single class,First decision date and observation/publication vintage must be joined; not certified pre-decision,https://www.abs.gov.au/statistics/standards/australian-statistical-geography-standard-asgs/edition-3-july-2021-june-2026/non-abs-structures/suburbs-and-localities,1227,AGRN 1227 - Southern Tasmania Bushfires (commencing 4 December 2025),2025-12-04,abs_sal,0,,NOT_EXTRACTED_OR_NOT_CERTIFIED,False,"Candidate source; event extraction, coverage and cutoff certification still required"
socioeconomic_disadvantage,LGA / SA1,2021 Census,2021-08-10,2023-04-27,Independent published baseline,"SEIFA is an existing statistical index, not a new need index; cannot use 2021 for pre-August-2021 onset",First decision date and observation/publication vintage must be joined; not certified pre-decision,https://www.abs.gov.au/statistics/detailed-methodology-information/concepts-sources-methods/socio-economic-indexes-areas-seifa-technical-paper/2021,1227,AGRN 1227 - Southern Tasmania Bushfires (commencing 4 December 2025),2025-12-04,seifa2021,0,,NOT_EXTRACTED_OR_NOT_CERTIFIED,False,"Candidate source; event extraction, coverage and cutoff certification still required"
infrastructure_scale,Council / asset class,prior financial year,event observation timestamp; not recovered,Frozen NSW fiscal road km observed; nationwide coverage unresolved,Predisaster road length is separate from disaster loss,NSW fiscal coverage only; differing road scope; use separate classes not combined need score,First decision date and observation/publication vintage must be joined; not certified pre-decision,https://www.abs.gov.au/census/guide-census-data/2021-census-product-release-guide,1227,AGRN 1227 - Southern Tasmania Bushfires (commencing 4 December 2025),2025-12-04,abs_census_release,0,,NOT_EXTRACTED_OR_NOT_CERTIFIED,False,"Candidate source; event extraction, coverage and cutoff certification still required"
flood_extent,Landsat pixel then event footprint × LGA,individual satellite acquisition,event observation timestamp; not recovered,Product/scene processing dates not recovered,Physical sensor observations independent of grant decisions,"Cloud, shadow, revisit timing and missed peaks; surface water is not automatically flood damage or maximum extent",First decision date and observation/publication vintage must be joined; not certified pre-decision,https://knowledge.dea.ga.gov.au/data/product/dea-water-observations-landsat/,1240,AGRN 1240 - Bondi NSW Terrorist Attack 14 December 2025,2025-12-14,dea_water,0,,NOT_EXTRACTED_OR_NOT_CERTIFIED,False,NOT_COMPARABLE: terrorist attack outside natural hazard design
flood_depth,Depth surface / asset site,event peak,event observation timestamp; not recovered,No verified consistent national event-depth source,Would be independent if modelled from hydrology without grant outcomes,DEA surface-water classification does not measure depth; elevation/hydraulic model and validation required,First decision date and observation/publication vintage must be joined; not certified pre-decision,https://knowledge.dea.ga.gov.au/data/product/dea-water-observations-landsat/,1240,AGRN 1240 - Bondi NSW Terrorist Attack 14 December 2025,2025-12-14,dea_water,0,,NOT_EXTRACTED_OR_NOT_CERTIFIED,False,NOT_COMPARABLE: terrorist attack outside natural hazard design
fire_extent_severity,"NSW mapped fire polygons/pixels, then LGA",fire / seasonal mapped release,event observation timestamp; not recovered,Seasonal reports; event-specific release dates unresolved,Remote sensing independent of assistance,"NSW-only, seasonal aggregates must not be assigned to a single AGRN; other states need matched fire footprints",First decision date and observation/publication vintage must be joined; not certified pre-decision,https://www.environment.nsw.gov.au/topics/animals-and-plants/native-vegetation/landcover-science/fire-extent-and-severity-maps,1240,AGRN 1240 - Bondi NSW Terrorist Attack 14 December 2025,2025-12-14,fesmsource,0,,NOT_EXTRACTED_OR_NOT_CERTIFIED,False,NOT_COMPARABLE: terrorist attack outside natural hazard design
cyclone_wind,Best-track point / station or windfield,storm timestamp,event observation timestamp; not recovered,Best tracks are post-event reanalysis; issuance dates required,Weather observations independent of funding,Track distance is not measured LGA wind damage; retrospective best track may follow approval,First decision date and observation/publication vintage must be joined; not certified pre-decision,https://www.bom.gov.au/cyclone/tropical-cyclone-knowledge-centre/databases/,1240,AGRN 1240 - Bondi NSW Terrorist Attack 14 December 2025,2025-12-14,bom_tracks,0,,NOT_EXTRACTED_OR_NOT_CERTIFIED,False,NOT_COMPARABLE: terrorist attack outside natural hazard design
rainfall,Weather station / gridded rainfall,daily / event accumulation,event observation timestamp; not recovered,BOM observation/product publication audit outstanding,Meteorological measurements independent,"Cyclone archive is a lead, not an extracted all-event rainfall dataset; station completeness required",First decision date and observation/publication vintage must be joined; not certified pre-decision,https://www.bom.gov.au/cyclone/tropical-cyclone-knowledge-centre/databases/,1240,AGRN 1240 - Bondi NSW Terrorist Attack 14 December 2025,2025-12-14,bom_tracks,0,,NOT_EXTRACTED_OR_NOT_CERTIFIED,False,NOT_COMPARABLE: terrorist attack outside natural hazard design
infrastructure_exposed,Dated road/building/asset inventory intersected with footprint,pre-event stock × event,event observation timestamp; not recovered,No common dated asset layer recovered,Pre-event inventory potentially independent,Population/building exposure is not damage; road inventories differ across states,First decision date and observation/publication vintage must be joined; not certified pre-decision,https://www.abs.gov.au/census/guide-census-data/2021-census-product-release-guide,1240,AGRN 1240 - Bondi NSW Terrorist Attack 14 December 2025,2025-12-14,abs_census_release,0,,NOT_EXTRACTED_OR_NOT_CERTIFIED,False,NOT_COMPARABLE: terrorist attack outside natural hazard design
affected_area,Footprint area × LGA,event,event observation timestamp; not recovered,Acquisition-specific dates required,Potentially independent sensor estimate,No uniform all-hazard footprint measure; valid observed zero requires complete coverage,First decision date and observation/publication vintage must be joined; not certified pre-decision,https://knowledge.dea.ga.gov.au/data/product/dea-water-observations-landsat/,1240,AGRN 1240 - Bondi NSW Terrorist Attack 14 December 2025,2025-12-14,dea_water,0,,NOT_EXTRACTED_OR_NOT_CERTIFIED,False,NOT_COMPARABLE: terrorist attack outside natural hazard design
affected_population,Census small area / population grid × footprint,pre-event stock × event,2021-08-10 for Census 2021; choose appropriate prior census,2021 Census first release 2022-06-28; finer products have later releases,Census stock independent; affected estimate depends on valid hazard footprint,Residential population is not people actually displaced; use older vintage before release where needed,First decision date and observation/publication vintage must be joined; not certified pre-decision,https://www.abs.gov.au/census/guide-census-data/2021-census-product-release-guide,1240,AGRN 1240 - Bondi NSW Terrorist Attack 14 December 2025,2025-12-14,abs_census_release,0,,NOT_EXTRACTED_OR_NOT_CERTIFIED,False,NOT_COMPARABLE: terrorist attack outside natural hazard design
houses_damaged_destroyed,Property inspection / council / event totals,time-stamped impact assessment,event observation timestamp; not recovered,Some annual/incident reports; no comparable LGA ledger recovered,Damage assessments potentially independent; grants-approved damage is not,Assessment coverage and revision dates selective; annual event total insufficient for pre-decision LGA vector,First decision date and observation/publication vintage must be joined; not certified pre-decision,https://dfes.wa.gov.au/annualreport2021/wooroloo-bushfire/,1240,AGRN 1240 - Bondi NSW Terrorist Attack 14 December 2025,2025-12-14,wa950,0,,NOT_EXTRACTED_OR_NOT_CERTIFIED,False,NOT_COMPARABLE: terrorist attack outside natural hazard design
evacuations_displacement,Warning polygon / evacuation centre / locality,incident time,event observation timestamp; not recovered,Some incident updates; national consistent historical vector not recovered,Potentially independent operational records,Evacuation order not count of displaced residents; council/event coverage unquantified,First decision date and observation/publication vintage must be joined; not certified pre-decision,https://www.disasterassist.gov.au/Pages/disasters/current-disasters/Tasmania/tasmanian-severe-weather-oct-2022-onwards.aspx,1240,AGRN 1240 - Bondi NSW Terrorist Attack 14 December 2025,2025-12-14,tas1038,0,,NOT_EXTRACTED_OR_NOT_CERTIFIED,False,NOT_COMPARABLE: terrorist attack outside natural hazard design
essential_infrastructure_damage,Asset/site or NIAM recovery domain,assessment time,event observation timestamp; not recovered,State impact requests may hold this; public event-wide availability not established,Only if independently assessed rather than inferred from paid claims,Need pre-decision asset damage and assessment protocol; later reconstruction spending excluded,First decision date and observation/publication vintage must be joined; not certified pre-decision,https://www.nema.gov.au/sites/default/files/2024-08/drfa-2018-guideline-3-category-c-assessment-framework.pdf,1240,AGRN 1240 - Bondi NSW Terrorist Attack 14 December 2025,2025-12-14,guideline_c,0,,NOT_EXTRACTED_OR_NOT_CERTIFIED,False,NOT_COMPARABLE: terrorist attack outside natural hazard design
business_agricultural_impact,Affected enterprise / sector / region,assessment time,event observation timestamp; not recovered,State Category C request/impact evidence not recovered,Potentially independent if includes all assessed businesses; applications selected,Do not use grant recipients or amounts as need; denominator of directly impacted enterprises required,First decision date and observation/publication vintage must be joined; not certified pre-decision,https://www.nema.gov.au/sites/default/files/2024-08/drfa-2018-guideline-3-category-c-assessment-framework.pdf,1240,AGRN 1240 - Bondi NSW Terrorist Attack 14 December 2025,2025-12-14,guideline_c,0,,NOT_EXTRACTED_OR_NOT_CERTIFIED,False,NOT_COMPARABLE: terrorist attack outside natural hazard design
population,LGA / SA1,Census or annual population estimate,Census reference date or pre-event annual estimate,Release-specific; 2021 first release 2022-06-28,Independent baseline structure,"Stock covariate, not event impact; boundary vintage must match",First decision date and observation/publication vintage must be joined; not certified pre-decision,https://www.abs.gov.au/census/guide-census-data/2021-census-product-release-guide,1240,AGRN 1240 - Bondi NSW Terrorist Attack 14 December 2025,2025-12-14,abs_census_release,0,,NOT_EXTRACTED_OR_NOT_CERTIFIED,False,NOT_COMPARABLE: terrorist attack outside natural hazard design
remoteness,ABS Remoteness Areas aggregated to council,ASGS vintage,event observation timestamp; not recovered,Exact selected RA vintage release not audited,Independent baseline structure,SAL documentation is geography lead only; LGA may span multiple remoteness classes; no arbitrary single class,First decision date and observation/publication vintage must be joined; not certified pre-decision,https://www.abs.gov.au/statistics/standards/australian-statistical-geography-standard-asgs/edition-3-july-2021-june-2026/non-abs-structures/suburbs-and-localities,1240,AGRN 1240 - Bondi NSW Terrorist Attack 14 December 2025,2025-12-14,abs_sal,0,,NOT_EXTRACTED_OR_NOT_CERTIFIED,False,NOT_COMPARABLE: terrorist attack outside natural hazard design
socioeconomic_disadvantage,LGA / SA1,2021 Census,2021-08-10,2023-04-27,Independent published baseline,"SEIFA is an existing statistical index, not a new need index; cannot use 2021 for pre-August-2021 onset",First decision date and observation/publication vintage must be joined; not certified pre-decision,https://www.abs.gov.au/statistics/detailed-methodology-information/concepts-sources-methods/socio-economic-indexes-areas-seifa-technical-paper/2021,1240,AGRN 1240 - Bondi NSW Terrorist Attack 14 December 2025,2025-12-14,seifa2021,0,,NOT_EXTRACTED_OR_NOT_CERTIFIED,False,NOT_COMPARABLE: terrorist attack outside natural hazard design
infrastructure_scale,Council / asset class,prior financial year,event observation timestamp; not recovered,Frozen NSW fiscal road km observed; nationwide coverage unresolved,Predisaster road length is separate from disaster loss,NSW fiscal coverage only; differing road scope; use separate classes not combined need score,First decision date and observation/publication vintage must be joined; not certified pre-decision,https://www.abs.gov.au/census/guide-census-data/2021-census-product-release-guide,1240,AGRN 1240 - Bondi NSW Terrorist Attack 14 December 2025,2025-12-14,abs_census_release,0,,NOT_EXTRACTED_OR_NOT_CERTIFIED,False,NOT_COMPARABLE: terrorist attack outside natural hazard design
flood_extent,Landsat pixel then event footprint × LGA,individual satellite acquisition,event observation timestamp; not recovered,Product/scene processing dates not recovered,Physical sensor observations independent of grant decisions,"Cloud, shadow, revisit timing and missed peaks; surface water is not automatically flood damage or maximum extent",First decision date and observation/publication vintage must be joined; not certified pre-decision,https://knowledge.dea.ga.gov.au/data/product/dea-water-observations-landsat/,1243,"AGRN 1243 - Queensland Monsoon Trough, Cyclone Koji, Cyclone Narelle and Severe Weather (24 December 2025 - 24 April 2026)",2025-12-24,dea_water,0,,NOT_EXTRACTED_OR_NOT_CERTIFIED,False,"Candidate source; event extraction, coverage and cutoff certification still required"
flood_depth,Depth surface / asset site,event peak,event observation timestamp; not recovered,No verified consistent national event-depth source,Would be independent if modelled from hydrology without grant outcomes,DEA surface-water classification does not measure depth; elevation/hydraulic model and validation required,First decision date and observation/publication vintage must be joined; not certified pre-decision,https://knowledge.dea.ga.gov.au/data/product/dea-water-observations-landsat/,1243,"AGRN 1243 - Queensland Monsoon Trough, Cyclone Koji, Cyclone Narelle and Severe Weather (24 December 2025 - 24 April 2026)",2025-12-24,dea_water,0,,NOT_EXTRACTED_OR_NOT_CERTIFIED,False,"Candidate source; event extraction, coverage and cutoff certification still required"
fire_extent_severity,"NSW mapped fire polygons/pixels, then LGA",fire / seasonal mapped release,event observation timestamp; not recovered,Seasonal reports; event-specific release dates unresolved,Remote sensing independent of assistance,"NSW-only, seasonal aggregates must not be assigned to a single AGRN; other states need matched fire footprints",First decision date and observation/publication vintage must be joined; not certified pre-decision,https://www.environment.nsw.gov.au/topics/animals-and-plants/native-vegetation/landcover-science/fire-extent-and-severity-maps,1243,"AGRN 1243 - Queensland Monsoon Trough, Cyclone Koji, Cyclone Narelle and Severe Weather (24 December 2025 - 24 April 2026)",2025-12-24,fesmsource,0,,NOT_EXTRACTED_OR_NOT_CERTIFIED,False,Hazard relevance requires event fire record; NSW FESM is NSW only; other states need their own product
cyclone_wind,Best-track point / station or windfield,storm timestamp,event observation timestamp; not recovered,Best tracks are post-event reanalysis; issuance dates required,Weather observations independent of funding,Track distance is not measured LGA wind damage; retrospective best track may follow approval,First decision date and observation/publication vintage must be joined; not certified pre-decision,https://www.bom.gov.au/cyclone/tropical-cyclone-knowledge-centre/databases/,1243,"AGRN 1243 - Queensland Monsoon Trough, Cyclone Koji, Cyclone Narelle and Severe Weather (24 December 2025 - 24 April 2026)",2025-12-24,bom_tracks,0,,NOT_EXTRACTED_OR_NOT_CERTIFIED,False,Cyclone components only; no claim that track alone measures local wind damage
rainfall,Weather station / gridded rainfall,daily / event accumulation,event observation timestamp; not recovered,BOM observation/product publication audit outstanding,Meteorological measurements independent,"Cyclone archive is a lead, not an extracted all-event rainfall dataset; station completeness required",First decision date and observation/publication vintage must be joined; not certified pre-decision,https://www.bom.gov.au/cyclone/tropical-cyclone-knowledge-centre/databases/,1243,"AGRN 1243 - Queensland Monsoon Trough, Cyclone Koji, Cyclone Narelle and Severe Weather (24 December 2025 - 24 April 2026)",2025-12-24,bom_tracks,0,,NOT_EXTRACTED_OR_NOT_CERTIFIED,False,"Candidate source; event extraction, coverage and cutoff certification still required"
infrastructure_exposed,Dated road/building/asset inventory intersected with footprint,pre-event stock × event,event observation timestamp; not recovered,No common dated asset layer recovered,Pre-event inventory potentially independent,Population/building exposure is not damage; road inventories differ across states,First decision date and observation/publication vintage must be joined; not certified pre-decision,https://www.abs.gov.au/census/guide-census-data/2021-census-product-release-guide,1243,"AGRN 1243 - Queensland Monsoon Trough, Cyclone Koji, Cyclone Narelle and Severe Weather (24 December 2025 - 24 April 2026)",2025-12-24,abs_census_release,0,,NOT_EXTRACTED_OR_NOT_CERTIFIED,False,"Candidate source; event extraction, coverage and cutoff certification still required"
affected_area,Footprint area × LGA,event,event observation timestamp; not recovered,Acquisition-specific dates required,Potentially independent sensor estimate,No uniform all-hazard footprint measure; valid observed zero requires complete coverage,First decision date and observation/publication vintage must be joined; not certified pre-decision,https://knowledge.dea.ga.gov.au/data/product/dea-water-observations-landsat/,1243,"AGRN 1243 - Queensland Monsoon Trough, Cyclone Koji, Cyclone Narelle and Severe Weather (24 December 2025 - 24 April 2026)",2025-12-24,dea_water,0,,NOT_EXTRACTED_OR_NOT_CERTIFIED,False,"Candidate source; event extraction, coverage and cutoff certification still required"
affected_population,Census small area / population grid × footprint,pre-event stock × event,2021-08-10 for Census 2021; choose appropriate prior census,2021 Census first release 2022-06-28; finer products have later releases,Census stock independent; affected estimate depends on valid hazard footprint,Residential population is not people actually displaced; use older vintage before release where needed,First decision date and observation/publication vintage must be joined; not certified pre-decision,https://www.abs.gov.au/census/guide-census-data/2021-census-product-release-guide,1243,"AGRN 1243 - Queensland Monsoon Trough, Cyclone Koji, Cyclone Narelle and Severe Weather (24 December 2025 - 24 April 2026)",2025-12-24,abs_census_release,0,,NOT_EXTRACTED_OR_NOT_CERTIFIED,False,"Candidate source; event extraction, coverage and cutoff certification still required"
houses_damaged_destroyed,Property inspection / council / event totals,time-stamped impact assessment,event observation timestamp; not recovered,Some annual/incident reports; no comparable LGA ledger recovered,Damage assessments potentially independent; grants-approved damage is not,Assessment coverage and revision dates selective; annual event total insufficient for pre-decision LGA vector,First decision date and observation/publication vintage must be joined; not certified pre-decision,https://dfes.wa.gov.au/annualreport2021/wooroloo-bushfire/,1243,"AGRN 1243 - Queensland Monsoon Trough, Cyclone Koji, Cyclone Narelle and Severe Weather (24 December 2025 - 24 April 2026)",2025-12-24,wa950,0,,NOT_EXTRACTED_OR_NOT_CERTIFIED,False,"Candidate source; event extraction, coverage and cutoff certification still required"
evacuations_displacement,Warning polygon / evacuation centre / locality,incident time,event observation timestamp; not recovered,Some incident updates; national consistent historical vector not recovered,Potentially independent operational records,Evacuation order not count of displaced residents; council/event coverage unquantified,First decision date and observation/publication vintage must be joined; not certified pre-decision,https://www.disasterassist.gov.au/Pages/disasters/current-disasters/Tasmania/tasmanian-severe-weather-oct-2022-onwards.aspx,1243,"AGRN 1243 - Queensland Monsoon Trough, Cyclone Koji, Cyclone Narelle and Severe Weather (24 December 2025 - 24 April 2026)",2025-12-24,tas1038,0,,NOT_EXTRACTED_OR_NOT_CERTIFIED,False,"Candidate source; event extraction, coverage and cutoff certification still required"
essential_infrastructure_damage,Asset/site or NIAM recovery domain,assessment time,event observation timestamp; not recovered,State impact requests may hold this; public event-wide availability not established,Only if independently assessed rather than inferred from paid claims,Need pre-decision asset damage and assessment protocol; later reconstruction spending excluded,First decision date and observation/publication vintage must be joined; not certified pre-decision,https://www.nema.gov.au/sites/default/files/2024-08/drfa-2018-guideline-3-category-c-assessment-framework.pdf,1243,"AGRN 1243 - Queensland Monsoon Trough, Cyclone Koji, Cyclone Narelle and Severe Weather (24 December 2025 - 24 April 2026)",2025-12-24,guideline_c,0,,NOT_EXTRACTED_OR_NOT_CERTIFIED,False,"Candidate source; event extraction, coverage and cutoff certification still required"
business_agricultural_impact,Affected enterprise / sector / region,assessment time,event observation timestamp; not recovered,State Category C request/impact evidence not recovered,Potentially independent if includes all assessed businesses; applications selected,Do not use grant recipients or amounts as need; denominator of directly impacted enterprises required,First decision date and observation/publication vintage must be joined; not certified pre-decision,https://www.nema.gov.au/sites/default/files/2024-08/drfa-2018-guideline-3-category-c-assessment-framework.pdf,1243,"AGRN 1243 - Queensland Monsoon Trough, Cyclone Koji, Cyclone Narelle and Severe Weather (24 December 2025 - 24 April 2026)",2025-12-24,guideline_c,0,,NOT_EXTRACTED_OR_NOT_CERTIFIED,False,"Candidate source; event extraction, coverage and cutoff certification still required"
population,LGA / SA1,Census or annual population estimate,Census reference date or pre-event annual estimate,Release-specific; 2021 first release 2022-06-28,Independent baseline structure,"Stock covariate, not event impact; boundary vintage must match",First decision date and observation/publication vintage must be joined; not certified pre-decision,https://www.abs.gov.au/census/guide-census-data/2021-census-product-release-guide,1243,"AGRN 1243 - Queensland Monsoon Trough, Cyclone Koji, Cyclone Narelle and Severe Weather (24 December 2025 - 24 April 2026)",2025-12-24,abs_census_release,0,,NOT_EXTRACTED_OR_NOT_CERTIFIED,False,"Candidate source; event extraction, coverage and cutoff certification still required"
remoteness,ABS Remoteness Areas aggregated to council,ASGS vintage,event observation timestamp; not recovered,Exact selected RA vintage release not audited,Independent baseline structure,SAL documentation is geography lead only; LGA may span multiple remoteness classes; no arbitrary single class,First decision date and observation/publication vintage must be joined; not certified pre-decision,https://www.abs.gov.au/statistics/standards/australian-statistical-geography-standard-asgs/edition-3-july-2021-june-2026/non-abs-structures/suburbs-and-localities,1243,"AGRN 1243 - Queensland Monsoon Trough, Cyclone Koji, Cyclone Narelle and Severe Weather (24 December 2025 - 24 April 2026)",2025-12-24,abs_sal,0,,NOT_EXTRACTED_OR_NOT_CERTIFIED,False,"Candidate source; event extraction, coverage and cutoff certification still required"
socioeconomic_disadvantage,LGA / SA1,2021 Census,2021-08-10,2023-04-27,Independent published baseline,"SEIFA is an existing statistical index, not a new need index; cannot use 2021 for pre-August-2021 onset",First decision date and observation/publication vintage must be joined; not certified pre-decision,https://www.abs.gov.au/statistics/detailed-methodology-information/concepts-sources-methods/socio-economic-indexes-areas-seifa-technical-paper/2021,1243,"AGRN 1243 - Queensland Monsoon Trough, Cyclone Koji, Cyclone Narelle and Severe Weather (24 December 2025 - 24 April 2026)",2025-12-24,seifa2021,0,,NOT_EXTRACTED_OR_NOT_CERTIFIED,False,"Candidate source; event extraction, coverage and cutoff certification still required"
infrastructure_scale,Council / asset class,prior financial year,event observation timestamp; not recovered,Frozen NSW fiscal road km observed; nationwide coverage unresolved,Predisaster road length is separate from disaster loss,NSW fiscal coverage only; differing road scope; use separate classes not combined need score,First decision date and observation/publication vintage must be joined; not certified pre-decision,https://www.abs.gov.au/census/guide-census-data/2021-census-product-release-guide,1243,"AGRN 1243 - Queensland Monsoon Trough, Cyclone Koji, Cyclone Narelle and Severe Weather (24 December 2025 - 24 April 2026)",2025-12-24,abs_census_release,0,,NOT_EXTRACTED_OR_NOT_CERTIFIED,False,"Candidate source; event extraction, coverage and cutoff certification still required"
flood_extent,Landsat pixel then event footprint × LGA,individual satellite acquisition,event observation timestamp; not recovered,Product/scene processing dates not recovered,Physical sensor observations independent of grant decisions,"Cloud, shadow, revisit timing and missed peaks; surface water is not automatically flood damage or maximum extent",First decision date and observation/publication vintage must be joined; not certified pre-decision,https://knowledge.dea.ga.gov.au/data/product/dea-water-observations-landsat/,1242,AGRN 1242 - Victorian Bushfires (commencing 7 January 2026),2026-01-07,dea_water,0,,NOT_EXTRACTED_OR_NOT_CERTIFIED,False,"Candidate source; event extraction, coverage and cutoff certification still required"
flood_depth,Depth surface / asset site,event peak,event observation timestamp; not recovered,No verified consistent national event-depth source,Would be independent if modelled from hydrology without grant outcomes,DEA surface-water classification does not measure depth; elevation/hydraulic model and validation required,First decision date and observation/publication vintage must be joined; not certified pre-decision,https://knowledge.dea.ga.gov.au/data/product/dea-water-observations-landsat/,1242,AGRN 1242 - Victorian Bushfires (commencing 7 January 2026),2026-01-07,dea_water,0,,NOT_EXTRACTED_OR_NOT_CERTIFIED,False,"Candidate source; event extraction, coverage and cutoff certification still required"
fire_extent_severity,"NSW mapped fire polygons/pixels, then LGA",fire / seasonal mapped release,event observation timestamp; not recovered,Seasonal reports; event-specific release dates unresolved,Remote sensing independent of assistance,"NSW-only, seasonal aggregates must not be assigned to a single AGRN; other states need matched fire footprints",First decision date and observation/publication vintage must be joined; not certified pre-decision,https://www.environment.nsw.gov.au/topics/animals-and-plants/native-vegetation/landcover-science/fire-extent-and-severity-maps,1242,AGRN 1242 - Victorian Bushfires (commencing 7 January 2026),2026-01-07,fesmsource,0,,NOT_EXTRACTED_OR_NOT_CERTIFIED,False,Hazard relevance requires event fire record; NSW FESM is NSW only; other states need their own product
cyclone_wind,Best-track point / station or windfield,storm timestamp,event observation timestamp; not recovered,Best tracks are post-event reanalysis; issuance dates required,Weather observations independent of funding,Track distance is not measured LGA wind damage; retrospective best track may follow approval,First decision date and observation/publication vintage must be joined; not certified pre-decision,https://www.bom.gov.au/cyclone/tropical-cyclone-knowledge-centre/databases/,1242,AGRN 1242 - Victorian Bushfires (commencing 7 January 2026),2026-01-07,bom_tracks,0,,NOT_EXTRACTED_OR_NOT_CERTIFIED,False,Cyclone components only; no claim that track alone measures local wind damage
rainfall,Weather station / gridded rainfall,daily / event accumulation,event observation timestamp; not recovered,BOM observation/product publication audit outstanding,Meteorological measurements independent,"Cyclone archive is a lead, not an extracted all-event rainfall dataset; station completeness required",First decision date and observation/publication vintage must be joined; not certified pre-decision,https://www.bom.gov.au/cyclone/tropical-cyclone-knowledge-centre/databases/,1242,AGRN 1242 - Victorian Bushfires (commencing 7 January 2026),2026-01-07,bom_tracks,0,,NOT_EXTRACTED_OR_NOT_CERTIFIED,False,"Candidate source; event extraction, coverage and cutoff certification still required"
infrastructure_exposed,Dated road/building/asset inventory intersected with footprint,pre-event stock × event,event observation timestamp; not recovered,No common dated asset layer recovered,Pre-event inventory potentially independent,Population/building exposure is not damage; road inventories differ across states,First decision date and observation/publication vintage must be joined; not certified pre-decision,https://www.abs.gov.au/census/guide-census-data/2021-census-product-release-guide,1242,AGRN 1242 - Victorian Bushfires (commencing 7 January 2026),2026-01-07,abs_census_release,0,,NOT_EXTRACTED_OR_NOT_CERTIFIED,False,"Candidate source; event extraction, coverage and cutoff certification still required"
affected_area,Footprint area × LGA,event,event observation timestamp; not recovered,Acquisition-specific dates required,Potentially independent sensor estimate,No uniform all-hazard footprint measure; valid observed zero requires complete coverage,First decision date and observation/publication vintage must be joined; not certified pre-decision,https://knowledge.dea.ga.gov.au/data/product/dea-water-observations-landsat/,1242,AGRN 1242 - Victorian Bushfires (commencing 7 January 2026),2026-01-07,dea_water,0,,NOT_EXTRACTED_OR_NOT_CERTIFIED,False,"Candidate source; event extraction, coverage and cutoff certification still required"
affected_population,Census small area / population grid × footprint,pre-event stock × event,2021-08-10 for Census 2021; choose appropriate prior census,2021 Census first release 2022-06-28; finer products have later releases,Census stock independent; affected estimate depends on valid hazard footprint,Residential population is not people actually displaced; use older vintage before release where needed,First decision date and observation/publication vintage must be joined; not certified pre-decision,https://www.abs.gov.au/census/guide-census-data/2021-census-product-release-guide,1242,AGRN 1242 - Victorian Bushfires (commencing 7 January 2026),2026-01-07,abs_census_release,0,,NOT_EXTRACTED_OR_NOT_CERTIFIED,False,"Candidate source; event extraction, coverage and cutoff certification still required"
houses_damaged_destroyed,Property inspection / council / event totals,time-stamped impact assessment,event observation timestamp; not recovered,Some annual/incident reports; no comparable LGA ledger recovered,Damage assessments potentially independent; grants-approved damage is not,Assessment coverage and revision dates selective; annual event total insufficient for pre-decision LGA vector,First decision date and observation/publication vintage must be joined; not certified pre-decision,https://dfes.wa.gov.au/annualreport2021/wooroloo-bushfire/,1242,AGRN 1242 - Victorian Bushfires (commencing 7 January 2026),2026-01-07,wa950,0,,NOT_EXTRACTED_OR_NOT_CERTIFIED,False,"Candidate source; event extraction, coverage and cutoff certification still required"
evacuations_displacement,Warning polygon / evacuation centre / locality,incident time,event observation timestamp; not recovered,Some incident updates; national consistent historical vector not recovered,Potentially independent operational records,Evacuation order not count of displaced residents; council/event coverage unquantified,First decision date and observation/publication vintage must be joined; not certified pre-decision,https://www.disasterassist.gov.au/Pages/disasters/current-disasters/Tasmania/tasmanian-severe-weather-oct-2022-onwards.aspx,1242,AGRN 1242 - Victorian Bushfires (commencing 7 January 2026),2026-01-07,tas1038,0,,NOT_EXTRACTED_OR_NOT_CERTIFIED,False,"Candidate source; event extraction, coverage and cutoff certification still required"
essential_infrastructure_damage,Asset/site or NIAM recovery domain,assessment time,event observation timestamp; not recovered,State impact requests may hold this; public event-wide availability not established,Only if independently assessed rather than inferred from paid claims,Need pre-decision asset damage and assessment protocol; later reconstruction spending excluded,First decision date and observation/publication vintage must be joined; not certified pre-decision,https://www.nema.gov.au/sites/default/files/2024-08/drfa-2018-guideline-3-category-c-assessment-framework.pdf,1242,AGRN 1242 - Victorian Bushfires (commencing 7 January 2026),2026-01-07,guideline_c,0,,NOT_EXTRACTED_OR_NOT_CERTIFIED,False,"Candidate source; event extraction, coverage and cutoff certification still required"
business_agricultural_impact,Affected enterprise / sector / region,assessment time,event observation timestamp; not recovered,State Category C request/impact evidence not recovered,Potentially independent if includes all assessed businesses; applications selected,Do not use grant recipients or amounts as need; denominator of directly impacted enterprises required,First decision date and observation/publication vintage must be joined; not certified pre-decision,https://www.nema.gov.au/sites/default/files/2024-08/drfa-2018-guideline-3-category-c-assessment-framework.pdf,1242,AGRN 1242 - Victorian Bushfires (commencing 7 January 2026),2026-01-07,guideline_c,0,,NOT_EXTRACTED_OR_NOT_CERTIFIED,False,"Candidate source; event extraction, coverage and cutoff certification still required"
population,LGA / SA1,Census or annual population estimate,Census reference date or pre-event annual estimate,Release-specific; 2021 first release 2022-06-28,Independent baseline structure,"Stock covariate, not event impact; boundary vintage must match",First decision date and observation/publication vintage must be joined; not certified pre-decision,https://www.abs.gov.au/census/guide-census-data/2021-census-product-release-guide,1242,AGRN 1242 - Victorian Bushfires (commencing 7 January 2026),2026-01-07,abs_census_release,0,,NOT_EXTRACTED_OR_NOT_CERTIFIED,False,"Candidate source; event extraction, coverage and cutoff certification still required"
remoteness,ABS Remoteness Areas aggregated to council,ASGS vintage,event observation timestamp; not recovered,Exact selected RA vintage release not audited,Independent baseline structure,SAL documentation is geography lead only; LGA may span multiple remoteness classes; no arbitrary single class,First decision date and observation/publication vintage must be joined; not certified pre-decision,https://www.abs.gov.au/statistics/standards/australian-statistical-geography-standard-asgs/edition-3-july-2021-june-2026/non-abs-structures/suburbs-and-localities,1242,AGRN 1242 - Victorian Bushfires (commencing 7 January 2026),2026-01-07,abs_sal,0,,NOT_EXTRACTED_OR_NOT_CERTIFIED,False,"Candidate source; event extraction, coverage and cutoff certification still required"
socioeconomic_disadvantage,LGA / SA1,2021 Census,2021-08-10,2023-04-27,Independent published baseline,"SEIFA is an existing statistical index, not a new need index; cannot use 2021 for pre-August-2021 onset",First decision date and observation/publication vintage must be joined; not certified pre-decision,https://www.abs.gov.au/statistics/detailed-methodology-information/concepts-sources-methods/socio-economic-indexes-areas-seifa-technical-paper/2021,1242,AGRN 1242 - Victorian Bushfires (commencing 7 January 2026),2026-01-07,seifa2021,0,,NOT_EXTRACTED_OR_NOT_CERTIFIED,False,"Candidate source; event extraction, coverage and cutoff certification still required"
infrastructure_scale,Council / asset class,prior financial year,event observation timestamp; not recovered,Frozen NSW fiscal road km observed; nationwide coverage unresolved,Predisaster road length is separate from disaster loss,NSW fiscal coverage only; differing road scope; use separate classes not combined need score,First decision date and observation/publication vintage must be joined; not certified pre-decision,https://www.abs.gov.au/census/guide-census-data/2021-census-product-release-guide,1242,AGRN 1242 - Victorian Bushfires (commencing 7 January 2026),2026-01-07,abs_census_release,0,,NOT_EXTRACTED_OR_NOT_CERTIFIED,False,"Candidate source; event extraction, coverage and cutoff certification still required"
flood_extent,Landsat pixel then event footprint × LGA,individual satellite acquisition,event observation timestamp; not recovered,Product/scene processing dates not recovered,Physical sensor observations independent of grant decisions,"Cloud, shadow, revisit timing and missed peaks; surface water is not automatically flood damage or maximum extent",First decision date and observation/publication vintage must be joined; not certified pre-decision,https://knowledge.dea.ga.gov.au/data/product/dea-water-observations-landsat/,1269,AGRN 1269 - 31U Tropical Low Flood Event and 34U Tropical Cyclone Narelle (March 2026),2026-03-07,dea_water,0,,NOT_EXTRACTED_OR_NOT_CERTIFIED,False,"Candidate source; event extraction, coverage and cutoff certification still required"
flood_depth,Depth surface / asset site,event peak,event observation timestamp; not recovered,No verified consistent national event-depth source,Would be independent if modelled from hydrology without grant outcomes,DEA surface-water classification does not measure depth; elevation/hydraulic model and validation required,First decision date and observation/publication vintage must be joined; not certified pre-decision,https://knowledge.dea.ga.gov.au/data/product/dea-water-observations-landsat/,1269,AGRN 1269 - 31U Tropical Low Flood Event and 34U Tropical Cyclone Narelle (March 2026),2026-03-07,dea_water,0,,NOT_EXTRACTED_OR_NOT_CERTIFIED,False,"Candidate source; event extraction, coverage and cutoff certification still required"
fire_extent_severity,"NSW mapped fire polygons/pixels, then LGA",fire / seasonal mapped release,event observation timestamp; not recovered,Seasonal reports; event-specific release dates unresolved,Remote sensing independent of assistance,"NSW-only, seasonal aggregates must not be assigned to a single AGRN; other states need matched fire footprints",First decision date and observation/publication vintage must be joined; not certified pre-decision,https://www.environment.nsw.gov.au/topics/animals-and-plants/native-vegetation/landcover-science/fire-extent-and-severity-maps,1269,AGRN 1269 - 31U Tropical Low Flood Event and 34U Tropical Cyclone Narelle (March 2026),2026-03-07,fesmsource,0,,NOT_EXTRACTED_OR_NOT_CERTIFIED,False,Hazard relevance requires event fire record; NSW FESM is NSW only; other states need their own product
cyclone_wind,Best-track point / station or windfield,storm timestamp,event observation timestamp; not recovered,Best tracks are post-event reanalysis; issuance dates required,Weather observations independent of funding,Track distance is not measured LGA wind damage; retrospective best track may follow approval,First decision date and observation/publication vintage must be joined; not certified pre-decision,https://www.bom.gov.au/cyclone/tropical-cyclone-knowledge-centre/databases/,1269,AGRN 1269 - 31U Tropical Low Flood Event and 34U Tropical Cyclone Narelle (March 2026),2026-03-07,bom_tracks,0,,NOT_EXTRACTED_OR_NOT_CERTIFIED,False,Cyclone components only; no claim that track alone measures local wind damage
rainfall,Weather station / gridded rainfall,daily / event accumulation,event observation timestamp; not recovered,BOM observation/product publication audit outstanding,Meteorological measurements independent,"Cyclone archive is a lead, not an extracted all-event rainfall dataset; station completeness required",First decision date and observation/publication vintage must be joined; not certified pre-decision,https://www.bom.gov.au/cyclone/tropical-cyclone-knowledge-centre/databases/,1269,AGRN 1269 - 31U Tropical Low Flood Event and 34U Tropical Cyclone Narelle (March 2026),2026-03-07,bom_tracks,0,,NOT_EXTRACTED_OR_NOT_CERTIFIED,False,"Candidate source; event extraction, coverage and cutoff certification still required"
infrastructure_exposed,Dated road/building/asset inventory intersected with footprint,pre-event stock × event,event observation timestamp; not recovered,No common dated asset layer recovered,Pre-event inventory potentially independent,Population/building exposure is not damage; road inventories differ across states,First decision date and observation/publication vintage must be joined; not certified pre-decision,https://www.abs.gov.au/census/guide-census-data/2021-census-product-release-guide,1269,AGRN 1269 - 31U Tropical Low Flood Event and 34U Tropical Cyclone Narelle (March 2026),2026-03-07,abs_census_release,0,,NOT_EXTRACTED_OR_NOT_CERTIFIED,False,"Candidate source; event extraction, coverage and cutoff certification still required"
affected_area,Footprint area × LGA,event,event observation timestamp; not recovered,Acquisition-specific dates required,Potentially independent sensor estimate,No uniform all-hazard footprint measure; valid observed zero requires complete coverage,First decision date and observation/publication vintage must be joined; not certified pre-decision,https://knowledge.dea.ga.gov.au/data/product/dea-water-observations-landsat/,1269,AGRN 1269 - 31U Tropical Low Flood Event and 34U Tropical Cyclone Narelle (March 2026),2026-03-07,dea_water,0,,NOT_EXTRACTED_OR_NOT_CERTIFIED,False,"Candidate source; event extraction, coverage and cutoff certification still required"
affected_population,Census small area / population grid × footprint,pre-event stock × event,2021-08-10 for Census 2021; choose appropriate prior census,2021 Census first release 2022-06-28; finer products have later releases,Census stock independent; affected estimate depends on valid hazard footprint,Residential population is not people actually displaced; use older vintage before release where needed,First decision date and observation/publication vintage must be joined; not certified pre-decision,https://www.abs.gov.au/census/guide-census-data/2021-census-product-release-guide,1269,AGRN 1269 - 31U Tropical Low Flood Event and 34U Tropical Cyclone Narelle (March 2026),2026-03-07,abs_census_release,0,,NOT_EXTRACTED_OR_NOT_CERTIFIED,False,"Candidate source; event extraction, coverage and cutoff certification still required"
houses_damaged_destroyed,Property inspection / council / event totals,time-stamped impact assessment,event observation timestamp; not recovered,Some annual/incident reports; no comparable LGA ledger recovered,Damage assessments potentially independent; grants-approved damage is not,Assessment coverage and revision dates selective; annual event total insufficient for pre-decision LGA vector,First decision date and observation/publication vintage must be joined; not certified pre-decision,https://dfes.wa.gov.au/annualreport2021/wooroloo-bushfire/,1269,AGRN 1269 - 31U Tropical Low Flood Event and 34U Tropical Cyclone Narelle (March 2026),2026-03-07,wa950,0,,NOT_EXTRACTED_OR_NOT_CERTIFIED,False,"Candidate source; event extraction, coverage and cutoff certification still required"
evacuations_displacement,Warning polygon / evacuation centre / locality,incident time,event observation timestamp; not recovered,Some incident updates; national consistent historical vector not recovered,Potentially independent operational records,Evacuation order not count of displaced residents; council/event coverage unquantified,First decision date and observation/publication vintage must be joined; not certified pre-decision,https://www.disasterassist.gov.au/Pages/disasters/current-disasters/Tasmania/tasmanian-severe-weather-oct-2022-onwards.aspx,1269,AGRN 1269 - 31U Tropical Low Flood Event and 34U Tropical Cyclone Narelle (March 2026),2026-03-07,tas1038,0,,NOT_EXTRACTED_OR_NOT_CERTIFIED,False,"Candidate source; event extraction, coverage and cutoff certification still required"
essential_infrastructure_damage,Asset/site or NIAM recovery domain,assessment time,event observation timestamp; not recovered,State impact requests may hold this; public event-wide availability not established,Only if independently assessed rather than inferred from paid claims,Need pre-decision asset damage and assessment protocol; later reconstruction spending excluded,First decision date and observation/publication vintage must be joined; not certified pre-decision,https://www.nema.gov.au/sites/default/files/2024-08/drfa-2018-guideline-3-category-c-assessment-framework.pdf,1269,AGRN 1269 - 31U Tropical Low Flood Event and 34U Tropical Cyclone Narelle (March 2026),2026-03-07,guideline_c,0,,NOT_EXTRACTED_OR_NOT_CERTIFIED,False,"Candidate source; event extraction, coverage and cutoff certification still required"
business_agricultural_impact,Affected enterprise / sector / region,assessment time,event observation timestamp; not recovered,State Category C request/impact evidence not recovered,Potentially independent if includes all assessed businesses; applications selected,Do not use grant recipients or amounts as need; denominator of directly impacted enterprises required,First decision date and observation/publication vintage must be joined; not certified pre-decision,https://www.nema.gov.au/sites/default/files/2024-08/drfa-2018-guideline-3-category-c-assessment-framework.pdf,1269,AGRN 1269 - 31U Tropical Low Flood Event and 34U Tropical Cyclone Narelle (March 2026),2026-03-07,guideline_c,0,,NOT_EXTRACTED_OR_NOT_CERTIFIED,False,"Candidate source; event extraction, coverage and cutoff certification still required"
population,LGA / SA1,Census or annual population estimate,Census reference date or pre-event annual estimate,Release-specific; 2021 first release 2022-06-28,Independent baseline structure,"Stock covariate, not event impact; boundary vintage must match",First decision date and observation/publication vintage must be joined; not certified pre-decision,https://www.abs.gov.au/census/guide-census-data/2021-census-product-release-guide,1269,AGRN 1269 - 31U Tropical Low Flood Event and 34U Tropical Cyclone Narelle (March 2026),2026-03-07,abs_census_release,0,,NOT_EXTRACTED_OR_NOT_CERTIFIED,False,"Candidate source; event extraction, coverage and cutoff certification still required"
remoteness,ABS Remoteness Areas aggregated to council,ASGS vintage,event observation timestamp; not recovered,Exact selected RA vintage release not audited,Independent baseline structure,SAL documentation is geography lead only; LGA may span multiple remoteness classes; no arbitrary single class,First decision date and observation/publication vintage must be joined; not certified pre-decision,https://www.abs.gov.au/statistics/standards/australian-statistical-geography-standard-asgs/edition-3-july-2021-june-2026/non-abs-structures/suburbs-and-localities,1269,AGRN 1269 - 31U Tropical Low Flood Event and 34U Tropical Cyclone Narelle (March 2026),2026-03-07,abs_sal,0,,NOT_EXTRACTED_OR_NOT_CERTIFIED,False,"Candidate source; event extraction, coverage and cutoff certification still required"
socioeconomic_disadvantage,LGA / SA1,2021 Census,2021-08-10,2023-04-27,Independent published baseline,"SEIFA is an existing statistical index, not a new need index; cannot use 2021 for pre-August-2021 onset",First decision date and observation/publication vintage must be joined; not certified pre-decision,https://www.abs.gov.au/statistics/detailed-methodology-information/concepts-sources-methods/socio-economic-indexes-areas-seifa-technical-paper/2021,1269,AGRN 1269 - 31U Tropical Low Flood Event and 34U Tropical Cyclone Narelle (March 2026),2026-03-07,seifa2021,0,,NOT_EXTRACTED_OR_NOT_CERTIFIED,False,"Candidate source; event extraction, coverage and cutoff certification still required"
infrastructure_scale,Council / asset class,prior financial year,event observation timestamp; not recovered,Frozen NSW fiscal road km observed; nationwide coverage unresolved,Predisaster road length is separate from disaster loss,NSW fiscal coverage only; differing road scope; use separate classes not combined need score,First decision date and observation/publication vintage must be joined; not certified pre-decision,https://www.abs.gov.au/census/guide-census-data/2021-census-product-release-guide,1269,AGRN 1269 - 31U Tropical Low Flood Event and 34U Tropical Cyclone Narelle (March 2026),2026-03-07,abs_census_release,0,,NOT_EXTRACTED_OR_NOT_CERTIFIED,False,"Candidate source; event extraction, coverage and cutoff certification still required"
