agrn,region_id,region_name,season,census_year,n_fires,burned_km2,council_km2,residents_in,homes_in,farm_homes_in,workplace_mb_in,commercial_mb_in,industrial_mb_in,public_mb_in,education_mb_in,health_mb_in,farm_km2_in,osm_home_in,osm_workplace_in,osm_public_in,osm_farm_in,osm_other_building_in,osm_public_school_in,osm_public_health_in,osm_public_emergency_in,osm_public_hall_library_in,osm_public_worship_in,major_road_km_in,local_road_km_in,track_km_in,rail_km_in,power_line_km_in,bridges_in,residents_1km,homes_1km,farm_homes_1km,workplace_mb_1km,commercial_mb_1km,industrial_mb_1km,public_mb_1km,education_mb_1km,health_mb_1km,farm_km2_1km,osm_home_1km,osm_workplace_1km,osm_public_1km,osm_farm_1km,osm_other_building_1km,osm_public_school_1km,osm_public_health_1km,osm_public_emergency_1km,osm_public_hall_library_1km,osm_public_worship_1km,major_road_km_1km,local_road_km_1km,track_km_1km,rail_km_1km,power_line_km_1km,bridges_1km,residents_council,homes_council,farm_homes_council,workplace_mb_council,commercial_mb_council,industrial_mb_council,public_mb_council,education_mb_council,health_mb_council,farm_km2_council,dwellings,homes_per_1000_v2_inferred,DL_facilities_destroyed_sourced,DL_outbuildings_destroyed_sourced,info_DL_facilities_destroyed_sourced_scope,info_DL_outbuildings_destroyed_sourced_scope,homes_destroyed,facilities_destroyed,outbuildings_destroyed,nonres_mb_in,nonres_osm_in,farm_osm_in,nonres_mb_1km,nonres_osm_1km,farm_osm_1km
1052,10470,Bathurst Regional,2022,2021,28,18.29828816050354,3817.864073653167,2.6198687449193097,3.760684930105369,3.760684930105369,0.0,0.0,0.0,0.0,0.0,0.0,18.298288160503652,0,0,0,0,0,0,0,0,0,0,2.625276032466203,0.0,0.0,0.0,0.0,0,33.43850860699851,19.080661632513483,17.519807966406276,0.0,0.0,0.0,0.0,0.0,0.0,43.03295474094438,0,0,0,0,0,0,0,0,0,0,6.048758403586227,2.6311789595359407,0.2687753939330602,0.0,1.6756199743087914,0,43594.99999999984,18382.99999999989,2522.999999999933,44.0,22.0,22.0,23.0,22.0,1.0,3214.149302854216,17518,,,,,,,,,0.0,0,0,0.0,0,0
1052,10950,Bogan,2022,2021,28,69.09957209509113,14599.899176404402,1.180578553895517,0.671385747516779,0.671385747516779,0.0,0.0,0.0,0.0,0.0,0.0,69.09957209509069,0,0,0,0,17,0,0,0,0,0,5.050738802850116,0.0,0.28604280513921,0.0,5.312775346556408,0,2.9332803923063784,1.567405964228498,1.567405964228498,0.0,0.0,0.0,0.0,0.0,0.0,149.48183555013432,0,0,0,0,17,0,0,0,0,0,16.394630882221588,0.0,2.5105605572843923,0.0,9.951530981038587,0,2460.000000000025,1279.000000000006,347.0000000000061,13.0,11.0,2.0,2.0,2.0,0.0,14245.611769567597,1184,0.0,,,,,0.0,,,0.0,0,17,0.0,0,17
1052,11200,Brewarrina,2022,2021,28,0.2122373918939889,19162.02958748307,0.0032863690130754,0.0021651613131655,0.0021651613131655,0.0,0.0,0.0,0.0,0.0,0.0,0.212237391893989,0,0,0,0,0,0,0,0,0,0,0.0,0.0,0.0,0.0,0.0,0,0.1446762329264684,0.0969553067265006,0.0969553067265006,0.0,0.0,0.0,0.0,0.0,0.0,9.034623828500614,0,0,0,0,0,0,0,0,0,0,2.421547168414813,2.469167253954037,0.0,0.0,0.0,0,1357.9999999998258,763.9999999998782,166.99999999999312,0.0,0.0,0.0,2.0,2.0,0.0,19099.065907086213,598,0.0,,,,,0.0,,,0.0,0,0,0.0,0,0
1052,11400,Cabonne,2022,2021,28,1.852713503272554,6022.349520526384,0.740063598462892,0.4010760469587362,0.4010760469587362,0.0,0.0,0.0,0.0,0.0,0.0,1.8527135032725428,0,0,0,0,0,0,0,0,0,0,0.0,0.0,0.0,0.0,0.0,0,7.5085800174683,4.012545681195349,4.012545681195349,0.0,0.0,0.0,0.0,0.0,0.0,18.00304494814977,0,0,0,0,0,0,0,0,0,0,1.4684157814070091,0.0,0.0,0.6813480769513213,0.0,0,13805.873475574075,5908.379424946632,2970.3794249465664,2.0,1.0,1.0,13.000000000019602,11.000000000019602,2.0,5442.6058764053005,5480,0.0,,,,,0.0,,,0.0,0,0,0.0,0,0
1052,12150,Coonamble,2022,2021,28,0.6796732423855459,9916.053404716771,0.0149429192833669,0.0,0.0,0.0,0.0,0.0,0.0,0.0,0.0,0.6796732423855323,0,0,0,0,0,0,0,0,0,0,0.0,0.0,0.0,0.0,0.0,0,0.1549495274459836,0.0,0.0,0.0,0.0,0.0,0.0,0.0,0.0,7.919437995863365,0,0,0,0,0,0,0,0,0,0,0.0,1.2101411321284874,0.0,0.0,0.0,0,3707.842907085696,1813.3553301493105,408.355330149301,4.0,1.0,3.0,5.0,3.0,2.0,9853.106983639373,1567,0.0,,,,,0.0,,,0.0,0,0,0.0,0,0
1052,12350,Cowra,2022,2021,28,4.719096740987635,2808.7817229078382,8.741031905041966,3.582311412706086,3.582311412706086,0.0,0.0,0.0,0.0,0.0,0.0,4.719096740987633,0,0,0,0,0,0,0,0,0,0,0.0,1.8343220426768612,0.0,0.0,1.27489310175294,0,38.19290713415387,15.726020020495822,15.726020020495822,0.0,0.0,0.0,0.0,0.0,0.0,23.305858120793456,0,0,0,0,0,0,0,0,0,0,2.0252914707081704,9.324091695244482,0.0,0.0,4.33379233002486,0,12723.000000003029,6236.000000001401,1489.0000000000189,23.0,13.0,10.0,9.0,7.0,2.0,2289.358534441633,5813,0.1720282126268708,,,,,0.9999999999999999,,,0.0,0,0,0.0,0,0
1052,12390,Dubbo Regional,2022,2021,28,19.79875704212276,7534.523856764762,12.775860916601877,4.82997174419606,4.82997174419606,0.0,0.0,0.0,0.0,0.0,0.0,19.79875704212277,0,0,0,0,0,0,0,0,0,0,0.0,1.309144406835362,0.0,0.0,0.9978802533525716,0,29.46779741862728,11.585402223513912,11.585402223513912,0.0,0.0,0.0,0.0,0.0,0.0,51.48253636383871,0,0,0,0,0,0,0,0,0,0,0.0,8.780953650840553,0.0,0.0,4.431044880126169,0,54881.99999999913,22699.999999999713,2591.9999999999154,99.0,79.0,20.0,30.0,25.0,5.0,6443.551056328189,20900,0.0,,,,,0.0,,,0.0,0,0,0.0,0,0
1052,15270,Mid-Western Regional,2022,2021,28,171.29744456808385,8752.259884562136,69.28219280377114,46.09695752326443,43.279011744145585,0.0,0.0,0.0,0.0,0.0,0.0,164.19935092571538,0,0,0,0,0,0,0,0,0,0,27.33252293823682,5.988642507180663,4.362763579666462,0.0,0.0,4,117.2808455844458,73.09948685523082,68.53044649559045,0.0,0.0,0.0,0.0,0.0,0.0,236.76135654822028,0,0,0,0,0,0,0,0,0,0,44.79921618445096,18.566708850628775,5.768723129079751,0.0,2.7945305938257476,6,25673.999999999935,12232.999999999936,3017.9999999999172,24.0,16.0,8.0,14.0,11.0,3.0,5773.034121882873,11339,,,,,,,,,0.0,0,0,0.0,0,0
1052,17620,Upper Hunter Shire,2022,2021,28,5.120159357086635,8096.089241664753,0.6193097485627227,0.3188126365555733,0.3188126365555733,0.0,0.0,0.0,0.0,0.0,0.0,1.0301590848923357,0,0,0,0,0,0,0,0,0,0,0.0508483727519024,0.0,0.0,0.0,0.0,0,10.156424688160763,5.258724359044832,5.258724359044832,0.0,0.0,0.0,0.0,0.0,0.0,21.460144579969132,0,0,0,0,4,0,0,0,0,0,2.246712671776495,4.801705729431763,0.0,0.0,2.204827169658579,0,14212.99999999267,6747.999999997089,1946.9999999997644,14.0,11.0,3.0,15.0,12.0,3.0,7010.265562543084,6355,0.0,,,,,0.0,,,0.0,0,0,0.0,0,4
1052,17900,Walgett,2022,2021,28,43.7000931023253,22308.25253386776,1.7192814592957113,1.1111807674323022,1.1111807674323022,0.0,0.0,0.0,0.0,0.0,0.0,43.700093102325326,0,0,0,0,0,0,0,0,0,0,0.0,0.0,0.0,0.0,0.0,0,40.7223127850463,10.413575929096089,3.087232408451242,0.0,0.0,0.0,0.0,0.0,0.0,103.98015296069028,0,0,0,0,0,0,0,0,0,0,11.13602550467084,5.41968999026504,0.0,0.0,0.0,0,5270.000000000583,2852.000000000281,548.000000000006,10.0,8.0,2.0,7.0,5.0,2.0,21174.887118369003,2079,0.0,,,,,0.0,,,0.0,0,0,0.0,0,0
1052,17950,Warren,2022,2021,28,0.0855467418092744,10753.76681213654,0.0147277928949185,0.0054954451100442,0.0054954451100442,0.0,0.0,0.0,0.0,0.0,0.0,0.0855467418092744,0,0,0,0,0,0,0,0,0,0,0.0,0.0,0.0,0.0,0.0,0,0.7650745129446342,0.2854755645315799,0.2854755645315799,0.0,0.0,0.0,0.0,0.0,0.0,4.4439538422836495,0,0,0,0,0,0,0,0,0,0,0.0,0.0,0.0,0.0,0.0,0,2545.000000000062,1242.000000000024,407.0000000000238,1.0,0.0,1.0,5.0,4.0,1.0,10600.532914862477,1124,0.0,,,,,0.0,,,0.0,0,0,0.0,0,0
1053,13660,Gwydir,2022,2021,7,29.440771137452224,9259.653991145187,18.083996010475943,7.273076097874528,7.055858224211957,0.0,0.0,0.0,0.0,0.0,0.0,26.72439292551163,0,0,0,0,0,0,0,0,0,0,0.2047975579571906,0.1380505534859399,0.0,0.0,0.0,0,43.294638253254334,17.158975931242654,14.949491481237745,0.0,0.0,0.0,0.0,0.0,0.0,64.84327759463517,0,0,0,0,0,0,0,0,0,0,3.780275844724729,5.51542830169735,0.0,0.0,2.7090184588843433,1,4898.0000000004,2435.000000000168,1018.0000000000016,1.0,1.0,0.0,9.0,7.0,2.0,8774.668410254082,2244,0.0,,,,,0.0,,,0.0,0,0,0.0,0,0
1053,15750,Narrabri,2022,2021,7,3.0766658763606283,13014.994123316435,0.1226932533053426,0.11136157432645,0.11136157432645,0.0,0.0,0.0,0.0,0.0,0.0,2.177460443785916,0,0,0,0,0,0,0,0,0,0,0.0,1.1841459386164523,1.1723521864804205,0.0,0.0,0,2.770697520847698,1.7427202373715844,1.7427202373715844,0.0,0.0,0.0,0.0,0.0,0.0,21.80104622976717,0,0,0,0,0,0,0,0,0,0,0.0,9.06136841647264,3.3467374798296667,0.0,0.0,0,12692.655057896842,6026.553344361234,1509.5533443613938,14.0,9.0,5.0,11.0,10.0,1.0,9349.11389643313,5291,0.0,,,,,0.0,,,0.0,0,0,0.0,0,0
1054,13660,Gwydir,2022,2021,9,0.0480147042882374,9259.653991145187,0.0058632659264411,0.0038648289929328,0.0038648289929328,0.0,0.0,0.0,0.0,0.0,0.0,0.0480147042882374,0,0,0,0,0,0,0,0,0,0,0.0,0.0,0.0,0.0,0.0,0,1.1683217762604474,0.6245667683127865,0.6245667683127865,0.0,0.0,0.0,0.0,0.0,0.0,7.326649020042646,0,0,0,0,0,0,0,0,0,0,0.0,0.0,0.0,0.0,0.0,0,4898.0000000004,2435.000000000168,1018.0000000000016,1.0,1.0,0.0,9.0,7.0,2.0,8774.668410254082,2244,0.0,,,,,0.0,,,0.0,0,0,0.0,0,0
1054,15300,Moree Plains,2022,2021,9,2.811137076697601,17902.702721880003,0.3349174783442493,0.146681857561705,0.146681857561705,0.0,0.0,0.0,0.0,0.0,0.0,2.8111370766976016,0,0,0,0,0,0,0,0,0,0,0.0,0.0,0.0,0.0,0.0,0,2.84228853969708,1.2291726386429964,1.2291726386429964,0.0,0.0,0.0,0.0,0.0,0.0,19.3996471955543,0,0,0,0,0,0,0,0,0,0,7.801989273678376,0.0,0.0,0.0,0.0,1,12772.999999999029,6227.999999999474,1494.9999999999957,38.0,25.0,13.0,13.0,11.0,2.0,17637.254708804743,4953,0.0,,,,,0.0,,,0.0,0,0,0.0,0,0
1054,15750,Narrabri,2022,2021,9,51.293209644561806,13014.994123316435,2.913102824532354,2.672988311367608,2.672988311367608,0.0,0.0,0.0,0.0,0.0,0.0,34.202552527383155,0,0,0,0,0,0,0,0,0,0,0.0,2.039162317507145,0.0,0.4336436210352488,5.511590971110148,0,19.466773271952466,10.973827202293052,10.973827202293052,0.0,0.0,0.0,0.0,0.0,0.0,87.05919870197496,0,0,0,0,2,0,0,0,0,0,7.1610719097869335,21.586064110146925,0.0,3.9558748311952785,13.208596681177516,2,12692.655057896842,6026.553344361234,1509.5533443613938,14.0,9.0,5.0,11.0,10.0,1.0,9349.11389643313,5291,0.0,,,,,0.0,,,0.0,0,0,0.0,0,2
1055,10850,Blayney,2022,2021,27,0.0494252200058921,1524.6467158921382,0.0733672699223469,0.0319883470254801,0.0319883470254801,0.0,0.0,0.0,0.0,0.0,0.0,0.0494252200058921,0,0,0,0,0,0,0,0,0,0,0.0,0.0,0.0,0.0,0.0,0,15.469603130908594,6.713800063550477,6.713800063550477,0.0,0.0,0.0,0.0,0.0,0.0,10.732453218936016,0,0,0,0,0,0,0,0,0,0,2.968497946487463,6.119078900968646,0.0,2.269919441376656,0.0,5,7499.000000000467,3227.0000000001846,1107.000000000177,2.0,0.0,2.0,10.0,9.0,1.0,1455.5647888038557,3040,0.0,,,,,0.0,,,0.0,0,0,0.0,0,0
1055,11400,Cabonne,2022,2021,27,1.9405691470872657,6022.349520526384,0.7967511299504173,0.4255636970241432,0.4255636970241432,0.0,0.0,0.0,0.0,0.0,0.0,1.940569147087254,0,0,0,0,0,0,0,0,0,0,0.0,0.0,0.0,0.0,0.0,0,16.09437414667839,7.7701719682285795,7.7701719682285795,0.0,0.0,0.0,0.0,0.0,0.0,29.435002743633653,0,0,0,0,0,0,0,0,0,0,2.6378027910212634,1.57179985629681,0.0,0.6813480769513213,0.0,1,13805.873475574075,5908.379424946632,2970.3794249465664,2.0,1.0,1.0,13.000000000019602,11.000000000019602,2.0,5442.6058764053005,5480,0.0,,,,,0.0,,,0.0,0,0,0.0,0,0
1055,12350,Cowra,2022,2021,27,5.230974544559991,2808.7817229078382,9.77873839524941,3.9801537925461967,3.9801537925461967,0.0,0.0,0.0,0.0,0.0,0.0,5.23097454455999,0,0,0,0,0,0,0,0,0,0,0.3114445865097799,1.8343220426768612,0.0,0.0,1.27489310175294,0,150.68116736911162,64.4504113966447,32.329763821748436,0.0,0.0,0.0,0.0,0.0,0.0,30.61409953858534,0,0,0,0,0,0,0,0,0,0,4.350389021595241,13.939454710606526,0.0,0.0,4.33379233002486,0,12723.000000003029,6236.000000001401,1489.0000000000189,23.0,13.0,10.0,9.0,7.0,2.0,2289.358534441633,5813,0.1720282126268708,,,,,0.9999999999999999,,,0.0,0,0,0.0,0,0
1055,14920,Liverpool Plains,2022,2021,27,14.009214053559893,5082.239930999208,3.759976097894671,2.6685744263174462,2.6685744263174462,0.0,0.0,0.0,0.0,0.0,0.0,14.009214053559942,0,0,0,0,0,0,0,0,0,0,0.0,0.4551662370000033,0.0,0.0,0.0,0,42.79036005956419,22.79663698309232,17.068570486177773,0.0,0.0,0.0,0.0,0.0,0.0,65.90628132849714,0,0,0,0,10,0,0,0,0,0,2.117546114311076,8.148850735490619,0.0,0.0,2.811097890011274,2,7544.0000000001455,3690.0000000000496,1272.0000000000923,0.0,0.0,0.0,9.0,7.0,2.0,4988.810705791829,3306,0.0,,,,,0.0,,,0.0,0,0,0.0,0,10
1055,17620,Upper Hunter Shire,2022,2021,27,5.4077992480333785,8096.089241664753,0.4083503822933887,0.1617673607509527,0.1617673607509527,0.0,0.0,0.0,0.0,0.0,0.0,1.317798975839077,0,0,0,0,0,0,0,0,0,0,0.0508483727519024,0.0,0.0,0.0,0.0,0,21.68482739918656,10.387795159838532,10.387795159838529,0.0,0.0,0.0,0.0,0.0,0.0,47.80739881222338,0,0,0,0,4,0,0,0,0,0,4.740606672134206,10.997203004668313,4.166242553888795,0.0,2.204827169658579,0,14212.99999999267,6747.999999997089,1946.9999999997644,14.0,11.0,3.0,15.0,12.0,3.0,7010.265562543084,6355,0.0,,,,,0.0,,,0.0,0,0,0.0,0,4
1056,11750,Cobar,2022,2021,11,115.95630447842568,45575.35171563534,0.5850869113182795,0.2951247218953965,0.1600771017267798,0.0,0.0,0.0,0.0,0.0,0.0,16.23712761613444,0,0,0,0,0,0,0,0,0,0,12.328919316730502,0.2149239355452271,0.027194870185362,1.3381980260315969,0.0,0,1.8761488060620783,0.9928125026254376,0.7215790001974497,0.0,0.0,0.0,0.0,0.0,0.0,65.22539919484309,0,0,0,0,0,0,0,0,0,0,20.83995930913292,7.510626851723606,2.915606328032875,7.65585338838791,5.942355172092442,0,4080.000000000059,2342.0000000000173,248.0000000000213,22.0,6.0,16.0,5.0,4.0,1.0,41947.60995070805,1940,0.0,,,,,0.0,,,0.0,0,0,0.0,0,0
1056,17640,Upper Lachlan Shire,2022,2021,11,50.963462016563525,7127.395786801665,25.81284774079847,32.09317025003316,15.323314008582027,0.0,0.0,0.0,0.0,0.0,0.0,26.383159940854565,0,0,0,0,0,0,0,0,0,0,7.608150323960006,2.783783254619544,3.0791423795038724,0.0,0.0,1,44.94886914346277,54.7120095441723,29.781103494699742,0.0,0.0,0.0,0.0,0.0,0.0,54.902386992442345,0,0,0,0,0,0,0,0,0,0,16.629048384011742,6.020122948124552,4.776995893304764,0.0,0.0,1,8452.999999999614,4529.999999999802,2565.9999999998327,0.0,0.0,0.0,7.0,6.0,1.0,6516.022264397368,4226,0.236630383341221,,17.0,,council_total,0.9999999999999999,,17.0,0.0,0,0,0.0,0,0
1065,12160,Cootamundra-Gundagai Regional,2022,2021,4,6.6540511131685145,3981.416876124623,6.0423774481713854,2.7136838389750286,2.7136838389750286,0.0,0.0,0.0,0.0,0.0,0.0,6.654051113168552,0,1,0,0,0,0,0,0,0,0,0.0268483518648563,0.1083035976316735,0.2077862648734331,1.936833655255895,0.0,0,81.25257639150243,34.6525501651466,32.19867401420973,0.0,0.0,0.0,0.0,0.0,0.0,34.40836041108574,0,9,0,0,9,0,0,0,0,0,13.077125264774956,10.79140199143579,2.822132639250518,4.034738888608756,0.0,1,11391.000000000204,5521.000000000146,1394.0000000001462,5.0,3.0,2.0,14.0,11.0,3.0,3937.561694522435,5101,0.0,,,,,0.0,,,0.0,1,0,0.0,9,9
1066,17640,Upper Lachlan Shire,2022,2021,5,12.024792399912863,7127.395786801665,4.598217851510833,2.57514091230468,2.57514091230468,0.0,0.0,0.0,0.0,0.0,0.0,12.024792399912894,0,0,0,0,0,0,0,0,0,0,0.0,0.4826951998395192,0.0,0.0,0.0,0,22.579287533718535,12.595390294426268,12.595390294426268,0.0,0.0,0.0,0.0,0.0,0.0,39.18948791187426,0,0,1,0,0,1,0,0,0,0,6.377096780061978,11.927616635657545,0.0886188207984949,4.698515335567184,0.0,1,8452.999999999614,4529.999999999802,2565.9999999998327,0.0,0.0,0.0,7.0,6.0,1.0,6516.022264397368,4226,0.0,,,,,0.0,,,0.0,0,0,0.0,1,0
1066,18710,Yass Valley,2022,2021,5,22.386492377185537,3995.0170885560046,4.646985339107276,2.421878991982572,2.421878991982572,0.0,0.0,0.0,0.0,0.0,0.0,22.386492377185515,0,0,0,0,0,0,0,0,0,0,4.17600654956996,0.0,0.0,0.0,0.0,0,28.11572360138617,11.771712288997067,10.75496319277406,0.0,0.0,0.0,0.0,0.0,0.0,49.88574089731137,0,0,0,0,0,0,0,0,0,0,6.529905783429014,3.64678449243932,1.6630383205986068,0.0,4.0633055480098355,0,17277.999999999935,6810.000000000004,2114.999999999974,9.0,9.0,0.0,7.0,6.0,1.0,3236.834914779082,6460,0.0,,1.0,,council_total,0.0,,1.0,0.0,0,0,0.0,0,0
1070,10550,Bega Valley,2023,2021,2,86.21988802747589,6278.501280668165,135.64495925592223,89.59682518399099,9.10454943474903,0.0,0.0,0.0,0.0,0.0,0.0,3.2896692324534853,0,0,1,0,0,0,0,0,1,0,5.046544337173173,48.19133248434512,18.620341412760425,0.0,0.0,2,307.55493801204705,196.68301843865171,27.43529905700496,0.0,0.0,0.0,0.0,0.0,0.0,10.21413637867194,0,0,1,0,0,0,0,0,1,0,10.394743971298457,87.27649376683402,29.32584804680314,0.0,0.0,4,35826.99999999528,18850.999999997726,3048.0000000000127,40.99999999997972,36.99999999997972,4.0,22.0,19.0,3.0,1460.5485146495532,17546,0.113986093696569,,14.0,,council_total,1.9999999999999996,,14.0,0.0,1,0,0.0,1,0
1071,10180,Armidale Regional,2023,2021,81,24.110757702260475,7809.441334568307,2.1044074934566432,0.8475658782310247,0.7474423843384361,0.0279357079830763,0.0,0.0279357079830763,0.0,0.0,0.0,2.7966493403070753,0,0,0,0,0,0,0,0,0,0,0.0,0.2938328252227331,0.0,0.0,0.0901857280473088,0,1749.9109975445188,700.1650844385107,64.29977261118817,2.98712435471535,0.0,2.98712435471535,1.0985929897686588,1.0985929897686588,0.0,39.220418835609216,42,4,5,10,129,2,0,1,0,1,16.616243931718095,25.38471919339146,17.660891116182064,1.3436924443075218,12.24949396924548,4,29147.999999999127,12939.99999999961,2383.9999999995907,37.0,28.0,9.0,21.0,19.0,2.0,5052.288792616368,12055,,,,,,,,,0.0279357079830763,0,0,4.085717344484009,9,139
1071,11730,Clarence Valley,2023,2021,81,177.72407905127972,10428.681694721854,137.33764567482746,64.69916351750855,30.324731297973123,0.0,0.0,0.0,0.0,0.0,0.0,67.66461484170887,0,0,0,0,0,0,0,0,0,0,7.050482694680388,11.073634740248002,15.810407637200049,5.344029128966873,10.93985494098223,4,946.4361621516096,416.2150450491551,182.71980583378655,0.0,0.0,0.0,0.0,0.0,0.0,213.7134574788342,0,0,2,0,0,0,0,2,0,0,66.03895043602014,118.36147421458152,56.69042851125729,10.658993892016545,49.98493620370341,16,54249.0000000001,26132.00000000009,3766.9999999999472,49.0,34.0,15.0,37.0,29.0,8.0,3874.0474954886154,24141,,,,,,,,,0.0,0,0,0.0,2,0
1071,14350,Kempsey,2023,2021,81,63.78871143491817,3375.6703220779636,104.04631985873876,44.145641769527856,27.961132428642017,0.0,0.0,0.0,0.0,0.0,0.0,18.704693305800667,0,0,0,1,0,0,0,0,0,0,3.011212669301609,7.873593049637125,33.50604185065918,3.3067807915548975,3.21328247694656,0,3258.3930814631867,1334.011845096706,203.02296564594192,8.320852731401683,4.070162025302454,4.250690706099228,3.0,3.0,0.0,94.76240487622516,0,15,4,1,10,3,0,1,0,0,64.05125293154715,127.35963381441266,119.34464903389554,16.99310825668084,35.215222491485775,21,30739.999999998563,14304.999999998929,2619.9999999999422,34.9999999999961,28.9999999999961,6.0,22.0,20.0,2.0,1124.2208409438217,13104,,,,,,,,,0.0,0,1,11.320852731401683,19,11
1071,15700,Nambucca Valley,2023,2021,81,3.649793382764833,1491.3434264965845,4.360184620715204,2.01945754945108,1.755069208768133,0.0,0.0,0.0,0.0,0.0,0.0,0.860452341492061,0,0,0,0,0,0,0,0,0,0,0.6676316300654005,0.8776666107969716,0.2683357464563409,0.0,0.0,0,235.9101048785073,103.62270474916818,43.04714300176936,0.0,0.0,0.0,0.0,0.0,0.0,21.88549700821004,0,2,0,0,3,0,0,0,0,0,13.606908893351816,21.57188586339259,12.311406089591204,0.0,0.0,2,20418.99999999891,9967.999999998929,2095.999999999974,22.0,17.0,5.0,12.0,11.0,1.0,628.883063426436,9156,,,,,,,,,0.0,0,0,0.0,2,3
1075,11730,Clarence Valley,2023,2021,54,250.4315435662386,10428.681694721854,152.69616417418615,80.02837462662097,10.754768219536668,0.0,0.0,0.0,0.0,0.0,0.0,41.83234654021897,0,0,0,0,0,0,0,0,0,0,15.46207944188761,9.32030543435446,26.77952228887449,0.0,10.188906757810877,0,404.59725165203434,190.6290135895732,59.06269314271314,0.0,0.0,0.0,0.0,0.0,0.0,108.16565370461709,0,2,2,0,0,0,0,1,1,0,74.99985630903883,60.68147482812676,55.44616826436226,5.019344610293703,49.919644000586125,4,54249.0000000001,26132.00000000009,3766.9999999999472,49.0,34.0,15.0,37.0,29.0,8.0,3874.0474954886154,24141,0.0828466095025061,,15.0,,council_total,1.9999999999999996,,15.0,0.0,0,0,0.0,4,0
1075,14220,Inverell,2023,2021,54,149.05678189728175,9404.756384754475,37.571435188633906,18.9423709153294,18.9423709153294,0.0,0.0,0.0,0.0,0.0,0.0,128.79505620586392,0,0,0,0,0,0,0,0,0,0,21.063447998469677,14.740299153554869,0.0,0.0,7.54082634741431,0,314.6517663721286,166.1801712737647,54.94849131949989,0.0,0.0,0.0,0.280128505831013,0.280128505831013,0.0,262.7830700320483,0,2,1,0,0,0,0,1,0,0,38.308402325568615,34.33122826294083,3.897367148713662,0.0,15.62093732250938,2,17859.480218586046,8188.538101933736,2258.5381019337096,17.0,9.0,8.0,13.0,11.0,2.0,8381.865209202897,7414,,,,,,,,,0.0,0,0,0.280128505831013,3,0
1075,14550,Kyogle,2023,2021,54,24.023283807581773,3584.18287035463,28.85313405136494,16.489823253575487,11.495397024472911,0.0,0.0,0.0,0.0,0.0,0.0,22.3693112418902,0,0,0,0,0,0,0,0,0,0,0.0,0.2029802111599079,0.0,0.0,0.0,0,147.65990116334368,80.80058670836144,53.24037734959789,0.0,0.0,0.0,0.0,0.0,0.0,81.54685441558225,0,0,0,0,8,0,0,0,0,0,0.0,19.207578685491583,3.14133027195721,0.0,0.0,5,9446.107562154692,4744.373673854844,2360.373673855428,3.0,3.0,0.0,9.0,7.0,2.0,2305.8356248747814,4295,,,,,,,,,0.0,0,0,0.0,0,8
1075,17400,Tenterfield,2023,2021,54,471.02503706870255,7324.3078886788435,267.50649614030715,147.90956084056094,105.05433331070168,0.0,0.0,0.0,0.0,0.0,0.0,323.4436098882846,0,1,0,0,0,0,0,0,0,0,41.66356214386736,53.52502862446716,5.454205042373143,0.0,10.038918578299402,0,857.7262244765341,480.7896953922445,267.89208386432307,0.0,0.0,0.0,0.0,0.0,0.0,645.7387184819829,1,4,4,0,9,1,0,1,1,1,110.46307343677252,164.68739691014133,34.34532318208287,0.4074658130301333,20.059790368761313,7,6845.752156467932,3949.5643045413926,1516.5643045409415,1.0,1.0,0.0,6.0,4.0,2.0,3485.8703312815305,3591,0.278473962684489,,14.0,,council_total,1.0,,14.0,0.0,1,0,0.0,8,9
1076,14350,Kempsey,2023,2021,30,348.332356771392,3375.6703220779636,448.83872470373535,196.6172566434678,170.0840328508343,0.0,0.0,0.0,0.0,0.0,0.0,171.78299568029635,0,0,0,0,22,0,0,0,0,0,41.19293147644886,63.51148549254747,68.37309036716262,0.0,2.6728893281860686,2,1294.605151491141,772.001195516028,292.50253694852586,0.0,0.0,0.0,0.0,0.0,0.0,242.50884906495656,1,5,2,0,47,0,0,0,1,1,64.91210151738613,137.62285071670712,102.53666205077036,0.0,17.25481942121701,9,30739.999999998563,14304.999999998929,2619.9999999999422,34.9999999999961,28.9999999999961,6.0,22.0,20.0,2.0,1124.2208409438217,13104,0.3052503052503053,,2.0,,council_total,4.000000000000001,,2.0,0.0,0,22,0.0,7,47
1076,15240,Mid-Coast,2023,2021,30,43.04946057670532,10053.86294675895,70.47215545840925,39.44410767095718,7.9747182427106,0.0,0.0,0.0,0.0,0.0,0.0,16.134555238536688,0,0,0,0,0,0,0,0,0,0,0.6867377635105606,3.548019881871673,2.0424821382744476,0.0,0.1855987873559341,0,2709.2352062429964,1144.0831242633828,60.356733267743344,3.042845299210851,3.042845299210851,0.0,1.0,1.0,0.0,63.55438200899633,1,8,1,0,11,1,0,0,0,0,42.364138456707884,49.932471938614256,39.219292969955,5.57605640010994,4.4641200972394275,12,96623.99999998452,50465.99999999038,5874.000000000016,100.99999999999974,88.99999999999974,12.0,60.0,48.0,12.0,3669.225719107306,47366,0.0211121901786091,,,,,0.9999999999999987,,,0.0,0,0,4.0428452992108515,9,11
1076,16380,Port Macquarie-Hastings,2023,2021,30,15.45209480441905,3682.391764248678,6.436692082124328,3.9081566951944073,3.9071830916689345,0.0,0.0,0.0,0.0,0.0,0.0,12.70758539763555,0,0,0,0,0,0,0,0,0,0,0.0,0.1544745917509195,5.470724872495688,0.0,0.0,0,31.433483603898765,16.61660633310477,14.127648752830016,0.0,0.0,0.0,0.0,0.0,0.0,44.680565682581104,0,0,0,0,0,0,0,0,0,0,4.7625699846363165,8.57732066032855,25.72988679575232,0.0,0.0,0,86913.00000000097,40036.00000000037,2598.99999999993,72.99999999999986,49.0,23.99999999999985,36.0,30.0,6.0,1269.6791642691371,38174,,,,,,,,,0.0,0,0,0.0,0,0
1081,17900,Walgett,2023,2021,5,215.77582931076208,22308.25253386776,36.20016232209995,27.37029088057975,1.5212788525115004,0.0,0.0,0.0,0.0,0.0,0.0,101.44640344948144,0,1,0,0,0,0,0,0,0,0,11.886682207748922,8.564124745352949,0.0,0.0,0.0,1,54.64634604713514,40.95714432451311,2.361520788566834,0.0,0.0,0.0,0.0,0.0,0.0,157.09595554020777,0,3,0,0,0,0,0,0,0,0,19.960667268199877,14.002326627024544,0.0,0.0,0.0,2,5270.000000000583,2852.000000000281,548.000000000006,10.0,8.0,2.0,7.0,5.0,2.0,21174.887118369003,2079,,,,,,,,,0.0,1,0,0.0,3,0
1083,15270,Mid-Western Regional,2023,2021,10,19.248212929106824,8752.259884562136,62.6584310283027,23.74901802813876,13.201563230927288,0.0,0.0,0.0,0.0,0.0,0.0,4.421592344149185,0,0,0,0,0,0,0,0,0,0,3.8894432658055167,1.131302457398232,0.0,6.15122327533814,0.0,1,442.8913308770324,184.0288584671792,74.28099016680736,0.0,0.0,0.0,0.0,0.0,0.0,41.49735643426701,0,0,0,0,0,0,0,0,0,0,37.3273165022966,24.109467677434424,0.0,9.52289073489455,0.295966606699212,4,25673.999999999935,12232.999999999936,3017.9999999999172,24.0,16.0,8.0,14.0,11.0,3.0,5773.034121882873,11339,,,,,,,,,0.0,0,0,0.0,0,0
1084,17040,Snowy Monaro Regional,2023,2021,10,34.88926013991064,15164.789673324784,27.21638298753126,12.410010077937786,12.249862698937523,0.0,0.0,0.0,0.0,0.0,0.0,28.37882441214229,0,0,0,0,0,0,0,0,0,0,0.069459021069552,4.5871515943488275,8.62869794235111,0.0,3.991219047319741,0,119.33310829109377,53.76181784213377,52.779349416619446,0.0,0.0,0.0,0.0,0.0,0.0,106.03119188990252,0,0,0,0,0,0,0,0,0,0,16.58774336960448,26.464772269679937,35.17419170573814,0.0,12.647889254347197,4,21594.00000000021,12278.000000000102,2652.999999999916,22.0,21.0,1.0,22.0,18.0,4.0,8291.81115450407,10589,,,,,,,,,0.0,0,0,0.0,0,0
1089,15240,Mid-Coast,2023,2021,30,62.798499017059086,10053.86294675895,104.06173827282608,54.636530910992526,16.630027563549195,0.0,0.0,0.0,0.0,0.0,0.0,27.003483979369463,0,0,0,0,0,0,0,0,0,0,1.201107861038521,6.248841574066824,3.9644691786731854,0.0,0.0,0,764.5504335165597,382.9077123812179,104.0937108829436,0.0,0.0,0.0,0.0,0.0,0.0,115.39935765070646,0,0,1,2,4,0,0,1,0,0,51.859971449957335,68.02526061935176,30.57381968734016,3.879822177772853,0.0,14,96623.99999998452,50465.99999999038,5874.000000000016,100.99999999999974,88.99999999999974,12.0,60.0,48.0,12.0,3669.225719107306,47366,0.0211121901786091,,,,,0.9999999999999987,,,0.0,0,0,0.0,1,6
1090,11720,Cessnock,2023,2021,28,6.388190840472336,1965.159281347096,71.17486317022635,24.534249536394594,3.1580817244010304,0.0,0.0,0.0,0.0,0.0,0.0,0.5591134202779785,0,0,0,0,0,0,0,0,0,0,0.0,2.6512512250711096,4.864411151501747,0.0,0.3269168381727676,0,5175.094560516381,2056.439669201677,81.00017642550597,6.853888804676679,3.2923226688906104,3.561566135786068,2.987618652674844,2.0,0.9876186526748436,17.73441721467989,0,7,3,0,17,2,1,0,0,0,40.16496782538474,67.99282887472107,50.27305704300129,6.485348669258449,31.652485198531146,13,63680.36167279062,25819.409433283858,1301.0000000015978,61.0,52.0,9.0,27.0,25.0,2.0,346.40650670896224,24664,,,,,,,,,0.0,0,0,9.841507457351522,10,17
1090,12700,Dungog,2023,2021,28,16.1920270141229,2249.9982579244834,12.327408722197022,6.2528464361129705,5.505445803216374,0.0,0.0,0.0,0.0,0.0,0.0,9.042828993014949,0,0,0,0,0,0,0,0,0,0,1.194907345030812,2.043811943252181,0.0,0.0,0.0,0,56.29628436877562,28.000632552166277,20.916284535554414,0.0,0.0,0.0,0.0,0.0,0.0,33.2528850584466,0,4,0,0,0,0,0,0,0,0,12.634577937637626,7.814712324598658,1.5584097587872467,0.0,1.402725167651912,0,9569.999999998628,4231.999999999436,1609.9999999999409,5.0,4.0,1.0,11.0,9.0,2.0,1531.242056166508,3998,,,,,,,,,0.0,0,0,0.0,4,0
1090,16400,Port Stephens,2023,2021,28,0.1013695157159028,858.4352873470074,1.5283148477495403,0.5650912042099142,0.5650912042099142,0.0,0.0,0.0,0.0,0.0,0.0,0.0916560548470815,0,0,0,0,0,0,0,0,0,0,0.0,0.0,0.0,0.0,0.0,0,1590.0686903575345,1049.6955134633954,22.119669769403245,2.22102908251203,1.221029082534568,0.999999999977461,0.0,0.0,0.0,3.5884466178713357,0,8,1,0,2,0,0,0,0,0,2.147482231367477,11.562670785884672,5.007425010607522,0.0,2.603984395312587,0,75266.0788195745,35665.271686344495,1162.2716863554404,58.9999999998244,34.99999999997365,23.99999999985074,18.999999999985626,15.0,3.999999999985623,192.6703638983064,34100,,,,,,,,,0.0,0,0,2.22102908251203,9,2
1091,15650,Muswellbrook,2023,2021,6,22.252229348409315,3404.8841452339984,1.636696309702416,0.6668216897425934,0.0003095390137913,0.0,0.0,0.0,0.0,0.0,0.0,0.0004743454453098,0,0,0,0,0,0,0,0,0,0,0.0,0.0,3.1687995708308234,0.0,0.0,0,9.710121824044084,4.207132652753917,2.697820889228222,0.0,0.0,0.0,0.0,0.0,0.0,3.214668346495539,0,0,0,0,0,0,0,0,0,0,2.7885106605710437,3.662423347724664,9.738260524164035,0.0,0.0,0,16361.000000007132,7279.000000002854,673.0000000002393,24.0,15.0,9.0,10.0,8.0,2.0,1120.811697181682,6802,,,,,,,,,0.0,0,0,0.0,0,0
1091,17620,Upper Hunter Shire,2023,2021,6,13.374253405689013,8096.089241664753,43.43964060132607,18.42823734309617,7.303946548164555,0.0,0.0,0.0,0.0,0.0,0.0,13.278887436874117,0,0,0,0,0,0,0,0,0,0,0.2072044382782395,0.0028054076965193,1.9306952443667091,0.0,1.509773572442059,0,2144.127554428507,964.0684110950622,23.69071810914094,0.7030777773220074,0.0,0.7030777773220074,1.0,0.0,1.0,47.65933600352791,0,1,2,0,0,0,2,0,0,0,8.953548476706898,28.41888867533213,4.009974729417513,0.0,8.945879438519052,0,14212.99999999267,6747.999999997089,1946.9999999997644,14.0,11.0,3.0,15.0,12.0,3.0,7010.265562543084,6355,0.0,,,,,0.0,,,0.0,0,0,1.7030777773220074,3,0
1092,11720,Cessnock,2023,2021,5,8.659210079159408,1965.159281347096,388.65010684271294,149.80806293757735,0.0,0.4823274532328629,0.4823274532328629,0.0,0.3010957494928627,0.0,0.3010957494928627,0.0,0,0,0,0,1,0,0,0,0,0,0.7376726192458418,6.794085038129379,12.16676127064546,3.094452538115631,2.122975776977094,2,10356.407304929497,4330.450586127095,3.348823139857636,21.52938098768219,14.524159102561214,7.005221885120974,5.0709579766846264,4.0709579766846264,1.0,0.7810067155570513,0,14,14,0,8,12,1,0,1,0,22.917799516004017,74.62527651999306,38.27563374146264,7.240084910554442,19.612827268473193,9,63680.36167279062,25819.409433283858,1301.0000000015978,61.0,52.0,9.0,27.0,25.0,2.0,346.40650670896224,24664,0.2027246188777165,1.0,,fire_in_council,,5.0,1.0,,0.7834232027257256,0,1,26.60033896436682,28,8
1093,15750,Narrabri,2023,2021,7,1245.5067810116698,13014.994123316435,52.86581826722154,24.070282910604515,4.456258641303804,0.0,0.0,0.0,0.0,0.0,0.0,17.200473648135247,0,0,0,0,3,0,0,0,0,0,46.75691282564249,210.88229870152787,259.8397785452162,0.0,0.0,3,97.93948403219368,42.30764776722097,18.903602854875903,0.0,0.0,0.0,0.0,0.0,0.0,78.54848954101205,0,0,0,0,3,0,0,0,0,0,59.93330211208576,258.1481069399483,270.5541409257931,0.0,0.0,3,12692.655057896842,6026.553344361234,1509.5533443613938,14.0,9.0,5.0,11.0,10.0,1.0,9349.11389643313,5291,0.0,,7.0,,fire_in_council,0.0,,7.0,0.0,0,3,0.0,0,3
1099,17000,Singleton,2023,2021,14,14.224072785133217,4892.715908315205,6.2833090404125045,4.630846861157142,0.5163781913393833,0.0,0.0,0.0,0.0,0.0,0.0,7.07739684726495,0,0,0,0,0,0,0,0,0,0,0.905684593561928,1.5809163957166277,5.18922943667191,1.9751318894940568,3.5399004964697824,2,70.56158434834961,36.860220781405886,5.962949450477088,0.0,0.0,0.0,0.0,0.0,0.0,37.60302725969424,0,0,2,0,0,0,0,1,1,0,15.055697957219634,24.891873511968885,15.858262650858276,20.614891259031204,24.069357640819007,12,24613.999999997883,9822.999999999329,2548.0000000000855,36.0,28.0,8.0,11.0,10.0,1.0,2080.8746501827227,9255,,,,,,,,,0.0,0,0,0.0,2,0
1112,10180,Armidale Regional,2023,2021,9,52.99851744561081,7809.441334568307,4.700982824504569,3.7259858311057608,0.1653362001057556,0.0,0.0,0.0,0.0,0.0,0.0,0.9673260257965512,0,0,0,0,0,0,0,0,0,0,0.0,0.0,0.0,0.0,0.0,0,18.38087925675429,11.612841017710505,4.909430095553628,0.0,0.0,0.0,0.0,0.0,0.0,28.20116868363276,1,0,0,0,0,0,0,0,0,0,0.0,1.153940362789776,0.1058979291821941,0.0,0.0,0,29147.999999999127,12939.99999999961,2383.9999999995907,37.0,28.0,9.0,21.0,19.0,2.0,5052.288792616368,12055,,,,,,,,,0.0,0,0,0.0,0,0
1114,14220,Inverell,2023,2021,18,143.96483858103392,9404.756384754475,5.88249543346617,3.2533542552589907,2.726701473941861,0.0,0.0,0.0,0.0,0.0,0.0,24.263728978168206,0,0,0,0,0,0,0,0,0,0,0.0,2.3916068231016463,45.79260628467803,0.0,0.0,0,30.091691423133835,15.900954263649878,14.247596951017224,0.0,0.0,0.0,0.0,0.0,0.0,116.21969372327638,0,0,0,0,0,0,0,0,0,0,7.402459263126182,19.735505659610915,75.30825936398008,0.0,0.0,0,17859.480218586046,8188.538101933736,2258.5381019337096,17.0,9.0,8.0,13.0,11.0,2.0,8381.865209202897,7414,,,,,,,,,0.0,0,0,0.0,0,0
1114,17400,Tenterfield,2023,2021,18,54.17857918394594,7324.3078886788435,7.313373486066464,4.178762492926971,0.2299593901385543,0.0,0.0,0.0,0.0,0.0,0.0,1.0565884349016146,0,0,0,0,0,0,0,0,0,0,0.0,0.3711851296874514,0.4885191111067964,0.0,0.4349535679138046,0,27.826385993777013,16.669384148705106,4.895233895084528,0.0,0.0,0.0,0.0,0.0,0.0,21.92184867216072,0,0,0,0,0,0,0,0,0,0,2.036904071117799,7.326864354398213,5.82599899446219,0.0,7.179990717450368,0,6845.752156467932,3949.5643045413926,1516.5643045409415,1.0,1.0,0.0,6.0,4.0,2.0,3485.8703312815305,3591,,,,,,,,,0.0,0,0,0.0,0,0
1121,11730,Clarence Valley,2023,2021,4,49.05757648792141,10428.681694721854,7.228592409701113,9.789948127425715,0.054528276498884,0.0,0.0,0.0,0.0,0.0,0.0,0.0161844257757011,0,0,0,0,0,0,0,0,0,0,3.253123765435394,3.646232004127119,14.181146236296447,0.0,6.143513118162718,0,264.45417785013285,295.58740434465824,12.744522304943091,0.0,0.0,0.0,0.0,0.0,0.0,4.427406464909101,0,1,0,0,3,0,0,0,0,0,15.354714496266997,22.145873242518647,43.42530635712647,0.0,16.152473866792334,0,54249.0000000001,26132.00000000009,3766.9999999999472,49.0,34.0,15.0,37.0,29.0,8.0,3874.0474954886154,24141,,,,,,,,,0.0,0,0,0.0,1,3
1131,17620,Upper Hunter Shire,2023,2021,2,20.43108163430226,8096.089241664753,2.5799007662174405,2.6297980611382856,2.6297980611382856,0.0,0.0,0.0,0.0,0.0,0.0,20.43108163430226,0,0,0,0,0,0,0,0,0,0,0.0,0.0,0.0,0.0,0.0,0,7.638371723615376,7.132660576310057,7.132660576310057,0.0,0.0,0.0,0.0,0.0,0.0,59.57319700399285,0,0,0,0,0,0,0,0,0,0,0.0,0.5513002834984673,0.4716387315849252,0.0,0.0,0,14212.99999999267,6747.999999997089,1946.9999999997644,14.0,11.0,3.0,15.0,12.0,3.0,7010.265562543084,6355,,,,,,,,,0.0,0,0,0.0,0,0
1132,17040,Snowy Monaro Regional,2023,2021,14,41.01574066759031,15164.789673324784,29.265070122139843,13.548322717629173,13.08375056632756,0.0,0.0,0.0,0.0,0.0,0.0,29.639322105118644,0,0,0,0,0,0,0,0,0,0,0.069459021069552,4.5871515943488275,8.62869794235111,0.0,3.991219047319741,0,152.6219904197954,73.86527023755235,59.7511738267452,0.0,0.0,0.0,0.0,0.0,0.0,119.2779507362602,0,0,0,0,1,0,0,0,0,0,25.097040335293,35.66251412210019,38.893635863149406,0.0,17.298599045540747,4,21594.00000000021,12278.000000000102,2652.999999999916,22.0,21.0,1.0,22.0,18.0,4.0,8291.81115450407,10589,,,,,,,,,0.0,0,0,0.0,0,1
1133,14650,Lake Macquarie,2023,2021,6,1.370040259236311,648.6421441491675,0.9879450097729634,0.3260448981163921,0.0,0.0,0.0,0.0,0.0,0.0,0.0,0.0,0,0,0,0,0,0,0,0,0,0,0.0,0.1302332544189624,3.7318576713845335,0.0,0.1321855085142491,0,1370.7326877385767,538.340351603663,0.0,0.0,0.0,0.0,0.021063303501234,0.0,0.021063303501234,0.212764945506586,0,11,0,0,0,0,0,0,0,0,1.9446148288393432,15.794990015258213,28.9605828377452,4.6379136637212435,13.200717865007466,0,213596.9999998744,88752.99999992717,446.9999999997923,141.9999999999934,76.0,65.99999999999339,100.99999999999626,90.99999999999626,10.0,56.86777584825683,86059,,,,,,,,,0.0,0,0,0.021063303501234,11,0
1134,17310,Tamworth Regional,2023,2021,7,6.8679992578629685,9884.350670033518,9.222843984216327,3.883763904957331,3.882082024148879,0.0,0.0,0.0,0.0,0.0,0.0,6.856975616783755,0,0,0,0,0,0,0,0,0,0,0.0,0.08454900632409,0.0,0.0,0.0,0,55.809153754305314,23.765928559552577,23.191919215774405,0.0,0.0,0.0,0.0,0.0,0.0,47.70007884619242,0,0,0,0,0,0,0,0,0,0,6.725751298758437,5.621075342834793,0.0,0.0,3.298568811695507,0,62957.99999999997,27614.000000000015,4756.999999999846,73.0,50.0,23.0,34.0,30.0,4.0,8856.27497196085,25914,,,,,,,,,0.0,0,0,0.0,0,0
1135,11350,Byron,2023,2021,1,7.806567607864376,565.8022149274414,35.28049052667291,18.681639914688624,18.65181387513133,0.2526308091010155,0.2526308091010155,0.0,0.0,0.0,0.0,1.2014308286622395,0,0,0,0,0,0,0,0,0,0,0.0,1.374235050385468,5.673660023943776,0.0,0.0,0,1564.8664180093629,697.8768448055897,105.09011900747733,12.0,1.0,11.0,0.0277557649048975,0.0,0.0277557649048975,10.68096250777473,3,25,2,0,202,0,0,0,0,1,6.1368975443036895,16.64876208760429,8.915680909243711,1.0426939376630109,0.0,0,36180.99999999859,16974.99999999899,3247.9999999989545,46.0,33.0,13.0,12.0,8.0,4.0,367.45801091063373,15220,,,,,,,,,0.2526308091010155,0,0,12.027755764904898,27,202
1136,14870,Lithgow,2023,2021,2,0.4207902597126413,4512.256657878909,0.1036214388953168,0.1204785318727891,0.0,0.0,0.0,0.0,0.0,0.0,0.0,0.0,0,0,0,0,0,0,0,0,0,0,0.0,0.0,0.0,0.0,0.0,0,2.267400177449179,2.5723586710670814,0.0459938945330204,0.0,0.0,0.0,0.0,0.0,0.0,0.8310571012148816,0,0,0,0,0,0,0,0,0,0,0.0,0.0,0.0,2.1090458104950818,0.0,0,20791.999999999513,10239.999999999634,1558.9999999997294,31.0,29.0,2.0,10.0,9.0,1.0,1578.8733052287744,9585,,,,,,,,,0.0,0,0,0.0,0,0
1137,16200,Parkes,2023,2021,1,5.576619043067849,5957.613662851535,6.525399487476618,2.5046112976589177,1.4553810427705411,0.0,0.0,0.0,0.0,0.0,0.0,3.2713823044821284,0,0,0,0,0,0,0,0,0,0,2.7239641439199636,0.0,0.0,0.0,0.0,0,22.73475255508066,8.889725454536638,5.535843439579336,0.0,0.0,0.0,0.0,0.0,0.0,12.04224749908299,0,0,0,0,0,0,0,0,0,0,7.987378003796399,0.0,0.0,0.5878303564938288,0.0,0,14371.999999999718,6668.999999999871,1302.9999999998745,24.0,17.0,7.0,14.0,11.0,3.0,5696.544600195572,6178,,,,,,,,,0.0,0,0,0.0,0,0
1138,16610,Richmond Valley,2023,2021,5,5.1672612551078085,3047.374060201181,1.9693472812788044,0.8629772916551182,0.2921967132923273,0.0,0.0,0.0,0.0,0.0,0.0,0.2133201361609827,0,0,0,0,0,0,0,0,0,0,0.0299541541614784,0.0,0.5119393539981607,0.0,0.0,0,32.123751114403824,13.905202512553096,3.3690194090004533,0.0,0.0,0.0,0.0,0.0,0.0,2.4595748218918385,0,0,0,0,0,0,0,0,0,0,5.240725167608258,5.898584403537265,5.894691982372269,0.0,0.0,0,23583.000000000276,10621.99999999991,1762.0000000009018,13.0,7.0,6.0,21.0,18.0,3.0,1053.826917121114,9675,,,,,,,,,0.0,0,0,0.0,0,0
1139,15270,Mid-Western Regional,2023,2021,6,1.1466443560772566,8752.259884562136,0.1837279362120728,0.0889047341944422,0.0889047341944422,0.0,0.0,0.0,0.0,0.0,0.0,0.6963433167199777,0,0,0,0,0,0,0,0,0,0,0.0,0.0,0.0,2.0334951836139905,0.0,0,38.27569125896422,19.351223334164423,2.2885552799608706,0.0,0.0,0.0,0.0,0.0,0.0,10.997714748454747,0,0,0,0,0,0,0,0,0,0,5.107972163361759,2.7258007927893697,0.0,8.270194022216835,0.0,1,25673.999999999935,12232.999999999936,3017.9999999999172,24.0,16.0,8.0,14.0,11.0,3.0,5773.034121882873,11339,,,,,,,,,0.0,0,0,0.0,0,0
1140,17000,Singleton,2023,2021,4,2.2841994640031156,4892.715908315205,0.4207935840695415,0.2939459280952302,0.0,0.0,0.0,0.0,0.0,0.0,0.0,0.0611076695011254,0,0,0,0,0,0,0,0,0,0,0.0,0.0,0.9060115370733912,0.0,0.0,0,10.305977635690006,4.85027492946319,0.0,0.0,0.0,0.0,0.0,0.0,0.0,4.313039529281688,0,0,0,0,0,0,0,0,0,0,2.602061769901792,0.0,6.058183885948879,0.0,2.2264254860308657,0,24613.999999997883,9822.999999999329,2548.0000000000855,36.0,28.0,8.0,11.0,10.0,1.0,2080.8746501827227,9255,,,,,,,,,0.0,0,0,0.0,0,0
1156,17400,Tenterfield,2024,2021,10,21.840365234624496,7324.3078886788435,15.828441085022837,6.344454883663159,3.8568260458410704,0.0,0.0,0.0,0.0,0.0,0.0,8.57793264257714,0,0,0,0,0,0,0,0,0,0,0.064807133423895,0.0329272406120657,0.6762392031115378,0.0,0.0,0,172.30125913877544,61.72619012485925,53.70215266717885,0.0,0.0,0.0,0.0,0.0,0.0,50.06624233473492,0,0,0,0,1,0,0,0,0,0,13.384599797220584,5.934477710744287,24.671606309433734,0.0,2.3779623041444204,2,6845.752156467932,3949.5643045413926,1516.5643045409415,1.0,1.0,0.0,6.0,4.0,2.0,3485.8703312815305,3591,,,,,,,,,0.0,0,0,0.0,0,1
1189,15650,Muswellbrook,2024,2021,24,16.280033478362345,3404.8841452339984,9.938579167411424,4.15308253531796,0.0034811641194931,0.0,0.0,0.0,0.0,0.0,0.0,0.0059763916534895,0,0,0,0,0,0,0,0,0,0,0.0,0.0,0.0,0.0,0.0,0,678.6696538448573,382.32283554433207,11.43245784366998,9.175620016824205,8.175620016824205,1.0,0.0,0.0,0.0,5.020644718053773,0,21,6,0,47,0,0,1,2,3,4.651807984321001,7.171320603071449,0.0,2.867009664050337,1.693948291235574,5,16361.000000007132,7279.000000002854,673.0000000002393,24.0,15.0,9.0,10.0,8.0,2.0,1120.811697181682,6802,,,,,,,,,0.0,0,0,9.175620016824205,27,47
1189,17000,Singleton,2024,2021,24,18.55093095826203,4892.715908315205,6.644612445647086,4.754927999442526,1.849423659224728,0.0,0.0,0.0,0.0,0.0,0.0,1.695872020964765,0,0,0,0,0,0,0,0,0,0,0.0,1.3626831844894296,2.1283470264136644,0.0,1.0398935423373183,0,38.07959847910364,23.591412290702635,10.212436822900129,0.5006052548355622,0.0,0.5006052548355622,0.0,0.0,0.0,10.074371326955438,0,1,0,0,0,0,0,0,0,0,11.432636356560735,21.416892569406464,31.59599650770089,1.7509001136636062,16.6459789206029,2,24613.999999997883,9822.999999999329,2548.0000000000855,36.0,28.0,8.0,11.0,10.0,1.0,2080.8746501827227,9255,,,,,,,,,0.0,0,0,0.5006052548355622,1,0
1190,18710,Yass Valley,2024,2021,4,1.090988471117048,3995.0170885560046,0.9312394443172896,0.4056262289439731,0.375557062575432,0.0,0.0,0.0,0.0,0.0,0.0,0.8914713710051156,0,0,0,0,0,0,0,0,0,0,0.2394426023591918,0.0,0.0,0.0,0.0,0,17.994902945058776,7.744999557024469,5.827769768460339,0.0,0.0,0.0,0.0,0.0,0.0,9.652891479938292,0,0,0,0,0,0,0,0,0,0,1.7113505556143669,2.1385681381986417,3.754378869767613,0.0,0.0,2,17277.999999999935,6810.000000000004,2114.999999999974,9.0,9.0,0.0,7.0,6.0,1.0,3236.834914779082,6460,,,,,,,,,0.0,0,0,0.0,0,0
1191,17000,Singleton,2024,2021,12,17.833608232089453,4892.715908315205,6.636771506880257,4.766591553074382,1.8550193501154129,0.0,0.0,0.0,0.0,0.0,0.0,1.7593396399568773,0,0,0,0,0,0,0,0,0,0,0.0,1.4294253369532266,1.169249330340997,0.0,1.0398935423373183,0,29.41688200828791,20.12103471594317,8.516354849103744,0.0,0.0,0.0,0.0,0.0,0.0,10.413921281489408,0,0,0,0,1,0,0,0,0,0,3.9351398395412014,20.84643484230948,22.67247643545995,0.0,11.128904011709125,0,24613.999999997883,9822.999999999329,2548.0000000000855,36.0,28.0,8.0,11.0,10.0,1.0,2080.8746501827227,9255,,,,,,,,,0.0,0,0,0.0,0,1
1192,17310,Tamworth Regional,2024,2021,20,25.720437280448657,9884.350670033518,32.935226744373686,13.887396687806037,4.305988392687692,0.0,0.0,0.0,0.0,0.0,0.0,11.75249296864476,0,0,0,0,0,0,0,0,0,0,0.0,0.0,0.0561886628707357,0.0,0.0,0,323.0900628428715,127.60899882475736,53.11108890195542,0.0,0.0,0.0,0.0,0.0,0.0,93.3484977386024,0,0,1,0,0,1,0,0,0,0,12.947347752734505,22.30056234609735,1.114615953566104,0.0,10.704666134165256,0,62957.99999999997,27614.000000000015,4756.999999999846,73.0,50.0,23.0,34.0,30.0,4.0,8856.27497196085,25914,,,,,,,,,0.0,0,0,0.0,1,0
1192,17650,Uralla,2024,2021,20,6.96777090188223,3226.5329021452953,0.7231786859064095,0.7516844355988086,0.7516844355988086,0.0,0.0,0.0,0.0,0.0,0.0,6.96777090188224,0,0,0,0,0,0,0,0,0,0,0.023947403911846,0.0829288068056863,0.0,0.0,0.0,0,5.85871985322915,4.477224677631383,4.477224677631383,0.0,0.0,0.0,0.0,0.0,0.0,46.48299169620252,0,0,0,0,0,0,0,0,0,0,4.063991648190714,10.60757897365237,0.0,0.0,0.0,0,5971.000000000863,2754.000000000387,1153.0000000003984,7.0,7.0,0.0,3.0,3.0,0.0,3202.990528106018,2586,,,,,,,,,0.0,0,0,0.0,0,0
1193,10470,Bathurst Regional,2024,2021,12,7.240618579800711,3817.864073653167,1.3836690699601837,1.990889817202948,1.990889817202948,0.0,0.0,0.0,0.0,0.0,0.0,7.240618579800702,0,0,0,0,0,0,0,0,0,0,0.0,0.0,0.0,0.0,0.0,0,7.207900360682158,7.135282969802041,7.135282969802041,0.0,0.0,0.0,0.0,0.0,0.0,24.666972506720988,0,1,0,0,0,0,0,0,0,0,4.038216782845134,2.6131946217374415,0.0962674701615693,0.0,0.0,1,43594.99999999984,18382.99999999989,2522.999999999933,44.0,22.0,22.0,23.0,22.0,1.0,3214.149302854216,17518,,,,,,,,,0.0,0,0,0.0,1,0
1193,14870,Lithgow,2024,2021,12,25.136761581888543,4512.256657878909,0.0032673385942815,0.0025597910083552,0.0019172539870861,0.0,0.0,0.0,0.0,0.0,0.0,0.0038288250007069,0,0,0,0,0,0,0,0,0,0,0.0,0.0,0.7155194104972049,0.0,0.0,0,5.5075946982462085,4.409265014227422,3.840465829830792,0.0,0.0,0.0,0.0,0.0,0.0,6.498509814036965,0,0,0,0,0,0,0,0,0,0,0.0,0.0,9.802200999407368,0.0,4.462218062872671,0,20791.999999999513,10239.999999999634,1558.9999999997294,31.0,29.0,2.0,10.0,9.0,1.0,1578.8733052287744,9585,,,,,,,,,0.0,0,0,0.0,0,0
1196,15270,Mid-Western Regional,2024,2021,2,1.4257632883860634,8752.259884562136,5.834703762139436,3.034196433563947,0.2083545487525751,0.0,0.0,0.0,0.0,0.0,0.0,0.2600266473317051,0,0,0,0,0,0,0,0,0,0,0.0,0.0,0.0,0.0,0.0,0,175.62792118544263,100.09731820383608,1.6751081664861447,0.7305995155973196,0.0,0.7305995155973196,0.0,0.0,0.0,2.072082352765902,0,0,0,0,0,0,0,0,0,0,0.855007114389576,11.285710336572157,1.260106346848383,6.0654433354095225,1.5739404323727613,1,25673.999999999935,12232.999999999936,3017.9999999999172,24.0,16.0,8.0,14.0,11.0,3.0,5773.034121882873,11339,,,,,,,,,0.0,0,0,0.7305995155973196,0,0
1197,13800,Hawkesbury,2024,2021,1,4.65233806841355,2775.137717282044,0.0899521134447913,0.0599680756298609,0.0,0.0,0.0,0.0,0.0,0.0,0.0,0.0,0,0,0,0,0,0,0,0,0,0,0.0,0.0,0.0,0.0,0.0,0,2.0200650489301024,1.437107963154455,0.0,0.0,0.0,0.0,0.0,0.0,0.0,0.0,0,0,0,0,0,0,0,0,0,0,0.0,0.6328244658838629,9.360278415827484,0.0,0.0,0,67193.99999999467,25394.999999998072,2350.999999999778,56.00000000000112,31.0,25.000000000001116,33.999999999992106,30.99999999999211,3.0,172.80129519265435,24485,,,,,,,,,0.0,0,0,0.0,0,0
1199,13660,Gwydir,2024,2021,17,4.918539185410301,9259.653991145187,1.184839485027519,0.5604297752048187,0.5586535637003678,0.0,0.0,0.0,0.0,0.0,0.0,4.878087944090806,0,0,0,0,0,0,0,0,0,0,0.0081184167064135,0.0,0.0,0.0,0.0,0,12.943910253653602,5.622545474863648,5.42434796688215,0.0,0.0,0.0,0.0,0.0,0.0,48.80632606169639,0,0,0,0,0,0,0,0,0,0,9.47302773809092,6.2870423471987,0.0,0.0,0.0,0,4898.0000000004,2435.000000000168,1018.0000000000016,1.0,1.0,0.0,9.0,7.0,2.0,8774.668410254082,2244,,,,,,,,,0.0,0,0,0.0,0,0
1199,15750,Narrabri,2024,2021,17,0.3188209146341317,13014.994123316435,0.0845412649664304,0.038153444085341,0.0261752753470933,0.0,0.0,0.0,0.0,0.0,0.0,0.1889121140997383,0,0,0,0,0,0,0,0,0,0,0.0,0.0,0.0,0.0,0.0,0,13.117446351946702,5.3513700625999,2.516098595847971,0.0,0.0,0.0,0.0,0.0,0.0,17.325762574198382,0,0,0,0,0,0,0,0,0,0,2.172904323335589,5.3580702413497185,4.522140163862436,0.0,0.0,0,12692.655057896842,6026.553344361234,1509.5533443613938,14.0,9.0,5.0,11.0,10.0,1.0,9349.11389643313,5291,,,,,,,,,0.0,0,0,0.0,0,0
1203,15750,Narrabri,2024,2021,9,4.394957234600932,13014.994123316435,0.0037158895749339,0.0018803296644244,0.0018803296644244,0.0,0.0,0.0,0.0,0.0,0.0,0.0113576977400084,0,0,0,0,0,0,0,0,0,0,2.1797656857963537,0.2260275994259117,0.0,0.0,0.0,0,0.5679254449009062,0.2873839600703371,0.2873839600703371,0.0,0.0,0.0,0.0,0.0,0.0,1.7358765409919674,0,0,0,0,0,0,0,0,0,0,5.296841904116425,8.271264731591073,2.844999048666897,0.0,0.0,0,12692.655057896842,6026.553344361234,1509.5533443613938,14.0,9.0,5.0,11.0,10.0,1.0,9349.11389643313,5291,0.0,0.0,,fire_in_council,,0.0,0.0,,0.0,0,0,0.0,0,0
1203,18020,Warrumbungle Shire,2024,2021,9,61.576249529662,12372.119766869371,1.2801092972542334,0.7190441102336269,0.1076582758645377,0.0,0.0,0.0,0.0,0.0,0.0,0.146716169780557,0,0,0,0,0,0,0,0,0,0,7.040449524236918,0.0,4.91530074213819,0.0,0.0,1,300.03436271081534,169.31400321138926,10.05086677508897,0.0,0.0,0.0,0.0,0.0,0.0,11.60462103792412,0,11,9,0,2,1,0,3,3,2,24.302257302531892,13.80224890680478,18.18142371892294,0.0,0.0,3,9243.00000000014,4723.000000000075,1594.0000000000075,3.0,1.0,2.0,14.0,8.0,6.0,9382.199164341906,4115,0.0,0.0,,fire_in_council,,0.0,0.0,,0.0,0,0,0.0,20,2
770,11720,Cessnock,2017,2016,11,19.218537172004385,1965.159281347096,71.44748356522997,27.417018380016486,11.957204375417083,0.0,0.0,0.0,0.0,0.0,0.0,2.1279676404652026,0,0,0,0,14,0,0,0,0,0,2.739889995739325,1.4204373617819883,25.227951355246866,2.200784990286738,1.2984402394574963,0,1044.1928228495854,424.7015382424923,94.65049054615304,0.0,0.0,0.0,0.265593537189685,0.265593537189685,0.0,16.39588245043273,0,6,6,0,15,6,0,0,0,0,21.1255870037556,41.881339158660296,85.72346357410898,2.200784990286738,48.84972327435453,1,55603.99962806517,22660.999870281492,1330.00006455203,60.0,51.0,9.0,27.0,25.0,2.0,346.85646510422634,21415,0.0,,,,,0.0,,,0.0,0,14,0.265593537189685,12,15
771,14350,Kempsey,2017,2016,19,104.81452720795464,3375.6703220779636,57.07568596081806,31.356804226632136,11.346859864326523,0.0,0.0,0.0,0.0,0.0,0.0,26.18271125746966,0,0,0,1,2,0,0,0,0,0,3.76412502080558,9.281006099626016,29.11622547724644,0.0,2.041038002632789,0,778.6255546559801,527.8653891992353,61.82046405575603,0.5428435308978115,0.5428435308978115,0.0,1.0,1.0,0.0,106.65344023505912,3,6,2,1,16,1,0,1,0,0,31.260860123600363,55.470466916827505,53.53609822247773,2.8124749655001366,6.703424114610813,8,28827.99995611909,13607.999931306998,2381.999999531764,34.999999104945715,28.999999104945715,6.0,22.0,20.0,2.0,1108.7782997500065,12423,,,,,,,,,0.0,0,3,1.5428435308978115,8,17
772,15240,Mid-Coast,2017,2016,10,39.80999841403286,10053.86294675895,68.5660908916067,33.208739449001335,1.1287649494046168,0.0,0.0,0.0,0.0,0.0,0.0,0.578830338232594,0,0,0,0,0,0,0,0,0,0,0.4718918985324704,6.351032100936947,1.844852327883255,0.0,0.0,0,1379.3301251937185,659.7967202834403,23.18654255197915,3.4113202482683835,3.4113202482683835,0.0,0.0,0.0,0.0,9.28181048676373,0,5,3,0,0,3,0,0,0,0,12.771779541155652,60.62182648618804,21.47223426742331,0.0,0.0,2,90406.9994372794,47414.99955806592,5542.9999964034105,96.99999962842124,86.99999962842124,10.0,60.0,48.0,12.0,3669.74623208534,44645,,,,,,,,,0.0,0,0,3.4113202482683835,8,0
772,16380,Port Macquarie-Hastings,2017,2016,10,24.606638141709333,3682.391764248678,3.016513380483627,1.3310820354777742,1.227358173221575,0.0,0.0,0.0,0.0,0.0,0.0,1.203498689488436,0,0,0,0,0,0,0,0,0,0,0.2084302812475572,3.4334333575297897,7.002570026304489,0.0337769603831291,0.0,0,2040.492799526428,880.9298557653319,48.3289273633832,0.0,0.0,0.0,0.0,0.0,0.0,19.198625608669605,0,3,2,0,0,2,0,0,0,0,11.653043014533386,37.01077692256095,21.60068694635724,2.689665626723941,1.1539488550031949,1,78699.00002095758,36749.99997915015,2652.000000295734,72.99999950083483,48.99999954765007,23.99999995318476,33.0,28.0,5.0,1287.2033761991452,34422,,,,,,,,,0.0,0,0,0.0,5,0
776,17400,Tenterfield,2017,2016,9,124.56721928004922,7324.3078886788435,17.843872856477258,12.497412342509762,1.6621874675516897,0.0,0.0,0.0,0.0,0.0,0.0,11.46036229956152,0,0,0,0,0,0,0,0,0,0,0.0,3.2934147074534152,51.6628037920049,0.0,0.0,0,49.44239906858915,32.5329826775456,7.013627294408539,0.0,0.0,0.0,0.0,0.0,0.0,37.394411087644954,0,0,0,0,0,0,0,0,0,0,3.5414292314285363,14.52140328179456,104.4846465285755,0.0,0.0,1,6660.762554733993,3711.349376881641,1339.4676778479163,1.0,1.0,0.0,6.0,4.0,2.0,3464.3357174432267,3322,,,,,,,,,0.0,0,0,0.0,0,0
792,17000,Singleton,2017,2016,5,1.1022981782761547,4892.715908315205,0.2826022910020162,0.1817981207337134,0.0,0.0,0.0,0.0,0.0,0.0,0.0,0.0,0,0,0,0,0,0,0,0,0,0,0.0,0.0,1.5646235538023587,0.0,0.0,0,4.9013543251289535,2.9961470134214667,0.1589731577984972,0.0,0.0,0.0,0.0,0.0,0.0,0.2069714627423965,0,0,0,0,0,0,0,0,0,0,0.0,0.0,10.41391752801272,0.0,0.0,0,22937.00033905133,9299.000118922671,2326.0000029862485,36.0,28.0,8.0,11.0,10.0,1.0,2081.46124949214,8706,,,,,,,,,0.0,0,0,0.0,0,0
818,16950,Shoalhaven,2018,2016,6,23.468071723337232,4567.201457496375,122.69529667665354,50.02254807766351,22.07476588847602,0.0,0.0,0.0,0.0,0.0,0.0,4.282751496175271,0,0,0,0,2,0,0,0,0,0,3.1057246845439725,2.5086051209836695,20.89182082496797,0.0,5.46612506266435,0,6228.661868977492,2771.677530285778,69.89119621445282,0.0,0.0,0.0,5.592145118318905,3.5921451183189053,2.0,14.327628932833305,12,15,6,0,19,5,0,0,0,1,22.70844487992703,38.59355076574365,57.31538093706704,0.0,18.768612244941114,2,99596.81966567817,54501.88511913632,2155.000000941159,88.98362733036959,68.98362733036959,20.0,42.0,36.0,6.0,732.8578462609203,51639,0.0,,11.0,,fire_in_council,0.0,,11.0,0.0,0,2,5.592145118318905,21,19
819,11720,Cessnock,2018,2016,6,7.2604271434278305,1965.159281347096,8.017772014227726,4.915251757721318,0.0,0.0,0.0,0.0,0.0,0.0,0.0,0.0,0,0,0,0,0,0,0,0,0,0,0.0,0.0,0.2215484872074618,0.0,0.0,0,66.26421700354334,33.61542775657119,2.576546499729524,0.0,0.0,0.0,0.0,0.0,0.0,1.4025419982004284,0,0,0,0,0,0,0,0,0,0,8.373400117368373,1.8747877424137191,5.485923573736706,0.0,0.0,3,55603.99962806517,22660.999870281492,1330.00006455203,60.0,51.0,9.0,27.0,25.0,2.0,346.85646510422634,21415,0.0,,,,,0.0,,,0.0,0,0,0.0,0,0
819,16400,Port Stephens,2018,2016,6,41.76893459681796,858.4352873470074,207.4135362255015,84.9455716642005,24.528112350307985,0.0,0.0,0.0,0.0,0.0,0.0,1.735405722129964,0,0,0,0,7,0,0,0,0,0,12.96371846391578,3.3354459241430297,34.15443556006878,0.0,42.1408941555443,0,8689.019186902126,3994.912489250747,109.11761264546703,4.7508109862651775,4.7508109862651775,0.0,3.0,3.0,0.0,9.734212768404484,32,58,23,5,39,13,3,1,1,3,40.71133888181726,68.16376542776386,64.25823225602812,0.0,68.00502470325134,1,69551.99894511269,33118.99925170508,1123.99997976918,56.99999126865476,32.999994387227574,23.999996881427183,18.99999939980163,15.0,3.999999399801632,191.36444555945383,31090,0.0,,,,,0.0,,,0.0,0,7,7.7508109862651775,81,44
820,10550,Bega Valley,2018,2016,11,196.7314631387804,6278.501280668165,57.2655100322594,31.706853247765768,31.0289092679949,0.0,0.0,0.0,0.0,0.0,0.0,22.823584255677872,0,0,0,0,0,0,0,0,0,0,3.2233466047155064,6.601956397740015,46.388525166770606,0.0,0.0,0,287.1237589001132,150.21231304300522,128.78859689314564,0.0,0.0,0.0,0.0,0.0,0.0,97.06194618575172,0,0,1,0,2,0,0,1,0,0,16.61390251251009,35.85249996326941,60.9585943276646,0.0,5.59088921550813,5,33229.999599004295,17578.995303598593,2896.9955271262024,39.99999791280709,35.99999791280708,4.0,21.0,18.0,3.0,1460.5485127189363,16270,0.2458512599877074,,,,,3.9999999999999996,,,0.0,0,0,0.0,1,2
820,12750,Eurobodalla,2018,2016,11,4.309112644009937,3428.170935500581,0.2252558409304388,0.0666288664205698,0.0,0.0,0.0,0.0,0.0,0.0,0.0,0.0,0,0,0,0,0,0,0,0,0,0,0.0,0.0,0.1214144064320843,0.0,0.0,0,9.27358945927719,8.241694119869344,0.0,0.0,0.0,0.0,0.0,0.0,0.0,0.0,0,0,0,0,0,0,0,0,0,0,0.2863520826719132,0.0,2.913310253235718,0.0,0.0,0,37245.99978322345,23372.999784138243,618.9999985317837,35.99999839804004,28.999998398040045,7.0,17.0,13.0,4.0,226.1958319558817,21960,0.0,,,,,0.0,,,0.0,0,0,0.0,0,0
823,14550,Kyogle,2018,2016,13,1.6375593407584474,3584.18287035463,1.5640933026668944,0.6584306934043984,0.6584306934043984,0.0,0.0,0.0,0.0,0.0,0.0,1.203656132126857,0,0,0,0,0,0,0,0,0,0,0.0568761594304295,0.0,0.0717956204568674,0.0,0.0,0,16.702793954661313,7.224190092541653,7.224190092541653,0.0,0.0,0.0,0.0,0.0,0.0,13.81852846752382,0,0,0,0,0,0,0,0,0,0,4.5979421120429,1.1572277258948327,8.127835891033262,0.6442152052957231,0.0,1,8979.9431713425,4493.956545674884,2277.956568218334,3.0,3.0,0.0,8.0,7.0,1.0,2290.081086161465,4134,0.0,,,,,0.0,,,0.0,0,0,0.0,0,0
823,16610,Richmond Valley,2018,2016,13,124.27366662643634,3047.374060201181,102.96522435102742,44.31563964831932,2.042014713536325,0.0,0.0,0.0,0.0,0.0,0.0,5.595325395271994,0,0,0,0,0,0,0,0,0,0,3.0126915226398223,9.38531407096538,2.1302673680121615,0.0,0.0,0,286.2624436772996,123.46355292362033,28.776604259169453,0.0,0.0,0.0,0.0,0.0,0.0,36.626921829110806,0,0,0,0,0,0,0,0,0,0,17.370705210357418,42.66978063625048,10.943672319417828,2.5544590265968186,11.464013122633526,5,22799.9996420323,10318.999837352112,1619.0000002959805,12.0,7.0,5.0,20.999999087435985,17.999999087435985,3.0,1053.826925432084,9390,0.0,,,,,0.0,,,0.0,0,0,0.0,0,0
824,11730,Clarence Valley,2018,2016,21,359.08749426720505,10428.681694721854,91.28939161941295,43.88779817791889,11.50355069396876,0.0,0.0,0.0,0.0,0.0,0.0,64.87617653688373,0,0,0,0,0,0,0,0,0,0,9.558796849605312,2.4637171090768426,34.44337937474306,0.0,4.872923553471263,0,285.6909968592986,140.64071542675606,29.79915147625874,0.0,0.0,0.0,0.0,0.0,0.0,171.81378181425194,0,1,0,0,0,0,0,0,0,0,53.29023832290611,60.11117464927715,87.41617503144467,0.0,32.54188702949855,5,50669.99998946567,24886.99996383101,3645.000001579015,49.0,35.0,14.0,36.0,28.0,8.0,3875.061092290291,22680,0.0,,,,,0.0,,,0.0,0,0,0.0,1,0
824,13010,Glen Innes Severn,2018,2016,21,16.582220934491666,5479.977672419943,1.268626617544251e-07,4.0365392376407986e-08,0.0,0.0,0.0,0.0,0.0,0.0,0.0,0.0,0,0,0,0,0,0,0,0,0,0,1.556032335399895,0.1251302004884953,5.419465451478636,0.0,0.0,0,0.3508621811919634,0.1949233861635687,0.1949233220483795,0.0,0.0,0.0,0.0,0.0,0.0,2.054288469083879,0,0,0,0,0,0,0,0,0,0,9.617422834065945,1.8294023445595535,25.16696372681628,0.0,0.0,0,8815.999999131931,4351.999999400075,1120.9999983666637,6.0,3.0,3.0,6.0,3.0,3.0,3628.5593004310417,4032,0.0,,,,,0.0,,,0.0,0,0,0.0,0,0
841,17310,Tamworth Regional,2018,2016,1,13.399417829107168,9884.350670033518,0.4674174912512802,0.4670136321340664,0.0003786179223879,0.0,0.0,0.0,0.0,0.0,0.0,0.0036081019650612,0,0,0,0,0,0,0,0,0,0,0.0,0.0,0.0,0.0,0.0,0,1.866217844681537,1.3904676875584785,0.4460157723028673,0.0,0.0,0.0,0.0,0.0,0.0,4.250380896774649,0,0,0,0,0,0,0,0,0,0,0.0,4.965785101940548,0.0,0.0,0.0,0,59682.00000147734,26150.00000228307,4445.000002156883,71.0,49.0,22.0,34.0,30.0,4.0,8863.202214012055,24329,0.0,,,,,0.0,,,0.0,0,0,0.0,0,0
842,11720,Cessnock,2018,2016,11,1.1064671280658822,1965.159281347096,0.0680347716371659,0.0272139079664451,0.0,0.0,0.0,0.0,0.0,0.0,0.0,0.0,0,0,0,0,0,0,0,0,0,0,0.0,0.1178637147165004,0.2658118284538496,0.0,0.0,0,459.6468199961115,183.73055118069456,2.6332865555419436,0.0,0.0,0.0,0.924008938455896,0.924008938455896,0.0,0.999887546288237,0,0,1,0,13,1,0,0,0,0,1.735264529749991,10.187153481072434,16.253726239377176,0.4189884471257074,2.6533502416382206,0,55603.99962806517,22660.999870281492,1330.00006455203,60.0,51.0,9.0,27.0,25.0,2.0,346.85646510422634,21415,0.0,,,,,0.0,,,0.0,0,0,0.924008938455896,1,13
842,16400,Port Stephens,2018,2016,11,21.056379312520725,858.4352873470074,167.97748758081636,67.20192442631402,24.528112350307985,0.0,0.0,0.0,0.0,0.0,0.0,1.735405722129964,0,0,0,0,2,0,0,0,0,0,6.20758682763214,0.678382950181176,18.744097041388137,0.0,22.193406424906467,0,4786.558606359348,2201.0612906444717,150.24392857502664,1.0925849454708183,1.0925849454708183,0.0,1.9427113170046415,1.0,0.9427113170046418,11.26798019135278,0,14,3,2,30,3,0,0,0,0,36.80722894394635,54.0402711724932,50.15990961967545,0.0,48.39535670054193,1,69551.99894511269,33118.99925170508,1123.99997976918,56.99999126865476,32.999994387227574,23.999996881427183,18.99999939980163,15.0,3.999999399801632,191.36444555945383,31090,0.0,,,,,0.0,,,0.0,0,2,3.03529626247546,17,32
843,10180,Armidale Regional,2018,2016,3,0.0666876941466668,7809.441334568307,0.0097099815842569,0.0049937033100897,0.0049937033100897,0.0,0.0,0.0,0.0,0.0,0.0,0.0543019026482886,0,0,0,0,0,0,0,0,0,0,0.0,0.0,0.0,0.0,0.0,0,0.5966642509878962,0.365443441704558,0.2448219398710048,0.0,0.0,0.0,0.0,0.0,0.0,2.662213616087401,0,0,0,0,0,0,0,0,0,0,0.0,0.0,2.3253273969447794,0.0,0.0,0,28428.00002683587,12294.00000727001,2319.999996165124,37.0,28.0,9.0,21.0,19.0,2.0,5055.584769157191,11862,0.0,,,,,0.0,,,0.0,0,0,0.0,0,0
843,14220,Inverell,2018,2016,3,235.23420426182156,9404.756384754475,449.4591059084929,185.6625232243334,81.13101715335593,0.0,0.0,0.0,0.0,0.0,0.0,112.4954662414388,0,0,0,1,0,0,0,0,0,0,47.74644312426404,25.272810992728395,0.5940007546615667,0.0,11.636513101039938,1,1063.9815119888697,449.0350153898016,137.5180513975241,0.0,0.0,0.0,2.0,1.0,1.0,188.75291772353145,0,13,8,2,4,1,1,2,1,3,77.04924897900305,57.25995921063944,2.7809957222852337,0.0,16.633728388161774,4,17536.197849880362,7732.55302052735,2025.5530168437456,16.0,9.0,7.0,12.0,10.0,2.0,8354.86476081988,6765,2.0694752402069474,,40.0,,council_total,14.0,,40.0,0.0,0,1,2.0,21,6
843,17400,Tenterfield,2018,2016,3,335.1768262254982,7324.3078886788435,86.44642037642679,46.530503408268274,16.937249450251407,0.0,0.0,0.0,0.0,0.0,0.0,35.23113313778441,0,1,0,0,0,0,0,0,0,0,14.787568499508406,69.52053819880426,78.60889902417306,0.0,0.0,8,147.9266469095122,79.89366818096765,41.406123288418335,0.0,0.0,0.0,0.0,0.0,0.0,99.33142005415516,0,1,0,0,0,0,0,0,0,0,34.13122769762147,102.49405366790046,89.8180056088798,0.1950288340039004,1.746125758697037,11,6660.762554733993,3711.349376881641,1339.4676778479163,1.0,1.0,0.0,6.0,4.0,2.0,3464.3357174432267,3322,5.418422636965683,,50.0,,fire_in_council,18.0,,50.0,0.0,1,0,0.0,1,0
847,10180,Armidale Regional,2018,2016,3,34.16527654774826,7809.441334568307,5.388887335805269,2.310355426547667,0.0049937033100897,0.0,0.0,0.0,0.0,0.0,0.0,0.0543019026482886,1,0,0,0,1,0,0,0,0,0,0.0,1.0284281990404112,0.7130940906814629,0.0,0.0,0,10.30468959708748,4.505618123703348,0.6214207307113161,0.0,0.0,0.0,0.0,0.0,0.0,4.521664141247469,2,0,0,0,1,0,0,0,0,0,0.0,2.2131090700271745,1.63837490786134,0.0,0.0,0,28428.00002683587,12294.00000727001,2319.999996165124,37.0,28.0,9.0,21.0,19.0,2.0,5055.584769157191,11862,0.0,,,,,0.0,,,0.0,0,1,0.0,0,1
851,13010,Glen Innes Severn,2018,2016,7,48.2890466958715,5479.977672419943,1.7501333741080591,1.4790539302511536,0.5176794902716673,0.0,0.0,0.0,0.0,0.0,0.0,11.035835903242758,0,0,0,0,0,0,0,0,0,0,0.0,0.0,3.99400764037414,0.0,0.0,0,12.367441071243054,10.0978813474738,1.417422731565346,0.0,0.0,0.0,0.0,0.0,0.0,30.687573810710468,0,0,0,0,0,0,0,0,0,0,7.120999536737192,2.3167696607896353,12.542601510917208,0.0,0.0,1,8815.999999131931,4351.999999400075,1120.9999983666637,6.0,3.0,3.0,6.0,3.0,3.0,3628.5593004310417,4032,0.0,,,,,0.0,,,0.0,0,0,0.0,0,0
853,11400,Cabonne,2018,2016,4,2.34254977584735,6022.349520526384,1.0676441635825866,0.553524964766718,0.553524964766718,0.0,0.0,0.0,0.0,0.0,0.0,1.9986739498139512,0,0,0,0,0,0,0,0,0,0,0.0,0.0,5.732406601274267,0.0,0.0,0,11.658501351223483,5.470350873684154,5.470350873684154,0.0,0.0,0.0,0.0,0.0,0.0,16.276929091547476,0,0,0,0,0,0,0,0,0,0,2.4151611293450976,0.0,18.18796815299944,0.0,0.0,1,13385.000255453562,5746.000084226383,2886.0000306420807,0.0,0.0,0.0,12.0,11.0,1.0,5420.4642466832165,5384,0.0,,,,,0.0,,,0.0,0,0,0.0,0,0
853,16200,Parkes,2018,2016,4,24.232262334681707,5957.613662851535,3.327984593089488,1.2533968468478702,1.2533968468478702,0.0,0.0,0.0,0.0,0.0,0.0,6.29179679596452,0,0,0,0,0,0,0,0,0,0,0.0,0.0,9.250282358354768,0.0,0.0,0,12.437164663273249,4.69552009772321,4.69552009772321,0.0,0.0,0.0,0.0,0.0,0.0,23.535157655280877,0,0,0,0,0,0,0,0,0,0,0.0,0.0,17.35646586333149,0.0,0.0,0,14598.999977270409,6741.999989077097,1384.9999950705503,23.0,17.0,6.0,12.0,10.0,2.0,5696.998011981755,6189,0.0,,,,,0.0,,,0.0,0,0,0.0,0,0
855,17310,Tamworth Regional,2018,2016,2,26.182956924237967,9884.350670033518,4.150927489904795,2.269114070459386,2.269114070459386,0.0,0.0,0.0,0.0,0.0,0.0,15.214472241778124,0,0,0,0,0,0,0,0,0,0,0.0,0.0,0.0,0.0,0.0,0,13.032252719396617,7.187393021218194,7.187393021218194,0.0,0.0,0.0,0.0,0.0,0.0,51.94536104942061,0,0,0,0,0,0,0,0,0,0,0.0,1.4259659004338991,0.0,0.0,0.0,0,59682.00000147734,26150.00000228307,4445.000002156883,71.0,49.0,22.0,34.0,30.0,4.0,8863.202214012055,24329,0.0,,,,,0.0,,,0.0,0,0,0.0,0,0
860,17080,Snowy Valleys,2018,2016,14,83.40083974860481,8958.922001816249,2.717706779256143,1.0110452493691036,1.0110452493691036,0.0,0.0,0.0,0.0,0.0,0.0,0.6155841752092284,0,0,0,0,0,0,0,0,0,0,7.3362960360366305,12.56818223222147,13.226707186628612,0.0,27.16073119345531,1,37.03567927476625,15.87874454293692,15.87874454293692,0.0,0.0,0.0,0.0,0.0,0.0,14.464353384328316,0,0,0,0,1,0,0,0,0,0,16.545325509164684,35.24465723549002,42.18318666154295,0.0,55.30443208929438,2,14426.772344044286,6903.918739885945,1813.9187390233376,22.0,12.0,10.0,19.0,14.0,5.0,3303.9731744637147,6424,0.0,,,,,0.0,,,0.0,0,0,0.0,0,1
862,17310,Tamworth Regional,2018,2016,4,1.8505450876093883,9884.350670033518,0.0291782730793917,0.0118290362909035,0.0118290362909035,0.0,0.0,0.0,0.0,0.0,0.0,1.850545087609361,0,0,0,0,0,0,0,0,0,0,0.0,0.0,0.0,0.0,0.0,0,0.6238389629352602,0.2529077024066639,0.2529077024066639,0.0,0.0,0.0,0.0,0.0,0.0,12.99586249974846,0,0,0,0,0,0,0,0,0,0,0.0,0.0,0.0,0.0,0.0,0,59682.00000147734,26150.00000228307,4445.000002156883,71.0,49.0,22.0,34.0,30.0,4.0,8863.202214012055,24329,0.0,,,,,0.0,,,0.0,0,0,0.0,0,0
862,17620,Upper Hunter Shire,2018,2016,4,0.2450469525044723,8096.089241664753,5.4235681797272525e-08,0.008591998950024,0.008591998950024,0.0,0.0,0.0,0.0,0.0,0.0,0.2317932515460548,0,0,0,0,0,0,0,0,0,0,0.0,0.0,0.0,0.0,0.0,0,1.9000767840403603,1.4039181720581249,1.4039181720581249,0.0,0.0,0.0,0.0,0.0,0.0,5.713815159897145,0,0,0,0,0,0,0,0,0,0,0.0,0.0,0.0,0.0,0.0,0,14061.999946624795,6612.999977358353,1807.0000005334696,12.0,9.0,3.0,15.0,12.0,3.0,7010.265556587325,6029,0.0,,,,,0.0,,,0.0,0,0,0.0,0,0
864,17400,Tenterfield,2018,2016,5,66.89224584885909,7324.3078886788435,23.36377870985955,13.21397386053998,5.620474879997925,0.0,0.0,0.0,0.0,0.0,0.0,24.85147133781224,0,0,0,0,0,0,0,0,0,0,0.0376733001463178,5.560617263051627,3.4449349330416665,0.0,0.0,0,58.49777816446641,35.468683283635436,15.108558084905864,0.0,0.0,0.0,0.0,0.0,0.0,58.99834366858883,0,0,0,0,0,0,0,0,0,0,17.39579389428993,13.601387005815353,12.79761251845024,0.0,0.0,0,6660.762554733993,3711.349376881641,1339.4676778479163,1.0,1.0,0.0,6.0,4.0,2.0,3464.3357174432267,3322,0.0,,,,,0.0,,,0.0,0,0,0.0,0,0
866,15900,Newcastle,2018,2016,3,1.047286493462794,186.72437349221164,0.0164811742457337,0.0,0.0,0.0599353083788891,0.0,0.0599353083788891,0.0,0.0,0.0,0.0,0,0,0,0,0,0,0,0,0,0,0.0,0.0,1.490227204787542,0.0,1.6123407641500551,0,311.16016974116457,103.2599289708794,0.0,0.4454913588712709,0.0,0.4454913588712709,0.0,0.0,0.0,0.0,0,5,1,0,4,0,0,0,0,1,3.192168991832011,3.5858684058335815,22.675829101438747,25.444683365202316,24.52163718653792,18,155331.9992076969,68870.99957673054,23.00000165060871,241.9999878639029,206.99999074996805,34.999997113934874,74.00000090897606,63.00000090897606,11.0,2.588938835949707,66471,0.0,,,,,0.0,,,0.0599353083788891,0,0,0.4454913588712709,6,4
867,15650,Muswellbrook,2018,2016,2,0.4915430357091218,3404.8841452339984,0.0,0.0,0.0,0.0,0.0,0.0,0.0,0.0,0.0,0.0,0,0,0,0,0,0,0,0,0,0,0.0,0.0,0.0,0.0,0.0,0,0.0,0.0,0.0,0.0,0.0,0.0,0.0,0.0,0.0,0.0,0,0,0,0,0,0,0,0,0,0,0.0,0.0,0.0,0.0,0.0,0,16076.000044530012,7277.000019355655,854.9999984682405,23.0,14.0,9.0,10.0,8.0,2.0,1121.3123672712209,6831,0.0,,,,,0.0,,,0.0,0,0,0.0,0,0
867,17000,Singleton,2018,2016,2,0.0353553626134726,4892.715908315205,0.0,0.0,0.0,0.0,0.0,0.0,0.0,0.0,0.0,0.0,0,0,0,0,0,0,0,0,0,0,0.0,0.0,0.0,0.0,0.0,0,0.0,0.0,0.0,0.0,0.0,0.0,0.0,0.0,0.0,0.0,0,0,0,0,0,0,0,0,0,0,0.0,0.0,0.0,0.0,0.0,0,22937.00033905133,9299.000118922671,2326.0000029862485,36.0,28.0,8.0,11.0,10.0,1.0,2081.46124949214,8706,0.0,,,,,0.0,,,0.0,0,0,0.0,0,0
871,10180,Armidale Regional,2019,2016,318,2021.672509331559,7809.441334568307,173.6980651197165,113.28605479122773,36.75708274215075,0.0,0.0,0.0,0.0,0.0,0.0,265.09977957945335,4,0,0,0,13,0,0,0,0,0,90.2824331877334,110.9507194739348,390.5703147389897,0.0,61.34166216596429,7,357.352983659011,221.6753678301985,80.83399420210023,0.0,0.0,0.0,1.0,1.0,0.0,550.0328836028431,24,9,3,0,34,1,0,2,0,0,173.39888287153104,186.140410174406,475.5404298067003,0.0,111.767243432002,19,28428.00002683587,12294.00000727001,2319.999996165124,37.0,28.0,9.0,21.0,19.0,2.0,5055.584769157191,11862,1.0116337885685385,5.0,21.0,council_total,council_total,12.000000000000004,5.0,21.0,0.0,0,13,1.0,12,34
871,10250,Ballina,2019,2016,318,8.918372851581738,484.96959531765754,41.60902209444621,16.382233867381494,0.0,0.0,0.0,0.0,0.0,0.0,0.0,0.0,0,0,0,0,0,0,0,0,0,0,0.0,2.812122026633666,0.0,0.0,0.0,0,540.9097835229699,212.86350881639032,3.4697826831044987,0.0,0.0,0.0,0.0,0.0,0.0,1.2481596672697706,0,0,1,0,0,1,0,0,0,0,6.416338892697485,22.69546483802082,0.1494196700102434,0.0,0.0,2,41796.99846061916,19168.999109827317,2530.999972363251,48.99999695691209,31.9999969569121,17.0,16.0,15.0,1.0,332.96405031937144,17770,0.0,0.0,1.0,council_total,council_total,0.0,0.0,1.0,0.0,0,0,0.0,1,0
871,10550,Bega Valley,2019,2016,318,3493.2239849791504,6278.501280668165,1573.0393735305372,907.3653293692984,384.5988309796535,0.0,0.0,0.0,0.380187100468209,0.380187100468209,0.0,279.66652160430976,0,13,5,3,9,0,0,3,1,1,195.01124067163363,915.2385286084452,1083.818892410409,0.0,27.918956543871804,55,3625.595150540353,1960.0086828135904,874.2982546961658,0.0,0.0,0.0,2.0,2.0,0.0,552.5303649359353,2,38,12,5,20,4,1,5,1,1,259.67107043984475,1119.2074599495154,1169.18064648436,0.0,57.644110910237586,82,33229.999599004295,17578.995303598593,2896.9955271262024,39.99999791280709,35.99999791280708,4.0,21.0,18.0,3.0,1460.5485127189363,16270,28.70313460356484,22.0,1000.0,council_total,council_total,466.99999999999994,22.0,1000.0,0.380187100468209,18,12,2.0,50,25
871,10600,Bellingen,2019,2016,318,180.0791096710564,1600.4337678099391,24.40149628512054,17.401771399098067,6.678829698538898,0.0,0.0,0.0,0.0,0.0,0.0,5.796087162314291,0,0,0,0,0,0,0,0,0,0,17.562459103221467,6.801729326861788,18.66541144534069,0.0,0.0,0,175.9663468135177,92.64249209402897,32.40759479531765,0.2440339151119523,0.0,0.2440339151119523,0.0,0.0,0.0,28.532813346543787,0,1,0,0,2,0,0,0,0,0,40.556812017781354,22.89871516771526,29.62512064854197,1.5593191798404542,0.0,9,12652.000030739557,6045.000012482175,1314.000006932652,16.0,14.0,2.0,10.0,10.0,0.0,468.4810771672963,5636,0.0,2.0,0.0,council_total,council_total,0.0,2.0,0.0,0.0,0,0,0.2440339151119523,1,2
871,10900,Blue Mountains,2019,2016,318,671.0466346640169,1431.1430081697988,754.0387846901625,456.1594528430483,6.53468864142843e-07,0.0937361983113059,0.0937361983113059,0.0,0.0,0.0,0.0,2.330513787220558e-07,1,1,2,0,19,0,0,1,0,1,51.52757652375418,56.26663296720217,238.7641827246375,19.9071458262544,45.70760233399891,2,10623.612879223308,5841.7596955068475,1.132229134716403e-06,9.229874151664278,6.229874151664278,3.0,3.435019849797875,3.435019849797875,0.0,5.228900386215531e-07,1,81,20,0,143,6,1,4,3,5,94.80930786414828,182.27928441795987,336.0243035012186,47.69475533544675,59.5487785661515,11,76953.00054720111,34187.00016894792,2.748270096827097e-06,61.0,32.0,29.0,30.0,30.0,0.0,2.329855706785719e-06,32827,0.670180034727511,13.0,36.0,council_total,council_total,22.000000000000004,13.0,36.0,0.0937361983113059,3,19,12.664894001462153,101,143
871,11350,Byron,2019,2016,318,22.55515563113805,565.8022149274414,97.91129757244433,53.82089927244317,0.1471655010734083,0.0,0.0,0.0,0.0,0.0,0.0,0.025161637381225,0,0,0,0,0,0,0,0,0,0,0.0,2.587367660235061,19.126259709083012,0.0,0.0,0,314.6661952217568,175.9126609710705,12.074767067575442,0.0,0.0,0.0,0.0,0.0,0.0,2.0638130768171723,0,1,0,0,0,0,0,0,0,0,0.0,19.664816881172484,24.84313505170518,0.0,0.0,1,31498.00011768746,15579.99990927228,3194.0000043789746,45.999999854662,32.999999854662,13.0,11.0,8.0,3.0,370.6901804711365,13423,0.0,0.0,2.0,council_total,council_total,0.0,0.0,2.0,0.0,0,0,0.0,1,0
871,11650,Central Coast (NSW),2019,2016,318,287.4424215449187,1681.0089763464257,453.691909529978,229.66030114164985,22.288905652524033,0.0,0.0,0.0,0.0,0.0,0.0,3.859602117506768,0,1,0,0,3,0,0,0,0,0,4.331393462529322,20.934033967290308,86.07676450396099,0.0,39.69575246831656,2,3049.4533518965363,2074.099152365048,117.54612024692575,0.0,0.0,0.0,1.0,1.0,0.0,19.371794627020464,726,26,8,18,199,2,0,2,3,1,63.22045196730951,73.92943315029417,112.98390885882876,0.0,53.4469760178946,14,327730.43989038654,144382.79798493205,1212.999997537009,268.99999323775677,182.99999351429665,85.99999972346012,118.99999913281016,92.99999913281748,25.999999999992667,175.10951419833552,138266,0.0289297441164132,1.0,15.0,council_total,council_total,3.999999999999987,1.0,15.0,0.0,1,3,1.0,34,217
871,11720,Cessnock,2019,2016,318,579.1066113575155,1965.159281347096,252.14540196258957,124.64558761973755,13.921797904255126,0.0,0.0,0.0,0.0,0.0,0.0,5.0493486055633605,0,0,0,0,9,0,0,0,0,0,2.2723801388930385,25.81137327847572,193.2186764035465,0.0,1.4038768389507208,0,4097.572962715757,1756.562530609922,82.0509592981856,0.0,0.0,0.0,3.0,3.0,0.0,21.242519543620457,0,15,3,0,29,2,0,1,0,0,39.168447366290465,115.72929478878648,249.65430432726967,0.0,20.879619007096633,6,55603.99962806517,22660.999870281492,1330.00006455203,60.0,51.0,9.0,27.0,25.0,2.0,346.85646510422634,21415,0.9806210600046696,0.0,63.0,council_total,council_total,21.0,0.0,63.0,0.0,0,9,3.0,18,29
871,11730,Clarence Valley,2019,2016,318,5258.692210285189,10428.681694721854,1863.9929403849628,916.6614682802116,238.25686186619944,0.0,0.0,0.0,0.0,0.0,0.0,1232.4448684494027,3,3,7,0,26,1,0,4,2,0,210.0426893368344,549.9437027978886,985.1189017276996,0.719568783556834,139.49961891434086,30,4280.037579468324,2137.8219195377424,464.50051483128465,0.0,0.0,0.0,0.0,0.0,0.0,1748.8135028934753,9,10,13,0,59,3,0,6,4,0,424.3475222896688,823.5837311893866,1156.5074583699354,5.577770885904168,196.51378014289335,67,50669.99998946567,24886.99996383101,3645.000001579015,49.0,35.0,14.0,36.0,28.0,8.0,3875.061092290291,22680,7.407407407407407,5.0,418.0,council_total,council_total,168.0,5.0,418.0,0.0,10,26,0.0,23,59
871,11800,Coffs Harbour,2019,2016,318,43.892708050469054,1173.7436179532697,146.07760758896688,57.77488107853412,1.116258223800678,0.0,0.0,0.0,0.0,0.0,0.0,0.1839332592367114,0,0,0,0,0,0,0,0,0,0,1.874838233012596,26.444888088318475,10.949552771706504,0.0,5.239476656852314,0,406.0358855176672,161.80781130117393,31.71273823483388,0.0,0.0,0.0,1.0,1.0,0.0,6.5418438386937385,0,0,1,0,0,1,0,0,0,0,8.891578988893507,56.16844961858239,29.818919257283778,1.7114050562364267,17.09091833990065,2,72922.99990552441,32478.999853916608,1906.9999983389648,83.99999953882201,54.99999953882201,29.0,39.0,31.0,8.0,227.8602757255528,29974,0.5671582037766064,2.0,27.0,council_total,council_total,17.0,2.0,27.0,0.0,0,0,1.0,1,0
871,12160,Cootamundra-Gundagai Regional,2019,2016,318,25.43993965115987,3981.416876124623,9.61966013038509,4.961670496286581,4.961670496286581,0.0,0.0,0.0,0.0,0.0,0.0,25.439939451318786,0,0,0,0,0,0,0,0,0,0,1.5144737828508985,0.0,0.0,0.0,2.7133733727291895,0,28.385481682059392,15.039985469732626,15.039985469732626,0.0,0.0,0.0,0.0,0.0,0.0,45.777062479644734,0,0,0,0,0,0,0,0,0,0,5.156160005382767,2.051938632363694,0.0,0.0,5.91988746355784,0,11140.000003170946,5315.000001376906,1307.0000010184242,6.0,3.0,3.0,13.0,11.0,2.0,3937.561688845376,5037,0.0,0.0,0.0,council_total,council_total,0.0,0.0,0.0,0.0,0,0,0.0,0,0
871,12700,Dungog,2019,2016,318,89.05523723898051,2249.9982579244834,1.4820413770756138,0.4446124192939477,0.4446124192939477,0.0,0.0,0.0,0.0,0.0,0.0,13.656529177457,0,0,0,0,0,0,0,0,0,0,0.0,3.1148596252252725,29.59097626267368,0.0,0.0,0,3.070969628335368,0.9212909149300924,0.9212909149300924,0.0,0.0,0.0,0.0,0.0,0.0,28.29798575296074,0,0,0,0,0,0,0,0,0,0,0.0,16.3092205188982,41.23318346655464,0.0,0.0,2,8991.000011534943,4032.0000043163977,1485.0000148213455,5.0,4.0,1.0,11.0,9.0,2.0,1524.442639101436,3783,0.0,0.0,0.0,council_total,council_total,0.0,0.0,0.0,0.0,0,0,0.0,0,0
871,12750,Eurobodalla,2019,2016,318,2613.4261202180137,3428.170935500581,2739.6630070903584,1413.7931126787953,73.79785736391943,2.8160736240078106,1.514371994104542,1.3017016299032682,1.3031030708782327,1.3031030708782327,0.0,36.46698745440021,30,7,3,6,37,1,0,1,0,1,120.17240808140323,524.160671222673,909.7077014640196,0.0,56.46156957769159,38,19154.59712047915,11759.86307888001,202.6687807016163,11.450975688235124,6.450975688235126,5.0,7.514002394564881,5.452741866276507,2.061260528288374,104.44422131748888,1738,240,26,82,168,6,8,4,2,6,217.72197231926216,789.994406298994,976.6463629830688,0.0,76.51561041612719,62,37245.99978322345,23372.999784138243,618.9999985317837,35.99999839804004,28.999998398040045,7.0,17.0,13.0,4.0,226.1958319558817,21960,23.224043715846996,80.0,882.0,council_total,council_total,510.00000000000006,80.0,882.0,4.119176694886043,10,43,18.964978082800005,266,250
871,13010,Glen Innes Severn,2019,2016,318,1587.2958229971891,5479.977672419943,182.1171104299865,91.40977352906536,30.419385966177725,0.0,0.0,0.0,0.0,0.0,0.0,242.84451619056895,0,0,1,0,0,1,0,0,0,0,57.98198290459256,30.39649385963913,286.692203664924,0.0,0.0,3,385.30907937486273,140.93227500875838,70.70032360856722,0.0,0.0,0.0,0.0,0.0,0.0,499.9136557864286,0,1,2,0,0,1,0,0,0,0,114.59832337748814,89.26862601651735,385.51068920974245,0.0,0.0,7,8815.999999131931,4351.999999400075,1120.9999983666637,6.0,3.0,3.0,6.0,3.0,3.0,3628.5593004310417,4032,18.60119047619047,3.0,70.0,council_total,council_total,74.99999999999999,3.0,70.0,0.0,1,0,0.0,3,0
871,13310,Goulburn Mulwaree,2019,2016,318,103.28824263891224,3220.080420872688,22.059700581407416,21.517087946387036,1.8294934764550528,0.0,0.0,0.0,0.0,0.0,0.0,4.944199127958034,0,0,0,0,0,0,0,0,0,0,0.0,2.731128139476862,22.737390415508248,0.0,0.0,0,52.30004242721523,48.91753914870629,7.70885596353232,0.0,0.0,0.0,0.0,0.0,0.0,17.599720705840998,0,0,0,0,0,0,0,0,0,0,0.0,10.855461227304806,35.4365768836055,0.0,0.0,0,29630.68210708222,13623.682115681357,2492.6821141304363,50.0,25.0,25.0,18.0,15.0,3.0,2250.4926475665416,12876,0.077663870767319,0.0,11.0,council_total,council_total,0.9999999999999994,0.0,11.0,0.0,0,0,0.0,0,0
871,13340,Greater Hume Shire,2019,2016,318,314.0834834293622,5749.387718889898,51.98064381914463,33.26202996491877,33.26202996491877,0.0,0.0,0.0,0.0,0.0,0.0,132.50655146407087,0,0,0,0,0,0,0,0,0,0,21.362365614715923,14.349512969608927,39.44343342849216,0.0,0.0,0,70.97447976386974,46.8622003345435,46.86220033454351,0.0,0.0,0.0,0.0,0.0,0.0,180.8304722721749,0,0,1,0,0,0,0,1,0,0,35.98701144941327,18.080844485597627,52.61929684054851,0.0,0.0,4,10352.771743692818,4594.864074779444,1641.8640801066229,9.0,7.0,2.0,17.0,15.0,2.0,5003.56252948533,4317,1.853138753764188,0.0,22.0,council_total,council_total,7.999999999999999,0.0,22.0,0.0,0,0,0.0,1,0
871,13660,Gwydir,2019,2016,318,49.06837425216619,9259.653991145187,9.470656009649671,3.5691620984416215,3.569162098441622,0.0,0.0,0.0,0.0,0.0,0.0,48.969639653018184,0,0,0,0,0,0,0,0,0,0,0.0,0.012300914365533,0.0,0.0,0.0,0,24.533951885465985,9.640134698051526,9.63976602915804,0.0,0.0,0.0,0.0,0.0,0.0,113.24591774814064,0,0,0,0,0,0,0,0,0,0,13.42884823259986,1.9533982616434975,0.0,0.0,0.0,1,5242.000029662549,2586.0000108593313,1128.000001752718,1.0,1.0,0.0,9.0,7.0,2.0,8774.668405730183,2347,0.0,0.0,0.0,council_total,council_total,0.0,0.0,0.0,0.0,0,0,0.0,0,0
871,13800,Hawkesbury,2019,2016,318,1985.9194856452264,2775.137717282044,1307.3339718428747,580.0068074765943,24.763714353480484,0.0,0.0,0.0,0.0,0.0,0.0,3.397555410470971,0,12,4,0,30,1,0,1,0,2,90.2105385863237,72.20962515495317,652.6015384908246,0.0,73.67794496900626,6,3096.945898218161,1347.3245274396384,43.0,0.0,0.0,0.0,1.0,1.0,0.0,6.792235972856788,21,21,14,0,58,4,0,4,1,5,165.2230259427936,167.95991437468084,699.230981458799,0.0,77.88768288873106,14,64591.99982973249,24056.99989043039,2361.0000429085867,54.000000147658575,31.0,23.000000147658575,32.999999992619976,30.99999999261998,2.0,173.7149702094559,22825,0.8324205914567361,7.0,65.0,council_total,council_total,19.0,7.0,65.0,0.0,16,30,1.0,35,58
871,14220,Inverell,2019,2016,318,103.21086010393962,9404.756384754475,80.31766829041794,35.48742441362641,11.2191837977482,0.0,0.0,0.0,0.0,0.0,0.0,78.03634708008128,0,0,0,0,0,0,0,0,0,0,3.01103930917389,1.8849576030826187,18.469316058916572,0.0,7.726792469764436,0,336.08423425086426,148.0488033004463,49.0514660708365,0.0,0.0,0.0,0.0,0.0,0.0,224.0368257781504,0,0,0,0,0,0,0,0,0,0,23.059840076023814,20.5791602668156,43.19816584671726,0.0,29.48175225893809,0,17536.197849880362,7732.55302052735,2025.5530168437456,16.0,9.0,7.0,12.0,10.0,2.0,8354.86476081988,6765,0.1478196600147819,1.0,1.0,council_total,council_total,0.9999999999999994,1.0,1.0,0.0,0,0,0.0,0,0
871,14350,Kempsey,2019,2016,318,1578.9994329680965,3375.6703220779636,909.5447475740184,514.1193548701581,289.68324527435226,0.0,0.0,0.0,1.0,1.0,0.0,380.0458873298697,0,3,1,1,24,1,0,0,0,0,55.96293233082797,247.76921687457255,326.98383936157126,0.0,26.788201039835677,7,2572.548031940541,1301.4856986289078,495.36363421795534,0.0,0.0,0.0,3.764523403648741,3.764523403648741,0.0,523.0385837819827,1,14,6,2,76,3,0,1,1,1,139.18877701136236,442.8823526270733,385.33273531990824,0.0,43.185833645287296,29,28827.99995611909,13607.999931306998,2381.999999531764,34.999999104945715,28.999999104945715,6.0,22.0,20.0,2.0,1108.7782997500065,12423,5.473718103517669,3.0,173.0,council_total,council_total,68.0,3.0,173.0,1.0,4,25,3.764523403648741,20,78
871,14500,Ku-ring-gai,2019,2016,318,0.0158219932025655,85.40829098240029,0.0,0.0,0.0,0.0,0.0,0.0,0.0,0.0,0.0,0.0,0,0,0,0,0,0,0,0,0,0,0.0,0.0,0.0,0.0,0.0,0,3514.173938622462,1219.1525768502868,0.0,1.0,1.0,0.0,1.0185670085871088,1.0,0.0185670085871087,0.0,2,11,6,0,8,2,0,0,0,4,3.609033111313046,15.153985197105104,12.626217203791358,0.0,0.0,1,118031.99802558756,42566.999191881594,0.0,45.00000023794114,45.00000023794114,0.0,53.99999918116333,46.99999918116333,7.0,0.0,41266,0.0,0.0,0.0,council_total,council_total,0.0,0.0,0.0,0.0,0,0,2.018567008587109,17,8
871,14550,Kyogle,2019,2016,318,211.86035705059595,3584.18287035463,49.46760045675924,27.38346122956187,20.383461315824775,0.0,0.0,0.0,0.0,0.0,0.0,93.69825338979642,0,0,0,0,13,0,0,0,0,0,25.00471488623497,12.955276381486208,71.64790709224839,0.0,0.0,7,111.86636399782913,56.4443356407036,49.444335470050014,0.0,0.0,0.0,0.0,0.0,0.0,167.22021496807824,0,0,0,0,13,0,0,0,0,0,39.30443696099369,36.57787701204313,91.83829277289352,1.943247808843052,0.0,15,8979.9431713425,4493.956545674884,2277.956568218334,3.0,3.0,0.0,8.0,7.0,1.0,2290.081086161465,4134,1.4513788098693758,0.0,6.0,council_total,council_total,6.0,0.0,6.0,0.0,0,13,0.0,0,13
871,14650,Lake Macquarie,2019,2016,318,2.3059814876223705,648.6421441491675,14.427316371474593,7.01756455402984,0.2885436690044713,0.0,0.0,0.0,0.0,0.0,0.0,0.0325668410105461,0,0,0,0,0,0,0,0,0,0,0.0,0.0,3.535506271194413,0.0,1.7168814795981493,0,3243.6091103190806,1381.6360368172789,29.57155953037727,0.0,0.0,0.0,1.0,1.0,0.0,2.7693590807652853,0,1,3,1,9,1,0,1,0,1,10.66054350904111,19.03994324579926,28.431035650447924,0.0,11.45360039841262,1,197188.99034965993,82616.99504095956,353.0000012551858,145.9999993160024,78.99999956768647,66.99999974831593,98.99999746174244,89.99999746174245,9.0,56.97286626002261,80105,0.0,0.0,0.0,council_total,council_total,0.0,0.0,0.0,0.0,0,0,1.0,4,10
871,14850,Lismore,2019,2016,318,30.40756926743991,1287.7052147824422,101.57644740413215,56.7102000572112,0.0,0.0,0.0,0.0,0.0,0.0,0.0,0.0,0,0,0,0,0,0,0,0,0,0,0.0,0.0,18.48647550789996,0.0,0.0,0,293.91210529722025,162.33862409189476,13.121274769076845,0.0,0.0,0.0,0.0,0.0,0.0,2.140371255136731,0,0,0,0,10,0,0,0,0,0,0.0,11.07207940825388,36.81745171374493,0.0,0.0,3,43225.00017418656,19103.000082993007,4706.999997692578,54.0,39.0,15.0,18.000000912563777,16.000000912563777,2.0,1061.3639990217105,17703,0.1129752019431734,0.0,2.0,council_total,council_total,1.9999999999999987,0.0,2.0,0.0,0,0,0.0,0,10
871,14870,Lithgow,2019,2016,318,2344.521042396396,4512.256657878909,1322.0799937139454,510.6128104825914,20.448383100489337,0.0140722715814753,0.0,0.0140722715814753,0.3382497637576035,0.3382497637576035,0.0,56.12909510250116,7,10,1,6,97,0,0,1,0,0,54.16609137618714,85.80627080643599,920.3989626637372,56.904228294325534,0.9672969747813452,10,9011.133944799069,4217.477598813481,85.15645067472849,27.999704516895804,26.999704516895804,1.0,4.646027462807136,4.646027462807136,0.0,163.13270820864,14,64,26,6,433,8,2,4,1,8,113.91696242774412,231.32880495089728,1025.043962186653,109.03053960780343,14.775829729197,59,21129.999989715627,9666.99999566626,1347.9999994164302,30.0,28.0,2.0,10.0,9.0,1.0,1578.873309779054,8913,6.058566139347022,3.0,122.0,council_total,council_total,54.00000000000001,3.0,122.0,0.3523220353390788,11,103,32.64573197970294,90,439
871,15240,Mid-Coast,2019,2016,318,2037.8787911411607,10053.86294675895,3405.684550331306,1541.114910421995,442.4476314273569,0.0752383979566646,0.0752383979566646,0.0,1.0,1.0,0.0,293.884787187736,11,4,4,1,45,4,0,0,0,0,150.06306958172934,433.9109760919966,410.44844225926624,2.610358132289173,4.116260562135759,19,24904.356636323064,12205.264928866089,939.770303522768,14.95257630669524,12.108826847796797,2.843749458898443,9.0,7.0,2.0,564.8520300348392,38,78,55,13,184,33,3,2,8,8,346.80741742317286,919.3195877903312,560.7971492956514,11.358987490108293,4.451911899290788,56,90406.9994372794,47414.99955806592,5542.9999964034105,96.99999962842124,86.99999962842124,10.0,60.0,48.0,12.0,3669.74623208534,44645,2.7998656064508904,9.0,271.0,council_total,council_total,125.0,9.0,271.0,1.0752383979566646,8,46,23.952576306695242,133,197
871,15270,Mid-Western Regional,2019,2016,318,743.2729010807802,8752.259884562136,147.33909973287354,85.46108446591087,47.109624299478696,0.0,0.0,0.0,0.0,0.0,0.0,219.76583490421973,0,1,0,0,43,0,0,0,0,0,32.59483786815497,41.80324361409691,148.1464020563104,6.0504648583924885,11.36866086613027,1,241.7396377243965,146.82602132216743,90.39191606337184,0.0,0.0,0.0,0.0,0.0,0.0,347.54115209888596,1,1,0,0,86,0,0,0,0,0,56.16748338884332,85.89102848601567,179.83621295379697,17.1999498020635,19.234608088287924,5,24084.000015103935,11511.000013761945,2783.9999975559576,24.0,16.0,8.0,14.0,11.0,3.0,5773.034116657892,10426,0.959140610013428,0.0,13.0,council_total,council_total,10.0,0.0,13.0,0.0,1,43,0.0,1,86
871,15650,Muswellbrook,2019,2016,318,889.4786446108295,3404.8841452339984,125.5166423770152,47.71430658238327,0.0,0.0,0.0,0.0,0.0,0.0,0.0,0.0,0,0,0,0,1,0,0,0,0,0,0.0,0.0,45.08758375459663,0.0,0.0,0,162.4501957869614,63.09050579253872,1.2849574403893262,0.0,0.0,0.0,0.0,0.0,0.0,1.8744327206769669,0,0,0,0,19,0,0,0,0,0,0.0,18.784940246684172,67.98390328702777,0.0,0.0,1,16076.000044530012,7277.000019355655,854.9999984682405,23.0,14.0,9.0,10.0,8.0,2.0,1121.3123672712209,6831,0.0,0.0,0.0,council_total,council_total,0.0,0.0,0.0,0.0,0,1,0.0,0,19
871,15700,Nambucca Valley,2019,2016,318,356.1248340182421,1491.3434264965845,593.984183107019,293.55107556026525,250.1322900811176,0.0,0.0,0.0,0.0,0.0,0.0,118.30746085689962,0,0,0,0,7,0,0,0,0,0,11.031321710488722,83.017417899122,88.68456274012823,0.0,0.0,2,1781.6861725030344,795.6162455324437,585.5939459617689,0.0,0.0,0.0,1.0,1.0,0.0,248.94149802923295,3,2,1,2,24,1,0,0,0,0,66.0115605051478,192.3496104866232,138.79083953840413,1.501139293824591,0.0,13,19238.99988445205,9464.999899980066,1959.9999931677091,20.999999777981117,15.999999777981118,5.0,12.0,11.0,1.0,628.8830530667977,8765,7.301768397033657,2.0,136.0,council_total,council_total,64.0,2.0,136.0,0.0,0,7,1.0,3,26
871,15750,Narrabri,2019,2016,318,127.7486287492558,13014.994123316435,6.522741665425078,4.728790827203622,1.7366324641355373,0.0,0.0,0.0,0.0,0.0,0.0,10.570636845335676,0,0,0,0,0,0,0,0,0,0,0.2734693143393342,7.426004061464282,5.256642284958727,0.0,0.0,0,22.371916414813143,13.113877359151472,7.6066677948222114,0.0,0.0,0.0,0.0,0.0,0.0,50.47637590506287,0,0,0,0,0,0,0,0,0,0,5.463907195460431,28.86553755241573,24.848562342912263,0.0,0.0,0,13051.99999059976,6002.9999963495175,1574.9999987234337,13.0,8.0,5.0,11.0,10.0,1.0,9303.729158286067,5362,0.0,0.0,0.0,council_total,council_total,0.0,0.0,0.0,0.0,0,0,0.0,0,0
871,16100,Oberon,2019,2016,318,691.0100107668807,3625.047307907511,14.005948786133656,9.543958471592584,1.6396448538600692,0.0,0.0,0.0,0.0,0.0,0.0,2.73928807805943,0,0,0,1,2,0,0,0,0,0,44.055239686413906,14.462214652112024,173.3579288546923,0.0,2.0944922627410305,2,33.09104327659457,21.446839535828236,10.04408653957327,0.0,0.0,0.0,0.0,0.0,0.0,15.685675320664217,0,4,0,1,30,0,0,0,0,0,67.61426150321878,43.477462613284665,287.119212780716,0.0,3.5020501804957163,2,5278.999992704411,2589.999998134047,1103.999999936123,2.0,1.0,1.0,6.0,6.0,0.0,1705.6068298781145,2378,1.682085786375105,1.0,5.0,council_total,council_total,4.0,1.0,5.0,0.0,0,3,0.0,4,31
871,16350,Penrith,2019,2016,318,0.1329207844039726,404.70152482960503,0.0,0.0,0.0,0.0,0.0,0.0,0.0,0.0,0.0,0.0,0,0,0,0,0,0,0,0,0,0,0.0,0.0,0.0,0.0,0.0,0,106.81822666964064,34.972645522791,19.132235190398184,0.0,0.0,0.0,0.0,0.0,0.0,0.6067791661982882,0,0,0,0,0,0,0,0,0,0,2.8349092220617784,0.7088675129573405,17.96181000494082,0.0,0.0,0,196042.99916763665,71168.99977638028,3496.999934472605,116.00000049830612,52.999999740447926,63.00000075785819,73.00000000738001,68.00000000738001,5.0,146.17530387695004,67638,0.0,0.0,0.0,council_total,council_total,0.0,0.0,0.0,0.0,0,0,0.0,0,0
871,16380,Port Macquarie-Hastings,2019,2016,318,1432.821486751457,3682.391764248678,922.1762026881833,400.27604189294664,183.83478784434465,0.1073788793829883,0.0736945063781897,0.0336843730047986,0.0,0.0,0.0,273.6249769573541,0,4,0,0,3,0,0,0,0,0,48.7874497341853,252.3339669856956,516.9904172293609,0.0,2.152525617491364,6,13195.674733611557,5841.082190596737,401.4311245044668,6.845631156909231,3.856835225801551,2.98879593110768,3.3223032123936225,2.3223032123936225,1.0,460.9507234993424,172,45,7,0,94,4,0,1,1,1,193.98471817381656,540.3009214601954,651.1436232761406,3.854865563158224,14.163632864769408,45,78699.00002095758,36749.99997915015,2652.000000295734,72.99999950083483,48.99999954765007,23.99999995318476,33.0,28.0,5.0,1287.2033761991452,34422,0.7553308930335251,4.0,50.0,council_total,council_total,26.0,4.0,50.0,0.1073788793829883,4,3,10.167934369302854,52,94
871,16490,Queanbeyan-Palerang Regional,2019,2016,318,1170.0174695328003,5319.007432773312,506.64348079021113,341.5897738589076,184.33107382155643,0.0,0.0,0.0,0.0,0.0,0.0,324.632145466721,3,1,2,3,7,0,0,1,0,1,100.99248860319534,107.539372970494,301.4761650619755,0.0,2.238816057975979,13,929.094686530978,596.1677896181742,346.2926115269032,0.0,0.0,0.0,0.0,0.0,0.0,543.0182669652689,15,2,5,29,14,0,0,2,1,2,174.84959667876598,212.020736522126,346.5232539401946,0.0,6.103732416244932,29,56010.32439389036,24121.922993588745,1888.998339695357,35.954153546109005,16.0,19.95415354610901,18.0,13.0,5.0,2875.843962008049,22470,2.5367156208277706,4.0,154.0,council_total,council_total,57.00000000000001,4.0,154.0,0.0,3,10,0.0,7,43
871,16610,Richmond Valley,2019,2016,318,1329.4786776464937,3047.374060201181,786.34091534608,364.7884354364665,85.84985497238804,0.0,0.0,0.0,1.0,1.0,0.0,176.4040925515993,0,3,3,0,3,1,0,0,1,1,139.47251155927106,172.02641658054011,485.03432700442875,24.725271771772068,69.7220291245064,24,1159.8816524322096,525.3000992332672,136.29713977544804,0.0,0.0,0.0,1.0,1.0,0.0,244.79571078321337,0,3,3,0,7,1,0,0,1,1,183.20388174597255,280.3975416571226,535.4041042449579,36.069713617013846,90.0420293778641,42,22799.9996420323,10318.999837352112,1619.0000002959805,12.0,7.0,5.0,20.999999087435985,17.999999087435985,3.0,1053.826925432084,9390,6.602768903088392,8.0,178.0,council_total,council_total,62.0,8.0,178.0,1.0,6,3,1.0,6,7
871,16950,Shoalhaven,2019,2016,318,3179.6684170401973,4567.201457496375,3687.8950886388498,2435.401472557056,330.5424070385716,0.0,0.0,0.0,0.176792596760071,0.1123711999609056,0.0644213967991653,370.9209944963574,18,13,10,7,28,8,0,2,0,0,232.0582868517687,444.34240478284215,1284.8722753507038,0.0,206.76554311368483,43,13681.58694889607,8115.1884763945745,599.9790413245379,2.8226205448295016,2.0,0.822620544829502,6.068474600647297,5.068474600647297,1.0,452.3160736092849,23,62,24,9,66,14,0,6,2,2,348.8371641008149,618.970133168394,1387.9602914757504,0.0,255.23595609716116,70,99596.81966567817,54501.88511913632,2155.000000941159,88.98362733036959,68.98362733036959,20.0,42.0,36.0,6.0,732.8578462609203,51639,5.519084412943705,48.0,586.0,council_total,council_total,285.0,48.0,586.0,0.176792596760071,23,35,8.891095145476799,86,75
871,17000,Singleton,2019,2016,318,1796.4461589686246,4892.715908315205,293.6305138622668,151.79690629464642,29.900324281836777,0.0,0.0,0.0,0.0,0.0,0.0,23.80278132168661,0,2,0,0,2,0,0,0,0,0,37.380079787581096,57.77728470156944,370.1798866098607,0.0,43.10283062908853,5,966.0937968357122,434.23076396041415,147.01429461943732,0.0,0.0,0.0,1.0,1.0,0.0,78.67312224256857,2,6,1,0,14,1,0,0,0,0,101.83177248890328,136.52690217996297,448.516414389326,4.101119391247348,55.54121437068842,14,22937.00033905133,9299.000118922671,2326.0000029862485,36.0,28.0,8.0,11.0,10.0,1.0,2081.46124949214,8706,0.114863312657937,0.0,5.0,council_total,council_total,0.9999999999999996,0.0,5.0,0.0,2,2,1.0,7,14
871,17040,Snowy Monaro Regional,2019,2016,318,1804.5203024350328,15164.789673324784,329.5021762960636,202.7537651222817,67.32349768340337,0.0,0.0,0.0,0.0,0.0,0.0,326.33973130687497,11,1,0,0,11,0,0,0,0,0,155.89875389297782,173.79052982273024,437.9102241533509,0.0,59.64819211813732,14,790.7091529057275,436.80328603122,150.0369668160615,0.0,0.0,0.0,1.0,1.0,0.0,589.6670197254516,16,11,5,0,44,1,2,1,1,0,225.70894768470595,324.6532661643955,633.6937040601827,0.0,100.75872452415172,25,20215.8606942256,12094.922612999504,2594.9345802044545,20.0,18.0,2.0,21.0,17.0,4.0,8291.775828301943,9909,3.1284690685235645,13.0,102.0,council_total,council_total,31.0,13.0,102.0,0.0,1,11,1.0,16,44
871,17080,Snowy Valleys,2019,2016,318,4099.5954648539055,8958.922001816249,1426.074233541499,686.0667522369449,599.8188039607497,0.0663140850733081,0.0,0.0663140850733081,0.0,0.0,0.0,1114.815851684047,63,8,14,0,84,4,1,1,1,0,392.0301575857356,735.8670306898301,1787.3607093852336,0.0,367.5864300778613,42,3639.8190596504664,1914.7843862632935,741.5471883045732,5.0,2.0,3.0,4.0335179388135955,3.033517938813596,1.0,1417.9492969463806,77,29,30,0,163,8,2,6,5,2,501.5967767367655,859.7605825996304,1965.1580287509576,0.0,425.755900489279,66,14426.772344044286,6903.918739885945,1813.9187390233376,22.0,12.0,10.0,19.0,14.0,5.0,3303.9731744637147,6424,30.043586550435865,35.0,612.0,council_total,council_total,193.0,35.0,612.0,0.0663140850733081,22,84,9.033517938813596,59,163
871,17150,Sutherland Shire,2019,2016,318,0.0420951998987275,333.57887560985955,0.0,0.0002014140221959,0.0,0.0,0.0,0.0,0.0,0.0,0.0,0.0,0,0,0,0,0,0,0,0,0,0,0.0,0.0074258823990577,0.1322789976621028,0.0,0.0,0,2731.817450155516,982.085637284236,0.0,0.2060282708478764,0.0,0.2060282708478764,4.2161174699621355,4.2161174699621355,0.0,0.0,13,9,17,0,30,14,0,1,1,1,8.317626325630822,11.802643633515045,20.53551918239545,3.3235061896763893,0.1492152663085233,0,218341.6710721745,84435.82304243307,0.0,125.99998737601098,79.99999284909224,45.999994526918734,81.99999826507259,80.99999826507258,1.0,0.0,81640,0.0,0.0,0.0,council_total,council_total,0.0,0.0,0.0,0.0,0,0,4.422145740810012,26,30
871,17310,Tamworth Regional,2019,2016,318,463.56076217502334,9884.350670033518,86.28493233196778,51.58844028463313,39.03696365569723,0.0,0.0,0.0,0.0,0.0,0.0,219.82884385414673,0,0,0,0,0,0,0,0,0,0,3.423008343546702,12.403358017603328,33.71005403594808,0.0,0.0,0,163.25117475145623,94.41833773002008,74.89728392053392,0.0,0.0,0.0,0.0,0.0,0.0,426.9464098575475,0,0,0,0,0,0,0,0,0,0,39.00275217425438,46.66774939100074,62.61913937746715,0.0,0.0,0,59682.00000147734,26150.00000228307,4445.000002156883,71.0,49.0,22.0,34.0,30.0,4.0,8863.202214012055,24329,0.0,0.0,0.0,council_total,council_total,0.0,0.0,0.0,0.0,0,0,0.0,0,0
871,17400,Tenterfield,2019,2016,318,2227.228976279082,7324.3078886788435,780.2949603682946,466.3512873049603,134.93527586703283,0.0,0.0,0.0,0.0,0.0,0.0,242.4211048579517,0,1,1,0,8,0,0,0,1,0,120.04573077562026,86.303319650187,442.23176609854295,0.0,27.319069019440217,15,2569.8955791143235,1503.2330739851086,300.14293761207165,1.0,1.0,0.0,3.0,3.0,0.0,575.9595967627716,0,135,46,0,91,19,4,4,5,12,243.22060787114933,212.8440294909419,582.5429178642416,0.0,43.99695107342236,28,6660.762554733993,3711.349376881641,1339.4676778479163,1.0,1.0,0.0,6.0,4.0,2.0,3464.3357174432267,3322,16.25526791089705,5.0,117.0,council_total,council_total,54.0,5.0,117.0,0.0,2,8,4.0,181,91
871,17550,Tweed,2019,2016,318,12.95434131515111,1307.7834662982823,40.164986020879944,18.385209244413947,4.760243769255832,0.0,0.0,0.0,0.0,0.0,0.0,2.9038713039710427,0,0,0,0,0,0,0,0,0,0,0.0,1.6713766107143555,3.104814808797845,0.0,0.0,0,109.20967308532096,50.7758195330338,21.266516053226965,0.0,0.0,0.0,0.0,0.0,0.0,12.954447849836608,0,0,0,0,0,0,0,0,0,0,0.0,14.411013229343764,5.8649568090529645,0.0,0.0,0,91400.75554078602,42664.68264965621,3443.9923519211316,67.99940412353455,50.99950983364962,16.999894289884942,34.99713618033897,26.997136548906123,7.999999631432839,679.2391129171551,39298,0.0254465876126011,0.0,1.0,council_total,council_total,0.9999999999999981,0.0,1.0,0.0,0,0,0.0,0,0
871,17620,Upper Hunter Shire,2019,2016,318,203.09084949562404,8096.089241664753,30.35095374640786,17.622372043076055,7.039932772411075,0.0,0.0,0.0,0.0,0.0,0.0,63.50049103410361,0,0,0,0,0,0,0,0,0,0,0.0,0.4625140559923734,27.917693350727607,0.0,7.007409742041015,0,57.48617290822662,32.53574012608653,18.440288102000245,0.0,0.0,0.0,0.0,0.0,0.0,138.52861976210878,0,0,0,0,6,0,0,0,0,0,2.156775146329026,10.750842853139035,72.53563709809218,1.0966775349058844,21.78244722369827,1,14061.999946624795,6612.999977358353,1807.0000005334696,12.0,9.0,3.0,15.0,12.0,3.0,7010.265556587325,6029,0.0,0.0,0.0,council_total,council_total,0.0,0.0,0.0,0.0,0,0,0.0,0,6
871,17640,Upper Lachlan Shire,2019,2016,318,229.18590328643313,7127.395786801665,26.99393889601028,21.613759236048757,1.9635473887429256,0.0,0.0,0.0,0.0,0.0,0.0,41.00593201067852,0,1,0,0,10,0,0,0,0,0,14.1915829319783,10.78176141586134,59.96356928347593,0.0,1.761164222080082,0,31.743669113717687,25.929616151018568,5.758061598052975,0.0,0.0,0.0,0.0,0.0,0.0,88.32390636739676,0,1,0,0,10,0,0,0,0,0,16.146289051434156,15.341934882116233,82.89739393831825,0.0,7.209427724017806,0,7674.000019771685,4295.000006010594,2397.0000074138743,0.0,0.0,0.0,7.0,6.0,1.0,6516.120944616436,4037,0.7431260837255388,0.0,2.0,council_total,council_total,3.0,0.0,2.0,0.0,1,10,0.0,1,10
871,17650,Uralla,2019,2016,318,64.8920125044991,3226.5329021452953,14.48168826846727,7.307751087115831,7.307751087115831,0.0,0.0,0.0,0.0,0.0,0.0,64.8920125044991,0,0,0,0,0,0,0,0,0,0,0.0,1.1865544828292198,0.0,0.0,0.0,0,33.60626296734832,16.75026910318893,16.75026910318893,0.0,0.0,0.0,0.0,0.0,0.0,138.28399124530242,0,0,1,0,0,0,0,1,0,0,7.888521864522908,22.861591539821532,0.0,0.0,0.0,0,6066.999973192857,2738.9999924318136,1152.0000051382426,6.0,6.0,0.0,3.0,3.0,0.0,3202.990526947994,2582,0.0,0.0,0.0,council_total,council_total,0.0,0.0,0.0,0.0,0,0,0.0,1,0
871,17750,Wagga Wagga,2019,2016,318,84.41315801363066,4824.489343837008,30.48376526128833,16.50047559432006,16.50047559432006,0.0,0.0,0.0,0.0,0.0,0.0,84.41315801363079,0,0,0,0,0,0,0,0,0,0,0.2629962345411243,1.5023404376486382,9.743635630773268,0.0,4.703006494033416,0,48.66361288239591,26.2308145205795,26.2308145205795,0.0,0.0,0.0,0.0,0.0,0.0,128.36965681850197,0,0,0,0,1,0,0,0,0,0,11.977606426507034,3.614368020891397,10.394452753658255,0.0,5.709409096992168,1,62389.197280460314,26074.743970318497,1975.7439703184975,64.0,37.0,27.0,38.0,34.0,4.0,4612.497925423581,24929,0.0,0.0,1.0,council_total,council_total,0.0,0.0,1.0,0.0,0,0,0.0,0,1
871,17850,Walcha,2019,2016,318,2357.8080085430956,6261.024288100694,147.0716672074679,90.3965053852701,41.81695764609657,0.0,0.0,0.0,0.0,0.0,0.0,278.84112492223414,5,0,0,0,13,0,0,0,0,0,29.53138466482065,135.9780286538579,552.2010722034937,0.0,0.0,3,239.0858969713573,144.65820418974124,88.80004665393436,0.0,0.0,0.0,0.0,0.0,0.0,536.2430046477917,26,0,0,0,37,0,0,0,0,0,72.45243631473059,230.91376263764684,634.2197517944402,0.0,0.0,8,3085.999998190765,1625.000000056427,750.9999975200004,0.0,0.0,0.0,3.0,3.0,0.0,3525.229329515183,1443,15.246015246015247,0.0,22.0,council_total,council_total,22.0,0.0,22.0,0.0,0,13,0.0,0,37
871,18350,Wingecarribee,2019,2016,318,621.8052000651561,2689.3410513352046,940.1251063599328,416.9490835980524,48.512334211504246,0.0,0.0,0.0,1.0,1.0,0.0,47.11604148978133,69,1,1,2,95,0,0,1,0,0,26.209540043509012,56.915811373196355,226.92948352113993,0.0,12.105761908599188,3,6257.146897429246,2676.564654408063,164.67329934134602,2.076393564171044,2.076393564171044,0.0,5.000338660866209,4.994031400685488,0.0063072601807214,95.58529269472744,71,11,11,2,124,4,2,4,1,0,86.50817719462121,178.43528363183455,321.4168985493303,52.90655588680377,21.650681682668967,21,47972.00027901087,21614.00009823159,2827.9999895035194,76.0,56.0,20.0,34.0,32.0,2.0,1014.0116909661303,20546,3.309646646549207,0.0,197.0,council_total,council_total,68.0,0.0,197.0,1.0,2,97,7.076732225037253,22,126
871,18400,Wollondilly,2019,2016,318,1526.944766682582,2555.434524141794,1665.6131207490016,580.9913252424951,24.95101860488256,0.7441639937136565,0.0,0.7441639937136565,0.9998905771223828,0.9998905771223828,0.0,2.992536124329684,32,1,11,0,15,9,0,0,0,2,44.93444997327288,82.33846551238442,369.6808868985993,11.742461775251998,24.21825699572392,9,9963.091545111154,3407.681953845444,234.2252977347725,1.0,0.0,1.0,4.014739463331393,4.014739463331393,0.0,28.58143200839129,433,41,29,2,57,15,0,4,3,7,88.34028104929371,195.86122648856855,408.5834491076679,21.36592377532821,29.86986142875524,10,48497.99977321965,16755.99995382444,2417.999954291057,11.0,8.0,3.0,12.0,12.0,0.0,365.80799987319574,16048,1.1839481555333995,8.0,66.0,council_total,council_total,18.999999999999996,8.0,66.0,1.7440545708360393,12,15,5.014739463331393,70,59
880,11730,Clarence Valley,2019,2016,59,826.4464590054292,10428.681694721854,510.8358072155587,244.65505002371313,88.07702405602717,0.0,0.0,0.0,0.0,0.0,0.0,182.6643701202445,0,0,0,0,24,0,0,0,0,0,17.087208287092977,102.8667112573263,65.52988465728275,5.8785057647613845,8.930093198202796,4,1505.352283902139,773.2504801761175,238.43526440644823,0.0,0.0,0.0,1.0,1.0,0.0,401.046724381597,6,0,4,0,496,2,0,2,0,0,80.59024225301872,278.13872031436654,197.51221419324443,10.709026041088594,46.85015299595605,18,50669.99998946567,24886.99996383101,3645.000001579015,49.0,35.0,14.0,36.0,28.0,8.0,3875.061092290291,22680,,,,,,,,,0.0,0,24,1.0,4,496
880,14350,Kempsey,2019,2016,59,95.56543246054868,3375.6703220779636,156.00291342258754,71.89765296994054,27.123633173456703,0.0,0.0,0.0,0.0,0.0,0.0,27.84193135259217,0,0,0,0,0,0,0,0,0,0,0.0,11.561094086569971,11.250879403677468,0.0,0.0,0,1922.308083333069,851.2984633525468,104.1737306649214,10.297602466984404,6.803720006096818,3.493882460887584,2.0,2.0,0.0,74.79249343386667,0,2,2,0,9,2,0,0,0,0,13.034734067062434,113.79051634503318,32.93247169898646,1.9541522056500835,5.105572909868338,11,28827.99995611909,13607.999931306998,2381.999999531764,34.999999104945715,28.999999104945715,6.0,22.0,20.0,2.0,1108.7782997500065,12423,0.0804958544634951,,5.0,,fire_in_council,0.9999999999999996,,5.0,0.0,0,0,12.297602466984404,4,9
880,14550,Kyogle,2019,2016,59,6.531984923388512,3584.18287035463,6.937360920009125,3.647960351913894,2.3863250431554484,0.0,0.0,0.0,0.0,0.0,0.0,2.889234265040036,0,0,0,0,0,0,0,0,0,0,0.0,0.0,0.0,0.0,0.0,0,51.106692261469064,28.12592319373852,14.803014372665528,0.0,0.0,0.0,0.0,0.0,0.0,17.873644648451677,0,0,0,0,0,0,0,0,0,0,4.887438336541688,7.310576917608817,2.976955462592324,0.0,0.0,5,8979.9431713425,4493.956545674884,2277.956568218334,3.0,3.0,0.0,8.0,7.0,1.0,2290.081086161465,4134,,,,,,,,,0.0,0,0,0.0,0,0
880,15240,Mid-Coast,2019,2016,59,29.70564815772691,10053.86294675895,1.7173896509799,0.926036382774396,0.0052558768393785,0.0,0.0,0.0,0.0,0.0,0.0,0.0055540453565739,0,0,0,0,0,0,0,0,0,0,0.0,12.897016076771056,2.03325505642751,0.0,0.0,0,3510.306457041263,1868.1724260326096,3.198700123912514,6.254493448008456,4.369650467424639,1.884842980583818,0.021914713209065,0.0181326708290436,0.0037820423800213,3.3801639789545193,1,18,5,0,13,1,0,0,3,1,9.657338988182016,70.8758746977844,12.122191156089876,0.0,0.0,1,90406.9994372794,47414.99955806592,5542.9999964034105,96.99999962842124,86.99999962842124,10.0,60.0,48.0,12.0,3669.74623208534,44645,,,,,,,,,0.0,0,0,6.276408161217521,23,13
880,15700,Nambucca Valley,2019,2016,59,0.0176393777496279,1491.3434264965845,0.0,0.0,0.0,0.0,0.0,0.0,0.0,0.0,0.0,0.0,0,0,0,0,0,0,0,0,0,0,0.0,0.0,0.0,0.0,0.0,0,0.7374225578139223,0.3606957920523803,0.3606957920523803,0.0,0.0,0.0,0.0,0.0,0.0,0.2273124599742614,0,0,0,0,0,0,0,0,0,0,0.0,0.6066159153115047,0.4697590708700597,0.0,0.0,0,19238.99988445205,9464.999899980066,1959.9999931677091,20.999999777981117,15.999999777981118,5.0,12.0,11.0,1.0,628.8830530667977,8765,,,,,,,,,0.0,0,0,0.0,0,0
880,16380,Port Macquarie-Hastings,2019,2016,59,22.5242211184289,3682.391764248678,127.09012899474072,59.15616567276295,35.31887716876671,0.0736945063781897,0.0736945063781897,0.0,0.0,0.0,0.0,6.243868051371512,0,0,0,0,1,0,0,0,0,0,0.6877171029160577,4.80857284312988,0.2118774931452945,0.0,2.152525617491364,0,2588.5561457965064,1317.078050466086,98.9741992729619,4.855026899591241,2.8568352258015515,1.9981916737896903,1.3223032123936225,1.3223032123936225,0.0,21.826692867223866,0,29,1,0,62,1,0,0,0,0,37.64242841748822,67.81180823337127,12.73054935786842,0.0,9.258819119558328,19,78699.00002095758,36749.99997915015,2652.000000295734,72.99999950083483,48.99999954765007,23.99999995318476,33.0,28.0,5.0,1287.2033761991452,34422,,,,,,,,,0.0736945063781897,0,1,6.177330111984864,30,62
880,16610,Richmond Valley,2019,2016,59,72.48645973075034,3047.374060201181,22.617314651192604,10.946513018065666,5.013943198258178,0.0,0.0,0.0,0.0,0.0,0.0,13.605217459136766,0,0,0,0,0,0,0,0,0,0,1.978234627134218,6.231467382383948,7.9063355317669615,6.670149981808279,14.57975242621178,4,48.40470548646798,24.90021922786417,10.720121536363411,0.0,0.0,0.0,0.0,0.0,0.0,31.5085030333481,0,0,0,0,0,0,0,0,0,0,17.914507123097387,8.961018611352406,14.76744323299631,10.336323819752815,24.934810708282548,8,22799.9996420323,10318.999837352112,1619.0000002959805,12.0,7.0,5.0,20.999999087435985,17.999999087435985,3.0,1053.826925432084,9390,0.2129925452609158,,2.0,,fire_in_council,1.9999999999999993,,2.0,0.0,0,0,0.0,0,0
NSW1718-05,12700,Dungog,2017,2016,30,12.77288934475954,2249.9982579244834,2.213601998074857,1.90628738523726,1.3985502120926177,0.0,0.0,0.0,0.0,0.0,0.0,2.421254133088311,0,0,0,0,0,0,0,0,0,0,0.0,0.0,1.6634844027084632,0.0,0.0,0,24.258688690313715,16.80832500052938,8.648064579389953,0.0,0.0,0.0,0.0,0.0,0.0,11.7199547364562,0,0,0,0,0,0,0,0,0,0,0.0,3.755459998087807,9.388735344569664,0.0,0.0,1,8991.000011534943,4032.0000043163977,1485.0000148213455,5.0,4.0,1.0,11.0,9.0,2.0,1524.442639101436,3783,,,,,,,,,0.0,0,0,0.0,0,0
NSW1718-05,15240,Mid-Coast,2017,2016,30,66.32994513355308,10053.86294675895,97.807473722046,47.184611448918254,12.666401768681055,0.0,0.0,0.0,0.0,0.0,0.0,17.24369469230292,0,0,0,0,0,0,0,0,0,0,0.4718918985324704,10.605606337934455,2.966601239168603,0.0,0.0,0,1510.4562216319916,718.1502150585737,45.04663399439322,3.4113202482683835,3.4113202482683835,0.0,0.0,0.0,0.0,53.01375497175513,1,5,3,0,23,3,0,0,0,0,21.398769946076936,85.57927227746389,50.29840816522671,0.0,0.0,4,90406.9994372794,47414.99955806592,5542.9999964034105,96.99999962842124,86.99999962842124,10.0,60.0,48.0,12.0,3669.74623208534,44645,,,,,,,,,0.0,0,0,3.4113202482683835,8,23
NSW1718-05,16380,Port Macquarie-Hastings,2017,2016,30,26.996761675276986,3682.391764248678,23.080314050866622,10.790802592389069,3.9098295563347296,0.0,0.0,0.0,0.0,0.0,0.0,2.036775544639832,0,0,0,0,0,0,0,0,0,0,5.694108036064785,4.357963602632354,10.759051906524844,0.0,0.0,0,410.3032402281276,194.93986872962367,99.68690916048364,0.0,0.0,0.0,0.0,0.0,0.0,18.695868017891257,0,0,0,0,0,0,0,0,0,0,17.556193764072937,21.732735477053275,35.6102402075715,0.0,2.897348539138672,2,78699.00002095758,36749.99997915015,2652.000000295734,72.99999950083483,48.99999954765007,23.99999995318476,33.0,28.0,5.0,1287.2033761991452,34422,0.1743071291615827,,,,,6.0,,,0.0,0,0,0.0,0,0
NSW1718-05,17620,Upper Hunter Shire,2017,2016,30,2.936965921467177,8096.089241664753,1.5165853688471045,0.683287487154528,0.6832874871545281,0.0,0.0,0.0,0.0,0.0,0.0,2.167526721078055,0,0,0,0,0,0,0,0,0,0,0.0,0.0,0.903485687357744,0.0,0.0,0,7.581466928859883,3.3930540725260445,3.3930540725260445,0.0,0.0,0.0,0.0,0.0,0.0,13.787501556967875,0,0,0,0,0,0,0,0,0,0,0.0,0.0,10.957798537166582,0.0,0.0,0,14061.999946624795,6612.999977358353,1807.0000005334696,12.0,9.0,3.0,15.0,12.0,3.0,7010.265556587325,6029,,,,,,,,,0.0,0,0,0.0,0,0
NSW1718-06,14350,Kempsey,2017,2016,9,28.771693488634416,3375.6703220779636,26.444303404058907,10.461897242531126,0.000937920889923,0.0,0.0,0.0,0.0,0.0,0.0,0.0012152106876263,0,0,0,0,0,0,0,0,0,0,0.0925596671052904,1.896305404968255,6.315053899017665,0.0,0.0,0,593.3878558017323,353.149281915742,3.281137489124278,0.0,0.0,0.0,0.0,0.0,0.0,3.819271302507382,0,4,0,0,16,0,0,0,0,0,10.908619497235632,21.10550524250931,14.196265940333284,0.0,0.0,5,28827.99995611909,13607.999931306998,2381.999999531764,34.999999104945715,28.999999104945715,6.0,22.0,20.0,2.0,1108.7782997500065,12423,,,,,,,,,0.0,0,0,0.0,4,16
NSW1718-06,16380,Port Macquarie-Hastings,2017,2016,9,72.9182110577352,3682.391764248678,46.43117591885187,23.798254078950308,5.830075624286045,0.0,0.0,0.0,0.0,0.0,0.0,1.8751977173886492,0,0,0,0,0,0,0,0,0,0,7.552796713041023,0.6619441605121832,1.0589324174589234,0.0,0.0,0,772.7221852031017,361.24617829889337,56.29666716549659,0.0,0.0,0.0,0.0,0.0,0.0,19.151137076160236,0,1,0,0,6,0,0,0,0,0,17.54453165578393,17.95308540784725,20.559236146487564,0.0,0.0,2,78699.00002095758,36749.99997915015,2652.000000295734,72.99999950083483,48.99999954765007,23.99999995318476,33.0,28.0,5.0,1287.2033761991452,34422,,,,,,,,,0.0,0,0,0.0,1,6
NSW1718-08,17310,Tamworth Regional,2017,2016,2,28.9667554598144,9884.350670033518,0.0,0.0,0.0,0.0,0.0,0.0,0.0,0.0,0.0,24.664458183960875,0,0,0,0,0,0,0,0,0,0,0.0,2.4732661946873016,0.0,0.0,0.0,0,1.22102409517593,0.6998364026020516,0.6998364026020516,0.0,0.0,0.0,0.0,0.0,0.0,56.19949670741325,0,1,0,0,0,0,0,0,0,0,0.0,6.645934703948847,0.0,0.0,0.0,0,59682.00000147734,26150.00000228307,4445.000002156883,71.0,49.0,22.0,34.0,30.0,4.0,8863.202214012055,24329,,,,,,,,,0.0,0,0,0.0,1,0
NSW1718-09,13660,Gwydir,2017,2016,5,29.53805414541267,9259.653991145187,4.794145583277032,1.9682401660167197,1.9682401660167197,0.0,0.0,0.0,0.0,0.0,0.0,29.53805324275503,0,0,0,0,0,0,0,0,0,0,2.129569468274365,0.0,0.0,0.0,0.0,0,11.84841233766283,4.799319288194309,4.799319288194309,0.0,0.0,0.0,0.0,0.0,0.0,66.83939998997954,0,0,0,0,0,0,0,0,0,0,7.152866049992225,2.5934030309919995,0.0,0.0,0.0,0,5242.000029662549,2586.0000108593313,1128.000001752718,1.0,1.0,0.0,9.0,7.0,2.0,8774.668405730183,2347,,,,,,,,,0.0,0,0,0.0,0,0
NSW1718-09,17310,Tamworth Regional,2017,2016,5,170.02294688822536,9884.350670033518,18.615758784222898,12.650974290063356,11.116305630698204,0.0,0.0,0.0,0.0,0.0,0.0,93.10511240632697,0,0,0,0,13,0,0,0,0,0,7.167366848780185,20.140737315968643,3.365913402064185,0.0,0.0,0,28.809976490447056,18.725474841273808,15.839939021918894,0.0,0.0,0.0,0.0,0.0,0.0,154.24557965543244,0,1,0,0,13,0,0,0,0,0,14.99592872477215,32.17601751871514,11.299178836995376,0.0,0.0,0,59682.00000147734,26150.00000228307,4445.000002156883,71.0,49.0,22.0,34.0,30.0,4.0,8863.202214012055,24329,,,,,,,,,0.0,0,13,0.0,1,13
NSW1718-09,17650,Uralla,2017,2016,5,12.638355854079672,3226.5329021452953,1.251384963521774,0.7039040570868096,0.703904047381031,0.0,0.0,0.0,0.0,0.0,0.0,12.638355577862432,0,0,0,0,0,0,0,0,0,0,0.0,0.0,0.0,0.0,0.0,0,3.808928439049851,2.042305296655184,2.042305281913803,0.0,0.0,0.0,0.0,0.0,0.0,30.50823605859901,0,0,0,0,0,0,0,0,0,0,0.6070559453073638,4.292332313042233,0.0,0.0,0.0,0,6066.999973192857,2738.9999924318136,1152.0000051382426,6.0,6.0,0.0,3.0,3.0,0.0,3202.990526947994,2582,,,,,,,,,0.0,0,0,0.0,0,0
NSW1718-10,16400,Port Stephens,2017,2016,4,25.25934051440645,858.4352873470074,129.14611828063713,35.22713003564835,14.877042581591455,0.0,0.0,0.0,0.1033041590560818,0.0,0.1033041590560818,1.1283061003322432,0,0,0,0,1,0,0,0,0,0,2.4606833352010136,1.7665731203687187,19.220424412959805,0.0,34.13664307370757,0,5931.749014072793,3129.366065835012,93.61046174914054,0.93884725838652,0.9365326616260112,0.0023145967605085,3.5308479427923896,1.530848542990758,1.999999399801632,7.709151184121783,2,13,5,5,52,1,1,0,1,0,25.18282530019204,37.368330714502385,45.72791038683551,0.0,103.602704257206,6,69551.99894511269,33118.99925170508,1123.99997976918,56.99999126865476,32.999994387227574,23.999996881427183,18.99999939980163,15.0,3.999999399801632,191.36444555945383,31090,0.0,,,,,0.0,,,0.1033041590560818,0,1,4.46969520117891,18,57
NSW1718-11,11720,Cessnock,2017,2016,18,0.686129941746878,1965.159281347096,0.044039707608882,0.0020533958716282,0.0,0.0,0.0,0.0,0.0,0.0,0.0,0.0,0,0,0,0,0,0,0,0,0,0,0.0,0.0,0.1563778285899021,0.0,0.0,0,19.44327231859707,8.058435453756683,0.0,0.0,0.0,0.0,0.0,0.0,0.0,0.0,0,0,0,0,0,0,0,0,0,0,0.0,0.0,16.736224454312282,0.0,2.155752402195439,0,55603.99962806517,22660.999870281492,1330.00006455203,60.0,51.0,9.0,27.0,25.0,2.0,346.85646510422634,21415,,,,,,,,,0.0,0,0,0.0,0,0
NSW1718-11,15650,Muswellbrook,2017,2016,18,0.3603015683323111,3404.8841452339984,0.0,0.0,0.0,0.0,0.0,0.0,0.0,0.0,0.0,0.0,0,0,0,0,0,0,0,0,0,0,0.0,0.0,0.0,0.0,0.0,0,0.0,0.0,0.0,0.0,0.0,0.0,0.0,0.0,0.0,0.0,0,0,0,0,0,0,0,0,0,0,0.0,0.0,0.0,0.0,0.0,0,16076.000044530012,7277.000019355655,854.9999984682405,23.0,14.0,9.0,10.0,8.0,2.0,1121.3123672712209,6831,,,,,,,,,0.0,0,0,0.0,0,0
NSW1718-11,17000,Singleton,2017,2016,18,201.34564098767785,4892.715908315205,3.5165689109421687,2.260651442748537,0.0,0.0,0.0,0.0,0.0,0.0,0.0,0.0,0,0,0,0,0,0,0,0,0,0,0.0,5.055128325419467,9.813925872277675,0.0,0.0,0,7.788247901444426,5.006730793785702,0.0,0.0,0.0,0.0,0.0,0.0,0.0,0.0,0,0,0,0,0,0,0,0,0,0,0.0,11.078460338399992,47.047852750704976,0.0,0.0,1,22937.00033905133,9299.000118922671,2326.0000029862485,36.0,28.0,8.0,11.0,10.0,1.0,2081.46124949214,8706,,,,,,,,,0.0,0,0,0.0,0,0
NSW1718-12,15750,Narrabri,2017,2016,6,415.01745097270725,13014.994123316435,0.2123530455982997,0.1202858575696718,0.0649442815740158,0.0,0.0,0.0,0.0,0.0,0.0,0.4610126436988838,0,0,0,0,0,0,0,0,0,0,44.54664458941005,29.654811641564624,26.26359129143185,0.0,0.0,1,5.483457457546421,2.601371177968578,1.9896756140216625,0.0,0.0,0.0,0.0,0.0,0.0,13.435373176218112,0,0,0,0,0,0,0,0,0,0,68.05219228886088,77.86544420388331,59.2477141425523,0.0,0.0,2,13051.99999059976,6002.9999963495175,1574.9999987234337,13.0,8.0,5.0,11.0,10.0,1.0,9303.729158286067,5362,,,,,,,,,0.0,0,0,0.0,0,0
NSW1718-12,18020,Warrumbungle Shire,2017,2016,6,202.09434114840784,12372.119766869371,0.0,0.0,0.0,0.0,0.0,0.0,0.0,0.0,0.0,0.0,0,0,0,0,0,0,0,0,0,0,14.33266777145461,31.21751461427321,37.431089960812386,0.0,0.0,0,1.0174736669957494,0.5311612414737443,0.0372545294691798,0.0,0.0,0.0,0.0,0.0,0.0,0.0837630046688169,0,0,0,0,0,0,0,0,0,0,25.57498214833115,48.67411993175374,59.35850461684065,0.0,0.0,0,9402.000019995106,4813.000010426082,1559.0000038444398,3.0,1.0,2.0,14.0,8.0,6.0,9382.199178253051,4280,,,,,,,,,0.0,0,0,0.0,0,0
NSW1718-13,17640,Upper Lachlan Shire,2017,2016,2,24.89476811460259,7127.395786801665,12.005715053456935,9.471385679849124,1.965064317618604,0.0,0.0,0.0,0.0,0.0,0.0,6.825771732740842,0,0,0,0,0,0,0,0,0,0,0.0,0.4555459613555621,3.630871867104823,0.0,0.0,0,28.178173782363483,21.301738485458387,9.27745373498369,0.0,0.0,0.0,0.0,0.0,0.0,27.86482013505255,0,0,0,0,0,0,0,0,0,0,0.0,15.770028591499118,5.485431565969774,0.0,0.0,0,7674.000019771685,4295.000006010594,2397.0000074138743,0.0,0.0,0.0,7.0,6.0,1.0,6516.120944616436,4037,,,,,,,,,0.0,0,0,0.0,0,0
NSW1718-14,17150,Sutherland Shire,2017,2016,2,22.72079134112536,333.57887560985955,5.134601821852934,3.1785630325756262,0.0,0.0,0.0,0.0,0.0,0.0,0.0,0.0,0,0,0,0,3,0,0,0,0,0,8.039676076377699,0.0,10.7703084209048,0.0,0.0,0,8.982197808362656,5.691050433399252,0.0,0.0,0.0,0.0,0.0,0.0,0.0,0.0,0,1,0,0,5,0,0,0,0,0,19.605077603341194,0.0,17.979437065612554,0.0,0.0,1,218341.6710721745,84435.82304243307,0.0,125.99998737601098,79.99999284909224,45.999994526918734,81.99999826507259,80.99999826507258,1.0,0.0,81640,0.0,,,,,0.0,,,0.0,0,3,0.0,1,5
NSW1718-15,17620,Upper Hunter Shire,2017,2016,8,24.745086025791164,8096.089241664753,1.004777886069764,0.72994161710112,0.7282530101191802,0.0,0.0,0.0,0.0,0.0,0.0,16.365266477533627,0,0,0,0,0,0,0,0,0,0,0.0,0.0,7.808363563898362,0.0,0.0,0,9.721560281107209,5.929548970914914,5.184736816800503,0.0,0.0,0.0,0.0,0.0,0.0,51.20267420656704,0,0,0,0,0,0,0,0,0,0,0.0,0.1844312265833025,23.20358561752964,0.0,0.0,0,14061.999946624795,6612.999977358353,1807.0000005334696,12.0,9.0,3.0,15.0,12.0,3.0,7010.265556587325,6029,,,,,,,,,0.0,0,0,0.0,0,0
NSW1718-16,15270,Mid-Western Regional,2017,2016,24,7.966779092626219,8752.259884562136,0.3988421342656033,0.3125030105462075,0.3125030105462075,0.0,0.0,0.0,0.0,0.0,0.0,1.5525896310681309,0,0,0,0,0,0,0,0,0,0,0.0,0.0,0.0,0.0,0.0,0,4.265241192517511,2.86515760523187,2.499165273393405,0.0,0.0,0.0,0.0,0.0,0.0,12.469539682726522,0,0,0,0,0,0,0,0,0,0,0.0,3.5620462219843536,1.749636288144768,0.0,0.0,0,24084.000015103935,11511.000013761945,2783.9999975559576,24.0,16.0,8.0,14.0,11.0,3.0,5773.034116657892,10426,,,,,,,,,0.0,0,0,0.0,0,0
NSW1718-16,15650,Muswellbrook,2017,2016,24,5.0267947276111045,3404.8841452339984,0.6351074871091421,0.2057678549895651,0.0,0.0,0.0,0.0,0.0,0.0,0.0,0.0,0,0,0,0,0,0,0,0,0,0,0.0,0.0,0.0,0.0,0.0,0,12.060393860989354,4.3722015344014125,0.0,0.0,0.0,0.0,0.0,0.0,0.0,0.0,0,0,0,0,0,0,0,0,0,0,2.1480056402690737,0.0,3.716552496965872,0.0,0.0,0,16076.000044530012,7277.000019355655,854.9999984682405,23.0,14.0,9.0,10.0,8.0,2.0,1121.3123672712209,6831,,,,,,,,,0.0,0,0,0.0,0,0
NSW1718-17,10470,Bathurst Regional,2017,2016,4,2.794004157458302,3817.864073653167,0.6714318034685114,0.7673505164860175,0.7673505164860175,0.0,0.0,0.0,0.0,0.0,0.0,2.7940041574582892,0,0,0,0,0,0,0,0,0,0,0.0,0.0,0.0,0.0,0.0,0,2.639950910338587,3.017086594927235,3.017086594927235,0.0,0.0,0.0,0.0,0.0,0.0,10.985530315793016,0,0,0,0,0,0,0,0,0,0,0.0,1.7368484088008531,0.0,0.0,0.0,0,41195.99998357071,17353.999986643874,2741.9999997934533,43.0,22.0,21.0,22.0,21.0,1.0,3220.341560022536,16443,,,,,,,,,0.0,0,0,0.0,0,0
NSW1718-17,11400,Cabonne,2017,2016,4,27.75997227397631,6022.349520526384,52.344508179030946,22.039729186337933,14.601086753451408,0.0,0.0,0.0,0.0,0.0,0.0,12.71878756008251,0,0,0,0,0,0,0,0,0,0,6.708086671504889,1.210213977663209,8.875638430269726,0.0,0.0,0,226.53023378704415,91.55240854485362,81.23298706480426,0.0,0.0,0.0,0.0,0.0,0.0,41.29877541918,0,2,0,0,0,0,0,0,0,0,14.584914555440978,2.4085289690322957,33.12852591388399,0.0,0.0,0,13385.000255453562,5746.000084226383,2886.0000306420807,0.0,0.0,0.0,12.0,11.0,1.0,5420.4642466832165,5384,0.0,,,,,0.0,,,0.0,0,0,0.0,2,0
NSW1718-18,14870,Lithgow,2017,2016,2,2.815441318045333,4512.256657878909,0.3453815085783924,0.0800884657573084,0.0,0.0,0.0,0.0,0.0,0.0,0.0,0.0,0,0,0,0,0,0,0,0,0,0,0.2191586238667673,0.0,0.0,0.0,0.0,0,5.397688187810489,1.4325060455142462,0.0,0.0,0.0,0.0,0.0,0.0,0.0,0.0,0,0,0,0,0,0,0,0,0,0,4.102526369885428,0.0,5.992684645355293,0.0,0.0,0,21129.999989715627,9666.99999566626,1347.9999994164302,30.0,28.0,2.0,10.0,9.0,1.0,1578.873309779054,8913,,,,,,,,,0.0,0,0,0.0,0,0
NSW1718-19,13660,Gwydir,2017,2016,2,29.544175262718053,9259.653991145187,4.805221511958649,1.9696940035149648,1.9696940035149648,0.0,0.0,0.0,0.0,0.0,0.0,29.544174360060335,0,0,0,0,0,0,0,0,0,0,2.129569468274365,0.0,0.0,0.0,0.0,0,12.970305924124125,5.363833068424056,5.363833068424056,0.0,0.0,0.0,0.0,0.0,0.0,70.29435808380246,0,0,0,0,0,0,0,0,0,0,5.285583671642524,4.987447945596641,0.0,0.0,0.0,0,5242.000029662549,2586.0000108593313,1128.000001752718,1.0,1.0,0.0,9.0,7.0,2.0,8774.668405730183,2347,,,,,,,,,0.0,0,0,0.0,0,0
NSW1718-19,15750,Narrabri,2017,2016,2,17.65156362043605,13014.994123316435,0.2123530455982997,0.1202858575696718,0.0649442815740158,0.0,0.0,0.0,0.0,0.0,0.0,0.4610126436988838,0,0,0,0,0,0,0,0,0,0,3.356535594397429,1.940669666627463,3.306307850965825,0.0,0.0,0,5.483457457546422,2.6013711779685784,1.9896756140216625,0.0,0.0,0.0,0.0,0.0,0.0,13.435373176218112,0,0,0,0,0,0,0,0,0,0,4.97254233916804,8.91983218584938,7.858967018714823,0.0,0.0,0,13051.99999059976,6002.9999963495175,1574.9999987234337,13.0,8.0,5.0,11.0,10.0,1.0,9303.729158286067,5362,,,,,,,,,0.0,0,0,0.0,0,0
NSW1718-20,10550,Bega Valley,2017,2016,3,13.961521438439558,6278.501280668165,537.1308835282539,302.52245422039096,0.0,0.5394212533440873,0.5394212533440873,0.0,0.0,0.0,0.0,0.0,106,3,0,6,183,0,0,0,0,0,0.3547995734658254,10.361028918408026,19.889011718388215,0.0,0.0,0,2081.4655076684303,1149.2057864733742,17.943008835304177,1.9999994651804152,1.9999994651804152,0.0,1.0,1.0,0.0,3.313624078311178,623,24,19,134,450,11,1,2,2,3,8.560099368299557,41.40650506328315,29.709886099992925,0.0,0.0,1,33229.999599004295,17578.995303598593,2896.9955271262024,39.99999791280709,35.99999791280708,4.0,21.0,18.0,3.0,1460.5485127189363,16270,3.9950829748002463,,,,,65.00000000000001,,,0.5394212533440873,3,189,2.999999465180415,43,584
NSW1718-21,14900,Liverpool,2017,2016,4,23.376183425657384,305.73922948949576,433.41217455246584,68.10534906973217,0.0,0.0,0.0,0.0,0.0,0.0,0.0,0.0,0,0,1,0,1,0,1,0,0,0,0.6815124773181555,2.5656818384996134,21.774529637083763,2.827836388101545,14.326913272307824,2,16544.15729473148,5161.225092264941,0.0,1.3800494706051705,1.2200228220335516,0.1600266485716189,4.470488618816072,4.470488618816072,0.0,0.0,3,6,9,2,288,6,1,0,0,2,22.642111670064686,63.745423041885694,41.8757017073344,20.363934269124947,22.802335004881876,17,204265.00191532983,65738.00065449113,334.99999255429793,111.00000063967114,54.999999760144384,56.00000087952676,58.000002787856474,56.000002787856474,2.0,74.43884891051144,61741,0.0,,,,,0.0,,,0.0,1,1,5.850538089421242,15,290
NSW1718-21,17150,Sutherland Shire,2017,2016,4,17.338395780547906,333.57887560985955,139.3868250493579,40.29741988646777,0.0,0.0,0.0,0.0,0.0,0.0,0.0,0.0,0,0,0,0,0,0,0,0,0,0,6.043774650207421,0.5027722907975368,90.55659276157296,0.0,7.731125095175105,1,25139.89286129784,8900.774594918628,0.0,7.960694285682244,7.960694285682244,0.0,11.94980023706317,11.94980023706317,0.0,0.0,21,47,36,0,163,23,0,8,2,3,54.58308029787518,89.24943526307806,114.21507019381058,8.61165462190907,19.06851003620211,17,218341.6710721745,84435.82304243307,0.0,125.99998737601098,79.99999284909224,45.999994526918734,81.99999826507259,80.99999826507258,1.0,0.0,81640,0.0,,,,,0.0,,,0.0,0,0,19.910494522745417,83,163
RAA-raa_2015_p15_r01,15750,Narrabri,2014,2016,2,2.5001745702183236,13014.994123316435,0.1548580998871163,0.0898319442705035,0.0898319442705035,0.0,0.0,0.0,0.0,0.0,0.0,0.9303688762349795,0,0,0,0,0,0,0,0,0,0,0.0,0.0,2.696924787617312,0.0,0.0,0,1.9575406846694337,1.1016460680631526,1.1016460680631526,0.0,0.0,0.0,0.0,0.0,0.0,10.52127527269496,0,0,0,0,0,0,0,0,0,0,0.0,0.6075560716461326,10.487536032185096,0.0,0.0,0,13051.99999059976,6002.9999963495175,1574.9999987234337,13.0,8.0,5.0,11.0,10.0,1.0,9303.729158286067,5362,0.0,,,,,0.0,,,0.0,0,0,0.0,0,0
RAA-raa_2015_p15_r05,10900,Blue Mountains,2015,2016,1,5.908006271740016,1431.1430081697988,17.268031192208383,6.98180986468917,0.0,0.0,0.0,0.0,0.0,0.0,0.0,0.0,0,0,0,0,1,0,0,0,0,0,0.0,3.646762889441915,5.510355344995216,0.0,0.0,0,361.5167580469504,138.8460522702147,0.0,0.0,0.0,0.0,0.0,0.0,0.0,0.0,0,0,1,0,1,0,1,0,0,0,0.8630066077875905,12.1123826103584,11.084034263618715,0.0,0.0,0,76953.00054720111,34187.00016894792,2.748270096827097e-06,61.0,32.0,29.0,30.0,30.0,0.0,2.329855706785719e-06,32827,0.0,,,,,0.0,,,0.0,0,1,0.0,1,1
RAA-raa_2015_p15_r09,16950,Shoalhaven,2015,2016,1,0.0013442413365677,4567.201457496375,0.0,0.0,0.0,0.0,0.0,0.0,0.0,0.0,0.0,0.0,0,0,0,0,0,0,0,0,0,0,0.0,0.0,0.0,0.0,0.0,0,1354.958973796048,630.5592284282662,1.1216179443646934,0.0,0.0,0.0,0.0895017388857153,0.0895017388857153,0.0,0.129930276684019,1,10,2,0,2,1,0,0,0,1,6.031364373885075,5.921681476576518,2.225371816942146,0.0,0.0,0,99596.81966567817,54501.88511913632,2155.000000941159,88.98362733036959,68.98362733036959,20.0,42.0,36.0,6.0,732.8578462609203,51639,0.0,,,,,0.0,,,0.0,0,0,0.0895017388857153,12,2
RAA-raa_2015_p15_r11,13800,Hawkesbury,2015,2016,3,54.53033817227391,2775.137717282044,0.0,0.0,0.0,0.0,0.0,0.0,0.0,0.0,0.0,0.0,0,0,0,0,0,0,0,0,0,0,0.0,0.0,31.305111532666302,0.0,0.0,0,20.29907236736876,8.71173549267343,0.0,0.0,0.0,0.0,0.0,0.0,0.0,0.0,0,0,0,0,0,0,0,0,0,0,3.628193715924151,0.7357583183351741,60.26862465426049,0.0,0.0,0,64591.99982973249,24056.99989043039,2361.0000429085867,54.000000147658575,31.0,23.000000147658575,32.999999992619976,30.99999999261998,2.0,173.7149702094559,22825,0.0,,,,,0.0,,,0.0,0,0,0.0,0,0
RAA-raa_2016_p13_r06,14350,Kempsey,2016,2016,7,49.52348305156556,3375.6703220779636,113.39515074954625,49.89781332306142,5.768850752924272,0.0,0.0,0.0,0.0,0.0,0.0,5.087368207598339,0,1,0,0,1,0,0,0,0,0,11.553513914670562,28.143620625590906,77.95334698580258,7.410866148640106,0.0,4,338.556653459657,141.27125458716915,14.31154022945429,0.0,0.0,0.0,0.0,0.0,0.0,10.068497211291866,0,8,0,0,5,0,0,0,0,0,26.34699086958243,53.44166477377365,129.2598162009096,13.453844334633812,4.767756515892227,12,28827.99995611909,13607.999931306998,2381.999999531764,34.999999104945715,28.999999104945715,6.0,22.0,20.0,2.0,1108.7782997500065,12423,0.0,,,,,0.0,,,0.0,1,1,0.0,8,5
RAA-raa_2016_p13_r07,17400,Tenterfield,2016,2016,3,75.44830706270689,7324.3078886788435,16.04523081549158,11.545964442093345,9.88642100890997,0.0,0.0,0.0,0.0,0.0,0.0,35.69534936249544,0,0,0,0,0,0,0,0,0,0,7.069508129458045,3.716542042517739,6.764719457300166,0.0,0.0,0,26.98736455649043,19.724316742636248,16.023833871962278,0.0,0.0,0.0,0.0,0.0,0.0,59.15227706801589,0,0,0,0,0,0,0,0,0,0,16.52760738146354,10.268672426039132,42.76005854414802,0.0,0.0,0,6660.762554733993,3711.349376881641,1339.4676778479163,1.0,1.0,0.0,6.0,4.0,2.0,3464.3357174432267,3322,,,,,,,,,0.0,0,0,0.0,0,0
RAA-raa_2016_p13_r08,11720,Cessnock,2016,2016,9,11.345965453516468,1965.159281347096,115.17368724667152,38.966099029839704,0.0,0.0,0.0,0.0,0.0121919645298618,0.0121919645298618,0.0,0.0,0,0,0,0,3,0,0,0,0,0,0.9508085198772152,2.6540910953980066,11.542123484003817,3.6144922883643487,5.345881844684356,1,10368.70656234119,4460.861178505123,4.117239890260623,21.49523613281562,21.49523613281562,0.0,7.0,7.0,0.0,1.6454819817325783,0,21,7,0,13,5,0,1,1,0,20.143849543009416,84.29325260005524,30.480984071125807,7.699397446295888,11.608501486438463,9,55603.99962806517,22660.999870281492,1330.00006455203,60.0,51.0,9.0,27.0,25.0,2.0,346.85646510422634,21415,0.0,,,,,0.0,,,0.0121919645298618,0,3,28.49523613281562,28,13
RAA-raa_2016_p13_r08,12700,Dungog,2016,2016,9,4.004512212527552,2249.9982579244834,8.452358558887449e-06,4.882418297990887e-06,0.0,0.0,0.0,0.0,0.0,0.0,0.0,0.0,0,0,0,0,0,0,0,0,0,0,0.0,5.896375520740902,2.329289813220679,0.0,0.0,0,8.452358558887449e-06,4.882418297990887e-06,0.0,0.0,0.0,0.0,0.0,0.0,0.0,0.0,0,0,0,0,0,0,0,0,0,0,0.0,13.995226046423054,5.465884648948573,0.0,0.0,0,8991.000011534943,4032.0000043163977,1485.0000148213455,5.0,4.0,1.0,11.0,9.0,2.0,1524.442639101436,3783,0.0,,,,,0.0,,,0.0,0,0,0.0,0,0
RAA-raa_2016_p13_r08,15240,Mid-Coast,2016,2016,9,24.09554958682845,10053.86294675895,52.563491483684075,19.44049132372018,0.0,0.0,0.0,0.0,0.0,0.0,0.0,4.1751724490803905,0,0,0,0,0,0,0,0,0,0,0.1532550648439997,1.5606023023096531,10.90858869394854,0.0,0.0,1,267.08467359259424,104.40649381572209,14.244342518847215,0.0,0.0,0.0,0.0,0.0,0.0,17.28603251160761,0,0,1,0,0,1,0,0,0,0,22.05669007727155,22.166655205108917,19.304895174909145,0.0,2.9758021848653455,12,90406.9994372794,47414.99955806592,5542.9999964034105,96.99999962842124,86.99999962842124,10.0,60.0,48.0,12.0,3669.74623208534,44645,0.0,,,,,0.0,,,0.0,0,0,0.0,1,0
RAA-raa_2016_p13_r08,16400,Port Stephens,2016,2016,9,70.9144487873892,858.4352873470074,194.38076404793304,106.41522779510667,2.310858986528862,0.0,0.0,0.0,0.0,0.0,0.0,0.7164314854335789,0,2,0,0,12,0,0,0,0,0,27.16886140348843,28.47390796234804,112.9743187017234,0.0,0.6330314427753144,9,774.7899495716767,370.1807379667424,10.711517766628338,0.0,0.0,0.0,0.0,0.0,0.0,3.8106076176867503,0,4,0,0,12,0,0,0,0,0,58.84858167196039,52.63289805254862,159.59643222096085,0.0,9.457255670105916,12,69551.99894511269,33118.99925170508,1123.99997976918,56.99999126865476,32.999994387227574,23.999996881427183,18.99999939980163,15.0,3.999999399801632,191.36444555945383,31090,0.0,,,,,0.0,,,0.0,2,12,0.0,4,12
RAA-raa_2016_p13_r12,16350,Penrith,2016,2016,1,2.7326020946212575,404.70152482960503,6.838149687837588,1.9418991252761375,0.6844664848574578,0.0,0.0,0.0,0.0,0.0,0.0,0.0161722680936659,0,0,0,0,0,0,0,0,0,0,0.4695425553791961,0.0,7.312117367002068,0.0,0.0,0,936.563226888896,277.71708260646864,213.12084595160357,0.0,0.0,0.0,0.0,0.0,0.0,5.168605290213919,0,0,0,0,0,0,0,0,0,0,7.222239526327707,13.62423887520172,19.81288028775747,0.0,0.0,0,196042.99916763665,71168.99977638028,3496.999934472605,116.00000049830612,52.999999740447926,63.00000075785819,73.00000000738001,68.00000000738001,5.0,146.17530387695004,67638,,,,,,,,,0.0,0,0,0.0,0,0
RAA-raa_2016_p13_r16,11720,Cessnock,2016,2016,5,11.940184909831045,1965.159281347096,74.76764901663009,31.89576286244066,0.0,0.0,0.0,0.0,0.0,0.0,0.0,0.0,0,0,0,0,0,0,0,0,0,0,1.1882085449967503,5.765443715998233,11.32725760451586,2.815554457510662,8.30241532607649,0,4459.089252140415,1772.2951604979708,0.0,4.691639153962761,4.691639153962761,0.0,3.0,2.0,1.0,0.0,0,7,13,0,8,10,1,2,0,0,11.976260137619285,49.201627607428314,47.636621819680514,7.795731604142564,21.193621065810262,4,55603.99962806517,22660.999870281492,1330.00006455203,60.0,51.0,9.0,27.0,25.0,2.0,346.85646510422634,21415,,,,,,,,,0.0,0,0,7.691639153962761,20,8
RAA-raa_2016_p13_r17,15270,Mid-Western Regional,2016,2016,3,12.3437967064432,8752.259884562136,8.076442431203404,4.048110518286966,4.0261341440638745,0.0,0.0,0.0,0.0,0.0,0.0,12.23950684549602,0,0,0,0,0,0,0,0,0,0,0.0,0.3517414101009445,0.0,0.0,0.0,0,25.221114649057107,12.250825922892757,11.244042193594137,0.0,0.0,0.0,0.0,0.0,0.0,25.4225698375026,0,0,0,0,0,0,0,0,0,0,0.2670561278043926,7.244498156679073,0.0,0.0,0.0,0,24084.000015103935,11511.000013761945,2783.9999975559576,24.0,16.0,8.0,14.0,11.0,3.0,5773.034116657892,10426,,,,,,,,,0.0,0,0,0.0,0,0
RAA-raa_2016_p13_r22,11720,Cessnock,2016,2016,3,7.462312503152257,1965.159281347096,53.45248796284014,15.599399669514492,1.483862294113485,0.7330850960652023,0.0,0.7330850960652023,0.0,0.0,0.0,0.1615390238720896,0,2,0,0,12,0,0,0,0,0,12.431215017047032,2.4514125328900467,0.7060439405034478,1.7328619648315609,18.40528955132243,6,10713.115256167524,4476.921429264711,43.625723650759426,26.99505521894757,17.99505521894757,9.0,4.010823371201679,3.010823371201679,1.0,3.5585450599667237,0,15,11,0,82,5,1,2,1,2,44.76033623800891,75.78641764173736,10.607729500260604,6.95294927714344,59.992080224458554,11,55603.99962806517,22660.999870281492,1330.00006455203,60.0,51.0,9.0,27.0,25.0,2.0,346.85646510422634,21415,0.0,,,,,0.0,,,0.7330850960652023,2,12,31.00587859014925,26,82
RAA-raa_2016_p13_r23,14350,Kempsey,2016,2016,11,3.8577679366779263,3375.6703220779636,10.93338916501266,6.679331276507892,5.638272841046158,0.0,0.0,0.0,0.0,0.0,0.0,2.7358078544730624,0,0,0,0,0,0,0,0,0,0,0.0,0.0,0.0355362411494794,0.0,0.0,0,48.15623032078201,28.673707944224613,20.927313248260607,0.0,0.0,0.0,0.0,0.0,0.0,10.348602552450249,0,0,0,0,0,0,0,0,0,0,4.044988823531187,2.1306711865794195,1.4130834779062982,0.0,3.1011730780830526,0,28827.99995611909,13607.999931306998,2381.999999531764,34.999999104945715,28.999999104945715,6.0,22.0,20.0,2.0,1108.7782997500065,12423,0.1609917089269902,,7.0,,council_total,1.9999999999999991,,7.0,0.0,0,0,0.0,0,0
RAA-raa_2016_p13_r23,15240,Mid-Coast,2016,2016,11,184.9801761127037,10053.86294675895,17.4190299195617,11.481360205241174,4.9312245410801445,0.0,0.0,0.0,0.0,0.0,0.0,64.98214539327468,0,0,0,0,0,0,0,0,0,0,5.656179693669929,44.94023452469178,45.15314390739392,0.0,0.0,4,57.55641402831024,35.172128335078426,15.983175472664051,0.0,0.0,0.0,0.0,0.0,0.0,95.26473021598736,0,0,0,0,0,0,0,0,0,0,21.832012850666032,93.59379628375194,93.6717747932733,0.0,0.0,5,90406.9994372794,47414.99955806592,5542.9999964034105,96.99999962842124,86.99999962842124,10.0,60.0,48.0,12.0,3669.74623208534,44645,,,,,,,,,0.0,0,0,0.0,0,0
RAA-raa_2016_p13_r23,15270,Mid-Western Regional,2016,2016,11,78.0014298177183,8752.259884562136,40.35575039644542,25.785691737345193,8.064577763441934,0.0,0.0,0.0,0.0,0.0,0.0,41.03081096493542,0,0,0,0,0,0,0,0,0,0,0.0,3.574623586988638,0.0,0.0,4.369745862346149,0,107.00440392133244,68.41321227966527,20.777694998306934,0.0,0.0,0.0,0.0,0.0,0.0,82.18007503261697,0,1,1,0,0,1,0,0,0,0,3.279123264001388,29.046285660079903,1.2792763034827284,0.0,16.8106365253115,1,24084.000015103935,11511.000013761945,2783.9999975559576,24.0,16.0,8.0,14.0,11.0,3.0,5773.034116657892,10426,0.0959140610013428,,2.0,,council_total,1.0,,2.0,0.0,0,0,0.0,2,0
RAA-raa_2016_p13_r23,17620,Upper Hunter Shire,2016,2016,11,140.42203236524466,8096.089241664753,43.32707304003439,14.245508151298797,14.245508151298797,0.0,0.0,0.0,0.0,0.0,0.0,127.32243721963924,0,0,0,0,3,0,0,0,0,0,25.424039903630828,9.250505053366112,6.57551831091724,0.0,0.0,1,64.5337829180212,22.103180057929627,22.103180057929627,0.0,0.0,0.0,0.0,0.0,0.0,185.68835236371328,0,0,0,0,7,0,0,0,0,0,43.27856408625728,12.079349496274606,7.174146852254729,0.0,0.0,2,14061.999946624795,6612.999977358353,1807.0000005334696,12.0,9.0,3.0,15.0,12.0,3.0,7010.265556587325,6029,,,,,,,,,0.0,0,3,0.0,0,7
RAA-raa_2016_p13_r23,18020,Warrumbungle Shire,2016,2016,11,400.58418501607065,12372.119766869371,121.78603564523335,48.789622753247166,35.78962275324717,0.0,0.0,0.0,0.0,0.0,0.0,399.27413848679294,0,0,0,0,50,0,0,0,0,0,36.400655568220174,35.00096570450199,12.152210614174267,0.0,0.0,6,178.6387723639808,73.41629379797659,48.68851655598956,0.0,0.0,0.0,0.0,0.0,0.0,493.7477480021047,0,1,0,0,58,0,0,0,0,0,68.17872617476638,43.828716377912656,12.754898067981095,0.0,0.0,8,9402.000019995106,4813.000010426082,1559.0000038444398,3.0,1.0,2.0,14.0,8.0,6.0,9382.199178253051,4280,8.177570093457943,2.0,131.0,council_total,council_total,34.99999999999999,2.0,131.0,0.0,0,50,0.0,1,58
RAA-raa_2016_p13_r26,17000,Singleton,2016,2016,3,24.033685639980963,4892.715908315205,11.38672427693145,6.832034537953586,6.832034537953586,0.0,0.0,0.0,0.0,0.0,0.0,21.93798554715471,0,0,0,0,0,0,0,0,0,0,0.0,2.5858050043625553,8.07471236670688,0.0,0.0,0,18.85283896166627,11.256299664955042,11.256299664955042,0.0,0.0,0.0,0.0,0.0,0.0,36.822038662757755,0,0,0,0,0,0,0,0,0,0,0.0,10.118979094555057,8.537636476311807,0.0,2.2440986272412657,2,22937.00033905133,9299.000118922671,2326.0000029862485,36.0,28.0,8.0,11.0,10.0,1.0,2081.46124949214,8706,,,,,,,,,0.0,0,0,0.0,0,0
