test_year,council_key,model,actual,prior,predicted
2021,albury,training_mean,-2.11,3.05,-0.4249586776859504
2021,ballina,training_mean,0.48,3.39,-0.4249586776859504
2021,balranald,training_mean,11.99,-2.65,-0.4249586776859504
2021,bathurst,training_mean,-20.8,-21.84,-0.4249586776859504
2021,bayside,training_mean,5.62,2.33,-0.4249586776859504
2021,begavalley,training_mean,11.77,2.13,-0.4249586776859504
2021,bellingen,training_mean,8.77,-2.8,-0.4249586776859504
2021,berrigan,training_mean,-2.0,5.6,-0.4249586776859504
2021,blacktown,training_mean,-2.94,-4.61,-0.4249586776859504
2021,bland,training_mean,17.02,13.95,-0.4249586776859504
2021,blayney,training_mean,-0.86,-5.0,-0.4249586776859504
2021,bluemountains,training_mean,5.15,-3.59,-0.4249586776859504
2021,bogan,training_mean,7.79,-3.81,-0.4249586776859504
2021,bourke,training_mean,0.14,1.77,-0.4249586776859504
2021,brewarrina,training_mean,6.74,28.4,-0.4249586776859504
2021,brokenhill,training_mean,1.77,-20.38,-0.4249586776859504
2021,burwood,training_mean,-7.22,-9.5,-0.4249586776859504
2021,byron,training_mean,-5.41,-7.09,-0.4249586776859504
2021,cabonne,training_mean,-10.44,-0.52,-0.4249586776859504
2021,camden,training_mean,-9.66,-14.31,-0.4249586776859504
2021,campbelltown,training_mean,6.09,0.52,-0.4249586776859504
2021,canadabay,training_mean,0.34,1.1,-0.4249586776859504
2021,canterburybankstown,training_mean,-0.81,-2.83,-0.4249586776859504
2021,carrathool,training_mean,23.98,13.52,-0.4249586776859504
2021,centralcoast,training_mean,7.73,-15.9,-0.4249586776859504
2021,centraldarling,training_mean,7.01,12.81,-0.4249586776859504
2021,cessnock,training_mean,3.42,2.43,-0.4249586776859504
2021,clarencevalley,training_mean,0.15,-1.43,-0.4249586776859504
2021,coffsharbour,training_mean,2.52,-0.09,-0.4249586776859504
2021,coolamon,training_mean,8.53,3.63,-0.4249586776859504
2021,coonamble,training_mean,13.33,-12.2,-0.4249586776859504
2021,cootamundragundagai,training_mean,-4.98,-19.5,-0.4249586776859504
2021,cowra,training_mean,6.5,3.01,-0.4249586776859504
2021,cumberland,training_mean,3.18,1.36,-0.4249586776859504
2021,dubbo,training_mean,-0.86,-4.38,-0.4249586776859504
2021,dungog,training_mean,-23.44,-13.55,-0.4249586776859504
2021,edwardriver,training_mean,10.97,4.29,-0.4249586776859504
2021,eurobodalla,training_mean,6.14,8.51,-0.4249586776859504
2021,fairfield,training_mean,7.26,3.22,-0.4249586776859504
2021,federation,training_mean,-0.03,-10.35,-0.4249586776859504
2021,forbes,training_mean,-9.85,-6.67,-0.4249586776859504
2021,georgesriver,training_mean,-1.8,-8.19,-0.4249586776859504
2021,gilgandra,training_mean,6.18,7.22,-0.4249586776859504
2021,gleninnessevern,training_mean,1.23,-1.97,-0.4249586776859504
2021,goulburnmulwaree,training_mean,6.16,7.93,-0.4249586776859504
2021,greaterhume,training_mean,-0.41,-10.51,-0.4249586776859504
2021,griffith,training_mean,5.35,4.96,-0.4249586776859504
2021,gunnedah,training_mean,9.1,10.59,-0.4249586776859504
2021,gwydir,training_mean,-15.15,-4.11,-0.4249586776859504
2021,hawkesbury,training_mean,10.52,1.21,-0.4249586776859504
2021,hay,training_mean,12.89,-7.92,-0.4249586776859504
2021,hills,training_mean,7.07,11.92,-0.4249586776859504
2021,hilltops,training_mean,5.24,-21.4,-0.4249586776859504
2021,hornsby,training_mean,-1.89,5.32,-0.4249586776859504
2021,huntershill,training_mean,-12.99,3.42,-0.4249586776859504
2021,innerwest,training_mean,-3.4,0.38,-0.4249586776859504
2021,junee,training_mean,9.3,4.01,-0.4249586776859504
2021,kempsey,training_mean,1.08,-6.64,-0.4249586776859504
2021,kiama,training_mean,-13.7,-13.32,-0.4249586776859504
2021,kuringgai,training_mean,4.9,4.59,-0.4249586776859504
2021,kyogle,training_mean,28.9,11.88,-0.4249586776859504
2021,lakemacquarie,training_mean,1.96,-2.5,-0.4249586776859504
2021,lanecove,training_mean,4.76,1.81,-0.4249586776859504
2021,leeton,training_mean,0.12,8.27,-0.4249586776859504
2021,lismore,training_mean,0.88,2.63,-0.4249586776859504
2021,lithgow,training_mean,4.91,-5.01,-0.4249586776859504
2021,liverpool,training_mean,-1.93,-2.42,-0.4249586776859504
2021,liverpoolplains,training_mean,-19.42,-35.28,-0.4249586776859504
2021,lockhart,training_mean,2.64,8.37,-0.4249586776859504
2021,maitland,training_mean,3.2,7.14,-0.4249586776859504
2021,midcoast,training_mean,4.2,-2.83,-0.4249586776859504
2021,midwestern,training_mean,10.19,15.54,-0.4249586776859504
2021,moreeplains,training_mean,-6.37,-0.02,-0.4249586776859504
2021,mosman,training_mean,4.19,0.57,-0.4249586776859504
2021,murrayriver,training_mean,-31.18,-14.23,-0.4249586776859504
2021,murrumbidgee,training_mean,1.63,-9.13,-0.4249586776859504
2021,muswellbrook,training_mean,8.34,12.38,-0.4249586776859504
2021,nambuccavalley,training_mean,0.74,2.38,-0.4249586776859504
2021,narrabri,training_mean,4.7,-4.54,-0.4249586776859504
2021,narrandera,training_mean,0.28,8.62,-0.4249586776859504
2021,narromine,training_mean,-6.42,2.28,-0.4249586776859504
2021,newcastle,training_mean,-0.64,2.4,-0.4249586776859504
2021,northernbeaches,training_mean,4.53,-4.97,-0.4249586776859504
2021,northsydney,training_mean,4.15,-6.76,-0.4249586776859504
2021,oberon,training_mean,-7.62,-2.73,-0.4249586776859504
2021,orange,training_mean,6.52,7.47,-0.4249586776859504
2021,parkes,training_mean,8.67,4.78,-0.4249586776859504
2021,parramatta,training_mean,1.78,1.21,-0.4249586776859504
2021,penrith,training_mean,-1.3,-0.24,-0.4249586776859504
2021,portmacquariehastings,training_mean,14.47,3.45,-0.4249586776859504
2021,portstephens,training_mean,3.21,-1.76,-0.4249586776859504
2021,queanbeyanpalerang,training_mean,-1.74,3.14,-0.4249586776859504
2021,randwick,training_mean,5.57,4.16,-0.4249586776859504
2021,richmondvalley,training_mean,-2.8,-1.62,-0.4249586776859504
2021,ryde,training_mean,4.36,5.23,-0.4249586776859504
2021,shellharbour,training_mean,16.64,13.8,-0.4249586776859504
2021,shoalhaven,training_mean,-4.72,-7.62,-0.4249586776859504
2021,singleton,training_mean,-0.69,5.99,-0.4249586776859504
2021,snowymonaro,training_mean,-0.34,-7.2,-0.4249586776859504
2021,snowyvalleys,training_mean,-3.88,-11.11,-0.4249586776859504
2021,strathfield,training_mean,-8.02,-0.55,-0.4249586776859504
2021,sutherland,training_mean,2.44,3.58,-0.4249586776859504
2021,sydney,training_mean,-4.84,0.49,-0.4249586776859504
2021,tamworth,training_mean,0.37,3.13,-0.4249586776859504
2021,temora,training_mean,4.38,1.47,-0.4249586776859504
2021,tenterfield,training_mean,12.76,1.14,-0.4249586776859504
2021,tweed,training_mean,5.3,6.89,-0.4249586776859504
2021,upperhunter,training_mean,-20.21,-9.5,-0.4249586776859504
2021,upperlachlan,training_mean,-4.58,1.57,-0.4249586776859504
2021,uralla,training_mean,-3.0,-2.4,-0.4249586776859504
2021,waggawagga,training_mean,-4.67,-4.98,-0.4249586776859504
2021,walcha,training_mean,1.69,1.33,-0.4249586776859504
2021,walgett,training_mean,0.0,-0.58,-0.4249586776859504
2021,warren,training_mean,27.11,22.46,-0.4249586776859504
2021,warrumbungle,training_mean,6.11,-5.59,-0.4249586776859504
2021,waverley,training_mean,-2.58,-8.34,-0.4249586776859504
2021,weddin,training_mean,-7.05,-4.11,-0.4249586776859504
2021,wentworth,training_mean,8.66,-2.25,-0.4249586776859504
2021,willoughby,training_mean,-2.42,3.18,-0.4249586776859504
2021,wingecarribee,training_mean,-1.82,7.03,-0.4249586776859504
2021,wollondilly,training_mean,-8.95,-12.7,-0.4249586776859504
2021,wollongong,training_mean,4.89,-1.62,-0.4249586776859504
2021,woollahra,training_mean,-4.58,-8.12,-0.4249586776859504
2021,yassvalley,training_mean,3.76,12.08,-0.4249586776859504
2021,albury,persistence,-2.11,3.05,3.05
2021,ballina,persistence,0.48,3.39,3.39
2021,balranald,persistence,11.99,-2.65,-2.65
2021,bathurst,persistence,-20.8,-21.84,-21.84
2021,bayside,persistence,5.62,2.33,2.33
2021,begavalley,persistence,11.77,2.13,2.13
2021,bellingen,persistence,8.77,-2.8,-2.8
2021,berrigan,persistence,-2.0,5.6,5.6
2021,blacktown,persistence,-2.94,-4.61,-4.61
2021,bland,persistence,17.02,13.95,13.95
2021,blayney,persistence,-0.86,-5.0,-5.0
2021,bluemountains,persistence,5.15,-3.59,-3.59
2021,bogan,persistence,7.79,-3.81,-3.81
2021,bourke,persistence,0.14,1.77,1.77
2021,brewarrina,persistence,6.74,28.4,28.4
2021,brokenhill,persistence,1.77,-20.38,-20.38
2021,burwood,persistence,-7.22,-9.5,-9.5
2021,byron,persistence,-5.41,-7.09,-7.09
2021,cabonne,persistence,-10.44,-0.52,-0.52
2021,camden,persistence,-9.66,-14.31,-14.31
2021,campbelltown,persistence,6.09,0.52,0.52
2021,canadabay,persistence,0.34,1.1,1.1
2021,canterburybankstown,persistence,-0.81,-2.83,-2.83
2021,carrathool,persistence,23.98,13.52,13.52
2021,centralcoast,persistence,7.73,-15.9,-15.9
2021,centraldarling,persistence,7.01,12.81,12.81
2021,cessnock,persistence,3.42,2.43,2.43
2021,clarencevalley,persistence,0.15,-1.43,-1.43
2021,coffsharbour,persistence,2.52,-0.09,-0.09
2021,coolamon,persistence,8.53,3.63,3.63
2021,coonamble,persistence,13.33,-12.2,-12.2
2021,cootamundragundagai,persistence,-4.98,-19.5,-19.5
2021,cowra,persistence,6.5,3.01,3.01
2021,cumberland,persistence,3.18,1.36,1.36
2021,dubbo,persistence,-0.86,-4.38,-4.38
2021,dungog,persistence,-23.44,-13.55,-13.55
2021,edwardriver,persistence,10.97,4.29,4.29
2021,eurobodalla,persistence,6.14,8.51,8.51
2021,fairfield,persistence,7.26,3.22,3.22
2021,federation,persistence,-0.03,-10.35,-10.35
2021,forbes,persistence,-9.85,-6.67,-6.67
2021,georgesriver,persistence,-1.8,-8.19,-8.19
2021,gilgandra,persistence,6.18,7.22,7.22
2021,gleninnessevern,persistence,1.23,-1.97,-1.97
2021,goulburnmulwaree,persistence,6.16,7.93,7.93
2021,greaterhume,persistence,-0.41,-10.51,-10.51
2021,griffith,persistence,5.35,4.96,4.96
2021,gunnedah,persistence,9.1,10.59,10.59
2021,gwydir,persistence,-15.15,-4.11,-4.11
2021,hawkesbury,persistence,10.52,1.21,1.21
2021,hay,persistence,12.89,-7.92,-7.92
2021,hills,persistence,7.07,11.92,11.92
2021,hilltops,persistence,5.24,-21.4,-21.4
2021,hornsby,persistence,-1.89,5.32,5.32
2021,huntershill,persistence,-12.99,3.42,3.42
2021,innerwest,persistence,-3.4,0.38,0.38
2021,junee,persistence,9.3,4.01,4.01
2021,kempsey,persistence,1.08,-6.64,-6.64
2021,kiama,persistence,-13.7,-13.32,-13.32
2021,kuringgai,persistence,4.9,4.59,4.59
2021,kyogle,persistence,28.9,11.88,11.88
2021,lakemacquarie,persistence,1.96,-2.5,-2.5
2021,lanecove,persistence,4.76,1.81,1.81
2021,leeton,persistence,0.12,8.27,8.27
2021,lismore,persistence,0.88,2.63,2.63
2021,lithgow,persistence,4.91,-5.01,-5.01
2021,liverpool,persistence,-1.93,-2.42,-2.42
2021,liverpoolplains,persistence,-19.42,-35.28,-35.28
2021,lockhart,persistence,2.64,8.37,8.37
2021,maitland,persistence,3.2,7.14,7.14
2021,midcoast,persistence,4.2,-2.83,-2.83
2021,midwestern,persistence,10.19,15.54,15.54
2021,moreeplains,persistence,-6.37,-0.02,-0.02
2021,mosman,persistence,4.19,0.57,0.57
2021,murrayriver,persistence,-31.18,-14.23,-14.23
2021,murrumbidgee,persistence,1.63,-9.13,-9.13
2021,muswellbrook,persistence,8.34,12.38,12.38
2021,nambuccavalley,persistence,0.74,2.38,2.38
2021,narrabri,persistence,4.7,-4.54,-4.54
2021,narrandera,persistence,0.28,8.62,8.62
2021,narromine,persistence,-6.42,2.28,2.28
2021,newcastle,persistence,-0.64,2.4,2.4
2021,northernbeaches,persistence,4.53,-4.97,-4.97
2021,northsydney,persistence,4.15,-6.76,-6.76
2021,oberon,persistence,-7.62,-2.73,-2.73
2021,orange,persistence,6.52,7.47,7.47
2021,parkes,persistence,8.67,4.78,4.78
2021,parramatta,persistence,1.78,1.21,1.21
2021,penrith,persistence,-1.3,-0.24,-0.24
2021,portmacquariehastings,persistence,14.47,3.45,3.45
2021,portstephens,persistence,3.21,-1.76,-1.76
2021,queanbeyanpalerang,persistence,-1.74,3.14,3.14
2021,randwick,persistence,5.57,4.16,4.16
2021,richmondvalley,persistence,-2.8,-1.62,-1.62
2021,ryde,persistence,4.36,5.23,5.23
2021,shellharbour,persistence,16.64,13.8,13.8
2021,shoalhaven,persistence,-4.72,-7.62,-7.62
2021,singleton,persistence,-0.69,5.99,5.99
2021,snowymonaro,persistence,-0.34,-7.2,-7.2
2021,snowyvalleys,persistence,-3.88,-11.11,-11.11
2021,strathfield,persistence,-8.02,-0.55,-0.55
2021,sutherland,persistence,2.44,3.58,3.58
2021,sydney,persistence,-4.84,0.49,0.49
2021,tamworth,persistence,0.37,3.13,3.13
2021,temora,persistence,4.38,1.47,1.47
2021,tenterfield,persistence,12.76,1.14,1.14
2021,tweed,persistence,5.3,6.89,6.89
2021,upperhunter,persistence,-20.21,-9.5,-9.5
2021,upperlachlan,persistence,-4.58,1.57,1.57
2021,uralla,persistence,-3.0,-2.4,-2.4
2021,waggawagga,persistence,-4.67,-4.98,-4.98
2021,walcha,persistence,1.69,1.33,1.33
2021,walgett,persistence,0.0,-0.58,-0.58
2021,warren,persistence,27.11,22.46,22.46
2021,warrumbungle,persistence,6.11,-5.59,-5.59
2021,waverley,persistence,-2.58,-8.34,-8.34
2021,weddin,persistence,-7.05,-4.11,-4.11
2021,wentworth,persistence,8.66,-2.25,-2.25
2021,willoughby,persistence,-2.42,3.18,3.18
2021,wingecarribee,persistence,-1.82,7.03,7.03
2021,wollondilly,persistence,-8.95,-12.7,-12.7
2021,wollongong,persistence,4.89,-1.62,-1.62
2021,woollahra,persistence,-4.58,-8.12,-8.12
2021,yassvalley,persistence,3.76,12.08,12.08
2021,albury,mean_change,-2.11,3.05,-0.25479338842975263
2021,ballina,mean_change,0.48,3.39,0.08520661157024767
2021,balranald,mean_change,11.99,-2.65,-5.954793388429753
2021,bathurst,mean_change,-20.8,-21.84,-25.144793388429754
2021,bayside,mean_change,5.62,2.33,-0.9747933884297524
2021,begavalley,mean_change,11.77,2.13,-1.1747933884297526
2021,bellingen,mean_change,8.77,-2.8,-6.104793388429752
2021,berrigan,mean_change,-2.0,5.6,2.295206611570247
2021,blacktown,mean_change,-2.94,-4.61,-7.914793388429753
2021,bland,mean_change,17.02,13.95,10.645206611570247
2021,blayney,mean_change,-0.86,-5.0,-8.304793388429752
2021,bluemountains,mean_change,5.15,-3.59,-6.894793388429752
2021,bogan,mean_change,7.79,-3.81,-7.114793388429753
2021,bourke,mean_change,0.14,1.77,-1.5347933884297524
2021,brewarrina,mean_change,6.74,28.4,25.095206611570248
2021,brokenhill,mean_change,1.77,-20.38,-23.684793388429753
2021,burwood,mean_change,-7.22,-9.5,-12.804793388429752
2021,byron,mean_change,-5.41,-7.09,-10.394793388429752
2021,cabonne,mean_change,-10.44,-0.52,-3.8247933884297525
2021,camden,mean_change,-9.66,-14.31,-17.614793388429753
2021,campbelltown,mean_change,6.09,0.52,-2.7847933884297524
2021,canadabay,mean_change,0.34,1.1,-2.2047933884297524
2021,canterburybankstown,mean_change,-0.81,-2.83,-6.1347933884297525
2021,carrathool,mean_change,23.98,13.52,10.215206611570247
2021,centralcoast,mean_change,7.73,-15.9,-19.204793388429753
2021,centraldarling,mean_change,7.01,12.81,9.505206611570248
2021,cessnock,mean_change,3.42,2.43,-0.8747933884297523
2021,clarencevalley,mean_change,0.15,-1.43,-4.734793388429752
2021,coffsharbour,mean_change,2.52,-0.09,-3.3947933884297523
2021,coolamon,mean_change,8.53,3.63,0.32520661157024744
2021,coonamble,mean_change,13.33,-12.2,-15.504793388429752
2021,cootamundragundagai,mean_change,-4.98,-19.5,-22.80479338842975
2021,cowra,mean_change,6.5,3.01,-0.29479338842975267
2021,cumberland,mean_change,3.18,1.36,-1.9447933884297524
2021,dubbo,mean_change,-0.86,-4.38,-7.684793388429752
2021,dungog,mean_change,-23.44,-13.55,-16.854793388429755
2021,edwardriver,mean_change,10.97,4.29,0.9852066115702476
2021,eurobodalla,mean_change,6.14,8.51,5.205206611570247
2021,fairfield,mean_change,7.26,3.22,-0.08479338842975226
2021,federation,mean_change,-0.03,-10.35,-13.654793388429752
2021,forbes,mean_change,-9.85,-6.67,-9.974793388429752
2021,georgesriver,mean_change,-1.8,-8.19,-11.494793388429752
2021,gilgandra,mean_change,6.18,7.22,3.9152066115702473
2021,gleninnessevern,mean_change,1.23,-1.97,-5.274793388429752
2021,goulburnmulwaree,mean_change,6.16,7.93,4.625206611570247
2021,greaterhume,mean_change,-0.41,-10.51,-13.814793388429752
2021,griffith,mean_change,5.35,4.96,1.6552066115702475
2021,gunnedah,mean_change,9.1,10.59,7.285206611570247
2021,gwydir,mean_change,-15.15,-4.11,-7.414793388429753
2021,hawkesbury,mean_change,10.52,1.21,-2.0947933884297525
2021,hay,mean_change,12.89,-7.92,-11.224793388429752
2021,hills,mean_change,7.07,11.92,8.615206611570247
2021,hilltops,mean_change,5.24,-21.4,-24.70479338842975
2021,hornsby,mean_change,-1.89,5.32,2.015206611570248
2021,huntershill,mean_change,-12.99,3.42,0.11520661157024747
2021,innerwest,mean_change,-3.4,0.38,-2.9247933884297526
2021,junee,mean_change,9.3,4.01,0.7052066115702473
2021,kempsey,mean_change,1.08,-6.64,-9.944793388429751
2021,kiama,mean_change,-13.7,-13.32,-16.62479338842975
2021,kuringgai,mean_change,4.9,4.59,1.2852066115702474
2021,kyogle,mean_change,28.9,11.88,8.575206611570248
2021,lakemacquarie,mean_change,1.96,-2.5,-5.8047933884297525
2021,lanecove,mean_change,4.76,1.81,-1.4947933884297524
2021,leeton,mean_change,0.12,8.27,4.965206611570247
2021,lismore,mean_change,0.88,2.63,-0.6747933884297526
2021,lithgow,mean_change,4.91,-5.01,-8.314793388429752
2021,liverpool,mean_change,-1.93,-2.42,-5.724793388429752
2021,liverpoolplains,mean_change,-19.42,-35.28,-38.58479338842975
2021,lockhart,mean_change,2.64,8.37,5.065206611570247
2021,maitland,mean_change,3.2,7.14,3.8352066115702472
2021,midcoast,mean_change,4.2,-2.83,-6.1347933884297525
2021,midwestern,mean_change,10.19,15.54,12.235206611570247
2021,moreeplains,mean_change,-6.37,-0.02,-3.3247933884297525
2021,mosman,mean_change,4.19,0.57,-2.7347933884297526
2021,murrayriver,mean_change,-31.18,-14.23,-17.534793388429755
2021,murrumbidgee,mean_change,1.63,-9.13,-12.434793388429753
2021,muswellbrook,mean_change,8.34,12.38,9.075206611570248
2021,nambuccavalley,mean_change,0.74,2.38,-0.9247933884297526
2021,narrabri,mean_change,4.7,-4.54,-7.8447933884297525
2021,narrandera,mean_change,0.28,8.62,5.315206611570247
2021,narromine,mean_change,-6.42,2.28,-1.0247933884297526
2021,newcastle,mean_change,-0.64,2.4,-0.9047933884297525
2021,northernbeaches,mean_change,4.53,-4.97,-8.274793388429753
2021,northsydney,mean_change,4.15,-6.76,-10.064793388429752
2021,oberon,mean_change,-7.62,-2.73,-6.034793388429753
2021,orange,mean_change,6.52,7.47,4.165206611570247
2021,parkes,mean_change,8.67,4.78,1.4752066115702478
2021,parramatta,mean_change,1.78,1.21,-2.0947933884297525
2021,penrith,mean_change,-1.3,-0.24,-3.5447933884297527
2021,portmacquariehastings,mean_change,14.47,3.45,0.14520661157024772
2021,portstephens,mean_change,3.21,-1.76,-5.064793388429752
2021,queanbeyanpalerang,mean_change,-1.74,3.14,-0.16479338842975233
2021,randwick,mean_change,5.57,4.16,0.8552066115702477
2021,richmondvalley,mean_change,-2.8,-1.62,-4.924793388429753
2021,ryde,mean_change,4.36,5.23,1.925206611570248
2021,shellharbour,mean_change,16.64,13.8,10.495206611570248
2021,shoalhaven,mean_change,-4.72,-7.62,-10.924793388429752
2021,singleton,mean_change,-0.69,5.99,2.6852066115702478
2021,snowymonaro,mean_change,-0.34,-7.2,-10.504793388429754
2021,snowyvalleys,mean_change,-3.88,-11.11,-14.414793388429752
2021,strathfield,mean_change,-8.02,-0.55,-3.8547933884297523
2021,sutherland,mean_change,2.44,3.58,0.2752066115702476
2021,sydney,mean_change,-4.84,0.49,-2.8147933884297522
2021,tamworth,mean_change,0.37,3.13,-0.17479338842975256
2021,temora,mean_change,4.38,1.47,-1.8347933884297525
2021,tenterfield,mean_change,12.76,1.14,-2.1647933884297528
2021,tweed,mean_change,5.3,6.89,3.5852066115702472
2021,upperhunter,mean_change,-20.21,-9.5,-12.804793388429752
2021,upperlachlan,mean_change,-4.58,1.57,-1.7347933884297524
2021,uralla,mean_change,-3.0,-2.4,-5.704793388429753
2021,waggawagga,mean_change,-4.67,-4.98,-8.284793388429753
2021,walcha,mean_change,1.69,1.33,-1.9747933884297524
2021,walgett,mean_change,0.0,-0.58,-3.8847933884297525
2021,warren,mean_change,27.11,22.46,19.15520661157025
2021,warrumbungle,mean_change,6.11,-5.59,-8.894793388429752
2021,waverley,mean_change,-2.58,-8.34,-11.644793388429752
2021,weddin,mean_change,-7.05,-4.11,-7.414793388429753
2021,wentworth,mean_change,8.66,-2.25,-5.5547933884297525
2021,willoughby,mean_change,-2.42,3.18,-0.1247933884297523
2021,wingecarribee,mean_change,-1.82,7.03,3.725206611570248
2021,wollondilly,mean_change,-8.95,-12.7,-16.004793388429754
2021,wollongong,mean_change,4.89,-1.62,-4.924793388429753
2021,woollahra,mean_change,-4.58,-8.12,-11.424793388429752
2021,yassvalley,mean_change,3.76,12.08,8.775206611570248
2021,albury,tree_fiscal_only,-2.11,3.05,-0.9272340425531914
2021,ballina,tree_fiscal_only,0.48,3.39,-0.9272340425531914
2021,balranald,tree_fiscal_only,11.99,-2.65,-7.816666666666667
2021,bathurst,tree_fiscal_only,-20.8,-21.84,-7.816666666666667
2021,bayside,tree_fiscal_only,5.62,2.33,-0.9272340425531914
2021,begavalley,tree_fiscal_only,11.77,2.13,-0.9272340425531914
2021,bellingen,tree_fiscal_only,8.77,-2.8,-7.816666666666667
2021,berrigan,tree_fiscal_only,-2.0,5.6,-0.9272340425531914
2021,blacktown,tree_fiscal_only,-2.94,-4.61,-7.816666666666667
2021,bland,tree_fiscal_only,17.02,13.95,6.330740740740742
2021,blayney,tree_fiscal_only,-0.86,-5.0,-7.816666666666667
2021,bluemountains,tree_fiscal_only,5.15,-3.59,-7.816666666666667
2021,bogan,tree_fiscal_only,7.79,-3.81,-7.816666666666667
2021,bourke,tree_fiscal_only,0.14,1.77,-0.9272340425531914
2021,brewarrina,tree_fiscal_only,6.74,28.4,6.330740740740742
2021,brokenhill,tree_fiscal_only,1.77,-20.38,-7.816666666666667
2021,burwood,tree_fiscal_only,-7.22,-9.5,-7.816666666666667
2021,byron,tree_fiscal_only,-5.41,-7.09,-7.816666666666667
2021,cabonne,tree_fiscal_only,-10.44,-0.52,-0.9272340425531914
2021,camden,tree_fiscal_only,-9.66,-14.31,-7.816666666666667
2021,campbelltown,tree_fiscal_only,6.09,0.52,-0.9272340425531914
2021,canadabay,tree_fiscal_only,0.34,1.1,-0.9272340425531914
2021,canterburybankstown,tree_fiscal_only,-0.81,-2.83,-7.816666666666667
2021,carrathool,tree_fiscal_only,23.98,13.52,6.330740740740742
2021,centralcoast,tree_fiscal_only,7.73,-15.9,-7.816666666666667
2021,centraldarling,tree_fiscal_only,7.01,12.81,6.330740740740742
2021,cessnock,tree_fiscal_only,3.42,2.43,-0.9272340425531914
2021,clarencevalley,tree_fiscal_only,0.15,-1.43,-7.816666666666667
2021,coffsharbour,tree_fiscal_only,2.52,-0.09,-0.9272340425531914
2021,coolamon,tree_fiscal_only,8.53,3.63,1.6139999999999994
2021,coonamble,tree_fiscal_only,13.33,-12.2,-7.816666666666667
2021,cootamundragundagai,tree_fiscal_only,-4.98,-19.5,-7.816666666666667
2021,cowra,tree_fiscal_only,6.5,3.01,-0.9272340425531914
2021,cumberland,tree_fiscal_only,3.18,1.36,-0.9272340425531914
2021,dubbo,tree_fiscal_only,-0.86,-4.38,-7.816666666666667
2021,dungog,tree_fiscal_only,-23.44,-13.55,-7.816666666666667
2021,edwardriver,tree_fiscal_only,10.97,4.29,1.6139999999999994
2021,eurobodalla,tree_fiscal_only,6.14,8.51,6.330740740740742
2021,fairfield,tree_fiscal_only,7.26,3.22,1.6139999999999994
2021,federation,tree_fiscal_only,-0.03,-10.35,-7.816666666666667
2021,forbes,tree_fiscal_only,-9.85,-6.67,-7.816666666666667
2021,georgesriver,tree_fiscal_only,-1.8,-8.19,-7.816666666666667
2021,gilgandra,tree_fiscal_only,6.18,7.22,-0.9272340425531914
2021,gleninnessevern,tree_fiscal_only,1.23,-1.97,-7.816666666666667
2021,goulburnmulwaree,tree_fiscal_only,6.16,7.93,1.6139999999999994
2021,greaterhume,tree_fiscal_only,-0.41,-10.51,-7.816666666666667
2021,griffith,tree_fiscal_only,5.35,4.96,-0.9272340425531914
2021,gunnedah,tree_fiscal_only,9.1,10.59,6.330740740740742
2021,gwydir,tree_fiscal_only,-15.15,-4.11,-7.816666666666667
2021,hawkesbury,tree_fiscal_only,10.52,1.21,-0.9272340425531914
2021,hay,tree_fiscal_only,12.89,-7.92,-7.816666666666667
2021,hills,tree_fiscal_only,7.07,11.92,6.330740740740742
2021,hilltops,tree_fiscal_only,5.24,-21.4,-7.816666666666667
2021,hornsby,tree_fiscal_only,-1.89,5.32,-0.9272340425531914
2021,huntershill,tree_fiscal_only,-12.99,3.42,1.6139999999999994
2021,innerwest,tree_fiscal_only,-3.4,0.38,-0.9272340425531914
2021,junee,tree_fiscal_only,9.3,4.01,1.6139999999999994
2021,kempsey,tree_fiscal_only,1.08,-6.64,-7.816666666666667
2021,kiama,tree_fiscal_only,-13.7,-13.32,-7.816666666666667
2021,kuringgai,tree_fiscal_only,4.9,4.59,1.6139999999999994
2021,kyogle,tree_fiscal_only,28.9,11.88,6.330740740740742
2021,lakemacquarie,tree_fiscal_only,1.96,-2.5,-7.816666666666667
2021,lanecove,tree_fiscal_only,4.76,1.81,1.6139999999999994
2021,leeton,tree_fiscal_only,0.12,8.27,-0.9272340425531914
2021,lismore,tree_fiscal_only,0.88,2.63,-0.9272340425531914
2021,lithgow,tree_fiscal_only,4.91,-5.01,-7.816666666666667
2021,liverpool,tree_fiscal_only,-1.93,-2.42,-7.816666666666667
2021,liverpoolplains,tree_fiscal_only,-19.42,-35.28,-7.816666666666667
2021,lockhart,tree_fiscal_only,2.64,8.37,-0.9272340425531914
2021,maitland,tree_fiscal_only,3.2,7.14,1.6139999999999994
2021,midcoast,tree_fiscal_only,4.2,-2.83,-7.816666666666667
2021,midwestern,tree_fiscal_only,10.19,15.54,6.330740740740742
2021,moreeplains,tree_fiscal_only,-6.37,-0.02,-0.9272340425531914
2021,mosman,tree_fiscal_only,4.19,0.57,1.6139999999999994
2021,murrayriver,tree_fiscal_only,-31.18,-14.23,-7.816666666666667
2021,murrumbidgee,tree_fiscal_only,1.63,-9.13,-7.816666666666667
2021,muswellbrook,tree_fiscal_only,8.34,12.38,6.330740740740742
2021,nambuccavalley,tree_fiscal_only,0.74,2.38,-0.9272340425531914
2021,narrabri,tree_fiscal_only,4.7,-4.54,-7.816666666666667
2021,narrandera,tree_fiscal_only,0.28,8.62,6.330740740740742
2021,narromine,tree_fiscal_only,-6.42,2.28,-0.9272340425531914
2021,newcastle,tree_fiscal_only,-0.64,2.4,1.6139999999999994
2021,northernbeaches,tree_fiscal_only,4.53,-4.97,-7.816666666666667
2021,northsydney,tree_fiscal_only,4.15,-6.76,-7.816666666666667
2021,oberon,tree_fiscal_only,-7.62,-2.73,-7.816666666666667
2021,orange,tree_fiscal_only,6.52,7.47,-0.9272340425531914
2021,parkes,tree_fiscal_only,8.67,4.78,-0.9272340425531914
2021,parramatta,tree_fiscal_only,1.78,1.21,-0.9272340425531914
2021,penrith,tree_fiscal_only,-1.3,-0.24,-0.9272340425531914
2021,portmacquariehastings,tree_fiscal_only,14.47,3.45,-0.9272340425531914
2021,portstephens,tree_fiscal_only,3.21,-1.76,-7.816666666666667
2021,queanbeyanpalerang,tree_fiscal_only,-1.74,3.14,1.6139999999999994
2021,randwick,tree_fiscal_only,5.57,4.16,1.6139999999999994
2021,richmondvalley,tree_fiscal_only,-2.8,-1.62,-7.816666666666667
2021,ryde,tree_fiscal_only,4.36,5.23,-0.9272340425531914
2021,shellharbour,tree_fiscal_only,16.64,13.8,6.330740740740742
2021,shoalhaven,tree_fiscal_only,-4.72,-7.62,-7.816666666666667
2021,singleton,tree_fiscal_only,-0.69,5.99,-0.9272340425531914
2021,snowymonaro,tree_fiscal_only,-0.34,-7.2,-7.816666666666667
2021,snowyvalleys,tree_fiscal_only,-3.88,-11.11,-7.816666666666667
2021,strathfield,tree_fiscal_only,-8.02,-0.55,-0.9272340425531914
2021,sutherland,tree_fiscal_only,2.44,3.58,-0.9272340425531914
2021,sydney,tree_fiscal_only,-4.84,0.49,-0.9272340425531914
2021,tamworth,tree_fiscal_only,0.37,3.13,-0.9272340425531914
2021,temora,tree_fiscal_only,4.38,1.47,-0.9272340425531914
2021,tenterfield,tree_fiscal_only,12.76,1.14,-0.9272340425531914
2021,tweed,tree_fiscal_only,5.3,6.89,1.6139999999999994
2021,upperhunter,tree_fiscal_only,-20.21,-9.5,-7.816666666666667
2021,upperlachlan,tree_fiscal_only,-4.58,1.57,1.6139999999999994
2021,uralla,tree_fiscal_only,-3.0,-2.4,-7.816666666666667
2021,waggawagga,tree_fiscal_only,-4.67,-4.98,-7.816666666666667
2021,walcha,tree_fiscal_only,1.69,1.33,-0.9272340425531914
2021,walgett,tree_fiscal_only,0.0,-0.58,1.6139999999999994
2021,warren,tree_fiscal_only,27.11,22.46,6.330740740740742
2021,warrumbungle,tree_fiscal_only,6.11,-5.59,-7.816666666666667
2021,waverley,tree_fiscal_only,-2.58,-8.34,-7.816666666666667
2021,weddin,tree_fiscal_only,-7.05,-4.11,-7.816666666666667
2021,wentworth,tree_fiscal_only,8.66,-2.25,-7.816666666666667
2021,willoughby,tree_fiscal_only,-2.42,3.18,-0.9272340425531914
2021,wingecarribee,tree_fiscal_only,-1.82,7.03,-0.9272340425531914
2021,wollondilly,tree_fiscal_only,-8.95,-12.7,-7.816666666666667
2021,wollongong,tree_fiscal_only,4.89,-1.62,-7.816666666666667
2021,woollahra,tree_fiscal_only,-4.58,-8.12,-7.816666666666667
2021,yassvalley,tree_fiscal_only,3.76,12.08,6.330740740740742
2021,albury,tree_level,-2.11,3.05,-0.9272340425531912
2021,ballina,tree_level,0.48,3.39,-0.9272340425531912
2021,balranald,tree_level,11.99,-2.65,-7.816666666666667
2021,bathurst,tree_level,-20.8,-21.84,-7.816666666666667
2021,bayside,tree_level,5.62,2.33,-0.9272340425531912
2021,begavalley,tree_level,11.77,2.13,-0.9272340425531912
2021,bellingen,tree_level,8.77,-2.8,-7.816666666666667
2021,berrigan,tree_level,-2.0,5.6,-0.9272340425531912
2021,blacktown,tree_level,-2.94,-4.61,-7.816666666666667
2021,bland,tree_level,17.02,13.95,6.330740740740739
2021,blayney,tree_level,-0.86,-5.0,-7.816666666666667
2021,bluemountains,tree_level,5.15,-3.59,-7.816666666666667
2021,bogan,tree_level,7.79,-3.81,-7.816666666666667
2021,bourke,tree_level,0.14,1.77,-0.9272340425531912
2021,brewarrina,tree_level,6.74,28.4,6.330740740740739
2021,brokenhill,tree_level,1.77,-20.38,-7.816666666666667
2021,burwood,tree_level,-7.22,-9.5,-7.816666666666667
2021,byron,tree_level,-5.41,-7.09,-7.816666666666667
2021,cabonne,tree_level,-10.44,-0.52,-0.9272340425531912
2021,camden,tree_level,-9.66,-14.31,-7.816666666666667
2021,campbelltown,tree_level,6.09,0.52,-0.9272340425531912
2021,canadabay,tree_level,0.34,1.1,-0.9272340425531912
2021,canterburybankstown,tree_level,-0.81,-2.83,-7.816666666666667
2021,carrathool,tree_level,23.98,13.52,6.330740740740739
2021,centralcoast,tree_level,7.73,-15.9,-7.816666666666667
2021,centraldarling,tree_level,7.01,12.81,6.330740740740739
2021,cessnock,tree_level,3.42,2.43,-0.9272340425531912
2021,clarencevalley,tree_level,0.15,-1.43,-7.816666666666667
2021,coffsharbour,tree_level,2.52,-0.09,-0.9272340425531912
2021,coolamon,tree_level,8.53,3.63,1.6140000000000003
2021,coonamble,tree_level,13.33,-12.2,-7.816666666666667
2021,cootamundragundagai,tree_level,-4.98,-19.5,-7.816666666666667
2021,cowra,tree_level,6.5,3.01,-0.9272340425531912
2021,cumberland,tree_level,3.18,1.36,-0.9272340425531912
2021,dubbo,tree_level,-0.86,-4.38,-7.816666666666667
2021,dungog,tree_level,-23.44,-13.55,-7.816666666666667
2021,edwardriver,tree_level,10.97,4.29,1.6140000000000003
2021,eurobodalla,tree_level,6.14,8.51,6.330740740740739
2021,fairfield,tree_level,7.26,3.22,1.6140000000000003
2021,federation,tree_level,-0.03,-10.35,-7.816666666666667
2021,forbes,tree_level,-9.85,-6.67,-7.816666666666667
2021,georgesriver,tree_level,-1.8,-8.19,-7.816666666666667
2021,gilgandra,tree_level,6.18,7.22,-0.9272340425531912
2021,gleninnessevern,tree_level,1.23,-1.97,-7.816666666666667
2021,goulburnmulwaree,tree_level,6.16,7.93,1.6140000000000003
2021,greaterhume,tree_level,-0.41,-10.51,-7.816666666666667
2021,griffith,tree_level,5.35,4.96,-0.9272340425531912
2021,gunnedah,tree_level,9.1,10.59,6.330740740740739
2021,gwydir,tree_level,-15.15,-4.11,-7.816666666666667
2021,hawkesbury,tree_level,10.52,1.21,-0.9272340425531912
2021,hay,tree_level,12.89,-7.92,-7.816666666666667
2021,hills,tree_level,7.07,11.92,6.330740740740739
2021,hilltops,tree_level,5.24,-21.4,-7.816666666666667
2021,hornsby,tree_level,-1.89,5.32,-0.9272340425531912
2021,huntershill,tree_level,-12.99,3.42,1.6140000000000003
2021,innerwest,tree_level,-3.4,0.38,-0.9272340425531912
2021,junee,tree_level,9.3,4.01,1.6140000000000003
2021,kempsey,tree_level,1.08,-6.64,-7.816666666666667
2021,kiama,tree_level,-13.7,-13.32,-7.816666666666667
2021,kuringgai,tree_level,4.9,4.59,1.6140000000000003
2021,kyogle,tree_level,28.9,11.88,6.330740740740739
2021,lakemacquarie,tree_level,1.96,-2.5,-7.816666666666667
2021,lanecove,tree_level,4.76,1.81,1.6140000000000003
2021,leeton,tree_level,0.12,8.27,-0.9272340425531912
2021,lismore,tree_level,0.88,2.63,-0.9272340425531912
2021,lithgow,tree_level,4.91,-5.01,-7.816666666666667
2021,liverpool,tree_level,-1.93,-2.42,-7.816666666666667
2021,liverpoolplains,tree_level,-19.42,-35.28,-7.816666666666667
2021,lockhart,tree_level,2.64,8.37,-0.9272340425531912
2021,maitland,tree_level,3.2,7.14,1.6140000000000003
2021,midcoast,tree_level,4.2,-2.83,-7.816666666666667
2021,midwestern,tree_level,10.19,15.54,6.330740740740739
2021,moreeplains,tree_level,-6.37,-0.02,-0.9272340425531912
2021,mosman,tree_level,4.19,0.57,1.6140000000000003
2021,murrayriver,tree_level,-31.18,-14.23,-7.816666666666667
2021,murrumbidgee,tree_level,1.63,-9.13,-7.816666666666667
2021,muswellbrook,tree_level,8.34,12.38,6.330740740740739
2021,nambuccavalley,tree_level,0.74,2.38,-0.9272340425531912
2021,narrabri,tree_level,4.7,-4.54,-7.816666666666667
2021,narrandera,tree_level,0.28,8.62,6.330740740740739
2021,narromine,tree_level,-6.42,2.28,-0.9272340425531912
2021,newcastle,tree_level,-0.64,2.4,1.6140000000000003
2021,northernbeaches,tree_level,4.53,-4.97,-7.816666666666667
2021,northsydney,tree_level,4.15,-6.76,-7.816666666666667
2021,oberon,tree_level,-7.62,-2.73,-7.816666666666667
2021,orange,tree_level,6.52,7.47,-0.9272340425531912
2021,parkes,tree_level,8.67,4.78,-0.9272340425531912
2021,parramatta,tree_level,1.78,1.21,-0.9272340425531912
2021,penrith,tree_level,-1.3,-0.24,-0.9272340425531912
2021,portmacquariehastings,tree_level,14.47,3.45,-0.9272340425531912
2021,portstephens,tree_level,3.21,-1.76,-7.816666666666667
2021,queanbeyanpalerang,tree_level,-1.74,3.14,1.6140000000000003
2021,randwick,tree_level,5.57,4.16,1.6140000000000003
2021,richmondvalley,tree_level,-2.8,-1.62,-7.816666666666667
2021,ryde,tree_level,4.36,5.23,-0.9272340425531912
2021,shellharbour,tree_level,16.64,13.8,6.330740740740739
2021,shoalhaven,tree_level,-4.72,-7.62,-7.816666666666667
2021,singleton,tree_level,-0.69,5.99,-0.9272340425531912
2021,snowymonaro,tree_level,-0.34,-7.2,-7.816666666666667
2021,snowyvalleys,tree_level,-3.88,-11.11,-7.816666666666667
2021,strathfield,tree_level,-8.02,-0.55,-0.9272340425531912
2021,sutherland,tree_level,2.44,3.58,-0.9272340425531912
2021,sydney,tree_level,-4.84,0.49,-0.9272340425531912
2021,tamworth,tree_level,0.37,3.13,-0.9272340425531912
2021,temora,tree_level,4.38,1.47,-0.9272340425531912
2021,tenterfield,tree_level,12.76,1.14,-0.9272340425531912
2021,tweed,tree_level,5.3,6.89,1.6140000000000003
2021,upperhunter,tree_level,-20.21,-9.5,-7.816666666666667
2021,upperlachlan,tree_level,-4.58,1.57,1.6140000000000003
2021,uralla,tree_level,-3.0,-2.4,-7.816666666666667
2021,waggawagga,tree_level,-4.67,-4.98,-7.816666666666667
2021,walcha,tree_level,1.69,1.33,-0.9272340425531912
2021,walgett,tree_level,0.0,-0.58,1.6140000000000003
2021,warren,tree_level,27.11,22.46,6.330740740740739
2021,warrumbungle,tree_level,6.11,-5.59,-7.816666666666667
2021,waverley,tree_level,-2.58,-8.34,-7.816666666666667
2021,weddin,tree_level,-7.05,-4.11,-7.816666666666667
2021,wentworth,tree_level,8.66,-2.25,-7.816666666666667
2021,willoughby,tree_level,-2.42,3.18,-0.9272340425531912
2021,wingecarribee,tree_level,-1.82,7.03,-0.9272340425531912
2021,wollondilly,tree_level,-8.95,-12.7,-7.816666666666667
2021,wollongong,tree_level,4.89,-1.62,-7.816666666666667
2021,woollahra,tree_level,-4.58,-8.12,-7.816666666666667
2021,yassvalley,tree_level,3.76,12.08,6.330740740740739
2021,albury,tree_change,-2.11,3.05,-2.6539473684210533
2021,ballina,tree_change,0.48,3.39,-2.313947368421053
2021,balranald,tree_change,11.99,-2.65,-2.8677272727272727
2021,bathurst,tree_change,-20.8,-21.84,-17.7245
2021,bayside,tree_change,5.62,2.33,-3.373947368421053
2021,begavalley,tree_change,11.77,2.13,0.872380952380952
2021,bellingen,tree_change,8.77,-2.8,-3.0177272727272726
2021,berrigan,tree_change,-2.0,5.6,4.342380952380951
2021,blacktown,tree_change,-2.94,-4.61,-0.49450000000000127
2021,bland,tree_change,17.02,13.95,2.2379999999999995
2021,blayney,tree_change,-0.86,-5.0,-0.884500000000001
2021,bluemountains,tree_change,5.15,-3.59,-3.8077272727272726
2021,bogan,tree_change,7.79,-3.81,0.305499999999999
2021,bourke,tree_change,0.14,1.77,-9.942
2021,brewarrina,tree_change,6.74,28.4,27.14238095238095
2021,brokenhill,tree_change,1.77,-20.38,-16.264499999999998
2021,burwood,tree_change,-7.22,-9.5,-5.384500000000001
2021,byron,tree_change,-5.41,-7.09,-2.974500000000001
2021,cabonne,tree_change,-10.44,-0.52,-0.7377272727272727
2021,camden,tree_change,-9.66,-14.31,-10.194500000000001
2021,campbelltown,tree_change,6.09,0.52,0.30227272727272736
2021,canadabay,tree_change,0.34,1.1,0.8822727272727274
2021,canterburybankstown,tree_change,-0.81,-2.83,-3.047727272727273
2021,carrathool,tree_change,23.98,13.52,1.8079999999999998
2021,centralcoast,tree_change,7.73,-15.9,-11.784500000000001
2021,centraldarling,tree_change,7.01,12.81,1.0980000000000008
2021,cessnock,tree_change,3.42,2.43,-3.273947368421053
2021,clarencevalley,tree_change,0.15,-1.43,-1.6477272727272727
2021,coffsharbour,tree_change,2.52,-0.09,-0.3077272727272727
2021,coolamon,tree_change,8.53,3.63,2.372380952380952
2021,coonamble,tree_change,13.33,-12.2,-8.0845
2021,cootamundragundagai,tree_change,-4.98,-19.5,-15.384500000000001
2021,cowra,tree_change,6.5,3.01,-2.6939473684210533
2021,cumberland,tree_change,3.18,1.36,1.1422727272727273
2021,dubbo,tree_change,-0.86,-4.38,-0.26450000000000085
2021,dungog,tree_change,-23.44,-13.55,-9.434500000000002
2021,edwardriver,tree_change,10.97,4.29,3.032380952380952
2021,eurobodalla,tree_change,6.14,8.51,2.8060526315789467
2021,fairfield,tree_change,7.26,3.22,-2.483947368421053
2021,federation,tree_change,-0.03,-10.35,-6.234500000000001
2021,forbes,tree_change,-9.85,-6.67,-2.554500000000001
2021,georgesriver,tree_change,-1.8,-8.19,-4.0745000000000005
2021,gilgandra,tree_change,6.18,7.22,1.5160526315789467
2021,gleninnessevern,tree_change,1.23,-1.97,-2.1877272727272725
2021,goulburnmulwaree,tree_change,6.16,7.93,6.672380952380951
2021,greaterhume,tree_change,-0.41,-10.51,-6.394500000000001
2021,griffith,tree_change,5.35,4.96,-0.7439473684210531
2021,gunnedah,tree_change,9.1,10.59,9.332380952380952
2021,gwydir,tree_change,-15.15,-4.11,0.005499999999998728
2021,hawkesbury,tree_change,10.52,1.21,0.9922727272727273
2021,hay,tree_change,12.89,-7.92,-3.804500000000001
2021,hills,tree_change,7.07,11.92,10.662380952380952
2021,hilltops,tree_change,5.24,-21.4,-17.2845
2021,hornsby,tree_change,-1.89,5.32,-0.3839473684210528
2021,huntershill,tree_change,-12.99,3.42,-2.283947368421053
2021,innerwest,tree_change,-3.4,0.38,0.16227272727272732
2021,junee,tree_change,9.3,4.01,2.752380952380952
2021,kempsey,tree_change,1.08,-6.64,-2.5245000000000006
2021,kiama,tree_change,-13.7,-13.32,-9.204500000000001
2021,kuringgai,tree_change,4.9,4.59,-1.1139473684210532
2021,kyogle,tree_change,28.9,11.88,10.622380952380952
2021,lakemacquarie,tree_change,1.96,-2.5,-2.7177272727272728
2021,lanecove,tree_change,4.76,1.81,-3.893947368421053
2021,leeton,tree_change,0.12,8.27,2.5660526315789465
2021,lismore,tree_change,0.88,2.63,-3.073947368421053
2021,lithgow,tree_change,4.91,-5.01,-0.8945000000000007
2021,liverpool,tree_change,-1.93,-2.42,-2.6377272727272727
2021,liverpoolplains,tree_change,-19.42,-35.28,-31.164500000000004
2021,lockhart,tree_change,2.64,8.37,7.112380952380951
2021,maitland,tree_change,3.2,7.14,5.882380952380952
2021,midcoast,tree_change,4.2,-2.83,-3.047727272727273
2021,midwestern,tree_change,10.19,15.54,3.8279999999999994
2021,moreeplains,tree_change,-6.37,-0.02,-0.23772727272727268
2021,mosman,tree_change,4.19,0.57,0.3522727272727273
2021,murrayriver,tree_change,-31.18,-14.23,-10.114500000000001
2021,murrumbidgee,tree_change,1.63,-9.13,-5.014500000000002
2021,muswellbrook,tree_change,8.34,12.38,6.676052631578948
2021,nambuccavalley,tree_change,0.74,2.38,1.122380952380952
2021,narrabri,tree_change,4.7,-4.54,-0.424500000000001
2021,narrandera,tree_change,0.28,8.62,7.362380952380951
2021,narromine,tree_change,-6.42,2.28,1.022380952380952
2021,newcastle,tree_change,-0.64,2.4,-3.303947368421053
2021,northernbeaches,tree_change,4.53,-4.97,-0.8545000000000007
2021,northsydney,tree_change,4.15,-6.76,-2.6445000000000007
2021,oberon,tree_change,-7.62,-2.73,-2.9477272727272728
2021,orange,tree_change,6.52,7.47,1.7660526315789467
2021,parkes,tree_change,8.67,4.78,-6.9319999999999995
2021,parramatta,tree_change,1.78,1.21,0.9922727272727273
2021,penrith,tree_change,-1.3,-0.24,-0.45772727272727265
2021,portmacquariehastings,tree_change,14.47,3.45,-2.253947368421053
2021,portstephens,tree_change,3.21,-1.76,-1.9777272727272728
2021,queanbeyanpalerang,tree_change,-1.74,3.14,-8.572
2021,randwick,tree_change,5.57,4.16,-1.543947368421053
2021,richmondvalley,tree_change,-2.8,-1.62,-1.8377272727272729
2021,ryde,tree_change,4.36,5.23,-0.4739473684210527
2021,shellharbour,tree_change,16.64,13.8,8.096052631578948
2021,shoalhaven,tree_change,-4.72,-7.62,-3.504500000000001
2021,singleton,tree_change,-0.69,5.99,0.2860526315789471
2021,snowymonaro,tree_change,-0.34,-7.2,-3.084500000000001
2021,snowyvalleys,tree_change,-3.88,-11.11,-6.9945
2021,strathfield,tree_change,-8.02,-0.55,-0.7677272727272727
2021,sutherland,tree_change,2.44,3.58,-2.123947368421053
2021,sydney,tree_change,-4.84,0.49,0.27227272727272733
2021,tamworth,tree_change,0.37,3.13,-8.582
2021,temora,tree_change,4.38,1.47,1.2522727272727272
2021,tenterfield,tree_change,12.76,1.14,0.9222727272727272
2021,tweed,tree_change,5.3,6.89,1.1860526315789466
2021,upperhunter,tree_change,-20.21,-9.5,-5.384500000000001
2021,upperlachlan,tree_change,-4.58,1.57,1.3522727272727273
2021,uralla,tree_change,-3.0,-2.4,-2.6177272727272727
2021,waggawagga,tree_change,-4.67,-4.98,-0.8645000000000014
2021,walcha,tree_change,1.69,1.33,1.1122727272727273
2021,walgett,tree_change,0.0,-0.58,-0.7977272727272726
2021,warren,tree_change,27.11,22.46,21.202380952380953
2021,warrumbungle,tree_change,6.11,-5.59,-1.4745000000000008
2021,waverley,tree_change,-2.58,-8.34,-4.224500000000001
2021,weddin,tree_change,-7.05,-4.11,0.005499999999998728
2021,wentworth,tree_change,8.66,-2.25,-2.4677272727272728
2021,willoughby,tree_change,-2.42,3.18,-2.523947368421053
2021,wingecarribee,tree_change,-1.82,7.03,1.3260526315789471
2021,wollondilly,tree_change,-8.95,-12.7,-8.5845
2021,wollongong,tree_change,4.89,-1.62,-1.8377272727272729
2021,woollahra,tree_change,-4.58,-8.12,-4.0045
2021,yassvalley,tree_change,3.76,12.08,10.822380952380952
2021,albury,ridge_level,-2.11,3.05,-1.2086046087790732
2021,ballina,ridge_level,0.48,3.39,-1.4827371119218031
2021,balranald,ridge_level,11.99,-2.65,-0.5415312500286975
2021,bathurst,ridge_level,-20.8,-21.84,-7.967908800505352
2021,bayside,ridge_level,5.62,2.33,-1.0750361592974413
2021,begavalley,ridge_level,11.77,2.13,-2.7905880823597
2021,bellingen,ridge_level,8.77,-2.8,-3.2837362276926867
2021,berrigan,ridge_level,-2.0,5.6,0.7556055423681207
2021,blacktown,ridge_level,-2.94,-4.61,-3.235532729755122
2021,bland,ridge_level,17.02,13.95,8.033608692822805
2021,blayney,ridge_level,-0.86,-5.0,-2.344466496884278
2021,bluemountains,ridge_level,5.15,-3.59,-3.8979823362824253
2021,bogan,ridge_level,7.79,-3.81,-2.019228272741529
2021,bourke,ridge_level,0.14,1.77,0.4071279524084762
2021,brewarrina,ridge_level,6.74,28.4,7.557481363678706
2021,brokenhill,ridge_level,1.77,-20.38,-7.748359440981654
2021,burwood,ridge_level,-7.22,-9.5,-3.454403146387579
2021,byron,ridge_level,-5.41,-7.09,-4.7242527125525715
2021,cabonne,ridge_level,-10.44,-0.52,-1.032973871535448
2021,camden,ridge_level,-9.66,-14.31,-5.423426678862823
2021,campbelltown,ridge_level,6.09,0.52,-2.192591607094251
2021,canadabay,ridge_level,0.34,1.1,-2.102693670163432
2021,canterburybankstown,ridge_level,-0.81,-2.83,-3.5543795616911025
2021,carrathool,ridge_level,23.98,13.52,4.349900362407242
2021,centralcoast,ridge_level,7.73,-15.9,-8.402823824458334
2021,centraldarling,ridge_level,7.01,12.81,1.940749619902248
2021,cessnock,ridge_level,3.42,2.43,-1.2304453090483545
2021,clarencevalley,ridge_level,0.15,-1.43,-2.879524601691266
2021,coffsharbour,ridge_level,2.52,-0.09,-1.6229634291758988
2021,coolamon,ridge_level,8.53,3.63,2.1340993911419233
2021,coonamble,ridge_level,13.33,-12.2,-3.1913286958254377
2021,cootamundragundagai,ridge_level,-4.98,-19.5,-7.058484372908845
2021,cowra,ridge_level,6.5,3.01,-0.5918984155918598
2021,cumberland,ridge_level,3.18,1.36,-2.225430946792483
2021,dubbo,ridge_level,-0.86,-4.38,-2.6863450365010255
2021,dungog,ridge_level,-23.44,-13.55,-4.865165608894818
2021,edwardriver,ridge_level,10.97,4.29,0.49955860556389087
2021,eurobodalla,ridge_level,6.14,8.51,-0.6896691133014643
2021,fairfield,ridge_level,7.26,3.22,-1.5651652658219128
2021,federation,ridge_level,-0.03,-10.35,-4.478855169622758
2021,forbes,ridge_level,-9.85,-6.67,-4.129407100274818
2021,georgesriver,ridge_level,-1.8,-8.19,-4.790878186296895
2021,gilgandra,ridge_level,6.18,7.22,0.22711041817393607
2021,gleninnessevern,ridge_level,1.23,-1.97,-2.917724816080617
2021,goulburnmulwaree,ridge_level,6.16,7.93,0.994975919884088
2021,greaterhume,ridge_level,-0.41,-10.51,-4.023543324377009
2021,griffith,ridge_level,5.35,4.96,-0.4494402500187749
2021,gunnedah,ridge_level,9.1,10.59,1.4483622535305474
2021,gwydir,ridge_level,-15.15,-4.11,-3.5540440275941956
2021,hawkesbury,ridge_level,10.52,1.21,-1.7489074318162394
2021,hay,ridge_level,12.89,-7.92,-2.867469253189618
2021,hills,ridge_level,7.07,11.92,5.144280029470913
2021,hilltops,ridge_level,5.24,-21.4,-8.171926653243373
2021,hornsby,ridge_level,-1.89,5.32,-0.351062205541122
2021,huntershill,ridge_level,-12.99,3.42,-0.8832912232435667
2021,innerwest,ridge_level,-3.4,0.38,-1.7634377657930298
2021,junee,ridge_level,9.3,4.01,6.497758057987205
2021,kempsey,ridge_level,1.08,-6.64,-4.670480421054348
2021,kiama,ridge_level,-13.7,-13.32,-6.596306737179431
2021,kuringgai,ridge_level,4.9,4.59,-0.7732708961688384
2021,kyogle,ridge_level,28.9,11.88,2.1113863837931905
2021,lakemacquarie,ridge_level,1.96,-2.5,-2.75953671183134
2021,lanecove,ridge_level,4.76,1.81,1.2407036896899832
2021,leeton,ridge_level,0.12,8.27,1.0511732054733811
2021,lismore,ridge_level,0.88,2.63,-2.073904652196255
2021,lithgow,ridge_level,4.91,-5.01,-3.70955121426058
2021,liverpool,ridge_level,-1.93,-2.42,-3.359543022475931
2021,liverpoolplains,ridge_level,-19.42,-35.28,-11.624071436296859
2021,lockhart,ridge_level,2.64,8.37,2.658731666869944
2021,maitland,ridge_level,3.2,7.14,0.8710610370363725
2021,midcoast,ridge_level,4.2,-2.83,-2.7058579920431365
2021,midwestern,ridge_level,10.19,15.54,3.2011577828435485
2021,moreeplains,ridge_level,-6.37,-0.02,-2.4893030340366957
2021,mosman,ridge_level,4.19,0.57,-2.0810292637881966
2021,murrayriver,ridge_level,-31.18,-14.23,-4.984703724257338
2021,murrumbidgee,ridge_level,1.63,-9.13,-2.6155756475894454
2021,muswellbrook,ridge_level,8.34,12.38,1.1565303377086606
2021,nambuccavalley,ridge_level,0.74,2.38,-1.9686022259140388
2021,narrabri,ridge_level,4.7,-4.54,-2.3286648460013386
2021,narrandera,ridge_level,0.28,8.62,0.36919659922979386
2021,narromine,ridge_level,-6.42,2.28,-1.289590584705544
2021,newcastle,ridge_level,-0.64,2.4,-2.081544744199439
2021,northernbeaches,ridge_level,4.53,-4.97,-4.209927487503407
2021,northsydney,ridge_level,4.15,-6.76,-4.262863001247074
2021,oberon,ridge_level,-7.62,-2.73,-2.075389292090594
2021,orange,ridge_level,6.52,7.47,0.0775299582928608
2021,parkes,ridge_level,8.67,4.78,-0.4401982432989007
2021,parramatta,ridge_level,1.78,1.21,-1.7901560236264513
2021,penrith,ridge_level,-1.3,-0.24,-2.5826979939003114
2021,portmacquariehastings,ridge_level,14.47,3.45,-2.1074463195389628
2021,portstephens,ridge_level,3.21,-1.76,-2.8995666869533916
2021,queanbeyanpalerang,ridge_level,-1.74,3.14,-1.1293970029244922
2021,randwick,ridge_level,5.57,4.16,0.006315416840268262
2021,richmondvalley,ridge_level,-2.8,-1.62,-2.6042971455747073
2021,ryde,ridge_level,4.36,5.23,-0.8222716019758226
2021,shellharbour,ridge_level,16.64,13.8,1.6448690033944917
2021,shoalhaven,ridge_level,-4.72,-7.62,-6.370883991834811
2021,singleton,ridge_level,-0.69,5.99,-0.12155478531591246
2021,snowymonaro,ridge_level,-0.34,-7.2,-4.952959068380871
2021,snowyvalleys,ridge_level,-3.88,-11.11,-5.105750427961217
2021,strathfield,ridge_level,-8.02,-0.55,-2.13383286702911
2021,sutherland,ridge_level,2.44,3.58,-1.7907806864738323
2021,sydney,ridge_level,-4.84,0.49,-1.9142894852405794
2021,tamworth,ridge_level,0.37,3.13,-2.215267764851703
2021,temora,ridge_level,4.38,1.47,-1.275404197500555
2021,tenterfield,ridge_level,12.76,1.14,-1.398520286527329
2021,tweed,ridge_level,5.3,6.89,-0.6266107233727998
2021,upperhunter,ridge_level,-20.21,-9.5,-3.8542088919011004
2021,upperlachlan,ridge_level,-4.58,1.57,-0.3372823801582384
2021,uralla,ridge_level,-3.0,-2.4,-2.3574221242147475
2021,waggawagga,ridge_level,-4.67,-4.98,-3.7695714434026595
2021,walcha,ridge_level,1.69,1.33,-1.5882031128770144
2021,walgett,ridge_level,0.0,-0.58,-0.8436849554355724
2021,warren,ridge_level,27.11,22.46,5.967115296969785
2021,warrumbungle,ridge_level,6.11,-5.59,-2.8790670700858865
2021,waverley,ridge_level,-2.58,-8.34,-3.283367941212575
2021,weddin,ridge_level,-7.05,-4.11,-0.8575537745220586
2021,wentworth,ridge_level,8.66,-2.25,-1.9526027146160045
2021,willoughby,ridge_level,-2.42,3.18,-0.3708349981992616
2021,wingecarribee,ridge_level,-1.82,7.03,-0.2853159118302535
2021,wollondilly,ridge_level,-8.95,-12.7,-5.511983310502124
2021,wollongong,ridge_level,4.89,-1.62,-2.990489907654078
2021,woollahra,ridge_level,-4.58,-8.12,-4.069517296380962
2021,yassvalley,ridge_level,3.76,12.08,1.409785149568547
2021,albury,ridge_change,-2.11,3.05,-2.906658812855489
2021,ballina,ridge_change,0.48,3.39,-1.0055614372379282
2021,balranald,ridge_change,11.99,-2.65,-0.16786850131664144
2021,bathurst,ridge_change,-20.8,-21.84,-14.561703606311795
2021,bayside,ridge_change,5.62,2.33,-4.395968596876258
2021,begavalley,ridge_change,11.77,2.13,-2.354723748343992
2021,bellingen,ridge_change,8.77,-2.8,-3.9977961823798633
2021,berrigan,ridge_change,-2.0,5.6,-0.1479839533284668
2021,blacktown,ridge_change,-2.94,-4.61,-6.434084283241399
2021,bland,ridge_change,17.02,13.95,12.010885018031479
2021,blayney,ridge_change,-0.86,-5.0,-4.083973505768569
2021,bluemountains,ridge_change,5.15,-3.59,-5.919686769350873
2021,bogan,ridge_change,7.79,-3.81,-2.7144913042091496
2021,bourke,ridge_change,0.14,1.77,1.769609843160966
2021,brewarrina,ridge_change,6.74,28.4,16.73727349485961
2021,brokenhill,ridge_change,1.77,-20.38,-14.623133477666975
2021,burwood,ridge_change,-7.22,-9.5,-4.389719656550792
2021,byron,ridge_change,-5.41,-7.09,-7.4381881427164345
2021,cabonne,ridge_change,-10.44,-0.52,-2.7418729754577202
2021,camden,ridge_change,-9.66,-14.31,-9.749011205612486
2021,campbelltown,ridge_change,6.09,0.52,-3.7906799415790267
2021,canadabay,ridge_change,0.34,1.1,-4.214060222992783
2021,canterburybankstown,ridge_change,-0.81,-2.83,-7.593844679109728
2021,carrathool,ridge_change,23.98,13.52,8.658096021488923
2021,centralcoast,ridge_change,7.73,-15.9,-14.39405508969941
2021,centraldarling,ridge_change,7.01,12.81,5.958436900641809
2021,cessnock,ridge_change,3.42,2.43,-0.8371010652004451
2021,clarencevalley,ridge_change,0.15,-1.43,-4.404054247140511
2021,coffsharbour,ridge_change,2.52,-0.09,-1.1934181866255262
2021,coolamon,ridge_change,8.53,3.63,2.5105621219426726
2021,coonamble,ridge_change,13.33,-12.2,-7.009023431459644
2021,cootamundragundagai,ridge_change,-4.98,-19.5,-12.98841480454072
2021,cowra,ridge_change,6.5,3.01,-0.9078901225121712
2021,cumberland,ridge_change,3.18,1.36,-2.379117958171123
2021,dubbo,ridge_change,-0.86,-4.38,-7.193498705977138
2021,dungog,ridge_change,-23.44,-13.55,-9.663282265111809
2021,edwardriver,ridge_change,10.97,4.29,-7.99447971731611
2021,eurobodalla,ridge_change,6.14,8.51,0.946899650927703
2021,fairfield,ridge_change,7.26,3.22,-1.1420523892238506
2021,federation,ridge_change,-0.03,-10.35,-8.377612407899669
2021,forbes,ridge_change,-9.85,-6.67,-8.319208145161262
2021,georgesriver,ridge_change,-1.8,-8.19,-8.357428234841187
2021,gilgandra,ridge_change,6.18,7.22,0.979017971746134
2021,gleninnessevern,ridge_change,1.23,-1.97,-3.0390506417769494
2021,goulburnmulwaree,ridge_change,6.16,7.93,2.2203667334181656
2021,greaterhume,ridge_change,-0.41,-10.51,-7.012050577546162
2021,griffith,ridge_change,5.35,4.96,-0.9473598674541082
2021,gunnedah,ridge_change,9.1,10.59,2.7776332968132182
2021,gwydir,ridge_change,-15.15,-4.11,-4.237556059975482
2021,hawkesbury,ridge_change,10.52,1.21,-2.3478874347661285
2021,hay,ridge_change,12.89,-7.92,-5.447853451559384
2021,hills,ridge_change,7.07,11.92,7.416432528958883
2021,hilltops,ridge_change,5.24,-21.4,-15.284385162587103
2021,hornsby,ridge_change,-1.89,5.32,-1.9009893286072463
2021,huntershill,ridge_change,-12.99,3.42,0.0870131885640939
2021,innerwest,ridge_change,-3.4,0.38,-2.504033153394693
2021,junee,ridge_change,9.3,4.01,16.482087343055746
2021,kempsey,ridge_change,1.08,-6.64,-7.733004502831407
2021,kiama,ridge_change,-13.7,-13.32,-10.389697126761577
2021,kuringgai,ridge_change,4.9,4.59,-1.17042925661063
2021,kyogle,ridge_change,28.9,11.88,6.776977224296455
2021,lakemacquarie,ridge_change,1.96,-2.5,-4.2644279881392215
2021,lanecove,ridge_change,4.76,1.81,0.6525175946723825
2021,leeton,ridge_change,0.12,8.27,0.6090105166051805
2021,lismore,ridge_change,0.88,2.63,-1.741484634164114
2021,lithgow,ridge_change,4.91,-5.01,-5.234754637566313
2021,liverpool,ridge_change,-1.93,-2.42,-4.211004635257581
2021,liverpoolplains,ridge_change,-19.42,-35.28,-23.93473337971008
2021,lockhart,ridge_change,2.64,8.37,6.7686281898188465
2021,maitland,ridge_change,3.2,7.14,2.420584767934896
2021,midcoast,ridge_change,4.2,-2.83,-4.884393956202219
2021,midwestern,ridge_change,10.19,15.54,6.350535183179083
2021,moreeplains,ridge_change,-6.37,-0.02,-3.334694601376976
2021,mosman,ridge_change,4.19,0.57,-2.569298834093521
2021,murrayriver,ridge_change,-31.18,-14.23,-10.206847959670878
2021,murrumbidgee,ridge_change,1.63,-9.13,-6.341211371542255
2021,muswellbrook,ridge_change,8.34,12.38,4.537612396508145
2021,nambuccavalley,ridge_change,0.74,2.38,-1.649543381274027
2021,narrabri,ridge_change,4.7,-4.54,-3.430306757828811
2021,narrandera,ridge_change,0.28,8.62,-0.12960643422563045
2021,narromine,ridge_change,-6.42,2.28,-0.2992447942249572
2021,newcastle,ridge_change,-0.64,2.4,-1.8688658764703274
2021,northernbeaches,ridge_change,4.53,-4.97,-6.441792303473236
2021,northsydney,ridge_change,4.15,-6.76,-8.08321286189135
2021,oberon,ridge_change,-7.62,-2.73,-3.3959494452658188
2021,orange,ridge_change,6.52,7.47,0.09532511696420798
2021,parkes,ridge_change,8.67,4.78,0.8346197859048701
2021,parramatta,ridge_change,1.78,1.21,-3.2875849604255967
2021,penrith,ridge_change,-1.3,-0.24,-2.4734321393134318
2021,portmacquariehastings,ridge_change,14.47,3.45,-4.533188135718173
2021,portstephens,ridge_change,3.21,-1.76,-3.627205330093213
2021,queanbeyanpalerang,ridge_change,-1.74,3.14,0.4071330251822385
2021,randwick,ridge_change,5.57,4.16,-39.795481993704826
2021,richmondvalley,ridge_change,-2.8,-1.62,-2.6643331682147693
2021,ryde,ridge_change,4.36,5.23,-1.2221247128106771
2021,shellharbour,ridge_change,16.64,13.8,5.535958894429678
2021,shoalhaven,ridge_change,-4.72,-7.62,-9.628533164386566
2021,singleton,ridge_change,-0.69,5.99,-0.5142862064888556
2021,snowymonaro,ridge_change,-0.34,-7.2,-9.27130152466893
2021,snowyvalleys,ridge_change,-3.88,-11.11,-8.373243739546806
2021,strathfield,ridge_change,-8.02,-0.55,-3.8426246572826397
2021,sutherland,ridge_change,2.44,3.58,-1.7077405682563187
2021,sydney,ridge_change,-4.84,0.49,-5.1990303529239705
2021,tamworth,ridge_change,0.37,3.13,-3.126541840531117
2021,temora,ridge_change,4.38,1.47,-1.029818412785615
2021,tenterfield,ridge_change,12.76,1.14,-0.24050985361508848
2021,tweed,ridge_change,5.3,6.89,-1.665519895162988
2021,upperhunter,ridge_change,-20.21,-9.5,-7.009269673119932
2021,upperlachlan,ridge_change,-4.58,1.57,-0.10512595024946925
2021,uralla,ridge_change,-3.0,-2.4,-3.0554137760939386
2021,waggawagga,ridge_change,-4.67,-4.98,-7.4010454264451075
2021,walcha,ridge_change,1.69,1.33,-1.0771724304365908
2021,walgett,ridge_change,0.0,-0.58,-0.6051477546657232
2021,warren,ridge_change,27.11,22.46,12.80612034436052
2021,warrumbungle,ridge_change,6.11,-5.59,-4.865481939415373
2021,waverley,ridge_change,-2.58,-8.34,-6.616055364001644
2021,weddin,ridge_change,-7.05,-4.11,-0.3193150581146025
2021,wentworth,ridge_change,8.66,-2.25,-4.028058195054307
2021,willoughby,ridge_change,-2.42,3.18,-1.3433390244790053
2021,wingecarribee,ridge_change,-1.82,7.03,-0.05576658572675619
2021,wollondilly,ridge_change,-8.95,-12.7,-9.4542657501257
2021,wollongong,ridge_change,4.89,-1.62,-3.943897353664082
2021,woollahra,ridge_change,-4.58,-8.12,-7.468199577270907
2021,yassvalley,ridge_change,3.76,12.08,4.651946524499531
2022,albury,training_mean,-6.05,-2.57,-1.0040329218106996
2022,ballina,training_mean,2.61,5.37,-1.0040329218106996
2022,balranald,training_mean,20.61,6.35,-1.0040329218106996
2022,bathurst,training_mean,-19.94,-25.35,-1.0040329218106996
2022,bayside,training_mean,8.91,-0.61,-1.0040329218106996
2022,begavalley,training_mean,6.3,2.89,-1.0040329218106996
2022,bellingen,training_mean,10.7,-1.99,-1.0040329218106996
2022,berrigan,training_mean,-5.9,4.02,-1.0040329218106996
2022,blacktown,training_mean,-3.05,-7.75,-1.0040329218106996
2022,bland,training_mean,2.27,1.6,-1.0040329218106996
2022,blayney,training_mean,4.51,-3.74,-1.0040329218106996
2022,bluemountains,training_mean,-5.7,-0.2,-1.0040329218106996
2022,bogan,training_mean,15.37,2.71,-1.0040329218106996
2022,bourke,training_mean,16.82,4.71,-1.0040329218106996
2022,brewarrina,training_mean,17.93,3.74,-1.0040329218106996
2022,brokenhill,training_mean,10.72,-3.62,-1.0040329218106996
2022,burwood,training_mean,-4.26,-8.22,-1.0040329218106996
2022,byron,training_mean,4.37,-7.15,-1.0040329218106996
2022,cabonne,training_mean,-4.54,-18.0,-1.0040329218106996
2022,camden,training_mean,-7.63,-25.33,-1.0040329218106996
2022,campbelltown,training_mean,8.92,3.98,-1.0040329218106996
2022,canadabay,training_mean,-1.52,0.97,-1.0040329218106996
2022,canterburybankstown,training_mean,-2.2,-5.29,-1.0040329218106996
2022,carrathool,training_mean,26.35,-5.84,-1.0040329218106996
2022,centralcoast,training_mean,6.19,-10.26,-1.0040329218106996
2022,centraldarling,training_mean,15.4,-0.4,-1.0040329218106996
2022,cessnock,training_mean,-18.55,-5.19,-1.0040329218106996
2022,clarencevalley,training_mean,-5.64,-3.88,-1.0040329218106996
2022,coffsharbour,training_mean,13.42,4.21,-1.0040329218106996
2022,coolamon,training_mean,17.33,8.72,-1.0040329218106996
2022,coonamble,training_mean,13.87,7.5,-1.0040329218106996
2022,cootamundragundagai,training_mean,-7.53,-15.31,-1.0040329218106996
2022,cowra,training_mean,4.51,0.77,-1.0040329218106996
2022,cumberland,training_mean,4.39,3.8,-1.0040329218106996
2022,dubbo,training_mean,-1.44,-9.36,-1.0040329218106996
2022,dungog,training_mean,-25.16,-13.91,-1.0040329218106996
2022,edwardriver,training_mean,2.76,-1.91,-1.0040329218106996
2022,eurobodalla,training_mean,5.12,-1.28,-1.0040329218106996
2022,fairfield,training_mean,5.5,3.3,-1.0040329218106996
2022,federation,training_mean,-3.98,-6.35,-1.0040329218106996
2022,forbes,training_mean,-1.73,-13.87,-1.0040329218106996
2022,georgesriver,training_mean,7.6,-3.75,-1.0040329218106996
2022,gilgandra,training_mean,7.42,0.96,-1.0040329218106996
2022,goulburnmulwaree,training_mean,1.17,5.8,-1.0040329218106996
2022,greaterhume,training_mean,8.49,0.04,-1.0040329218106996
2022,griffith,training_mean,5.68,3.96,-1.0040329218106996
2022,gunnedah,training_mean,9.56,7.99,-1.0040329218106996
2022,gwydir,training_mean,-7.48,-3.67,-1.0040329218106996
2022,hawkesbury,training_mean,14.06,-5.13,-1.0040329218106996
2022,hay,training_mean,2.31,-0.16,-1.0040329218106996
2022,hills,training_mean,14.08,6.89,-1.0040329218106996
2022,hilltops,training_mean,-7.28,-9.12,-1.0040329218106996
2022,hornsby,training_mean,11.55,5.07,-1.0040329218106996
2022,huntershill,training_mean,-4.81,-12.43,-1.0040329218106996
2022,innerwest,training_mean,-0.52,4.02,-1.0040329218106996
2022,junee,training_mean,11.0,-3.33,-1.0040329218106996
2022,kempsey,training_mean,7.74,2.69,-1.0040329218106996
2022,kuringgai,training_mean,7.85,5.85,-1.0040329218106996
2022,kyogle,training_mean,14.26,7.05,-1.0040329218106996
2022,lakemacquarie,training_mean,3.97,0.99,-1.0040329218106996
2022,lanecove,training_mean,10.17,4.24,-1.0040329218106996
2022,leeton,training_mean,3.82,-13.88,-1.0040329218106996
2022,lismore,training_mean,-4.09,-9.93,-1.0040329218106996
2022,lithgow,training_mean,20.89,-2.19,-1.0040329218106996
2022,liverpool,training_mean,1.18,-5.04,-1.0040329218106996
2022,liverpoolplains,training_mean,-4.24,-33.87,-1.0040329218106996
2022,lockhart,training_mean,11.7,9.51,-1.0040329218106996
2022,maitland,training_mean,-2.37,4.83,-1.0040329218106996
2022,midcoast,training_mean,-2.47,-5.0,-1.0040329218106996
2022,midwestern,training_mean,6.13,13.17,-1.0040329218106996
2022,moreeplains,training_mean,2.32,-4.68,-1.0040329218106996
2022,mosman,training_mean,10.57,3.03,-1.0040329218106996
2022,murrayriver,training_mean,-25.9,-11.51,-1.0040329218106996
2022,murrumbidgee,training_mean,4.65,-10.86,-1.0040329218106996
2022,muswellbrook,training_mean,9.48,9.96,-1.0040329218106996
2022,nambuccavalley,training_mean,5.88,-5.47,-1.0040329218106996
2022,narrabri,training_mean,3.2,1.94,-1.0040329218106996
2022,narrandera,training_mean,15.77,6.16,-1.0040329218106996
2022,narromine,training_mean,1.79,10.39,-1.0040329218106996
2022,newcastle,training_mean,3.69,-8.11,-1.0040329218106996
2022,northernbeaches,training_mean,4.46,-7.32,-1.0040329218106996
2022,northsydney,training_mean,1.33,1.38,-1.0040329218106996
2022,oberon,training_mean,4.54,4.07,-1.0040329218106996
2022,orange,training_mean,10.86,4.97,-1.0040329218106996
2022,parkes,training_mean,1.63,6.64,-1.0040329218106996
2022,parramatta,training_mean,-0.09,-0.02,-1.0040329218106996
2022,penrith,training_mean,-4.79,-7.97,-1.0040329218106996
2022,portmacquariehastings,training_mean,4.04,3.99,-1.0040329218106996
2022,portstephens,training_mean,5.84,-0.22,-1.0040329218106996
2022,queanbeyanpalerang,training_mean,5.67,-2.77,-1.0040329218106996
2022,randwick,training_mean,7.48,3.07,-1.0040329218106996
2022,richmondvalley,training_mean,4.94,-4.1,-1.0040329218106996
2022,ryde,training_mean,7.63,4.62,-1.0040329218106996
2022,shellharbour,training_mean,2.25,14.3,-1.0040329218106996
2022,shoalhaven,training_mean,-5.32,-3.47,-1.0040329218106996
2022,singleton,training_mean,6.16,5.21,-1.0040329218106996
2022,snowymonaro,training_mean,-2.15,-30.27,-1.0040329218106996
2022,snowyvalleys,training_mean,-0.47,-4.12,-1.0040329218106996
2022,strathfield,training_mean,-16.23,-8.71,-1.0040329218106996
2022,sutherland,training_mean,5.87,4.23,-1.0040329218106996
2022,sydney,training_mean,4.78,-1.25,-1.0040329218106996
2022,tamworth,training_mean,0.99,1.56,-1.0040329218106996
2022,temora,training_mean,5.04,0.33,-1.0040329218106996
2022,tenterfield,training_mean,16.55,1.12,-1.0040329218106996
2022,tweed,training_mean,9.9,6.98,-1.0040329218106996
2022,upperhunter,training_mean,-18.28,-11.54,-1.0040329218106996
2022,upperlachlan,training_mean,3.82,-8.64,-1.0040329218106996
2022,uralla,training_mean,-1.04,-8.92,-1.0040329218106996
2022,waggawagga,training_mean,1.43,-6.72,-1.0040329218106996
2022,walcha,training_mean,7.65,-3.17,-1.0040329218106996
2022,walgett,training_mean,17.0,-1.82,-1.0040329218106996
2022,warren,training_mean,32.93,32.79,-1.0040329218106996
2022,warrumbungle,training_mean,18.48,0.43,-1.0040329218106996
2022,waverley,training_mean,1.74,-3.43,-1.0040329218106996
2022,weddin,training_mean,14.03,-0.25,-1.0040329218106996
2022,wentworth,training_mean,10.51,3.15,-1.0040329218106996
2022,willoughby,training_mean,-4.08,-1.26,-1.0040329218106996
2022,wingecarribee,training_mean,-3.2,2.96,-1.0040329218106996
2022,wollondilly,training_mean,-4.51,-7.04,-1.0040329218106996
2022,wollongong,training_mean,-1.11,0.95,-1.0040329218106996
2022,woollahra,training_mean,3.64,-15.12,-1.0040329218106996
2022,yassvalley,training_mean,-2.72,-1.35,-1.0040329218106996
2022,albury,persistence,-6.05,-2.57,-2.57
2022,ballina,persistence,2.61,5.37,5.37
2022,balranald,persistence,20.61,6.35,6.35
2022,bathurst,persistence,-19.94,-25.35,-25.35
2022,bayside,persistence,8.91,-0.61,-0.61
2022,begavalley,persistence,6.3,2.89,2.89
2022,bellingen,persistence,10.7,-1.99,-1.99
2022,berrigan,persistence,-5.9,4.02,4.02
2022,blacktown,persistence,-3.05,-7.75,-7.75
2022,bland,persistence,2.27,1.6,1.6
2022,blayney,persistence,4.51,-3.74,-3.74
2022,bluemountains,persistence,-5.7,-0.2,-0.2
2022,bogan,persistence,15.37,2.71,2.71
2022,bourke,persistence,16.82,4.71,4.71
2022,brewarrina,persistence,17.93,3.74,3.74
2022,brokenhill,persistence,10.72,-3.62,-3.62
2022,burwood,persistence,-4.26,-8.22,-8.22
2022,byron,persistence,4.37,-7.15,-7.15
2022,cabonne,persistence,-4.54,-18.0,-18.0
2022,camden,persistence,-7.63,-25.33,-25.33
2022,campbelltown,persistence,8.92,3.98,3.98
2022,canadabay,persistence,-1.52,0.97,0.97
2022,canterburybankstown,persistence,-2.2,-5.29,-5.29
2022,carrathool,persistence,26.35,-5.84,-5.84
2022,centralcoast,persistence,6.19,-10.26,-10.26
2022,centraldarling,persistence,15.4,-0.4,-0.4
2022,cessnock,persistence,-18.55,-5.19,-5.19
2022,clarencevalley,persistence,-5.64,-3.88,-3.88
2022,coffsharbour,persistence,13.42,4.21,4.21
2022,coolamon,persistence,17.33,8.72,8.72
2022,coonamble,persistence,13.87,7.5,7.5
2022,cootamundragundagai,persistence,-7.53,-15.31,-15.31
2022,cowra,persistence,4.51,0.77,0.77
2022,cumberland,persistence,4.39,3.8,3.8
2022,dubbo,persistence,-1.44,-9.36,-9.36
2022,dungog,persistence,-25.16,-13.91,-13.91
2022,edwardriver,persistence,2.76,-1.91,-1.91
2022,eurobodalla,persistence,5.12,-1.28,-1.28
2022,fairfield,persistence,5.5,3.3,3.3
2022,federation,persistence,-3.98,-6.35,-6.35
2022,forbes,persistence,-1.73,-13.87,-13.87
2022,georgesriver,persistence,7.6,-3.75,-3.75
2022,gilgandra,persistence,7.42,0.96,0.96
2022,goulburnmulwaree,persistence,1.17,5.8,5.8
2022,greaterhume,persistence,8.49,0.04,0.04
2022,griffith,persistence,5.68,3.96,3.96
2022,gunnedah,persistence,9.56,7.99,7.99
2022,gwydir,persistence,-7.48,-3.67,-3.67
2022,hawkesbury,persistence,14.06,-5.13,-5.13
2022,hay,persistence,2.31,-0.16,-0.16
2022,hills,persistence,14.08,6.89,6.89
2022,hilltops,persistence,-7.28,-9.12,-9.12
2022,hornsby,persistence,11.55,5.07,5.07
2022,huntershill,persistence,-4.81,-12.43,-12.43
2022,innerwest,persistence,-0.52,4.02,4.02
2022,junee,persistence,11.0,-3.33,-3.33
2022,kempsey,persistence,7.74,2.69,2.69
2022,kuringgai,persistence,7.85,5.85,5.85
2022,kyogle,persistence,14.26,7.05,7.05
2022,lakemacquarie,persistence,3.97,0.99,0.99
2022,lanecove,persistence,10.17,4.24,4.24
2022,leeton,persistence,3.82,-13.88,-13.88
2022,lismore,persistence,-4.09,-9.93,-9.93
2022,lithgow,persistence,20.89,-2.19,-2.19
2022,liverpool,persistence,1.18,-5.04,-5.04
2022,liverpoolplains,persistence,-4.24,-33.87,-33.87
2022,lockhart,persistence,11.7,9.51,9.51
2022,maitland,persistence,-2.37,4.83,4.83
2022,midcoast,persistence,-2.47,-5.0,-5.0
2022,midwestern,persistence,6.13,13.17,13.17
2022,moreeplains,persistence,2.32,-4.68,-4.68
2022,mosman,persistence,10.57,3.03,3.03
2022,murrayriver,persistence,-25.9,-11.51,-11.51
2022,murrumbidgee,persistence,4.65,-10.86,-10.86
2022,muswellbrook,persistence,9.48,9.96,9.96
2022,nambuccavalley,persistence,5.88,-5.47,-5.47
2022,narrabri,persistence,3.2,1.94,1.94
2022,narrandera,persistence,15.77,6.16,6.16
2022,narromine,persistence,1.79,10.39,10.39
2022,newcastle,persistence,3.69,-8.11,-8.11
2022,northernbeaches,persistence,4.46,-7.32,-7.32
2022,northsydney,persistence,1.33,1.38,1.38
2022,oberon,persistence,4.54,4.07,4.07
2022,orange,persistence,10.86,4.97,4.97
2022,parkes,persistence,1.63,6.64,6.64
2022,parramatta,persistence,-0.09,-0.02,-0.02
2022,penrith,persistence,-4.79,-7.97,-7.97
2022,portmacquariehastings,persistence,4.04,3.99,3.99
2022,portstephens,persistence,5.84,-0.22,-0.22
2022,queanbeyanpalerang,persistence,5.67,-2.77,-2.77
2022,randwick,persistence,7.48,3.07,3.07
2022,richmondvalley,persistence,4.94,-4.1,-4.1
2022,ryde,persistence,7.63,4.62,4.62
2022,shellharbour,persistence,2.25,14.3,14.3
2022,shoalhaven,persistence,-5.32,-3.47,-3.47
2022,singleton,persistence,6.16,5.21,5.21
2022,snowymonaro,persistence,-2.15,-30.27,-30.27
2022,snowyvalleys,persistence,-0.47,-4.12,-4.12
2022,strathfield,persistence,-16.23,-8.71,-8.71
2022,sutherland,persistence,5.87,4.23,4.23
2022,sydney,persistence,4.78,-1.25,-1.25
2022,tamworth,persistence,0.99,1.56,1.56
2022,temora,persistence,5.04,0.33,0.33
2022,tenterfield,persistence,16.55,1.12,1.12
2022,tweed,persistence,9.9,6.98,6.98
2022,upperhunter,persistence,-18.28,-11.54,-11.54
2022,upperlachlan,persistence,3.82,-8.64,-8.64
2022,uralla,persistence,-1.04,-8.92,-8.92
2022,waggawagga,persistence,1.43,-6.72,-6.72
2022,walcha,persistence,7.65,-3.17,-3.17
2022,walgett,persistence,17.0,-1.82,-1.82
2022,warren,persistence,32.93,32.79,32.79
2022,warrumbungle,persistence,18.48,0.43,0.43
2022,waverley,persistence,1.74,-3.43,-3.43
2022,weddin,persistence,14.03,-0.25,-0.25
2022,wentworth,persistence,10.51,3.15,3.15
2022,willoughby,persistence,-4.08,-1.26,-1.26
2022,wingecarribee,persistence,-3.2,2.96,2.96
2022,wollondilly,persistence,-4.51,-7.04,-7.04
2022,wollongong,persistence,-1.11,0.95,0.95
2022,woollahra,persistence,3.64,-15.12,-15.12
2022,yassvalley,persistence,-2.72,-1.35,-1.35
2022,albury,mean_change,-6.05,-2.57,-5.894320987654321
2022,ballina,mean_change,2.61,5.37,2.045679012345679
2022,balranald,mean_change,20.61,6.35,3.0256790123456785
2022,bathurst,mean_change,-19.94,-25.35,-28.674320987654323
2022,bayside,mean_change,8.91,-0.61,-3.934320987654321
2022,begavalley,mean_change,6.3,2.89,-0.43432098765432103
2022,bellingen,mean_change,10.7,-1.99,-5.314320987654321
2022,berrigan,mean_change,-5.9,4.02,0.6956790123456784
2022,blacktown,mean_change,-3.05,-7.75,-11.074320987654321
2022,bland,mean_change,2.27,1.6,-1.724320987654321
2022,blayney,mean_change,4.51,-3.74,-7.064320987654321
2022,bluemountains,mean_change,-5.7,-0.2,-3.5243209876543213
2022,bogan,mean_change,15.37,2.71,-0.6143209876543212
2022,bourke,mean_change,16.82,4.71,1.3856790123456788
2022,brewarrina,mean_change,17.93,3.74,0.41567901234567906
2022,brokenhill,mean_change,10.72,-3.62,-6.944320987654321
2022,burwood,mean_change,-4.26,-8.22,-11.544320987654322
2022,byron,mean_change,4.37,-7.15,-10.474320987654322
2022,cabonne,mean_change,-4.54,-18.0,-21.32432098765432
2022,camden,mean_change,-7.63,-25.33,-28.65432098765432
2022,campbelltown,mean_change,8.92,3.98,0.6556790123456788
2022,canadabay,mean_change,-1.52,0.97,-2.3543209876543214
2022,canterburybankstown,mean_change,-2.2,-5.29,-8.61432098765432
2022,carrathool,mean_change,26.35,-5.84,-9.164320987654321
2022,centralcoast,mean_change,6.19,-10.26,-13.584320987654321
2022,centraldarling,mean_change,15.4,-0.4,-3.724320987654321
2022,cessnock,mean_change,-18.55,-5.19,-8.514320987654322
2022,clarencevalley,mean_change,-5.64,-3.88,-7.204320987654321
2022,coffsharbour,mean_change,13.42,4.21,0.8856790123456788
2022,coolamon,mean_change,17.33,8.72,5.3956790123456795
2022,coonamble,mean_change,13.87,7.5,4.175679012345679
2022,cootamundragundagai,mean_change,-7.53,-15.31,-18.63432098765432
2022,cowra,mean_change,4.51,0.77,-2.554320987654321
2022,cumberland,mean_change,4.39,3.8,0.47567901234567866
2022,dubbo,mean_change,-1.44,-9.36,-12.68432098765432
2022,dungog,mean_change,-25.16,-13.91,-17.23432098765432
2022,edwardriver,mean_change,2.76,-1.91,-5.234320987654321
2022,eurobodalla,mean_change,5.12,-1.28,-4.604320987654321
2022,fairfield,mean_change,5.5,3.3,-0.024320987654321335
2022,federation,mean_change,-3.98,-6.35,-9.67432098765432
2022,forbes,mean_change,-1.73,-13.87,-17.194320987654322
2022,georgesriver,mean_change,7.6,-3.75,-7.074320987654321
2022,gilgandra,mean_change,7.42,0.96,-2.364320987654321
2022,goulburnmulwaree,mean_change,1.17,5.8,2.4756790123456787
2022,greaterhume,mean_change,8.49,0.04,-3.284320987654321
2022,griffith,mean_change,5.68,3.96,0.6356790123456788
2022,gunnedah,mean_change,9.56,7.99,4.665679012345679
2022,gwydir,mean_change,-7.48,-3.67,-6.994320987654321
2022,hawkesbury,mean_change,14.06,-5.13,-8.45432098765432
2022,hay,mean_change,2.31,-0.16,-3.4843209876543213
2022,hills,mean_change,14.08,6.89,3.5656790123456785
2022,hilltops,mean_change,-7.28,-9.12,-12.44432098765432
2022,hornsby,mean_change,11.55,5.07,1.7456790123456791
2022,huntershill,mean_change,-4.81,-12.43,-15.75432098765432
2022,innerwest,mean_change,-0.52,4.02,0.6956790123456784
2022,junee,mean_change,11.0,-3.33,-6.654320987654321
2022,kempsey,mean_change,7.74,2.69,-0.6343209876543212
2022,kuringgai,mean_change,7.85,5.85,2.5256790123456785
2022,kyogle,mean_change,14.26,7.05,3.7256790123456787
2022,lakemacquarie,mean_change,3.97,0.99,-2.334320987654321
2022,lanecove,mean_change,10.17,4.24,0.915679012345679
2022,leeton,mean_change,3.82,-13.88,-17.20432098765432
2022,lismore,mean_change,-4.09,-9.93,-13.25432098765432
2022,lithgow,mean_change,20.89,-2.19,-5.514320987654321
2022,liverpool,mean_change,1.18,-5.04,-8.36432098765432
2022,liverpoolplains,mean_change,-4.24,-33.87,-37.19432098765432
2022,lockhart,mean_change,11.7,9.51,6.185679012345679
2022,maitland,mean_change,-2.37,4.83,1.505679012345679
2022,midcoast,mean_change,-2.47,-5.0,-8.324320987654321
2022,midwestern,mean_change,6.13,13.17,9.845679012345679
2022,moreeplains,mean_change,2.32,-4.68,-8.00432098765432
2022,mosman,mean_change,10.57,3.03,-0.29432098765432135
2022,murrayriver,mean_change,-25.9,-11.51,-14.834320987654321
2022,murrumbidgee,mean_change,4.65,-10.86,-14.18432098765432
2022,muswellbrook,mean_change,9.48,9.96,6.63567901234568
2022,nambuccavalley,mean_change,5.88,-5.47,-8.79432098765432
2022,narrabri,mean_change,3.2,1.94,-1.3843209876543212
2022,narrandera,mean_change,15.77,6.16,2.835679012345679
2022,narromine,mean_change,1.79,10.39,7.065679012345679
2022,newcastle,mean_change,3.69,-8.11,-11.43432098765432
2022,northernbeaches,mean_change,4.46,-7.32,-10.644320987654321
2022,northsydney,mean_change,1.33,1.38,-1.9443209876543213
2022,oberon,mean_change,4.54,4.07,0.7456790123456791
2022,orange,mean_change,10.86,4.97,1.6456790123456786
2022,parkes,mean_change,1.63,6.64,3.3156790123456785
2022,parramatta,mean_change,-0.09,-0.02,-3.344320987654321
2022,penrith,mean_change,-4.79,-7.97,-11.29432098765432
2022,portmacquariehastings,mean_change,4.04,3.99,0.665679012345679
2022,portstephens,mean_change,5.84,-0.22,-3.5443209876543214
2022,queanbeyanpalerang,mean_change,5.67,-2.77,-6.094320987654321
2022,randwick,mean_change,7.48,3.07,-0.2543209876543213
2022,richmondvalley,mean_change,4.94,-4.1,-7.424320987654321
2022,ryde,mean_change,7.63,4.62,1.295679012345679
2022,shellharbour,mean_change,2.25,14.3,10.97567901234568
2022,shoalhaven,mean_change,-5.32,-3.47,-6.794320987654322
2022,singleton,mean_change,6.16,5.21,1.8856790123456788
2022,snowymonaro,mean_change,-2.15,-30.27,-33.59432098765432
2022,snowyvalleys,mean_change,-0.47,-4.12,-7.444320987654321
2022,strathfield,mean_change,-16.23,-8.71,-12.034320987654322
2022,sutherland,mean_change,5.87,4.23,0.9056790123456793
2022,sydney,mean_change,4.78,-1.25,-4.574320987654321
2022,tamworth,mean_change,0.99,1.56,-1.764320987654321
2022,temora,mean_change,5.04,0.33,-2.994320987654321
2022,tenterfield,mean_change,16.55,1.12,-2.204320987654321
2022,tweed,mean_change,9.9,6.98,3.6556790123456793
2022,upperhunter,mean_change,-18.28,-11.54,-14.86432098765432
2022,upperlachlan,mean_change,3.82,-8.64,-11.964320987654322
2022,uralla,mean_change,-1.04,-8.92,-12.244320987654321
2022,waggawagga,mean_change,1.43,-6.72,-10.04432098765432
2022,walcha,mean_change,7.65,-3.17,-6.494320987654321
2022,walgett,mean_change,17.0,-1.82,-5.144320987654321
2022,warren,mean_change,32.93,32.79,29.465679012345678
2022,warrumbungle,mean_change,18.48,0.43,-2.894320987654321
2022,waverley,mean_change,1.74,-3.43,-6.754320987654321
2022,weddin,mean_change,14.03,-0.25,-3.574320987654321
2022,wentworth,mean_change,10.51,3.15,-0.17432098765432125
2022,willoughby,mean_change,-4.08,-1.26,-4.584320987654321
2022,wingecarribee,mean_change,-3.2,2.96,-0.3643209876543212
2022,wollondilly,mean_change,-4.51,-7.04,-10.36432098765432
2022,wollongong,mean_change,-1.11,0.95,-2.374320987654321
2022,woollahra,mean_change,3.64,-15.12,-18.444320987654322
2022,yassvalley,mean_change,-2.72,-1.35,-4.674320987654321
2022,albury,tree_fiscal_only,-6.05,-2.57,-4.114999999999999
2022,ballina,tree_fiscal_only,2.61,5.37,-1.0130188679245287
2022,balranald,tree_fiscal_only,20.61,6.35,2.761153846153846
2022,bathurst,tree_fiscal_only,-19.94,-25.35,-11.243448275862068
2022,bayside,tree_fiscal_only,8.91,-0.61,-1.0130188679245287
2022,begavalley,tree_fiscal_only,6.3,2.89,-1.0130188679245287
2022,bellingen,tree_fiscal_only,10.7,-1.99,-4.114999999999999
2022,berrigan,tree_fiscal_only,-5.9,4.02,-1.0130188679245287
2022,blacktown,tree_fiscal_only,-3.05,-7.75,-11.243448275862068
2022,bland,tree_fiscal_only,2.27,1.6,2.761153846153846
2022,blayney,tree_fiscal_only,4.51,-3.74,-4.114999999999999
2022,bluemountains,tree_fiscal_only,-5.7,-0.2,-1.0130188679245287
2022,bogan,tree_fiscal_only,15.37,2.71,2.761153846153846
2022,bourke,tree_fiscal_only,16.82,4.71,2.761153846153846
2022,brewarrina,tree_fiscal_only,17.93,3.74,2.761153846153846
2022,brokenhill,tree_fiscal_only,10.72,-3.62,-4.114999999999999
2022,burwood,tree_fiscal_only,-4.26,-8.22,-11.243448275862068
2022,byron,tree_fiscal_only,4.37,-7.15,-11.243448275862068
2022,cabonne,tree_fiscal_only,-4.54,-18.0,-11.243448275862068
2022,camden,tree_fiscal_only,-7.63,-25.33,-11.243448275862068
2022,campbelltown,tree_fiscal_only,8.92,3.98,-1.0130188679245287
2022,canadabay,tree_fiscal_only,-1.52,0.97,-1.0130188679245287
2022,canterburybankstown,tree_fiscal_only,-2.2,-5.29,-4.114999999999999
2022,carrathool,tree_fiscal_only,26.35,-5.84,-4.114999999999999
2022,centralcoast,tree_fiscal_only,6.19,-10.26,-11.243448275862068
2022,centraldarling,tree_fiscal_only,15.4,-0.4,2.761153846153846
2022,cessnock,tree_fiscal_only,-18.55,-5.19,-4.114999999999999
2022,clarencevalley,tree_fiscal_only,-5.64,-3.88,-4.114999999999999
2022,coffsharbour,tree_fiscal_only,13.42,4.21,-1.0130188679245287
2022,coolamon,tree_fiscal_only,17.33,8.72,9.185714285714287
2022,coonamble,tree_fiscal_only,13.87,7.5,2.761153846153846
2022,cootamundragundagai,tree_fiscal_only,-7.53,-15.31,-11.243448275862068
2022,cowra,tree_fiscal_only,4.51,0.77,-1.0130188679245287
2022,cumberland,tree_fiscal_only,4.39,3.8,-1.0130188679245287
2022,dubbo,tree_fiscal_only,-1.44,-9.36,-11.243448275862068
2022,dungog,tree_fiscal_only,-25.16,-13.91,-11.243448275862068
2022,edwardriver,tree_fiscal_only,2.76,-1.91,-4.114999999999999
2022,eurobodalla,tree_fiscal_only,5.12,-1.28,-4.114999999999999
2022,fairfield,tree_fiscal_only,5.5,3.3,-1.0130188679245287
2022,federation,tree_fiscal_only,-3.98,-6.35,-4.114999999999999
2022,forbes,tree_fiscal_only,-1.73,-13.87,-11.243448275862068
2022,georgesriver,tree_fiscal_only,7.6,-3.75,-4.114999999999999
2022,gilgandra,tree_fiscal_only,7.42,0.96,2.761153846153846
2022,goulburnmulwaree,tree_fiscal_only,1.17,5.8,-1.0130188679245287
2022,greaterhume,tree_fiscal_only,8.49,0.04,-1.0130188679245287
2022,griffith,tree_fiscal_only,5.68,3.96,-1.0130188679245287
2022,gunnedah,tree_fiscal_only,9.56,7.99,-1.0130188679245287
2022,gwydir,tree_fiscal_only,-7.48,-3.67,-4.114999999999999
2022,hawkesbury,tree_fiscal_only,14.06,-5.13,-4.114999999999999
2022,hay,tree_fiscal_only,2.31,-0.16,2.761153846153846
2022,hills,tree_fiscal_only,14.08,6.89,-1.0130188679245287
2022,hilltops,tree_fiscal_only,-7.28,-9.12,-11.243448275862068
2022,hornsby,tree_fiscal_only,11.55,5.07,-1.0130188679245287
2022,huntershill,tree_fiscal_only,-4.81,-12.43,-11.243448275862068
2022,innerwest,tree_fiscal_only,-0.52,4.02,-1.0130188679245287
2022,junee,tree_fiscal_only,11.0,-3.33,-4.114999999999999
2022,kempsey,tree_fiscal_only,7.74,2.69,-1.0130188679245287
2022,kuringgai,tree_fiscal_only,7.85,5.85,-1.0130188679245287
2022,kyogle,tree_fiscal_only,14.26,7.05,-1.0130188679245287
2022,lakemacquarie,tree_fiscal_only,3.97,0.99,-1.0130188679245287
2022,lanecove,tree_fiscal_only,10.17,4.24,-1.0130188679245287
2022,leeton,tree_fiscal_only,3.82,-13.88,-11.243448275862068
2022,lismore,tree_fiscal_only,-4.09,-9.93,-11.243448275862068
2022,lithgow,tree_fiscal_only,20.89,-2.19,-4.114999999999999
2022,liverpool,tree_fiscal_only,1.18,-5.04,-4.114999999999999
2022,liverpoolplains,tree_fiscal_only,-4.24,-33.87,-11.243448275862068
2022,lockhart,tree_fiscal_only,11.7,9.51,9.185714285714287
2022,maitland,tree_fiscal_only,-2.37,4.83,-1.0130188679245287
2022,midcoast,tree_fiscal_only,-2.47,-5.0,-4.114999999999999
2022,midwestern,tree_fiscal_only,6.13,13.17,9.185714285714287
2022,moreeplains,tree_fiscal_only,2.32,-4.68,-4.114999999999999
2022,mosman,tree_fiscal_only,10.57,3.03,-1.0130188679245287
2022,murrayriver,tree_fiscal_only,-25.9,-11.51,-11.243448275862068
2022,murrumbidgee,tree_fiscal_only,4.65,-10.86,-11.243448275862068
2022,muswellbrook,tree_fiscal_only,9.48,9.96,3.5278260869565217
2022,nambuccavalley,tree_fiscal_only,5.88,-5.47,-4.114999999999999
2022,narrabri,tree_fiscal_only,3.2,1.94,-1.0130188679245287
2022,narrandera,tree_fiscal_only,15.77,6.16,2.761153846153846
2022,narromine,tree_fiscal_only,1.79,10.39,3.5278260869565217
2022,newcastle,tree_fiscal_only,3.69,-8.11,-11.243448275862068
2022,northernbeaches,tree_fiscal_only,4.46,-7.32,-11.243448275862068
2022,northsydney,tree_fiscal_only,1.33,1.38,-1.0130188679245287
2022,oberon,tree_fiscal_only,4.54,4.07,2.761153846153846
2022,orange,tree_fiscal_only,10.86,4.97,-1.0130188679245287
2022,parkes,tree_fiscal_only,1.63,6.64,-1.0130188679245287
2022,parramatta,tree_fiscal_only,-0.09,-0.02,-1.0130188679245287
2022,penrith,tree_fiscal_only,-4.79,-7.97,-11.243448275862068
2022,portmacquariehastings,tree_fiscal_only,4.04,3.99,-1.0130188679245287
2022,portstephens,tree_fiscal_only,5.84,-0.22,-1.0130188679245287
2022,queanbeyanpalerang,tree_fiscal_only,5.67,-2.77,-4.114999999999999
2022,randwick,tree_fiscal_only,7.48,3.07,-1.0130188679245287
2022,richmondvalley,tree_fiscal_only,4.94,-4.1,-4.114999999999999
2022,ryde,tree_fiscal_only,7.63,4.62,-1.0130188679245287
2022,shellharbour,tree_fiscal_only,2.25,14.3,3.5278260869565217
2022,shoalhaven,tree_fiscal_only,-5.32,-3.47,-4.114999999999999
2022,singleton,tree_fiscal_only,6.16,5.21,-1.0130188679245287
2022,snowymonaro,tree_fiscal_only,-2.15,-30.27,-11.243448275862068
2022,snowyvalleys,tree_fiscal_only,-0.47,-4.12,-4.114999999999999
2022,strathfield,tree_fiscal_only,-16.23,-8.71,-11.243448275862068
2022,sutherland,tree_fiscal_only,5.87,4.23,-1.0130188679245287
2022,sydney,tree_fiscal_only,4.78,-1.25,-4.114999999999999
2022,tamworth,tree_fiscal_only,0.99,1.56,-1.0130188679245287
2022,temora,tree_fiscal_only,5.04,0.33,2.761153846153846
2022,tenterfield,tree_fiscal_only,16.55,1.12,2.761153846153846
2022,tweed,tree_fiscal_only,9.9,6.98,-1.0130188679245287
2022,upperhunter,tree_fiscal_only,-18.28,-11.54,-11.243448275862068
2022,upperlachlan,tree_fiscal_only,3.82,-8.64,-11.243448275862068
2022,uralla,tree_fiscal_only,-1.04,-8.92,-11.243448275862068
2022,waggawagga,tree_fiscal_only,1.43,-6.72,-11.243448275862068
2022,walcha,tree_fiscal_only,7.65,-3.17,-4.114999999999999
2022,walgett,tree_fiscal_only,17.0,-1.82,-4.114999999999999
2022,warren,tree_fiscal_only,32.93,32.79,9.185714285714287
2022,warrumbungle,tree_fiscal_only,18.48,0.43,-1.0130188679245287
2022,waverley,tree_fiscal_only,1.74,-3.43,-4.114999999999999
2022,weddin,tree_fiscal_only,14.03,-0.25,2.761153846153846
2022,wentworth,tree_fiscal_only,10.51,3.15,-1.0130188679245287
2022,willoughby,tree_fiscal_only,-4.08,-1.26,-4.114999999999999
2022,wingecarribee,tree_fiscal_only,-3.2,2.96,-1.0130188679245287
2022,wollondilly,tree_fiscal_only,-4.51,-7.04,-11.243448275862068
2022,wollongong,tree_fiscal_only,-1.11,0.95,-1.0130188679245287
2022,woollahra,tree_fiscal_only,3.64,-15.12,-11.243448275862068
2022,yassvalley,tree_fiscal_only,-2.72,-1.35,-4.114999999999999
2022,albury,tree_level,-6.05,-2.57,-4.115000000000001
2022,ballina,tree_level,2.61,5.37,-1.013018867924528
2022,balranald,tree_level,20.61,6.35,2.7611538461538454
2022,bathurst,tree_level,-19.94,-25.35,-11.243448275862068
2022,bayside,tree_level,8.91,-0.61,-1.013018867924528
2022,begavalley,tree_level,6.3,2.89,-1.013018867924528
2022,bellingen,tree_level,10.7,-1.99,-4.115000000000001
2022,berrigan,tree_level,-5.9,4.02,-1.013018867924528
2022,blacktown,tree_level,-3.05,-7.75,-11.243448275862068
2022,bland,tree_level,2.27,1.6,2.7611538461538454
2022,blayney,tree_level,4.51,-3.74,-4.115000000000001
2022,bluemountains,tree_level,-5.7,-0.2,-1.013018867924528
2022,bogan,tree_level,15.37,2.71,2.7611538461538454
2022,bourke,tree_level,16.82,4.71,2.7611538461538454
2022,brewarrina,tree_level,17.93,3.74,2.7611538461538454
2022,brokenhill,tree_level,10.72,-3.62,-4.115000000000001
2022,burwood,tree_level,-4.26,-8.22,-11.243448275862068
2022,byron,tree_level,4.37,-7.15,-11.243448275862068
2022,cabonne,tree_level,-4.54,-18.0,-11.243448275862068
2022,camden,tree_level,-7.63,-25.33,-11.243448275862068
2022,campbelltown,tree_level,8.92,3.98,-1.013018867924528
2022,canadabay,tree_level,-1.52,0.97,-1.013018867924528
2022,canterburybankstown,tree_level,-2.2,-5.29,-4.115000000000001
2022,carrathool,tree_level,26.35,-5.84,-4.115000000000001
2022,centralcoast,tree_level,6.19,-10.26,-11.243448275862068
2022,centraldarling,tree_level,15.4,-0.4,2.7611538461538454
2022,cessnock,tree_level,-18.55,-5.19,-4.115000000000001
2022,clarencevalley,tree_level,-5.64,-3.88,-4.115000000000001
2022,coffsharbour,tree_level,13.42,4.21,-1.013018867924528
2022,coolamon,tree_level,17.33,8.72,9.185714285714287
2022,coonamble,tree_level,13.87,7.5,2.7611538461538454
2022,cootamundragundagai,tree_level,-7.53,-15.31,-11.243448275862068
2022,cowra,tree_level,4.51,0.77,-1.013018867924528
2022,cumberland,tree_level,4.39,3.8,-1.013018867924528
2022,dubbo,tree_level,-1.44,-9.36,-11.243448275862068
2022,dungog,tree_level,-25.16,-13.91,-11.243448275862068
2022,edwardriver,tree_level,2.76,-1.91,-4.115000000000001
2022,eurobodalla,tree_level,5.12,-1.28,-4.115000000000001
2022,fairfield,tree_level,5.5,3.3,-1.013018867924528
2022,federation,tree_level,-3.98,-6.35,-4.115000000000001
2022,forbes,tree_level,-1.73,-13.87,-11.243448275862068
2022,georgesriver,tree_level,7.6,-3.75,-4.115000000000001
2022,gilgandra,tree_level,7.42,0.96,2.7611538461538454
2022,goulburnmulwaree,tree_level,1.17,5.8,-1.013018867924528
2022,greaterhume,tree_level,8.49,0.04,-1.013018867924528
2022,griffith,tree_level,5.68,3.96,-1.013018867924528
2022,gunnedah,tree_level,9.56,7.99,-1.013018867924528
2022,gwydir,tree_level,-7.48,-3.67,-4.115000000000001
2022,hawkesbury,tree_level,14.06,-5.13,-4.115000000000001
2022,hay,tree_level,2.31,-0.16,2.7611538461538454
2022,hills,tree_level,14.08,6.89,-1.013018867924528
2022,hilltops,tree_level,-7.28,-9.12,-11.243448275862068
2022,hornsby,tree_level,11.55,5.07,-1.013018867924528
2022,huntershill,tree_level,-4.81,-12.43,-11.243448275862068
2022,innerwest,tree_level,-0.52,4.02,-1.013018867924528
2022,junee,tree_level,11.0,-3.33,-4.115000000000001
2022,kempsey,tree_level,7.74,2.69,-1.013018867924528
2022,kuringgai,tree_level,7.85,5.85,-1.013018867924528
2022,kyogle,tree_level,14.26,7.05,-1.013018867924528
2022,lakemacquarie,tree_level,3.97,0.99,-1.013018867924528
2022,lanecove,tree_level,10.17,4.24,-1.013018867924528
2022,leeton,tree_level,3.82,-13.88,-11.243448275862068
2022,lismore,tree_level,-4.09,-9.93,-11.243448275862068
2022,lithgow,tree_level,20.89,-2.19,-4.115000000000001
2022,liverpool,tree_level,1.18,-5.04,-4.115000000000001
2022,liverpoolplains,tree_level,-4.24,-33.87,-11.243448275862068
2022,lockhart,tree_level,11.7,9.51,9.185714285714287
2022,maitland,tree_level,-2.37,4.83,-1.013018867924528
2022,midcoast,tree_level,-2.47,-5.0,-4.115000000000001
2022,midwestern,tree_level,6.13,13.17,9.185714285714287
2022,moreeplains,tree_level,2.32,-4.68,-4.115000000000001
2022,mosman,tree_level,10.57,3.03,-1.013018867924528
2022,murrayriver,tree_level,-25.9,-11.51,-11.243448275862068
2022,murrumbidgee,tree_level,4.65,-10.86,-11.243448275862068
2022,muswellbrook,tree_level,9.48,9.96,3.5278260869565226
2022,nambuccavalley,tree_level,5.88,-5.47,-4.115000000000001
2022,narrabri,tree_level,3.2,1.94,-1.013018867924528
2022,narrandera,tree_level,15.77,6.16,2.7611538461538454
2022,narromine,tree_level,1.79,10.39,3.5278260869565226
2022,newcastle,tree_level,3.69,-8.11,-11.243448275862068
2022,northernbeaches,tree_level,4.46,-7.32,-11.243448275862068
2022,northsydney,tree_level,1.33,1.38,-1.013018867924528
2022,oberon,tree_level,4.54,4.07,2.7611538461538454
2022,orange,tree_level,10.86,4.97,-1.013018867924528
2022,parkes,tree_level,1.63,6.64,-1.013018867924528
2022,parramatta,tree_level,-0.09,-0.02,-1.013018867924528
2022,penrith,tree_level,-4.79,-7.97,-11.243448275862068
2022,portmacquariehastings,tree_level,4.04,3.99,-1.013018867924528
2022,portstephens,tree_level,5.84,-0.22,-1.013018867924528
2022,queanbeyanpalerang,tree_level,5.67,-2.77,-4.115000000000001
2022,randwick,tree_level,7.48,3.07,-1.013018867924528
2022,richmondvalley,tree_level,4.94,-4.1,-4.115000000000001
2022,ryde,tree_level,7.63,4.62,-1.013018867924528
2022,shellharbour,tree_level,2.25,14.3,3.5278260869565226
2022,shoalhaven,tree_level,-5.32,-3.47,-4.115000000000001
2022,singleton,tree_level,6.16,5.21,-1.013018867924528
2022,snowymonaro,tree_level,-2.15,-30.27,-11.243448275862068
2022,snowyvalleys,tree_level,-0.47,-4.12,-4.115000000000001
2022,strathfield,tree_level,-16.23,-8.71,-11.243448275862068
2022,sutherland,tree_level,5.87,4.23,-1.013018867924528
2022,sydney,tree_level,4.78,-1.25,-4.115000000000001
2022,tamworth,tree_level,0.99,1.56,-1.013018867924528
2022,temora,tree_level,5.04,0.33,2.7611538461538454
2022,tenterfield,tree_level,16.55,1.12,2.7611538461538454
2022,tweed,tree_level,9.9,6.98,-1.013018867924528
2022,upperhunter,tree_level,-18.28,-11.54,-11.243448275862068
2022,upperlachlan,tree_level,3.82,-8.64,-11.243448275862068
2022,uralla,tree_level,-1.04,-8.92,-11.243448275862068
2022,waggawagga,tree_level,1.43,-6.72,-11.243448275862068
2022,walcha,tree_level,7.65,-3.17,-4.115000000000001
2022,walgett,tree_level,17.0,-1.82,-4.115000000000001
2022,warren,tree_level,32.93,32.79,9.185714285714287
2022,warrumbungle,tree_level,18.48,0.43,-1.013018867924528
2022,waverley,tree_level,1.74,-3.43,-4.115000000000001
2022,weddin,tree_level,14.03,-0.25,2.7611538461538454
2022,wentworth,tree_level,10.51,3.15,-1.013018867924528
2022,willoughby,tree_level,-4.08,-1.26,-4.115000000000001
2022,wingecarribee,tree_level,-3.2,2.96,-1.013018867924528
2022,wollondilly,tree_level,-4.51,-7.04,-11.243448275862068
2022,wollongong,tree_level,-1.11,0.95,-1.013018867924528
2022,woollahra,tree_level,3.64,-15.12,-11.243448275862068
2022,yassvalley,tree_level,-2.72,-1.35,-4.115000000000001
2022,albury,tree_change,-6.05,-2.57,-4.635901639344262
2022,ballina,tree_change,2.61,5.37,-0.35204301075268685
2022,balranald,tree_change,20.61,6.35,5.6216
2022,bathurst,tree_change,-19.94,-25.35,-20.0885
2022,bayside,tree_change,8.91,-0.61,-2.6759016393442616
2022,begavalley,tree_change,6.3,2.89,2.1616
2022,bellingen,tree_change,10.7,-1.99,-4.0559016393442615
2022,berrigan,tree_change,-5.9,4.02,3.2915999999999994
2022,blacktown,tree_change,-3.05,-7.75,-9.815901639344261
2022,bland,tree_change,2.27,1.6,4.736500000000001
2022,blayney,tree_change,4.51,-3.74,-5.8059016393442615
2022,bluemountains,tree_change,-5.7,-0.2,-2.265901639344262
2022,bogan,tree_change,15.37,2.71,1.9815999999999998
2022,bourke,tree_change,16.82,4.71,-7.764583333333335
2022,brewarrina,tree_change,17.93,3.74,3.0116
2022,brokenhill,tree_change,10.72,-3.62,-5.685901639344262
2022,burwood,tree_change,-4.26,-8.22,-2.9585
2022,byron,tree_change,4.37,-7.15,-9.215901639344262
2022,cabonne,tree_change,-4.54,-18.0,-12.738499999999998
2022,camden,tree_change,-7.63,-25.33,-20.068499999999997
2022,campbelltown,tree_change,8.92,3.98,-1.742043010752687
2022,canadabay,tree_change,-1.52,0.97,-1.0959016393442618
2022,canterburybankstown,tree_change,-2.2,-5.29,-7.355901639344262
2022,carrathool,tree_change,26.35,-5.84,-2.703499999999999
2022,centralcoast,tree_change,6.19,-10.26,-4.998499999999999
2022,centraldarling,tree_change,15.4,-0.4,2.736500000000001
2022,cessnock,tree_change,-18.55,-5.19,-7.255901639344263
2022,clarencevalley,tree_change,-5.64,-3.88,-5.945901639344262
2022,coffsharbour,tree_change,13.42,4.21,-1.512043010752687
2022,coolamon,tree_change,17.33,8.72,7.991600000000001
2022,coonamble,tree_change,13.87,7.5,-4.974583333333335
2022,cootamundragundagai,tree_change,-7.53,-15.31,-10.0485
2022,cowra,tree_change,4.51,0.77,-1.2959016393442617
2022,cumberland,tree_change,4.39,3.8,-1.9220430107526871
2022,dubbo,tree_change,-1.44,-9.36,-4.098499999999999
2022,dungog,tree_change,-25.16,-13.91,-8.648499999999999
2022,edwardriver,tree_change,2.76,-1.91,-3.9759016393442614
2022,eurobodalla,tree_change,5.12,-1.28,-3.3459016393442615
2022,fairfield,tree_change,5.5,3.3,-2.422043010752687
2022,federation,tree_change,-3.98,-6.35,-8.415901639344261
2022,forbes,tree_change,-1.73,-13.87,-8.6085
2022,georgesriver,tree_change,7.6,-3.75,-5.815901639344261
2022,gilgandra,tree_change,7.42,0.96,4.096500000000001
2022,goulburnmulwaree,tree_change,1.17,5.8,0.07795698924731287
2022,greaterhume,tree_change,8.49,0.04,-2.0259016393442617
2022,griffith,tree_change,5.68,3.96,-1.762043010752687
2022,gunnedah,tree_change,9.56,7.99,2.2679569892473133
2022,gwydir,tree_change,-7.48,-3.67,-0.5334999999999992
2022,hawkesbury,tree_change,14.06,-5.13,-7.195901639344262
2022,hay,tree_change,2.31,-0.16,2.9765000000000006
2022,hills,tree_change,14.08,6.89,6.1616
2022,hilltops,tree_change,-7.28,-9.12,-3.8584999999999985
2022,hornsby,tree_change,11.55,5.07,-0.6520430107526867
2022,huntershill,tree_change,-4.81,-12.43,-7.168499999999999
2022,innerwest,tree_change,-0.52,4.02,-1.7020430107526874
2022,junee,tree_change,11.0,-3.33,-0.19349999999999934
2022,kempsey,tree_change,7.74,2.69,-3.032043010752687
2022,kuringgai,tree_change,7.85,5.85,0.1279569892473127
2022,kyogle,tree_change,14.26,7.05,6.3216
2022,lakemacquarie,tree_change,3.97,0.99,-1.0759016393442618
2022,lanecove,tree_change,10.17,4.24,-1.4820430107526867
2022,leeton,tree_change,3.82,-13.88,-8.618500000000001
2022,lismore,tree_change,-4.09,-9.93,-4.668499999999999
2022,lithgow,tree_change,20.89,-2.19,-4.255901639344262
2022,liverpool,tree_change,1.18,-5.04,-7.105901639344262
2022,liverpoolplains,tree_change,-4.24,-33.87,-28.608499999999996
2022,lockhart,tree_change,11.7,9.51,8.7816
2022,maitland,tree_change,-2.37,4.83,-0.8920430107526869
2022,midcoast,tree_change,-2.47,-5.0,-7.065901639344261
2022,midwestern,tree_change,6.13,13.17,0.6954166666666648
2022,moreeplains,tree_change,2.32,-4.68,-6.745901639344261
2022,mosman,tree_change,10.57,3.03,-2.692043010752687
2022,murrayriver,tree_change,-25.9,-11.51,-6.248499999999999
2022,murrumbidgee,tree_change,4.65,-10.86,-5.598499999999999
2022,muswellbrook,tree_change,9.48,9.96,4.237956989247314
2022,nambuccavalley,tree_change,5.88,-5.47,-7.535901639344262
2022,narrabri,tree_change,3.2,1.94,-10.534583333333336
2022,narrandera,tree_change,15.77,6.16,5.4316
2022,narromine,tree_change,1.79,10.39,9.6616
2022,newcastle,tree_change,3.69,-8.11,-2.8484999999999987
2022,northernbeaches,tree_change,4.46,-7.32,-9.385901639344262
2022,northsydney,tree_change,1.33,1.38,-0.6859016393442618
2022,oberon,tree_change,4.54,4.07,3.3416
2022,orange,tree_change,10.86,4.97,-0.7520430107526872
2022,parkes,tree_change,1.63,6.64,-5.8345833333333355
2022,parramatta,tree_change,-0.09,-0.02,-2.0859016393442618
2022,penrith,tree_change,-4.79,-7.97,-10.035901639344262
2022,portmacquariehastings,tree_change,4.04,3.99,-1.7320430107526867
2022,portstephens,tree_change,5.84,-0.22,-2.285901639344262
2022,queanbeyanpalerang,tree_change,5.67,-2.77,-4.835901639344262
2022,randwick,tree_change,7.48,3.07,-2.652043010752687
2022,richmondvalley,tree_change,4.94,-4.1,-6.165901639344261
2022,ryde,tree_change,7.63,4.62,-1.1020430107526868
2022,shellharbour,tree_change,2.25,14.3,8.577956989247314
2022,shoalhaven,tree_change,-5.32,-3.47,-5.535901639344262
2022,singleton,tree_change,6.16,5.21,-0.512043010752687
2022,snowymonaro,tree_change,-2.15,-30.27,-25.008499999999998
2022,snowyvalleys,tree_change,-0.47,-4.12,-6.185901639344262
2022,strathfield,tree_change,-16.23,-8.71,-3.4485
2022,sutherland,tree_change,5.87,4.23,-1.4920430107526865
2022,sydney,tree_change,4.78,-1.25,-3.3159016393442617
2022,tamworth,tree_change,0.99,1.56,-0.5059016393442617
2022,temora,tree_change,5.04,0.33,3.466500000000001
2022,tenterfield,tree_change,16.55,1.12,4.256500000000001
2022,tweed,tree_change,9.9,6.98,1.2579569892473135
2022,upperhunter,tree_change,-18.28,-11.54,-6.278499999999998
2022,upperlachlan,tree_change,3.82,-8.64,-3.3785
2022,uralla,tree_change,-1.04,-8.92,-3.658499999999999
2022,waggawagga,tree_change,1.43,-6.72,-8.785901639344262
2022,walcha,tree_change,7.65,-3.17,-0.0334999999999992
2022,walgett,tree_change,17.0,-1.82,1.3165000000000007
2022,warren,tree_change,32.93,32.79,32.0616
2022,warrumbungle,tree_change,18.48,0.43,-1.6359016393442618
2022,waverley,tree_change,1.74,-3.43,-5.495901639344262
2022,weddin,tree_change,14.03,-0.25,2.8865000000000007
2022,wentworth,tree_change,10.51,3.15,-9.324583333333335
2022,willoughby,tree_change,-4.08,-1.26,-3.325901639344262
2022,wingecarribee,tree_change,-3.2,2.96,-2.762043010752687
2022,wollondilly,tree_change,-4.51,-7.04,-9.105901639344262
2022,wollongong,tree_change,-1.11,0.95,-1.1159016393442618
2022,woollahra,tree_change,3.64,-15.12,-9.8585
2022,yassvalley,tree_change,-2.72,-1.35,-3.415901639344262
2022,albury,ridge_level,-6.05,-2.57,-5.337874232477195
2022,ballina,ridge_level,2.61,5.37,0.4752665167127217
2022,balranald,ridge_level,20.61,6.35,2.4157662596678957
2022,bathurst,ridge_level,-19.94,-25.35,-17.142589827969367
2022,bayside,ridge_level,8.91,-0.61,-6.039339453667828
2022,begavalley,ridge_level,6.3,2.89,-0.003982043070333008
2022,bellingen,ridge_level,10.7,-1.99,-2.1384316270514345
2022,berrigan,ridge_level,-5.9,4.02,0.0952682093747188
2022,blacktown,ridge_level,-3.05,-7.75,-6.811576631411523
2022,bland,ridge_level,2.27,1.6,-0.8052583403493072
2022,blayney,ridge_level,4.51,-3.74,-2.8600254556450784
2022,bluemountains,ridge_level,-5.7,-0.2,-1.1739379350772823
2022,bogan,ridge_level,15.37,2.71,0.3433326544770845
2022,bourke,ridge_level,16.82,4.71,1.2510338185644743
2022,brewarrina,ridge_level,17.93,3.74,2.539177390614322
2022,brokenhill,ridge_level,10.72,-3.62,-3.333615699987919
2022,burwood,ridge_level,-4.26,-8.22,-6.311518279772753
2022,byron,ridge_level,4.37,-7.15,-7.082672363444555
2022,cabonne,ridge_level,-4.54,-18.0,-7.989707656274279
2022,camden,ridge_level,-7.63,-25.33,-13.171414456975201
2022,campbelltown,ridge_level,8.92,3.98,-0.5323989178131254
2022,canadabay,ridge_level,-1.52,0.97,-2.514956742056797
2022,canterburybankstown,ridge_level,-2.2,-5.29,-5.97406413257443
2022,carrathool,ridge_level,26.35,-5.84,-5.1794265430546
2022,centralcoast,ridge_level,6.19,-10.26,-9.131824099602069
2022,centraldarling,ridge_level,15.4,-0.4,0.961286859998449
2022,cessnock,ridge_level,-18.55,-5.19,-2.6368485189864694
2022,clarencevalley,ridge_level,-5.64,-3.88,-5.484257976328823
2022,coffsharbour,ridge_level,13.42,4.21,0.19741582552206793
2022,coolamon,ridge_level,17.33,8.72,3.531151684709293
2022,coonamble,ridge_level,13.87,7.5,2.848749456889304
2022,cootamundragundagai,ridge_level,-7.53,-15.31,-7.285072404086303
2022,cowra,ridge_level,4.51,0.77,-0.5569239444959047
2022,cumberland,ridge_level,4.39,3.8,-0.048763648413038374
2022,dubbo,ridge_level,-1.44,-9.36,-9.134181552542401
2022,dungog,ridge_level,-25.16,-13.91,-7.688369226593928
2022,edwardriver,ridge_level,2.76,-1.91,-5.816294055008414
2022,eurobodalla,ridge_level,5.12,-1.28,-3.0231298159689652
2022,fairfield,ridge_level,5.5,3.3,-0.019092926385104958
2022,federation,ridge_level,-3.98,-6.35,-5.985504253928895
2022,forbes,ridge_level,-1.73,-13.87,-10.51446890190017
2022,georgesriver,ridge_level,7.6,-3.75,-4.340997837980004
2022,gilgandra,ridge_level,7.42,0.96,-1.4788256922976337
2022,goulburnmulwaree,ridge_level,1.17,5.8,0.5473635870989395
2022,greaterhume,ridge_level,8.49,0.04,0.6019768179713183
2022,griffith,ridge_level,5.68,3.96,-1.8735004808401072
2022,gunnedah,ridge_level,9.56,7.99,0.23685316893015562
2022,gwydir,ridge_level,-7.48,-3.67,-3.7467994249353946
2022,hawkesbury,ridge_level,14.06,-5.13,-4.842335232666862
2022,hay,ridge_level,2.31,-0.16,-0.12531575661554994
2022,hills,ridge_level,14.08,6.89,0.29929394837822865
2022,hilltops,ridge_level,-7.28,-9.12,-6.213279569302934
2022,hornsby,ridge_level,11.55,5.07,2.03138119662498
2022,huntershill,ridge_level,-4.81,-12.43,-9.593111083986965
2022,innerwest,ridge_level,-0.52,4.02,-1.0891723620443579
2022,junee,ridge_level,11.0,-3.33,-0.34279886113524516
2022,kempsey,ridge_level,7.74,2.69,-0.4315553945746915
2022,kuringgai,ridge_level,7.85,5.85,-0.6503814546323214
2022,kyogle,ridge_level,14.26,7.05,4.657380019358332
2022,lakemacquarie,ridge_level,3.97,0.99,-2.343740727273489
2022,lanecove,ridge_level,10.17,4.24,-2.330633637547803
2022,leeton,ridge_level,3.82,-13.88,-8.132571184949004
2022,lismore,ridge_level,-4.09,-9.93,-7.645421541262677
2022,lithgow,ridge_level,20.89,-2.19,-1.6717068482185873
2022,liverpool,ridge_level,1.18,-5.04,-3.9449863387257382
2022,liverpoolplains,ridge_level,-4.24,-33.87,-18.613116965979078
2022,lockhart,ridge_level,11.7,9.51,6.855428010123153
2022,maitland,ridge_level,-2.37,4.83,0.3799007361463784
2022,midcoast,ridge_level,-2.47,-5.0,-7.152331798497797
2022,midwestern,ridge_level,6.13,13.17,3.3816804807666934
2022,moreeplains,ridge_level,2.32,-4.68,-5.821462147355987
2022,mosman,ridge_level,10.57,3.03,-0.47568904028296666
2022,murrayriver,ridge_level,-25.9,-11.51,-8.831129806022325
2022,murrumbidgee,ridge_level,4.65,-10.86,-6.522830885108301
2022,muswellbrook,ridge_level,9.48,9.96,4.126485314983015
2022,nambuccavalley,ridge_level,5.88,-5.47,-4.1207649194588205
2022,narrabri,ridge_level,3.2,1.94,-1.3012900175818405
2022,narrandera,ridge_level,15.77,6.16,3.010987414311506
2022,narromine,ridge_level,1.79,10.39,5.627883471801082
2022,newcastle,ridge_level,3.69,-8.11,-6.247207604378786
2022,northernbeaches,ridge_level,4.46,-7.32,-6.337327634073008
2022,northsydney,ridge_level,1.33,1.38,-2.275295121513649
2022,oberon,ridge_level,4.54,4.07,2.7086399166841524
2022,orange,ridge_level,10.86,4.97,-2.0517346962090564
2022,parkes,ridge_level,1.63,6.64,0.7955305332792457
2022,parramatta,ridge_level,-0.09,-0.02,-3.3125751093666578
2022,penrith,ridge_level,-4.79,-7.97,-6.600612257583149
2022,portmacquariehastings,ridge_level,4.04,3.99,-3.753822655828629
2022,portstephens,ridge_level,5.84,-0.22,-1.3071992872395775
2022,queanbeyanpalerang,ridge_level,5.67,-2.77,-1.7137977096113508
2022,randwick,ridge_level,7.48,3.07,39.059526802055316
2022,richmondvalley,ridge_level,4.94,-4.1,-2.741412031394642
2022,ryde,ridge_level,7.63,4.62,-0.7546039510903986
2022,shellharbour,ridge_level,2.25,14.3,5.8219170896843115
2022,shoalhaven,ridge_level,-5.32,-3.47,-5.082462416788418
2022,singleton,ridge_level,6.16,5.21,1.4476720589201368
2022,snowymonaro,ridge_level,-2.15,-30.27,-18.208796577759333
2022,snowyvalleys,ridge_level,-0.47,-4.12,-2.158418511621536
2022,strathfield,ridge_level,-16.23,-8.71,-5.461107118742968
2022,sutherland,ridge_level,5.87,4.23,-0.9210394733781064
2022,sydney,ridge_level,4.78,-1.25,-2.098542849255214
2022,tamworth,ridge_level,0.99,1.56,-5.116445531711443
2022,temora,ridge_level,5.04,0.33,-0.6431426250071793
2022,tenterfield,ridge_level,16.55,1.12,1.3288461731971044
2022,tweed,ridge_level,9.9,6.98,-2.152386541687009
2022,upperhunter,ridge_level,-18.28,-11.54,-6.518103763186836
2022,upperlachlan,ridge_level,3.82,-8.64,-4.583279415362726
2022,uralla,ridge_level,-1.04,-8.92,-4.2871647968992805
2022,waggawagga,ridge_level,1.43,-6.72,-8.334281342049822
2022,walcha,ridge_level,7.65,-3.17,-1.5665597087735448
2022,walgett,ridge_level,17.0,-1.82,-0.817971108403827
2022,warren,ridge_level,32.93,32.79,19.389969488447854
2022,warrumbungle,ridge_level,18.48,0.43,-1.6928316006833164
2022,waverley,ridge_level,1.74,-3.43,-3.577972128177878
2022,weddin,ridge_level,14.03,-0.25,1.5793390342942024
2022,wentworth,ridge_level,10.51,3.15,-1.6540143910101404
2022,willoughby,ridge_level,-4.08,-1.26,-5.096512119951092
2022,wingecarribee,ridge_level,-3.2,2.96,-1.5054646758694665
2022,wollondilly,ridge_level,-4.51,-7.04,-3.8214737680429565
2022,wollongong,ridge_level,-1.11,0.95,-2.04550755389914
2022,woollahra,ridge_level,3.64,-15.12,-9.956152045388968
2022,yassvalley,ridge_level,-2.72,-1.35,-0.7503295598683757
2022,albury,ridge_change,-6.05,-2.57,-5.575896806557041
2022,ballina,ridge_change,2.61,5.37,0.718027145301817
2022,balranald,ridge_change,20.61,6.35,2.660422685525707
2022,bathurst,ridge_change,-19.94,-25.35,-18.30358403023844
2022,bayside,ridge_change,8.91,-0.61,-6.3332602336928785
2022,begavalley,ridge_change,6.3,2.89,0.3123056528907515
2022,bellingen,ridge_change,10.7,-1.99,-2.11368560050819
2022,berrigan,ridge_change,-5.9,4.02,0.2141978063316614
2022,blacktown,ridge_change,-3.05,-7.75,-7.2448943549043
2022,bland,ridge_change,2.27,1.6,-1.2955676803725833
2022,blayney,ridge_change,4.51,-3.74,-2.9697540815529884
2022,bluemountains,ridge_change,-5.7,-0.2,-0.937974335249576
2022,bogan,ridge_change,15.37,2.71,0.6243149691998022
2022,bourke,ridge_change,16.82,4.71,1.5819138257824887
2022,brewarrina,ridge_change,17.93,3.74,2.8768889587654027
2022,brokenhill,ridge_change,10.72,-3.62,-3.456337634666135
2022,burwood,ridge_change,-4.26,-8.22,-6.775351527960412
2022,byron,ridge_change,4.37,-7.15,-7.41011216851739
2022,cabonne,ridge_change,-4.54,-18.0,-8.713740026015778
2022,camden,ridge_change,-7.63,-25.33,-14.166516043755738
2022,campbelltown,ridge_change,8.92,3.98,-0.3812859589234674
2022,canadabay,ridge_change,-1.52,0.97,-2.624388088407872
2022,canterburybankstown,ridge_change,-2.2,-5.29,-6.34602367822122
2022,carrathool,ridge_change,26.35,-5.84,-5.561437402805164
2022,centralcoast,ridge_change,6.19,-10.26,-9.540715166099243
2022,centraldarling,ridge_change,15.4,-0.4,1.233948150504125
2022,cessnock,ridge_change,-18.55,-5.19,-2.699952879009177
2022,clarencevalley,ridge_change,-5.64,-3.88,-5.740662519878978
2022,coffsharbour,ridge_change,13.42,4.21,0.2786149544926184
2022,coolamon,ridge_change,17.33,8.72,3.4082499237862063
2022,coonamble,ridge_change,13.87,7.5,2.9335783501454493
2022,cootamundragundagai,ridge_change,-7.53,-15.31,-7.8311812492401325
2022,cowra,ridge_change,4.51,0.77,-0.418738108595178
2022,cumberland,ridge_change,4.39,3.8,0.1975556312411091
2022,dubbo,ridge_change,-1.44,-9.36,-9.603273250822497
2022,dungog,ridge_change,-25.16,-13.91,-8.202019666324958
2022,edwardriver,ridge_change,2.76,-1.91,-6.154148762678047
2022,eurobodalla,ridge_change,5.12,-1.28,-3.0250401259593387
2022,fairfield,ridge_change,5.5,3.3,0.23486681885774585
2022,federation,ridge_change,-3.98,-6.35,-6.19133482833933
2022,forbes,ridge_change,-1.73,-13.87,-11.109211178017182
2022,georgesriver,ridge_change,7.6,-3.75,-4.510028574904404
2022,gilgandra,ridge_change,7.42,0.96,-1.453213175477042
2022,goulburnmulwaree,ridge_change,1.17,5.8,0.8904957501629882
2022,greaterhume,ridge_change,8.49,0.04,0.8258123146953116
2022,griffith,ridge_change,5.68,3.96,-1.7892413609862219
2022,gunnedah,ridge_change,9.56,7.99,0.5305288160954049
2022,gwydir,ridge_change,-7.48,-3.67,-3.7603573354795277
2022,hawkesbury,ridge_change,14.06,-5.13,-5.034324934006794
2022,hay,ridge_change,2.31,-0.16,-0.009043126208640867
2022,hills,ridge_change,14.08,6.89,0.27542947203905843
2022,hilltops,ridge_change,-7.28,-9.12,-6.426784239517344
2022,hornsby,ridge_change,11.55,5.07,2.2544865680303734
2022,huntershill,ridge_change,-4.81,-12.43,-10.377635430756886
2022,innerwest,ridge_change,-0.52,4.02,-1.0837622887124203
2022,junee,ridge_change,11.0,-3.33,-0.23737599721822278
2022,kempsey,ridge_change,7.74,2.69,-0.19720409599769484
2022,kuringgai,ridge_change,7.85,5.85,-0.5145342843417886
2022,kyogle,ridge_change,14.26,7.05,5.157184408042136
2022,lakemacquarie,ridge_change,3.97,0.99,-2.2986309560577443
2022,lanecove,ridge_change,10.17,4.24,-2.4292279749725063
2022,leeton,ridge_change,3.82,-13.88,-8.785316892398683
2022,lismore,ridge_change,-4.09,-9.93,-8.00220764890398
2022,lithgow,ridge_change,20.89,-2.19,-1.5497615054514124
2022,liverpool,ridge_change,1.18,-5.04,-3.9990725275180887
2022,liverpoolplains,ridge_change,-4.24,-33.87,-20.182177487327657
2022,lockhart,ridge_change,11.7,9.51,7.520162283477751
2022,maitland,ridge_change,-2.37,4.83,0.5826281252997809
2022,midcoast,ridge_change,-2.47,-5.0,-7.3874941729382435
2022,midwestern,ridge_change,6.13,13.17,3.946474230889267
2022,moreeplains,ridge_change,2.32,-4.68,-6.086426831348956
2022,mosman,ridge_change,10.57,3.03,-0.3763220592409753
2022,murrayriver,ridge_change,-25.9,-11.51,-9.457302478367893
2022,murrumbidgee,ridge_change,4.65,-10.86,-7.227944798920691
2022,muswellbrook,ridge_change,9.48,9.96,4.830585883467297
2022,nambuccavalley,ridge_change,5.88,-5.47,-4.259533591970733
2022,narrabri,ridge_change,3.2,1.94,-1.1812543050481712
2022,narrandera,ridge_change,15.77,6.16,3.081534029316304
2022,narromine,ridge_change,1.79,10.39,6.356827862399079
2022,newcastle,ridge_change,3.69,-8.11,-6.546680765046761
2022,northernbeaches,ridge_change,4.46,-7.32,-6.588522690847871
2022,northsydney,ridge_change,1.33,1.38,-2.363881524885178
2022,oberon,ridge_change,4.54,4.07,2.9831132565055993
2022,orange,ridge_change,10.86,4.97,-1.9435384654131465
2022,parkes,ridge_change,1.63,6.64,1.2467200967761185
2022,parramatta,ridge_change,-0.09,-0.02,-3.4480290425389035
2022,penrith,ridge_change,-4.79,-7.97,-6.8666740282095375
2022,portmacquariehastings,ridge_change,4.04,3.99,-3.652765219763592
2022,portstephens,ridge_change,5.84,-0.22,-1.150781093654728
2022,queanbeyanpalerang,ridge_change,5.67,-2.77,-1.6023710989171955
2022,randwick,ridge_change,7.48,3.07,34.42355074647821
2022,richmondvalley,ridge_change,4.94,-4.1,-2.8226357389098666
2022,ryde,ridge_change,7.63,4.62,-0.7688430863505689
2022,shellharbour,ridge_change,2.25,14.3,6.596522119286089
2022,shoalhaven,ridge_change,-5.32,-3.47,-5.09709373666065
2022,singleton,ridge_change,6.16,5.21,1.8121693567496902
2022,snowymonaro,ridge_change,-2.15,-30.27,-19.492131882639605
2022,snowyvalleys,ridge_change,-0.47,-4.12,-2.1272340000817636
2022,strathfield,ridge_change,-16.23,-8.71,-5.83371634355028
2022,sutherland,ridge_change,5.87,4.23,-0.7750418439803184
2022,sydney,ridge_change,4.78,-1.25,-2.5192441961498115
2022,tamworth,ridge_change,0.99,1.56,-5.192902028755167
2022,temora,ridge_change,5.04,0.33,-0.5525863366527322
2022,tenterfield,ridge_change,16.55,1.12,1.6914453963032132
2022,tweed,ridge_change,9.9,6.98,-1.9914579691359577
2022,upperhunter,ridge_change,-18.28,-11.54,-6.838836195345585
2022,upperlachlan,ridge_change,3.82,-8.64,-4.652825736233111
2022,uralla,ridge_change,-1.04,-8.92,-4.541887689940242
2022,waggawagga,ridge_change,1.43,-6.72,-8.767555849280782
2022,walcha,ridge_change,7.65,-3.17,-1.5099052725252333
2022,walgett,ridge_change,17.0,-1.82,-0.8244852258437205
2022,warren,ridge_change,32.93,32.79,21.038060749790848
2022,warrumbungle,ridge_change,18.48,0.43,-1.6238955955614462
2022,waverley,ridge_change,1.74,-3.43,-3.8643725077210043
2022,weddin,ridge_change,14.03,-0.25,1.7273592968490457
2022,wentworth,ridge_change,10.51,3.15,-1.5657494755616086
2022,willoughby,ridge_change,-4.08,-1.26,-5.391440744685059
2022,wingecarribee,ridge_change,-3.2,2.96,-1.4957947170518304
2022,wollondilly,ridge_change,-4.51,-7.04,-3.847699020909107
2022,wollongong,ridge_change,-1.11,0.95,-1.915322168270434
2022,woollahra,ridge_change,3.64,-15.12,-10.77880199310927
2022,yassvalley,ridge_change,-2.72,-1.35,-0.6585947903517302
2023,albury,training_mean,-6.61,-2.11,-0.1746049046321525
2023,ballina,training_mean,4.14,0.48,-0.1746049046321525
2023,balranald,training_mean,1.06,11.99,-0.1746049046321525
2023,bathurst,training_mean,-8.5,-20.8,-0.1746049046321525
2023,bayside,training_mean,7.21,5.62,-0.1746049046321525
2023,begavalley,training_mean,6.88,11.77,-0.1746049046321525
2023,bellingen,training_mean,5.61,8.77,-0.1746049046321525
2023,berrigan,training_mean,-9.95,-2.0,-0.1746049046321525
2023,blacktown,training_mean,-0.01,-2.94,-0.1746049046321525
2023,bland,training_mean,30.71,17.02,-0.1746049046321525
2023,blayney,training_mean,2.8,-0.86,-0.1746049046321525
2023,bluemountains,training_mean,-7.19,5.15,-0.1746049046321525
2023,bogan,training_mean,11.84,7.79,-0.1746049046321525
2023,bourke,training_mean,2.55,0.14,-0.1746049046321525
2023,brewarrina,training_mean,-2.93,6.74,-0.1746049046321525
2023,brokenhill,training_mean,2.58,1.77,-0.1746049046321525
2023,burwood,training_mean,2.91,-7.22,-0.1746049046321525
2023,byron,training_mean,4.28,-5.41,-0.1746049046321525
2023,cabonne,training_mean,-23.55,-10.44,-0.1746049046321525
2023,camden,training_mean,-13.63,-9.66,-0.1746049046321525
2023,campbelltown,training_mean,0.86,6.09,-0.1746049046321525
2023,canadabay,training_mean,2.28,0.34,-0.1746049046321525
2023,canterburybankstown,training_mean,-10.76,-0.81,-0.1746049046321525
2023,carrathool,training_mean,23.14,23.98,-0.1746049046321525
2023,centralcoast,training_mean,6.04,7.73,-0.1746049046321525
2023,centraldarling,training_mean,0.73,7.01,-0.1746049046321525
2023,cessnock,training_mean,-5.94,3.42,-0.1746049046321525
2023,clarencevalley,training_mean,-12.13,0.15,-0.1746049046321525
2023,coffsharbour,training_mean,10.46,2.52,-0.1746049046321525
2023,coolamon,training_mean,11.54,8.53,-0.1746049046321525
2023,coonamble,training_mean,4.27,13.33,-0.1746049046321525
2023,cootamundragundagai,training_mean,-6.73,-4.98,-0.1746049046321525
2023,cowra,training_mean,7.31,6.5,-0.1746049046321525
2023,cumberland,training_mean,2.68,3.18,-0.1746049046321525
2023,dubbo,training_mean,0.55,-0.86,-0.1746049046321525
2023,dungog,training_mean,-25.82,-23.44,-0.1746049046321525
2023,edwardriver,training_mean,27.68,10.97,-0.1746049046321525
2023,eurobodalla,training_mean,-3.46,6.14,-0.1746049046321525
2023,fairfield,training_mean,3.31,7.26,-0.1746049046321525
2023,federation,training_mean,16.45,-0.03,-0.1746049046321525
2023,forbes,training_mean,-1.95,-9.85,-0.1746049046321525
2023,georgesriver,training_mean,2.73,-1.8,-0.1746049046321525
2023,gilgandra,training_mean,8.3,6.18,-0.1746049046321525
2023,gleninnessevern,training_mean,-11.16,1.23,-0.1746049046321525
2023,goulburnmulwaree,training_mean,-4.49,6.16,-0.1746049046321525
2023,greaterhume,training_mean,-4.35,-0.41,-0.1746049046321525
2023,griffith,training_mean,0.5,5.35,-0.1746049046321525
2023,gunnedah,training_mean,9.63,9.1,-0.1746049046321525
2023,gwydir,training_mean,-0.91,-15.15,-0.1746049046321525
2023,hawkesbury,training_mean,13.01,10.52,-0.1746049046321525
2023,hay,training_mean,10.03,12.89,-0.1746049046321525
2023,hills,training_mean,17.05,7.07,-0.1746049046321525
2023,hilltops,training_mean,-9.42,5.24,-0.1746049046321525
2023,hornsby,training_mean,-2.08,-1.89,-0.1746049046321525
2023,huntershill,training_mean,-5.34,-12.99,-0.1746049046321525
2023,innerwest,training_mean,-0.65,-3.4,-0.1746049046321525
2023,junee,training_mean,4.87,9.3,-0.1746049046321525
2023,kempsey,training_mean,2.37,1.08,-0.1746049046321525
2023,kiama,training_mean,-17.57,-13.7,-0.1746049046321525
2023,kuringgai,training_mean,1.65,4.9,-0.1746049046321525
2023,kyogle,training_mean,14.99,28.9,-0.1746049046321525
2023,lakemacquarie,training_mean,0.6,1.96,-0.1746049046321525
2023,lanecove,training_mean,9.74,4.76,-0.1746049046321525
2023,leeton,training_mean,-0.38,0.12,-0.1746049046321525
2023,lismore,training_mean,-2.08,0.88,-0.1746049046321525
2023,lithgow,training_mean,3.03,4.91,-0.1746049046321525
2023,liverpool,training_mean,-4.19,-1.93,-0.1746049046321525
2023,liverpoolplains,training_mean,-8.01,-19.42,-0.1746049046321525
2023,lockhart,training_mean,-16.97,2.64,-0.1746049046321525
2023,maitland,training_mean,-14.92,3.2,-0.1746049046321525
2023,midcoast,training_mean,3.3300000000000005,4.2,-0.1746049046321525
2023,midwestern,training_mean,3.09,10.19,-0.1746049046321525
2023,moreeplains,training_mean,5.95,-6.37,-0.1746049046321525
2023,mosman,training_mean,6.25,4.19,-0.1746049046321525
2023,murrayriver,training_mean,-7.07,-31.18,-0.1746049046321525
2023,murrumbidgee,training_mean,-13.390000000000002,1.63,-0.1746049046321525
2023,muswellbrook,training_mean,20.18,8.34,-0.1746049046321525
2023,nambuccavalley,training_mean,5.8,0.74,-0.1746049046321525
2023,narrabri,training_mean,5.61,4.7,-0.1746049046321525
2023,narrandera,training_mean,16.14,0.28,-0.1746049046321525
2023,narromine,training_mean,-22.65,-6.42,-0.1746049046321525
2023,newcastle,training_mean,3.18,-0.64,-0.1746049046321525
2023,northernbeaches,training_mean,3.73,4.53,-0.1746049046321525
2023,northsydney,training_mean,-0.02,4.15,-0.1746049046321525
2023,oberon,training_mean,-2.46,-7.62,-0.1746049046321525
2023,orange,training_mean,5.59,6.52,-0.1746049046321525
2023,parkes,training_mean,6.19,8.67,-0.1746049046321525
2023,parramatta,training_mean,12.36,1.78,-0.1746049046321525
2023,penrith,training_mean,-5.58,-1.3,-0.1746049046321525
2023,portmacquariehastings,training_mean,4.09,14.47,-0.1746049046321525
2023,portstephens,training_mean,4.6,3.21,-0.1746049046321525
2023,queanbeyanpalerang,training_mean,3.61,-1.74,-0.1746049046321525
2023,randwick,training_mean,3.45,5.57,-0.1746049046321525
2023,richmondvalley,training_mean,-16.63,-2.8,-0.1746049046321525
2023,ryde,training_mean,4.04,4.36,-0.1746049046321525
2023,shellharbour,training_mean,-3.3000000000000003,16.64,-0.1746049046321525
2023,shoalhaven,training_mean,-9.11,-4.72,-0.1746049046321525
2023,singleton,training_mean,5.09,-0.69,-0.1746049046321525
2023,snowymonaro,training_mean,-8.19,-0.34,-0.1746049046321525
2023,snowyvalleys,training_mean,6.72,-3.88,-0.1746049046321525
2023,strathfield,training_mean,-11.46,-8.02,-0.1746049046321525
2023,sutherland,training_mean,-1.9,2.44,-0.1746049046321525
2023,sydney,training_mean,0.45,-4.84,-0.1746049046321525
2023,tamworth,training_mean,-0.9000000000000001,0.37,-0.1746049046321525
2023,temora,training_mean,1.26,4.38,-0.1746049046321525
2023,tenterfield,training_mean,30.27,12.76,-0.1746049046321525
2023,tweed,training_mean,9.47,5.3,-0.1746049046321525
2023,upperhunter,training_mean,-24.75,-20.21,-0.1746049046321525
2023,upperlachlan,training_mean,-1.58,-4.58,-0.1746049046321525
2023,uralla,training_mean,8.96,-3.0,-0.1746049046321525
2023,waggawagga,training_mean,-4.63,-4.67,-0.1746049046321525
2023,walcha,training_mean,17.63,1.69,-0.1746049046321525
2023,walgett,training_mean,1.83,0.0,-0.1746049046321525
2023,warren,training_mean,24.73,27.11,-0.1746049046321525
2023,warrumbungle,training_mean,13.19,6.11,-0.1746049046321525
2023,waverley,training_mean,0.31,-2.58,-0.1746049046321525
2023,weddin,training_mean,-9.65,-7.05,-0.1746049046321525
2023,wentworth,training_mean,1.49,8.66,-0.1746049046321525
2023,willoughby,training_mean,-1.77,-2.42,-0.1746049046321525
2023,wingecarribee,training_mean,1.27,-1.82,-0.1746049046321525
2023,wollondilly,training_mean,-5.88,-8.95,-0.1746049046321525
2023,wollongong,training_mean,-15.39,4.89,-0.1746049046321525
2023,woollahra,training_mean,5.44,-4.58,-0.1746049046321525
2023,yassvalley,training_mean,-7.12,3.76,-0.1746049046321525
2023,albury,persistence,-6.61,-2.11,-2.11
2023,ballina,persistence,4.14,0.48,0.48
2023,balranald,persistence,1.06,11.99,11.99
2023,bathurst,persistence,-8.5,-20.8,-20.8
2023,bayside,persistence,7.21,5.62,5.62
2023,begavalley,persistence,6.88,11.77,11.77
2023,bellingen,persistence,5.61,8.77,8.77
2023,berrigan,persistence,-9.95,-2.0,-2.0
2023,blacktown,persistence,-0.01,-2.94,-2.94
2023,bland,persistence,30.71,17.02,17.02
2023,blayney,persistence,2.8,-0.86,-0.86
2023,bluemountains,persistence,-7.19,5.15,5.15
2023,bogan,persistence,11.84,7.79,7.79
2023,bourke,persistence,2.55,0.14,0.14
2023,brewarrina,persistence,-2.93,6.74,6.74
2023,brokenhill,persistence,2.58,1.77,1.77
2023,burwood,persistence,2.91,-7.22,-7.22
2023,byron,persistence,4.28,-5.41,-5.41
2023,cabonne,persistence,-23.55,-10.44,-10.44
2023,camden,persistence,-13.63,-9.66,-9.66
2023,campbelltown,persistence,0.86,6.09,6.09
2023,canadabay,persistence,2.28,0.34,0.34
2023,canterburybankstown,persistence,-10.76,-0.81,-0.81
2023,carrathool,persistence,23.14,23.98,23.98
2023,centralcoast,persistence,6.04,7.73,7.73
2023,centraldarling,persistence,0.73,7.01,7.01
2023,cessnock,persistence,-5.94,3.42,3.42
2023,clarencevalley,persistence,-12.13,0.15,0.15
2023,coffsharbour,persistence,10.46,2.52,2.52
2023,coolamon,persistence,11.54,8.53,8.53
2023,coonamble,persistence,4.27,13.33,13.33
2023,cootamundragundagai,persistence,-6.73,-4.98,-4.98
2023,cowra,persistence,7.31,6.5,6.5
2023,cumberland,persistence,2.68,3.18,3.18
2023,dubbo,persistence,0.55,-0.86,-0.86
2023,dungog,persistence,-25.82,-23.44,-23.44
2023,edwardriver,persistence,27.68,10.97,10.97
2023,eurobodalla,persistence,-3.46,6.14,6.14
2023,fairfield,persistence,3.31,7.26,7.26
2023,federation,persistence,16.45,-0.03,-0.03
2023,forbes,persistence,-1.95,-9.85,-9.85
2023,georgesriver,persistence,2.73,-1.8,-1.8
2023,gilgandra,persistence,8.3,6.18,6.18
2023,gleninnessevern,persistence,-11.16,1.23,1.23
2023,goulburnmulwaree,persistence,-4.49,6.16,6.16
2023,greaterhume,persistence,-4.35,-0.41,-0.41
2023,griffith,persistence,0.5,5.35,5.35
2023,gunnedah,persistence,9.63,9.1,9.1
2023,gwydir,persistence,-0.91,-15.15,-15.15
2023,hawkesbury,persistence,13.01,10.52,10.52
2023,hay,persistence,10.03,12.89,12.89
2023,hills,persistence,17.05,7.07,7.07
2023,hilltops,persistence,-9.42,5.24,5.24
2023,hornsby,persistence,-2.08,-1.89,-1.89
2023,huntershill,persistence,-5.34,-12.99,-12.99
2023,innerwest,persistence,-0.65,-3.4,-3.4
2023,junee,persistence,4.87,9.3,9.3
2023,kempsey,persistence,2.37,1.08,1.08
2023,kiama,persistence,-17.57,-13.7,-13.7
2023,kuringgai,persistence,1.65,4.9,4.9
2023,kyogle,persistence,14.99,28.9,28.9
2023,lakemacquarie,persistence,0.6,1.96,1.96
2023,lanecove,persistence,9.74,4.76,4.76
2023,leeton,persistence,-0.38,0.12,0.12
2023,lismore,persistence,-2.08,0.88,0.88
2023,lithgow,persistence,3.03,4.91,4.91
2023,liverpool,persistence,-4.19,-1.93,-1.93
2023,liverpoolplains,persistence,-8.01,-19.42,-19.42
2023,lockhart,persistence,-16.97,2.64,2.64
2023,maitland,persistence,-14.92,3.2,3.2
2023,midcoast,persistence,3.3300000000000005,4.2,4.2
2023,midwestern,persistence,3.09,10.19,10.19
2023,moreeplains,persistence,5.95,-6.37,-6.37
2023,mosman,persistence,6.25,4.19,4.19
2023,murrayriver,persistence,-7.07,-31.18,-31.18
2023,murrumbidgee,persistence,-13.390000000000002,1.63,1.63
2023,muswellbrook,persistence,20.18,8.34,8.34
2023,nambuccavalley,persistence,5.8,0.74,0.74
2023,narrabri,persistence,5.61,4.7,4.7
2023,narrandera,persistence,16.14,0.28,0.28
2023,narromine,persistence,-22.65,-6.42,-6.42
2023,newcastle,persistence,3.18,-0.64,-0.64
2023,northernbeaches,persistence,3.73,4.53,4.53
2023,northsydney,persistence,-0.02,4.15,4.15
2023,oberon,persistence,-2.46,-7.62,-7.62
2023,orange,persistence,5.59,6.52,6.52
2023,parkes,persistence,6.19,8.67,8.67
2023,parramatta,persistence,12.36,1.78,1.78
2023,penrith,persistence,-5.58,-1.3,-1.3
2023,portmacquariehastings,persistence,4.09,14.47,14.47
2023,portstephens,persistence,4.6,3.21,3.21
2023,queanbeyanpalerang,persistence,3.61,-1.74,-1.74
2023,randwick,persistence,3.45,5.57,5.57
2023,richmondvalley,persistence,-16.63,-2.8,-2.8
2023,ryde,persistence,4.04,4.36,4.36
2023,shellharbour,persistence,-3.3000000000000003,16.64,16.64
2023,shoalhaven,persistence,-9.11,-4.72,-4.72
2023,singleton,persistence,5.09,-0.69,-0.69
2023,snowymonaro,persistence,-8.19,-0.34,-0.34
2023,snowyvalleys,persistence,6.72,-3.88,-3.88
2023,strathfield,persistence,-11.46,-8.02,-8.02
2023,sutherland,persistence,-1.9,2.44,2.44
2023,sydney,persistence,0.45,-4.84,-4.84
2023,tamworth,persistence,-0.9000000000000001,0.37,0.37
2023,temora,persistence,1.26,4.38,4.38
2023,tenterfield,persistence,30.27,12.76,12.76
2023,tweed,persistence,9.47,5.3,5.3
2023,upperhunter,persistence,-24.75,-20.21,-20.21
2023,upperlachlan,persistence,-1.58,-4.58,-4.58
2023,uralla,persistence,8.96,-3.0,-3.0
2023,waggawagga,persistence,-4.63,-4.67,-4.67
2023,walcha,persistence,17.63,1.69,1.69
2023,walgett,persistence,1.83,0.0,0.0
2023,warren,persistence,24.73,27.11,27.11
2023,warrumbungle,persistence,13.19,6.11,6.11
2023,waverley,persistence,0.31,-2.58,-2.58
2023,weddin,persistence,-9.65,-7.05,-7.05
2023,wentworth,persistence,1.49,8.66,8.66
2023,willoughby,persistence,-1.77,-2.42,-2.42
2023,wingecarribee,persistence,1.27,-1.82,-1.82
2023,wollondilly,persistence,-5.88,-8.95,-8.95
2023,wollongong,persistence,-15.39,4.89,4.89
2023,woollahra,persistence,5.44,-4.58,-4.58
2023,yassvalley,persistence,-7.12,3.76,3.76
2023,albury,mean_change,-6.61,-2.11,-3.648310626702997
2023,ballina,mean_change,4.14,0.48,-1.0583106267029971
2023,balranald,mean_change,1.06,11.99,10.451689373297004
2023,bathurst,mean_change,-8.5,-20.8,-22.338310626703
2023,bayside,mean_change,7.21,5.62,4.081689373297003
2023,begavalley,mean_change,6.88,11.77,10.231689373297002
2023,bellingen,mean_change,5.61,8.77,7.2316893732970025
2023,berrigan,mean_change,-9.95,-2.0,-3.538310626702997
2023,blacktown,mean_change,-0.01,-2.94,-4.4783106267029975
2023,bland,mean_change,30.71,17.02,15.481689373297002
2023,blayney,mean_change,2.8,-0.86,-2.398310626702997
2023,bluemountains,mean_change,-7.19,5.15,3.6116893732970032
2023,bogan,mean_change,11.84,7.79,6.251689373297003
2023,bourke,mean_change,2.55,0.14,-1.398310626702997
2023,brewarrina,mean_change,-2.93,6.74,5.201689373297003
2023,brokenhill,mean_change,2.58,1.77,0.2316893732970029
2023,burwood,mean_change,2.91,-7.22,-8.758310626702997
2023,byron,mean_change,4.28,-5.41,-6.948310626702997
2023,cabonne,mean_change,-23.55,-10.44,-11.978310626702996
2023,camden,mean_change,-13.63,-9.66,-11.198310626702998
2023,campbelltown,mean_change,0.86,6.09,4.551689373297003
2023,canadabay,mean_change,2.28,0.34,-1.198310626702997
2023,canterburybankstown,mean_change,-10.76,-0.81,-2.348310626702997
2023,carrathool,mean_change,23.14,23.98,22.441689373297002
2023,centralcoast,mean_change,6.04,7.73,6.191689373297003
2023,centraldarling,mean_change,0.73,7.01,5.471689373297003
2023,cessnock,mean_change,-5.94,3.42,1.8816893732970028
2023,clarencevalley,mean_change,-12.13,0.15,-1.3883106267029972
2023,coffsharbour,mean_change,10.46,2.52,0.9816893732970029
2023,coolamon,mean_change,11.54,8.53,6.991689373297002
2023,coonamble,mean_change,4.27,13.33,11.791689373297004
2023,cootamundragundagai,mean_change,-6.73,-4.98,-6.5183106267029975
2023,cowra,mean_change,7.31,6.5,4.961689373297003
2023,cumberland,mean_change,2.68,3.18,1.641689373297003
2023,dubbo,mean_change,0.55,-0.86,-2.398310626702997
2023,dungog,mean_change,-25.82,-23.44,-24.978310626703
2023,edwardriver,mean_change,27.68,10.97,9.431689373297004
2023,eurobodalla,mean_change,-3.46,6.14,4.601689373297003
2023,fairfield,mean_change,3.31,7.26,5.721689373297003
2023,federation,mean_change,16.45,-0.03,-1.5683106267029971
2023,forbes,mean_change,-1.95,-9.85,-11.388310626702996
2023,georgesriver,mean_change,2.73,-1.8,-3.338310626702997
2023,gilgandra,mean_change,8.3,6.18,4.641689373297003
2023,gleninnessevern,mean_change,-11.16,1.23,-0.30831062670299714
2023,goulburnmulwaree,mean_change,-4.49,6.16,4.621689373297003
2023,greaterhume,mean_change,-4.35,-0.41,-1.948310626702997
2023,griffith,mean_change,0.5,5.35,3.8116893732970025
2023,gunnedah,mean_change,9.63,9.1,7.5616893732970025
2023,gwydir,mean_change,-0.91,-15.15,-16.688310626702997
2023,hawkesbury,mean_change,13.01,10.52,8.981689373297002
2023,hay,mean_change,10.03,12.89,11.351689373297003
2023,hills,mean_change,17.05,7.07,5.531689373297003
2023,hilltops,mean_change,-9.42,5.24,3.701689373297003
2023,hornsby,mean_change,-2.08,-1.89,-3.428310626702997
2023,huntershill,mean_change,-5.34,-12.99,-14.528310626702996
2023,innerwest,mean_change,-0.65,-3.4,-4.938310626702997
2023,junee,mean_change,4.87,9.3,7.761689373297004
2023,kempsey,mean_change,2.37,1.08,-0.45831062670299705
2023,kiama,mean_change,-17.57,-13.7,-15.238310626702997
2023,kuringgai,mean_change,1.65,4.9,3.3616893732970032
2023,kyogle,mean_change,14.99,28.9,27.361689373297
2023,lakemacquarie,mean_change,0.6,1.96,0.42168937329700285
2023,lanecove,mean_change,9.74,4.76,3.2216893732970027
2023,leeton,mean_change,-0.38,0.12,-1.418310626702997
2023,lismore,mean_change,-2.08,0.88,-0.6583106267029971
2023,lithgow,mean_change,3.03,4.91,3.371689373297003
2023,liverpool,mean_change,-4.19,-1.93,-3.468310626702997
2023,liverpoolplains,mean_change,-8.01,-19.42,-20.958310626703
2023,lockhart,mean_change,-16.97,2.64,1.101689373297003
2023,maitland,mean_change,-14.92,3.2,1.661689373297003
2023,midcoast,mean_change,3.3300000000000005,4.2,2.661689373297003
2023,midwestern,mean_change,3.09,10.19,8.651689373297003
2023,moreeplains,mean_change,5.95,-6.37,-7.908310626702997
2023,mosman,mean_change,6.25,4.19,2.6516893732970033
2023,murrayriver,mean_change,-7.07,-31.18,-32.718310626702994
2023,murrumbidgee,mean_change,-13.390000000000002,1.63,0.09168937329700277
2023,muswellbrook,mean_change,20.18,8.34,6.801689373297003
2023,nambuccavalley,mean_change,5.8,0.74,-0.7983106267029971
2023,narrabri,mean_change,5.61,4.7,3.161689373297003
2023,narrandera,mean_change,16.14,0.28,-1.258310626702997
2023,narromine,mean_change,-22.65,-6.42,-7.958310626702997
2023,newcastle,mean_change,3.18,-0.64,-2.1783106267029972
2023,northernbeaches,mean_change,3.73,4.53,2.991689373297003
2023,northsydney,mean_change,-0.02,4.15,2.6116893732970032
2023,oberon,mean_change,-2.46,-7.62,-9.158310626702997
2023,orange,mean_change,5.59,6.52,4.9816893732970025
2023,parkes,mean_change,6.19,8.67,7.131689373297003
2023,parramatta,mean_change,12.36,1.78,0.2416893732970029
2023,penrith,mean_change,-5.58,-1.3,-2.838310626702997
2023,portmacquariehastings,mean_change,4.09,14.47,12.931689373297004
2023,portstephens,mean_change,4.6,3.21,1.6716893732970028
2023,queanbeyanpalerang,mean_change,3.61,-1.74,-3.2783106267029973
2023,randwick,mean_change,3.45,5.57,4.031689373297003
2023,richmondvalley,mean_change,-16.63,-2.8,-4.338310626702997
2023,ryde,mean_change,4.04,4.36,2.821689373297003
2023,shellharbour,mean_change,-3.3000000000000003,16.64,15.101689373297003
2023,shoalhaven,mean_change,-9.11,-4.72,-6.258310626702997
2023,singleton,mean_change,5.09,-0.69,-2.228310626702997
2023,snowymonaro,mean_change,-8.19,-0.34,-1.8783106267029972
2023,snowyvalleys,mean_change,6.72,-3.88,-5.418310626702997
2023,strathfield,mean_change,-11.46,-8.02,-9.558310626702998
2023,sutherland,mean_change,-1.9,2.44,0.9016893732970028
2023,sydney,mean_change,0.45,-4.84,-6.378310626702997
2023,tamworth,mean_change,-0.9000000000000001,0.37,-1.168310626702997
2023,temora,mean_change,1.26,4.38,2.8416893732970028
2023,tenterfield,mean_change,30.27,12.76,11.221689373297004
2023,tweed,mean_change,9.47,5.3,3.7616893732970027
2023,upperhunter,mean_change,-24.75,-20.21,-21.748310626703
2023,upperlachlan,mean_change,-1.58,-4.58,-6.118310626702997
2023,uralla,mean_change,8.96,-3.0,-4.538310626702997
2023,waggawagga,mean_change,-4.63,-4.67,-6.208310626702997
2023,walcha,mean_change,17.63,1.69,0.15168937329700283
2023,walgett,mean_change,1.83,0.0,-1.5383106267029971
2023,warren,mean_change,24.73,27.11,25.571689373297
2023,warrumbungle,mean_change,13.19,6.11,4.571689373297003
2023,waverley,mean_change,0.31,-2.58,-4.118310626702997
2023,weddin,mean_change,-9.65,-7.05,-8.588310626702997
2023,wentworth,mean_change,1.49,8.66,7.121689373297003
2023,willoughby,mean_change,-1.77,-2.42,-3.958310626702997
2023,wingecarribee,mean_change,1.27,-1.82,-3.3583106267029974
2023,wollondilly,mean_change,-5.88,-8.95,-10.488310626702997
2023,wollongong,mean_change,-15.39,4.89,3.3516893732970026
2023,woollahra,mean_change,5.44,-4.58,-6.118310626702997
2023,yassvalley,mean_change,-7.12,3.76,2.2216893732970027
2023,albury,tree_fiscal_only,-6.61,-2.11,-2.6710924369747904
2023,ballina,tree_fiscal_only,4.14,0.48,0.7941666666666665
2023,balranald,tree_fiscal_only,1.06,11.99,12.813999999999998
2023,bathurst,tree_fiscal_only,-8.5,-20.8,-14.816363636363638
2023,bayside,tree_fiscal_only,7.21,5.62,0.7941666666666665
2023,begavalley,tree_fiscal_only,6.88,11.77,12.813999999999998
2023,bellingen,tree_fiscal_only,5.61,8.77,5.001052631578949
2023,berrigan,tree_fiscal_only,-9.95,-2.0,-2.6710924369747904
2023,blacktown,tree_fiscal_only,-0.01,-2.94,-2.6710924369747904
2023,bland,tree_fiscal_only,30.71,17.02,12.813999999999998
2023,blayney,tree_fiscal_only,2.8,-0.86,-2.6710924369747904
2023,bluemountains,tree_fiscal_only,-7.19,5.15,0.7941666666666665
2023,bogan,tree_fiscal_only,11.84,7.79,0.7941666666666665
2023,bourke,tree_fiscal_only,2.55,0.14,0.7941666666666665
2023,brewarrina,tree_fiscal_only,-2.93,6.74,0.7941666666666665
2023,brokenhill,tree_fiscal_only,2.58,1.77,0.7941666666666665
2023,burwood,tree_fiscal_only,2.91,-7.22,-2.6710924369747904
2023,byron,tree_fiscal_only,4.28,-5.41,-2.6710924369747904
2023,cabonne,tree_fiscal_only,-23.55,-10.44,-2.6710924369747904
2023,camden,tree_fiscal_only,-13.63,-9.66,-2.6710924369747904
2023,campbelltown,tree_fiscal_only,0.86,6.09,0.7941666666666665
2023,canadabay,tree_fiscal_only,2.28,0.34,0.7941666666666665
2023,canterburybankstown,tree_fiscal_only,-10.76,-0.81,-2.6710924369747904
2023,carrathool,tree_fiscal_only,23.14,23.98,12.813999999999998
2023,centralcoast,tree_fiscal_only,6.04,7.73,0.7941666666666665
2023,centraldarling,tree_fiscal_only,0.73,7.01,0.7941666666666665
2023,cessnock,tree_fiscal_only,-5.94,3.42,0.7941666666666665
2023,clarencevalley,tree_fiscal_only,-12.13,0.15,0.7941666666666665
2023,coffsharbour,tree_fiscal_only,10.46,2.52,0.7941666666666665
2023,coolamon,tree_fiscal_only,11.54,8.53,12.813999999999998
2023,coonamble,tree_fiscal_only,4.27,13.33,12.813999999999998
2023,cootamundragundagai,tree_fiscal_only,-6.73,-4.98,-2.6710924369747904
2023,cowra,tree_fiscal_only,7.31,6.5,0.7941666666666665
2023,cumberland,tree_fiscal_only,2.68,3.18,0.7941666666666665
2023,dubbo,tree_fiscal_only,0.55,-0.86,-2.6710924369747904
2023,dungog,tree_fiscal_only,-25.82,-23.44,-14.816363636363638
2023,edwardriver,tree_fiscal_only,27.68,10.97,12.813999999999998
2023,eurobodalla,tree_fiscal_only,-3.46,6.14,0.7941666666666665
2023,fairfield,tree_fiscal_only,3.31,7.26,0.7941666666666665
2023,federation,tree_fiscal_only,16.45,-0.03,-2.6710924369747904
2023,forbes,tree_fiscal_only,-1.95,-9.85,-2.6710924369747904
2023,georgesriver,tree_fiscal_only,2.73,-1.8,-2.6710924369747904
2023,gilgandra,tree_fiscal_only,8.3,6.18,0.7941666666666665
2023,gleninnessevern,tree_fiscal_only,-11.16,1.23,0.7941666666666665
2023,goulburnmulwaree,tree_fiscal_only,-4.49,6.16,0.7941666666666665
2023,greaterhume,tree_fiscal_only,-4.35,-0.41,-2.6710924369747904
2023,griffith,tree_fiscal_only,0.5,5.35,0.7941666666666665
2023,gunnedah,tree_fiscal_only,9.63,9.1,12.813999999999998
2023,gwydir,tree_fiscal_only,-0.91,-15.15,-14.816363636363638
2023,hawkesbury,tree_fiscal_only,13.01,10.52,5.001052631578949
2023,hay,tree_fiscal_only,10.03,12.89,12.813999999999998
2023,hills,tree_fiscal_only,17.05,7.07,0.7941666666666665
2023,hilltops,tree_fiscal_only,-9.42,5.24,0.7941666666666665
2023,hornsby,tree_fiscal_only,-2.08,-1.89,-2.6710924369747904
2023,huntershill,tree_fiscal_only,-5.34,-12.99,-14.816363636363638
2023,innerwest,tree_fiscal_only,-0.65,-3.4,-2.6710924369747904
2023,junee,tree_fiscal_only,4.87,9.3,5.001052631578949
2023,kempsey,tree_fiscal_only,2.37,1.08,0.7941666666666665
2023,kiama,tree_fiscal_only,-17.57,-13.7,-14.816363636363638
2023,kuringgai,tree_fiscal_only,1.65,4.9,0.7941666666666665
2023,kyogle,tree_fiscal_only,14.99,28.9,12.813999999999998
2023,lakemacquarie,tree_fiscal_only,0.6,1.96,0.7941666666666665
2023,lanecove,tree_fiscal_only,9.74,4.76,0.7941666666666665
2023,leeton,tree_fiscal_only,-0.38,0.12,0.7941666666666665
2023,lismore,tree_fiscal_only,-2.08,0.88,0.7941666666666665
2023,lithgow,tree_fiscal_only,3.03,4.91,0.7941666666666665
2023,liverpool,tree_fiscal_only,-4.19,-1.93,-2.6710924369747904
2023,liverpoolplains,tree_fiscal_only,-8.01,-19.42,-14.816363636363638
2023,lockhart,tree_fiscal_only,-16.97,2.64,0.7941666666666665
2023,maitland,tree_fiscal_only,-14.92,3.2,0.7941666666666665
2023,midcoast,tree_fiscal_only,3.3300000000000005,4.2,0.7941666666666665
2023,midwestern,tree_fiscal_only,3.09,10.19,5.001052631578949
2023,moreeplains,tree_fiscal_only,5.95,-6.37,-2.6710924369747904
2023,mosman,tree_fiscal_only,6.25,4.19,0.7941666666666665
2023,murrayriver,tree_fiscal_only,-7.07,-31.18,-14.816363636363638
2023,murrumbidgee,tree_fiscal_only,-13.390000000000002,1.63,0.7941666666666665
2023,muswellbrook,tree_fiscal_only,20.18,8.34,0.7941666666666665
2023,nambuccavalley,tree_fiscal_only,5.8,0.74,0.7941666666666665
2023,narrabri,tree_fiscal_only,5.61,4.7,0.7941666666666665
2023,narrandera,tree_fiscal_only,16.14,0.28,0.7941666666666665
2023,narromine,tree_fiscal_only,-22.65,-6.42,-2.6710924369747904
2023,newcastle,tree_fiscal_only,3.18,-0.64,-2.6710924369747904
2023,northernbeaches,tree_fiscal_only,3.73,4.53,0.7941666666666665
2023,northsydney,tree_fiscal_only,-0.02,4.15,0.7941666666666665
2023,oberon,tree_fiscal_only,-2.46,-7.62,-2.6710924369747904
2023,orange,tree_fiscal_only,5.59,6.52,0.7941666666666665
2023,parkes,tree_fiscal_only,6.19,8.67,5.001052631578949
2023,parramatta,tree_fiscal_only,12.36,1.78,0.7941666666666665
2023,penrith,tree_fiscal_only,-5.58,-1.3,-2.6710924369747904
2023,portmacquariehastings,tree_fiscal_only,4.09,14.47,5.001052631578949
2023,portstephens,tree_fiscal_only,4.6,3.21,0.7941666666666665
2023,queanbeyanpalerang,tree_fiscal_only,3.61,-1.74,-2.6710924369747904
2023,randwick,tree_fiscal_only,3.45,5.57,0.7941666666666665
2023,richmondvalley,tree_fiscal_only,-16.63,-2.8,-2.6710924369747904
2023,ryde,tree_fiscal_only,4.04,4.36,0.7941666666666665
2023,shellharbour,tree_fiscal_only,-3.3000000000000003,16.64,12.813999999999998
2023,shoalhaven,tree_fiscal_only,-9.11,-4.72,-2.6710924369747904
2023,singleton,tree_fiscal_only,5.09,-0.69,-2.6710924369747904
2023,snowymonaro,tree_fiscal_only,-8.19,-0.34,-2.6710924369747904
2023,snowyvalleys,tree_fiscal_only,6.72,-3.88,-2.6710924369747904
2023,strathfield,tree_fiscal_only,-11.46,-8.02,-2.6710924369747904
2023,sutherland,tree_fiscal_only,-1.9,2.44,0.7941666666666665
2023,sydney,tree_fiscal_only,0.45,-4.84,-2.6710924369747904
2023,tamworth,tree_fiscal_only,-0.9000000000000001,0.37,0.7941666666666665
2023,temora,tree_fiscal_only,1.26,4.38,0.7941666666666665
2023,tenterfield,tree_fiscal_only,30.27,12.76,12.813999999999998
2023,tweed,tree_fiscal_only,9.47,5.3,0.7941666666666665
2023,upperhunter,tree_fiscal_only,-24.75,-20.21,-14.816363636363638
2023,upperlachlan,tree_fiscal_only,-1.58,-4.58,-2.6710924369747904
2023,uralla,tree_fiscal_only,8.96,-3.0,-2.6710924369747904
2023,waggawagga,tree_fiscal_only,-4.63,-4.67,-2.6710924369747904
2023,walcha,tree_fiscal_only,17.63,1.69,0.7941666666666665
2023,walgett,tree_fiscal_only,1.83,0.0,-2.6710924369747904
2023,warren,tree_fiscal_only,24.73,27.11,12.813999999999998
2023,warrumbungle,tree_fiscal_only,13.19,6.11,0.7941666666666665
2023,waverley,tree_fiscal_only,0.31,-2.58,-2.6710924369747904
2023,weddin,tree_fiscal_only,-9.65,-7.05,-2.6710924369747904
2023,wentworth,tree_fiscal_only,1.49,8.66,12.813999999999998
2023,willoughby,tree_fiscal_only,-1.77,-2.42,-2.6710924369747904
2023,wingecarribee,tree_fiscal_only,1.27,-1.82,-2.6710924369747904
2023,wollondilly,tree_fiscal_only,-5.88,-8.95,-2.6710924369747904
2023,wollongong,tree_fiscal_only,-15.39,4.89,0.7941666666666665
2023,woollahra,tree_fiscal_only,5.44,-4.58,-2.6710924369747904
2023,yassvalley,tree_fiscal_only,-7.12,3.76,0.7941666666666665
2023,albury,tree_level,-6.61,-2.11,-2.671092436974793
2023,ballina,tree_level,4.14,0.48,0.7941666666666665
2023,balranald,tree_level,1.06,11.99,12.813999999999998
2023,bathurst,tree_level,-8.5,-20.8,-14.816363636363635
2023,bayside,tree_level,7.21,5.62,0.7941666666666665
2023,begavalley,tree_level,6.88,11.77,12.813999999999998
2023,bellingen,tree_level,5.61,8.77,5.001052631578949
2023,berrigan,tree_level,-9.95,-2.0,-2.671092436974793
2023,blacktown,tree_level,-0.01,-2.94,-2.671092436974793
2023,bland,tree_level,30.71,17.02,12.813999999999998
2023,blayney,tree_level,2.8,-0.86,-2.671092436974793
2023,bluemountains,tree_level,-7.19,5.15,0.7941666666666665
2023,bogan,tree_level,11.84,7.79,0.7941666666666665
2023,bourke,tree_level,2.55,0.14,0.7941666666666665
2023,brewarrina,tree_level,-2.93,6.74,0.7941666666666665
2023,brokenhill,tree_level,2.58,1.77,0.7941666666666665
2023,burwood,tree_level,2.91,-7.22,-2.671092436974793
2023,byron,tree_level,4.28,-5.41,-2.671092436974793
2023,cabonne,tree_level,-23.55,-10.44,-2.671092436974793
2023,camden,tree_level,-13.63,-9.66,-2.671092436974793
2023,campbelltown,tree_level,0.86,6.09,0.7941666666666665
2023,canadabay,tree_level,2.28,0.34,0.7941666666666665
2023,canterburybankstown,tree_level,-10.76,-0.81,-2.671092436974793
2023,carrathool,tree_level,23.14,23.98,12.813999999999998
2023,centralcoast,tree_level,6.04,7.73,0.7941666666666665
2023,centraldarling,tree_level,0.73,7.01,0.7941666666666665
2023,cessnock,tree_level,-5.94,3.42,0.7941666666666665
2023,clarencevalley,tree_level,-12.13,0.15,0.7941666666666665
2023,coffsharbour,tree_level,10.46,2.52,0.7941666666666665
2023,coolamon,tree_level,11.54,8.53,12.813999999999998
2023,coonamble,tree_level,4.27,13.33,12.813999999999998
2023,cootamundragundagai,tree_level,-6.73,-4.98,-2.671092436974793
2023,cowra,tree_level,7.31,6.5,0.7941666666666665
2023,cumberland,tree_level,2.68,3.18,0.7941666666666665
2023,dubbo,tree_level,0.55,-0.86,-2.671092436974793
2023,dungog,tree_level,-25.82,-23.44,-14.816363636363635
2023,edwardriver,tree_level,27.68,10.97,12.813999999999998
2023,eurobodalla,tree_level,-3.46,6.14,0.7941666666666665
2023,fairfield,tree_level,3.31,7.26,0.7941666666666665
2023,federation,tree_level,16.45,-0.03,-2.671092436974793
2023,forbes,tree_level,-1.95,-9.85,-2.671092436974793
2023,georgesriver,tree_level,2.73,-1.8,-2.671092436974793
2023,gilgandra,tree_level,8.3,6.18,0.7941666666666665
2023,gleninnessevern,tree_level,-11.16,1.23,0.7941666666666665
2023,goulburnmulwaree,tree_level,-4.49,6.16,0.7941666666666665
2023,greaterhume,tree_level,-4.35,-0.41,-2.671092436974793
2023,griffith,tree_level,0.5,5.35,0.7941666666666665
2023,gunnedah,tree_level,9.63,9.1,12.813999999999998
2023,gwydir,tree_level,-0.91,-15.15,-14.816363636363635
2023,hawkesbury,tree_level,13.01,10.52,5.001052631578949
2023,hay,tree_level,10.03,12.89,12.813999999999998
2023,hills,tree_level,17.05,7.07,0.7941666666666665
2023,hilltops,tree_level,-9.42,5.24,0.7941666666666665
2023,hornsby,tree_level,-2.08,-1.89,-2.671092436974793
2023,huntershill,tree_level,-5.34,-12.99,-14.816363636363635
2023,innerwest,tree_level,-0.65,-3.4,-2.671092436974793
2023,junee,tree_level,4.87,9.3,5.001052631578949
2023,kempsey,tree_level,2.37,1.08,0.7941666666666665
2023,kiama,tree_level,-17.57,-13.7,-14.816363636363635
2023,kuringgai,tree_level,1.65,4.9,0.7941666666666665
2023,kyogle,tree_level,14.99,28.9,12.813999999999998
2023,lakemacquarie,tree_level,0.6,1.96,0.7941666666666665
2023,lanecove,tree_level,9.74,4.76,0.7941666666666665
2023,leeton,tree_level,-0.38,0.12,0.7941666666666665
2023,lismore,tree_level,-2.08,0.88,0.7941666666666665
2023,lithgow,tree_level,3.03,4.91,0.7941666666666665
2023,liverpool,tree_level,-4.19,-1.93,-2.671092436974793
2023,liverpoolplains,tree_level,-8.01,-19.42,-14.816363636363635
2023,lockhart,tree_level,-16.97,2.64,0.7941666666666665
2023,maitland,tree_level,-14.92,3.2,0.7941666666666665
2023,midcoast,tree_level,3.3300000000000005,4.2,0.7941666666666665
2023,midwestern,tree_level,3.09,10.19,5.001052631578949
2023,moreeplains,tree_level,5.95,-6.37,-2.671092436974793
2023,mosman,tree_level,6.25,4.19,0.7941666666666665
2023,murrayriver,tree_level,-7.07,-31.18,-14.816363636363635
2023,murrumbidgee,tree_level,-13.390000000000002,1.63,0.7941666666666665
2023,muswellbrook,tree_level,20.18,8.34,0.7941666666666665
2023,nambuccavalley,tree_level,5.8,0.74,0.7941666666666665
2023,narrabri,tree_level,5.61,4.7,0.7941666666666665
2023,narrandera,tree_level,16.14,0.28,0.7941666666666665
2023,narromine,tree_level,-22.65,-6.42,-2.671092436974793
2023,newcastle,tree_level,3.18,-0.64,-2.671092436974793
2023,northernbeaches,tree_level,3.73,4.53,0.7941666666666665
2023,northsydney,tree_level,-0.02,4.15,0.7941666666666665
2023,oberon,tree_level,-2.46,-7.62,-2.671092436974793
2023,orange,tree_level,5.59,6.52,0.7941666666666665
2023,parkes,tree_level,6.19,8.67,5.001052631578949
2023,parramatta,tree_level,12.36,1.78,0.7941666666666665
2023,penrith,tree_level,-5.58,-1.3,-2.671092436974793
2023,portmacquariehastings,tree_level,4.09,14.47,5.001052631578949
2023,portstephens,tree_level,4.6,3.21,0.7941666666666665
2023,queanbeyanpalerang,tree_level,3.61,-1.74,-2.671092436974793
2023,randwick,tree_level,3.45,5.57,0.7941666666666665
2023,richmondvalley,tree_level,-16.63,-2.8,-2.671092436974793
2023,ryde,tree_level,4.04,4.36,0.7941666666666665
2023,shellharbour,tree_level,-3.3000000000000003,16.64,12.813999999999998
2023,shoalhaven,tree_level,-9.11,-4.72,-2.671092436974793
2023,singleton,tree_level,5.09,-0.69,-2.671092436974793
2023,snowymonaro,tree_level,-8.19,-0.34,-2.671092436974793
2023,snowyvalleys,tree_level,6.72,-3.88,-2.671092436974793
2023,strathfield,tree_level,-11.46,-8.02,-2.671092436974793
2023,sutherland,tree_level,-1.9,2.44,0.7941666666666665
2023,sydney,tree_level,0.45,-4.84,-2.671092436974793
2023,tamworth,tree_level,-0.9000000000000001,0.37,0.7941666666666665
2023,temora,tree_level,1.26,4.38,0.7941666666666665
2023,tenterfield,tree_level,30.27,12.76,12.813999999999998
2023,tweed,tree_level,9.47,5.3,0.7941666666666665
2023,upperhunter,tree_level,-24.75,-20.21,-14.816363636363635
2023,upperlachlan,tree_level,-1.58,-4.58,-2.671092436974793
2023,uralla,tree_level,8.96,-3.0,-2.671092436974793
2023,waggawagga,tree_level,-4.63,-4.67,-2.671092436974793
2023,walcha,tree_level,17.63,1.69,0.7941666666666665
2023,walgett,tree_level,1.83,0.0,-2.671092436974793
2023,warren,tree_level,24.73,27.11,12.813999999999998
2023,warrumbungle,tree_level,13.19,6.11,0.7941666666666665
2023,waverley,tree_level,0.31,-2.58,-2.671092436974793
2023,weddin,tree_level,-9.65,-7.05,-2.671092436974793
2023,wentworth,tree_level,1.49,8.66,12.813999999999998
2023,willoughby,tree_level,-1.77,-2.42,-2.671092436974793
2023,wingecarribee,tree_level,1.27,-1.82,-2.671092436974793
2023,wollondilly,tree_level,-5.88,-8.95,-2.671092436974793
2023,wollongong,tree_level,-15.39,4.89,0.7941666666666665
2023,woollahra,tree_level,5.44,-4.58,-2.671092436974793
2023,yassvalley,tree_level,-7.12,3.76,0.7941666666666665
2023,albury,tree_change,-6.61,-2.11,-1.373076923076923
2023,ballina,tree_change,4.14,0.48,-1.7027388535031842
2023,balranald,tree_change,1.06,11.99,6.601710526315792
2023,bathurst,tree_change,-8.5,-20.8,-13.452812500000004
2023,bayside,tree_change,7.21,5.62,3.437261146496816
2023,begavalley,tree_change,6.88,11.77,6.381710526315791
2023,bellingen,tree_change,5.61,8.77,3.381710526315791
2023,berrigan,tree_change,-9.95,-2.0,3.1919999999999975
2023,blacktown,tree_change,-0.01,-2.94,-2.203076923076923
2023,bland,tree_change,30.71,17.02,4.942500000000003
2023,blayney,tree_change,2.8,-0.86,-3.042738853503184
2023,bluemountains,tree_change,-7.19,5.15,2.967261146496816
2023,bogan,tree_change,11.84,7.79,2.4017105263157914
2023,bourke,tree_change,2.55,0.14,-2.042738853503184
2023,brewarrina,tree_change,-2.93,6.74,1.3517105263157916
2023,brokenhill,tree_change,2.58,1.77,-0.4127388535031842
2023,burwood,tree_change,2.91,-7.22,-6.483076923076923
2023,byron,tree_change,4.28,-5.41,-4.673076923076923
2023,cabonne,tree_change,-23.55,-10.44,-3.0928125000000017
2023,camden,tree_change,-13.63,-9.66,-8.923076923076923
2023,campbelltown,tree_change,0.86,6.09,3.9072611464968157
2023,canadabay,tree_change,2.28,0.34,-1.8427388535031841
2023,canterburybankstown,tree_change,-10.76,-0.81,-2.9927388535031842
2023,carrathool,tree_change,23.14,23.98,11.902500000000003
2023,centralcoast,tree_change,6.04,7.73,2.341710526315792
2023,centraldarling,tree_change,0.73,7.01,1.6217105263157912
2023,cessnock,tree_change,-5.94,3.42,1.2372611464968157
2023,clarencevalley,tree_change,-12.13,0.15,-2.0327388535031843
2023,coffsharbour,tree_change,10.46,2.52,0.3372611464968158
2023,coolamon,tree_change,11.54,8.53,3.1417105263157907
2023,coonamble,tree_change,4.27,13.33,1.252500000000003
2023,cootamundragundagai,tree_change,-6.73,-4.98,-4.243076923076924
2023,cowra,tree_change,7.31,6.5,1.1117105263157914
2023,cumberland,tree_change,2.68,3.18,0.997261146496816
2023,dubbo,tree_change,0.55,-0.86,-3.042738853503184
2023,dungog,tree_change,-25.82,-23.44,-16.092812500000004
2023,edwardriver,tree_change,27.68,10.97,5.581710526315792
2023,eurobodalla,tree_change,-3.46,6.14,3.9572611464968155
2023,fairfield,tree_change,3.31,7.26,1.8717105263157912
2023,federation,tree_change,16.45,-0.03,-2.212738853503184
2023,forbes,tree_change,-1.95,-9.85,-2.502812500000002
2023,georgesriver,tree_change,2.73,-1.8,3.3919999999999977
2023,gilgandra,tree_change,8.3,6.18,3.9972611464968155
2023,gleninnessevern,tree_change,-11.16,1.23,-0.9527388535031842
2023,goulburnmulwaree,tree_change,-4.49,6.16,3.977261146496816
2023,greaterhume,tree_change,-4.35,-0.41,-2.5927388535031843
2023,griffith,tree_change,0.5,5.35,3.1672611464968154
2023,gunnedah,tree_change,9.63,9.1,3.711710526315791
2023,gwydir,tree_change,-0.91,-15.15,-7.802812500000003
2023,hawkesbury,tree_change,13.01,10.52,5.131710526315791
2023,hay,tree_change,10.03,12.89,7.501710526315792
2023,hills,tree_change,17.05,7.07,1.6817105263157917
2023,hilltops,tree_change,-9.42,5.24,3.057261146496816
2023,hornsby,tree_change,-2.08,-1.89,3.301999999999998
2023,huntershill,tree_change,-5.34,-12.99,-5.6428125000000025
2023,innerwest,tree_change,-0.65,-3.4,-2.663076923076923
2023,junee,tree_change,4.87,9.3,3.911710526315792
2023,kempsey,tree_change,2.37,1.08,-1.1027388535031841
2023,kiama,tree_change,-17.57,-13.7,-6.3528125000000015
2023,kuringgai,tree_change,1.65,4.9,2.717261146496816
2023,kyogle,tree_change,14.99,28.9,16.8225
2023,lakemacquarie,tree_change,0.6,1.96,-0.22273885350318423
2023,lanecove,tree_change,9.74,4.76,2.5772611464968156
2023,leeton,tree_change,-0.38,0.12,-2.062738853503184
2023,lismore,tree_change,-2.08,0.88,-1.3027388535031843
2023,lithgow,tree_change,3.03,4.91,2.727261146496816
2023,liverpool,tree_change,-4.19,-1.93,-1.193076923076923
2023,liverpoolplains,tree_change,-8.01,-19.42,-12.072812500000005
2023,lockhart,tree_change,-16.97,2.64,0.45726114649681593
2023,maitland,tree_change,-14.92,3.2,1.017261146496816
2023,midcoast,tree_change,3.3300000000000005,4.2,2.017261146496816
2023,midwestern,tree_change,3.09,10.19,4.801710526315791
2023,moreeplains,tree_change,5.95,-6.37,-5.633076923076923
2023,mosman,tree_change,6.25,4.19,2.007261146496816
2023,murrayriver,tree_change,-7.07,-31.18,-23.832812500000003
2023,murrumbidgee,tree_change,-13.390000000000002,1.63,-0.5527388535031843
2023,muswellbrook,tree_change,20.18,8.34,2.9517105263157912
2023,nambuccavalley,tree_change,5.8,0.74,-1.4427388535031842
2023,narrabri,tree_change,5.61,4.7,2.517261146496816
2023,narrandera,tree_change,16.14,0.28,-1.9027388535031842
2023,narromine,tree_change,-22.65,-6.42,-5.683076923076923
2023,newcastle,tree_change,3.18,-0.64,-2.8227388535031843
2023,northernbeaches,tree_change,3.73,4.53,2.347261146496816
2023,northsydney,tree_change,-0.02,4.15,1.9672611464968162
2023,oberon,tree_change,-2.46,-7.62,-6.883076923076923
2023,orange,tree_change,5.59,6.52,1.131710526315791
2023,parkes,tree_change,6.19,8.67,3.2817105263157913
2023,parramatta,tree_change,12.36,1.78,-0.40273885350318417
2023,penrith,tree_change,-5.58,-1.3,-3.482738853503184
2023,portmacquariehastings,tree_change,4.09,14.47,2.3925000000000036
2023,portstephens,tree_change,4.6,3.21,1.0272611464968158
2023,queanbeyanpalerang,tree_change,3.61,-1.74,-1.003076923076923
2023,randwick,tree_change,3.45,5.57,3.387261146496816
2023,richmondvalley,tree_change,-16.63,-2.8,-2.063076923076923
2023,ryde,tree_change,4.04,4.36,2.177261146496816
2023,shellharbour,tree_change,-3.3000000000000003,16.64,4.5625000000000036
2023,shoalhaven,tree_change,-9.11,-4.72,-3.983076923076923
2023,singleton,tree_change,5.09,-0.69,-2.872738853503184
2023,snowymonaro,tree_change,-8.19,-0.34,-2.522738853503184
2023,snowyvalleys,tree_change,6.72,-3.88,-3.143076923076923
2023,strathfield,tree_change,-11.46,-8.02,-7.283076923076923
2023,sutherland,tree_change,-1.9,2.44,0.25726114649681575
2023,sydney,tree_change,0.45,-4.84,0.35199999999999765
2023,tamworth,tree_change,-0.9000000000000001,0.37,-1.812738853503184
2023,temora,tree_change,1.26,4.38,2.1972611464968157
2023,tenterfield,tree_change,30.27,12.76,7.371710526315791
2023,tweed,tree_change,9.47,5.3,3.1172611464968156
2023,upperhunter,tree_change,-24.75,-20.21,-12.862812500000004
2023,upperlachlan,tree_change,-1.58,-4.58,0.6119999999999974
2023,uralla,tree_change,8.96,-3.0,2.1919999999999975
2023,waggawagga,tree_change,-4.63,-4.67,-3.933076923076923
2023,walcha,tree_change,17.63,1.69,-0.49273885350318425
2023,walgett,tree_change,1.83,0.0,-2.182738853503184
2023,warren,tree_change,24.73,27.11,15.032500000000002
2023,warrumbungle,tree_change,13.19,6.11,3.927261146496816
2023,waverley,tree_change,0.31,-2.58,2.6119999999999974
2023,weddin,tree_change,-9.65,-7.05,-6.313076923076923
2023,wentworth,tree_change,1.49,8.66,3.2717105263157915
2023,willoughby,tree_change,-1.77,-2.42,-1.6830769230769231
2023,wingecarribee,tree_change,1.27,-1.82,-1.083076923076923
2023,wollondilly,tree_change,-5.88,-8.95,-8.213076923076922
2023,wollongong,tree_change,-15.39,4.89,2.7072611464968155
2023,woollahra,tree_change,5.44,-4.58,-3.8430769230769233
2023,yassvalley,tree_change,-7.12,3.76,1.5772611464968156
2023,albury,ridge_level,-6.61,-2.11,-1.2929867186257207
2023,ballina,ridge_level,4.14,0.48,-1.4010448413860974
2023,balranald,ridge_level,1.06,11.99,5.145713090475967
2023,bathurst,ridge_level,-8.5,-20.8,-9.888983579815449
2023,bayside,ridge_level,7.21,5.62,0.1480058659110135
2023,begavalley,ridge_level,6.88,11.77,4.231113250985583
2023,bellingen,ridge_level,5.61,8.77,2.273804993319506
2023,berrigan,ridge_level,-9.95,-2.0,-0.6699797744983945
2023,blacktown,ridge_level,-0.01,-2.94,-3.283888586759317
2023,bland,ridge_level,30.71,17.02,14.846806179024316
2023,blayney,ridge_level,2.8,-0.86,0.4332829220729143
2023,bluemountains,ridge_level,-7.19,5.15,0.043214096432537485
2023,bogan,ridge_level,11.84,7.79,4.288540852805319
2023,bourke,ridge_level,2.55,0.14,1.21094851249034
2023,brewarrina,ridge_level,-2.93,6.74,5.052810591208038
2023,brokenhill,ridge_level,2.58,1.77,0.46590848635788495
2023,burwood,ridge_level,2.91,-7.22,-4.6847317299053595
2023,byron,ridge_level,4.28,-5.41,-3.6229361939130813
2023,cabonne,ridge_level,-23.55,-10.44,-2.490302192352838
2023,camden,ridge_level,-13.63,-9.66,-4.45091997034799
2023,campbelltown,ridge_level,0.86,6.09,0.6964398907078021
2023,canadabay,ridge_level,2.28,0.34,-0.9779351093879016
2023,canterburybankstown,ridge_level,-10.76,-0.81,-2.3929476918834554
2023,carrathool,ridge_level,23.14,23.98,12.691562574657636
2023,centralcoast,ridge_level,6.04,7.73,0.2849321381262092
2023,centraldarling,ridge_level,0.73,7.01,4.512718159995587
2023,cessnock,ridge_level,-5.94,3.42,0.8181713193144472
2023,clarencevalley,ridge_level,-12.13,0.15,-2.0979492006958793
2023,coffsharbour,ridge_level,10.46,2.52,-0.03316148103691918
2023,coolamon,ridge_level,11.54,8.53,5.175298601030294
2023,coonamble,ridge_level,4.27,13.33,5.247132570371172
2023,cootamundragundagai,ridge_level,-6.73,-4.98,0.03064421248728788
2023,cowra,ridge_level,7.31,6.5,2.2684751324910093
2023,cumberland,ridge_level,2.68,3.18,-0.7365650767191457
2023,dubbo,ridge_level,0.55,-0.86,0.20472387098765554
2023,dungog,ridge_level,-25.82,-23.44,-9.89607309762855
2023,edwardriver,ridge_level,27.68,10.97,3.7312315716805844
2023,eurobodalla,ridge_level,-3.46,6.14,1.950036306931887
2023,fairfield,ridge_level,3.31,7.26,0.5167618818144798
2023,federation,ridge_level,16.45,-0.03,-0.24668240417594675
2023,forbes,ridge_level,-1.95,-9.85,-3.972296691518222
2023,georgesriver,ridge_level,2.73,-1.8,-3.195569113655486
2023,gilgandra,ridge_level,8.3,6.18,2.533136054722309
2023,gleninnessevern,ridge_level,-11.16,1.23,1.380040472230625
2023,goulburnmulwaree,ridge_level,-4.49,6.16,2.4255028430970627
2023,greaterhume,ridge_level,-4.35,-0.41,1.0305221361710402
2023,griffith,ridge_level,0.5,5.35,1.9912864441738973
2023,gunnedah,ridge_level,9.63,9.1,3.5815741178158413
2023,gwydir,ridge_level,-0.91,-15.15,-5.485727031812922
2023,hawkesbury,ridge_level,13.01,10.52,3.6973893326457183
2023,hay,ridge_level,10.03,12.89,5.443365524419307
2023,hills,ridge_level,17.05,7.07,2.502898887284577
2023,hilltops,ridge_level,-9.42,5.24,3.8337418267037786
2023,hornsby,ridge_level,-2.08,-1.89,-2.70719372138258
2023,huntershill,ridge_level,-5.34,-12.99,-6.470786255709194
2023,innerwest,ridge_level,-0.65,-3.4,-3.2918361212088803
2023,junee,ridge_level,4.87,9.3,4.5354841082842725
2023,kempsey,ridge_level,2.37,1.08,-0.838316287078054
2023,kiama,ridge_level,-17.57,-13.7,-7.100573638062345
2023,kuringgai,ridge_level,1.65,4.9,-0.5246958639242824
2023,kyogle,ridge_level,14.99,28.9,13.447787993399203
2023,lakemacquarie,ridge_level,0.6,1.96,-0.8357966894661751
2023,lanecove,ridge_level,9.74,4.76,0.009127462924139462
2023,leeton,ridge_level,-0.38,0.12,0.10738325462565174
2023,lismore,ridge_level,-2.08,0.88,-0.551374025679144
2023,lithgow,ridge_level,3.03,4.91,0.8252425703553952
2023,liverpool,ridge_level,-4.19,-1.93,-2.3893765154547966
2023,liverpoolplains,ridge_level,-8.01,-19.42,-5.8057319431032
2023,lockhart,ridge_level,-16.97,2.64,2.949342299128002
2023,maitland,ridge_level,-14.92,3.2,0.34240140455154733
2023,midcoast,ridge_level,3.3300000000000005,4.2,-0.3862157680225765
2023,midwestern,ridge_level,3.09,10.19,3.0990806708598417
2023,moreeplains,ridge_level,5.95,-6.37,-2.1394070736019795
2023,mosman,ridge_level,6.25,4.19,-0.09236500398604663
2023,murrayriver,ridge_level,-7.07,-31.18,-12.265683851197098
2023,murrumbidgee,ridge_level,-13.390000000000002,1.63,1.9185694732583332
2023,muswellbrook,ridge_level,20.18,8.34,1.77440252245631
2023,nambuccavalley,ridge_level,5.8,0.74,0.6305204713869857
2023,narrabri,ridge_level,5.61,4.7,1.4371905171921129
2023,narrandera,ridge_level,16.14,0.28,2.8967517110280507
2023,narromine,ridge_level,-22.65,-6.42,-1.548940461600774
2023,newcastle,ridge_level,3.18,-0.64,-2.095292099051222
2023,northernbeaches,ridge_level,3.73,4.53,-0.3915709194599929
2023,northsydney,ridge_level,-0.02,4.15,-0.7342827127644074
2023,oberon,ridge_level,-2.46,-7.62,-2.0648477956953326
2023,orange,ridge_level,5.59,6.52,0.5884855550470606
2023,parkes,ridge_level,6.19,8.67,3.549963185913256
2023,parramatta,ridge_level,12.36,1.78,-1.1224892339996138
2023,penrith,ridge_level,-5.58,-1.3,-3.0710538714505673
2023,portmacquariehastings,ridge_level,4.09,14.47,3.5006894072285193
2023,portstephens,ridge_level,4.6,3.21,-0.24711280583842105
2023,queanbeyanpalerang,ridge_level,3.61,-1.74,0.3444205688611204
2023,randwick,ridge_level,3.45,5.57,2.0130570693697005
2023,richmondvalley,ridge_level,-16.63,-2.8,0.24597901501927655
2023,ryde,ridge_level,4.04,4.36,0.11604906798172832
2023,shellharbour,ridge_level,-3.3000000000000003,16.64,6.684223959582234
2023,shoalhaven,ridge_level,-9.11,-4.72,-3.3225747780038293
2023,singleton,ridge_level,5.09,-0.69,-1.8232433368022214
2023,snowymonaro,ridge_level,-8.19,-0.34,-1.0119087788924817
2023,snowyvalleys,ridge_level,6.72,-3.88,-1.3511536643161661
2023,strathfield,ridge_level,-11.46,-8.02,-4.497281558172544
2023,sutherland,ridge_level,-1.9,2.44,-1.1376875502526396
2023,sydney,ridge_level,0.45,-4.84,-3.8551634635066643
2023,tamworth,ridge_level,-0.9000000000000001,0.37,-1.4897057463515884
2023,temora,ridge_level,1.26,4.38,2.909383410052312
2023,tenterfield,ridge_level,30.27,12.76,4.080580384661674
2023,tweed,ridge_level,9.47,5.3,-1.0579252209407888
2023,upperhunter,ridge_level,-24.75,-20.21,-7.822412211323655
2023,upperlachlan,ridge_level,-1.58,-4.58,-0.4861233570808673
2023,uralla,ridge_level,8.96,-3.0,-0.20572671476734317
2023,waggawagga,ridge_level,-4.63,-4.67,-1.9783882485860125
2023,walcha,ridge_level,17.63,1.69,0.922518400350753
2023,walgett,ridge_level,1.83,0.0,1.420126956461675
2023,warren,ridge_level,24.73,27.11,13.43088166725547
2023,warrumbungle,ridge_level,13.19,6.11,3.5983628624815784
2023,waverley,ridge_level,0.31,-2.58,-2.2944628051714955
2023,weddin,ridge_level,-9.65,-7.05,-0.9496834917814794
2023,wentworth,ridge_level,1.49,8.66,2.959447132428546
2023,willoughby,ridge_level,-1.77,-2.42,-3.450764885925387
2023,wingecarribee,ridge_level,1.27,-1.82,-1.494596692880788
2023,wollondilly,ridge_level,-5.88,-8.95,-4.78495186245318
2023,wollongong,ridge_level,-15.39,4.89,0.5294637725322874
2023,woollahra,ridge_level,5.44,-4.58,-3.86553723473384
2023,yassvalley,ridge_level,-7.12,3.76,1.5566073255310693
2023,albury,ridge_change,-6.61,-2.11,-2.3450450940656546
2023,ballina,ridge_change,4.14,0.48,-1.4895658780632863
2023,balranald,ridge_change,1.06,11.99,7.084822174938665
2023,bathurst,ridge_change,-8.5,-20.8,-14.834264286296687
2023,bayside,ridge_change,7.21,5.62,0.033782806951049515
2023,begavalley,ridge_change,6.88,11.77,7.111997687204558
2023,bellingen,ridge_change,5.61,8.77,4.348615825533647
2023,berrigan,ridge_change,-9.95,-2.0,-1.15270858214812
2023,blacktown,ridge_change,-0.01,-2.94,-4.676170612919126
2023,bland,ridge_change,30.71,17.02,12.619452975033036
2023,blayney,ridge_change,2.8,-0.86,-0.4027440460137498
2023,bluemountains,ridge_change,-7.19,5.15,1.2275389009204134
2023,bogan,ridge_change,11.84,7.79,6.262178125427506
2023,bourke,ridge_change,2.55,0.14,1.063450179562801
2023,brewarrina,ridge_change,-2.93,6.74,5.593603160153389
2023,brokenhill,ridge_change,2.58,1.77,0.9084117237806202
2023,burwood,ridge_change,2.91,-7.22,-6.289368708801039
2023,byron,ridge_change,4.28,-5.41,-4.97107521225099
2023,cabonne,ridge_change,-23.55,-10.44,-5.182696207043177
2023,camden,ridge_change,-13.63,-9.66,-7.1251260466086
2023,campbelltown,ridge_change,0.86,6.09,2.061081166245099
2023,canadabay,ridge_change,2.28,0.34,-1.1803309853570758
2023,canterburybankstown,ridge_change,-10.76,-0.81,-3.2124890589660153
2023,carrathool,ridge_change,23.14,23.98,17.56415065758656
2023,centralcoast,ridge_change,6.04,7.73,2.150379606745063
2023,centraldarling,ridge_change,0.73,7.01,6.614755826127944
2023,cessnock,ridge_change,-5.94,3.42,1.5428067838652555
2023,clarencevalley,ridge_change,-12.13,0.15,-2.6515482883519668
2023,coffsharbour,ridge_change,10.46,2.52,0.05945566958418658
2023,coolamon,ridge_change,11.54,8.53,5.315862031154817
2023,coonamble,ridge_change,4.27,13.33,7.092856389037526
2023,cootamundragundagai,ridge_change,-6.73,-4.98,-1.3126381299043501
2023,cowra,ridge_change,7.31,6.5,3.1297138070674704
2023,cumberland,ridge_change,2.68,3.18,-0.1516348360320099
2023,dubbo,ridge_change,0.55,-0.86,-0.5973622712886296
2023,dungog,ridge_change,-25.82,-23.44,-15.168004858750386
2023,edwardriver,ridge_change,27.68,10.97,5.268314787390239
2023,eurobodalla,ridge_change,-3.46,6.14,3.093791734835024
2023,fairfield,ridge_change,3.31,7.26,2.226201490346595
2023,federation,ridge_change,16.45,-0.03,-0.5524107395572233
2023,forbes,ridge_change,-1.95,-9.85,-5.599707407536206
2023,georgesriver,ridge_change,2.73,-1.8,-4.173767644714973
2023,gilgandra,ridge_change,8.3,6.18,3.915570327994762
2023,gleninnessevern,ridge_change,-11.16,1.23,1.9982680362540113
2023,goulburnmulwaree,ridge_change,-4.49,6.16,3.516161037905636
2023,greaterhume,ridge_change,-4.35,-0.41,0.9706198783290538
2023,griffith,ridge_change,0.5,5.35,3.1640865415228285
2023,gunnedah,ridge_change,9.63,9.1,5.047090132348664
2023,gwydir,ridge_change,-0.91,-15.15,-8.471395858761433
2023,hawkesbury,ridge_change,13.01,10.52,6.1525439633934775
2023,hay,ridge_change,10.03,12.89,8.512053523401104
2023,hills,ridge_change,17.05,7.07,3.1393435912188625
2023,hilltops,ridge_change,-9.42,5.24,5.593357475560164
2023,hornsby,ridge_change,-2.08,-1.89,-4.233254500443633
2023,huntershill,ridge_change,-5.34,-12.99,-10.089114427752573
2023,innerwest,ridge_change,-0.65,-3.4,-4.5298082983683265
2023,junee,ridge_change,4.87,9.3,7.189761037049358
2023,kempsey,ridge_change,2.37,1.08,-0.7839313736901374
2023,kiama,ridge_change,-17.57,-13.7,-10.129557402390638
2023,kuringgai,ridge_change,1.65,4.9,0.020919008277738627
2023,kyogle,ridge_change,14.99,28.9,18.75119039818997
2023,lakemacquarie,ridge_change,0.6,1.96,-0.9472092212617773
2023,lanecove,ridge_change,9.74,4.76,-0.6280307767287887
2023,leeton,ridge_change,-0.38,0.12,-0.37318553896174633
2023,lismore,ridge_change,-2.08,0.88,-0.3867889079071153
2023,lithgow,ridge_change,3.03,4.91,2.0442638760463687
2023,liverpool,ridge_change,-4.19,-1.93,-3.1493764449295742
2023,liverpoolplains,ridge_change,-8.01,-19.42,-10.719366043403294
2023,lockhart,ridge_change,-16.97,2.64,3.275540903692336
2023,maitland,ridge_change,-14.92,3.2,0.45710166242645744
2023,midcoast,ridge_change,3.3300000000000005,4.2,0.30874279765428314
2023,midwestern,ridge_change,3.09,10.19,4.341577650491629
2023,moreeplains,ridge_change,5.95,-6.37,-3.638265877003234
2023,mosman,ridge_change,6.25,4.19,0.7589951772385444
2023,murrayriver,ridge_change,-7.07,-31.18,-19.292363192665373
2023,murrumbidgee,ridge_change,-13.390000000000002,1.63,1.545332294251862
2023,muswellbrook,ridge_change,20.18,8.34,3.7929587441457286
2023,nambuccavalley,ridge_change,5.8,0.74,0.6520360783381236
2023,narrabri,ridge_change,5.61,4.7,1.9637232933415794
2023,narrandera,ridge_change,16.14,0.28,2.592229827632141
2023,narromine,ridge_change,-22.65,-6.42,-2.522719492418096
2023,newcastle,ridge_change,3.18,-0.64,-2.258869715877437
2023,northernbeaches,ridge_change,3.73,4.53,0.722211318938593
2023,northsydney,ridge_change,-0.02,4.15,-0.3040646408742589
2023,oberon,ridge_change,-2.46,-7.62,-3.919544501530681
2023,orange,ridge_change,5.59,6.52,1.0700124046301767
2023,parkes,ridge_change,6.19,8.67,5.645581637706659
2023,parramatta,ridge_change,12.36,1.78,-1.4255639671541755
2023,penrith,ridge_change,-5.58,-1.3,-3.3332884898846054
2023,portmacquariehastings,ridge_change,4.09,14.47,5.653191865653449
2023,portstephens,ridge_change,4.6,3.21,0.5351555028732502
2023,queanbeyanpalerang,ridge_change,3.61,-1.74,0.5123954755851365
2023,randwick,ridge_change,3.45,5.57,3.3023114806107468
2023,richmondvalley,ridge_change,-16.63,-2.8,-0.21170711889005123
2023,ryde,ridge_change,4.04,4.36,0.4503669973694411
2023,shellharbour,ridge_change,-3.3000000000000003,16.64,10.69491763168266
2023,shoalhaven,ridge_change,-9.11,-4.72,-4.147792371901758
2023,singleton,ridge_change,5.09,-0.69,-2.35442104310685
2023,snowymonaro,ridge_change,-8.19,-0.34,-1.0329779476935854
2023,snowyvalleys,ridge_change,6.72,-3.88,-1.9926272728051813
2023,strathfield,ridge_change,-11.46,-8.02,-6.738425878978802
2023,sutherland,ridge_change,-1.9,2.44,-1.11167789256743
2023,sydney,ridge_change,0.45,-4.84,-5.53457271136195
2023,tamworth,ridge_change,-0.9000000000000001,0.37,-1.7502292311137349
2023,temora,ridge_change,1.26,4.38,3.912721247731003
2023,tenterfield,ridge_change,30.27,12.76,6.763804318691348
2023,tweed,ridge_change,9.47,5.3,-0.6122939780169334
2023,upperhunter,ridge_change,-24.75,-20.21,-12.513489904318497
2023,upperlachlan,ridge_change,-1.58,-4.58,-1.797400884706117
2023,uralla,ridge_change,8.96,-3.0,-1.4026092250086903
2023,waggawagga,ridge_change,-4.63,-4.67,-2.8798339479670223
2023,walcha,ridge_change,17.63,1.69,1.497047245763755
2023,walgett,ridge_change,1.83,0.0,1.0561876089384468
2023,warren,ridge_change,24.73,27.11,19.53976387971889
2023,warrumbungle,ridge_change,13.19,6.11,5.379812885378202
2023,waverley,ridge_change,0.31,-2.58,-3.3294420892296523
2023,weddin,ridge_change,-9.65,-7.05,-2.3211816062649033
2023,wentworth,ridge_change,1.49,8.66,4.379347883140063
2023,willoughby,ridge_change,-1.77,-2.42,-4.897682515002994
2023,wingecarribee,ridge_change,1.27,-1.82,-2.7350200237858613
2023,wollondilly,ridge_change,-5.88,-8.95,-6.473390225308177
2023,wollongong,ridge_change,-15.39,4.89,1.863088803030592
2023,woollahra,ridge_change,5.44,-4.58,-5.3804937548510825
2023,yassvalley,ridge_change,-7.12,3.76,2.2470321250123417
