council_key,council_name,event_year,fesm_burned_ha__event,bushfire_declared__event,flood_declared__event,fesm_status__event,fesm_min_fire_size_ha_exclusive__event,fesm_sensor__event,bushfire_declaration_status__event,flood_declaration_status__event,year_start__prior,operating_ratio_pct__prior,cash_cover_months__prior,current_ratio__prior,own_source_pct__prior,debt_service_cover__prior,maintenance_ratio_pct__prior,population__prior,road_km__prior,reporting_months__prior,cash_definition_status__prior,maintenance_conflict__prior,operating_definition_regime__prior,year_start__future,operating_ratio_pct__future,cash_cover_months__future,maintenance_ratio_pct__future,reporting_months__future,maintenance_conflict__future,operating_definition_regime__future,prior_year,target_year
albury,Albury,2012,0.0,1.0,0.0,verified_zero_mapped_burn_within_source_scope,100.0,Landsat,observed_positive_in_complete_published_list,no_listed_event_in_complete_published_list_not_physical_zero,,,,,,,,,,,,,,2013.0,2.46,8.515,130.2929512600742,12.0,False,Early OLG/TCorp definitions; revaluation exclusions described,2011,2013
albury,Albury,2013,0.0,,,verified_zero_mapped_burn_within_source_scope,100.0,Landsat,unknown_incomplete_inventory_no_positive_record,unknown_incomplete_inventory_no_positive_record,2012.0,-1.12,,3.1815,78.97,4.0145,111.23336745138178,49655.0,,12.0,Earlier measure excludes term deposits and uses different expense denominator; not converted,False,Early OLG/TCorp definitions; revaluation exclusions described,2014.0,14.48,9.5415,101.37414813987264,12.0,False,Pre-AASB15/1058,2012,2014
albury,Albury,2014,0.0,,,verified_zero_mapped_burn_within_source_scope,100.0,Landsat,unknown_incomplete_inventory_no_positive_record,unknown_incomplete_inventory_no_positive_record,2013.0,2.46,8.515,2.5578,79.0,4.8992,130.2929512600742,50243.0,,12.0,"Includes term deposits; cash-flow-based measure, detailed vintage exclusions remain subject to audit",False,Early OLG/TCorp definitions; revaluation exclusions described,2015.0,12.98,13.43,81.5624825428747,12.0,False,Pre-AASB15/1058,2013,2015
albury,Albury,2015,0.0,,,verified_zero_mapped_burn_within_source_scope,100.0,Landsat,unknown_incomplete_inventory_no_positive_record,unknown_incomplete_inventory_no_positive_record,2014.0,14.48,9.5415,2.7318,82.46,7.2002999999999995,101.37414813987264,51082.0,,12.0,"Includes term deposits; cash-flow-based measure, detailed vintage exclusions remain subject to audit",False,Pre-AASB15/1058,2016.0,16.78,16.1769,80.68547354037975,12.0,False,Pre-AASB15/1058,2014,2016
albury,Albury,2016,0.0,,1.0,verified_zero_mapped_burn_within_source_scope,100.0,Landsat 8,unknown_incomplete_inventory_no_positive_record,observed_positive_partial_inventory_count_lower_bound,2015.0,12.98,13.43,3.29,81.31,6.79,81.5624825428747,51722.0,,12.0,"Includes term deposits; cash-flow-based measure, detailed vintage exclusions remain subject to audit",False,Pre-AASB15/1058,2017.0,15.17,18.61,83.03185437997725,12.0,False,Pre-AASB15/1058,2015,2017
albury,Albury,2017,0.0,0.0,0.0,verified_zero_mapped_burn_within_source_scope,100.0,Sentinel 2 (original mapping scope varies by year),no_listed_event_onset_not_physical_zero,no_listed_event_onset_not_physical_zero,2016.0,16.78,16.1769,3.3,79.5,7.1,80.68547354037975,52165.0,573.18,12.0,"Includes term deposits; cash-flow-based measure, detailed vintage exclusions remain subject to audit",False,Pre-AASB15/1058,2018.0,13.69,1.22,98.64599620745868,12.0,False,Pre-AASB15/1058,2016,2018
albury,Albury,2018,0.0,0.0,0.0,verified_zero_mapped_burn_within_source_scope,100.0,Sentinel 2 (original mapping scope varies by year),no_listed_event_onset_not_physical_zero,no_listed_event_onset_not_physical_zero,2017.0,15.17,18.61,2.62,79.47,7.2,83.03185437997725,52949.0,581.05,12.0,"Includes term deposits; cash-flow-based measure, detailed vintage exclusions remain subject to audit",False,Pre-AASB15/1058,2019.0,3.05,18.67,105.17739816031538,12.0,False,AASB15/1058 and lease regime,2017,2019
albury,Albury,2019,21.76,0.0,0.0,mapped_burn_positive,10.0,Sentinel 2 (original mapping scope varies by year),no_listed_event_onset_not_physical_zero,no_listed_event_onset_not_physical_zero,2018.0,13.69,1.22,2.41,70.83,7.58,98.64599620745868,53767.0,590.04,12.0,"Includes term deposits; cash-flow-based measure, detailed vintage exclusions remain subject to audit",False,Pre-AASB15/1058,2020.0,-2.57,20.95,101.8504889075807,12.0,False,AASB15/1058 and lease regime,2018,2020
albury,Albury,2020,0.0,0.0,0.0,verified_zero_mapped_burn_within_source_scope,10.0,Sentinel 2 (original mapping scope varies by year),no_listed_event_onset_not_physical_zero,no_listed_event_onset_not_physical_zero,2019.0,3.05,18.67,1.93,80.98,5.17,105.17739816031538,54353.0,591.38,12.0,"Includes term deposits; cash-flow-based measure, detailed vintage exclusions remain subject to audit",False,AASB15/1058 and lease regime,2021.0,-2.11,21.5467,103.82339094760913,12.0,False,AASB15/1058 and lease regime,2019,2021
albury,Albury,2021,0.0,0.0,1.0,verified_zero_mapped_burn_within_source_scope,10.0,Sentinel 2 (original mapping scope varies by year),no_listed_event_onset_not_physical_zero,listed_event_onset,2020.0,-2.57,20.95,2.05,72.7,2.97,101.8504889075807,55055.0,595.09,12.0,"Includes term deposits; cash-flow-based measure, detailed vintage exclusions remain subject to audit",False,AASB15/1058 and lease regime,2022.0,-6.05,22.0165,106.41021527800058,12.0,False,AASB15/1058 and lease regime,2020,2022
albury,Albury,2022,30.67,0.0,1.0,mapped_burn_positive,10.0,Sentinel 2 (original mapping scope varies by year),no_listed_event_onset_not_physical_zero,listed_event_onset,2021.0,-2.11,21.5467,3.156,73.29,5.4791,103.82339094760913,56036.0,601.52,12.0,"Includes term deposits; cash-flow-based measure, detailed vintage exclusions remain subject to audit",False,AASB15/1058 and lease regime,2023.0,-6.61,18.5637,109.35177651206943,12.0,False,AASB15/1058 and lease regime,2021,2023
albury,Albury,2023,0.0,0.0,0.0,verified_zero_mapped_burn_within_source_scope,10.0,Sentinel 2 (original mapping scope varies by year),no_listed_event_onset_not_physical_zero,no_listed_event_onset_not_physical_zero,2022.0,-6.05,22.0165,2.4328,74.58,4.3061,106.41021527800058,56666.0,604.08,12.0,"Includes term deposits; cash-flow-based measure, detailed vintage exclusions remain subject to audit",False,AASB15/1058 and lease regime,2024.0,,,101.16881684860512,12.0,False,Six fiscal ratios not collected by OLG,2022,2024
albury,Albury,2024,,0.0,0.0,unknown_source_not_acquired,,Sentinel 2 (original mapping scope varies by year),no_listed_event_onset_not_physical_zero,no_listed_event_onset_not_physical_zero,2023.0,-6.61,18.5637,1.5758,81.48,4.0321,109.35177651206943,58317.0,606.9290000000001,12.0,"Includes term deposits; cash-flow-based measure, detailed vintage exclusions remain subject to audit",False,AASB15/1058 and lease regime,,,,,,,,2023,2025
ballina,Ballina,2012,0.0,0.0,1.0,verified_zero_mapped_burn_within_source_scope,100.0,Landsat,no_listed_event_in_complete_published_list_not_physical_zero,observed_positive_in_complete_published_list,,,,,,,,,,,,,,2013.0,-16.38,9.7489,95.06126995915336,12.0,False,Early OLG/TCorp definitions; revaluation exclusions described,2011,2013
ballina,Ballina,2013,0.0,,,verified_zero_mapped_burn_within_source_scope,100.0,Landsat,unknown_incomplete_inventory_no_positive_record,unknown_incomplete_inventory_no_positive_record,2012.0,-13.36,,2.6129,44.48,1.798,109.7931338028169,41006.0,,12.0,Earlier measure excludes term deposits and uses different expense denominator; not converted,False,Early OLG/TCorp definitions; revaluation exclusions described,2014.0,-4.85,9.7256,100.0,12.0,False,Pre-AASB15/1058,2012,2014
ballina,Ballina,2014,0.0,,1.0,verified_zero_mapped_burn_within_source_scope,100.0,Landsat,unknown_incomplete_inventory_no_positive_record,observed_positive_partial_inventory_count_lower_bound,2013.0,-16.38,9.7489,1.97,76.66,1.2728,95.06126995915336,41335.0,,12.0,"Includes term deposits; cash-flow-based measure, detailed vintage exclusions remain subject to audit",False,Early OLG/TCorp definitions; revaluation exclusions described,2015.0,-1.51,10.27,99.65781549411444,12.0,False,Pre-AASB15/1058,2013,2015
ballina,Ballina,2015,0.0,,1.0,verified_zero_mapped_burn_within_source_scope,100.0,Landsat,unknown_incomplete_inventory_no_positive_record,observed_positive_partial_inventory_count_lower_bound,2014.0,-4.85,9.7256,3.2637,73.11,1.7922,100.0,41644.0,,12.0,"Includes term deposits; cash-flow-based measure, detailed vintage exclusions remain subject to audit",False,Pre-AASB15/1058,2016.0,8.88,12.0067,82.91683194499537,12.0,False,Pre-AASB15/1058,2014,2016
ballina,Ballina,2016,450.66851211021026,,1.0,observed_positive_mapped_burn_within_source_scope,100.0,Landsat 8,unknown_incomplete_inventory_no_positive_record,observed_positive_partial_inventory_count_lower_bound,2015.0,-1.51,10.27,4.2,74.98,2.03,99.65781549411444,41828.0,,12.0,"Includes term deposits; cash-flow-based measure, detailed vintage exclusions remain subject to audit",False,Pre-AASB15/1058,2017.0,3.12,10.01,96.89677385889196,12.0,False,Pre-AASB15/1058,2015,2017
ballina,Ballina,2017,369.85,0.0,0.0,mapped_burn_positive,100.0,Sentinel 2 (original mapping scope varies by year),no_listed_event_onset_not_physical_zero,no_listed_event_onset_not_physical_zero,2016.0,8.88,12.0067,4.8827,64.59,2.7264,82.91683194499537,42626.0,685.6500000000001,12.0,"Includes term deposits; cash-flow-based measure, detailed vintage exclusions remain subject to audit",False,Pre-AASB15/1058,2018.0,6.96,12.69,104.05531385954008,12.0,False,Pre-AASB15/1058,2016,2018
ballina,Ballina,2018,0.0,0.0,1.0,verified_zero_mapped_burn_within_source_scope,100.0,Sentinel 2 (original mapping scope varies by year),no_listed_event_onset_not_physical_zero,listed_event_onset,2017.0,3.12,10.01,4.84,59.66,2.38,96.89677385889196,43457.0,693.0909999999999,12.0,"Includes term deposits; cash-flow-based measure, detailed vintage exclusions remain subject to audit",False,Pre-AASB15/1058,2019.0,3.39,9.99,94.6932228311723,12.0,False,AASB15/1058 and lease regime,2017,2019
ballina,Ballina,2019,924.35,1.0,1.0,mapped_burn_positive,10.0,Sentinel 2 (original mapping scope varies by year),listed_event_onset,listed_event_onset,2018.0,6.96,12.69,3.21,63.72,2.69,104.05531385954008,44208.0,699.2380999999999,12.0,"Includes term deposits; cash-flow-based measure, detailed vintage exclusions remain subject to audit",False,Pre-AASB15/1058,2020.0,5.37,13.12,98.76135425268372,12.0,False,AASB15/1058 and lease regime,2018,2020
ballina,Ballina,2020,0.0,0.0,1.0,verified_zero_mapped_burn_within_source_scope,10.0,Sentinel 2 (original mapping scope varies by year),no_listed_event_onset_not_physical_zero,listed_event_onset,2019.0,3.39,9.99,2.59,69.59,2.59,94.6932228311723,44628.0,703.757,12.0,"Includes term deposits; cash-flow-based measure, detailed vintage exclusions remain subject to audit",False,AASB15/1058 and lease regime,2021.0,0.48,12.6676,94.69113149847097,12.0,False,AASB15/1058 and lease regime,2019,2021
ballina,Ballina,2021,0.0,0.0,1.0,verified_zero_mapped_burn_within_source_scope,10.0,Sentinel 2 (original mapping scope varies by year),no_listed_event_onset_not_physical_zero,listed_event_onset,2020.0,5.37,13.12,2.7,64.08,3.18,98.76135425268372,45217.0,714.8335,12.0,"Includes term deposits; cash-flow-based measure, detailed vintage exclusions remain subject to audit",False,AASB15/1058 and lease regime,2022.0,2.61,11.5415,104.90080428954424,12.0,False,AASB15/1058 and lease regime,2020,2022
ballina,Ballina,2022,0.0,0.0,0.0,verified_zero_mapped_burn_within_source_scope,10.0,Sentinel 2 (original mapping scope varies by year),no_listed_event_onset_not_physical_zero,no_listed_event_onset_not_physical_zero,2021.0,0.48,12.6676,2.6347,65.71,2.855,94.69113149847097,46172.0,715.2589999999999,12.0,"Includes term deposits; cash-flow-based measure, detailed vintage exclusions remain subject to audit",False,AASB15/1058 and lease regime,2023.0,4.14,10.768,92.30223123732252,12.0,False,AASB15/1058 and lease regime,2021,2023
ballina,Ballina,2023,0.0,0.0,0.0,verified_zero_mapped_burn_within_source_scope,10.0,Sentinel 2 (original mapping scope varies by year),no_listed_event_onset_not_physical_zero,no_listed_event_onset_not_physical_zero,2022.0,2.61,11.5415,2.6055,69.17,3.199,104.90080428954424,46850.0,716.774,12.0,"Includes term deposits; cash-flow-based measure, detailed vintage exclusions remain subject to audit",False,AASB15/1058 and lease regime,2024.0,,,86.39108221086856,12.0,False,Six fiscal ratios not collected by OLG,2022,2024
ballina,Ballina,2024,,0.0,1.0,unknown_source_not_acquired,,Sentinel 2 (original mapping scope varies by year),no_listed_event_onset_not_physical_zero,listed_event_onset,2023.0,4.14,10.768,2.1097,69.37,2.5272,92.30223123732252,47935.0,718.901,12.0,"Includes term deposits; cash-flow-based measure, detailed vintage exclusions remain subject to audit",False,AASB15/1058 and lease regime,,,,,,,,2023,2025
balranald,Balranald,2012,0.0,0.0,0.0,verified_zero_mapped_burn_within_source_scope,100.0,Landsat,no_listed_event_in_complete_published_list_not_physical_zero,no_listed_event_in_complete_published_list_not_physical_zero,,,,,,,,,,,,,,2013.0,-68.44,6.2689,107.75782688766114,12.0,False,Early OLG/TCorp definitions; revaluation exclusions described,2011,2013
balranald,Balranald,2013,157.1644623077817,,,observed_positive_mapped_burn_within_source_scope,100.0,Landsat,unknown_incomplete_inventory_no_positive_record,unknown_incomplete_inventory_no_positive_record,2012.0,-59.91,,2.361,26.27,4.3082,109.25414364640883,2343.0,,12.0,Earlier measure excludes term deposits and uses different expense denominator; not converted,False,Early OLG/TCorp definitions; revaluation exclusions described,2014.0,-38.63,5.8367,112.82646546720837,12.0,False,Pre-AASB15/1058,2012,2014
balranald,Balranald,2014,0.0,,,verified_zero_mapped_burn_within_source_scope,100.0,Landsat,unknown_incomplete_inventory_no_positive_record,unknown_incomplete_inventory_no_positive_record,2013.0,-68.44,6.2689,1.4088,39.06,1.2892,107.75782688766114,2371.0,,12.0,"Includes term deposits; cash-flow-based measure, detailed vintage exclusions remain subject to audit",False,Early OLG/TCorp definitions; revaluation exclusions described,2015.0,-16.1,8.13,54.765225476522545,12.0,False,Pre-AASB15/1058,2013,2015
balranald,Balranald,2015,0.0,,,verified_zero_mapped_burn_within_source_scope,100.0,Landsat,unknown_incomplete_inventory_no_positive_record,unknown_incomplete_inventory_no_positive_record,2014.0,-38.63,5.8367,1.9461,36.22,5.9759,112.82646546720837,2400.0,,12.0,"Includes term deposits; cash-flow-based measure, detailed vintage exclusions remain subject to audit",False,Pre-AASB15/1058,2016.0,6.84,9.4104,84.6938775510204,12.0,False,Pre-AASB15/1058,2014,2016
balranald,Balranald,2016,268.99810810649353,,1.0,observed_positive_mapped_burn_within_source_scope,100.0,Landsat 8,unknown_incomplete_inventory_no_positive_record,observed_positive_partial_inventory_count_lower_bound,2015.0,-16.1,8.13,2.92,34.9,9.77,54.765225476522545,2422.0,,12.0,"Includes term deposits; cash-flow-based measure, detailed vintage exclusions remain subject to audit",False,Pre-AASB15/1058,2017.0,-5.95,11.03,108.73015873015872,12.0,False,Pre-AASB15/1058,2015,2017
balranald,Balranald,2017,0.0,0.0,0.0,verified_zero_mapped_burn_within_source_scope,100.0,Sentinel 2 (original mapping scope varies by year),no_listed_event_onset_not_physical_zero,no_listed_event_onset_not_physical_zero,2016.0,6.84,9.4104,6.172000000000001,31.89,15.2647,84.6938775510204,2310.0,1586.95,12.0,"Includes term deposits; cash-flow-based measure, detailed vintage exclusions remain subject to audit",False,Pre-AASB15/1058,2018.0,-3.35,11.94,95.66887879846315,12.0,False,Pre-AASB15/1058,2016,2018
balranald,Balranald,2018,0.0,0.0,0.0,verified_zero_mapped_burn_within_source_scope,100.0,Sentinel 2 (original mapping scope varies by year),no_listed_event_onset_not_physical_zero,no_listed_event_onset_not_physical_zero,2017.0,-5.95,11.03,4.64,39.82,7.23,108.73015873015872,2341.0,1586.95,12.0,"Includes term deposits; cash-flow-based measure, detailed vintage exclusions remain subject to audit",False,Pre-AASB15/1058,2019.0,-2.65,12.64,124.43403590944574,12.0,False,AASB15/1058 and lease regime,2017,2019
balranald,Balranald,2019,0.0,0.0,0.0,verified_zero_mapped_burn_within_source_scope,10.0,Sentinel 2 (original mapping scope varies by year),no_listed_event_onset_not_physical_zero,no_listed_event_onset_not_physical_zero,2018.0,-3.35,11.94,3.78,35.07,11.45,95.66887879846315,2340.0,1593.0200000000002,12.0,"Includes term deposits; cash-flow-based measure, detailed vintage exclusions remain subject to audit",False,Pre-AASB15/1058,2020.0,6.35,20.51,104.01246591351772,12.0,False,AASB15/1058 and lease regime,2018,2020
balranald,Balranald,2020,0.0,0.0,0.0,verified_zero_mapped_burn_within_source_scope,10.0,Sentinel 2 (original mapping scope varies by year),no_listed_event_onset_not_physical_zero,no_listed_event_onset_not_physical_zero,2019.0,-2.65,12.64,5.72,35.48,12.22,124.43403590944574,2338.0,1593.14,12.0,"Includes term deposits; cash-flow-based measure, detailed vintage exclusions remain subject to audit",False,AASB15/1058 and lease regime,2021.0,11.99,24.658,92.73100616016428,12.0,False,AASB15/1058 and lease regime,2019,2021
balranald,Balranald,2021,0.0,0.0,1.0,verified_zero_mapped_burn_within_source_scope,10.0,Sentinel 2 (original mapping scope varies by year),no_listed_event_onset_not_physical_zero,listed_event_onset,2020.0,6.35,20.51,6.14,34.73,16.73,104.01246591351772,2306.0,1593.14,12.0,"Includes term deposits; cash-flow-based measure, detailed vintage exclusions remain subject to audit",False,AASB15/1058 and lease regime,2022.0,20.61,26.0338,185.67402536402068,12.0,False,AASB15/1058 and lease regime,2020,2022
balranald,Balranald,2022,175.85,0.0,1.0,mapped_burn_positive,10.0,Sentinel 2 (original mapping scope varies by year),no_listed_event_onset_not_physical_zero,listed_event_onset,2021.0,11.99,24.658,7.1456,35.46,24.3495,92.73100616016428,2207.0,1593.1,12.0,"Includes term deposits; cash-flow-based measure, detailed vintage exclusions remain subject to audit",False,AASB15/1058 and lease regime,2023.0,1.06,20.9322,180.72840409956075,12.0,False,AASB15/1058 and lease regime,2021,2023
balranald,Balranald,2023,3988.69,0.0,0.0,mapped_burn_positive,10.0,Sentinel 2 (original mapping scope varies by year),no_listed_event_onset_not_physical_zero,no_listed_event_onset_not_physical_zero,2022.0,20.61,26.0338,12.4906,32.98,34.1792,185.67402536402068,2210.0,1593.11,12.0,"Includes term deposits; cash-flow-based measure, detailed vintage exclusions remain subject to audit",False,AASB15/1058 and lease regime,2024.0,,,205.18793012175755,12.0,False,Six fiscal ratios not collected by OLG,2022,2024
balranald,Balranald,2024,,0.0,0.0,unknown_source_not_acquired,,Sentinel 2 (original mapping scope varies by year),no_listed_event_onset_not_physical_zero,no_listed_event_onset_not_physical_zero,2023.0,1.06,20.9322,16.5063,39.36,21.8947,180.72840409956075,2219.0,1593.11,12.0,"Includes term deposits; cash-flow-based measure, detailed vintage exclusions remain subject to audit",False,AASB15/1058 and lease regime,,,,,,,,2023,2025
bathurst,Bathurst Regional,2012,0.0,1.0,0.0,verified_zero_mapped_burn_within_source_scope,100.0,Landsat,observed_positive_in_complete_published_list,no_listed_event_in_complete_published_list_not_physical_zero,,,,,,,,,,,,,,2013.0,-6.29,13.6658,56.52216142713763,12.0,False,Early OLG/TCorp definitions; revaluation exclusions described,2011,2013
bathurst,Bathurst Regional,2013,3318.5051695627662,1.0,,observed_positive_mapped_burn_within_source_scope,100.0,Landsat,observed_positive_partial_inventory_count_lower_bound,unknown_incomplete_inventory_no_positive_record,2012.0,6.02,,2.4837,61.12,5.7614,45.6398931799507,40253.0,,12.0,Earlier measure excludes term deposits and uses different expense denominator; not converted,False,Early OLG/TCorp definitions; revaluation exclusions described,2014.0,-1.26,9.3538,54.25984803578165,12.0,False,Pre-AASB15/1058,2012,2014
bathurst,Bathurst Regional,2014,0.0,,,verified_zero_mapped_burn_within_source_scope,100.0,Landsat,unknown_incomplete_inventory_no_positive_record,unknown_incomplete_inventory_no_positive_record,2013.0,-6.29,13.6658,3.908,78.03,3.2673,56.52216142713763,41051.0,,12.0,"Includes term deposits; cash-flow-based measure, detailed vintage exclusions remain subject to audit",False,Early OLG/TCorp definitions; revaluation exclusions described,2015.0,-6.91,8.36,51.73880173880174,12.0,False,Pre-AASB15/1058,2013,2015
bathurst,Bathurst Regional,2015,0.0,,,verified_zero_mapped_burn_within_source_scope,100.0,Landsat,unknown_incomplete_inventory_no_positive_record,unknown_incomplete_inventory_no_positive_record,2014.0,-1.26,9.3538,2.5455,77.04,4.1048,54.25984803578165,41682.0,,12.0,"Includes term deposits; cash-flow-based measure, detailed vintage exclusions remain subject to audit",False,Pre-AASB15/1058,2016.0,-5.45,10.022,158.77780906786822,12.0,False,Pre-AASB15/1058,2014,2016
bathurst,Bathurst Regional,2016,344.1844733278337,1.0,1.0,observed_positive_mapped_burn_within_source_scope,100.0,Landsat 8,observed_positive_partial_inventory_count_lower_bound,observed_positive_partial_inventory_count_lower_bound,2015.0,-6.91,8.36,1.88,75.73,3.95,51.73880173880174,42231.0,,12.0,"Includes term deposits; cash-flow-based measure, detailed vintage exclusions remain subject to audit",False,Pre-AASB15/1058,2017.0,-6.92,10.47,81.490727532097,12.0,False,Pre-AASB15/1058,2015,2017
bathurst,Bathurst Regional,2017,305.25,1.0,0.0,mapped_burn_positive,100.0,Sentinel 2 (original mapping scope varies by year),listed_event_onset,no_listed_event_onset_not_physical_zero,2016.0,-5.45,10.022,2.2717,62.4,4.1209,158.77780906786822,42389.0,1347.6799999999998,12.0,"Includes term deposits; cash-flow-based measure, detailed vintage exclusions remain subject to audit",False,Pre-AASB15/1058,2018.0,-15.36,8.9,146.35267674703718,12.0,False,Pre-AASB15/1058,2016,2018
bathurst,Bathurst Regional,2018,0.0,0.0,1.0,verified_zero_mapped_burn_within_source_scope,100.0,Sentinel 2 (original mapping scope varies by year),no_listed_event_onset_not_physical_zero,listed_event_onset,2017.0,-6.92,10.47,1.14,69.3,3.66,81.490727532097,42779.0,1352.48,12.0,"Includes term deposits; cash-flow-based measure, detailed vintage exclusions remain subject to audit",False,Pre-AASB15/1058,2019.0,-21.84,7.81,159.3585115245765,12.0,False,AASB15/1058 and lease regime,2017,2019
bathurst,Bathurst Regional,2019,0.0,0.0,1.0,verified_zero_mapped_burn_within_source_scope,10.0,Sentinel 2 (original mapping scope varies by year),no_listed_event_onset_not_physical_zero,listed_event_onset,2018.0,-15.36,8.9,0.87,68.29,2.17,146.35267674703718,43206.0,1355.64,12.0,"Includes term deposits; cash-flow-based measure, detailed vintage exclusions remain subject to audit",False,Pre-AASB15/1058,2020.0,-25.35,10.24,54.78801707640218,12.0,False,AASB15/1058 and lease regime,2018,2020
bathurst,Bathurst Regional,2020,0.0,0.0,1.0,verified_zero_mapped_burn_within_source_scope,10.0,Sentinel 2 (original mapping scope varies by year),no_listed_event_onset_not_physical_zero,listed_event_onset,2019.0,-21.84,7.81,0.95,71.37,1.05,159.3585115245765,43618.0,1357.0,12.0,"Includes term deposits; cash-flow-based measure, detailed vintage exclusions remain subject to audit",False,AASB15/1058 and lease regime,2021.0,-20.8,12.2047,65.84576054537708,12.0,False,AASB15/1058 and lease regime,2019,2021
bathurst,Bathurst Regional,2021,0.0,0.0,1.0,verified_zero_mapped_burn_within_source_scope,10.0,Sentinel 2 (original mapping scope varies by year),no_listed_event_onset_not_physical_zero,listed_event_onset,2020.0,-25.35,10.24,1.47,73.85,1.71,54.78801707640218,43996.0,1360.66,12.0,"Includes term deposits; cash-flow-based measure, detailed vintage exclusions remain subject to audit",False,AASB15/1058 and lease regime,2022.0,-19.94,9.2174,115.68065280917462,12.0,False,AASB15/1058 and lease regime,2020,2022
bathurst,Bathurst Regional,2022,1760.97,1.0,1.0,mapped_burn_positive,10.0,Sentinel 2 (original mapping scope varies by year),listed_event_onset,listed_event_onset,2021.0,-20.8,12.2047,1.1488,70.46,2.4637,65.84576054537708,43653.0,1369.58,12.0,"Includes term deposits; cash-flow-based measure, detailed vintage exclusions remain subject to audit",False,AASB15/1058 and lease regime,2023.0,-8.5,5.9722,86.82001343183344,12.0,False,AASB15/1058 and lease regime,2021,2023
bathurst,Bathurst Regional,2023,0.0,0.0,0.0,verified_zero_mapped_burn_within_source_scope,10.0,Sentinel 2 (original mapping scope varies by year),no_listed_event_onset_not_physical_zero,no_listed_event_onset_not_physical_zero,2022.0,-19.94,9.2174,0.9561,71.7,2.034,115.68065280917462,44112.0,1374.39,12.0,"Includes term deposits; cash-flow-based measure, detailed vintage exclusions remain subject to audit",False,AASB15/1058 and lease regime,2024.0,,,61.26456022877869,12.0,False,Six fiscal ratios not collected by OLG,2022,2024
bathurst,Bathurst Regional,2024,,1.0,0.0,unknown_source_not_acquired,,Sentinel 2 (original mapping scope varies by year),listed_event_onset,no_listed_event_onset_not_physical_zero,2023.0,-8.5,5.9722,0.5943,65.38,2.6952,86.82001343183344,44939.0,1370.32,12.0,"Includes term deposits; cash-flow-based measure, detailed vintage exclusions remain subject to audit",False,AASB15/1058 and lease regime,,,,,,,,2023,2025
begavalley,Bega Valley,2012,0.0,1.0,0.0,verified_zero_mapped_burn_within_source_scope,100.0,Landsat,observed_positive_in_complete_published_list,no_listed_event_in_complete_published_list_not_physical_zero,,,,,,,,,,,,,,2013.0,-8.870000000000001,10.0037,94.35831180017226,12.0,False,Early OLG/TCorp definitions; revaluation exclusions described,2011,2013
begavalley,Bega Valley,2013,363.9928947048224,,,observed_positive_mapped_burn_within_source_scope,100.0,Landsat,unknown_incomplete_inventory_no_positive_record,unknown_incomplete_inventory_no_positive_record,2012.0,-3.9,,2.5038,63.849999999999994,5.0849,85.82823223891671,33259.0,,12.0,Earlier measure excludes term deposits and uses different expense denominator; not converted,False,Early OLG/TCorp definitions; revaluation exclusions described,2014.0,-0.72,11.8546,81.00812439940596,12.0,False,Pre-AASB15/1058,2012,2014
begavalley,Bega Valley,2014,0.0,,1.0,verified_zero_mapped_burn_within_source_scope,100.0,Landsat,unknown_incomplete_inventory_no_positive_record,observed_positive_partial_inventory_count_lower_bound,2013.0,-8.870000000000001,10.0037,1.9367,79.55,4.1647,94.35831180017226,33313.0,,12.0,"Includes term deposits; cash-flow-based measure, detailed vintage exclusions remain subject to audit",False,Early OLG/TCorp definitions; revaluation exclusions described,2015.0,-3.15,11.05,354.2518479057069,12.0,False,Pre-AASB15/1058,2013,2015
begavalley,Bega Valley,2015,2752.356463292791,,1.0,observed_positive_mapped_burn_within_source_scope,100.0,Landsat,unknown_incomplete_inventory_no_positive_record,observed_positive_partial_inventory_count_lower_bound,2014.0,-0.72,11.8546,1.3125,74.52,4.5824,81.00812439940596,33468.0,,12.0,"Includes term deposits; cash-flow-based measure, detailed vintage exclusions remain subject to audit",False,Pre-AASB15/1058,2016.0,-2.89,9.9787,95.82789643568437,12.0,False,Pre-AASB15/1058,2014,2016
begavalley,Bega Valley,2016,0.0,,,verified_zero_mapped_burn_within_source_scope,100.0,Landsat 8,unknown_incomplete_inventory_no_positive_record,unknown_incomplete_inventory_no_positive_record,2015.0,-3.15,11.05,1.29,74.62,5.04,354.2518479057069,33475.0,,12.0,"Includes term deposits; cash-flow-based measure, detailed vintage exclusions remain subject to audit",False,Pre-AASB15/1058,2017.0,1.14,12.83,80.59558951206807,12.0,False,Pre-AASB15/1058,2015,2017
begavalley,Bega Valley,2017,1343.35,1.0,0.0,mapped_burn_positive,100.0,Sentinel 2 (original mapping scope varies by year),listed_event_onset,no_listed_event_onset_not_physical_zero,2016.0,-2.89,9.9787,1.4738,71.67,4.3804,95.82789643568437,33946.0,1420.93945,12.0,"Includes term deposits; cash-flow-based measure, detailed vintage exclusions remain subject to audit",False,Pre-AASB15/1058,2018.0,-9.9,12.2,80.00878091614226,12.0,False,Pre-AASB15/1058,2016,2018
begavalley,Bega Valley,2018,8852.4,1.0,0.0,mapped_burn_positive,100.0,Sentinel 2 (original mapping scope varies by year),listed_event_onset,no_listed_event_onset_not_physical_zero,2017.0,1.14,12.83,2.0,69.68,28.7,80.59558951206807,34102.0,1413.6399999999996,12.0,"Includes term deposits; cash-flow-based measure, detailed vintage exclusions remain subject to audit",False,Pre-AASB15/1058,2019.0,2.13,12.14,98.10391529180004,12.0,False,AASB15/1058 and lease regime,2017,2019
begavalley,Bega Valley,2019,339459.06,1.0,1.0,mapped_burn_positive,10.0,Sentinel 2 (original mapping scope varies by year),listed_event_onset,listed_event_onset,2018.0,-9.9,12.2,0.6,66.8,2.8,80.00878091614226,34348.0,1410.5,12.0,"Includes term deposits; cash-flow-based measure, detailed vintage exclusions remain subject to audit",False,Pre-AASB15/1058,2020.0,2.89,11.77,111.91390295703316,12.0,False,AASB15/1058 and lease regime,2018,2020
begavalley,Bega Valley,2020,0.0,0.0,1.0,verified_zero_mapped_burn_within_source_scope,10.0,Sentinel 2 (original mapping scope varies by year),no_listed_event_onset_not_physical_zero,listed_event_onset,2019.0,2.13,12.14,1.08,58.78,5.33,98.10391529180004,34476.0,1482.9,12.0,"Includes term deposits; cash-flow-based measure, detailed vintage exclusions remain subject to audit",False,AASB15/1058 and lease regime,2021.0,11.77,12.2588,90.86174242424242,12.0,False,AASB15/1058 and lease regime,2019,2021
begavalley,Bega Valley,2021,0.0,0.0,1.0,verified_zero_mapped_burn_within_source_scope,10.0,Sentinel 2 (original mapping scope varies by year),no_listed_event_onset_not_physical_zero,listed_event_onset,2020.0,2.89,11.77,0.93,53.62,5.72,111.91390295703316,34727.0,1493.4900000000002,12.0,"Includes term deposits; cash-flow-based measure, detailed vintage exclusions remain subject to audit",False,AASB15/1058 and lease regime,2022.0,6.3,2.4228,116.57288074060628,12.0,False,AASB15/1058 and lease regime,2020,2022
begavalley,Bega Valley,2022,0.0,0.0,1.0,verified_zero_mapped_burn_within_source_scope,10.0,Sentinel 2 (original mapping scope varies by year),no_listed_event_onset_not_physical_zero,listed_event_onset,2021.0,11.77,12.2588,2.1328,46.62,9.0052,90.86174242424242,35761.0,1540.6000000000004,12.0,"Includes term deposits; cash-flow-based measure, detailed vintage exclusions remain subject to audit",False,AASB15/1058 and lease regime,2023.0,6.88,14.7432,102.97985683369404,12.0,False,AASB15/1058 and lease regime,2021,2023
begavalley,Bega Valley,2023,7165.84,1.0,1.0,mapped_burn_positive,10.0,Sentinel 2 (original mapping scope varies by year),listed_event_onset,listed_event_onset,2022.0,6.3,2.4228,2.8096,49.93,6.5195,116.57288074060628,35988.0,1534.329,12.0,"Includes term deposits; cash-flow-based measure, detailed vintage exclusions remain subject to audit",False,AASB15/1058 and lease regime,2024.0,,,110.5040884176476,12.0,False,Six fiscal ratios not collected by OLG,2022,2024
begavalley,Bega Valley,2024,,0.0,1.0,unknown_source_not_acquired,,Sentinel 2 (original mapping scope varies by year),no_listed_event_onset_not_physical_zero,listed_event_onset,2023.0,6.88,14.7432,3.7603,58.35,7.5523,102.97985683369404,36593.0,1534.33,12.0,"Includes term deposits; cash-flow-based measure, detailed vintage exclusions remain subject to audit",False,AASB15/1058 and lease regime,,,,,,,,2023,2025
bellingen,Bellingen,2012,0.0,0.0,1.0,verified_zero_mapped_burn_within_source_scope,100.0,Landsat,no_listed_event_in_complete_published_list_not_physical_zero,observed_positive_in_complete_published_list,,,,,,,,,,,,,,2013.0,-39.07,14.2651,63.59769067152841,12.0,False,Early OLG/TCorp definitions; revaluation exclusions described,2011,2013
bellingen,Bellingen,2013,0.0,,,verified_zero_mapped_burn_within_source_scope,100.0,Landsat,unknown_incomplete_inventory_no_positive_record,unknown_incomplete_inventory_no_positive_record,2012.0,-17.59,,2.479,60.73,8.0254,110.65375302663438,12819.0,,12.0,Earlier measure excludes term deposits and uses different expense denominator; not converted,False,Early OLG/TCorp definitions; revaluation exclusions described,2014.0,-21.38,16.991600000000002,74.95274102079395,12.0,False,Pre-AASB15/1058,2012,2014
bellingen,Bellingen,2014,0.0,,1.0,verified_zero_mapped_burn_within_source_scope,100.0,Landsat,unknown_incomplete_inventory_no_positive_record,observed_positive_partial_inventory_count_lower_bound,2013.0,-39.07,14.2651,2.7626,71.67999999999999,0.7732,63.59769067152841,12854.0,,12.0,"Includes term deposits; cash-flow-based measure, detailed vintage exclusions remain subject to audit",False,Early OLG/TCorp definitions; revaluation exclusions described,2015.0,-3.63,15.16,51.569591527987896,12.0,False,Pre-AASB15/1058,2013,2015
bellingen,Bellingen,2015,0.0,,,verified_zero_mapped_burn_within_source_scope,100.0,Landsat,unknown_incomplete_inventory_no_positive_record,unknown_incomplete_inventory_no_positive_record,2014.0,-21.38,16.991600000000002,1.9215,63.85,6.0455,74.95274102079395,13032.0,,12.0,"Includes term deposits; cash-flow-based measure, detailed vintage exclusions remain subject to audit",False,Pre-AASB15/1058,2016.0,0.68,17.6782,89.30855924459335,12.0,False,Pre-AASB15/1058,2014,2016
bellingen,Bellingen,2016,370.6256113362955,,1.0,observed_positive_mapped_burn_within_source_scope,100.0,Landsat 8,unknown_incomplete_inventory_no_positive_record,observed_positive_partial_inventory_count_lower_bound,2015.0,-3.63,15.16,2.58,65.98,5.04,51.569591527987896,13010.0,,12.0,"Includes term deposits; cash-flow-based measure, detailed vintage exclusions remain subject to audit",False,Pre-AASB15/1058,2017.0,0.51,6.51,100.0,12.0,False,Pre-AASB15/1058,2015,2017
bellingen,Bellingen,2017,550.2,0.0,0.0,mapped_burn_positive,100.0,Sentinel 2 (original mapping scope varies by year),no_listed_event_onset_not_physical_zero,no_listed_event_onset_not_physical_zero,2016.0,0.68,17.6782,2.474,68.1,6.291399999999999,89.30855924459335,12893.0,598.5200000000001,12.0,"Includes term deposits; cash-flow-based measure, detailed vintage exclusions remain subject to audit",False,Pre-AASB15/1058,2018.0,-12.43,3.19,100.0,12.0,False,Pre-AASB15/1058,2016,2018
bellingen,Bellingen,2018,73.59,0.0,1.0,mapped_burn_positive,100.0,Sentinel 2 (original mapping scope varies by year),no_listed_event_onset_not_physical_zero,listed_event_onset,2017.0,0.51,6.51,2.33,63.41,6.34,100.0,12946.0,598.5200000000001,12.0,"Includes term deposits; cash-flow-based measure, detailed vintage exclusions remain subject to audit",False,Pre-AASB15/1058,2019.0,-2.8,4.18,100.0,12.0,False,AASB15/1058 and lease regime,2017,2019
bellingen,Bellingen,2019,17265.35,1.0,1.0,mapped_burn_positive,10.0,Sentinel 2 (original mapping scope varies by year),listed_event_onset,listed_event_onset,2018.0,-12.43,3.19,1.46,68.81,3.42,100.0,12963.0,584.47,12.0,"Includes term deposits; cash-flow-based measure, detailed vintage exclusions remain subject to audit",False,Pre-AASB15/1058,2020.0,-1.99,7.34,85.21215164448908,12.0,False,AASB15/1058 and lease regime,2018,2020
bellingen,Bellingen,2020,0.0,0.0,1.0,verified_zero_mapped_burn_within_source_scope,10.0,Sentinel 2 (original mapping scope varies by year),no_listed_event_onset_not_physical_zero,listed_event_onset,2019.0,-2.8,4.18,2.56,72.84,5.88,100.0,12996.0,586.1400000000001,12.0,"Includes term deposits; cash-flow-based measure, detailed vintage exclusions remain subject to audit",False,AASB15/1058 and lease regime,2021.0,8.77,9.9948,84.37282633897519,12.0,False,AASB15/1058 and lease regime,2019,2021
bellingen,Bellingen,2021,0.0,0.0,1.0,verified_zero_mapped_burn_within_source_scope,10.0,Sentinel 2 (original mapping scope varies by year),no_listed_event_onset_not_physical_zero,listed_event_onset,2020.0,-1.99,7.34,2.17,58.37,5.2,85.21215164448908,13141.0,610.081,12.0,"Includes term deposits; cash-flow-based measure, detailed vintage exclusions remain subject to audit",False,AASB15/1058 and lease regime,2022.0,10.7,17.8243,59.784374538472896,12.0,False,AASB15/1058 and lease regime,2020,2022
bellingen,Bellingen,2022,22.76,0.0,0.0,mapped_burn_positive,10.0,Sentinel 2 (original mapping scope varies by year),no_listed_event_onset_not_physical_zero,no_listed_event_onset_not_physical_zero,2021.0,8.77,9.9948,2.5806,53.84,7.5034,84.37282633897519,13197.0,618.8000000000001,12.0,"Includes term deposits; cash-flow-based measure, detailed vintage exclusions remain subject to audit",False,AASB15/1058 and lease regime,2023.0,5.61,19.4303,39.900935608145296,12.0,False,AASB15/1058 and lease regime,2021,2023
bellingen,Bellingen,2023,0.0,0.0,0.0,verified_zero_mapped_burn_within_source_scope,10.0,Sentinel 2 (original mapping scope varies by year),no_listed_event_onset_not_physical_zero,no_listed_event_onset_not_physical_zero,2022.0,10.7,17.8243,2.7704,47.74,5.3941,59.784374538472896,13262.0,617.6800000000001,12.0,"Includes term deposits; cash-flow-based measure, detailed vintage exclusions remain subject to audit",False,AASB15/1058 and lease regime,2024.0,,,43.878833584715935,12.0,False,Six fiscal ratios not collected by OLG,2022,2024
bellingen,Bellingen,2024,,0.0,1.0,unknown_source_not_acquired,,Sentinel 2 (original mapping scope varies by year),no_listed_event_onset_not_physical_zero,listed_event_onset,2023.0,5.61,19.4303,2.9226,56.15,4.3323,39.900935608145296,13278.0,617.6800000000001,12.0,"Includes term deposits; cash-flow-based measure, detailed vintage exclusions remain subject to audit",False,AASB15/1058 and lease regime,,,,,,,,2023,2025
berrigan,Berrigan,2012,0.0,1.0,0.0,verified_zero_mapped_burn_within_source_scope,100.0,Landsat,observed_positive_in_complete_published_list,no_listed_event_in_complete_published_list_not_physical_zero,,,,,,,,,,,,,,2013.0,-9.78,13.5899,99.80366492146597,12.0,False,Early OLG/TCorp definitions; revaluation exclusions described,2011,2013
berrigan,Berrigan,2013,0.0,,,verified_zero_mapped_burn_within_source_scope,100.0,Landsat,unknown_incomplete_inventory_no_positive_record,unknown_incomplete_inventory_no_positive_record,2012.0,-2.19,,3.4489,51.94,34.078,100.0,8337.0,,12.0,Earlier measure excludes term deposits and uses different expense denominator; not converted,False,Early OLG/TCorp definitions; revaluation exclusions described,2014.0,7.1,19.8782,100.4172461752434,12.0,False,Pre-AASB15/1058,2012,2014
berrigan,Berrigan,2014,0.0,,,verified_zero_mapped_burn_within_source_scope,100.0,Landsat,unknown_incomplete_inventory_no_positive_record,unknown_incomplete_inventory_no_positive_record,2013.0,-9.78,13.5899,4.6613,63.99,26.0345,99.80366492146597,8365.0,,12.0,"Includes term deposits; cash-flow-based measure, detailed vintage exclusions remain subject to audit",False,Early OLG/TCorp definitions; revaluation exclusions described,2015.0,14.68,19.97,105.16351118760755,12.0,False,Pre-AASB15/1058,2013,2015
berrigan,Berrigan,2015,0.0,,,verified_zero_mapped_burn_within_source_scope,100.0,Landsat,unknown_incomplete_inventory_no_positive_record,unknown_incomplete_inventory_no_positive_record,2014.0,7.1,19.8782,4.1924,61.23,31.3144,100.4172461752434,8413.0,,12.0,"Includes term deposits; cash-flow-based measure, detailed vintage exclusions remain subject to audit",False,Pre-AASB15/1058,2016.0,22.54,23.9816,114.73390657680687,12.0,False,Pre-AASB15/1058,2014,2016
berrigan,Berrigan,2016,0.0,,1.0,verified_zero_mapped_burn_within_source_scope,100.0,Landsat 8,unknown_incomplete_inventory_no_positive_record,observed_positive_partial_inventory_count_lower_bound,2015.0,14.68,19.97,7.05,55.34,25.63,105.16351118760755,8416.0,,12.0,"Includes term deposits; cash-flow-based measure, detailed vintage exclusions remain subject to audit",False,Pre-AASB15/1058,2017.0,18.24,27.97,103.89965792474344,12.0,False,Pre-AASB15/1058,2015,2017
berrigan,Berrigan,2017,0.0,0.0,0.0,verified_zero_mapped_burn_within_source_scope,100.0,Sentinel 2 (original mapping scope varies by year),no_listed_event_onset_not_physical_zero,no_listed_event_onset_not_physical_zero,2016.0,22.54,23.9816,8.0779,53.93,34.8585,114.73390657680687,8572.0,1389.58,12.0,"Includes term deposits; cash-flow-based measure, detailed vintage exclusions remain subject to audit",False,Pre-AASB15/1058,2018.0,8.65,29.33,119.12017167381974,12.0,False,Pre-AASB15/1058,2016,2018
berrigan,Berrigan,2018,0.0,0.0,1.0,verified_zero_mapped_burn_within_source_scope,100.0,Sentinel 2 (original mapping scope varies by year),no_listed_event_onset_not_physical_zero,listed_event_onset,2017.0,18.24,27.97,7.24,61.16,48.7,103.89965792474344,8664.0,1431.36,12.0,"Includes term deposits; cash-flow-based measure, detailed vintage exclusions remain subject to audit",False,Pre-AASB15/1058,2019.0,5.6,27.88,104.29225486455552,12.0,False,AASB15/1058 and lease regime,2017,2019
berrigan,Berrigan,2019,0.0,0.0,0.0,verified_zero_mapped_burn_within_source_scope,10.0,Sentinel 2 (original mapping scope varies by year),no_listed_event_onset_not_physical_zero,no_listed_event_onset_not_physical_zero,2018.0,8.65,29.33,6.79,59.29,35.08,119.12017167381974,8707.0,1394.4299999999998,12.0,"Includes term deposits; cash-flow-based measure, detailed vintage exclusions remain subject to audit",False,Pre-AASB15/1058,2020.0,4.02,25.87,123.29867674858222,12.0,False,AASB15/1058 and lease regime,2018,2020
berrigan,Berrigan,2020,0.0,0.0,0.0,verified_zero_mapped_burn_within_source_scope,10.0,Sentinel 2 (original mapping scope varies by year),no_listed_event_onset_not_physical_zero,no_listed_event_onset_not_physical_zero,2019.0,5.6,27.88,4.33,56.76,18.27,104.29225486455552,8750.0,1394.7399999999998,12.0,"Includes term deposits; cash-flow-based measure, detailed vintage exclusions remain subject to audit",False,AASB15/1058 and lease regime,2021.0,-2.0,11.2855,106.31455856558176,12.0,False,AASB15/1058 and lease regime,2019,2021
berrigan,Berrigan,2021,0.0,0.0,1.0,verified_zero_mapped_burn_within_source_scope,10.0,Sentinel 2 (original mapping scope varies by year),no_listed_event_onset_not_physical_zero,listed_event_onset,2020.0,4.02,25.87,5.01,50.84,15.4,123.29867674858222,8784.0,1395.586,12.0,"Includes term deposits; cash-flow-based measure, detailed vintage exclusions remain subject to audit",False,AASB15/1058 and lease regime,2022.0,-5.9,23.0087,114.43240159726184,12.0,False,AASB15/1058 and lease regime,2020,2022
berrigan,Berrigan,2022,0.0,0.0,1.0,verified_zero_mapped_burn_within_source_scope,10.0,Sentinel 2 (original mapping scope varies by year),no_listed_event_onset_not_physical_zero,listed_event_onset,2021.0,-2.0,11.2855,3.9414,53.26,10.1538,106.31455856558176,8612.0,1392.4,12.0,"Includes term deposits; cash-flow-based measure, detailed vintage exclusions remain subject to audit",False,AASB15/1058 and lease regime,2023.0,-9.95,24.4473,140.66774866682124,12.0,False,AASB15/1058 and lease regime,2021,2023
berrigan,Berrigan,2023,98.7,0.0,0.0,mapped_burn_positive,10.0,Sentinel 2 (original mapping scope varies by year),no_listed_event_onset_not_physical_zero,no_listed_event_onset_not_physical_zero,2022.0,-5.9,23.0087,5.2154,47.26,16.3015,114.43240159726184,8653.0,1351.64,12.0,"Includes term deposits; cash-flow-based measure, detailed vintage exclusions remain subject to audit",False,AASB15/1058 and lease regime,2024.0,,,101.21261115602265,12.0,False,Six fiscal ratios not collected by OLG,2022,2024
berrigan,Berrigan,2024,,0.0,0.0,unknown_source_not_acquired,,Sentinel 2 (original mapping scope varies by year),no_listed_event_onset_not_physical_zero,no_listed_event_onset_not_physical_zero,2023.0,-9.95,24.4473,4.4439,52.239999999999995,8.2568,140.66774866682124,8666.0,1350.84,12.0,"Includes term deposits; cash-flow-based measure, detailed vintage exclusions remain subject to audit",False,AASB15/1058 and lease regime,,,,,,,,2023,2025
blacktown,Blacktown,2012,0.0,0.0,0.0,verified_zero_mapped_burn_within_source_scope,100.0,Landsat,no_listed_event_in_complete_published_list_not_physical_zero,no_listed_event_in_complete_published_list_not_physical_zero,,,,,,,,,,,,,,2013.0,-7.91,16.1511,90.79561042524006,12.0,False,Early OLG/TCorp definitions; revaluation exclusions described,2011,2013
blacktown,Blacktown,2013,140.370316906893,1.0,,observed_positive_mapped_burn_within_source_scope,100.0,Landsat,observed_positive_partial_inventory_count_lower_bound,unknown_incomplete_inventory_no_positive_record,2012.0,-3.4299999999999997,,4.4039,45.12,,101.98268475016992,317598.0,,12.0,Earlier measure excludes term deposits and uses different expense denominator; not converted,False,Early OLG/TCorp definitions; revaluation exclusions described,2014.0,-4.46,18.6393,125.04706012623188,12.0,False,Pre-AASB15/1058,2012,2014
blacktown,Blacktown,2014,0.0,,1.0,verified_zero_mapped_burn_within_source_scope,100.0,Landsat,unknown_incomplete_inventory_no_positive_record,observed_positive_partial_inventory_count_lower_bound,2013.0,-7.91,16.1511,4.2883,62.77,,90.79561042524006,325185.0,,12.0,"Includes term deposits; cash-flow-based measure, detailed vintage exclusions remain subject to audit",False,Early OLG/TCorp definitions; revaluation exclusions described,2015.0,-2.61,16.93,98.55621223844724,12.0,False,Pre-AASB15/1058,2013,2015
blacktown,Blacktown,2015,0.0,,1.0,verified_zero_mapped_burn_within_source_scope,100.0,Landsat,unknown_incomplete_inventory_no_positive_record,observed_positive_partial_inventory_count_lower_bound,2014.0,-4.46,18.6393,4.3262,48.64,,125.04706012623188,332424.0,,12.0,"Includes term deposits; cash-flow-based measure, detailed vintage exclusions remain subject to audit",False,Pre-AASB15/1058,2016.0,3.45,18.9883,99.29503500954806,12.0,False,Pre-AASB15/1058,2014,2016
blacktown,Blacktown,2016,0.0,,,verified_zero_mapped_burn_within_source_scope,100.0,Landsat 8,unknown_incomplete_inventory_no_positive_record,unknown_incomplete_inventory_no_positive_record,2015.0,-2.61,16.93,3.22,45.25,,98.55621223844724,339328.0,,12.0,"Includes term deposits; cash-flow-based measure, detailed vintage exclusions remain subject to audit",False,Pre-AASB15/1058,2017.0,-6.7,21.91,99.5745491490983,12.0,False,Pre-AASB15/1058,2015,2017
blacktown,Blacktown,2017,0.0,0.0,0.0,verified_zero_mapped_burn_within_source_scope,100.0,Sentinel 2 (original mapping scope varies by year),no_listed_event_onset_not_physical_zero,no_listed_event_onset_not_physical_zero,2016.0,3.45,18.9883,2.6072,47.48,,99.29503500954806,347591.0,1403.7299999999998,12.0,"Includes term deposits; cash-flow-based measure, detailed vintage exclusions remain subject to audit",False,Pre-AASB15/1058,2018.0,-6.7,19.12,97.19996083861312,12.0,False,Pre-AASB15/1058,2016,2018
blacktown,Blacktown,2018,0.0,0.0,1.0,verified_zero_mapped_burn_within_source_scope,100.0,Sentinel 2 (original mapping scope varies by year),no_listed_event_onset_not_physical_zero,listed_event_onset,2017.0,-6.7,21.91,3.05,46.27,,99.5745491490983,357479.0,1438.6699999999998,12.0,"Includes term deposits; cash-flow-based measure, detailed vintage exclusions remain subject to audit",False,Pre-AASB15/1058,2019.0,-4.61,21.16,101.37466807391672,12.0,False,AASB15/1058 and lease regime,2017,2019
blacktown,Blacktown,2019,0.0,0.0,1.0,verified_zero_mapped_burn_within_source_scope,10.0,Sentinel 2 (original mapping scope varies by year),no_listed_event_onset_not_physical_zero,listed_event_onset,2018.0,-6.7,19.12,3.15,50.81,,97.19996083861312,366534.0,1465.89,12.0,"Includes term deposits; cash-flow-based measure, detailed vintage exclusions remain subject to audit",False,Pre-AASB15/1058,2020.0,-7.75,22.84,99.19804026221072,12.0,False,AASB15/1058 and lease regime,2018,2020
blacktown,Blacktown,2020,0.0,0.0,1.0,verified_zero_mapped_burn_within_source_scope,10.0,Sentinel 2 (original mapping scope varies by year),no_listed_event_onset_not_physical_zero,listed_event_onset,2019.0,-4.61,21.16,2.74,51.14,80.53,101.37466807391672,374451.0,1480.26,12.0,"Includes term deposits; cash-flow-based measure, detailed vintage exclusions remain subject to audit",False,AASB15/1058 and lease regime,2021.0,-2.94,27.0758,98.48152098889376,12.0,False,AASB15/1058 and lease regime,2019,2021
blacktown,Blacktown,2021,0.0,0.0,1.0,verified_zero_mapped_burn_within_source_scope,10.0,Sentinel 2 (original mapping scope varies by year),no_listed_event_onset_not_physical_zero,listed_event_onset,2020.0,-7.75,22.84,3.15,54.48,79.57,99.19804026221072,382831.0,1506.846,12.0,"Includes term deposits; cash-flow-based measure, detailed vintage exclusions remain subject to audit",False,AASB15/1058 and lease regime,2022.0,-3.05,23.0518,97.88675800898872,12.0,False,AASB15/1058 and lease regime,2020,2022
blacktown,Blacktown,2022,0.0,0.0,0.0,verified_zero_mapped_burn_within_source_scope,10.0,Sentinel 2 (original mapping scope varies by year),no_listed_event_onset_not_physical_zero,no_listed_event_onset_not_physical_zero,2021.0,-2.94,27.0758,2.7905,59.49,5.7547,98.48152098889376,399711.0,1524.13,12.0,"Includes term deposits; cash-flow-based measure, detailed vintage exclusions remain subject to audit",False,AASB15/1058 and lease regime,2023.0,-0.01,23.4771,98.13153422258846,12.0,False,AASB15/1058 and lease regime,2021,2023
blacktown,Blacktown,2023,0.0,0.0,1.0,verified_zero_mapped_burn_within_source_scope,10.0,Sentinel 2 (original mapping scope varies by year),no_listed_event_onset_not_physical_zero,listed_event_onset,2022.0,-3.05,23.0518,2.6366,53.87,4.7772,97.88675800898872,410897.0,1546.65,12.0,"Includes term deposits; cash-flow-based measure, detailed vintage exclusions remain subject to audit",False,AASB15/1058 and lease regime,2024.0,,,96.05969249321676,12.0,False,Six fiscal ratios not collected by OLG,2022,2024
blacktown,Blacktown,2024,,0.0,0.0,unknown_source_not_acquired,,Sentinel 2 (original mapping scope varies by year),no_listed_event_onset_not_physical_zero,no_listed_event_onset_not_physical_zero,2023.0,-0.01,23.4771,2.801,65.03,4.7858,98.13153422258846,438843.0,1549.46,12.0,"Includes term deposits; cash-flow-based measure, detailed vintage exclusions remain subject to audit",False,AASB15/1058 and lease regime,,,,,,,,2023,2025
bland,Bland,2012,0.0,1.0,0.0,verified_zero_mapped_burn_within_source_scope,100.0,Landsat,observed_positive_in_complete_published_list,no_listed_event_in_complete_published_list_not_physical_zero,,,,,,,,,,,,,,2013.0,-19.94,6.7823,79.71705137751303,12.0,False,Early OLG/TCorp definitions; revaluation exclusions described,2011,2013
bland,Bland,2013,0.0,,,verified_zero_mapped_burn_within_source_scope,100.0,Landsat,unknown_incomplete_inventory_no_positive_record,unknown_incomplete_inventory_no_positive_record,2012.0,-2.27,,5.3808,33.019999999999996,14.6555,69.20841406033767,6055.0,,12.0,Earlier measure excludes term deposits and uses different expense denominator; not converted,False,Early OLG/TCorp definitions; revaluation exclusions described,2014.0,-6.71,12.0882,87.53395713854512,12.0,False,Pre-AASB15/1058,2012,2014
bland,Bland,2014,0.0,,,verified_zero_mapped_burn_within_source_scope,100.0,Landsat,unknown_incomplete_inventory_no_positive_record,unknown_incomplete_inventory_no_positive_record,2013.0,-19.94,6.7823,6.0742,44.34,5.1732,79.71705137751303,6010.0,,12.0,"Includes term deposits; cash-flow-based measure, detailed vintage exclusions remain subject to audit",False,Early OLG/TCorp definitions; revaluation exclusions described,2015.0,15.05,14.93,149.46091644204853,12.0,False,Pre-AASB15/1058,2013,2015
bland,Bland,2015,0.0,,1.0,verified_zero_mapped_burn_within_source_scope,100.0,Landsat,unknown_incomplete_inventory_no_positive_record,observed_positive_partial_inventory_count_lower_bound,2014.0,-6.71,12.0882,6.9502,47.64,10.3036,87.53395713854512,5994.0,,12.0,"Includes term deposits; cash-flow-based measure, detailed vintage exclusions remain subject to audit",False,Pre-AASB15/1058,2016.0,30.73,20.8814,114.28270042194092,12.0,False,Pre-AASB15/1058,2014,2016
bland,Bland,2016,5272.938508286096,1.0,1.0,observed_positive_mapped_burn_within_source_scope,100.0,Landsat 8,observed_positive_partial_inventory_count_lower_bound,observed_positive_partial_inventory_count_lower_bound,2015.0,15.05,14.93,9.1,43.79,19.85,149.46091644204853,5959.0,,12.0,"Includes term deposits; cash-flow-based measure, detailed vintage exclusions remain subject to audit",False,Pre-AASB15/1058,2017.0,-1.05,25.72,113.13715186547556,12.0,False,Pre-AASB15/1058,2015,2017
bland,Bland,2017,0.0,0.0,0.0,verified_zero_mapped_burn_within_source_scope,100.0,Sentinel 2 (original mapping scope varies by year),no_listed_event_onset_not_physical_zero,no_listed_event_onset_not_physical_zero,2016.0,30.73,20.8814,14.361199999999998,37.8,32.3532,114.28270042194092,6031.0,3070.8200000000006,12.0,"Includes term deposits; cash-flow-based measure, detailed vintage exclusions remain subject to audit",False,Pre-AASB15/1058,2018.0,59.77,28.43,113.94028595458369,12.0,False,Pre-AASB15/1058,2016,2018
bland,Bland,2018,0.0,0.0,0.0,verified_zero_mapped_burn_within_source_scope,100.0,Sentinel 2 (original mapping scope varies by year),no_listed_event_onset_not_physical_zero,no_listed_event_onset_not_physical_zero,2017.0,-1.05,25.72,14.3,44.71,16.24,113.13715186547556,5985.0,3070.8200000000006,12.0,"Includes term deposits; cash-flow-based measure, detailed vintage exclusions remain subject to audit",False,Pre-AASB15/1058,2019.0,13.95,36.6,132.69230769230768,12.0,False,AASB15/1058 and lease regime,2017,2019
bland,Bland,2019,0.0,0.0,0.0,verified_zero_mapped_burn_within_source_scope,10.0,Sentinel 2 (original mapping scope varies by year),no_listed_event_onset_not_physical_zero,no_listed_event_onset_not_physical_zero,2018.0,59.77,28.43,16.52,39.42,24.16,113.94028595458369,5985.0,3070.8200000000006,12.0,"Includes term deposits; cash-flow-based measure, detailed vintage exclusions remain subject to audit",False,Pre-AASB15/1058,2020.0,1.6,39.2,101.6671297582662,12.0,False,AASB15/1058 and lease regime,2018,2020
bland,Bland,2020,58.6,0.0,0.0,mapped_burn_positive,10.0,Sentinel 2 (original mapping scope varies by year),no_listed_event_onset_not_physical_zero,no_listed_event_onset_not_physical_zero,2019.0,13.95,36.6,21.46,32.4,81.18,132.69230769230768,5972.0,3146.601,12.0,"Includes term deposits; cash-flow-based measure, detailed vintage exclusions remain subject to audit",False,AASB15/1058 and lease regime,2021.0,17.02,46.2705,155.68685376661742,12.0,False,AASB15/1058 and lease regime,2019,2021
bland,Bland,2021,62.72,0.0,1.0,mapped_burn_positive,10.0,Sentinel 2 (original mapping scope varies by year),no_listed_event_onset_not_physical_zero,listed_event_onset,2020.0,1.6,39.2,19.63,39.89,30.13,101.6671297582662,5937.0,3146.6000000000004,12.0,"Includes term deposits; cash-flow-based measure, detailed vintage exclusions remain subject to audit",False,AASB15/1058 and lease regime,2022.0,2.27,50.8183,184.28824571766097,12.0,False,AASB15/1058 and lease regime,2020,2022
bland,Bland,2022,2835.64,0.0,1.0,mapped_burn_positive,10.0,Sentinel 2 (original mapping scope varies by year),no_listed_event_onset_not_physical_zero,listed_event_onset,2021.0,17.02,46.2705,49.5063,33.17,43.9966,155.68685376661742,5542.0,3146.6000000000004,12.0,"Includes term deposits; cash-flow-based measure, detailed vintage exclusions remain subject to audit",False,AASB15/1058 and lease regime,2023.0,30.709999999999997,49.1699,198.0473372781065,12.0,False,AASB15/1058 and lease regime,2021,2023
bland,Bland,2023,793.0899999999999,0.0,0.0,mapped_burn_positive,10.0,Sentinel 2 (original mapping scope varies by year),no_listed_event_onset_not_physical_zero,no_listed_event_onset_not_physical_zero,2022.0,2.27,50.8183,6.7333,38.14,145.5797,184.28824571766097,5494.0,3146.6000000000004,12.0,"Includes term deposits; cash-flow-based measure, detailed vintage exclusions remain subject to audit",False,AASB15/1058 and lease regime,2024.0,,,,12.0,False,Six fiscal ratios not collected by OLG,2022,2024
bland,Bland,2024,,0.0,0.0,unknown_source_not_acquired,,Sentinel 2 (original mapping scope varies by year),no_listed_event_onset_not_physical_zero,no_listed_event_onset_not_physical_zero,2023.0,30.709999999999997,49.1699,24.5809,31.76,61.172,198.0473372781065,5454.0,3146.6000000000004,12.0,"Includes term deposits; cash-flow-based measure, detailed vintage exclusions remain subject to audit",False,AASB15/1058 and lease regime,,,,,,,,2023,2025
blayney,Blayney,2012,0.0,1.0,0.0,verified_zero_mapped_burn_within_source_scope,100.0,Landsat,observed_positive_in_complete_published_list,no_listed_event_in_complete_published_list_not_physical_zero,,,,,,,,,,,,,,2013.0,-18.42,14.9937,86.81533646322379,12.0,False,Early OLG/TCorp definitions; revaluation exclusions described,2011,2013
blayney,Blayney,2013,0.0,,,verified_zero_mapped_burn_within_source_scope,100.0,Landsat,unknown_incomplete_inventory_no_positive_record,unknown_incomplete_inventory_no_positive_record,2012.0,-11.57,,6.9398,59.05,13.0282,66.6131621187801,7276.0,,12.0,Earlier measure excludes term deposits and uses different expense denominator; not converted,False,Early OLG/TCorp definitions; revaluation exclusions described,2014.0,3.58,13.7464,89.93567915247824,12.0,False,Pre-AASB15/1058,2012,2014
blayney,Blayney,2014,0.0,,,verified_zero_mapped_burn_within_source_scope,100.0,Landsat,unknown_incomplete_inventory_no_positive_record,unknown_incomplete_inventory_no_positive_record,2013.0,-18.42,14.9937,4.1273,70.39999999999999,8.8385,86.81533646322379,7330.0,,12.0,"Includes term deposits; cash-flow-based measure, detailed vintage exclusions remain subject to audit",False,Early OLG/TCorp definitions; revaluation exclusions described,2015.0,7.12,17.3,120.1830017301038,12.0,False,Pre-AASB15/1058,2013,2015
blayney,Blayney,2015,0.0,,,verified_zero_mapped_burn_within_source_scope,100.0,Landsat,unknown_incomplete_inventory_no_positive_record,unknown_incomplete_inventory_no_positive_record,2014.0,3.58,13.7464,6.7303999999999995,71.86,10.6513,89.93567915247824,7409.0,,12.0,"Includes term deposits; cash-flow-based measure, detailed vintage exclusions remain subject to audit",False,Pre-AASB15/1058,2016.0,11.02,15.6705,145.90787971069662,12.0,False,Pre-AASB15/1058,2014,2016
blayney,Blayney,2016,0.0,,1.0,verified_zero_mapped_burn_within_source_scope,100.0,Landsat 8,unknown_incomplete_inventory_no_positive_record,observed_positive_partial_inventory_count_lower_bound,2015.0,7.12,17.3,7.23,64.24,19.39,120.1830017301038,7380.0,,12.0,"Includes term deposits; cash-flow-based measure, detailed vintage exclusions remain subject to audit",False,Pre-AASB15/1058,2017.0,0.74,14.26,104.9800796812749,12.0,False,Pre-AASB15/1058,2015,2017
blayney,Blayney,2017,0.0,0.0,0.0,verified_zero_mapped_burn_within_source_scope,100.0,Sentinel 2 (original mapping scope varies by year),no_listed_event_onset_not_physical_zero,no_listed_event_onset_not_physical_zero,2016.0,11.02,15.6705,3.927799999999999,60.92,21.1438,145.90787971069662,7418.0,737.9510000000001,12.0,"Includes term deposits; cash-flow-based measure, detailed vintage exclusions remain subject to audit",False,Pre-AASB15/1058,2018.0,-0.6,13.1,104.37906260691072,12.0,False,Pre-AASB15/1058,2016,2018
blayney,Blayney,2018,0.0,0.0,0.0,verified_zero_mapped_burn_within_source_scope,100.0,Sentinel 2 (original mapping scope varies by year),no_listed_event_onset_not_physical_zero,no_listed_event_onset_not_physical_zero,2017.0,0.74,14.26,5.83,58.54,14.33,104.9800796812749,7344.0,737.0400000000001,12.0,"Includes term deposits; cash-flow-based measure, detailed vintage exclusions remain subject to audit",False,Pre-AASB15/1058,2019.0,-5.0,12.72,100.18791105543376,12.0,False,AASB15/1058 and lease regime,2017,2019
blayney,Blayney,2019,0.0,0.0,1.0,verified_zero_mapped_burn_within_source_scope,10.0,Sentinel 2 (original mapping scope varies by year),no_listed_event_onset_not_physical_zero,listed_event_onset,2018.0,-0.6,13.1,3.94,51.24,13.14,104.37906260691072,7342.0,737.0400000000001,12.0,"Includes term deposits; cash-flow-based measure, detailed vintage exclusions remain subject to audit",False,Pre-AASB15/1058,2020.0,-3.74,17.23,113.8236191638694,12.0,False,AASB15/1058 and lease regime,2018,2020
blayney,Blayney,2020,0.0,0.0,0.0,verified_zero_mapped_burn_within_source_scope,10.0,Sentinel 2 (original mapping scope varies by year),no_listed_event_onset_not_physical_zero,no_listed_event_onset_not_physical_zero,2019.0,-5.0,12.72,4.71,56.42,5.3,100.18791105543376,7379.0,737.3000000000001,12.0,"Includes term deposits; cash-flow-based measure, detailed vintage exclusions remain subject to audit",False,AASB15/1058 and lease regime,2021.0,-0.86,15.9722,116.9563978341408,12.0,False,AASB15/1058 and lease regime,2019,2021
blayney,Blayney,2021,0.0,0.0,1.0,verified_zero_mapped_burn_within_source_scope,10.0,Sentinel 2 (original mapping scope varies by year),no_listed_event_onset_not_physical_zero,listed_event_onset,2020.0,-3.74,17.23,3.86,57.54,7.26,113.8236191638694,7382.0,735.3600000000001,12.0,"Includes term deposits; cash-flow-based measure, detailed vintage exclusions remain subject to audit",False,AASB15/1058 and lease regime,2022.0,4.51,22.6453,104.87864077669904,12.0,False,AASB15/1058 and lease regime,2020,2022
blayney,Blayney,2022,142.05,1.0,1.0,mapped_burn_positive,10.0,Sentinel 2 (original mapping scope varies by year),listed_event_onset,listed_event_onset,2021.0,-0.86,15.9722,4.6704,47.9,8.4429,116.9563978341408,7508.0,736.84,12.0,"Includes term deposits; cash-flow-based measure, detailed vintage exclusions remain subject to audit",False,AASB15/1058 and lease regime,2023.0,2.8,24.8685,101.85772541912098,12.0,False,AASB15/1058 and lease regime,2021,2023
blayney,Blayney,2023,0.0,0.0,0.0,verified_zero_mapped_burn_within_source_scope,10.0,Sentinel 2 (original mapping scope varies by year),no_listed_event_onset_not_physical_zero,no_listed_event_onset_not_physical_zero,2022.0,4.51,22.6453,5.675,47.78,9.5484,104.87864077669904,7591.0,736.84,12.0,"Includes term deposits; cash-flow-based measure, detailed vintage exclusions remain subject to audit",False,AASB15/1058 and lease regime,2024.0,,,113.33957406974022,12.0,False,Six fiscal ratios not collected by OLG,2022,2024
blayney,Blayney,2024,,0.0,0.0,unknown_source_not_acquired,,Sentinel 2 (original mapping scope varies by year),no_listed_event_onset_not_physical_zero,no_listed_event_onset_not_physical_zero,2023.0,2.8,24.8685,6.2259,46.99,12.1919,101.85772541912098,7767.0,737.74,12.0,"Includes term deposits; cash-flow-based measure, detailed vintage exclusions remain subject to audit",False,AASB15/1058 and lease regime,,,,,,,,2023,2025
bluemountains,Blue Mountains,2012,9.901941881653322,0.0,1.0,observed_positive_mapped_burn_within_source_scope,100.0,Landsat,no_listed_event_in_complete_published_list_not_physical_zero,observed_positive_in_complete_published_list,,,,,,,,,,,,,,2013.0,-10.72,4.3775,102.66666666666669,12.0,False,Early OLG/TCorp definitions; revaluation exclusions described,2011,2013
bluemountains,Blue Mountains,2013,20579.114694580938,1.0,,observed_positive_mapped_burn_within_source_scope,100.0,Landsat,observed_positive_partial_inventory_count_lower_bound,unknown_incomplete_inventory_no_positive_record,2012.0,-4.18,,2.3282,72.88,2.2268,100.0,78691.0,,12.0,Earlier measure excludes term deposits and uses different expense denominator; not converted,False,Early OLG/TCorp definitions; revaluation exclusions described,2014.0,-3.25,3.9229,95.90090892888968,12.0,False,Pre-AASB15/1058,2012,2014
bluemountains,Blue Mountains,2014,146.53702749863618,,,observed_positive_mapped_burn_within_source_scope,100.0,Landsat,unknown_incomplete_inventory_no_positive_record,unknown_incomplete_inventory_no_positive_record,2013.0,-10.72,4.3775,1.9098,83.48,1.3284,102.66666666666669,79225.0,,12.0,"Includes term deposits; cash-flow-based measure, detailed vintage exclusions remain subject to audit",False,Early OLG/TCorp definitions; revaluation exclusions described,2015.0,-0.88,3.59,97.26535341830822,12.0,False,Pre-AASB15/1058,2013,2015
bluemountains,Blue Mountains,2015,730.7064163233907,1.0,,observed_positive_mapped_burn_within_source_scope,100.0,Landsat,observed_positive_partial_inventory_count_lower_bound,unknown_incomplete_inventory_no_positive_record,2014.0,-3.25,3.9229,1.9003,76.89,1.9333,95.90090892888968,79688.0,,12.0,"Includes term deposits; cash-flow-based measure, detailed vintage exclusions remain subject to audit",False,Pre-AASB15/1058,2016.0,3.89,4.4083,98.99868471297044,12.0,False,Pre-AASB15/1058,2014,2016
bluemountains,Blue Mountains,2016,0.0,,,verified_zero_mapped_burn_within_source_scope,100.0,Landsat 8,unknown_incomplete_inventory_no_positive_record,unknown_incomplete_inventory_no_positive_record,2015.0,-0.88,3.59,2.3,83.33,1.88,97.26535341830822,79812.0,,12.0,"Includes term deposits; cash-flow-based measure, detailed vintage exclusions remain subject to audit",False,Pre-AASB15/1058,2017.0,-4.37,3.37,99.03900969134294,12.0,False,Pre-AASB15/1058,2015,2017
bluemountains,Blue Mountains,2017,1987.54,0.0,0.0,mapped_burn_positive,100.0,Sentinel 2 (original mapping scope varies by year),no_listed_event_onset_not_physical_zero,no_listed_event_onset_not_physical_zero,2016.0,3.89,4.4083,2.2574,80.06,2.5866,98.99868471297044,78705.0,745.3,12.0,"Includes term deposits; cash-flow-based measure, detailed vintage exclusions remain subject to audit",False,Pre-AASB15/1058,2018.0,-4.81,3.13,98.98573292369848,12.0,False,Pre-AASB15/1058,2016,2018
bluemountains,Blue Mountains,2018,0.0,0.0,0.0,verified_zero_mapped_burn_within_source_scope,100.0,Sentinel 2 (original mapping scope varies by year),no_listed_event_onset_not_physical_zero,no_listed_event_onset_not_physical_zero,2017.0,-4.37,3.37,1.57,83.52,1.69,99.03900969134294,78968.0,744.4200000000001,12.0,"Includes term deposits; cash-flow-based measure, detailed vintage exclusions remain subject to audit",False,Pre-AASB15/1058,2019.0,-3.59,4.21,97.3709799402168,12.0,False,AASB15/1058 and lease regime,2017,2019
bluemountains,Blue Mountains,2019,66869.52,1.0,1.0,mapped_burn_positive,10.0,Sentinel 2 (original mapping scope varies by year),listed_event_onset,listed_event_onset,2018.0,-4.81,3.13,1.69,82.78,2.25,98.98573292369848,79260.0,747.42,12.0,"Includes term deposits; cash-flow-based measure, detailed vintage exclusions remain subject to audit",False,Pre-AASB15/1058,2020.0,-0.2,3.7,100.09004759658676,12.0,False,AASB15/1058 and lease regime,2018,2020
bluemountains,Blue Mountains,2020,0.0,0.0,1.0,verified_zero_mapped_burn_within_source_scope,10.0,Sentinel 2 (original mapping scope varies by year),no_listed_event_onset_not_physical_zero,listed_event_onset,2019.0,-3.59,4.21,1.43,84.92,2.67,97.3709799402168,79118.0,747.6199999999999,12.0,"Includes term deposits; cash-flow-based measure, detailed vintage exclusions remain subject to audit",False,AASB15/1058 and lease regime,2021.0,5.15,6.3134,98.05241045360678,12.0,False,AASB15/1058 and lease regime,2019,2021
bluemountains,Blue Mountains,2021,0.0,0.0,1.0,verified_zero_mapped_burn_within_source_scope,10.0,Sentinel 2 (original mapping scope varies by year),no_listed_event_onset_not_physical_zero,listed_event_onset,2020.0,-0.2,3.7,1.66,78.88,3.29,100.09004759658676,79195.0,747.62,12.0,"Includes term deposits; cash-flow-based measure, detailed vintage exclusions remain subject to audit",False,AASB15/1058 and lease regime,2022.0,-5.7,3.6492,98.5343398356203,12.0,False,AASB15/1058 and lease regime,2020,2022
bluemountains,Blue Mountains,2022,0.0,0.0,0.0,verified_zero_mapped_burn_within_source_scope,10.0,Sentinel 2 (original mapping scope varies by year),no_listed_event_onset_not_physical_zero,no_listed_event_onset_not_physical_zero,2021.0,5.15,6.3134,2.0861,78.71,5.3315,98.05241045360678,78360.0,749.12,12.0,"Includes term deposits; cash-flow-based measure, detailed vintage exclusions remain subject to audit",False,AASB15/1058 and lease regime,2023.0,-7.19,7.5286,100.0,12.0,False,AASB15/1058 and lease regime,2021,2023
bluemountains,Blue Mountains,2023,0.0,0.0,1.0,verified_zero_mapped_burn_within_source_scope,10.0,Sentinel 2 (original mapping scope varies by year),no_listed_event_onset_not_physical_zero,listed_event_onset,2022.0,-5.7,3.6492,1.6599,65.98,2.2551,98.5343398356203,77913.0,749.12,12.0,"Includes term deposits; cash-flow-based measure, detailed vintage exclusions remain subject to audit",False,AASB15/1058 and lease regime,2024.0,,,100.0,12.0,False,Six fiscal ratios not collected by OLG,2022,2024
bluemountains,Blue Mountains,2024,,0.0,0.0,unknown_source_not_acquired,,Sentinel 2 (original mapping scope varies by year),no_listed_event_onset_not_physical_zero,no_listed_event_onset_not_physical_zero,2023.0,-7.19,7.5286,1.2447,72.68,2.627,100.0,78891.0,749.12,12.0,"Includes term deposits; cash-flow-based measure, detailed vintage exclusions remain subject to audit",False,AASB15/1058 and lease regime,,,,,,,,2023,2025
bogan,Bogan,2012,0.0,1.0,0.0,verified_zero_mapped_burn_within_source_scope,100.0,Landsat,observed_positive_in_complete_published_list,no_listed_event_in_complete_published_list_not_physical_zero,,,,,,,,,,,,,,2013.0,-9.1,7.6399,87.55920429428481,12.0,False,Early OLG/TCorp definitions; revaluation exclusions described,2011,2013
bogan,Bogan,2013,0.0,,,verified_zero_mapped_burn_within_source_scope,100.0,Landsat,unknown_incomplete_inventory_no_positive_record,unknown_incomplete_inventory_no_positive_record,2012.0,-2.24,,6.8098,49.19,106.256,100.20331106593088,3026.0,,12.0,Earlier measure excludes term deposits and uses different expense denominator; not converted,False,Early OLG/TCorp definitions; revaluation exclusions described,2014.0,4.09,8.506,274.70542026708563,12.0,False,Pre-AASB15/1058,2012,2014
bogan,Bogan,2014,0.0,,,verified_zero_mapped_burn_within_source_scope,100.0,Landsat,unknown_incomplete_inventory_no_positive_record,unknown_incomplete_inventory_no_positive_record,2013.0,-9.1,7.6399,5.444,66.53999999999999,2197.6,87.55920429428481,3037.0,,12.0,"Includes term deposits; cash-flow-based measure, detailed vintage exclusions remain subject to audit",False,Early OLG/TCorp definitions; revaluation exclusions described,2015.0,10.68,7.2,85.65149948293691,12.0,False,Pre-AASB15/1058,2013,2015
bogan,Bogan,2015,0.0,,,verified_zero_mapped_burn_within_source_scope,100.0,Landsat,unknown_incomplete_inventory_no_positive_record,unknown_incomplete_inventory_no_positive_record,2014.0,4.09,8.506,5.438,61.78,4041.0,274.70542026708563,3076.0,,12.0,"Includes term deposits; cash-flow-based measure, detailed vintage exclusions remain subject to audit",False,Pre-AASB15/1058,2016.0,13.98,8.4653,93.45578021299583,12.0,False,Pre-AASB15/1058,2014,2016
bogan,Bogan,2016,0.0,,1.0,verified_zero_mapped_burn_within_source_scope,100.0,Landsat 8,unknown_incomplete_inventory_no_positive_record,observed_positive_partial_inventory_count_lower_bound,2015.0,10.68,7.2,5.6,59.46,5211.0,85.65149948293691,3059.0,,12.0,"Includes term deposits; cash-flow-based measure, detailed vintage exclusions remain subject to audit",False,Pre-AASB15/1058,2017.0,4.94,8.65,99.17251755265798,12.0,False,Pre-AASB15/1058,2015,2017
bogan,Bogan,2017,0.0,0.0,0.0,verified_zero_mapped_burn_within_source_scope,100.0,Sentinel 2 (original mapping scope varies by year),no_listed_event_onset_not_physical_zero,no_listed_event_onset_not_physical_zero,2016.0,13.98,8.4653,6.4326,46.2,52.18899999999999,93.45578021299583,2768.0,1616.63,12.0,"Includes term deposits; cash-flow-based measure, detailed vintage exclusions remain subject to audit",False,Pre-AASB15/1058,2018.0,2.05,9.49,96.36440498837456,12.0,False,Pre-AASB15/1058,2016,2018
bogan,Bogan,2018,0.0,0.0,0.0,verified_zero_mapped_burn_within_source_scope,100.0,Sentinel 2 (original mapping scope varies by year),no_listed_event_onset_not_physical_zero,no_listed_event_onset_not_physical_zero,2017.0,4.94,8.65,4.18,40.2,26.86,99.17251755265798,2664.0,1616.63,12.0,"Includes term deposits; cash-flow-based measure, detailed vintage exclusions remain subject to audit",False,Pre-AASB15/1058,2019.0,-3.81,9.95,98.09794490599036,12.0,False,AASB15/1058 and lease regime,2017,2019
bogan,Bogan,2019,0.0,0.0,1.0,verified_zero_mapped_burn_within_source_scope,10.0,Sentinel 2 (original mapping scope varies by year),no_listed_event_onset_not_physical_zero,listed_event_onset,2018.0,2.05,9.49,7.82,50.98,23.71,96.36440498837456,2621.0,1616.63,12.0,"Includes term deposits; cash-flow-based measure, detailed vintage exclusions remain subject to audit",False,Pre-AASB15/1058,2020.0,2.71,9.32,83.94195888754534,12.0,False,AASB15/1058 and lease regime,2018,2020
bogan,Bogan,2020,686.85,0.0,1.0,mapped_burn_positive,10.0,Sentinel 2 (original mapping scope varies by year),no_listed_event_onset_not_physical_zero,listed_event_onset,2019.0,-3.81,9.95,5.44,48.04,17.54,98.09794490599036,2580.0,1616.63,12.0,"Includes term deposits; cash-flow-based measure, detailed vintage exclusions remain subject to audit",False,AASB15/1058 and lease regime,2021.0,7.79,8.9928,153.05835481603,12.0,False,AASB15/1058 and lease regime,2019,2021
bogan,Bogan,2021,0.0,0.0,1.0,verified_zero_mapped_burn_within_source_scope,10.0,Sentinel 2 (original mapping scope varies by year),no_listed_event_onset_not_physical_zero,listed_event_onset,2020.0,2.71,9.32,2.94,50.77,25.22,83.94195888754534,2529.0,1616.63,12.0,"Includes term deposits; cash-flow-based measure, detailed vintage exclusions remain subject to audit",False,AASB15/1058 and lease regime,2022.0,15.37,10.1517,210.9662398137369,12.0,False,AASB15/1058 and lease regime,2020,2022
bogan,Bogan,2022,13345.92,1.0,1.0,mapped_burn_positive,10.0,Sentinel 2 (original mapping scope varies by year),listed_event_onset,listed_event_onset,2021.0,7.79,8.9928,2.5403,42.57,35.1198,153.05835481603,2481.0,1613.82,12.0,"Includes term deposits; cash-flow-based measure, detailed vintage exclusions remain subject to audit",False,AASB15/1058 and lease regime,2023.0,11.84,12.6056,161.0934393638171,12.0,False,AASB15/1058 and lease regime,2021,2023
bogan,Bogan,2023,1345.36,0.0,0.0,mapped_burn_positive,10.0,Sentinel 2 (original mapping scope varies by year),no_listed_event_onset_not_physical_zero,no_listed_event_onset_not_physical_zero,2022.0,15.37,10.1517,2.6923,34.96,53.75,210.9662398137369,2454.0,1616.63,12.0,"Includes term deposits; cash-flow-based measure, detailed vintage exclusions remain subject to audit",False,AASB15/1058 and lease regime,2024.0,,,92.8849902534113,12.0,False,Six fiscal ratios not collected by OLG,2022,2024
bogan,Bogan,2024,,0.0,0.0,unknown_source_not_acquired,,Sentinel 2 (original mapping scope varies by year),no_listed_event_onset_not_physical_zero,no_listed_event_onset_not_physical_zero,2023.0,11.84,12.6056,3.7749,41.15,46.6178,161.0934393638171,2407.0,1616.63,12.0,"Includes term deposits; cash-flow-based measure, detailed vintage exclusions remain subject to audit",False,AASB15/1058 and lease regime,,,,,,,,2023,2025
bourke,Bourke,2012,0.0,1.0,0.0,verified_zero_mapped_burn_within_source_scope,100.0,Landsat,observed_positive_in_complete_published_list,no_listed_event_in_complete_published_list_not_physical_zero,,,,,,,,,,,,,,2013.0,-9.98,8.1097,99.76999292285916,12.0,False,Early OLG/TCorp definitions; revaluation exclusions described,2011,2013
bourke,Bourke,2013,0.0,,,verified_zero_mapped_burn_within_source_scope,100.0,Landsat,unknown_incomplete_inventory_no_positive_record,unknown_incomplete_inventory_no_positive_record,2012.0,-19.75,,2.2926,52.64,0.3952,21.892880592814933,3027.0,,12.0,Earlier measure excludes term deposits and uses different expense denominator; not converted,False,Early OLG/TCorp definitions; revaluation exclusions described,2014.0,7.39,9.4075,95.66939289084618,12.0,False,Pre-AASB15/1058,2012,2014
bourke,Bourke,2014,0.0,,,verified_zero_mapped_burn_within_source_scope,100.0,Landsat,unknown_incomplete_inventory_no_positive_record,unknown_incomplete_inventory_no_positive_record,2013.0,-9.98,8.1097,2.1327,64.47,3.1293,99.76999292285916,2996.0,,12.0,"Includes term deposits; cash-flow-based measure, detailed vintage exclusions remain subject to audit",False,Early OLG/TCorp definitions; revaluation exclusions described,2015.0,6.99,10.08,108.48078096400243,12.0,False,Pre-AASB15/1058,2013,2015
bourke,Bourke,2015,0.0,,,verified_zero_mapped_burn_within_source_scope,100.0,Landsat,unknown_incomplete_inventory_no_positive_record,unknown_incomplete_inventory_no_positive_record,2014.0,7.39,9.4075,2.2588,58.62,5.3015,95.66939289084618,2973.0,,12.0,"Includes term deposits; cash-flow-based measure, detailed vintage exclusions remain subject to audit",False,Pre-AASB15/1058,2016.0,21.27,12.8742,99.9479843953186,12.0,False,Pre-AASB15/1058,2014,2016
bourke,Bourke,2016,1043.6155287421434,,,observed_positive_mapped_burn_within_source_scope,100.0,Landsat 8,unknown_incomplete_inventory_no_positive_record,unknown_incomplete_inventory_no_positive_record,2015.0,6.99,10.08,2.72,45.45,4.45,108.48078096400243,2876.0,,12.0,"Includes term deposits; cash-flow-based measure, detailed vintage exclusions remain subject to audit",False,Pre-AASB15/1058,2017.0,9.48,10.74,91.03659872890644,12.0,False,Pre-AASB15/1058,2015,2017
bourke,Bourke,2017,0.0,0.0,0.0,verified_zero_mapped_burn_within_source_scope,100.0,Sentinel 2 (original mapping scope varies by year),no_listed_event_onset_not_physical_zero,no_listed_event_onset_not_physical_zero,2016.0,21.27,12.8742,4.2608,40.83,8.5651,99.9479843953186,2787.0,2453.86,12.0,"Includes term deposits; cash-flow-based measure, detailed vintage exclusions remain subject to audit",False,Pre-AASB15/1058,2018.0,2.63,17.65,95.86915887850468,12.0,False,Pre-AASB15/1058,2016,2018
bourke,Bourke,2018,1755.11,0.0,0.0,mapped_burn_positive,100.0,Sentinel 2 (original mapping scope varies by year),no_listed_event_onset_not_physical_zero,no_listed_event_onset_not_physical_zero,2017.0,9.48,10.74,5.26,44.32,7.53,91.03659872890644,2695.0,2453.86,12.0,"Includes term deposits; cash-flow-based measure, detailed vintage exclusions remain subject to audit",False,Pre-AASB15/1058,2019.0,1.77,13.19,96.30008176614882,12.0,False,AASB15/1058 and lease regime,2017,2019
bourke,Bourke,2019,0.0,0.0,1.0,verified_zero_mapped_burn_within_source_scope,10.0,Sentinel 2 (original mapping scope varies by year),no_listed_event_onset_not_physical_zero,listed_event_onset,2018.0,2.63,17.65,4.32,24.94,6.4,95.86915887850468,2630.0,2453.86,12.0,"Includes term deposits; cash-flow-based measure, detailed vintage exclusions remain subject to audit",False,Pre-AASB15/1058,2020.0,4.71,17.91,84.08393039918117,12.0,False,AASB15/1058 and lease regime,2018,2020
bourke,Bourke,2020,401.32,0.0,0.0,mapped_burn_positive,10.0,Sentinel 2 (original mapping scope varies by year),no_listed_event_onset_not_physical_zero,no_listed_event_onset_not_physical_zero,2019.0,1.77,13.19,5.1,24.94,5.41,96.30008176614882,2590.0,2454.8599999999997,12.0,"Includes term deposits; cash-flow-based measure, detailed vintage exclusions remain subject to audit",False,AASB15/1058 and lease regime,2021.0,0.14,17.446,140.11436111722014,12.0,False,AASB15/1058 and lease regime,2019,2021
bourke,Bourke,2021,0.0,0.0,1.0,verified_zero_mapped_burn_within_source_scope,10.0,Sentinel 2 (original mapping scope varies by year),no_listed_event_onset_not_physical_zero,listed_event_onset,2020.0,4.71,17.91,4.74,28.95,6.66,84.08393039918117,2625.0,2454.8599999999997,12.0,"Includes term deposits; cash-flow-based measure, detailed vintage exclusions remain subject to audit",False,AASB15/1058 and lease regime,2022.0,16.82,19.6268,104.3192762293886,12.0,False,AASB15/1058 and lease regime,2020,2022
bourke,Bourke,2022,1192.13,0.0,1.0,mapped_burn_positive,10.0,Sentinel 2 (original mapping scope varies by year),no_listed_event_onset_not_physical_zero,listed_event_onset,2021.0,0.14,17.446,4.7908,34.68,5.1805,140.11436111722014,2417.0,2454.8599999999997,12.0,"Includes term deposits; cash-flow-based measure, detailed vintage exclusions remain subject to audit",False,AASB15/1058 and lease regime,2023.0,2.55,16.6447,88.82869525547446,12.0,False,AASB15/1058 and lease regime,2021,2023
bourke,Bourke,2023,3235.43,0.0,1.0,mapped_burn_positive,10.0,Sentinel 2 (original mapping scope varies by year),no_listed_event_onset_not_physical_zero,listed_event_onset,2022.0,16.82,19.6268,5.3236,30.45,9.4106,104.3192762293886,2348.0,2458.9199999999996,12.0,"Includes term deposits; cash-flow-based measure, detailed vintage exclusions remain subject to audit",False,AASB15/1058 and lease regime,2024.0,,,109.20656752342474,12.0,False,Six fiscal ratios not collected by OLG,2022,2024
bourke,Bourke,2024,,0.0,1.0,unknown_source_not_acquired,,Sentinel 2 (original mapping scope varies by year),no_listed_event_onset_not_physical_zero,listed_event_onset,2023.0,2.55,16.6447,7.363,34.54,6.4635,88.82869525547446,2349.0,2458.9199999999996,12.0,"Includes term deposits; cash-flow-based measure, detailed vintage exclusions remain subject to audit",False,AASB15/1058 and lease regime,,,,,,,,2023,2025
brewarrina,Brewarrina,2012,0.0,1.0,0.0,verified_zero_mapped_burn_within_source_scope,100.0,Landsat,observed_positive_in_complete_published_list,no_listed_event_in_complete_published_list_not_physical_zero,,,,,,,,,,,,,,2013.0,-26.889999999999997,3.2202,97.58478931140802,12.0,False,Early OLG/TCorp definitions; revaluation exclusions described,2011,2013
brewarrina,Brewarrina,2013,0.0,,,verified_zero_mapped_burn_within_source_scope,100.0,Landsat,unknown_incomplete_inventory_no_positive_record,unknown_incomplete_inventory_no_positive_record,2012.0,-12.52,,1.684,43.85,7.898,101.83394464821608,1873.0,,12.0,Earlier measure excludes term deposits and uses different expense denominator; not converted,False,Early OLG/TCorp definitions; revaluation exclusions described,2014.0,-5.68,5.629,83.07570352754657,12.0,False,Pre-AASB15/1058,2012,2014
brewarrina,Brewarrina,2014,0.0,,,verified_zero_mapped_burn_within_source_scope,100.0,Landsat,unknown_incomplete_inventory_no_positive_record,unknown_incomplete_inventory_no_positive_record,2013.0,-26.889999999999997,3.2202,1.4029,55.74,3.0945,97.58478931140802,1940.0,,12.0,"Includes term deposits; cash-flow-based measure, detailed vintage exclusions remain subject to audit",False,Early OLG/TCorp definitions; revaluation exclusions described,2015.0,15.56,8.33,66.11642488395228,12.0,False,Pre-AASB15/1058,2013,2015
brewarrina,Brewarrina,2015,0.0,,,verified_zero_mapped_burn_within_source_scope,100.0,Landsat,unknown_incomplete_inventory_no_positive_record,unknown_incomplete_inventory_no_positive_record,2014.0,-5.68,5.629,2.0235,51.2,10.0821,83.07570352754657,1931.0,,12.0,"Includes term deposits; cash-flow-based measure, detailed vintage exclusions remain subject to audit",False,Pre-AASB15/1058,2016.0,19.19,9.7292,48.23300970873787,12.0,False,Pre-AASB15/1058,2014,2016
brewarrina,Brewarrina,2016,0.0,,1.0,verified_zero_mapped_burn_within_source_scope,100.0,Landsat 8,unknown_incomplete_inventory_no_positive_record,observed_positive_partial_inventory_count_lower_bound,2015.0,15.56,8.33,2.45,47.52,21.37,66.11642488395228,1917.0,,12.0,"Includes term deposits; cash-flow-based measure, detailed vintage exclusions remain subject to audit",False,Pre-AASB15/1058,2017.0,12.98,12.49,88.06620209059234,12.0,False,Pre-AASB15/1058,2015,2017
brewarrina,Brewarrina,2017,0.0,0.0,0.0,verified_zero_mapped_burn_within_source_scope,100.0,Sentinel 2 (original mapping scope varies by year),no_listed_event_onset_not_physical_zero,no_listed_event_onset_not_physical_zero,2016.0,19.19,9.7292,3.9455,43.48,24.019,48.23300970873787,1725.0,1551.6999999999998,12.0,"Includes term deposits; cash-flow-based measure, detailed vintage exclusions remain subject to audit",False,Pre-AASB15/1058,2018.0,6.36,9.13,94.81733220050975,12.0,False,Pre-AASB15/1058,2016,2018
brewarrina,Brewarrina,2018,0.0,0.0,0.0,verified_zero_mapped_burn_within_source_scope,100.0,Sentinel 2 (original mapping scope varies by year),no_listed_event_onset_not_physical_zero,no_listed_event_onset_not_physical_zero,2017.0,12.98,12.49,4.16,51.71,20.98,88.06620209059234,1670.0,1551.6999999999998,12.0,"Includes term deposits; cash-flow-based measure, detailed vintage exclusions remain subject to audit",False,Pre-AASB15/1058,2019.0,28.4,15.31,69.30485762144053,12.0,False,AASB15/1058 and lease regime,2017,2019
brewarrina,Brewarrina,2019,0.0,0.0,1.0,verified_zero_mapped_burn_within_source_scope,10.0,Sentinel 2 (original mapping scope varies by year),no_listed_event_onset_not_physical_zero,listed_event_onset,2018.0,6.36,9.13,3.87,40.3,15.22,94.81733220050975,1655.0,1551.6999999999998,12.0,"Includes term deposits; cash-flow-based measure, detailed vintage exclusions remain subject to audit",False,Pre-AASB15/1058,2020.0,3.74,21.16,88.34586466165413,12.0,False,AASB15/1058 and lease regime,2018,2020
brewarrina,Brewarrina,2020,0.0,0.0,1.0,verified_zero_mapped_burn_within_source_scope,10.0,Sentinel 2 (original mapping scope varies by year),no_listed_event_onset_not_physical_zero,listed_event_onset,2019.0,28.4,15.31,5.33,24.33,30.72,69.30485762144053,1611.0,1551.6999999999998,12.0,"Includes term deposits; cash-flow-based measure, detailed vintage exclusions remain subject to audit",False,AASB15/1058 and lease regime,2021.0,6.74,26.0829,110.14913007456504,12.0,False,AASB15/1058 and lease regime,2019,2021
brewarrina,Brewarrina,2021,23.83,0.0,1.0,mapped_burn_positive,10.0,Sentinel 2 (original mapping scope varies by year),no_listed_event_onset_not_physical_zero,listed_event_onset,2020.0,3.74,21.16,5.09,14.87,15.61,88.34586466165413,1553.0,1551.6999999999998,12.0,"Includes term deposits; cash-flow-based measure, detailed vintage exclusions remain subject to audit",False,AASB15/1058 and lease regime,2022.0,17.93,14.0354,100.0,12.0,False,AASB15/1058 and lease regime,2020,2022
brewarrina,Brewarrina,2022,10956.68,1.0,1.0,mapped_burn_positive,10.0,Sentinel 2 (original mapping scope varies by year),listed_event_onset,listed_event_onset,2021.0,6.74,26.0829,9.9645,9.76,20.8291,110.14913007456504,1488.0,1551.6999999999998,12.0,"Includes term deposits; cash-flow-based measure, detailed vintage exclusions remain subject to audit",False,AASB15/1058 and lease regime,2023.0,-2.93,14.0636,100.0,12.0,False,AASB15/1058 and lease regime,2021,2023
brewarrina,Brewarrina,2023,15886.83,0.0,0.0,mapped_burn_positive,10.0,Sentinel 2 (original mapping scope varies by year),no_listed_event_onset_not_physical_zero,no_listed_event_onset_not_physical_zero,2022.0,17.93,14.0354,7.7044,33.53,9.5095,100.0,1431.0,1551.6999999999998,12.0,"Includes term deposits; cash-flow-based measure, detailed vintage exclusions remain subject to audit",False,AASB15/1058 and lease regime,2024.0,,,100.0,12.0,False,Six fiscal ratios not collected by OLG,2022,2024
brewarrina,Brewarrina,2024,,0.0,1.0,unknown_source_not_acquired,,Sentinel 2 (original mapping scope varies by year),no_listed_event_onset_not_physical_zero,listed_event_onset,2023.0,-2.93,14.0636,5.2565,32.57,13.866,100.0,1408.0,1551.6999999999998,12.0,"Includes term deposits; cash-flow-based measure, detailed vintage exclusions remain subject to audit",False,AASB15/1058 and lease regime,,,,,,,,2023,2025
brokenhill,Broken Hill,2012,0.0,0.0,0.0,verified_zero_mapped_burn_within_source_scope,100.0,Landsat,no_listed_event_in_complete_published_list_not_physical_zero,no_listed_event_in_complete_published_list_not_physical_zero,,,,,,,,,,,,,,2013.0,-26.69,2.875,100.0,12.0,False,Early OLG/TCorp definitions; revaluation exclusions described,2011,2013
brokenhill,Broken Hill,2013,0.0,,,verified_zero_mapped_burn_within_source_scope,100.0,Landsat,unknown_incomplete_inventory_no_positive_record,unknown_incomplete_inventory_no_positive_record,2012.0,-17.79,,1.9361,59.67,1.899,39.89378822014805,19103.0,,12.0,Earlier measure excludes term deposits and uses different expense denominator; not converted,False,Early OLG/TCorp definitions; revaluation exclusions described,2014.0,-9.84,4.3315,100.0,12.0,False,Pre-AASB15/1058,2012,2014
brokenhill,Broken Hill,2014,0.0,,,verified_zero_mapped_burn_within_source_scope,100.0,Landsat,unknown_incomplete_inventory_no_positive_record,unknown_incomplete_inventory_no_positive_record,2013.0,-26.69,2.875,1.4304,68.41000000000001,-0.0742,100.0,19048.0,,12.0,"Includes term deposits; cash-flow-based measure, detailed vintage exclusions remain subject to audit",False,Early OLG/TCorp definitions; revaluation exclusions described,2015.0,8.84,8.26,92.88046868311298,12.0,False,Pre-AASB15/1058,2013,2015
brokenhill,Broken Hill,2015,0.0,,,verified_zero_mapped_burn_within_source_scope,100.0,Landsat,unknown_incomplete_inventory_no_positive_record,unknown_incomplete_inventory_no_positive_record,2014.0,-9.84,4.3315,1.4461000000000002,67.25,4.4297,100.0,19048.0,,12.0,"Includes term deposits; cash-flow-based measure, detailed vintage exclusions remain subject to audit",False,Pre-AASB15/1058,2016.0,-0.88,7.613099999999999,121.6237163340438,12.0,False,Pre-AASB15/1058,2014,2016
brokenhill,Broken Hill,2016,0.0,,,verified_zero_mapped_burn_within_source_scope,100.0,Landsat 8,unknown_incomplete_inventory_no_positive_record,unknown_incomplete_inventory_no_positive_record,2015.0,8.84,8.26,2.23,62.12,9.01,92.88046868311298,18856.0,,12.0,"Includes term deposits; cash-flow-based measure, detailed vintage exclusions remain subject to audit",False,Pre-AASB15/1058,2017.0,-21.71,10.71,172.6538849646821,12.0,False,Pre-AASB15/1058,2015,2017
brokenhill,Broken Hill,2017,0.0,0.0,0.0,verified_zero_mapped_burn_within_source_scope,100.0,Sentinel 2 (original mapping scope varies by year),no_listed_event_onset_not_physical_zero,no_listed_event_onset_not_physical_zero,2016.0,-0.88,7.613099999999999,1.7976,62.64,3.7838,121.6237163340438,18027.0,250.96,12.0,"Includes term deposits; cash-flow-based measure, detailed vintage exclusions remain subject to audit",False,Pre-AASB15/1058,2018.0,-1.53,8.49,107.81906300484653,12.0,False,Pre-AASB15/1058,2016,2018
brokenhill,Broken Hill,2018,0.0,0.0,0.0,verified_zero_mapped_burn_within_source_scope,100.0,Sentinel 2 (original mapping scope varies by year),no_listed_event_onset_not_physical_zero,no_listed_event_onset_not_physical_zero,2017.0,-21.71,10.71,1.97,77.79,0.48,172.6538849646821,17873.0,250.96,12.0,"Includes term deposits; cash-flow-based measure, detailed vintage exclusions remain subject to audit",False,Pre-AASB15/1058,2019.0,-20.38,7.48,84.38840281351861,12.0,False,AASB15/1058 and lease regime,2017,2019
brokenhill,Broken Hill,2019,0.0,0.0,0.0,verified_zero_mapped_burn_within_source_scope,10.0,Sentinel 2 (original mapping scope varies by year),no_listed_event_onset_not_physical_zero,no_listed_event_onset_not_physical_zero,2018.0,-1.53,8.49,4.29,77.56,5.11,107.81906300484653,17734.0,250.96,12.0,"Includes term deposits; cash-flow-based measure, detailed vintage exclusions remain subject to audit",False,Pre-AASB15/1058,2020.0,-3.62,12.27,88.93243455087004,12.0,False,AASB15/1058 and lease regime,2018,2020
brokenhill,Broken Hill,2020,0.0,0.0,0.0,verified_zero_mapped_burn_within_source_scope,10.0,Sentinel 2 (original mapping scope varies by year),no_listed_event_onset_not_physical_zero,no_listed_event_onset_not_physical_zero,2019.0,-20.38,7.48,3.62,72.47,1.5,84.38840281351861,17479.0,250.96,12.0,"Includes term deposits; cash-flow-based measure, detailed vintage exclusions remain subject to audit",False,AASB15/1058 and lease regime,2021.0,1.77,7.4385,140.99368560983714,12.0,False,AASB15/1058 and lease regime,2019,2021
brokenhill,Broken Hill,2021,0.0,0.0,1.0,verified_zero_mapped_burn_within_source_scope,10.0,Sentinel 2 (original mapping scope varies by year),no_listed_event_onset_not_physical_zero,listed_event_onset,2020.0,-3.62,12.27,4.12,72.44,4.57,88.93243455087004,17269.0,250.96,12.0,"Includes term deposits; cash-flow-based measure, detailed vintage exclusions remain subject to audit",False,AASB15/1058 and lease regime,2022.0,10.72,12.1986,71.33899958199805,12.0,False,AASB15/1058 and lease regime,2020,2022
brokenhill,Broken Hill,2022,0.0,0.0,0.0,verified_zero_mapped_burn_within_source_scope,10.0,Sentinel 2 (original mapping scope varies by year),no_listed_event_onset_not_physical_zero,no_listed_event_onset_not_physical_zero,2021.0,1.77,7.4385,3.1285,64.64,3.9169,140.99368560983714,17661.0,250.96,12.0,"Includes term deposits; cash-flow-based measure, detailed vintage exclusions remain subject to audit",False,AASB15/1058 and lease regime,2023.0,2.58,10.4464,79.67997918563809,12.0,False,AASB15/1058 and lease regime,2021,2023
brokenhill,Broken Hill,2023,0.0,0.0,0.0,verified_zero_mapped_burn_within_source_scope,10.0,Sentinel 2 (original mapping scope varies by year),no_listed_event_onset_not_physical_zero,no_listed_event_onset_not_physical_zero,2022.0,10.72,12.1986,3.1616,68.61,4.699,71.33899958199805,17569.0,278.82,12.0,"Includes term deposits; cash-flow-based measure, detailed vintage exclusions remain subject to audit",False,AASB15/1058 and lease regime,2024.0,,,73.99055489964582,12.0,False,Six fiscal ratios not collected by OLG,2022,2024
brokenhill,Broken Hill,2024,,0.0,0.0,unknown_source_not_acquired,,Sentinel 2 (original mapping scope varies by year),no_listed_event_onset_not_physical_zero,no_listed_event_onset_not_physical_zero,2023.0,2.58,10.4464,2.8377,67.56,3.3044,79.67997918563809,17541.0,278.82,12.0,"Includes term deposits; cash-flow-based measure, detailed vintage exclusions remain subject to audit",False,AASB15/1058 and lease regime,,,,,,,,2023,2025
burwood,Burwood,2012,0.0,0.0,0.0,verified_zero_mapped_burn_within_source_scope,100.0,Landsat,no_listed_event_in_complete_published_list_not_physical_zero,no_listed_event_in_complete_published_list_not_physical_zero,,,,,,,,,,,,,,2013.0,-5.319999999999999,11.6921,56.853369763205826,12.0,False,Early OLG/TCorp definitions; revaluation exclusions described,2011,2013
burwood,Burwood,2013,0.0,,,verified_zero_mapped_burn_within_source_scope,100.0,Landsat,unknown_incomplete_inventory_no_positive_record,unknown_incomplete_inventory_no_positive_record,2012.0,-5.489999999999999,,7.0748,66.06,0.8376,64.98825984868249,34668.0,,12.0,Earlier measure excludes term deposits and uses different expense denominator; not converted,False,Early OLG/TCorp definitions; revaluation exclusions described,2014.0,-4.66,12.0962,72.36626189694782,12.0,False,Pre-AASB15/1058,2012,2014
burwood,Burwood,2014,0.0,,,verified_zero_mapped_burn_within_source_scope,100.0,Landsat,unknown_incomplete_inventory_no_positive_record,unknown_incomplete_inventory_no_positive_record,2013.0,-5.319999999999999,11.6921,4.9601,74.62,10.7505,56.853369763205826,35298.0,,12.0,"Includes term deposits; cash-flow-based measure, detailed vintage exclusions remain subject to audit",False,Early OLG/TCorp definitions; revaluation exclusions described,2015.0,-0.11,9.95,90.8557364634608,12.0,False,Pre-AASB15/1058,2013,2015
burwood,Burwood,2015,0.0,,,verified_zero_mapped_burn_within_source_scope,100.0,Landsat,unknown_incomplete_inventory_no_positive_record,unknown_incomplete_inventory_no_positive_record,2014.0,-4.66,12.0962,5.034,87.1,8.0478,72.36626189694782,36053.0,,12.0,"Includes term deposits; cash-flow-based measure, detailed vintage exclusions remain subject to audit",False,Pre-AASB15/1058,2016.0,5.58,11.3657,102.58848388800844,12.0,False,Pre-AASB15/1058,2014,2016
burwood,Burwood,2016,0.0,,,verified_zero_mapped_burn_within_source_scope,100.0,Landsat 8,unknown_incomplete_inventory_no_positive_record,unknown_incomplete_inventory_no_positive_record,2015.0,-0.11,9.95,3.59,76.82,8.63,90.8557364634608,36139.0,,12.0,"Includes term deposits; cash-flow-based measure, detailed vintage exclusions remain subject to audit",False,Pre-AASB15/1058,2017.0,6.96,10.77,120.42169699030777,12.0,False,Pre-AASB15/1058,2015,2017
burwood,Burwood,2017,0.0,0.0,0.0,verified_zero_mapped_burn_within_source_scope,100.0,Sentinel 2 (original mapping scope varies by year),no_listed_event_onset_not_physical_zero,no_listed_event_onset_not_physical_zero,2016.0,5.58,11.3657,4.4265,83.95,12.3992,102.58848388800844,38495.0,85.46000000000001,12.0,"Includes term deposits; cash-flow-based measure, detailed vintage exclusions remain subject to audit",False,Pre-AASB15/1058,2018.0,3.38,10.47,119.67704344930914,12.0,False,Pre-AASB15/1058,2016,2018
burwood,Burwood,2018,0.0,0.0,0.0,verified_zero_mapped_burn_within_source_scope,100.0,Sentinel 2 (original mapping scope varies by year),no_listed_event_onset_not_physical_zero,no_listed_event_onset_not_physical_zero,2017.0,6.96,10.77,4.9,71.91,13.49,120.42169699030777,39310.0,85.46000000000001,12.0,"Includes term deposits; cash-flow-based measure, detailed vintage exclusions remain subject to audit",False,Pre-AASB15/1058,2019.0,-9.5,2.45,139.53036437246965,12.0,False,AASB15/1058 and lease regime,2017,2019
burwood,Burwood,2019,0.0,0.0,1.0,verified_zero_mapped_burn_within_source_scope,10.0,Sentinel 2 (original mapping scope varies by year),no_listed_event_onset_not_physical_zero,listed_event_onset,2018.0,3.38,10.47,4.67,77.79,10.16,119.67704344930914,39886.0,85.46000000000001,12.0,"Includes term deposits; cash-flow-based measure, detailed vintage exclusions remain subject to audit",False,Pre-AASB15/1058,2020.0,-8.22,6.58,104.56442709034604,12.0,False,AASB15/1058 and lease regime,2018,2020
burwood,Burwood,2020,0.0,0.0,0.0,verified_zero_mapped_burn_within_source_scope,10.0,Sentinel 2 (original mapping scope varies by year),no_listed_event_onset_not_physical_zero,no_listed_event_onset_not_physical_zero,2019.0,-9.5,2.45,2.96,54.93,2.92,139.53036437246965,40612.0,85.46000000000001,12.0,"Includes term deposits; cash-flow-based measure, detailed vintage exclusions remain subject to audit",False,AASB15/1058 and lease regime,2021.0,-7.22,3.534,96.3276836158192,12.0,False,AASB15/1058 and lease regime,2019,2021
burwood,Burwood,2021,0.0,0.0,0.0,verified_zero_mapped_burn_within_source_scope,10.0,Sentinel 2 (original mapping scope varies by year),no_listed_event_onset_not_physical_zero,no_listed_event_onset_not_physical_zero,2020.0,-8.22,6.58,3.18,81.92,5.06,104.56442709034604,40866.0,89.73,12.0,"Includes term deposits; cash-flow-based measure, detailed vintage exclusions remain subject to audit",False,AASB15/1058 and lease regime,2022.0,-4.26,4.01,125.54765291607396,12.0,False,AASB15/1058 and lease regime,2020,2022
burwood,Burwood,2022,0.0,0.0,0.0,verified_zero_mapped_burn_within_source_scope,10.0,Sentinel 2 (original mapping scope varies by year),no_listed_event_onset_not_physical_zero,no_listed_event_onset_not_physical_zero,2021.0,-7.22,3.534,2.2935,85.12,5.8908,96.3276836158192,40397.0,89.73,12.0,"Includes term deposits; cash-flow-based measure, detailed vintage exclusions remain subject to audit",False,AASB15/1058 and lease regime,2023.0,2.91,5.5648,133.30993823694553,12.0,False,AASB15/1058 and lease regime,2021,2023
burwood,Burwood,2023,0.0,0.0,0.0,verified_zero_mapped_burn_within_source_scope,10.0,Sentinel 2 (original mapping scope varies by year),no_listed_event_onset_not_physical_zero,no_listed_event_onset_not_physical_zero,2022.0,-4.26,4.01,1.9127,73.02,6.5065,125.54765291607396,40832.0,89.73,12.0,"Includes term deposits; cash-flow-based measure, detailed vintage exclusions remain subject to audit",False,AASB15/1058 and lease regime,2024.0,,,127.38144329896907,12.0,False,Six fiscal ratios not collected by OLG,2022,2024
burwood,Burwood,2024,,0.0,0.0,unknown_source_not_acquired,,Sentinel 2 (original mapping scope varies by year),no_listed_event_onset_not_physical_zero,no_listed_event_onset_not_physical_zero,2023.0,2.91,5.5648,2.5647,79.52,9.6995,133.30993823694553,43346.0,89.73,12.0,"Includes term deposits; cash-flow-based measure, detailed vintage exclusions remain subject to audit",False,AASB15/1058 and lease regime,,,,,,,,2023,2025
byron,Byron,2012,0.0,0.0,1.0,verified_zero_mapped_burn_within_source_scope,100.0,Landsat,no_listed_event_in_complete_published_list_not_physical_zero,observed_positive_in_complete_published_list,,,,,,,,,,,,,,2013.0,-6.239999999999999,11.0616,85.0900263234864,12.0,False,Early OLG/TCorp definitions; revaluation exclusions described,2011,2013
byron,Byron,2013,0.0,,,verified_zero_mapped_burn_within_source_scope,100.0,Landsat,unknown_incomplete_inventory_no_positive_record,unknown_incomplete_inventory_no_positive_record,2012.0,-16.88,,2.9254,74.92999999999999,1.6173,55.46239415573634,30960.0,,12.0,Earlier measure excludes term deposits and uses different expense denominator; not converted,False,Early OLG/TCorp definitions; revaluation exclusions described,2014.0,0.26,12.6111,90.6958272432494,12.0,False,Pre-AASB15/1058,2012,2014
byron,Byron,2014,0.0,,1.0,verified_zero_mapped_burn_within_source_scope,100.0,Landsat,unknown_incomplete_inventory_no_positive_record,observed_positive_partial_inventory_count_lower_bound,2013.0,-6.239999999999999,11.0616,2.7893,76.62,1.798,85.0900263234864,31612.0,,12.0,"Includes term deposits; cash-flow-based measure, detailed vintage exclusions remain subject to audit",False,Early OLG/TCorp definitions; revaluation exclusions described,2015.0,2.61,14.59,100.75708499598394,12.0,False,Pre-AASB15/1058,2013,2015
byron,Byron,2015,0.0,,1.0,verified_zero_mapped_burn_within_source_scope,100.0,Landsat,unknown_incomplete_inventory_no_positive_record,observed_positive_partial_inventory_count_lower_bound,2014.0,0.26,12.6111,2.9111,72.01,2.1686,90.6958272432494,32119.0,,12.0,"Includes term deposits; cash-flow-based measure, detailed vintage exclusions remain subject to audit",False,Pre-AASB15/1058,2016.0,5.98,14.3245,90.6519065190652,12.0,False,Pre-AASB15/1058,2014,2016
byron,Byron,2016,33.90581302445605,,1.0,observed_positive_mapped_burn_within_source_scope,100.0,Landsat 8,unknown_incomplete_inventory_no_positive_record,observed_positive_partial_inventory_count_lower_bound,2015.0,2.61,14.59,2.96,72.11,2.38,100.75708499598394,32723.0,,12.0,"Includes term deposits; cash-flow-based measure, detailed vintage exclusions remain subject to audit",False,Pre-AASB15/1058,2017.0,-1.0,12.33,96.47228721071131,12.0,False,Pre-AASB15/1058,2015,2017
byron,Byron,2017,282.5300000000001,0.0,0.0,mapped_burn_positive,100.0,Sentinel 2 (original mapping scope varies by year),no_listed_event_onset_not_physical_zero,no_listed_event_onset_not_physical_zero,2016.0,5.98,14.3245,3.1981,69.7,3.2605,90.6519065190652,32790.0,603.6500000000001,12.0,"Includes term deposits; cash-flow-based measure, detailed vintage exclusions remain subject to audit",False,Pre-AASB15/1058,2018.0,-7.11,11.02,100.0,12.0,False,Pre-AASB15/1058,2016,2018
byron,Byron,2018,0.0,0.0,0.0,verified_zero_mapped_burn_within_source_scope,100.0,Sentinel 2 (original mapping scope varies by year),no_listed_event_onset_not_physical_zero,no_listed_event_onset_not_physical_zero,2017.0,-1.0,12.33,3.4,61.61,2.77,96.47228721071131,33987.0,605.5340000000001,12.0,"Includes term deposits; cash-flow-based measure, detailed vintage exclusions remain subject to audit",False,Pre-AASB15/1058,2019.0,-7.09,8.76,67.54309002915122,12.0,False,AASB15/1058 and lease regime,2017,2019
byron,Byron,2019,2149.09,1.0,1.0,mapped_burn_positive,10.0,Sentinel 2 (original mapping scope varies by year),listed_event_onset,listed_event_onset,2018.0,-7.11,11.02,3.65,72.24,1.86,100.0,34574.0,608.361,12.0,"Includes term deposits; cash-flow-based measure, detailed vintage exclusions remain subject to audit",False,Pre-AASB15/1058,2020.0,-7.15,9.36,47.15434157036496,12.0,False,AASB15/1058 and lease regime,2018,2020
byron,Byron,2020,0.0,0.0,1.0,verified_zero_mapped_burn_within_source_scope,10.0,Sentinel 2 (original mapping scope varies by year),no_listed_event_onset_not_physical_zero,listed_event_onset,2019.0,-7.09,8.76,3.08,65.41,0.54,67.54309002915122,35081.0,607.6700000000001,12.0,"Includes term deposits; cash-flow-based measure, detailed vintage exclusions remain subject to audit",False,AASB15/1058 and lease regime,2021.0,-5.41,8.888,78.52734271303424,12.0,False,AASB15/1058 and lease regime,2019,2021
byron,Byron,2021,0.0,0.0,1.0,verified_zero_mapped_burn_within_source_scope,10.0,Sentinel 2 (original mapping scope varies by year),no_listed_event_onset_not_physical_zero,listed_event_onset,2020.0,-7.15,9.36,2.41,72.44,2.14,47.15434157036496,35773.0,608.5999999999999,12.0,"Includes term deposits; cash-flow-based measure, detailed vintage exclusions remain subject to audit",False,AASB15/1058 and lease regime,2022.0,4.37,8.026,63.80057803468208,12.0,False,AASB15/1058 and lease regime,2020,2022
byron,Byron,2022,0.0,0.0,0.0,verified_zero_mapped_burn_within_source_scope,10.0,Sentinel 2 (original mapping scope varies by year),no_listed_event_onset_not_physical_zero,no_listed_event_onset_not_physical_zero,2021.0,-5.41,8.888,3.5191,65.79,2.4395,78.52734271303424,36077.0,609.17,12.0,"Includes term deposits; cash-flow-based measure, detailed vintage exclusions remain subject to audit",False,AASB15/1058 and lease regime,2023.0,4.28,14.6824,85.27128847828557,12.0,False,AASB15/1058 and lease regime,2021,2023
byron,Byron,2023,874.8399999999999,1.0,1.0,mapped_burn_positive,10.0,Sentinel 2 (original mapping scope varies by year),listed_event_onset,listed_event_onset,2022.0,4.37,8.026,2.5219,62.73,3.8069,63.80057803468208,36510.0,609.65,12.0,"Includes term deposits; cash-flow-based measure, detailed vintage exclusions remain subject to audit",False,AASB15/1058 and lease regime,2024.0,,,55.46388171179191,12.0,False,Six fiscal ratios not collected by OLG,2022,2024
byron,Byron,2024,,0.0,1.0,unknown_source_not_acquired,,Sentinel 2 (original mapping scope varies by year),no_listed_event_onset_not_physical_zero,listed_event_onset,2023.0,4.28,14.6824,3.7506,66.73,4.2577,85.27128847828557,37826.0,610.7099999999999,12.0,"Includes term deposits; cash-flow-based measure, detailed vintage exclusions remain subject to audit",False,AASB15/1058 and lease regime,,,,,,,,2023,2025
cabonne,Cabonne,2012,0.0,1.0,0.0,verified_zero_mapped_burn_within_source_scope,100.0,Landsat,observed_positive_in_complete_published_list,no_listed_event_in_complete_published_list_not_physical_zero,,,,,,,,,,,,,,2013.0,0.8500000000000001,18.6014,156.6488525620874,12.0,False,Early OLG/TCorp definitions; revaluation exclusions described,2011,2013
cabonne,Cabonne,2013,195.69220763923215,,,observed_positive_mapped_burn_within_source_scope,100.0,Landsat,unknown_incomplete_inventory_no_positive_record,unknown_incomplete_inventory_no_positive_record,2012.0,6.74,,10.368,58.03,44.9122,83.14182038100998,13481.0,,12.0,Earlier measure excludes term deposits and uses different expense denominator; not converted,False,Early OLG/TCorp definitions; revaluation exclusions described,2014.0,1.63,18.4492,90.95996556177356,12.0,False,Pre-AASB15/1058,2012,2014
cabonne,Cabonne,2014,0.0,,,verified_zero_mapped_burn_within_source_scope,100.0,Landsat,unknown_incomplete_inventory_no_positive_record,unknown_incomplete_inventory_no_positive_record,2013.0,0.8500000000000001,18.6014,8.982,62.09,23.6962,156.6488525620874,13695.0,,12.0,"Includes term deposits; cash-flow-based measure, detailed vintage exclusions remain subject to audit",False,Early OLG/TCorp definitions; revaluation exclusions described,2015.0,14.01,24.11,90.95996556177356,12.0,False,Pre-AASB15/1058,2013,2015
cabonne,Cabonne,2015,0.0,,,verified_zero_mapped_burn_within_source_scope,100.0,Landsat,unknown_incomplete_inventory_no_positive_record,unknown_incomplete_inventory_no_positive_record,2014.0,1.63,18.4492,10.0653,63.27,25.452600000000004,90.95996556177356,13776.0,,12.0,"Includes term deposits; cash-flow-based measure, detailed vintage exclusions remain subject to audit",False,Pre-AASB15/1058,2016.0,15.36,18.3772,117.81383737517832,12.0,False,Pre-AASB15/1058,2014,2016
cabonne,Cabonne,2016,0.0,,1.0,verified_zero_mapped_burn_within_source_scope,100.0,Landsat 8,unknown_incomplete_inventory_no_positive_record,observed_positive_partial_inventory_count_lower_bound,2015.0,14.01,24.11,8.35,60.69,40.7,90.95996556177356,13860.0,,12.0,"Includes term deposits; cash-flow-based measure, detailed vintage exclusions remain subject to audit",False,Pre-AASB15/1058,2017.0,4.18,24.29,96.32942053288616,12.0,False,Pre-AASB15/1058,2015,2017
cabonne,Cabonne,2017,3200.68,1.0,0.0,mapped_burn_positive,100.0,Sentinel 2 (original mapping scope varies by year),listed_event_onset,no_listed_event_onset_not_physical_zero,2016.0,15.36,18.3772,7.7775,56.49,46.0241,117.81383737517832,13625.0,1930.27,12.0,"Includes term deposits; cash-flow-based measure, detailed vintage exclusions remain subject to audit",False,Pre-AASB15/1058,2018.0,-3.16,19.76,96.24664879356568,12.0,False,Pre-AASB15/1058,2016,2018
cabonne,Cabonne,2018,242.07,1.0,1.0,mapped_burn_positive,100.0,Sentinel 2 (original mapping scope varies by year),listed_event_onset,listed_event_onset,2017.0,4.18,24.29,5.71,57.24,35.46,96.32942053288616,13605.0,1930.27,12.0,"Includes term deposits; cash-flow-based measure, detailed vintage exclusions remain subject to audit",False,Pre-AASB15/1058,2019.0,-0.52,21.48,100.0,12.0,False,AASB15/1058 and lease regime,2017,2019
cabonne,Cabonne,2019,8.94,0.0,1.0,mapped_burn_positive,10.0,Sentinel 2 (original mapping scope varies by year),no_listed_event_onset_not_physical_zero,listed_event_onset,2018.0,-3.16,19.76,7.08,49.64,29.45,96.24664879356568,13680.0,1930.27,12.0,"Includes term deposits; cash-flow-based measure, detailed vintage exclusions remain subject to audit",False,Pre-AASB15/1058,2020.0,-18.0,5.18,93.33053691275168,12.0,False,AASB15/1058 and lease regime,2018,2020
cabonne,Cabonne,2020,0.0,0.0,1.0,verified_zero_mapped_burn_within_source_scope,10.0,Sentinel 2 (original mapping scope varies by year),no_listed_event_onset_not_physical_zero,listed_event_onset,2019.0,-0.52,21.48,6.02,54.52,34.29,100.0,13634.0,1930.27,12.0,"Includes term deposits; cash-flow-based measure, detailed vintage exclusions remain subject to audit",False,AASB15/1058 and lease regime,2021.0,-10.44,3.3589,94.5313664133512,12.0,False,AASB15/1058 and lease regime,2019,2021
cabonne,Cabonne,2021,147.59,0.0,1.0,mapped_burn_positive,10.0,Sentinel 2 (original mapping scope varies by year),no_listed_event_onset_not_physical_zero,listed_event_onset,2020.0,-18.0,5.18,8.33,51.03,28.56,93.33053691275168,13677.0,1933.27,12.0,"Includes term deposits; cash-flow-based measure, detailed vintage exclusions remain subject to audit",False,AASB15/1058 and lease regime,2022.0,-4.54,9.3581,48.318169285911225,12.0,False,AASB15/1058 and lease regime,2020,2022
cabonne,Cabonne,2022,391.21,1.0,1.0,mapped_burn_positive,10.0,Sentinel 2 (original mapping scope varies by year),listed_event_onset,listed_event_onset,2021.0,-10.44,3.3589,7.3379,53.24,30.6182,94.5313664133512,13760.0,2218.6,12.0,"Includes term deposits; cash-flow-based measure, detailed vintage exclusions remain subject to audit",False,AASB15/1058 and lease regime,2023.0,-23.55,5.8401,19.140030441400302,12.0,False,AASB15/1058 and lease regime,2021,2023
cabonne,Cabonne,2023,63.89,0.0,0.0,mapped_burn_positive,10.0,Sentinel 2 (original mapping scope varies by year),no_listed_event_onset_not_physical_zero,no_listed_event_onset_not_physical_zero,2022.0,-4.54,9.3581,7.7372,37.43,7.3666,48.318169285911225,13844.0,1984.23,12.0,"Includes term deposits; cash-flow-based measure, detailed vintage exclusions remain subject to audit",False,AASB15/1058 and lease regime,2024.0,,,151.8387880189661,12.0,False,Six fiscal ratios not collected by OLG,2022,2024
cabonne,Cabonne,2024,,0.0,0.0,unknown_source_not_acquired,,Sentinel 2 (original mapping scope varies by year),no_listed_event_onset_not_physical_zero,no_listed_event_onset_not_physical_zero,2023.0,-23.55,5.8401,4.884,52.56000000000001,14.9575,19.140030441400302,13897.0,2195.77,12.0,"Includes term deposits; cash-flow-based measure, detailed vintage exclusions remain subject to audit",False,AASB15/1058 and lease regime,,,,,,,,2023,2025
camden,Camden,2012,0.0,0.0,1.0,verified_zero_mapped_burn_within_source_scope,100.0,Landsat,no_listed_event_in_complete_published_list_not_physical_zero,observed_positive_in_complete_published_list,,,,,,,,,,,,,,2013.0,-19.2,13.6746,77.98798130425105,12.0,False,Early OLG/TCorp definitions; revaluation exclusions described,2011,2013
camden,Camden,2013,0.0,,,verified_zero_mapped_burn_within_source_scope,100.0,Landsat,unknown_incomplete_inventory_no_positive_record,unknown_incomplete_inventory_no_positive_record,2012.0,-13.78,,2.8681,39.43,2.3855,92.53319171534784,60546.0,,12.0,Earlier measure excludes term deposits and uses different expense denominator; not converted,False,Early OLG/TCorp definitions; revaluation exclusions described,2014.0,-4.99,14.3469,96.52948985397308,12.0,False,Pre-AASB15/1058,2012,2014
camden,Camden,2014,0.0,,,verified_zero_mapped_burn_within_source_scope,100.0,Landsat,unknown_incomplete_inventory_no_positive_record,unknown_incomplete_inventory_no_positive_record,2013.0,-19.2,13.6746,4.918,50.739999999999995,1.3799,77.98798130425105,63248.0,,12.0,"Includes term deposits; cash-flow-based measure, detailed vintage exclusions remain subject to audit",False,Early OLG/TCorp definitions; revaluation exclusions described,2015.0,-2.15,16.72,88.56286142642965,12.0,False,Pre-AASB15/1058,2013,2015
camden,Camden,2015,0.0,,1.0,verified_zero_mapped_burn_within_source_scope,100.0,Landsat,unknown_incomplete_inventory_no_positive_record,observed_positive_partial_inventory_count_lower_bound,2014.0,-4.99,14.3469,4.0683,42.47,3.6614,96.52948985397308,67084.0,,12.0,"Includes term deposits; cash-flow-based measure, detailed vintage exclusions remain subject to audit",False,Pre-AASB15/1058,2016.0,0.03,14.9381,100.0199123855038,12.0,False,Pre-AASB15/1058,2014,2016
camden,Camden,2016,0.0,,,verified_zero_mapped_burn_within_source_scope,100.0,Landsat 8,unknown_incomplete_inventory_no_positive_record,unknown_incomplete_inventory_no_positive_record,2015.0,-2.15,16.72,2.51,33.58,3.02,88.56286142642965,72256.0,,12.0,"Includes term deposits; cash-flow-based measure, detailed vintage exclusions remain subject to audit",False,Pre-AASB15/1058,2017.0,-3.67,14.77,91.77565794209724,12.0,False,Pre-AASB15/1058,2015,2017
camden,Camden,2017,0.0,0.0,0.0,verified_zero_mapped_burn_within_source_scope,100.0,Sentinel 2 (original mapping scope varies by year),no_listed_event_onset_not_physical_zero,no_listed_event_onset_not_physical_zero,2016.0,0.03,14.9381,2.6946,43.01,3.2283999999999997,100.0199123855038,80476.0,642.64,12.0,"Includes term deposits; cash-flow-based measure, detailed vintage exclusions remain subject to audit",False,Pre-AASB15/1058,2018.0,-13.55,14.36,100.12976480129764,12.0,False,Pre-AASB15/1058,2016,2018
camden,Camden,2018,0.0,0.0,1.0,verified_zero_mapped_burn_within_source_scope,100.0,Sentinel 2 (original mapping scope varies by year),no_listed_event_onset_not_physical_zero,listed_event_onset,2017.0,-3.67,14.77,2.45,33.38,3.66,91.77565794209724,87068.0,695.6099999999999,12.0,"Includes term deposits; cash-flow-based measure, detailed vintage exclusions remain subject to audit",False,Pre-AASB15/1058,2019.0,-14.31,17.32,98.12121212121212,12.0,False,AASB15/1058 and lease regime,2017,2019
camden,Camden,2019,0.0,0.0,1.0,verified_zero_mapped_burn_within_source_scope,10.0,Sentinel 2 (original mapping scope varies by year),no_listed_event_onset_not_physical_zero,listed_event_onset,2018.0,-13.55,14.36,2.38,41.39,2.32,100.12976480129764,94159.0,712.4499999999999,12.0,"Includes term deposits; cash-flow-based measure, detailed vintage exclusions remain subject to audit",False,Pre-AASB15/1058,2020.0,-25.33,23.1,98.73386449261936,12.0,False,AASB15/1058 and lease regime,2018,2020
camden,Camden,2020,0.0,0.0,1.0,verified_zero_mapped_burn_within_source_scope,10.0,Sentinel 2 (original mapping scope varies by year),no_listed_event_onset_not_physical_zero,listed_event_onset,2019.0,-14.31,17.32,2.77,38.09,2.34,98.12121212121212,101437.0,716.808,12.0,"Includes term deposits; cash-flow-based measure, detailed vintage exclusions remain subject to audit",False,AASB15/1058 and lease regime,2021.0,-9.66,25.5589,101.69006176305446,12.0,False,AASB15/1058 and lease regime,2019,2021
camden,Camden,2021,0.0,0.0,1.0,verified_zero_mapped_burn_within_source_scope,10.0,Sentinel 2 (original mapping scope varies by year),no_listed_event_onset_not_physical_zero,listed_event_onset,2020.0,-25.33,23.1,2.86,31.4,1.71,98.73386449261936,107806.0,740.54,12.0,"Includes term deposits; cash-flow-based measure, detailed vintage exclusions remain subject to audit",False,AASB15/1058 and lease regime,2022.0,-7.63,25.9112,110.89220089832584,12.0,False,AASB15/1058 and lease regime,2020,2022
camden,Camden,2022,0.0,0.0,0.0,verified_zero_mapped_burn_within_source_scope,10.0,Sentinel 2 (original mapping scope varies by year),no_listed_event_onset_not_physical_zero,no_listed_event_onset_not_physical_zero,2021.0,-9.66,25.5589,2.9965,37.98,3.4184,101.69006176305446,119951.0,761.67,12.0,"Includes term deposits; cash-flow-based measure, detailed vintage exclusions remain subject to audit",False,AASB15/1058 and lease regime,2023.0,-13.63,21.5585,100.00460468757194,12.0,False,AASB15/1058 and lease regime,2021,2023
camden,Camden,2023,0.0,0.0,1.0,verified_zero_mapped_burn_within_source_scope,10.0,Sentinel 2 (original mapping scope varies by year),no_listed_event_onset_not_physical_zero,listed_event_onset,2022.0,-7.63,25.9112,2.8125,49.62,3.5049,110.89220089832584,127806.0,773.58,12.0,"Includes term deposits; cash-flow-based measure, detailed vintage exclusions remain subject to audit",False,AASB15/1058 and lease regime,2024.0,,,97.35379141649987,12.0,False,Six fiscal ratios not collected by OLG,2022,2024
camden,Camden,2024,,0.0,1.0,unknown_source_not_acquired,,Sentinel 2 (original mapping scope varies by year),no_listed_event_onset_not_physical_zero,listed_event_onset,2023.0,-13.63,21.5585,2.5669,46.23,2.292,100.00460468757194,141133.0,790.078,12.0,"Includes term deposits; cash-flow-based measure, detailed vintage exclusions remain subject to audit",False,AASB15/1058 and lease regime,,,,,,,,2023,2025
campbelltown,Campbelltown,2012,0.0,0.0,0.0,verified_zero_mapped_burn_within_source_scope,100.0,Landsat,no_listed_event_in_complete_published_list_not_physical_zero,no_listed_event_in_complete_published_list_not_physical_zero,,,,,,,,,,,,,,2013.0,-2.92,8.2145,85.77848919534568,12.0,False,Early OLG/TCorp definitions; revaluation exclusions described,2011,2013
campbelltown,Campbelltown,2013,0.0,,,verified_zero_mapped_burn_within_source_scope,100.0,Landsat,unknown_incomplete_inventory_no_positive_record,unknown_incomplete_inventory_no_positive_record,2012.0,-5.3100000000000005,,3.1691,67.63,4.425,80.06472491909385,152612.0,,12.0,Earlier measure excludes term deposits and uses different expense denominator; not converted,False,Early OLG/TCorp definitions; revaluation exclusions described,2014.0,4.86,10.388699999999998,161.3927412215993,12.0,False,Pre-AASB15/1058,2012,2014
campbelltown,Campbelltown,2014,0.0,,,verified_zero_mapped_burn_within_source_scope,100.0,Landsat,unknown_incomplete_inventory_no_positive_record,unknown_incomplete_inventory_no_positive_record,2013.0,-2.92,8.2145,3.4447,73.3,3.8063,85.77848919534568,154538.0,,12.0,"Includes term deposits; cash-flow-based measure, detailed vintage exclusions remain subject to audit",False,Early OLG/TCorp definitions; revaluation exclusions described,2015.0,9.65,10.71,101.60520822979824,12.0,False,Pre-AASB15/1058,2013,2015
campbelltown,Campbelltown,2015,0.0,,1.0,verified_zero_mapped_burn_within_source_scope,100.0,Landsat,unknown_incomplete_inventory_no_positive_record,observed_positive_partial_inventory_count_lower_bound,2014.0,4.86,10.388699999999998,3.6669,73.81,5.493200000000001,161.3927412215993,156572.0,,12.0,"Includes term deposits; cash-flow-based measure, detailed vintage exclusions remain subject to audit",False,Pre-AASB15/1058,2016.0,10.64,17.9896,104.89989215548366,12.0,False,Pre-AASB15/1058,2014,2016
campbelltown,Campbelltown,2016,0.0,,,verified_zero_mapped_burn_within_source_scope,100.0,Landsat 8,unknown_incomplete_inventory_no_positive_record,unknown_incomplete_inventory_no_positive_record,2015.0,9.65,10.71,4.61,67.34,7.29,101.60520822979824,158941.0,,12.0,"Includes term deposits; cash-flow-based measure, detailed vintage exclusions remain subject to audit",False,Pre-AASB15/1058,2017.0,8.35,19.62,101.16258892937708,12.0,False,Pre-AASB15/1058,2015,2017
campbelltown,Campbelltown,2017,0.0,0.0,0.0,verified_zero_mapped_burn_within_source_scope,100.0,Sentinel 2 (original mapping scope varies by year),no_listed_event_onset_not_physical_zero,no_listed_event_onset_not_physical_zero,2016.0,10.64,17.9896,4.8193,73.0,8.1669,104.89989215548366,161409.0,735.0999999999999,12.0,"Includes term deposits; cash-flow-based measure, detailed vintage exclusions remain subject to audit",False,Pre-AASB15/1058,2018.0,5.84,18.24,97.25755166931636,12.0,False,Pre-AASB15/1058,2016,2018
campbelltown,Campbelltown,2018,3298.950000000001,0.0,1.0,mapped_burn_positive,100.0,Sentinel 2 (original mapping scope varies by year),no_listed_event_onset_not_physical_zero,listed_event_onset,2017.0,8.35,19.62,4.82,56.19,8.33,101.16258892937708,164508.0,762.1949999999999,12.0,"Includes term deposits; cash-flow-based measure, detailed vintage exclusions remain subject to audit",False,Pre-AASB15/1058,2019.0,0.52,17.98,92.23504721930745,12.0,False,AASB15/1058 and lease regime,2017,2019
campbelltown,Campbelltown,2019,0.0,0.0,1.0,verified_zero_mapped_burn_within_source_scope,10.0,Sentinel 2 (original mapping scope varies by year),no_listed_event_onset_not_physical_zero,listed_event_onset,2018.0,5.84,18.24,2.84,68.7,8.62,97.25755166931636,168139.0,770.057,12.0,"Includes term deposits; cash-flow-based measure, detailed vintage exclusions remain subject to audit",False,Pre-AASB15/1058,2020.0,3.98,18.12,104.16393135140204,12.0,False,AASB15/1058 and lease regime,2018,2020
campbelltown,Campbelltown,2020,0.0,0.0,1.0,verified_zero_mapped_burn_within_source_scope,10.0,Sentinel 2 (original mapping scope varies by year),no_listed_event_onset_not_physical_zero,listed_event_onset,2019.0,0.52,17.98,1.9,65.32,7.51,92.23504721930745,170943.0,781.45,12.0,"Includes term deposits; cash-flow-based measure, detailed vintage exclusions remain subject to audit",False,AASB15/1058 and lease regime,2021.0,6.09,12.5131,96.98838606327593,12.0,False,AASB15/1058 and lease regime,2019,2021
campbelltown,Campbelltown,2021,0.0,0.0,1.0,verified_zero_mapped_burn_within_source_scope,10.0,Sentinel 2 (original mapping scope varies by year),no_listed_event_onset_not_physical_zero,listed_event_onset,2020.0,3.98,18.12,3.78,68.35,11.34,104.16393135140204,174078.0,784.51,12.0,"Includes term deposits; cash-flow-based measure, detailed vintage exclusions remain subject to audit",False,AASB15/1058 and lease regime,2022.0,8.92,14.0965,130.48146570089477,12.0,False,AASB15/1058 and lease regime,2020,2022
campbelltown,Campbelltown,2022,0.0,0.0,0.0,verified_zero_mapped_burn_within_source_scope,10.0,Sentinel 2 (original mapping scope varies by year),no_listed_event_onset_not_physical_zero,no_listed_event_onset_not_physical_zero,2021.0,6.09,12.5131,1.7061,63.65,15.3173,96.98838606327593,177689.0,795.7419999999998,12.0,"Includes term deposits; cash-flow-based measure, detailed vintage exclusions remain subject to audit",False,AASB15/1058 and lease regime,2023.0,0.86,13.3319,102.18645858733642,12.0,False,AASB15/1058 and lease regime,2021,2023
campbelltown,Campbelltown,2023,53.25,0.0,1.0,mapped_burn_positive,10.0,Sentinel 2 (original mapping scope varies by year),no_listed_event_onset_not_physical_zero,listed_event_onset,2022.0,8.92,14.0965,2.6847,69.27,20.1286,130.48146570089477,180365.0,797.9630000000001,12.0,"Includes term deposits; cash-flow-based measure, detailed vintage exclusions remain subject to audit",False,AASB15/1058 and lease regime,2024.0,,,94.08593987245672,12.0,False,Six fiscal ratios not collected by OLG,2022,2024
campbelltown,Campbelltown,2024,,0.0,0.0,unknown_source_not_acquired,,Sentinel 2 (original mapping scope varies by year),no_listed_event_onset_not_physical_zero,no_listed_event_onset_not_physical_zero,2023.0,0.86,13.3319,1.5884,72.75,22.4776,102.18645858733642,188303.0,801.5500000000001,12.0,"Includes term deposits; cash-flow-based measure, detailed vintage exclusions remain subject to audit",False,AASB15/1058 and lease regime,,,,,,,,2023,2025
canadabay,Canada Bay,2012,0.0,0.0,0.0,verified_zero_mapped_burn_within_source_scope,100.0,Landsat,no_listed_event_in_complete_published_list_not_physical_zero,no_listed_event_in_complete_published_list_not_physical_zero,,,,,,,,,,,,,,2013.0,-1.0,12.2875,99.48229792919172,12.0,False,Early OLG/TCorp definitions; revaluation exclusions described,2011,2013
canadabay,Canada Bay,2013,0.0,,,verified_zero_mapped_burn_within_source_scope,100.0,Landsat,unknown_incomplete_inventory_no_positive_record,unknown_incomplete_inventory_no_positive_record,2012.0,-2.73,,2.5606,63.53,10.1119,104.89719626168224,82201.0,,12.0,Earlier measure excludes term deposits and uses different expense denominator; not converted,False,Early OLG/TCorp definitions; revaluation exclusions described,2014.0,3.92,15.3996,106.78275290215588,12.0,False,Pre-AASB15/1058,2012,2014
canadabay,Canada Bay,2014,0.0,,,verified_zero_mapped_burn_within_source_scope,100.0,Landsat,unknown_incomplete_inventory_no_positive_record,unknown_incomplete_inventory_no_positive_record,2013.0,-1.0,12.2875,2.5471,75.53999999999999,17.1011,99.48229792919172,84906.0,,12.0,"Includes term deposits; cash-flow-based measure, detailed vintage exclusions remain subject to audit",False,Early OLG/TCorp definitions; revaluation exclusions described,2015.0,6.04,12.84,96.3450068817862,12.0,False,Pre-AASB15/1058,2013,2015
canadabay,Canada Bay,2015,0.0,,,verified_zero_mapped_burn_within_source_scope,100.0,Landsat,unknown_incomplete_inventory_no_positive_record,unknown_incomplete_inventory_no_positive_record,2014.0,3.92,15.3996,2.9621,75.71,21.7637,106.78275290215588,87480.0,,12.0,"Includes term deposits; cash-flow-based measure, detailed vintage exclusions remain subject to audit",False,Pre-AASB15/1058,2016.0,6.99,12.902,88.65751913397229,12.0,False,Pre-AASB15/1058,2014,2016
canadabay,Canada Bay,2016,0.0,,,verified_zero_mapped_burn_within_source_scope,100.0,Landsat 8,unknown_incomplete_inventory_no_positive_record,unknown_incomplete_inventory_no_positive_record,2015.0,6.04,12.84,3.5,78.86,24.82,96.3450068817862,88819.0,,12.0,"Includes term deposits; cash-flow-based measure, detailed vintage exclusions remain subject to audit",False,Pre-AASB15/1058,2017.0,0.37,12.27,92.92243405588928,12.0,False,Pre-AASB15/1058,2015,2017
canadabay,Canada Bay,2017,0.0,0.0,0.0,verified_zero_mapped_burn_within_source_scope,100.0,Sentinel 2 (original mapping scope varies by year),no_listed_event_onset_not_physical_zero,no_listed_event_onset_not_physical_zero,2016.0,6.99,12.902,4.1625,80.16,28.641,88.65751913397229,92382.0,207.0,12.0,"Includes term deposits; cash-flow-based measure, detailed vintage exclusions remain subject to audit",False,Pre-AASB15/1058,2018.0,4.02,11.43,97.47634069400632,12.0,False,Pre-AASB15/1058,2016,2018
canadabay,Canada Bay,2018,0.0,0.0,1.0,verified_zero_mapped_burn_within_source_scope,100.0,Sentinel 2 (original mapping scope varies by year),no_listed_event_onset_not_physical_zero,listed_event_onset,2017.0,0.37,12.27,3.95,82.93,21.12,92.92243405588928,94150.0,207.0,12.0,"Includes term deposits; cash-flow-based measure, detailed vintage exclusions remain subject to audit",False,Pre-AASB15/1058,2019.0,1.1,15.28,96.52918377971886,12.0,False,AASB15/1058 and lease regime,2017,2019
canadabay,Canada Bay,2019,0.0,0.0,1.0,verified_zero_mapped_burn_within_source_scope,10.0,Sentinel 2 (original mapping scope varies by year),no_listed_event_onset_not_physical_zero,listed_event_onset,2018.0,4.02,11.43,3.39,82.01,27.03,97.47634069400632,95159.0,209.0,12.0,"Includes term deposits; cash-flow-based measure, detailed vintage exclusions remain subject to audit",False,Pre-AASB15/1058,2020.0,0.97,21.36,95.9647926610054,12.0,False,AASB15/1058 and lease regime,2018,2020
canadabay,Canada Bay,2020,0.0,0.0,0.0,verified_zero_mapped_burn_within_source_scope,10.0,Sentinel 2 (original mapping scope varies by year),no_listed_event_onset_not_physical_zero,no_listed_event_onset_not_physical_zero,2019.0,1.1,15.28,1.59,83.6,17.65,96.52918377971886,96074.0,209.0,12.0,"Includes term deposits; cash-flow-based measure, detailed vintage exclusions remain subject to audit",False,AASB15/1058 and lease regime,2021.0,0.34,16.4373,97.6777251184834,12.0,False,AASB15/1058 and lease regime,2019,2021
canadabay,Canada Bay,2021,0.0,0.0,0.0,verified_zero_mapped_burn_within_source_scope,10.0,Sentinel 2 (original mapping scope varies by year),no_listed_event_onset_not_physical_zero,no_listed_event_onset_not_physical_zero,2020.0,0.97,21.36,2.68,56.76,17.71,95.9647926610054,96550.0,214.0,12.0,"Includes term deposits; cash-flow-based measure, detailed vintage exclusions remain subject to audit",False,AASB15/1058 and lease regime,2022.0,-1.52,13.0029,99.43098683140953,12.0,False,AASB15/1058 and lease regime,2020,2022
canadabay,Canada Bay,2022,0.0,0.0,0.0,verified_zero_mapped_burn_within_source_scope,10.0,Sentinel 2 (original mapping scope varies by year),no_listed_event_onset_not_physical_zero,no_listed_event_onset_not_physical_zero,2021.0,0.34,16.4373,2.9905,56.98,17.9783,97.6777251184834,89667.0,214.0,12.0,"Includes term deposits; cash-flow-based measure, detailed vintage exclusions remain subject to audit",False,AASB15/1058 and lease regime,2023.0,2.28,15.9487,97.18713240934896,12.0,False,AASB15/1058 and lease regime,2021,2023
canadabay,Canada Bay,2023,0.0,0.0,0.0,verified_zero_mapped_burn_within_source_scope,10.0,Sentinel 2 (original mapping scope varies by year),no_listed_event_onset_not_physical_zero,no_listed_event_onset_not_physical_zero,2022.0,-1.52,13.0029,4.1449,66.13,7.0769,99.43098683140953,89210.0,214.0,12.0,"Includes term deposits; cash-flow-based measure, detailed vintage exclusions remain subject to audit",False,AASB15/1058 and lease regime,2024.0,,,101.6829410970616,12.0,False,Six fiscal ratios not collected by OLG,2022,2024
canadabay,Canada Bay,2024,,0.0,0.0,unknown_source_not_acquired,,Sentinel 2 (original mapping scope varies by year),no_listed_event_onset_not_physical_zero,no_listed_event_onset_not_physical_zero,2023.0,2.28,15.9487,4.0229,60.919999999999995,11.4388,97.18713240934896,92255.0,214.0,12.0,"Includes term deposits; cash-flow-based measure, detailed vintage exclusions remain subject to audit",False,AASB15/1058 and lease regime,,,,,,,,2023,2025
carrathool,Carrathool,2012,0.0,1.0,0.0,verified_zero_mapped_burn_within_source_scope,100.0,Landsat,observed_positive_in_complete_published_list,no_listed_event_in_complete_published_list_not_physical_zero,,,,,,,,,,,,,,2013.0,7.39,7.6621,111.17647058823528,12.0,False,Early OLG/TCorp definitions; revaluation exclusions described,2011,2013
carrathool,Carrathool,2013,0.0,,,verified_zero_mapped_burn_within_source_scope,100.0,Landsat,unknown_incomplete_inventory_no_positive_record,unknown_incomplete_inventory_no_positive_record,2012.0,9.06,,3.0569,38.76,16.7766,100.51590713671538,2700.0,,12.0,Earlier measure excludes term deposits and uses different expense denominator; not converted,False,Early OLG/TCorp definitions; revaluation exclusions described,2014.0,19.04,12.1968,102.05627705627704,12.0,False,Pre-AASB15/1058,2012,2014
carrathool,Carrathool,2014,0.0,,,verified_zero_mapped_burn_within_source_scope,100.0,Landsat,unknown_incomplete_inventory_no_positive_record,unknown_incomplete_inventory_no_positive_record,2013.0,7.39,7.6621,3.0162,46.0,13.4209,111.17647058823528,2792.0,,12.0,"Includes term deposits; cash-flow-based measure, detailed vintage exclusions remain subject to audit",False,Early OLG/TCorp definitions; revaluation exclusions described,2015.0,17.04,11.0,90.77380952380952,12.0,False,Pre-AASB15/1058,2013,2015
carrathool,Carrathool,2015,116.94778078136552,,,observed_positive_mapped_burn_within_source_scope,100.0,Landsat,unknown_incomplete_inventory_no_positive_record,unknown_incomplete_inventory_no_positive_record,2014.0,19.04,12.1968,6.3674,53.2,19.2853,102.05627705627704,2795.0,,12.0,"Includes term deposits; cash-flow-based measure, detailed vintage exclusions remain subject to audit",False,Pre-AASB15/1058,2016.0,19.29,16.9598,104.8651817116061,12.0,False,Pre-AASB15/1058,2014,2016
carrathool,Carrathool,2016,169.61900096584645,,1.0,observed_positive_mapped_burn_within_source_scope,100.0,Landsat 8,unknown_incomplete_inventory_no_positive_record,observed_positive_partial_inventory_count_lower_bound,2015.0,17.04,11.0,6.19,46.05,21.29,90.77380952380952,2733.0,,12.0,"Includes term deposits; cash-flow-based measure, detailed vintage exclusions remain subject to audit",False,Pre-AASB15/1058,2017.0,6.97,12.79,143.92350400987044,12.0,False,Pre-AASB15/1058,2015,2017
carrathool,Carrathool,2017,0.0,0.0,0.0,verified_zero_mapped_burn_within_source_scope,100.0,Sentinel 2 (original mapping scope varies by year),no_listed_event_onset_not_physical_zero,no_listed_event_onset_not_physical_zero,2016.0,19.29,16.9598,6.8333,40.74,30.9016,104.8651817116061,2803.0,2610.548,12.0,"Includes term deposits; cash-flow-based measure, detailed vintage exclusions remain subject to audit",False,Pre-AASB15/1058,2018.0,-8.52,12.78,114.79820627802692,12.0,False,Pre-AASB15/1058,2016,2018
carrathool,Carrathool,2018,32.71,0.0,1.0,mapped_burn_positive,100.0,Sentinel 2 (original mapping scope varies by year),no_listed_event_onset_not_physical_zero,listed_event_onset,2017.0,6.97,12.79,6.64,44.34,23.69,143.92350400987044,2796.0,2610.55,12.0,"Includes term deposits; cash-flow-based measure, detailed vintage exclusions remain subject to audit",False,Pre-AASB15/1058,2019.0,13.52,17.19,98.46153846153848,12.0,False,AASB15/1058 and lease regime,2017,2019
carrathool,Carrathool,2019,0.0,0.0,0.0,verified_zero_mapped_burn_within_source_scope,10.0,Sentinel 2 (original mapping scope varies by year),no_listed_event_onset_not_physical_zero,no_listed_event_onset_not_physical_zero,2018.0,-8.52,12.78,3.3,35.03,12.12,114.79820627802692,2802.0,2610.55,12.0,"Includes term deposits; cash-flow-based measure, detailed vintage exclusions remain subject to audit",False,Pre-AASB15/1058,2020.0,-5.84,16.86,105.10374433579776,12.0,False,AASB15/1058 and lease regime,2018,2020
carrathool,Carrathool,2020,43.05,0.0,0.0,mapped_burn_positive,10.0,Sentinel 2 (original mapping scope varies by year),no_listed_event_onset_not_physical_zero,no_listed_event_onset_not_physical_zero,2019.0,13.52,17.19,8.32,34.11,23.45,98.46153846153848,2799.0,2610.55,12.0,"Includes term deposits; cash-flow-based measure, detailed vintage exclusions remain subject to audit",False,AASB15/1058 and lease regime,2021.0,23.98,17.6636,154.9491211840888,12.0,False,AASB15/1058 and lease regime,2019,2021
carrathool,Carrathool,2021,109.84,0.0,0.0,mapped_burn_positive,10.0,Sentinel 2 (original mapping scope varies by year),no_listed_event_onset_not_physical_zero,no_listed_event_onset_not_physical_zero,2020.0,-5.84,16.86,5.31,39.11,13.0,105.10374433579776,2796.0,2610.55,12.0,"Includes term deposits; cash-flow-based measure, detailed vintage exclusions remain subject to audit",False,AASB15/1058 and lease regime,2022.0,26.35,25.9483,108.68782722513087,12.0,False,AASB15/1058 and lease regime,2020,2022
carrathool,Carrathool,2022,231.23,0.0,1.0,mapped_burn_positive,10.0,Sentinel 2 (original mapping scope varies by year),no_listed_event_onset_not_physical_zero,listed_event_onset,2021.0,23.98,17.6636,10.5759,27.17,17.0578,154.9491211840888,2871.0,2610.55,12.0,"Includes term deposits; cash-flow-based measure, detailed vintage exclusions remain subject to audit",False,AASB15/1058 and lease regime,2023.0,23.14,25.4394,101.29064912058712,12.0,False,AASB15/1058 and lease regime,2021,2023
carrathool,Carrathool,2023,2048.9,0.0,0.0,mapped_burn_positive,10.0,Sentinel 2 (original mapping scope varies by year),no_listed_event_onset_not_physical_zero,no_listed_event_onset_not_physical_zero,2022.0,26.35,25.9483,10.5896,32.1,31.249,108.68782722513087,2829.0,2610.55,12.0,"Includes term deposits; cash-flow-based measure, detailed vintage exclusions remain subject to audit",False,AASB15/1058 and lease regime,2024.0,,,109.65016658733936,12.0,False,Six fiscal ratios not collected by OLG,2022,2024
carrathool,Carrathool,2024,,0.0,0.0,unknown_source_not_acquired,,Sentinel 2 (original mapping scope varies by year),no_listed_event_onset_not_physical_zero,no_listed_event_onset_not_physical_zero,2023.0,23.14,25.4394,17.2871,33.12,29.8142,101.29064912058712,2767.0,2610.5499999999997,12.0,"Includes term deposits; cash-flow-based measure, detailed vintage exclusions remain subject to audit",False,AASB15/1058 and lease regime,,,,,,,,2023,2025
centraldarling,Central Darling,2012,0.0,1.0,0.0,verified_zero_mapped_burn_within_source_scope,100.0,Landsat,observed_positive_in_complete_published_list,no_listed_event_in_complete_published_list_not_physical_zero,,,,,,,,,,,,,,2013.0,-32.93,0.1787,125.0788643533123,12.0,False,Early OLG/TCorp definitions; revaluation exclusions described,2011,2013
centraldarling,Central Darling,2013,116.84055169281368,,,observed_positive_mapped_burn_within_source_scope,100.0,Landsat,unknown_incomplete_inventory_no_positive_record,unknown_incomplete_inventory_no_positive_record,2012.0,-14.49,,0.5273,30.680000000000003,1.8136,126.40294388224471,2084.0,,12.0,Earlier measure excludes term deposits and uses different expense denominator; not converted,False,Early OLG/TCorp definitions; revaluation exclusions described,2014.0,-1.28,0.0019,77.99642218246869,12.0,False,Pre-AASB15/1058,2012,2014
centraldarling,Central Darling,2014,0.0,,,verified_zero_mapped_burn_within_source_scope,100.0,Landsat,unknown_incomplete_inventory_no_positive_record,unknown_incomplete_inventory_no_positive_record,2013.0,-32.93,0.1787,0.1998,42.76,-0.8731,125.0788643533123,2070.0,,12.0,"Includes term deposits; cash-flow-based measure, detailed vintage exclusions remain subject to audit",False,Early OLG/TCorp definitions; revaluation exclusions described,2015.0,3.34,0.25,75.27960526315789,12.0,False,Pre-AASB15/1058,2013,2015
centraldarling,Central Darling,2015,0.0,,,verified_zero_mapped_burn_within_source_scope,100.0,Landsat,unknown_incomplete_inventory_no_positive_record,unknown_incomplete_inventory_no_positive_record,2014.0,-1.28,0.0019,0.3421,35.18,12.9039,77.99642218246869,2065.0,,12.0,"Includes term deposits; cash-flow-based measure, detailed vintage exclusions remain subject to audit",False,Pre-AASB15/1058,2016.0,18.2,1.6092,79.4091475351486,12.0,False,Pre-AASB15/1058,2014,2016
centraldarling,Central Darling,2016,517.3109721927618,,,observed_positive_mapped_burn_within_source_scope,100.0,Landsat 8,unknown_incomplete_inventory_no_positive_record,unknown_incomplete_inventory_no_positive_record,2015.0,3.34,0.25,0.71,39.05,21.2,75.27960526315789,2088.0,,12.0,"Includes term deposits; cash-flow-based measure, detailed vintage exclusions remain subject to audit",False,Pre-AASB15/1058,2017.0,0.03,2.46,82.3257827153369,12.0,False,Pre-AASB15/1058,2015,2017
centraldarling,Central Darling,2017,0.0,0.0,0.0,verified_zero_mapped_burn_within_source_scope,100.0,Sentinel 2 (original mapping scope varies by year),no_listed_event_onset_not_physical_zero,no_listed_event_onset_not_physical_zero,2016.0,18.2,1.6092,2.0215,47.4,33.2218,79.4091475351486,1875.0,2395.82,12.0,"Includes term deposits; cash-flow-based measure, detailed vintage exclusions remain subject to audit",False,Pre-AASB15/1058,2018.0,1.14,2.05,78.81979512335882,12.0,False,Pre-AASB15/1058,2016,2018
centraldarling,Central Darling,2018,0.0,0.0,0.0,verified_zero_mapped_burn_within_source_scope,100.0,Sentinel 2 (original mapping scope varies by year),no_listed_event_onset_not_physical_zero,no_listed_event_onset_not_physical_zero,2017.0,0.03,2.46,0.65,52.03,20.8,82.3257827153369,1846.0,2395.82,12.0,"Includes term deposits; cash-flow-based measure, detailed vintage exclusions remain subject to audit",False,Pre-AASB15/1058,2019.0,12.81,4.41,73.1207617948348,12.0,False,AASB15/1058 and lease regime,2017,2019
centraldarling,Central Darling,2019,0.0,0.0,1.0,verified_zero_mapped_burn_within_source_scope,10.0,Sentinel 2 (original mapping scope varies by year),no_listed_event_onset_not_physical_zero,listed_event_onset,2018.0,1.14,2.05,2.93,43.67,17.26,78.81979512335882,1837.0,2395.82,12.0,"Includes term deposits; cash-flow-based measure, detailed vintage exclusions remain subject to audit",False,Pre-AASB15/1058,2020.0,-0.4,4.21,129.8225364305295,12.0,False,AASB15/1058 and lease regime,2018,2020
centraldarling,Central Darling,2020,0.0,0.0,1.0,verified_zero_mapped_burn_within_source_scope,10.0,Sentinel 2 (original mapping scope varies by year),no_listed_event_onset_not_physical_zero,listed_event_onset,2019.0,12.81,4.41,3.95,52.08,17.59,73.1207617948348,1839.0,2395.82,12.0,"Includes term deposits; cash-flow-based measure, detailed vintage exclusions remain subject to audit",False,AASB15/1058 and lease regime,2021.0,7.01,7.5772,161.94997684113017,12.0,False,AASB15/1058 and lease regime,2019,2021
centraldarling,Central Darling,2021,57.91,0.0,1.0,mapped_burn_positive,10.0,Sentinel 2 (original mapping scope varies by year),no_listed_event_onset_not_physical_zero,listed_event_onset,2020.0,-0.4,4.21,3.29,38.46,8.06,129.8225364305295,1829.0,2395.82,12.0,"Includes term deposits; cash-flow-based measure, detailed vintage exclusions remain subject to audit",False,AASB15/1058 and lease regime,2022.0,15.4,4.8913,188.3317261330762,12.0,False,AASB15/1058 and lease regime,2020,2022
centraldarling,Central Darling,2022,2222.29,0.0,1.0,mapped_burn_positive,10.0,Sentinel 2 (original mapping scope varies by year),no_listed_event_onset_not_physical_zero,listed_event_onset,2021.0,7.01,7.5772,3.1209,33.12,12.527,161.94997684113017,1760.0,2395.8199999999997,12.0,"Includes term deposits; cash-flow-based measure, detailed vintage exclusions remain subject to audit",False,AASB15/1058 and lease regime,2023.0,0.73,4.8046,182.07841951416188,12.0,False,AASB15/1058 and lease regime,2021,2023
centraldarling,Central Darling,2023,5698.67,0.0,1.0,mapped_burn_positive,10.0,Sentinel 2 (original mapping scope varies by year),no_listed_event_onset_not_physical_zero,listed_event_onset,2022.0,15.4,4.8913,2.939,23.18,43.8209,188.3317261330762,1749.0,2395.62,12.0,"Includes term deposits; cash-flow-based measure, detailed vintage exclusions remain subject to audit",False,AASB15/1058 and lease regime,2024.0,,,178.84097035040432,12.0,False,Six fiscal ratios not collected by OLG,2022,2024
centraldarling,Central Darling,2024,,0.0,1.0,unknown_source_not_acquired,,Sentinel 2 (original mapping scope varies by year),no_listed_event_onset_not_physical_zero,listed_event_onset,2023.0,0.73,4.8046,3.1194,19.97,24.2245,182.07841951416188,1767.0,2395.96,12.0,"Includes term deposits; cash-flow-based measure, detailed vintage exclusions remain subject to audit",False,AASB15/1058 and lease regime,,,,,,,,2023,2025
cessnock,Cessnock,2012,0.0,1.0,1.0,verified_zero_mapped_burn_within_source_scope,100.0,Landsat,observed_positive_in_complete_published_list,observed_positive_in_complete_published_list,,,,,,,,,,,,,,2013.0,-1.69,6.6567,99.42398683398476,12.0,False,Early OLG/TCorp definitions; revaluation exclusions described,2011,2013
cessnock,Cessnock,2013,4313.22150357476,1.0,,observed_positive_mapped_burn_within_source_scope,100.0,Landsat,observed_positive_partial_inventory_count_lower_bound,unknown_incomplete_inventory_no_positive_record,2012.0,-1.27,,1.935,73.14,9.2169,52.761274642182016,53289.0,,12.0,Earlier measure excludes term deposits and uses different expense denominator; not converted,False,Early OLG/TCorp definitions; revaluation exclusions described,2014.0,0.55,7.484500000000001,71.04123215145195,12.0,False,Pre-AASB15/1058,2012,2014
cessnock,Cessnock,2014,0.0,,1.0,verified_zero_mapped_burn_within_source_scope,100.0,Landsat,unknown_incomplete_inventory_no_positive_record,observed_positive_partial_inventory_count_lower_bound,2013.0,-1.69,6.6567,2.7388,72.39999999999999,7.6986,99.42398683398476,54313.0,,12.0,"Includes term deposits; cash-flow-based measure, detailed vintage exclusions remain subject to audit",False,Early OLG/TCorp definitions; revaluation exclusions described,2015.0,-2.94,6.65,141.42685851318944,12.0,False,Pre-AASB15/1058,2013,2015
cessnock,Cessnock,2015,144.22980393541363,,,observed_positive_mapped_burn_within_source_scope,100.0,Landsat,unknown_incomplete_inventory_no_positive_record,unknown_incomplete_inventory_no_positive_record,2014.0,0.55,7.484500000000001,2.9412000000000003,65.85,7.9222,71.04123215145195,54979.0,,12.0,"Includes term deposits; cash-flow-based measure, detailed vintage exclusions remain subject to audit",False,Pre-AASB15/1058,2016.0,3.97,6.3072,102.19410775900204,12.0,False,Pre-AASB15/1058,2014,2016
cessnock,Cessnock,2016,3622.975522220657,1.0,,observed_positive_mapped_burn_within_source_scope,100.0,Landsat 8,observed_positive_partial_inventory_count_lower_bound,unknown_incomplete_inventory_no_positive_record,2015.0,-2.94,6.65,3.17,64.08,5.01,141.42685851318944,55862.0,,12.0,"Includes term deposits; cash-flow-based measure, detailed vintage exclusions remain subject to audit",False,Pre-AASB15/1058,2017.0,-3.14,6.35,107.89425032353483,12.0,False,Pre-AASB15/1058,2015,2017
cessnock,Cessnock,2017,2225.19,1.0,0.0,mapped_burn_positive,100.0,Sentinel 2 (original mapping scope varies by year),listed_event_onset,no_listed_event_onset_not_physical_zero,2016.0,3.97,6.3072,2.4487,63.37,8.1082,102.19410775900204,56762.0,1025.6899999999998,12.0,"Includes term deposits; cash-flow-based measure, detailed vintage exclusions remain subject to audit",False,Pre-AASB15/1058,2018.0,-0.14,7.01,108.85060614346916,12.0,False,Pre-AASB15/1058,2016,2018
cessnock,Cessnock,2018,699.15,1.0,0.0,mapped_burn_positive,100.0,Sentinel 2 (original mapping scope varies by year),listed_event_onset,no_listed_event_onset_not_physical_zero,2017.0,-3.14,6.35,2.66,52.16,4.78,107.89425032353483,57521.0,1051.12,12.0,"Includes term deposits; cash-flow-based measure, detailed vintage exclusions remain subject to audit",False,Pre-AASB15/1058,2019.0,2.43,9.12,101.33701011113897,12.0,False,AASB15/1058 and lease regime,2017,2019
cessnock,Cessnock,2019,61911.78,1.0,1.0,mapped_burn_positive,10.0,Sentinel 2 (original mapping scope varies by year),listed_event_onset,listed_event_onset,2018.0,-0.14,7.01,3.05,68.12,6.06,108.85060614346916,59101.0,1054.9699999999998,12.0,"Includes term deposits; cash-flow-based measure, detailed vintage exclusions remain subject to audit",False,Pre-AASB15/1058,2020.0,-5.19,8.18,103.48453931878826,12.0,False,AASB15/1058 and lease regime,2018,2020
cessnock,Cessnock,2020,0.0,0.0,1.0,verified_zero_mapped_burn_within_source_scope,10.0,Sentinel 2 (original mapping scope varies by year),no_listed_event_onset_not_physical_zero,listed_event_onset,2019.0,2.43,9.12,2.63,63.95,7.99,101.33701011113897,59985.0,1072.21176,12.0,"Includes term deposits; cash-flow-based measure, detailed vintage exclusions remain subject to audit",False,AASB15/1058 and lease regime,2021.0,3.42,10.2282,117.62329793471888,12.0,False,AASB15/1058 and lease regime,2019,2021
cessnock,Cessnock,2021,0.0,0.0,1.0,verified_zero_mapped_burn_within_source_scope,10.0,Sentinel 2 (original mapping scope varies by year),no_listed_event_onset_not_physical_zero,listed_event_onset,2020.0,-5.19,8.18,3.84,54.75,5.45,103.48453931878826,61256.0,1080.12,12.0,"Includes term deposits; cash-flow-based measure, detailed vintage exclusions remain subject to audit",False,AASB15/1058 and lease regime,2022.0,-18.55,10.4903,117.02218953046464,12.0,False,AASB15/1058 and lease regime,2020,2022
cessnock,Cessnock,2022,73.86,0.0,0.0,mapped_burn_positive,10.0,Sentinel 2 (original mapping scope varies by year),no_listed_event_onset_not_physical_zero,no_listed_event_onset_not_physical_zero,2021.0,3.42,10.2282,3.7404,55.6,10.7173,117.62329793471888,64082.0,1090.04,12.0,"Includes term deposits; cash-flow-based measure, detailed vintage exclusions remain subject to audit",False,AASB15/1058 and lease regime,2023.0,-5.94,12.1085,123.02277962631176,12.0,False,AASB15/1058 and lease regime,2021,2023
cessnock,Cessnock,2023,3051.54,1.0,0.0,mapped_burn_positive,10.0,Sentinel 2 (original mapping scope varies by year),listed_event_onset,no_listed_event_onset_not_physical_zero,2022.0,-18.55,10.4903,2.9791,51.27,-0.2088,117.02218953046464,65878.0,1109.48,12.0,"Includes term deposits; cash-flow-based measure, detailed vintage exclusions remain subject to audit",False,AASB15/1058 and lease regime,2024.0,,,82.58334143259792,12.0,False,Six fiscal ratios not collected by OLG,2022,2024
cessnock,Cessnock,2024,,0.0,1.0,unknown_source_not_acquired,,Sentinel 2 (original mapping scope varies by year),no_listed_event_onset_not_physical_zero,listed_event_onset,2023.0,-5.94,12.1085,2.0275,40.21,11.8249,123.02277962631176,69352.0,1095.4606,12.0,"Includes term deposits; cash-flow-based measure, detailed vintage exclusions remain subject to audit",False,AASB15/1058 and lease regime,,,,,,,,2023,2025
clarencevalley,Clarence Valley,2012,2217.044787302179,1.0,1.0,observed_positive_mapped_burn_within_source_scope,100.0,Landsat,observed_positive_in_complete_published_list,observed_positive_in_complete_published_list,,,,,,,,,,,,,,2013.0,-14.46,9.4326,90.1251233061627,12.0,False,Early OLG/TCorp definitions; revaluation exclusions described,2011,2013
clarencevalley,Clarence Valley,2013,50510.23336258828,1.0,,observed_positive_mapped_burn_within_source_scope,100.0,Landsat,observed_positive_partial_inventory_count_lower_bound,unknown_incomplete_inventory_no_positive_record,2012.0,-31.01,,3.809,60.150000000000006,1.5802,54.78539713862852,51346.0,,12.0,Earlier measure excludes term deposits and uses different expense denominator; not converted,False,Early OLG/TCorp definitions; revaluation exclusions described,2014.0,-7.27,10.3424,75.77147224610681,12.0,False,Pre-AASB15/1058,2012,2014
clarencevalley,Clarence Valley,2014,16726.154995915756,1.0,1.0,observed_positive_mapped_burn_within_source_scope,100.0,Landsat,observed_positive_partial_inventory_count_lower_bound,observed_positive_partial_inventory_count_lower_bound,2013.0,-14.46,9.4326,4.0349,67.33,1.7736,90.1251233061627,51043.0,,12.0,"Includes term deposits; cash-flow-based measure, detailed vintage exclusions remain subject to audit",False,Early OLG/TCorp definitions; revaluation exclusions described,2015.0,-4.67,10.35,64.89141876876292,12.0,False,Pre-AASB15/1058,2013,2015
clarencevalley,Clarence Valley,2015,4292.921917255935,,,observed_positive_mapped_burn_within_source_scope,100.0,Landsat,unknown_incomplete_inventory_no_positive_record,unknown_incomplete_inventory_no_positive_record,2014.0,-7.27,10.3424,4.4069,67.33,2.5429,75.77147224610681,51003.0,,12.0,"Includes term deposits; cash-flow-based measure, detailed vintage exclusions remain subject to audit",False,Pre-AASB15/1058,2016.0,-3.78,11.9708,68.97735633123519,12.0,False,Pre-AASB15/1058,2014,2016
clarencevalley,Clarence Valley,2016,37824.94727954019,,1.0,observed_positive_mapped_burn_within_source_scope,100.0,Landsat 8,unknown_incomplete_inventory_no_positive_record,observed_positive_partial_inventory_count_lower_bound,2015.0,-4.67,10.35,5.23,67.95,2.59,64.89141876876292,51040.0,,12.0,"Includes term deposits; cash-flow-based measure, detailed vintage exclusions remain subject to audit",False,Pre-AASB15/1058,2017.0,-5.97,13.22,74.49250616581294,12.0,False,Pre-AASB15/1058,2015,2017
clarencevalley,Clarence Valley,2017,16391.04,0.0,0.0,mapped_burn_positive,100.0,Sentinel 2 (original mapping scope varies by year),no_listed_event_onset_not_physical_zero,no_listed_event_onset_not_physical_zero,2016.0,-3.78,11.9708,4.3933,69.19,3.1688,68.97735633123519,51367.0,2448.5700000000006,12.0,"Includes term deposits; cash-flow-based measure, detailed vintage exclusions remain subject to audit",False,Pre-AASB15/1058,2018.0,-1.14,13.9,95.94443313657644,12.0,False,Pre-AASB15/1058,2016,2018
clarencevalley,Clarence Valley,2018,52849.92,1.0,1.0,mapped_burn_positive,100.0,Sentinel 2 (original mapping scope varies by year),listed_event_onset,listed_event_onset,2017.0,-5.97,13.22,4.29,67.32,2.89,74.49250616581294,51570.0,2446.3300000000004,12.0,"Includes term deposits; cash-flow-based measure, detailed vintage exclusions remain subject to audit",False,Pre-AASB15/1058,2019.0,-1.43,13.98,105.41929574598004,12.0,False,AASB15/1058 and lease regime,2017,2019
clarencevalley,Clarence Valley,2019,438159.67,1.0,1.0,mapped_burn_positive,10.0,Sentinel 2 (original mapping scope varies by year),listed_event_onset,listed_event_onset,2018.0,-1.14,13.9,4.42,72.32,3.37,95.94443313657644,51647.0,2446.33,12.0,"Includes term deposits; cash-flow-based measure, detailed vintage exclusions remain subject to audit",False,Pre-AASB15/1058,2020.0,-3.88,13.36,103.24480727498192,12.0,False,AASB15/1058 and lease regime,2018,2020
clarencevalley,Clarence Valley,2020,1857.72,0.0,1.0,mapped_burn_positive,10.0,Sentinel 2 (original mapping scope varies by year),no_listed_event_onset_not_physical_zero,listed_event_onset,2019.0,-1.43,13.98,3.23,65.45,3.33,105.41929574598004,51662.0,2451.1499999999996,12.0,"Includes term deposits; cash-flow-based measure, detailed vintage exclusions remain subject to audit",False,AASB15/1058 and lease regime,2021.0,0.15,16.5571,62.30569061151818,12.0,False,AASB15/1058 and lease regime,2019,2021
clarencevalley,Clarence Valley,2021,1897.8,0.0,1.0,mapped_burn_positive,10.0,Sentinel 2 (original mapping scope varies by year),no_listed_event_onset_not_physical_zero,listed_event_onset,2020.0,-3.88,13.36,3.98,64.59,3.12,103.24480727498192,51730.0,2451.13,12.0,"Includes term deposits; cash-flow-based measure, detailed vintage exclusions remain subject to audit",False,AASB15/1058 and lease regime,2022.0,-5.64,13.7217,72.24962537462538,12.0,False,AASB15/1058 and lease regime,2020,2022
clarencevalley,Clarence Valley,2022,1423.97,0.0,0.0,mapped_burn_positive,10.0,Sentinel 2 (original mapping scope varies by year),no_listed_event_onset_not_physical_zero,no_listed_event_onset_not_physical_zero,2021.0,0.15,16.5571,4.979,58.81,3.7969,62.30569061151818,54180.0,2541.13,12.0,"Includes term deposits; cash-flow-based measure, detailed vintage exclusions remain subject to audit",False,AASB15/1058 and lease regime,2023.0,-12.13,20.0571,65.72170395193672,12.0,False,AASB15/1058 and lease regime,2021,2023
clarencevalley,Clarence Valley,2023,57612.63,1.0,1.0,mapped_burn_positive,10.0,Sentinel 2 (original mapping scope varies by year),listed_event_onset,listed_event_onset,2022.0,-5.64,13.7217,3.632,53.9,3.4443,72.24962537462538,54662.0,2456.96,12.0,"Includes term deposits; cash-flow-based measure, detailed vintage exclusions remain subject to audit",False,AASB15/1058 and lease regime,2024.0,,,67.69796998102248,12.0,False,Six fiscal ratios not collected by OLG,2022,2024
clarencevalley,Clarence Valley,2024,,0.0,1.0,unknown_source_not_acquired,,Sentinel 2 (original mapping scope varies by year),no_listed_event_onset_not_physical_zero,listed_event_onset,2023.0,-12.13,20.0571,3.4794,55.58,3.3916,65.72170395193672,56037.0,2836.0,12.0,"Includes term deposits; cash-flow-based measure, detailed vintage exclusions remain subject to audit",False,AASB15/1058 and lease regime,,,,,,,,2023,2025
coffsharbour,Coffs Harbour,2012,0.0,0.0,1.0,verified_zero_mapped_burn_within_source_scope,100.0,Landsat,no_listed_event_in_complete_published_list_not_physical_zero,observed_positive_in_complete_published_list,,,,,,,,,,,,,,2013.0,-16.46,9.2042,90.44431395576434,12.0,False,Early OLG/TCorp definitions; revaluation exclusions described,2011,2013
coffsharbour,Coffs Harbour,2013,500.05241493127335,1.0,,observed_positive_mapped_burn_within_source_scope,100.0,Landsat,observed_positive_partial_inventory_count_lower_bound,unknown_incomplete_inventory_no_positive_record,2012.0,-17.24,,1.35,67.88,1.2,91.67629450687951,70990.0,,12.0,Earlier measure excludes term deposits and uses different expense denominator; not converted,False,Early OLG/TCorp definitions; revaluation exclusions described,2014.0,-6.23,9.2726,93.68997700527528,12.0,False,Pre-AASB15/1058,2012,2014
coffsharbour,Coffs Harbour,2014,0.0,1.0,,verified_zero_mapped_burn_within_source_scope,100.0,Landsat,observed_positive_partial_inventory_count_lower_bound,unknown_incomplete_inventory_no_positive_record,2013.0,-16.46,9.2042,1.9464,83.6,1.1142,90.44431395576434,71798.0,,12.0,"Includes term deposits; cash-flow-based measure, detailed vintage exclusions remain subject to audit",False,Early OLG/TCorp definitions; revaluation exclusions described,2015.0,-0.73,8.17,101.59382305022314,12.0,False,Pre-AASB15/1058,2013,2015
coffsharbour,Coffs Harbour,2015,0.0,,1.0,verified_zero_mapped_burn_within_source_scope,100.0,Landsat,unknown_incomplete_inventory_no_positive_record,observed_positive_partial_inventory_count_lower_bound,2014.0,-6.23,9.2726,3.7083,76.1,1.4927,93.68997700527528,72382.0,,12.0,"Includes term deposits; cash-flow-based measure, detailed vintage exclusions remain subject to audit",False,Pre-AASB15/1058,2016.0,18.74,9.1011,100.50236406619383,12.0,False,Pre-AASB15/1058,2014,2016
coffsharbour,Coffs Harbour,2016,2826.143948224156,,,observed_positive_mapped_burn_within_source_scope,100.0,Landsat 8,unknown_incomplete_inventory_no_positive_record,unknown_incomplete_inventory_no_positive_record,2015.0,-0.73,8.17,4.1,58.73,1.79,101.59382305022314,72971.0,,12.0,"Includes term deposits; cash-flow-based measure, detailed vintage exclusions remain subject to audit",False,Pre-AASB15/1058,2017.0,3.23,10.2,100.28512182477968,12.0,False,Pre-AASB15/1058,2015,2017
coffsharbour,Coffs Harbour,2017,478.02,0.0,0.0,mapped_burn_positive,100.0,Sentinel 2 (original mapping scope varies by year),no_listed_event_onset_not_physical_zero,no_listed_event_onset_not_physical_zero,2016.0,18.74,9.1011,14.7666,74.26,3.1342000000000003,100.50236406619383,74641.0,873.35,12.0,"Includes term deposits; cash-flow-based measure, detailed vintage exclusions remain subject to audit",False,Pre-AASB15/1058,2018.0,5.37,9.88,98.05032275062574,12.0,False,Pre-AASB15/1058,2016,2018
coffsharbour,Coffs Harbour,2018,0.0,0.0,0.0,verified_zero_mapped_burn_within_source_scope,100.0,Sentinel 2 (original mapping scope varies by year),no_listed_event_onset_not_physical_zero,no_listed_event_onset_not_physical_zero,2017.0,3.23,10.2,9.64,73.2,2.33,100.28512182477968,75503.0,880.0930000000001,12.0,"Includes term deposits; cash-flow-based measure, detailed vintage exclusions remain subject to audit",False,Pre-AASB15/1058,2019.0,-0.09,8.7,95.360529497868,12.0,False,AASB15/1058 and lease regime,2017,2019
coffsharbour,Coffs Harbour,2019,4797.71,1.0,1.0,mapped_burn_positive,10.0,Sentinel 2 (original mapping scope varies by year),listed_event_onset,listed_event_onset,2018.0,5.37,9.88,6.11,77.63,2.7,98.05032275062574,76551.0,885.6,12.0,"Includes term deposits; cash-flow-based measure, detailed vintage exclusions remain subject to audit",False,Pre-AASB15/1058,2020.0,4.21,9.53,96.64663081303384,12.0,False,AASB15/1058 and lease regime,2018,2020
coffsharbour,Coffs Harbour,2020,75.98,0.0,1.0,mapped_burn_positive,10.0,Sentinel 2 (original mapping scope varies by year),no_listed_event_onset_not_physical_zero,listed_event_onset,2019.0,-0.09,8.7,8.77,75.06,2.34,95.360529497868,77277.0,889.2729999999999,12.0,"Includes term deposits; cash-flow-based measure, detailed vintage exclusions remain subject to audit",False,AASB15/1058 and lease regime,2021.0,2.52,9.4738,95.51260934812048,12.0,False,AASB15/1058 and lease regime,2019,2021
coffsharbour,Coffs Harbour,2021,19.26,0.0,1.0,mapped_burn_positive,10.0,Sentinel 2 (original mapping scope varies by year),no_listed_event_onset_not_physical_zero,listed_event_onset,2020.0,4.21,9.53,6.49,75.88,2.48,96.64663081303384,77648.0,897.63,12.0,"Includes term deposits; cash-flow-based measure, detailed vintage exclusions remain subject to audit",False,AASB15/1058 and lease regime,2022.0,13.42,12.3486,93.11106061097944,12.0,False,AASB15/1058 and lease regime,2020,2022
coffsharbour,Coffs Harbour,2022,0.0,0.0,0.0,verified_zero_mapped_burn_within_source_scope,10.0,Sentinel 2 (original mapping scope varies by year),no_listed_event_onset_not_physical_zero,no_listed_event_onset_not_physical_zero,2021.0,2.52,9.4738,6.5024,69.28,2.2659,95.51260934812048,78738.0,901.46,12.0,"Includes term deposits; cash-flow-based measure, detailed vintage exclusions remain subject to audit",False,AASB15/1058 and lease regime,2023.0,10.46,15.0326,95.12049300956586,12.0,False,AASB15/1058 and lease regime,2021,2023
coffsharbour,Coffs Harbour,2023,1670.05,0.0,0.0,mapped_burn_positive,10.0,Sentinel 2 (original mapping scope varies by year),no_listed_event_onset_not_physical_zero,no_listed_event_onset_not_physical_zero,2022.0,13.42,12.3486,9.1814,80.39,3.4315,93.11106061097944,79725.0,911.72,12.0,"Includes term deposits; cash-flow-based measure, detailed vintage exclusions remain subject to audit",False,AASB15/1058 and lease regime,2024.0,,,96.48790843640391,12.0,False,Six fiscal ratios not collected by OLG,2022,2024
coffsharbour,Coffs Harbour,2024,,0.0,1.0,unknown_source_not_acquired,,Sentinel 2 (original mapping scope varies by year),no_listed_event_onset_not_physical_zero,listed_event_onset,2023.0,10.46,15.0326,12.6682,72.42,3.6649,95.12049300956586,81248.0,916.9755,12.0,"Includes term deposits; cash-flow-based measure, detailed vintage exclusions remain subject to audit",False,AASB15/1058 and lease regime,,,,,,,,2023,2025
coolamon,Coolamon,2012,0.0,1.0,0.0,verified_zero_mapped_burn_within_source_scope,100.0,Landsat,observed_positive_in_complete_published_list,no_listed_event_in_complete_published_list_not_physical_zero,,,,,,,,,,,,,,2013.0,-4.38,14.7067,98.14183957881696,12.0,False,Early OLG/TCorp definitions; revaluation exclusions described,2011,2013
coolamon,Coolamon,2013,0.0,1.0,,verified_zero_mapped_burn_within_source_scope,100.0,Landsat,observed_positive_partial_inventory_count_lower_bound,unknown_incomplete_inventory_no_positive_record,2012.0,4.42,,5.3012,29.89,52.3793,151.30533484676505,4289.0,,12.0,Earlier measure excludes term deposits and uses different expense denominator; not converted,False,Early OLG/TCorp definitions; revaluation exclusions described,2014.0,9.35,19.7004,87.92943361188486,12.0,False,Pre-AASB15/1058,2012,2014
coolamon,Coolamon,2014,0.0,,,verified_zero_mapped_burn_within_source_scope,100.0,Landsat,unknown_incomplete_inventory_no_positive_record,unknown_incomplete_inventory_no_positive_record,2013.0,-4.38,14.7067,4.348,43.19,36.0806,98.14183957881696,4276.0,,12.0,"Includes term deposits; cash-flow-based measure, detailed vintage exclusions remain subject to audit",False,Early OLG/TCorp definitions; revaluation exclusions described,2015.0,17.44,19.2,100.52441822353327,12.0,False,Pre-AASB15/1058,2013,2015
coolamon,Coolamon,2015,0.0,,1.0,verified_zero_mapped_burn_within_source_scope,100.0,Landsat,unknown_incomplete_inventory_no_positive_record,observed_positive_partial_inventory_count_lower_bound,2014.0,9.35,19.7004,3.2371,52.04,56.4348,87.92943361188486,4308.0,,12.0,"Includes term deposits; cash-flow-based measure, detailed vintage exclusions remain subject to audit",False,Pre-AASB15/1058,2016.0,18.92,19.7067,139.23846402065183,12.0,False,Pre-AASB15/1058,2014,2016
coolamon,Coolamon,2016,0.0,,1.0,verified_zero_mapped_burn_within_source_scope,100.0,Landsat 8,unknown_incomplete_inventory_no_positive_record,observed_positive_partial_inventory_count_lower_bound,2015.0,17.44,19.2,5.49,49.09,816.33,100.52441822353327,4342.0,,12.0,"Includes term deposits; cash-flow-based measure, detailed vintage exclusions remain subject to audit",False,Pre-AASB15/1058,2017.0,9.49,21.44,109.71685971685972,12.0,False,Pre-AASB15/1058,2015,2017
coolamon,Coolamon,2017,0.0,0.0,0.0,verified_zero_mapped_burn_within_source_scope,100.0,Sentinel 2 (original mapping scope varies by year),no_listed_event_onset_not_physical_zero,no_listed_event_onset_not_physical_zero,2016.0,18.92,19.7067,8.4072,43.4,81.5556,139.23846402065183,4403.0,1338.67,12.0,"Includes term deposits; cash-flow-based measure, detailed vintage exclusions remain subject to audit",False,Pre-AASB15/1058,2018.0,4.44,21.09,123.989898989899,12.0,False,Pre-AASB15/1058,2016,2018
coolamon,Coolamon,2018,0.0,0.0,0.0,verified_zero_mapped_burn_within_source_scope,100.0,Sentinel 2 (original mapping scope varies by year),no_listed_event_onset_not_physical_zero,no_listed_event_onset_not_physical_zero,2017.0,9.49,21.44,9.74,47.89,547.62,109.71685971685972,4390.0,1338.67,12.0,"Includes term deposits; cash-flow-based measure, detailed vintage exclusions remain subject to audit",False,Pre-AASB15/1058,2019.0,3.63,25.54,122.6420986883198,12.0,False,AASB15/1058 and lease regime,2017,2019
coolamon,Coolamon,2019,0.0,0.0,0.0,verified_zero_mapped_burn_within_source_scope,10.0,Sentinel 2 (original mapping scope varies by year),no_listed_event_onset_not_physical_zero,no_listed_event_onset_not_physical_zero,2018.0,4.44,21.09,8.3,48.18,283.62,123.989898989899,4368.0,1400.01,12.0,"Includes term deposits; cash-flow-based measure, detailed vintage exclusions remain subject to audit",False,Pre-AASB15/1058,2020.0,8.72,24.89,107.72014475271412,12.0,False,AASB15/1058 and lease regime,2018,2020
coolamon,Coolamon,2020,458.27,0.0,0.0,mapped_burn_positive,10.0,Sentinel 2 (original mapping scope varies by year),no_listed_event_onset_not_physical_zero,no_listed_event_onset_not_physical_zero,2019.0,3.63,25.54,10.19,42.18,85.4,122.6420986883198,4341.0,1401.19,12.0,"Includes term deposits; cash-flow-based measure, detailed vintage exclusions remain subject to audit",False,AASB15/1058 and lease regime,2021.0,8.53,25.2972,109.39695550351288,12.0,False,AASB15/1058 and lease regime,2019,2021
coolamon,Coolamon,2021,98.29,0.0,0.0,mapped_burn_positive,10.0,Sentinel 2 (original mapping scope varies by year),no_listed_event_onset_not_physical_zero,no_listed_event_onset_not_physical_zero,2020.0,8.72,24.89,10.16,51.34,217.46,107.72014475271412,4291.0,1399.811,12.0,"Includes term deposits; cash-flow-based measure, detailed vintage exclusions remain subject to audit",False,AASB15/1058 and lease regime,2022.0,17.33,20.053,125.84493041749504,12.0,False,AASB15/1058 and lease regime,2020,2022
coolamon,Coolamon,2022,0.0,0.0,1.0,verified_zero_mapped_burn_within_source_scope,10.0,Sentinel 2 (original mapping scope varies by year),no_listed_event_onset_not_physical_zero,listed_event_onset,2021.0,8.53,25.2972,14.9749,46.41,252.8261,109.39695550351288,4401.0,1399.74,12.0,"Includes term deposits; cash-flow-based measure, detailed vintage exclusions remain subject to audit",False,AASB15/1058 and lease regime,2023.0,11.54,20.4353,96.45555955379632,12.0,False,AASB15/1058 and lease regime,2021,2023
coolamon,Coolamon,2023,179.48,0.0,0.0,mapped_burn_positive,10.0,Sentinel 2 (original mapping scope varies by year),no_listed_event_onset_not_physical_zero,no_listed_event_onset_not_physical_zero,2022.0,17.33,20.053,10.6571,44.97,133.2769,125.84493041749504,4465.0,1399.74,12.0,"Includes term deposits; cash-flow-based measure, detailed vintage exclusions remain subject to audit",False,AASB15/1058 and lease regime,2024.0,,,108.77264400569916,12.0,False,Six fiscal ratios not collected by OLG,2022,2024
coolamon,Coolamon,2024,,0.0,0.0,unknown_source_not_acquired,,Sentinel 2 (original mapping scope varies by year),no_listed_event_onset_not_physical_zero,no_listed_event_onset_not_physical_zero,2023.0,11.54,20.4353,10.5247,41.67,150.9216,96.45555955379632,4613.0,1399.74,12.0,"Includes term deposits; cash-flow-based measure, detailed vintage exclusions remain subject to audit",False,AASB15/1058 and lease regime,,,,,,,,2023,2025
coonamble,Coonamble,2012,6036.763876976683,1.0,0.0,observed_positive_mapped_burn_within_source_scope,100.0,Landsat,observed_positive_in_complete_published_list,no_listed_event_in_complete_published_list_not_physical_zero,,,,,,,,,,,,,,2013.0,-11.59,14.7274,136.95526315789473,12.0,False,Early OLG/TCorp definitions; revaluation exclusions described,2011,2013
coonamble,Coonamble,2013,775.8535942153862,,,observed_positive_mapped_burn_within_source_scope,100.0,Landsat,unknown_incomplete_inventory_no_positive_record,unknown_incomplete_inventory_no_positive_record,2012.0,-2.52,,5.4348,55.52,96.9535,93.05689488910318,4235.0,,12.0,Earlier measure excludes term deposits and uses different expense denominator; not converted,False,Early OLG/TCorp definitions; revaluation exclusions described,2014.0,4.95,16.6092,201.24223602484471,12.0,False,Pre-AASB15/1058,2012,2014
coonamble,Coonamble,2014,43.484930293893264,,,observed_positive_mapped_burn_within_source_scope,100.0,Landsat,unknown_incomplete_inventory_no_positive_record,unknown_incomplete_inventory_no_positive_record,2013.0,-11.59,14.7274,4.3695,71.37,304.0,136.95526315789473,4279.0,,12.0,"Includes term deposits; cash-flow-based measure, detailed vintage exclusions remain subject to audit",False,Early OLG/TCorp definitions; revaluation exclusions described,2015.0,8.29,20.1,182.1256038647343,12.0,False,Pre-AASB15/1058,2013,2015
coonamble,Coonamble,2015,484.1255828482679,,1.0,observed_positive_mapped_burn_within_source_scope,100.0,Landsat,unknown_incomplete_inventory_no_positive_record,observed_positive_partial_inventory_count_lower_bound,2014.0,4.95,16.6092,5.301699999999999,59.88,92.1587,201.24223602484471,4292.0,,12.0,"Includes term deposits; cash-flow-based measure, detailed vintage exclusions remain subject to audit",False,Pre-AASB15/1058,2016.0,18.25,19.9048,262.648401826484,12.0,False,Pre-AASB15/1058,2014,2016
coonamble,Coonamble,2016,44.69811425239962,,1.0,observed_positive_mapped_burn_within_source_scope,100.0,Landsat 8,unknown_incomplete_inventory_no_positive_record,observed_positive_partial_inventory_count_lower_bound,2015.0,8.29,20.1,7.7,57.16,121.78,182.1256038647343,4262.0,,12.0,"Includes term deposits; cash-flow-based measure, detailed vintage exclusions remain subject to audit",False,Pre-AASB15/1058,2017.0,8.0,18.39,172.4047306176084,12.0,False,Pre-AASB15/1058,2015,2017
coonamble,Coonamble,2017,0.0,0.0,0.0,verified_zero_mapped_burn_within_source_scope,100.0,Sentinel 2 (original mapping scope varies by year),no_listed_event_onset_not_physical_zero,no_listed_event_onset_not_physical_zero,2016.0,18.25,19.9048,6.1049,55.13,158.3621,262.648401826484,4082.0,1657.0400000000002,12.0,"Includes term deposits; cash-flow-based measure, detailed vintage exclusions remain subject to audit",False,Pre-AASB15/1058,2018.0,5.47,17.33,124.4077834179357,12.0,False,Pre-AASB15/1058,2016,2018
coonamble,Coonamble,2018,0.0,0.0,0.0,verified_zero_mapped_burn_within_source_scope,100.0,Sentinel 2 (original mapping scope varies by year),no_listed_event_onset_not_physical_zero,no_listed_event_onset_not_physical_zero,2017.0,8.0,18.39,5.13,61.58,131.98,172.4047306176084,4031.0,1657.0400000000002,12.0,"Includes term deposits; cash-flow-based measure, detailed vintage exclusions remain subject to audit",False,Pre-AASB15/1058,2019.0,-12.2,18.72,149.30747922437672,12.0,False,AASB15/1058 and lease regime,2017,2019
coonamble,Coonamble,2019,759.0999999999998,0.0,1.0,mapped_burn_positive,10.0,Sentinel 2 (original mapping scope varies by year),no_listed_event_onset_not_physical_zero,listed_event_onset,2018.0,5.47,17.33,7.28,51.04,133.73,124.4077834179357,4014.0,1657.0400000000002,12.0,"Includes term deposits; cash-flow-based measure, detailed vintage exclusions remain subject to audit",False,Pre-AASB15/1058,2020.0,7.5,20.3,106.64970930232558,12.0,False,AASB15/1058 and lease regime,2018,2020
coonamble,Coonamble,2020,0.0,0.0,1.0,verified_zero_mapped_burn_within_source_scope,10.0,Sentinel 2 (original mapping scope varies by year),no_listed_event_onset_not_physical_zero,listed_event_onset,2019.0,-12.2,18.72,8.0,53.33,68.98,149.30747922437672,3958.0,1657.0400000000002,12.0,"Includes term deposits; cash-flow-based measure, detailed vintage exclusions remain subject to audit",False,AASB15/1058 and lease regime,2021.0,13.33,24.2064,106.14098837209302,12.0,False,AASB15/1058 and lease regime,2019,2021
coonamble,Coonamble,2021,0.0,0.0,1.0,verified_zero_mapped_burn_within_source_scope,10.0,Sentinel 2 (original mapping scope varies by year),no_listed_event_onset_not_physical_zero,listed_event_onset,2020.0,7.5,20.3,7.74,49.16,138.84,106.64970930232558,3907.0,1818.41,12.0,"Includes term deposits; cash-flow-based measure, detailed vintage exclusions remain subject to audit",False,AASB15/1058 and lease regime,2022.0,13.87,20.006,161.2214312476583,12.0,False,AASB15/1058 and lease regime,2020,2022
coonamble,Coonamble,2022,1710.07,1.0,1.0,mapped_burn_positive,10.0,Sentinel 2 (original mapping scope varies by year),listed_event_onset,listed_event_onset,2021.0,13.33,24.2064,7.0875,52.2,112.9326,106.14098837209302,3834.0,1818.41,12.0,"Includes term deposits; cash-flow-based measure, detailed vintage exclusions remain subject to audit",False,AASB15/1058 and lease regime,2023.0,4.27,13.7603,120.74235807860262,12.0,False,AASB15/1058 and lease regime,2021,2023
coonamble,Coonamble,2023,532.69,0.0,0.0,mapped_burn_positive,10.0,Sentinel 2 (original mapping scope varies by year),no_listed_event_onset_not_physical_zero,no_listed_event_onset_not_physical_zero,2022.0,13.87,20.006,6.2078,50.6,102.8426,161.2214312476583,3825.0,1818.41,12.0,"Includes term deposits; cash-flow-based measure, detailed vintage exclusions remain subject to audit",False,AASB15/1058 and lease regime,2024.0,,,139.0185312285518,12.0,False,Six fiscal ratios not collected by OLG,2022,2024
coonamble,Coonamble,2024,,1.0,0.0,unknown_source_not_acquired,,Sentinel 2 (original mapping scope varies by year),listed_event_onset,no_listed_event_onset_not_physical_zero,2023.0,4.27,13.7603,5.3653,44.32,82.844,120.74235807860262,3871.0,1818.41,12.0,"Includes term deposits; cash-flow-based measure, detailed vintage exclusions remain subject to audit",False,AASB15/1058 and lease regime,,,,,,,,2023,2025
cowra,Cowra,2012,0.0,1.0,0.0,verified_zero_mapped_burn_within_source_scope,100.0,Landsat,observed_positive_in_complete_published_list,no_listed_event_in_complete_published_list_not_physical_zero,,,,,,,,,,,,,,2013.0,-8.04,7.6178,78.28000677162689,12.0,False,Early OLG/TCorp definitions; revaluation exclusions described,2011,2013
cowra,Cowra,2013,0.0,,,verified_zero_mapped_burn_within_source_scope,100.0,Landsat,unknown_incomplete_inventory_no_positive_record,unknown_incomplete_inventory_no_positive_record,2012.0,-5.65,,2.7696,71.85000000000001,1.3473,75.83361591499944,12622.0,,12.0,Earlier measure excludes term deposits and uses different expense denominator; not converted,False,Early OLG/TCorp definitions; revaluation exclusions described,2014.0,7.6,8.0129,134.44248567650948,12.0,False,Pre-AASB15/1058,2012,2014
cowra,Cowra,2014,0.0,,,verified_zero_mapped_burn_within_source_scope,100.0,Landsat,unknown_incomplete_inventory_no_positive_record,unknown_incomplete_inventory_no_positive_record,2013.0,-8.04,7.6178,3.0243,81.17,2.3772,78.28000677162689,12551.0,,12.0,"Includes term deposits; cash-flow-based measure, detailed vintage exclusions remain subject to audit",False,Early OLG/TCorp definitions; revaluation exclusions described,2015.0,4.45,9.22,95.0261461753618,12.0,False,Pre-AASB15/1058,2013,2015
cowra,Cowra,2015,0.0,,,verified_zero_mapped_burn_within_source_scope,100.0,Landsat,unknown_incomplete_inventory_no_positive_record,unknown_incomplete_inventory_no_positive_record,2014.0,7.6,8.0129,3.0087,79.95,3.9687,134.44248567650948,12574.0,,12.0,"Includes term deposits; cash-flow-based measure, detailed vintage exclusions remain subject to audit",False,Pre-AASB15/1058,2016.0,11.16,8.9314,105.35546139359698,12.0,False,Pre-AASB15/1058,2014,2016
cowra,Cowra,2016,0.0,,1.0,verified_zero_mapped_burn_within_source_scope,100.0,Landsat 8,unknown_incomplete_inventory_no_positive_record,observed_positive_partial_inventory_count_lower_bound,2015.0,4.45,9.22,2.53,76.93,3.83,95.0261461753618,12476.0,,12.0,"Includes term deposits; cash-flow-based measure, detailed vintage exclusions remain subject to audit",False,Pre-AASB15/1058,2017.0,8.14,10.6,108.84655837326166,12.0,False,Pre-AASB15/1058,2015,2017
cowra,Cowra,2017,0.0,0.0,0.0,verified_zero_mapped_burn_within_source_scope,100.0,Sentinel 2 (original mapping scope varies by year),no_listed_event_onset_not_physical_zero,no_listed_event_onset_not_physical_zero,2016.0,11.16,8.9314,3.9557,71.31,4.805400000000001,105.35546139359698,12673.0,1266.4699999999998,12.0,"Includes term deposits; cash-flow-based measure, detailed vintage exclusions remain subject to audit",False,Pre-AASB15/1058,2018.0,5.3,11.59,102.67414276471855,12.0,False,Pre-AASB15/1058,2016,2018
cowra,Cowra,2018,0.0,0.0,0.0,verified_zero_mapped_burn_within_source_scope,100.0,Sentinel 2 (original mapping scope varies by year),no_listed_event_onset_not_physical_zero,no_listed_event_onset_not_physical_zero,2017.0,8.14,10.6,4.07,77.73,4.13,108.84655837326166,12694.0,1267.86,12.0,"Includes term deposits; cash-flow-based measure, detailed vintage exclusions remain subject to audit",False,Pre-AASB15/1058,2019.0,3.01,11.97,100.16398819285013,12.0,False,AASB15/1058 and lease regime,2017,2019
cowra,Cowra,2019,0.0,0.0,0.0,verified_zero_mapped_burn_within_source_scope,10.0,Sentinel 2 (original mapping scope varies by year),no_listed_event_onset_not_physical_zero,no_listed_event_onset_not_physical_zero,2018.0,5.3,11.59,4.19,76.89,4.05,102.67414276471855,12767.0,1270.5299999999995,12.0,"Includes term deposits; cash-flow-based measure, detailed vintage exclusions remain subject to audit",False,Pre-AASB15/1058,2020.0,0.77,11.08,95.90398365679263,12.0,False,AASB15/1058 and lease regime,2018,2020
cowra,Cowra,2020,0.0,0.0,0.0,verified_zero_mapped_burn_within_source_scope,10.0,Sentinel 2 (original mapping scope varies by year),no_listed_event_onset_not_physical_zero,no_listed_event_onset_not_physical_zero,2019.0,3.01,11.97,4.21,72.72,4.06,100.16398819285013,12743.0,1270.29,12.0,"Includes term deposits; cash-flow-based measure, detailed vintage exclusions remain subject to audit",False,AASB15/1058 and lease regime,2021.0,6.5,13.652,95.0675550620026,12.0,False,AASB15/1058 and lease regime,2019,2021
cowra,Cowra,2021,0.0,0.0,1.0,verified_zero_mapped_burn_within_source_scope,10.0,Sentinel 2 (original mapping scope varies by year),no_listed_event_onset_not_physical_zero,listed_event_onset,2020.0,0.77,11.08,4.33,57.36,3.61,95.90398365679263,12730.0,1270.27,12.0,"Includes term deposits; cash-flow-based measure, detailed vintage exclusions remain subject to audit",False,AASB15/1058 and lease regime,2022.0,4.51,12.2345,109.27533583112492,12.0,False,AASB15/1058 and lease regime,2020,2022
cowra,Cowra,2022,574.74,1.0,1.0,mapped_burn_positive,10.0,Sentinel 2 (original mapping scope varies by year),listed_event_onset,listed_event_onset,2021.0,6.5,13.652,4.1572,57.74,4.6322,95.0675550620026,12753.0,1270.27,12.0,"Includes term deposits; cash-flow-based measure, detailed vintage exclusions remain subject to audit",False,AASB15/1058 and lease regime,2023.0,7.31,11.7596,109.109714986209,12.0,False,AASB15/1058 and lease regime,2021,2023
cowra,Cowra,2023,112.48,0.0,0.0,mapped_burn_positive,10.0,Sentinel 2 (original mapping scope varies by year),no_listed_event_onset_not_physical_zero,no_listed_event_onset_not_physical_zero,2022.0,4.51,12.2345,5.5145,64.06,4.8881,109.27533583112492,12705.0,1273.05,12.0,"Includes term deposits; cash-flow-based measure, detailed vintage exclusions remain subject to audit",False,AASB15/1058 and lease regime,2024.0,,,98.77055251073917,12.0,False,Six fiscal ratios not collected by OLG,2022,2024
cowra,Cowra,2024,,0.0,0.0,unknown_source_not_acquired,,Sentinel 2 (original mapping scope varies by year),no_listed_event_onset_not_physical_zero,no_listed_event_onset_not_physical_zero,2023.0,7.31,11.7596,4.4582,58.31000000000001,6.1253,109.109714986209,12680.0,1273.3,12.0,"Includes term deposits; cash-flow-based measure, detailed vintage exclusions remain subject to audit",False,AASB15/1058 and lease regime,,,,,,,,2023,2025
dungog,Dungog,2012,536.3251793717318,0.0,1.0,observed_positive_mapped_burn_within_source_scope,100.0,Landsat,no_listed_event_in_complete_published_list_not_physical_zero,observed_positive_in_complete_published_list,,,,,,,,,,,,,,2013.0,-10.23,7.6049,50.15828350334154,12.0,False,Early OLG/TCorp definitions; revaluation exclusions described,2011,2013
dungog,Dungog,2013,115.67304425852733,1.0,,observed_positive_mapped_burn_within_source_scope,100.0,Landsat,observed_positive_partial_inventory_count_lower_bound,unknown_incomplete_inventory_no_positive_record,2012.0,-0.05,,5.1145,39.66,10.1706,110.50632911392404,8696.0,,12.0,Earlier measure excludes term deposits and uses different expense denominator; not converted,False,Early OLG/TCorp definitions; revaluation exclusions described,2014.0,-28.79,9.9019,49.50547509713882,12.0,False,Pre-AASB15/1058,2012,2014
dungog,Dungog,2014,987.5751111373444,,1.0,observed_positive_mapped_burn_within_source_scope,100.0,Landsat,unknown_incomplete_inventory_no_positive_record,observed_positive_partial_inventory_count_lower_bound,2013.0,-10.23,7.6049,5.8671,55.74,3.3703,50.15828350334154,8884.0,,12.0,"Includes term deposits; cash-flow-based measure, detailed vintage exclusions remain subject to audit",False,Early OLG/TCorp definitions; revaluation exclusions described,2015.0,-10.07,9.38,59.91966468739085,12.0,False,Pre-AASB15/1058,2013,2015
dungog,Dungog,2015,0.0,,1.0,verified_zero_mapped_burn_within_source_scope,100.0,Landsat,unknown_incomplete_inventory_no_positive_record,observed_positive_partial_inventory_count_lower_bound,2014.0,-28.79,9.9019,4.7679,36.0,9.1912,49.50547509713882,9108.0,,12.0,"Includes term deposits; cash-flow-based measure, detailed vintage exclusions remain subject to audit",False,Pre-AASB15/1058,2016.0,-17.51,8.305900000000001,72.33050847457628,12.0,False,Pre-AASB15/1058,2014,2016
dungog,Dungog,2016,1109.9881812939964,1.0,,observed_positive_mapped_burn_within_source_scope,100.0,Landsat 8,observed_positive_partial_inventory_count_lower_bound,unknown_incomplete_inventory_no_positive_record,2015.0,-10.07,9.38,5.43,40.57,14.62,59.91966468739085,9195.0,,12.0,"Includes term deposits; cash-flow-based measure, detailed vintage exclusions remain subject to audit",False,Pre-AASB15/1058,2017.0,-21.84,10.19,74.7489539748954,12.0,False,Pre-AASB15/1058,2015,2017
dungog,Dungog,2017,1202.52,1.0,1.0,mapped_burn_positive,100.0,Sentinel 2 (original mapping scope varies by year),listed_event_onset,listed_event_onset,2016.0,-17.51,8.305900000000001,8.2407,40.49,11.5318,72.33050847457628,9114.0,725.1600000000001,12.0,"Includes term deposits; cash-flow-based measure, detailed vintage exclusions remain subject to audit",False,Pre-AASB15/1058,2018.0,-19.6,18.09,71.19246861924687,12.0,False,Pre-AASB15/1058,2016,2018
dungog,Dungog,2018,70.13,0.0,1.0,mapped_burn_positive,100.0,Sentinel 2 (original mapping scope varies by year),no_listed_event_onset_not_physical_zero,listed_event_onset,2017.0,-21.84,10.19,8.39,42.28,12.02,74.7489539748954,9188.0,726.9300000000001,12.0,"Includes term deposits; cash-flow-based measure, detailed vintage exclusions remain subject to audit",False,Pre-AASB15/1058,2019.0,-13.55,19.27,75.59766763848397,12.0,False,AASB15/1058 and lease regime,2017,2019
dungog,Dungog,2019,9472.56,1.0,1.0,mapped_burn_positive,10.0,Sentinel 2 (original mapping scope varies by year),listed_event_onset,listed_event_onset,2018.0,-19.6,18.09,4.97,47.82,11.47,71.19246861924687,9346.0,728.1600000000001,12.0,"Includes term deposits; cash-flow-based measure, detailed vintage exclusions remain subject to audit",False,Pre-AASB15/1058,2020.0,-13.91,17.45,73.08953341740227,12.0,False,AASB15/1058 and lease regime,2018,2020
dungog,Dungog,2020,0.0,0.0,1.0,verified_zero_mapped_burn_within_source_scope,10.0,Sentinel 2 (original mapping scope varies by year),no_listed_event_onset_not_physical_zero,listed_event_onset,2019.0,-13.55,19.27,6.52,47.93,8.33,75.59766763848397,9423.0,728.1600000000001,12.0,"Includes term deposits; cash-flow-based measure, detailed vintage exclusions remain subject to audit",False,AASB15/1058 and lease regime,2021.0,-23.44,15.0435,72.18771566597654,12.0,False,AASB15/1058 and lease regime,2019,2021
dungog,Dungog,2021,218.55,0.0,1.0,mapped_burn_positive,10.0,Sentinel 2 (original mapping scope varies by year),no_listed_event_onset_not_physical_zero,listed_event_onset,2020.0,-13.91,17.45,4.24,42.74,7.08,73.08953341740227,9664.0,728.1600000000001,12.0,"Includes term deposits; cash-flow-based measure, detailed vintage exclusions remain subject to audit",False,AASB15/1058 and lease regime,2022.0,-25.16,11.329,80.39900249376558,12.0,False,AASB15/1058 and lease regime,2020,2022
dungog,Dungog,2022,0.0,0.0,0.0,verified_zero_mapped_burn_within_source_scope,10.0,Sentinel 2 (original mapping scope varies by year),no_listed_event_onset_not_physical_zero,no_listed_event_onset_not_physical_zero,2021.0,-23.44,15.0435,2.245,37.6,2.6009,72.18771566597654,9525.0,730.76,12.0,"Includes term deposits; cash-flow-based measure, detailed vintage exclusions remain subject to audit",False,AASB15/1058 and lease regime,2023.0,-25.82,17.6194,58.43793584379358,12.0,False,AASB15/1058 and lease regime,2021,2023
dungog,Dungog,2023,1304.81,1.0,1.0,mapped_burn_positive,10.0,Sentinel 2 (original mapping scope varies by year),listed_event_onset,listed_event_onset,2022.0,-25.16,11.329,2.0613,31.99,2.1631,80.39900249376558,9722.0,730.76,12.0,"Includes term deposits; cash-flow-based measure, detailed vintage exclusions remain subject to audit",False,AASB15/1058 and lease regime,2024.0,,,30.22421524663677,12.0,False,Six fiscal ratios not collected by OLG,2022,2024
dungog,Dungog,2024,,0.0,1.0,unknown_source_not_acquired,,Sentinel 2 (original mapping scope varies by year),no_listed_event_onset_not_physical_zero,listed_event_onset,2023.0,-25.82,17.6194,2.3805,37.69,1.9942,58.43793584379358,9905.0,753.56,12.0,"Includes term deposits; cash-flow-based measure, detailed vintage exclusions remain subject to audit",False,AASB15/1058 and lease regime,,,,,,,,2023,2025
eurobodalla,Eurobodalla,2012,0.0,1.0,0.0,verified_zero_mapped_burn_within_source_scope,100.0,Landsat,observed_positive_in_complete_published_list,no_listed_event_in_complete_published_list_not_physical_zero,,,,,,,,,,,,,,2013.0,-0.3,10.5743,58.3506778421556,12.0,False,Early OLG/TCorp definitions; revaluation exclusions described,2011,2013
eurobodalla,Eurobodalla,2013,348.36625673822005,1.0,,observed_positive_mapped_burn_within_source_scope,100.0,Landsat,observed_positive_partial_inventory_count_lower_bound,unknown_incomplete_inventory_no_positive_record,2012.0,-4.82,,2.1503,72.81,3.0715,,37048.0,,12.0,Earlier measure excludes term deposits and uses different expense denominator; not converted,True,Early OLG/TCorp definitions; revaluation exclusions described,2014.0,4.69,12.2396,100.0,12.0,False,Pre-AASB15/1058,2012,2014
eurobodalla,Eurobodalla,2014,0.0,,1.0,verified_zero_mapped_burn_within_source_scope,100.0,Landsat,unknown_incomplete_inventory_no_positive_record,observed_positive_partial_inventory_count_lower_bound,2013.0,-0.3,10.5743,2.8512,78.97,1.7469,58.3506778421556,37234.0,,12.0,"Includes term deposits; cash-flow-based measure, detailed vintage exclusions remain subject to audit",False,Early OLG/TCorp definitions; revaluation exclusions described,2015.0,9.14,13.08,100.0,12.0,False,Pre-AASB15/1058,2013,2015
eurobodalla,Eurobodalla,2015,246.7546043232378,,1.0,observed_positive_mapped_burn_within_source_scope,100.0,Landsat,unknown_incomplete_inventory_no_positive_record,observed_positive_partial_inventory_count_lower_bound,2014.0,4.69,12.2396,3.0896,77.47,2.1978,100.0,37643.0,,12.0,"Includes term deposits; cash-flow-based measure, detailed vintage exclusions remain subject to audit",False,Pre-AASB15/1058,2016.0,9.7,14.6676,100.0,12.0,False,Pre-AASB15/1058,2014,2016
eurobodalla,Eurobodalla,2016,616.1504642720117,,,observed_positive_mapped_burn_within_source_scope,100.0,Landsat 8,unknown_incomplete_inventory_no_positive_record,unknown_incomplete_inventory_no_positive_record,2015.0,9.14,13.08,1.87,72.1,2.92,100.0,37882.0,,12.0,"Includes term deposits; cash-flow-based measure, detailed vintage exclusions remain subject to audit",False,Pre-AASB15/1058,2017.0,5.79,14.77,100.0,12.0,False,Pre-AASB15/1058,2015,2017
eurobodalla,Eurobodalla,2017,585.11,0.0,0.0,mapped_burn_positive,100.0,Sentinel 2 (original mapping scope varies by year),no_listed_event_onset_not_physical_zero,no_listed_event_onset_not_physical_zero,2016.0,9.7,14.6676,2.3812,71.32,3.4344,100.0,37968.0,1008.1,12.0,"Includes term deposits; cash-flow-based measure, detailed vintage exclusions remain subject to audit",False,Pre-AASB15/1058,2018.0,3.43,14.07,100.0,12.0,False,Pre-AASB15/1058,2016,2018
eurobodalla,Eurobodalla,2018,616.8,1.0,0.0,mapped_burn_positive,100.0,Sentinel 2 (original mapping scope varies by year),listed_event_onset,no_listed_event_onset_not_physical_zero,2017.0,5.79,14.77,2.51,74.52,3.34,100.0,38083.0,1010.01,12.0,"Includes term deposits; cash-flow-based measure, detailed vintage exclusions remain subject to audit",False,Pre-AASB15/1058,2019.0,8.51,16.78,98.65562403697996,12.0,False,AASB15/1058 and lease regime,2017,2019
eurobodalla,Eurobodalla,2019,262886.05,1.0,1.0,mapped_burn_positive,10.0,Sentinel 2 (original mapping scope varies by year),listed_event_onset,listed_event_onset,2018.0,3.43,14.07,1.96,68.91,3.37,100.0,38288.0,1014.498,12.0,"Includes term deposits; cash-flow-based measure, detailed vintage exclusions remain subject to audit",False,Pre-AASB15/1058,2020.0,-1.28,17.85,97.01586130579122,12.0,False,AASB15/1058 and lease regime,2018,2020
eurobodalla,Eurobodalla,2020,0.0,0.0,1.0,verified_zero_mapped_burn_within_source_scope,10.0,Sentinel 2 (original mapping scope varies by year),no_listed_event_onset_not_physical_zero,listed_event_onset,2019.0,8.51,16.78,3.47,71.47,4.52,98.65562403697996,38473.0,1018.63,12.0,"Includes term deposits; cash-flow-based measure, detailed vintage exclusions remain subject to audit",False,AASB15/1058 and lease regime,2021.0,6.14,16.1836,96.50718048639676,12.0,False,AASB15/1058 and lease regime,2019,2021
eurobodalla,Eurobodalla,2021,0.0,0.0,1.0,verified_zero_mapped_burn_within_source_scope,10.0,Sentinel 2 (original mapping scope varies by year),no_listed_event_onset_not_physical_zero,listed_event_onset,2020.0,-1.28,17.85,2.43,59.52,4.64,97.01586130579122,38952.0,1018.67,12.0,"Includes term deposits; cash-flow-based measure, detailed vintage exclusions remain subject to audit",False,AASB15/1058 and lease regime,2022.0,5.12,17.6921,93.86268548896848,12.0,False,AASB15/1058 and lease regime,2020,2022
eurobodalla,Eurobodalla,2022,0.0,0.0,1.0,verified_zero_mapped_burn_within_source_scope,10.0,Sentinel 2 (original mapping scope varies by year),no_listed_event_onset_not_physical_zero,listed_event_onset,2021.0,6.14,16.1836,3.6345,56.14,3.9937,96.50718048639676,40453.0,1019.252,12.0,"Includes term deposits; cash-flow-based measure, detailed vintage exclusions remain subject to audit",False,AASB15/1058 and lease regime,2023.0,-3.46,15.869,92.26347447331771,12.0,False,AASB15/1058 and lease regime,2021,2023
eurobodalla,Eurobodalla,2023,0.0,0.0,1.0,verified_zero_mapped_burn_within_source_scope,10.0,Sentinel 2 (original mapping scope varies by year),no_listed_event_onset_not_physical_zero,listed_event_onset,2022.0,5.12,17.6921,2.9413,55.33,5.0313,93.86268548896848,40755.0,1020.93,12.0,"Includes term deposits; cash-flow-based measure, detailed vintage exclusions remain subject to audit",False,AASB15/1058 and lease regime,2024.0,,,90.6990898276482,12.0,False,Six fiscal ratios not collected by OLG,2022,2024
eurobodalla,Eurobodalla,2024,,0.0,0.0,unknown_source_not_acquired,,Sentinel 2 (original mapping scope varies by year),no_listed_event_onset_not_physical_zero,no_listed_event_onset_not_physical_zero,2023.0,-3.46,15.869,2.9137,58.489999999999995,3.7341,92.26347447331771,41142.0,1023.71,12.0,"Includes term deposits; cash-flow-based measure, detailed vintage exclusions remain subject to audit",False,AASB15/1058 and lease regime,,,,,,,,2023,2025
fairfield,Fairfield,2012,0.0,0.0,0.0,verified_zero_mapped_burn_within_source_scope,100.0,Landsat,no_listed_event_in_complete_published_list_not_physical_zero,no_listed_event_in_complete_published_list_not_physical_zero,,,,,,,,,,,,,,2013.0,-4.9399999999999995,1.4593,93.15532286212914,12.0,False,Early OLG/TCorp definitions; revaluation exclusions described,2011,2013
fairfield,Fairfield,2013,0.0,,,verified_zero_mapped_burn_within_source_scope,100.0,Landsat,unknown_incomplete_inventory_no_positive_record,unknown_incomplete_inventory_no_positive_record,2012.0,0.99,,2.3095,71.07,15.7111,86.46969119329013,198335.0,,12.0,Earlier measure excludes term deposits and uses different expense denominator; not converted,False,Early OLG/TCorp definitions; revaluation exclusions described,2014.0,2.75,1.8195,95.38188277087032,12.0,False,Pre-AASB15/1058,2012,2014
fairfield,Fairfield,2014,0.0,,,verified_zero_mapped_burn_within_source_scope,100.0,Landsat,unknown_incomplete_inventory_no_positive_record,unknown_incomplete_inventory_no_positive_record,2013.0,-4.9399999999999995,1.4593,2.2212,84.68,14.8599,93.15532286212914,201427.0,,12.0,"Includes term deposits; cash-flow-based measure, detailed vintage exclusions remain subject to audit",False,Early OLG/TCorp definitions; revaluation exclusions described,2015.0,7.96,3.25,108.21484992101104,12.0,False,Pre-AASB15/1058,2013,2015
fairfield,Fairfield,2015,0.0,,1.0,verified_zero_mapped_burn_within_source_scope,100.0,Landsat,unknown_incomplete_inventory_no_positive_record,observed_positive_partial_inventory_count_lower_bound,2014.0,2.75,1.8195,2.5656,78.77,93.8174,95.38188277087032,203109.0,,12.0,"Includes term deposits; cash-flow-based measure, detailed vintage exclusions remain subject to audit",False,Pre-AASB15/1058,2016.0,11.37,4.9284,100.80594341812876,12.0,False,Pre-AASB15/1058,2014,2016
fairfield,Fairfield,2016,0.0,,,verified_zero_mapped_burn_within_source_scope,100.0,Landsat 8,unknown_incomplete_inventory_no_positive_record,unknown_incomplete_inventory_no_positive_record,2015.0,7.96,3.25,3.05,76.13,115.02,108.21484992101104,204442.0,,12.0,"Includes term deposits; cash-flow-based measure, detailed vintage exclusions remain subject to audit",False,Pre-AASB15/1058,2017.0,8.27,3.15,122.40582389646406,12.0,False,Pre-AASB15/1058,2015,2017
fairfield,Fairfield,2017,0.0,0.0,0.0,verified_zero_mapped_burn_within_source_scope,100.0,Sentinel 2 (original mapping scope varies by year),no_listed_event_onset_not_physical_zero,no_listed_event_onset_not_physical_zero,2016.0,11.37,4.9284,3.0936000000000003,77.03,146.26139999999998,100.80594341812876,206436.0,680.3,12.0,"Includes term deposits; cash-flow-based measure, detailed vintage exclusions remain subject to audit",False,Pre-AASB15/1058,2018.0,8.99,2.7,120.35855448898928,12.0,False,Pre-AASB15/1058,2016,2018
fairfield,Fairfield,2018,0.0,0.0,1.0,verified_zero_mapped_burn_within_source_scope,100.0,Sentinel 2 (original mapping scope varies by year),no_listed_event_onset_not_physical_zero,listed_event_onset,2017.0,8.27,3.15,2.82,82.61,123.88,122.40582389646406,208468.0,681.0699999999999,12.0,"Includes term deposits; cash-flow-based measure, detailed vintage exclusions remain subject to audit",False,Pre-AASB15/1058,2019.0,3.22,5.06,109.5040204588487,12.0,False,AASB15/1058 and lease regime,2017,2019
fairfield,Fairfield,2019,0.0,0.0,1.0,verified_zero_mapped_burn_within_source_scope,10.0,Sentinel 2 (original mapping scope varies by year),no_listed_event_onset_not_physical_zero,listed_event_onset,2018.0,8.99,2.7,1.93,81.55,175.24,120.35855448898928,210612.0,684.01,12.0,"Includes term deposits; cash-flow-based measure, detailed vintage exclusions remain subject to audit",False,Pre-AASB15/1058,2020.0,3.3,4.5,103.57473510955664,12.0,False,AASB15/1058 and lease regime,2018,2020
fairfield,Fairfield,2020,0.0,0.0,1.0,verified_zero_mapped_burn_within_source_scope,10.0,Sentinel 2 (original mapping scope varies by year),no_listed_event_onset_not_physical_zero,listed_event_onset,2019.0,3.22,5.06,1.91,77.25,50.79,109.5040204588487,211695.0,684.37,12.0,"Includes term deposits; cash-flow-based measure, detailed vintage exclusions remain subject to audit",False,AASB15/1058 and lease regime,2021.0,7.26,6.4708,79.5076441879904,12.0,False,AASB15/1058 and lease regime,2019,2021
fairfield,Fairfield,2021,0.0,0.0,1.0,verified_zero_mapped_burn_within_source_scope,10.0,Sentinel 2 (original mapping scope varies by year),no_listed_event_onset_not_physical_zero,listed_event_onset,2020.0,3.3,4.5,1.92,80.17,29.08,103.57473510955664,210825.0,685.2499999999999,12.0,"Includes term deposits; cash-flow-based measure, detailed vintage exclusions remain subject to audit",False,AASB15/1058 and lease regime,2022.0,5.5,4.3533,101.52519893899203,12.0,False,AASB15/1058 and lease regime,2020,2022
fairfield,Fairfield,2022,0.0,0.0,0.0,verified_zero_mapped_burn_within_source_scope,10.0,Sentinel 2 (original mapping scope varies by year),no_listed_event_onset_not_physical_zero,no_listed_event_onset_not_physical_zero,2021.0,7.26,6.4708,2.0146,78.04,28.298,79.5076441879904,209030.0,686.8,12.0,"Includes term deposits; cash-flow-based measure, detailed vintage exclusions remain subject to audit",False,AASB15/1058 and lease regime,2023.0,3.3099999999999996,5.1729,118.10126303260078,12.0,False,AASB15/1058 and lease regime,2021,2023
fairfield,Fairfield,2023,0.0,0.0,0.0,verified_zero_mapped_burn_within_source_scope,10.0,Sentinel 2 (original mapping scope varies by year),no_listed_event_onset_not_physical_zero,no_listed_event_onset_not_physical_zero,2022.0,5.5,4.3533,2.2964,77.17,27.6685,101.52519893899203,206807.0,687.0699999999999,12.0,"Includes term deposits; cash-flow-based measure, detailed vintage exclusions remain subject to audit",False,AASB15/1058 and lease regime,2024.0,,,107.97455668500604,12.0,False,Six fiscal ratios not collected by OLG,2022,2024
fairfield,Fairfield,2024,,0.0,0.0,unknown_source_not_acquired,,Sentinel 2 (original mapping scope varies by year),no_listed_event_onset_not_physical_zero,no_listed_event_onset_not_physical_zero,2023.0,3.3099999999999996,5.1729,2.0726,73.67,29.5217,118.10126303260078,212210.0,687.3659999999999,12.0,"Includes term deposits; cash-flow-based measure, detailed vintage exclusions remain subject to audit",False,AASB15/1058 and lease regime,,,,,,,,2023,2025
forbes,Forbes,2012,0.0,1.0,0.0,verified_zero_mapped_burn_within_source_scope,100.0,Landsat,observed_positive_in_complete_published_list,no_listed_event_in_complete_published_list_not_physical_zero,,,,,,,,,,,,,,2013.0,-10.99,16.9072,115.60616208975216,12.0,False,Early OLG/TCorp definitions; revaluation exclusions described,2011,2013
forbes,Forbes,2013,0.0,,,verified_zero_mapped_burn_within_source_scope,100.0,Landsat,unknown_incomplete_inventory_no_positive_record,unknown_incomplete_inventory_no_positive_record,2012.0,-5.220000000000001,,10.5462,61.6,3.4718,114.59148446490218,9526.0,,12.0,Earlier measure excludes term deposits and uses different expense denominator; not converted,False,Early OLG/TCorp definitions; revaluation exclusions described,2014.0,-3.12,14.3539,206.6089466089466,12.0,False,Pre-AASB15/1058,2012,2014
forbes,Forbes,2014,0.0,,,verified_zero_mapped_burn_within_source_scope,100.0,Landsat,unknown_incomplete_inventory_no_positive_record,unknown_incomplete_inventory_no_positive_record,2013.0,-10.99,16.9072,5.8009,73.49,2.8209,115.60616208975216,9664.0,,12.0,"Includes term deposits; cash-flow-based measure, detailed vintage exclusions remain subject to audit",False,Early OLG/TCorp definitions; revaluation exclusions described,2015.0,5.77,16.52,153.8829423821453,12.0,False,Pre-AASB15/1058,2013,2015
forbes,Forbes,2015,0.0,,,verified_zero_mapped_burn_within_source_scope,100.0,Landsat,unknown_incomplete_inventory_no_positive_record,unknown_incomplete_inventory_no_positive_record,2014.0,-3.12,14.3539,6.3260000000000005,78.75,2.8339,206.6089466089466,9759.0,,12.0,"Includes term deposits; cash-flow-based measure, detailed vintage exclusions remain subject to audit",False,Pre-AASB15/1058,2016.0,-0.46,15.3842,93.99212081418251,12.0,False,Pre-AASB15/1058,2014,2016
forbes,Forbes,2016,15.289093406253391,,1.0,observed_positive_mapped_burn_within_source_scope,100.0,Landsat 8,unknown_incomplete_inventory_no_positive_record,observed_positive_partial_inventory_count_lower_bound,2015.0,5.77,16.52,6.51,68.44,4.02,153.8829423821453,9754.0,,12.0,"Includes term deposits; cash-flow-based measure, detailed vintage exclusions remain subject to audit",False,Pre-AASB15/1058,2017.0,14.3,15.61,58.9488307478583,12.0,False,Pre-AASB15/1058,2015,2017
forbes,Forbes,2017,0.0,0.0,0.0,verified_zero_mapped_burn_within_source_scope,100.0,Sentinel 2 (original mapping scope varies by year),no_listed_event_onset_not_physical_zero,no_listed_event_onset_not_physical_zero,2016.0,-0.46,15.3842,7.4365,68.29,3.8235,93.99212081418251,9808.0,1869.17,12.0,"Includes term deposits; cash-flow-based measure, detailed vintage exclusions remain subject to audit",False,Pre-AASB15/1058,2018.0,-2.63,15.75,82.64522323571771,12.0,False,Pre-AASB15/1058,2016,2018
forbes,Forbes,2018,0.0,0.0,0.0,verified_zero_mapped_burn_within_source_scope,100.0,Sentinel 2 (original mapping scope varies by year),no_listed_event_onset_not_physical_zero,no_listed_event_onset_not_physical_zero,2017.0,14.3,15.61,7.25,61.66,5.63,58.9488307478583,9859.0,1869.17,12.0,"Includes term deposits; cash-flow-based measure, detailed vintage exclusions remain subject to audit",False,Pre-AASB15/1058,2019.0,-6.67,12.43,67.1867498799808,12.0,False,AASB15/1058 and lease regime,2017,2019
forbes,Forbes,2019,0.0,0.0,0.0,verified_zero_mapped_burn_within_source_scope,10.0,Sentinel 2 (original mapping scope varies by year),no_listed_event_onset_not_physical_zero,no_listed_event_onset_not_physical_zero,2018.0,-2.63,15.75,3.89,62.12,2.53,82.64522323571771,9910.0,1869.17,12.0,"Includes term deposits; cash-flow-based measure, detailed vintage exclusions remain subject to audit",False,Pre-AASB15/1058,2020.0,-13.87,15.08,66.91839495040577,12.0,False,AASB15/1058 and lease regime,2018,2020
forbes,Forbes,2020,0.0,0.0,0.0,verified_zero_mapped_burn_within_source_scope,10.0,Sentinel 2 (original mapping scope varies by year),no_listed_event_onset_not_physical_zero,no_listed_event_onset_not_physical_zero,2019.0,-6.67,12.43,3.03,69.9,2.75,67.1867498799808,9906.0,1869.17,12.0,"Includes term deposits; cash-flow-based measure, detailed vintage exclusions remain subject to audit",False,AASB15/1058 and lease regime,2021.0,-9.85,2.805,66.93960017014037,12.0,False,AASB15/1058 and lease regime,2019,2021
forbes,Forbes,2021,0.0,0.0,1.0,verified_zero_mapped_burn_within_source_scope,10.0,Sentinel 2 (original mapping scope varies by year),no_listed_event_onset_not_physical_zero,listed_event_onset,2020.0,-13.87,15.08,2.98,62.47,1.99,66.91839495040577,9920.0,1869.17,12.0,"Includes term deposits; cash-flow-based measure, detailed vintage exclusions remain subject to audit",False,AASB15/1058 and lease regime,2022.0,-1.73,1.8032,81.53219418354645,12.0,False,AASB15/1058 and lease regime,2020,2022
forbes,Forbes,2022,216.95,0.0,1.0,mapped_burn_positive,10.0,Sentinel 2 (original mapping scope varies by year),no_listed_event_onset_not_physical_zero,listed_event_onset,2021.0,-9.85,2.805,1.8272,58.06,2.3534,66.93960017014037,9383.0,1869.17,12.0,"Includes term deposits; cash-flow-based measure, detailed vintage exclusions remain subject to audit",False,AASB15/1058 and lease regime,2023.0,-1.95,2.9076,88.92106392106392,12.0,False,AASB15/1058 and lease regime,2021,2023
forbes,Forbes,2023,0.0,0.0,0.0,verified_zero_mapped_burn_within_source_scope,10.0,Sentinel 2 (original mapping scope varies by year),no_listed_event_onset_not_physical_zero,no_listed_event_onset_not_physical_zero,2022.0,-1.73,1.8032,2.4171,46.26,3.144,81.53219418354645,9339.0,1869.17,12.0,"Includes term deposits; cash-flow-based measure, detailed vintage exclusions remain subject to audit",False,AASB15/1058 and lease regime,2024.0,,,91.93666771521444,12.0,False,Six fiscal ratios not collected by OLG,2022,2024
forbes,Forbes,2024,,0.0,0.0,unknown_source_not_acquired,,Sentinel 2 (original mapping scope varies by year),no_listed_event_onset_not_physical_zero,no_listed_event_onset_not_physical_zero,2023.0,-1.95,2.9076,1.6739,56.82000000000001,2.7506,88.92106392106392,9295.0,1869.17,12.0,"Includes term deposits; cash-flow-based measure, detailed vintage exclusions remain subject to audit",False,AASB15/1058 and lease regime,,,,,,,,2023,2025
gilgandra,Gilgandra,2012,8706.957531844706,1.0,0.0,observed_positive_mapped_burn_within_source_scope,100.0,Landsat,observed_positive_in_complete_published_list,no_listed_event_in_complete_published_list_not_physical_zero,,,,,,,,,,,,,,2013.0,1.71,5.9917,88.4869976359338,12.0,False,Early OLG/TCorp definitions; revaluation exclusions described,2011,2013
gilgandra,Gilgandra,2013,0.0,,,verified_zero_mapped_burn_within_source_scope,100.0,Landsat,unknown_incomplete_inventory_no_positive_record,unknown_incomplete_inventory_no_positive_record,2012.0,-3.11,,3.3454,44.65,7.7452,78.95290712970271,4477.0,,12.0,Earlier measure excludes term deposits and uses different expense denominator; not converted,False,Early OLG/TCorp definitions; revaluation exclusions described,2014.0,-0.97,7.797000000000001,93.34768147133632,12.0,False,Pre-AASB15/1058,2012,2014
gilgandra,Gilgandra,2014,0.0,,,verified_zero_mapped_burn_within_source_scope,100.0,Landsat,unknown_incomplete_inventory_no_positive_record,unknown_incomplete_inventory_no_positive_record,2013.0,1.71,5.9917,3.031,76.46,1.494,88.4869976359338,4488.0,,12.0,"Includes term deposits; cash-flow-based measure, detailed vintage exclusions remain subject to audit",False,Early OLG/TCorp definitions; revaluation exclusions described,2015.0,9.64,8.51,88.40325060399736,12.0,False,Pre-AASB15/1058,2013,2015
gilgandra,Gilgandra,2015,0.0,,,verified_zero_mapped_burn_within_source_scope,100.0,Landsat,unknown_incomplete_inventory_no_positive_record,unknown_incomplete_inventory_no_positive_record,2014.0,-0.97,7.797000000000001,3.1653,70.02,8.215399999999999,93.34768147133632,4440.0,,12.0,"Includes term deposits; cash-flow-based measure, detailed vintage exclusions remain subject to audit",False,Pre-AASB15/1058,2016.0,19.35,9.7576,102.24625623960068,12.0,False,Pre-AASB15/1058,2014,2016
gilgandra,Gilgandra,2016,366.75837006294904,,1.0,observed_positive_mapped_burn_within_source_scope,100.0,Landsat 8,unknown_incomplete_inventory_no_positive_record,observed_positive_partial_inventory_count_lower_bound,2015.0,9.64,8.51,3.49,70.78,11.91,88.40325060399736,4368.0,,12.0,"Includes term deposits; cash-flow-based measure, detailed vintage exclusions remain subject to audit",False,Pre-AASB15/1058,2017.0,4.66,10.35,120.47063723448564,12.0,False,Pre-AASB15/1058,2015,2017
gilgandra,Gilgandra,2017,0.0,0.0,0.0,verified_zero_mapped_burn_within_source_scope,100.0,Sentinel 2 (original mapping scope varies by year),no_listed_event_onset_not_physical_zero,no_listed_event_onset_not_physical_zero,2016.0,19.35,9.7576,1.2744,63.5,18.3633,102.24625623960068,4309.0,1361.41,12.0,"Includes term deposits; cash-flow-based measure, detailed vintage exclusions remain subject to audit",False,Pre-AASB15/1058,2018.0,1.21,10.8,93.99794450154162,12.0,False,Pre-AASB15/1058,2016,2018
gilgandra,Gilgandra,2018,423.88,0.0,1.0,mapped_burn_positive,100.0,Sentinel 2 (original mapping scope varies by year),no_listed_event_onset_not_physical_zero,listed_event_onset,2017.0,4.66,10.35,3.57,62.39,8.49,120.47063723448564,4247.0,1308.662,12.0,"Includes term deposits; cash-flow-based measure, detailed vintage exclusions remain subject to audit",False,Pre-AASB15/1058,2019.0,7.22,14.08,90.9198345479614,12.0,False,AASB15/1058 and lease regime,2017,2019
gilgandra,Gilgandra,2019,0.0,0.0,1.0,verified_zero_mapped_burn_within_source_scope,10.0,Sentinel 2 (original mapping scope varies by year),no_listed_event_onset_not_physical_zero,listed_event_onset,2018.0,1.21,10.8,4.17,66.72,8.96,93.99794450154162,4226.0,1308.66,12.0,"Includes term deposits; cash-flow-based measure, detailed vintage exclusions remain subject to audit",False,Pre-AASB15/1058,2020.0,0.96,11.42,105.65855542680572,12.0,False,AASB15/1058 and lease regime,2018,2020
gilgandra,Gilgandra,2020,0.0,0.0,1.0,verified_zero_mapped_burn_within_source_scope,10.0,Sentinel 2 (original mapping scope varies by year),no_listed_event_onset_not_physical_zero,listed_event_onset,2019.0,7.22,14.08,4.04,70.23,9.9,90.9198345479614,4239.0,1303.61,12.0,"Includes term deposits; cash-flow-based measure, detailed vintage exclusions remain subject to audit",False,AASB15/1058 and lease regime,2021.0,6.18,11.1377,105.5301296720061,12.0,False,AASB15/1058 and lease regime,2019,2021
gilgandra,Gilgandra,2021,261.64,0.0,1.0,mapped_burn_positive,10.0,Sentinel 2 (original mapping scope varies by year),no_listed_event_onset_not_physical_zero,listed_event_onset,2020.0,0.96,11.42,3.86,63.97,7.0,105.65855542680572,4229.0,1303.61,12.0,"Includes term deposits; cash-flow-based measure, detailed vintage exclusions remain subject to audit",False,AASB15/1058 and lease regime,2022.0,7.42,10.925,93.01897218640632,12.0,False,AASB15/1058 and lease regime,2020,2022
gilgandra,Gilgandra,2022,588.75,0.0,1.0,mapped_burn_positive,10.0,Sentinel 2 (original mapping scope varies by year),no_listed_event_onset_not_physical_zero,listed_event_onset,2021.0,6.18,11.1377,3.2775,66.81,9.103,105.5301296720061,4319.0,1303.61,12.0,"Includes term deposits; cash-flow-based measure, detailed vintage exclusions remain subject to audit",False,AASB15/1058 and lease regime,2023.0,8.3,10.7062,154.09252669039145,12.0,False,AASB15/1058 and lease regime,2021,2023
gilgandra,Gilgandra,2023,0.0,0.0,0.0,verified_zero_mapped_burn_within_source_scope,10.0,Sentinel 2 (original mapping scope varies by year),no_listed_event_onset_not_physical_zero,no_listed_event_onset_not_physical_zero,2022.0,7.42,10.925,3.8366,53.84,7.3255,93.01897218640632,4299.0,1303.61,12.0,"Includes term deposits; cash-flow-based measure, detailed vintage exclusions remain subject to audit",False,AASB15/1058 and lease regime,2024.0,,,106.44320944772493,12.0,False,Six fiscal ratios not collected by OLG,2022,2024
gilgandra,Gilgandra,2024,,0.0,0.0,unknown_source_not_acquired,,Sentinel 2 (original mapping scope varies by year),no_listed_event_onset_not_physical_zero,no_listed_event_onset_not_physical_zero,2023.0,8.3,10.7062,4.8507,60.25,14.5389,154.09252669039145,4305.0,1303.61,12.0,"Includes term deposits; cash-flow-based measure, detailed vintage exclusions remain subject to audit",False,AASB15/1058 and lease regime,,,,,,,,2023,2025
gleninnessevern,Glen Innes Severn,2012,2379.4366341612936,0.0,1.0,observed_positive_mapped_burn_within_source_scope,100.0,Landsat,no_listed_event_in_complete_published_list_not_physical_zero,observed_positive_in_complete_published_list,,,,,,,,,,,,,,2013.0,-3.96,9.2378,97.11194981674792,12.0,False,Early OLG/TCorp definitions; revaluation exclusions described,2011,2013
gleninnessevern,Glen Innes Severn,2013,1239.713278683782,,,observed_positive_mapped_burn_within_source_scope,100.0,Landsat,unknown_incomplete_inventory_no_positive_record,unknown_incomplete_inventory_no_positive_record,2012.0,-4.54,,4.6672,44.68,3.335,74.2966142107773,8881.0,,12.0,Earlier measure excludes term deposits and uses different expense denominator; not converted,False,Early OLG/TCorp definitions; revaluation exclusions described,2014.0,2.74,11.3765,111.08939912066438,12.0,False,Pre-AASB15/1058,2012,2014
gleninnessevern,Glen Innes Severn,2014,8421.611448549762,,,observed_positive_mapped_burn_within_source_scope,100.0,Landsat,unknown_incomplete_inventory_no_positive_record,unknown_incomplete_inventory_no_positive_record,2013.0,-3.96,9.2378,4.1579,56.99999999999999,3.1645,97.11194981674792,8905.0,,12.0,"Includes term deposits; cash-flow-based measure, detailed vintage exclusions remain subject to audit",False,Early OLG/TCorp definitions; revaluation exclusions described,2015.0,6.76,8.75,100.02790178571428,12.0,False,Pre-AASB15/1058,2013,2015
gleninnessevern,Glen Innes Severn,2015,335.37773686186546,,,observed_positive_mapped_burn_within_source_scope,100.0,Landsat,unknown_incomplete_inventory_no_positive_record,unknown_incomplete_inventory_no_positive_record,2014.0,2.74,11.3765,3.2154000000000003,56.36,3.8644,111.08939912066438,8966.0,,12.0,"Includes term deposits; cash-flow-based measure, detailed vintage exclusions remain subject to audit",False,Pre-AASB15/1058,2016.0,12.84,9.9053,100.0,12.0,False,Pre-AASB15/1058,2014,2016
gleninnessevern,Glen Innes Severn,2016,294.5398876792933,,,observed_positive_mapped_burn_within_source_scope,100.0,Landsat 8,unknown_incomplete_inventory_no_positive_record,unknown_incomplete_inventory_no_positive_record,2015.0,6.76,8.75,3.76,58.0,3.41,100.02790178571428,8999.0,,12.0,"Includes term deposits; cash-flow-based measure, detailed vintage exclusions remain subject to audit",False,Pre-AASB15/1058,2017.0,7.74,9.77,100.0,12.0,False,Pre-AASB15/1058,2015,2017
gleninnessevern,Glen Innes Severn,2017,1284.77,0.0,0.0,mapped_burn_positive,100.0,Sentinel 2 (original mapping scope varies by year),no_listed_event_onset_not_physical_zero,no_listed_event_onset_not_physical_zero,2016.0,12.84,9.9053,5.1964999999999995,58.7,4.2956,100.0,8942.0,1167.39,12.0,"Includes term deposits; cash-flow-based measure, detailed vintage exclusions remain subject to audit",False,Pre-AASB15/1058,2018.0,0.73,12.35,102.36593059936908,12.0,False,Pre-AASB15/1058,2016,2018
gleninnessevern,Glen Innes Severn,2018,9506.37,1.0,0.0,mapped_burn_positive,100.0,Sentinel 2 (original mapping scope varies by year),listed_event_onset,no_listed_event_onset_not_physical_zero,2017.0,7.74,9.77,4.65,62.76,3.64,100.0,8919.0,1165.86,12.0,"Includes term deposits; cash-flow-based measure, detailed vintage exclusions remain subject to audit",False,Pre-AASB15/1058,2019.0,-1.97,8.21,102.29331823329558,12.0,False,AASB15/1058 and lease regime,2017,2019
gleninnessevern,Glen Innes Severn,2019,147908.3,1.0,1.0,mapped_burn_positive,10.0,Sentinel 2 (original mapping scope varies by year),listed_event_onset,listed_event_onset,2018.0,0.73,12.35,2.94,60.84,3.12,102.36593059936908,8908.0,1170.5100000000002,12.0,"Includes term deposits; cash-flow-based measure, detailed vintage exclusions remain subject to audit",False,Pre-AASB15/1058,2020.0,-4.81,12.56,116.91419141914191,12.0,False,AASB15/1058 and lease regime,2018,2020
gleninnessevern,Glen Innes Severn,2020,50.45,0.0,1.0,mapped_burn_positive,10.0,Sentinel 2 (original mapping scope varies by year),no_listed_event_onset_not_physical_zero,listed_event_onset,2019.0,-1.97,8.21,2.43,56.59,3.07,102.29331823329558,8871.0,1170.5000000000002,12.0,"Includes term deposits; cash-flow-based measure, detailed vintage exclusions remain subject to audit",False,AASB15/1058 and lease regime,2021.0,1.23,11.9695,153.5077288941736,12.0,False,AASB15/1058 and lease regime,2019,2021
gleninnessevern,Glen Innes Severn,2021,26.58,0.0,1.0,mapped_burn_positive,10.0,Sentinel 2 (original mapping scope varies by year),no_listed_event_onset_not_physical_zero,listed_event_onset,2020.0,-4.81,12.56,0.88,54.89,2.61,116.91419141914191,8873.0,1162.0000000000002,12.0,"Includes term deposits; cash-flow-based measure, detailed vintage exclusions remain subject to audit",False,AASB15/1058 and lease regime,2022.0,,,,12.0,False,AASB15/1058 and lease regime,2020,2022
gleninnessevern,Glen Innes Severn,2022,320.47,0.0,1.0,mapped_burn_positive,10.0,Sentinel 2 (original mapping scope varies by year),no_listed_event_onset_not_physical_zero,listed_event_onset,2021.0,1.23,11.9695,1.3011,45.8,3.3863,153.5077288941736,8922.0,1167.0000000000002,12.0,"Includes term deposits; cash-flow-based measure, detailed vintage exclusions remain subject to audit",False,AASB15/1058 and lease regime,2023.0,-11.16,11.2229,91.4574165156614,12.0,False,AASB15/1058 and lease regime,2021,2023
gleninnessevern,Glen Innes Severn,2023,3737.94,0.0,0.0,mapped_burn_positive,10.0,Sentinel 2 (original mapping scope varies by year),no_listed_event_onset_not_physical_zero,no_listed_event_onset_not_physical_zero,2022.0,,,,,,,8945.0,1167.0000000000002,12.0,"Includes term deposits; cash-flow-based measure, detailed vintage exclusions remain subject to audit",False,AASB15/1058 and lease regime,2024.0,,,80.4548862784304,12.0,False,Six fiscal ratios not collected by OLG,2022,2024
gleninnessevern,Glen Innes Severn,2024,,0.0,1.0,unknown_source_not_acquired,,Sentinel 2 (original mapping scope varies by year),no_listed_event_onset_not_physical_zero,listed_event_onset,2023.0,-11.16,11.2229,2.6357,39.09,2.8855,91.4574165156614,8978.0,1164.4,12.0,"Includes term deposits; cash-flow-based measure, detailed vintage exclusions remain subject to audit",False,AASB15/1058 and lease regime,,,,,,,,2023,2025
goulburnmulwaree,Goulburn Mulwaree,2012,0.0,1.0,1.0,verified_zero_mapped_burn_within_source_scope,100.0,Landsat,observed_positive_in_complete_published_list,observed_positive_in_complete_published_list,,,,,,,,,,,,,,2013.0,-7.98,21.9405,83.86907095256763,12.0,False,Early OLG/TCorp definitions; revaluation exclusions described,2011,2013
goulburnmulwaree,Goulburn Mulwaree,2013,519.3611917290865,,,observed_positive_mapped_burn_within_source_scope,100.0,Landsat,unknown_incomplete_inventory_no_positive_record,unknown_incomplete_inventory_no_positive_record,2012.0,-9.03,,5.2857,65.86999999999999,3.8603,77.61194029850746,28721.0,,12.0,Earlier measure excludes term deposits and uses different expense denominator; not converted,False,Early OLG/TCorp definitions; revaluation exclusions described,2014.0,0.25,24.6756,89.1877729257642,12.0,False,Pre-AASB15/1058,2012,2014
goulburnmulwaree,Goulburn Mulwaree,2014,0.0,,,verified_zero_mapped_burn_within_source_scope,100.0,Landsat,unknown_incomplete_inventory_no_positive_record,unknown_incomplete_inventory_no_positive_record,2013.0,-7.98,21.9405,6.1619,80.96,3.9961,83.86907095256763,29230.0,,12.0,"Includes term deposits; cash-flow-based measure, detailed vintage exclusions remain subject to audit",False,Early OLG/TCorp definitions; revaluation exclusions described,2015.0,6.2,26.48,98.0411361410382,12.0,False,Pre-AASB15/1058,2013,2015
goulburnmulwaree,Goulburn Mulwaree,2015,0.0,,,verified_zero_mapped_burn_within_source_scope,100.0,Landsat,unknown_incomplete_inventory_no_positive_record,unknown_incomplete_inventory_no_positive_record,2014.0,0.25,24.6756,5.5028999999999995,74.11,5.0835,89.1877729257642,29376.0,,12.0,"Includes term deposits; cash-flow-based measure, detailed vintage exclusions remain subject to audit",False,Pre-AASB15/1058,2016.0,7.86,24.4674,99.916394950255,12.0,False,Pre-AASB15/1058,2014,2016
goulburnmulwaree,Goulburn Mulwaree,2016,80.13283661748102,1.0,,observed_positive_mapped_burn_within_source_scope,100.0,Landsat 8,observed_positive_partial_inventory_count_lower_bound,unknown_incomplete_inventory_no_positive_record,2015.0,6.2,26.48,4.94,75.98,5.38,98.0411361410382,29550.0,,12.0,"Includes term deposits; cash-flow-based measure, detailed vintage exclusions remain subject to audit",False,Pre-AASB15/1058,2017.0,9.35,17.85,96.47251206977108,12.0,False,Pre-AASB15/1058,2015,2017
goulburnmulwaree,Goulburn Mulwaree,2017,526.48,0.0,0.0,mapped_burn_positive,100.0,Sentinel 2 (original mapping scope varies by year),no_listed_event_onset_not_physical_zero,no_listed_event_onset_not_physical_zero,2016.0,7.86,24.4674,3.5595,60.96,5.7028,99.916394950255,30150.0,1161.2856399999998,12.0,"Includes term deposits; cash-flow-based measure, detailed vintage exclusions remain subject to audit",False,Pre-AASB15/1058,2018.0,6.21,22.14,101.79675994108985,12.0,False,Pre-AASB15/1058,2016,2018
goulburnmulwaree,Goulburn Mulwaree,2018,0.0,0.0,1.0,verified_zero_mapped_burn_within_source_scope,100.0,Sentinel 2 (original mapping scope varies by year),no_listed_event_onset_not_physical_zero,listed_event_onset,2017.0,9.35,17.85,3.49,53.37,2.07,96.47251206977108,30556.0,1166.98,12.0,"Includes term deposits; cash-flow-based measure, detailed vintage exclusions remain subject to audit",False,Pre-AASB15/1058,2019.0,7.93,22.79,134.9207424468229,12.0,False,AASB15/1058 and lease regime,2017,2019
goulburnmulwaree,Goulburn Mulwaree,2019,17346.48,1.0,1.0,mapped_burn_positive,10.0,Sentinel 2 (original mapping scope varies by year),listed_event_onset,listed_event_onset,2018.0,6.21,22.14,3.36,70.33,7.29,101.79675994108985,30852.0,1176.4337503999998,12.0,"Includes term deposits; cash-flow-based measure, detailed vintage exclusions remain subject to audit",False,Pre-AASB15/1058,2020.0,5.8,24.06,104.9068873780668,12.0,False,AASB15/1058 and lease regime,2018,2020
goulburnmulwaree,Goulburn Mulwaree,2020,0.0,0.0,1.0,verified_zero_mapped_burn_within_source_scope,10.0,Sentinel 2 (original mapping scope varies by year),no_listed_event_onset_not_physical_zero,listed_event_onset,2019.0,7.93,22.79,3.81,61.86,7.84,134.9207424468229,31132.0,1187.7525101,12.0,"Includes term deposits; cash-flow-based measure, detailed vintage exclusions remain subject to audit",False,AASB15/1058 and lease regime,2021.0,6.16,22.2727,96.55172413793105,12.0,False,AASB15/1058 and lease regime,2019,2021
goulburnmulwaree,Goulburn Mulwaree,2021,0.0,0.0,1.0,verified_zero_mapped_burn_within_source_scope,10.0,Sentinel 2 (original mapping scope varies by year),no_listed_event_onset_not_physical_zero,listed_event_onset,2020.0,5.8,24.06,2.69,55.3,8.71,104.9068873780668,31554.0,1187.91,12.0,"Includes term deposits; cash-flow-based measure, detailed vintage exclusions remain subject to audit",False,AASB15/1058 and lease regime,2022.0,1.17,26.4739,49.20765589627495,12.0,False,AASB15/1058 and lease regime,2020,2022
goulburnmulwaree,Goulburn Mulwaree,2022,198.43,0.0,1.0,mapped_burn_positive,10.0,Sentinel 2 (original mapping scope varies by year),no_listed_event_onset_not_physical_zero,listed_event_onset,2021.0,6.16,22.2727,2.6866,52.58,7.0551,96.55172413793105,32138.0,1189.84,12.0,"Includes term deposits; cash-flow-based measure, detailed vintage exclusions remain subject to audit",False,AASB15/1058 and lease regime,2023.0,-4.49,22.0572,45.02479215598554,12.0,False,AASB15/1058 and lease regime,2021,2023
goulburnmulwaree,Goulburn Mulwaree,2023,0.0,0.0,1.0,verified_zero_mapped_burn_within_source_scope,10.0,Sentinel 2 (original mapping scope varies by year),no_listed_event_onset_not_physical_zero,listed_event_onset,2022.0,1.17,26.4739,3.1029,61.64,6.9764,49.20765589627495,32428.0,1189.84,12.0,"Includes term deposits; cash-flow-based measure, detailed vintage exclusions remain subject to audit",False,AASB15/1058 and lease regime,2024.0,,,50.708616780045354,12.0,False,Six fiscal ratios not collected by OLG,2022,2024
goulburnmulwaree,Goulburn Mulwaree,2024,,0.0,0.0,unknown_source_not_acquired,,Sentinel 2 (original mapping scope varies by year),no_listed_event_onset_not_physical_zero,no_listed_event_onset_not_physical_zero,2023.0,-4.49,22.0572,2.5315,64.93,6.5841,45.02479215598554,33112.0,1190.71,12.0,"Includes term deposits; cash-flow-based measure, detailed vintage exclusions remain subject to audit",False,AASB15/1058 and lease regime,,,,,,,,2023,2025
greaterhume,Greater Hume,2012,0.0,1.0,0.0,verified_zero_mapped_burn_within_source_scope,100.0,Landsat,observed_positive_in_complete_published_list,no_listed_event_in_complete_published_list_not_physical_zero,,,,,,,,,,,,,,2013.0,-15.52,10.1575,95.89802568525973,12.0,False,Early OLG/TCorp definitions; revaluation exclusions described,2011,2013
greaterhume,Greater Hume,2013,4725.1720113495,1.0,,observed_positive_mapped_burn_within_source_scope,100.0,Landsat,observed_positive_partial_inventory_count_lower_bound,unknown_incomplete_inventory_no_positive_record,2012.0,-8.94,,7.1922,47.620000000000005,7.7465,59.9025365487942,10137.0,,12.0,Earlier measure excludes term deposits and uses different expense denominator; not converted,False,Early OLG/TCorp definitions; revaluation exclusions described,2014.0,-4.18,12.438,98.6127720640995,12.0,False,Pre-AASB15/1058,2012,2014
greaterhume,Greater Hume,2014,886.8589812624388,,,observed_positive_mapped_burn_within_source_scope,100.0,Landsat,unknown_incomplete_inventory_no_positive_record,unknown_incomplete_inventory_no_positive_record,2013.0,-15.52,10.1575,7.4854,56.67,4.2892,95.89802568525973,10176.0,,12.0,"Includes term deposits; cash-flow-based measure, detailed vintage exclusions remain subject to audit",False,Early OLG/TCorp definitions; revaluation exclusions described,2015.0,5.17,9.53,,12.0,True,Pre-AASB15/1058,2013,2015
greaterhume,Greater Hume,2015,0.0,,,verified_zero_mapped_burn_within_source_scope,100.0,Landsat,unknown_incomplete_inventory_no_positive_record,unknown_incomplete_inventory_no_positive_record,2014.0,-4.18,12.438,4.8016000000000005,57.97,7.6947,98.6127720640995,10258.0,,12.0,"Includes term deposits; cash-flow-based measure, detailed vintage exclusions remain subject to audit",False,Pre-AASB15/1058,2016.0,12.99,12.9646,144.99156829679595,12.0,False,Pre-AASB15/1058,2014,2016
greaterhume,Greater Hume,2016,118.3555701331145,,1.0,observed_positive_mapped_burn_within_source_scope,100.0,Landsat 8,unknown_incomplete_inventory_no_positive_record,observed_positive_partial_inventory_count_lower_bound,2015.0,5.17,9.53,6.09,52.84,9.26,,10378.0,,12.0,"Includes term deposits; cash-flow-based measure, detailed vintage exclusions remain subject to audit",True,Pre-AASB15/1058,2017.0,8.08,11.32,99.57607159679698,12.0,False,Pre-AASB15/1058,2015,2017
greaterhume,Greater Hume,2017,0.0,0.0,0.0,verified_zero_mapped_burn_within_source_scope,100.0,Sentinel 2 (original mapping scope varies by year),no_listed_event_onset_not_physical_zero,no_listed_event_onset_not_physical_zero,2016.0,12.99,12.9646,5.467899999999999,48.54,13.1534,144.99156829679595,10509.0,2075.98,12.0,"Includes term deposits; cash-flow-based measure, detailed vintage exclusions remain subject to audit",False,Pre-AASB15/1058,2018.0,-0.64,12.24,109.8085007006072,12.0,False,Pre-AASB15/1058,2016,2018
greaterhume,Greater Hume,2018,0.0,0.0,0.0,verified_zero_mapped_burn_within_source_scope,100.0,Sentinel 2 (original mapping scope varies by year),no_listed_event_onset_not_physical_zero,no_listed_event_onset_not_physical_zero,2017.0,8.08,11.32,4.96,47.71,12.39,99.57607159679698,10602.0,2077.15,12.0,"Includes term deposits; cash-flow-based measure, detailed vintage exclusions remain subject to audit",False,Pre-AASB15/1058,2019.0,-10.51,10.76,103.10122878876535,12.0,False,AASB15/1058 and lease regime,2017,2019
greaterhume,Greater Hume,2019,29561.55,1.0,0.0,mapped_burn_positive,10.0,Sentinel 2 (original mapping scope varies by year),listed_event_onset,no_listed_event_onset_not_physical_zero,2018.0,-0.64,12.24,5.24,55.26,10.24,109.8085007006072,10686.0,2091.2,12.0,"Includes term deposits; cash-flow-based measure, detailed vintage exclusions remain subject to audit",False,Pre-AASB15/1058,2020.0,0.04,7.59,105.92193808882908,12.0,False,AASB15/1058 and lease regime,2018,2020
greaterhume,Greater Hume,2020,17.81,0.0,1.0,mapped_burn_positive,10.0,Sentinel 2 (original mapping scope varies by year),no_listed_event_onset_not_physical_zero,listed_event_onset,2019.0,-10.51,10.76,5.11,49.66,7.12,103.10122878876535,10764.0,2080.57,12.0,"Includes term deposits; cash-flow-based measure, detailed vintage exclusions remain subject to audit",False,AASB15/1058 and lease regime,2021.0,-0.41,10.5928,138.8327355722204,12.0,False,AASB15/1058 and lease regime,2019,2021
greaterhume,Greater Hume,2021,0.0,0.0,1.0,verified_zero_mapped_burn_within_source_scope,10.0,Sentinel 2 (original mapping scope varies by year),no_listed_event_onset_not_physical_zero,listed_event_onset,2020.0,0.04,7.59,4.28,38.65,11.74,105.92193808882908,10841.0,2082.7000000000003,12.0,"Includes term deposits; cash-flow-based measure, detailed vintage exclusions remain subject to audit",False,AASB15/1058 and lease regime,2022.0,8.49,11.2159,175.96996245306633,12.0,False,AASB15/1058 and lease regime,2020,2022
greaterhume,Greater Hume,2022,49.24,0.0,1.0,mapped_burn_positive,10.0,Sentinel 2 (original mapping scope varies by year),no_listed_event_onset_not_physical_zero,listed_event_onset,2021.0,-0.41,10.5928,4.952,43.22,12.2494,138.8327355722204,11105.0,2084.21,12.0,"Includes term deposits; cash-flow-based measure, detailed vintage exclusions remain subject to audit",False,AASB15/1058 and lease regime,2023.0,-4.35,8.932,187.74952146568225,12.0,False,AASB15/1058 and lease regime,2021,2023
greaterhume,Greater Hume,2023,29.83,0.0,0.0,mapped_burn_positive,10.0,Sentinel 2 (original mapping scope varies by year),no_listed_event_onset_not_physical_zero,no_listed_event_onset_not_physical_zero,2022.0,8.49,11.2159,5.259,43.04,12.4253,175.96996245306633,11267.0,2084.21,12.0,"Includes term deposits; cash-flow-based measure, detailed vintage exclusions remain subject to audit",False,AASB15/1058 and lease regime,2024.0,,,159.35819601040762,12.0,False,Six fiscal ratios not collected by OLG,2022,2024
greaterhume,Greater Hume,2024,,0.0,0.0,unknown_source_not_acquired,,Sentinel 2 (original mapping scope varies by year),no_listed_event_onset_not_physical_zero,no_listed_event_onset_not_physical_zero,2023.0,-4.35,8.932,3.353,40.35,13.4935,187.74952146568225,11582.0,2081.93,12.0,"Includes term deposits; cash-flow-based measure, detailed vintage exclusions remain subject to audit",False,AASB15/1058 and lease regime,,,,,,,,2023,2025
griffith,Griffith,2012,0.0,1.0,0.0,verified_zero_mapped_burn_within_source_scope,100.0,Landsat,observed_positive_in_complete_published_list,no_listed_event_in_complete_published_list_not_physical_zero,,,,,,,,,,,,,,2013.0,3.83,6.1951,114.97541350022352,12.0,False,Early OLG/TCorp definitions; revaluation exclusions described,2011,2013
griffith,Griffith,2013,0.0,,,verified_zero_mapped_burn_within_source_scope,100.0,Landsat,unknown_incomplete_inventory_no_positive_record,unknown_incomplete_inventory_no_positive_record,2012.0,9.32,,1.8776,62.84,3.5032,103.76866967697116,25489.0,,12.0,Earlier measure excludes term deposits and uses different expense denominator; not converted,False,Early OLG/TCorp definitions; revaluation exclusions described,2014.0,6.5,7.0104999999999995,100.59096665259604,12.0,False,Pre-AASB15/1058,2012,2014
griffith,Griffith,2014,0.0,,,verified_zero_mapped_burn_within_source_scope,100.0,Landsat,unknown_incomplete_inventory_no_positive_record,unknown_incomplete_inventory_no_positive_record,2013.0,3.83,6.1951,2.1628,77.51,2.7831,114.97541350022352,25425.0,,12.0,"Includes term deposits; cash-flow-based measure, detailed vintage exclusions remain subject to audit",False,Early OLG/TCorp definitions; revaluation exclusions described,2015.0,10.81,6.47,100.08397480755774,12.0,False,Pre-AASB15/1058,2013,2015
griffith,Griffith,2015,0.0,,,verified_zero_mapped_burn_within_source_scope,100.0,Landsat,unknown_incomplete_inventory_no_positive_record,unknown_incomplete_inventory_no_positive_record,2014.0,6.5,7.0104999999999995,3.0447,76.42,4.9444,100.59096665259604,25811.0,,12.0,"Includes term deposits; cash-flow-based measure, detailed vintage exclusions remain subject to audit",False,Pre-AASB15/1058,2016.0,15.06,7.0846,100.0,12.0,False,Pre-AASB15/1058,2014,2016
griffith,Griffith,2016,202.44558386750816,,1.0,observed_positive_mapped_burn_within_source_scope,100.0,Landsat 8,unknown_incomplete_inventory_no_positive_record,observed_positive_partial_inventory_count_lower_bound,2015.0,10.81,6.47,3.19,71.65,6.12,100.08397480755774,25986.0,,12.0,"Includes term deposits; cash-flow-based measure, detailed vintage exclusions remain subject to audit",False,Pre-AASB15/1058,2017.0,10.65,8.55,100.0,12.0,False,Pre-AASB15/1058,2015,2017
griffith,Griffith,2017,0.0,0.0,0.0,verified_zero_mapped_burn_within_source_scope,100.0,Sentinel 2 (original mapping scope varies by year),no_listed_event_onset_not_physical_zero,no_listed_event_onset_not_physical_zero,2016.0,15.06,7.0846,2.5266,74.31,7.9501,100.0,26422.0,1288.29,12.0,"Includes term deposits; cash-flow-based measure, detailed vintage exclusions remain subject to audit",False,Pre-AASB15/1058,2018.0,6.3,11.41,106.55152726234655,12.0,False,Pre-AASB15/1058,2016,2018
griffith,Griffith,2018,0.0,0.0,0.0,verified_zero_mapped_burn_within_source_scope,100.0,Sentinel 2 (original mapping scope varies by year),no_listed_event_onset_not_physical_zero,no_listed_event_onset_not_physical_zero,2017.0,10.65,8.55,2.86,79.77,8.2,100.0,26586.0,1289.74,12.0,"Includes term deposits; cash-flow-based measure, detailed vintage exclusions remain subject to audit",False,Pre-AASB15/1058,2019.0,4.96,14.23,100.48910005589715,12.0,False,AASB15/1058 and lease regime,2017,2019
griffith,Griffith,2019,0.0,0.0,0.0,verified_zero_mapped_burn_within_source_scope,10.0,Sentinel 2 (original mapping scope varies by year),no_listed_event_onset_not_physical_zero,no_listed_event_onset_not_physical_zero,2018.0,6.3,11.41,2.41,76.44,7.32,106.55152726234655,26882.0,1289.74,12.0,"Includes term deposits; cash-flow-based measure, detailed vintage exclusions remain subject to audit",False,Pre-AASB15/1058,2020.0,3.96,18.55,100.48910005589715,12.0,False,AASB15/1058 and lease regime,2018,2020
griffith,Griffith,2020,0.0,0.0,0.0,verified_zero_mapped_burn_within_source_scope,10.0,Sentinel 2 (original mapping scope varies by year),no_listed_event_onset_not_physical_zero,no_listed_event_onset_not_physical_zero,2019.0,4.96,14.23,2.8,76.92,7.0,100.48910005589715,27029.0,1290.57,12.0,"Includes term deposits; cash-flow-based measure, detailed vintage exclusions remain subject to audit",False,AASB15/1058 and lease regime,2021.0,5.35,15.3818,100.48910005589715,12.0,False,AASB15/1058 and lease regime,2019,2021
griffith,Griffith,2021,43.83,0.0,1.0,mapped_burn_positive,10.0,Sentinel 2 (original mapping scope varies by year),no_listed_event_onset_not_physical_zero,listed_event_onset,2020.0,3.96,18.55,2.39,67.3,5.67,100.48910005589715,27155.0,1270.6799999999998,12.0,"Includes term deposits; cash-flow-based measure, detailed vintage exclusions remain subject to audit",False,AASB15/1058 and lease regime,2022.0,5.68,12.4198,102.61780104712042,12.0,False,AASB15/1058 and lease regime,2020,2022
griffith,Griffith,2022,89.32000000000001,0.0,1.0,mapped_burn_positive,10.0,Sentinel 2 (original mapping scope varies by year),no_listed_event_onset_not_physical_zero,listed_event_onset,2021.0,5.35,15.3818,2.1857,61.82,5.2307,100.48910005589715,27182.0,1207.0159999999998,12.0,"Includes term deposits; cash-flow-based measure, detailed vintage exclusions remain subject to audit",False,AASB15/1058 and lease regime,2023.0,0.5,10.5784,127.4876965550354,12.0,False,AASB15/1058 and lease regime,2021,2023
griffith,Griffith,2023,0.0,0.0,0.0,verified_zero_mapped_burn_within_source_scope,10.0,Sentinel 2 (original mapping scope varies by year),no_listed_event_onset_not_physical_zero,no_listed_event_onset_not_physical_zero,2022.0,5.68,12.4198,2.2367,61.59,5.3719,102.61780104712042,27014.0,1273.4,12.0,"Includes term deposits; cash-flow-based measure, detailed vintage exclusions remain subject to audit",False,AASB15/1058 and lease regime,2024.0,,,119.21320688443976,12.0,False,Six fiscal ratios not collected by OLG,2022,2024
griffith,Griffith,2024,,0.0,0.0,unknown_source_not_acquired,,Sentinel 2 (original mapping scope varies by year),no_listed_event_onset_not_physical_zero,no_listed_event_onset_not_physical_zero,2023.0,0.5,10.5784,1.3431,64.5,4.5061,127.4876965550354,27340.0,1280.13,12.0,"Includes term deposits; cash-flow-based measure, detailed vintage exclusions remain subject to audit",False,AASB15/1058 and lease regime,,,,,,,,2023,2025
gunnedah,Gunnedah,2012,0.0,1.0,1.0,verified_zero_mapped_burn_within_source_scope,100.0,Landsat,observed_positive_in_complete_published_list,observed_positive_in_complete_published_list,,,,,,,,,,,,,,2013.0,10.31,19.9973,95.26553672316383,12.0,False,Early OLG/TCorp definitions; revaluation exclusions described,2011,2013
gunnedah,Gunnedah,2013,154.82944743920893,,,observed_positive_mapped_burn_within_source_scope,100.0,Landsat,unknown_incomplete_inventory_no_positive_record,unknown_incomplete_inventory_no_positive_record,2012.0,6.93,,4.9871,59.5,18.5588,103.39511519140828,12598.0,,12.0,Earlier measure excludes term deposits and uses different expense denominator; not converted,False,Early OLG/TCorp definitions; revaluation exclusions described,2014.0,11.74,21.9932,98.89514731369152,12.0,False,Pre-AASB15/1058,2012,2014
gunnedah,Gunnedah,2014,0.0,,,verified_zero_mapped_burn_within_source_scope,100.0,Landsat,unknown_incomplete_inventory_no_positive_record,unknown_incomplete_inventory_no_positive_record,2013.0,10.31,19.9973,4.9501,73.08,22.4936,95.26553672316383,12688.0,,12.0,"Includes term deposits; cash-flow-based measure, detailed vintage exclusions remain subject to audit",False,Early OLG/TCorp definitions; revaluation exclusions described,2015.0,15.92,23.25,107.18766335598536,12.0,False,Pre-AASB15/1058,2013,2015
gunnedah,Gunnedah,2015,0.0,,,verified_zero_mapped_burn_within_source_scope,100.0,Landsat,unknown_incomplete_inventory_no_positive_record,unknown_incomplete_inventory_no_positive_record,2014.0,11.74,21.9932,5.4329,69.03,13.3605,98.89514731369152,12826.0,,12.0,"Includes term deposits; cash-flow-based measure, detailed vintage exclusions remain subject to audit",False,Pre-AASB15/1058,2016.0,19.94,28.222399999999997,120.23809523809524,12.0,False,Pre-AASB15/1058,2014,2016
gunnedah,Gunnedah,2016,293.6405292436313,,,observed_positive_mapped_burn_within_source_scope,100.0,Landsat 8,unknown_incomplete_inventory_no_positive_record,unknown_incomplete_inventory_no_positive_record,2015.0,15.92,23.25,6.29,59.1,16.61,107.18766335598536,12805.0,,12.0,"Includes term deposits; cash-flow-based measure, detailed vintage exclusions remain subject to audit",False,Pre-AASB15/1058,2017.0,15.01,23.44,111.95852149188828,12.0,False,Pre-AASB15/1058,2015,2017
gunnedah,Gunnedah,2017,0.0,0.0,0.0,verified_zero_mapped_burn_within_source_scope,100.0,Sentinel 2 (original mapping scope varies by year),no_listed_event_onset_not_physical_zero,no_listed_event_onset_not_physical_zero,2016.0,19.94,28.222399999999997,6.0588999999999995,65.11,18.6588,120.23809523809524,12551.0,1469.65,12.0,"Includes term deposits; cash-flow-based measure, detailed vintage exclusions remain subject to audit",False,Pre-AASB15/1058,2018.0,18.91,19.17,107.9388560157791,12.0,False,Pre-AASB15/1058,2016,2018
gunnedah,Gunnedah,2018,0.0,0.0,0.0,verified_zero_mapped_burn_within_source_scope,100.0,Sentinel 2 (original mapping scope varies by year),no_listed_event_onset_not_physical_zero,no_listed_event_onset_not_physical_zero,2017.0,15.01,23.44,5.15,60.94,12.67,111.95852149188828,12579.0,1469.65,12.0,"Includes term deposits; cash-flow-based measure, detailed vintage exclusions remain subject to audit",False,Pre-AASB15/1058,2019.0,10.59,20.98,98.70325693606756,12.0,False,AASB15/1058 and lease regime,2017,2019
gunnedah,Gunnedah,2019,0.0,0.0,0.0,verified_zero_mapped_burn_within_source_scope,10.0,Sentinel 2 (original mapping scope varies by year),no_listed_event_onset_not_physical_zero,no_listed_event_onset_not_physical_zero,2018.0,18.91,19.17,2.76,67.91,14.85,107.9388560157791,12661.0,1469.65,12.0,"Includes term deposits; cash-flow-based measure, detailed vintage exclusions remain subject to audit",False,Pre-AASB15/1058,2020.0,7.99,20.62,87.34961286480048,12.0,False,AASB15/1058 and lease regime,2018,2020
gunnedah,Gunnedah,2020,0.0,0.0,1.0,verified_zero_mapped_burn_within_source_scope,10.0,Sentinel 2 (original mapping scope varies by year),no_listed_event_onset_not_physical_zero,listed_event_onset,2019.0,10.59,20.98,3.32,60.36,11.76,98.70325693606756,12681.0,1469.65,12.0,"Includes term deposits; cash-flow-based measure, detailed vintage exclusions remain subject to audit",False,AASB15/1058 and lease regime,2021.0,9.1,27.1688,94.71027660004036,12.0,False,AASB15/1058 and lease regime,2019,2021
gunnedah,Gunnedah,2021,0.0,0.0,1.0,verified_zero_mapped_burn_within_source_scope,10.0,Sentinel 2 (original mapping scope varies by year),no_listed_event_onset_not_physical_zero,listed_event_onset,2020.0,7.99,20.62,2.17,55.13,12.06,87.34961286480048,12690.0,1469.65,12.0,"Includes term deposits; cash-flow-based measure, detailed vintage exclusions remain subject to audit",False,AASB15/1058 and lease regime,2022.0,9.56,23.673,112.5051674245556,12.0,False,AASB15/1058 and lease regime,2020,2022
gunnedah,Gunnedah,2022,75.03,0.0,1.0,mapped_burn_positive,10.0,Sentinel 2 (original mapping scope varies by year),no_listed_event_onset_not_physical_zero,listed_event_onset,2021.0,9.1,27.1688,3.6214,48.4,11.8891,94.71027660004036,13085.0,1469.65,12.0,"Includes term deposits; cash-flow-based measure, detailed vintage exclusions remain subject to audit",False,AASB15/1058 and lease regime,2023.0,9.63,21.8023,96.3474025974026,12.0,False,AASB15/1058 and lease regime,2021,2023
gunnedah,Gunnedah,2023,4495.32,0.0,0.0,mapped_burn_positive,10.0,Sentinel 2 (original mapping scope varies by year),no_listed_event_onset_not_physical_zero,no_listed_event_onset_not_physical_zero,2022.0,9.56,23.673,3.5936,46.72,12.3373,112.5051674245556,13144.0,1469.65,12.0,"Includes term deposits; cash-flow-based measure, detailed vintage exclusions remain subject to audit",False,AASB15/1058 and lease regime,2024.0,,,103.43622597553872,12.0,False,Six fiscal ratios not collected by OLG,2022,2024
gunnedah,Gunnedah,2024,,0.0,0.0,unknown_source_not_acquired,,Sentinel 2 (original mapping scope varies by year),no_listed_event_onset_not_physical_zero,no_listed_event_onset_not_physical_zero,2023.0,9.63,21.8023,4.0256,43.7,13.0459,96.3474025974026,13392.0,1469.65,12.0,"Includes term deposits; cash-flow-based measure, detailed vintage exclusions remain subject to audit",False,AASB15/1058 and lease regime,,,,,,,,2023,2025
gwydir,Gwydir,2012,0.0,1.0,0.0,verified_zero_mapped_burn_within_source_scope,100.0,Landsat,observed_positive_in_complete_published_list,no_listed_event_in_complete_published_list_not_physical_zero,,,,,,,,,,,,,,2013.0,-41.75,1.9817,104.1891891891892,12.0,False,Early OLG/TCorp definitions; revaluation exclusions described,2011,2013
gwydir,Gwydir,2013,1475.729396937982,1.0,,observed_positive_mapped_burn_within_source_scope,100.0,Landsat,observed_positive_partial_inventory_count_lower_bound,unknown_incomplete_inventory_no_positive_record,2012.0,-42.03,,2.0232,50.92,1.6469,94.74654377880184,5111.0,,12.0,Earlier measure excludes term deposits and uses different expense denominator; not converted,False,Early OLG/TCorp definitions; revaluation exclusions described,2014.0,,,,12.0,False,Pre-AASB15/1058,2012,2014
gwydir,Gwydir,2014,0.0,,,verified_zero_mapped_burn_within_source_scope,100.0,Landsat,unknown_incomplete_inventory_no_positive_record,unknown_incomplete_inventory_no_positive_record,2013.0,-41.75,1.9817,0.5833,66.38,1.3453,104.1891891891892,5104.0,,12.0,"Includes term deposits; cash-flow-based measure, detailed vintage exclusions remain subject to audit",False,Early OLG/TCorp definitions; revaluation exclusions described,2015.0,2.57,4.48,100.0,12.0,False,Pre-AASB15/1058,2013,2015
gwydir,Gwydir,2015,0.0,,,verified_zero_mapped_burn_within_source_scope,100.0,Landsat,unknown_incomplete_inventory_no_positive_record,unknown_incomplete_inventory_no_positive_record,2014.0,,,,,,,5080.0,,12.0,"Includes term deposits; cash-flow-based measure, detailed vintage exclusions remain subject to audit",False,Pre-AASB15/1058,2016.0,16.52,5.1212,100.0,12.0,False,Pre-AASB15/1058,2014,2016
gwydir,Gwydir,2016,0.0,,,verified_zero_mapped_burn_within_source_scope,100.0,Landsat 8,unknown_incomplete_inventory_no_positive_record,unknown_incomplete_inventory_no_positive_record,2015.0,2.57,4.48,2.11,55.62,4.21,100.0,5068.0,,12.0,"Includes term deposits; cash-flow-based measure, detailed vintage exclusions remain subject to audit",False,Pre-AASB15/1058,2017.0,0.11,5.08,100.0,12.0,False,Pre-AASB15/1058,2015,2017
gwydir,Gwydir,2017,3316.25,1.0,0.0,mapped_burn_positive,100.0,Sentinel 2 (original mapping scope varies by year),listed_event_onset,no_listed_event_onset_not_physical_zero,2016.0,16.52,5.1212,2.0166,52.0,6.8119000000000005,100.0,5326.0,2018.66,12.0,"Includes term deposits; cash-flow-based measure, detailed vintage exclusions remain subject to audit",False,Pre-AASB15/1058,2018.0,-4.16,1.97,100.0,12.0,False,Pre-AASB15/1058,2016,2018
gwydir,Gwydir,2018,172.86,0.0,0.0,mapped_burn_positive,100.0,Sentinel 2 (original mapping scope varies by year),no_listed_event_onset_not_physical_zero,no_listed_event_onset_not_physical_zero,2017.0,0.11,5.08,1.72,58.69,0.96,100.0,5314.0,2005.21,12.0,"Includes term deposits; cash-flow-based measure, detailed vintage exclusions remain subject to audit",False,Pre-AASB15/1058,2019.0,-4.11,1.92,100.0,12.0,False,AASB15/1058 and lease regime,2017,2019
gwydir,Gwydir,2019,18398.81,1.0,0.0,mapped_burn_positive,10.0,Sentinel 2 (original mapping scope varies by year),listed_event_onset,no_listed_event_onset_not_physical_zero,2018.0,-4.16,1.97,1.56,55.16,4.23,100.0,5349.0,2005.437,12.0,"Includes term deposits; cash-flow-based measure, detailed vintage exclusions remain subject to audit",False,Pre-AASB15/1058,2020.0,-3.67,3.46,100.0,12.0,False,AASB15/1058 and lease regime,2018,2020
gwydir,Gwydir,2020,0.0,0.0,1.0,verified_zero_mapped_burn_within_source_scope,10.0,Sentinel 2 (original mapping scope varies by year),no_listed_event_onset_not_physical_zero,listed_event_onset,2019.0,-4.11,1.92,1.68,58.55,4.04,100.0,5353.0,2058.776,12.0,"Includes term deposits; cash-flow-based measure, detailed vintage exclusions remain subject to audit",False,AASB15/1058 and lease regime,2021.0,-15.15,1.5134,100.0,12.0,False,AASB15/1058 and lease regime,2019,2021
gwydir,Gwydir,2021,52.35,0.0,1.0,mapped_burn_positive,10.0,Sentinel 2 (original mapping scope varies by year),no_listed_event_onset_not_physical_zero,listed_event_onset,2020.0,-3.67,3.46,0.89,59.04,4.73,100.0,5299.0,2004.183,12.0,"Includes term deposits; cash-flow-based measure, detailed vintage exclusions remain subject to audit",False,AASB15/1058 and lease regime,2022.0,-7.48,8.8254,100.0,12.0,False,AASB15/1058 and lease regime,2020,2022
gwydir,Gwydir,2022,3101.23,1.0,1.0,mapped_burn_positive,10.0,Sentinel 2 (original mapping scope varies by year),listed_event_onset,listed_event_onset,2021.0,-15.15,1.5134,1.1528,42.14,2.6514,100.0,4911.0,2328.886,12.0,"Includes term deposits; cash-flow-based measure, detailed vintage exclusions remain subject to audit",False,AASB15/1058 and lease regime,2023.0,-0.91,9.6503,100.0,12.0,False,AASB15/1058 and lease regime,2021,2023
gwydir,Gwydir,2023,2079.32,0.0,1.0,mapped_burn_positive,10.0,Sentinel 2 (original mapping scope varies by year),no_listed_event_onset_not_physical_zero,listed_event_onset,2022.0,-7.48,8.8254,3.2531,35.95,2.8587,100.0,4924.0,2326.785,12.0,"Includes term deposits; cash-flow-based measure, detailed vintage exclusions remain subject to audit",False,AASB15/1058 and lease regime,2024.0,,,100.0,12.0,False,Six fiscal ratios not collected by OLG,2022,2024
gwydir,Gwydir,2024,,1.0,0.0,unknown_source_not_acquired,,Sentinel 2 (original mapping scope varies by year),listed_event_onset,no_listed_event_onset_not_physical_zero,2023.0,-0.91,9.6503,3.1441,44.21,5.6117,100.0,4893.0,2342.8909999999996,12.0,"Includes term deposits; cash-flow-based measure, detailed vintage exclusions remain subject to audit",False,AASB15/1058 and lease regime,,,,,,,,2023,2025
hawkesbury,Hawkesbury,2012,389.4163689093843,0.0,1.0,observed_positive_mapped_burn_within_source_scope,100.0,Landsat,no_listed_event_in_complete_published_list_not_physical_zero,observed_positive_in_complete_published_list,,,,,,,,,,,,,,2013.0,-11.53,9.0229,54.65273901602743,12.0,False,Early OLG/TCorp definitions; revaluation exclusions described,2011,2013
hawkesbury,Hawkesbury,2013,53560.48124705771,1.0,,observed_positive_mapped_burn_within_source_scope,100.0,Landsat,observed_positive_partial_inventory_count_lower_bound,unknown_incomplete_inventory_no_positive_record,2012.0,-7.98,,4.5849,61.5,22.0901,68.72109876458002,64592.0,,12.0,Earlier measure excludes term deposits and uses different expense denominator; not converted,False,Early OLG/TCorp definitions; revaluation exclusions described,2014.0,-6.88,9.5204,86.25888602452933,12.0,False,Pre-AASB15/1058,2012,2014
hawkesbury,Hawkesbury,2014,905.2771852092324,,1.0,observed_positive_mapped_burn_within_source_scope,100.0,Landsat,unknown_incomplete_inventory_no_positive_record,observed_positive_partial_inventory_count_lower_bound,2013.0,-11.53,9.0229,3.9457,69.1,5.7758,54.65273901602743,65114.0,,12.0,"Includes term deposits; cash-flow-based measure, detailed vintage exclusions remain subject to audit",False,Early OLG/TCorp definitions; revaluation exclusions described,2015.0,-10.16,8.4,80.69294908119485,12.0,False,Pre-AASB15/1058,2013,2015
hawkesbury,Hawkesbury,2015,5207.130349188719,1.0,1.0,observed_positive_mapped_burn_within_source_scope,100.0,Landsat,observed_positive_partial_inventory_count_lower_bound,observed_positive_partial_inventory_count_lower_bound,2014.0,-6.88,9.5204,3.5564,60.4,8.4351,86.25888602452933,65527.0,,12.0,"Includes term deposits; cash-flow-based measure, detailed vintage exclusions remain subject to audit",False,Pre-AASB15/1058,2016.0,-6.61,8.9063,95.21284540702015,12.0,False,Pre-AASB15/1058,2014,2016
hawkesbury,Hawkesbury,2016,0.0,,,verified_zero_mapped_burn_within_source_scope,100.0,Landsat 8,unknown_incomplete_inventory_no_positive_record,unknown_incomplete_inventory_no_positive_record,2015.0,-10.16,8.4,3.64,70.51,9.61,80.69294908119485,66134.0,,12.0,"Includes term deposits; cash-flow-based measure, detailed vintage exclusions remain subject to audit",False,Pre-AASB15/1058,2017.0,-4.21,12.44,85.49053222161615,12.0,False,Pre-AASB15/1058,2015,2017
hawkesbury,Hawkesbury,2017,0.0,0.0,0.0,verified_zero_mapped_burn_within_source_scope,100.0,Sentinel 2 (original mapping scope varies by year),no_listed_event_onset_not_physical_zero,no_listed_event_onset_not_physical_zero,2016.0,-6.61,8.9063,3.3001,68.44,11.5368,95.21284540702015,66136.0,1042.17,12.0,"Includes term deposits; cash-flow-based measure, detailed vintage exclusions remain subject to audit",False,Pre-AASB15/1058,2018.0,3.77,12.7,98.77159309021113,12.0,False,Pre-AASB15/1058,2016,2018
hawkesbury,Hawkesbury,2018,290.28,0.0,0.0,mapped_burn_positive,100.0,Sentinel 2 (original mapping scope varies by year),no_listed_event_onset_not_physical_zero,no_listed_event_onset_not_physical_zero,2017.0,-4.21,12.44,2.93,70.96,13.23,85.49053222161615,66623.0,1045.326,12.0,"Includes term deposits; cash-flow-based measure, detailed vintage exclusions remain subject to audit",False,Pre-AASB15/1058,2019.0,1.21,10.66,105.78470254957509,12.0,False,AASB15/1058 and lease regime,2017,2019
hawkesbury,Hawkesbury,2019,178186.73,1.0,1.0,mapped_burn_positive,10.0,Sentinel 2 (original mapping scope varies by year),listed_event_onset,listed_event_onset,2018.0,3.77,12.7,3.21,67.6,17.79,98.77159309021113,67083.0,1047.515,12.0,"Includes term deposits; cash-flow-based measure, detailed vintage exclusions remain subject to audit",False,Pre-AASB15/1058,2020.0,-5.13,9.63,100.13590530469092,12.0,False,AASB15/1058 and lease regime,2018,2020
hawkesbury,Hawkesbury,2020,0.0,0.0,1.0,verified_zero_mapped_burn_within_source_scope,10.0,Sentinel 2 (original mapping scope varies by year),no_listed_event_onset_not_physical_zero,listed_event_onset,2019.0,1.21,10.66,2.61,72.55,11.33,105.78470254957509,67296.0,1051.4699999999998,12.0,"Includes term deposits; cash-flow-based measure, detailed vintage exclusions remain subject to audit",False,AASB15/1058 and lease regime,2021.0,10.52,12.0034,115.26102610261026,12.0,False,AASB15/1058 and lease regime,2019,2021
hawkesbury,Hawkesbury,2021,0.0,0.0,1.0,verified_zero_mapped_burn_within_source_scope,10.0,Sentinel 2 (original mapping scope varies by year),no_listed_event_onset_not_physical_zero,listed_event_onset,2020.0,-5.13,9.63,3.03,77.39,16.25,100.13590530469092,67749.0,1051.782,12.0,"Includes term deposits; cash-flow-based measure, detailed vintage exclusions remain subject to audit",False,AASB15/1058 and lease regime,2022.0,14.06,10.9051,104.31264186321918,12.0,False,AASB15/1058 and lease regime,2020,2022
hawkesbury,Hawkesbury,2022,0.0,0.0,1.0,verified_zero_mapped_burn_within_source_scope,10.0,Sentinel 2 (original mapping scope varies by year),no_listed_event_onset_not_physical_zero,listed_event_onset,2021.0,10.52,12.0034,2.1228,60.92,15.1194,115.26102610261026,67581.0,1055.67,12.0,"Includes term deposits; cash-flow-based measure, detailed vintage exclusions remain subject to audit",False,AASB15/1058 and lease regime,2023.0,13.01,8.6327,98.04005927625604,12.0,False,AASB15/1058 and lease regime,2021,2023
hawkesbury,Hawkesbury,2023,40.16,0.0,1.0,mapped_burn_positive,10.0,Sentinel 2 (original mapping scope varies by year),no_listed_event_onset_not_physical_zero,listed_event_onset,2022.0,14.06,10.9051,3.0076,52.03,7.874,104.31264186321918,67862.0,1059.27,12.0,"Includes term deposits; cash-flow-based measure, detailed vintage exclusions remain subject to audit",False,AASB15/1058 and lease regime,2024.0,,,131.6878798302947,12.0,False,Six fiscal ratios not collected by OLG,2022,2024
hawkesbury,Hawkesbury,2024,,1.0,1.0,unknown_source_not_acquired,,Sentinel 2 (original mapping scope varies by year),listed_event_onset,listed_event_onset,2023.0,13.01,8.6327,3.6265,48.58,7.046,98.04005927625604,68704.0,1064.35,12.0,"Includes term deposits; cash-flow-based measure, detailed vintage exclusions remain subject to audit",False,AASB15/1058 and lease regime,,,,,,,,2023,2025
hay,Hay,2012,0.0,1.0,0.0,verified_zero_mapped_burn_within_source_scope,100.0,Landsat,observed_positive_in_complete_published_list,no_listed_event_in_complete_published_list_not_physical_zero,,,,,,,,,,,,,,2013.0,-18.98,8.5647,71.6008316008316,12.0,False,Early OLG/TCorp definitions; revaluation exclusions described,2011,2013
hay,Hay,2013,0.0,,,verified_zero_mapped_burn_within_source_scope,100.0,Landsat,unknown_incomplete_inventory_no_positive_record,unknown_incomplete_inventory_no_positive_record,2012.0,-8.85,,3.2782,42.18,7.8417,68.49894291754757,3002.0,,12.0,Earlier measure excludes term deposits and uses different expense denominator; not converted,False,Early OLG/TCorp definitions; revaluation exclusions described,2014.0,-7.47,10.4266,93.62637362637362,12.0,False,Pre-AASB15/1058,2012,2014
hay,Hay,2014,0.0,,,verified_zero_mapped_burn_within_source_scope,100.0,Landsat,unknown_incomplete_inventory_no_positive_record,unknown_incomplete_inventory_no_positive_record,2013.0,-18.98,8.5647,2.6771,54.37,3.7978,71.6008316008316,2962.0,,12.0,"Includes term deposits; cash-flow-based measure, detailed vintage exclusions remain subject to audit",False,Early OLG/TCorp definitions; revaluation exclusions described,2015.0,-5.13,10.58,93.87755102040816,12.0,False,Pre-AASB15/1058,2013,2015
hay,Hay,2015,0.0,,,verified_zero_mapped_burn_within_source_scope,100.0,Landsat,unknown_incomplete_inventory_no_positive_record,unknown_incomplete_inventory_no_positive_record,2014.0,-7.47,10.4266,3.2741,51.85,7.6801,93.62637362637362,2989.0,,12.0,"Includes term deposits; cash-flow-based measure, detailed vintage exclusions remain subject to audit",False,Pre-AASB15/1058,2016.0,11.3,12.1885,72.37250554323725,12.0,False,Pre-AASB15/1058,2014,2016
hay,Hay,2016,2149.1069178578296,,1.0,observed_positive_mapped_burn_within_source_scope,100.0,Landsat 8,unknown_incomplete_inventory_no_positive_record,observed_positive_partial_inventory_count_lower_bound,2015.0,-5.13,10.58,3.54,48.65,9.04,93.87755102040816,2999.0,,12.0,"Includes term deposits; cash-flow-based measure, detailed vintage exclusions remain subject to audit",False,Pre-AASB15/1058,2017.0,2.49,14.35,69.71428571428571,12.0,False,Pre-AASB15/1058,2015,2017
hay,Hay,2017,0.0,0.0,0.0,verified_zero_mapped_burn_within_source_scope,100.0,Sentinel 2 (original mapping scope varies by year),no_listed_event_onset_not_physical_zero,no_listed_event_onset_not_physical_zero,2016.0,11.3,12.1885,4.9725,39.13,15.8105,72.37250554323725,2975.0,941.36,12.0,"Includes term deposits; cash-flow-based measure, detailed vintage exclusions remain subject to audit",False,Pre-AASB15/1058,2018.0,-2.82,13.56,68.27292110874201,12.0,False,Pre-AASB15/1058,2016,2018
hay,Hay,2018,0.0,0.0,0.0,verified_zero_mapped_burn_within_source_scope,100.0,Sentinel 2 (original mapping scope varies by year),no_listed_event_onset_not_physical_zero,no_listed_event_onset_not_physical_zero,2017.0,2.49,14.35,5.23,48.91,15.54,69.71428571428571,2979.0,941.36,12.0,"Includes term deposits; cash-flow-based measure, detailed vintage exclusions remain subject to audit",False,Pre-AASB15/1058,2019.0,-7.92,15.8,76.5137614678899,12.0,False,AASB15/1058 and lease regime,2017,2019
hay,Hay,2019,0.0,0.0,0.0,verified_zero_mapped_burn_within_source_scope,10.0,Sentinel 2 (original mapping scope varies by year),no_listed_event_onset_not_physical_zero,no_listed_event_onset_not_physical_zero,2018.0,-2.82,13.56,5.6,36.62,12.71,68.27292110874201,2979.0,941.36,12.0,"Includes term deposits; cash-flow-based measure, detailed vintage exclusions remain subject to audit",False,Pre-AASB15/1058,2020.0,-0.16,15.25,71.78329571106094,12.0,False,AASB15/1058 and lease regime,2018,2020
hay,Hay,2020,0.0,0.0,0.0,verified_zero_mapped_burn_within_source_scope,10.0,Sentinel 2 (original mapping scope varies by year),no_listed_event_onset_not_physical_zero,no_listed_event_onset_not_physical_zero,2019.0,-7.92,15.8,5.95,41.07,12.76,76.5137614678899,2949.0,941.3620000000002,12.0,"Includes term deposits; cash-flow-based measure, detailed vintage exclusions remain subject to audit",False,AASB15/1058 and lease regime,2021.0,12.89,17.1096,88.08126410835214,12.0,False,AASB15/1058 and lease regime,2019,2021
hay,Hay,2021,0.0,0.0,1.0,verified_zero_mapped_burn_within_source_scope,10.0,Sentinel 2 (original mapping scope varies by year),no_listed_event_onset_not_physical_zero,listed_event_onset,2020.0,-0.16,15.25,4.01,27.11,11.67,71.78329571106094,2943.0,941.36,12.0,"Includes term deposits; cash-flow-based measure, detailed vintage exclusions remain subject to audit",False,AASB15/1058 and lease regime,2022.0,2.31,22.0072,115.0984682713348,12.0,False,AASB15/1058 and lease regime,2020,2022
hay,Hay,2022,0.0,0.0,1.0,verified_zero_mapped_burn_within_source_scope,10.0,Sentinel 2 (original mapping scope varies by year),no_listed_event_onset_not_physical_zero,listed_event_onset,2021.0,12.89,17.1096,2.6661,29.23,18.0162,88.08126410835214,2883.0,941.36,12.0,"Includes term deposits; cash-flow-based measure, detailed vintage exclusions remain subject to audit",False,AASB15/1058 and lease regime,2023.0,10.03,19.3612,138.62857142857143,12.0,False,AASB15/1058 and lease regime,2021,2023
hay,Hay,2023,566.76,0.0,0.0,mapped_burn_positive,10.0,Sentinel 2 (original mapping scope varies by year),no_listed_event_onset_not_physical_zero,no_listed_event_onset_not_physical_zero,2022.0,2.31,22.0072,2.5551,33.04,13.6453,115.0984682713348,2834.0,941.36,12.0,"Includes term deposits; cash-flow-based measure, detailed vintage exclusions remain subject to audit",False,AASB15/1058 and lease regime,2024.0,,,79.49916527545909,12.0,False,Six fiscal ratios not collected by OLG,2022,2024
hay,Hay,2024,,0.0,0.0,unknown_source_not_acquired,,Sentinel 2 (original mapping scope varies by year),no_listed_event_onset_not_physical_zero,no_listed_event_onset_not_physical_zero,2023.0,10.03,19.3612,1.6582,28.190000000000005,19.8606,138.62857142857143,2861.0,941.36,12.0,"Includes term deposits; cash-flow-based measure, detailed vintage exclusions remain subject to audit",False,AASB15/1058 and lease regime,,,,,,,,2023,2025
huntershill,Hunters Hill,2012,0.0,0.0,0.0,verified_zero_mapped_burn_within_source_scope,100.0,Landsat,no_listed_event_in_complete_published_list_not_physical_zero,no_listed_event_in_complete_published_list_not_physical_zero,,,,,,,,,,,,,,2013.0,-4.109999999999999,9.3401,112.84098469727212,12.0,False,Early OLG/TCorp definitions; revaluation exclusions described,2011,2013
huntershill,Hunters Hill,2013,0.0,,,verified_zero_mapped_burn_within_source_scope,100.0,Landsat,unknown_incomplete_inventory_no_positive_record,unknown_incomplete_inventory_no_positive_record,2012.0,-8.94,,3.3526,77.14,2.5438,107.63754045307444,14139.0,,12.0,Earlier measure excludes term deposits and uses different expense denominator; not converted,False,Early OLG/TCorp definitions; revaluation exclusions described,2014.0,-2.86,9.1167,106.07287449392712,12.0,False,Pre-AASB15/1058,2012,2014
huntershill,Hunters Hill,2014,0.0,,,verified_zero_mapped_burn_within_source_scope,100.0,Landsat,unknown_incomplete_inventory_no_positive_record,unknown_incomplete_inventory_no_positive_record,2013.0,-4.109999999999999,9.3401,3.8752,88.99000000000001,20.6571,112.84098469727212,14491.0,,12.0,"Includes term deposits; cash-flow-based measure, detailed vintage exclusions remain subject to audit",False,Early OLG/TCorp definitions; revaluation exclusions described,2015.0,-5.68,16.39,83.32203389830508,12.0,False,Pre-AASB15/1058,2013,2015
huntershill,Hunters Hill,2015,0.0,,,verified_zero_mapped_burn_within_source_scope,100.0,Landsat,unknown_incomplete_inventory_no_positive_record,unknown_incomplete_inventory_no_positive_record,2014.0,-2.86,9.1167,3.3773,85.97,22.9155,106.07287449392712,14689.0,,12.0,"Includes term deposits; cash-flow-based measure, detailed vintage exclusions remain subject to audit",False,Pre-AASB15/1058,2016.0,-4.24,16.5045,105.75959933222036,12.0,False,Pre-AASB15/1058,2014,2016
huntershill,Hunters Hill,2016,0.0,,,verified_zero_mapped_burn_within_source_scope,100.0,Landsat 8,unknown_incomplete_inventory_no_positive_record,unknown_incomplete_inventory_no_positive_record,2015.0,-5.68,16.39,7.57,89.96,20.56,83.32203389830508,14741.0,,12.0,"Includes term deposits; cash-flow-based measure, detailed vintage exclusions remain subject to audit",False,Pre-AASB15/1058,2017.0,-3.09,17.4,78.61685214626391,12.0,False,Pre-AASB15/1058,2015,2017
huntershill,Hunters Hill,2017,0.0,0.0,0.0,verified_zero_mapped_burn_within_source_scope,100.0,Sentinel 2 (original mapping scope varies by year),no_listed_event_onset_not_physical_zero,no_listed_event_onset_not_physical_zero,2016.0,-4.24,16.5045,7.3458,90.68,23.0286,105.75959933222036,14638.0,65.0,12.0,"Includes term deposits; cash-flow-based measure, detailed vintage exclusions remain subject to audit",False,Pre-AASB15/1058,2018.0,-4.24,18.85,37.26944667201283,12.0,False,Pre-AASB15/1058,2016,2018
huntershill,Hunters Hill,2018,0.0,0.0,0.0,verified_zero_mapped_burn_within_source_scope,100.0,Sentinel 2 (original mapping scope varies by year),no_listed_event_onset_not_physical_zero,no_listed_event_onset_not_physical_zero,2017.0,-3.09,17.4,8.7,90.54,51.23,78.61685214626391,14747.0,65.0,12.0,"Includes term deposits; cash-flow-based measure, detailed vintage exclusions remain subject to audit",False,Pre-AASB15/1058,2019.0,3.42,3.5,112.53000480076813,12.0,False,AASB15/1058 and lease regime,2017,2019
huntershill,Hunters Hill,2019,0.0,0.0,1.0,verified_zero_mapped_burn_within_source_scope,10.0,Sentinel 2 (original mapping scope varies by year),no_listed_event_onset_not_physical_zero,listed_event_onset,2018.0,-4.24,18.85,8.08,85.49,,37.26944667201283,14909.0,59.0,12.0,"Includes term deposits; cash-flow-based measure, detailed vintage exclusions remain subject to audit",False,Pre-AASB15/1058,2020.0,-12.43,16.63,121.1689587426326,12.0,False,AASB15/1058 and lease regime,2018,2020
huntershill,Hunters Hill,2020,0.0,0.0,1.0,verified_zero_mapped_burn_within_source_scope,10.0,Sentinel 2 (original mapping scope varies by year),no_listed_event_onset_not_physical_zero,listed_event_onset,2019.0,3.42,3.5,5.06,91.27,,112.53000480076813,14980.0,55.78,12.0,"Includes term deposits; cash-flow-based measure, detailed vintage exclusions remain subject to audit",False,AASB15/1058 and lease regime,2021.0,-12.99,18.4664,153.7418655097614,12.0,False,AASB15/1058 and lease regime,2019,2021
huntershill,Hunters Hill,2021,0.0,0.0,0.0,verified_zero_mapped_burn_within_source_scope,10.0,Sentinel 2 (original mapping scope varies by year),no_listed_event_onset_not_physical_zero,no_listed_event_onset_not_physical_zero,2020.0,-12.43,16.63,3.54,84.25,,121.1689587426326,14962.0,55.78,12.0,"Includes term deposits; cash-flow-based measure, detailed vintage exclusions remain subject to audit",False,AASB15/1058 and lease regime,2022.0,-4.81,19.0985,134.61082576056896,12.0,False,AASB15/1058 and lease regime,2020,2022
huntershill,Hunters Hill,2022,0.0,0.0,0.0,verified_zero_mapped_burn_within_source_scope,10.0,Sentinel 2 (original mapping scope varies by year),no_listed_event_onset_not_physical_zero,no_listed_event_onset_not_physical_zero,2021.0,-12.99,18.4664,2.2421,84.85,,153.7418655097614,13591.0,55.78,12.0,"Includes term deposits; cash-flow-based measure, detailed vintage exclusions remain subject to audit",False,AASB15/1058 and lease regime,2023.0,-5.34,11.2436,108.72295882763432,12.0,False,AASB15/1058 and lease regime,2021,2023
huntershill,Hunters Hill,2023,0.0,0.0,0.0,verified_zero_mapped_burn_within_source_scope,10.0,Sentinel 2 (original mapping scope varies by year),no_listed_event_onset_not_physical_zero,no_listed_event_onset_not_physical_zero,2022.0,-4.81,19.0985,2.2965,83.58,,134.61082576056896,13924.0,55.78,12.0,"Includes term deposits; cash-flow-based measure, detailed vintage exclusions remain subject to audit",False,AASB15/1058 and lease regime,2024.0,,,125.5866280938605,12.0,False,Six fiscal ratios not collected by OLG,2022,2024
huntershill,Hunters Hill,2024,,0.0,0.0,unknown_source_not_acquired,,Sentinel 2 (original mapping scope varies by year),no_listed_event_onset_not_physical_zero,no_listed_event_onset_not_physical_zero,2023.0,-5.34,11.2436,4.5141,67.01,,108.72295882763432,14062.0,55.78,12.0,"Includes term deposits; cash-flow-based measure, detailed vintage exclusions remain subject to audit",False,AASB15/1058 and lease regime,,,,,,,,2023,2025
junee,Junee,2012,0.0,1.0,0.0,verified_zero_mapped_burn_within_source_scope,100.0,Landsat,observed_positive_in_complete_published_list,no_listed_event_in_complete_published_list_not_physical_zero,,,,,,,,,,,,,,2013.0,-14.67,2.2061,85.3932584269663,12.0,False,Early OLG/TCorp definitions; revaluation exclusions described,2011,2013
junee,Junee,2013,0.0,1.0,,verified_zero_mapped_burn_within_source_scope,100.0,Landsat,observed_positive_partial_inventory_count_lower_bound,unknown_incomplete_inventory_no_positive_record,2012.0,-5.12,,2.6017,50.5,2.9865,102.43111831442464,6127.0,,12.0,Earlier measure excludes term deposits and uses different expense denominator; not converted,False,Early OLG/TCorp definitions; revaluation exclusions described,2014.0,-1.45,2.4384,86.58707865168539,12.0,False,Pre-AASB15/1058,2012,2014
junee,Junee,2014,0.0,,,verified_zero_mapped_burn_within_source_scope,100.0,Landsat,unknown_incomplete_inventory_no_positive_record,unknown_incomplete_inventory_no_positive_record,2013.0,-14.67,2.2061,1.2214,63.55,1.8465,85.3932584269663,6227.0,,12.0,"Includes term deposits; cash-flow-based measure, detailed vintage exclusions remain subject to audit",False,Early OLG/TCorp definitions; revaluation exclusions described,2015.0,4.04,3.07,86.59859604339502,12.0,False,Pre-AASB15/1058,2013,2015
junee,Junee,2015,0.0,,,verified_zero_mapped_burn_within_source_scope,100.0,Landsat,unknown_incomplete_inventory_no_positive_record,unknown_incomplete_inventory_no_positive_record,2014.0,-1.45,2.4384,0.9702,61.06,3.2739999999999996,86.58707865168539,6297.0,,12.0,"Includes term deposits; cash-flow-based measure, detailed vintage exclusions remain subject to audit",False,Pre-AASB15/1058,2016.0,9.93,3.0186,81.16520351157223,12.0,False,Pre-AASB15/1058,2014,2016
junee,Junee,2016,0.0,,1.0,verified_zero_mapped_burn_within_source_scope,100.0,Landsat 8,unknown_incomplete_inventory_no_positive_record,observed_positive_partial_inventory_count_lower_bound,2015.0,4.04,3.07,1.03,53.82,6.7,86.59859604339502,6230.0,,12.0,"Includes term deposits; cash-flow-based measure, detailed vintage exclusions remain subject to audit",False,Pre-AASB15/1058,2017.0,2.23,4.27,127.25817516579008,12.0,False,Pre-AASB15/1058,2015,2017
junee,Junee,2017,0.0,0.0,0.0,verified_zero_mapped_burn_within_source_scope,100.0,Sentinel 2 (original mapping scope varies by year),no_listed_event_onset_not_physical_zero,no_listed_event_onset_not_physical_zero,2016.0,9.93,3.0186,1.0289,53.82,4.1723,81.16520351157223,6462.0,880.270246,12.0,"Includes term deposits; cash-flow-based measure, detailed vintage exclusions remain subject to audit",False,Pre-AASB15/1058,2018.0,-6.81,4.97,406.3432835820895,12.0,False,Pre-AASB15/1058,2016,2018
junee,Junee,2018,0.0,0.0,0.0,verified_zero_mapped_burn_within_source_scope,100.0,Sentinel 2 (original mapping scope varies by year),no_listed_event_onset_not_physical_zero,no_listed_event_onset_not_physical_zero,2017.0,2.23,4.27,1.14,59.22,2.92,127.25817516579008,6511.0,877.95,12.0,"Includes term deposits; cash-flow-based measure, detailed vintage exclusions remain subject to audit",False,Pre-AASB15/1058,2019.0,4.01,3.67,547.3584905660377,12.0,False,AASB15/1058 and lease regime,2017,2019
junee,Junee,2019,0.0,0.0,0.0,verified_zero_mapped_burn_within_source_scope,10.0,Sentinel 2 (original mapping scope varies by year),no_listed_event_onset_not_physical_zero,no_listed_event_onset_not_physical_zero,2018.0,-6.81,4.97,1.51,51.68,2.43,406.3432835820895,6631.0,877.3,12.0,"Includes term deposits; cash-flow-based measure, detailed vintage exclusions remain subject to audit",False,Pre-AASB15/1058,2020.0,-3.33,2.81,142.38805970149255,12.0,False,AASB15/1058 and lease regime,2018,2020
junee,Junee,2020,0.0,0.0,0.0,verified_zero_mapped_burn_within_source_scope,10.0,Sentinel 2 (original mapping scope varies by year),no_listed_event_onset_not_physical_zero,no_listed_event_onset_not_physical_zero,2019.0,4.01,3.67,1.11,50.63,1.94,547.3584905660377,6683.0,877.3,12.0,"Includes term deposits; cash-flow-based measure, detailed vintage exclusions remain subject to audit",False,AASB15/1058 and lease regime,2021.0,9.3,4.7297,101.91297824456116,12.0,False,AASB15/1058 and lease regime,2019,2021
junee,Junee,2021,0.0,0.0,1.0,verified_zero_mapped_burn_within_source_scope,10.0,Sentinel 2 (original mapping scope varies by year),no_listed_event_onset_not_physical_zero,listed_event_onset,2020.0,-3.33,2.81,1.47,48.98,2.23,142.38805970149255,6676.0,877.3,12.0,"Includes term deposits; cash-flow-based measure, detailed vintage exclusions remain subject to audit",False,AASB15/1058 and lease regime,2022.0,11.0,9.399,142.11550940947436,12.0,False,AASB15/1058 and lease regime,2020,2022
junee,Junee,2022,22.49,0.0,1.0,mapped_burn_positive,10.0,Sentinel 2 (original mapping scope varies by year),no_listed_event_onset_not_physical_zero,listed_event_onset,2021.0,9.3,4.7297,2.58,53.78,4.4113,101.91297824456116,6450.0,878.1,12.0,"Includes term deposits; cash-flow-based measure, detailed vintage exclusions remain subject to audit",False,AASB15/1058 and lease regime,2023.0,4.87,8.8748,131.53153153153153,12.0,False,AASB15/1058 and lease regime,2021,2023
junee,Junee,2023,102.33,0.0,0.0,mapped_burn_positive,10.0,Sentinel 2 (original mapping scope varies by year),no_listed_event_onset_not_physical_zero,no_listed_event_onset_not_physical_zero,2022.0,11.0,9.399,2.9017,47.32,6.0872,142.11550940947436,6465.0,878.1,12.0,"Includes term deposits; cash-flow-based measure, detailed vintage exclusions remain subject to audit",False,AASB15/1058 and lease regime,2024.0,,,121.65165165165163,12.0,False,Six fiscal ratios not collected by OLG,2022,2024
junee,Junee,2024,,0.0,0.0,unknown_source_not_acquired,,Sentinel 2 (original mapping scope varies by year),no_listed_event_onset_not_physical_zero,no_listed_event_onset_not_physical_zero,2023.0,4.87,8.8748,1.9678,54.25,4.9682,131.53153153153153,6458.0,873.7170000000001,12.0,"Includes term deposits; cash-flow-based measure, detailed vintage exclusions remain subject to audit",False,AASB15/1058 and lease regime,,,,,,,,2023,2025
kempsey,Kempsey,2012,5218.233353977831,1.0,1.0,observed_positive_mapped_burn_within_source_scope,100.0,Landsat,observed_positive_in_complete_published_list,observed_positive_in_complete_published_list,,,,,,,,,,,,,,2013.0,-39.93,6.9013,68.25466298565753,12.0,False,Early OLG/TCorp definitions; revaluation exclusions described,2011,2013
kempsey,Kempsey,2013,9222.859689541508,1.0,,observed_positive_mapped_burn_within_source_scope,100.0,Landsat,observed_positive_partial_inventory_count_lower_bound,unknown_incomplete_inventory_no_positive_record,2012.0,-35.49,,2.46,67.52,1.7814,77.67153514763055,29198.0,,12.0,Earlier measure excludes term deposits and uses different expense denominator; not converted,False,Early OLG/TCorp definitions; revaluation exclusions described,2014.0,-14.96,9.2172,78.918530494925,12.0,False,Pre-AASB15/1058,2012,2014
kempsey,Kempsey,2014,2937.119537681125,,,observed_positive_mapped_burn_within_source_scope,100.0,Landsat,unknown_incomplete_inventory_no_positive_record,unknown_incomplete_inventory_no_positive_record,2013.0,-39.93,6.9013,2.3096,74.3,1.5286,68.25466298565753,29361.0,,12.0,"Includes term deposits; cash-flow-based measure, detailed vintage exclusions remain subject to audit",False,Early OLG/TCorp definitions; revaluation exclusions described,2015.0,-0.41,8.41,96.689253447456,12.0,False,Pre-AASB15/1058,2013,2015
kempsey,Kempsey,2015,1093.539947187419,,1.0,observed_positive_mapped_burn_within_source_scope,100.0,Landsat,unknown_incomplete_inventory_no_positive_record,observed_positive_partial_inventory_count_lower_bound,2014.0,-14.96,9.2172,2.8593,52.26,3.0025999999999997,78.918530494925,29643.0,,12.0,"Includes term deposits; cash-flow-based measure, detailed vintage exclusions remain subject to audit",False,Pre-AASB15/1058,2016.0,1.93,9.2752,107.3122788625344,12.0,False,Pre-AASB15/1058,2014,2016
kempsey,Kempsey,2016,8811.82401677236,1.0,1.0,observed_positive_mapped_burn_within_source_scope,100.0,Landsat 8,observed_positive_partial_inventory_count_lower_bound,observed_positive_partial_inventory_count_lower_bound,2015.0,-0.41,8.41,2.06,72.67,3.04,96.689253447456,29684.0,,12.0,"Includes term deposits; cash-flow-based measure, detailed vintage exclusions remain subject to audit",False,Pre-AASB15/1058,2017.0,3.15,11.03,86.01361969617601,12.0,False,Pre-AASB15/1058,2015,2017
kempsey,Kempsey,2017,12300.83,1.0,1.0,mapped_burn_positive,100.0,Sentinel 2 (original mapping scope varies by year),listed_event_onset,listed_event_onset,2016.0,1.93,9.2752,2.6496,72.59,3.8148,107.3122788625344,29454.0,1188.71,12.0,"Includes term deposits; cash-flow-based measure, detailed vintage exclusions remain subject to audit",False,Pre-AASB15/1058,2018.0,-6.29,11.33,82.56998058068488,12.0,False,Pre-AASB15/1058,2016,2018
kempsey,Kempsey,2018,1302.17,0.0,0.0,mapped_burn_positive,100.0,Sentinel 2 (original mapping scope varies by year),no_listed_event_onset_not_physical_zero,no_listed_event_onset_not_physical_zero,2017.0,3.15,11.03,2.51,39.3,4.35,86.01361969617601,29534.0,1221.7,12.0,"Includes term deposits; cash-flow-based measure, detailed vintage exclusions remain subject to audit",False,Pre-AASB15/1058,2019.0,-6.64,10.55,86.90161983128914,12.0,False,AASB15/1058 and lease regime,2017,2019
kempsey,Kempsey,2019,168563.3,1.0,1.0,mapped_burn_positive,10.0,Sentinel 2 (original mapping scope varies by year),listed_event_onset,listed_event_onset,2018.0,-6.29,11.33,2.61,73.69,3.63,82.56998058068488,29665.0,1223.5600000000002,12.0,"Includes term deposits; cash-flow-based measure, detailed vintage exclusions remain subject to audit",False,Pre-AASB15/1058,2020.0,2.69,10.17,94.0966822187662,12.0,False,AASB15/1058 and lease regime,2018,2020
kempsey,Kempsey,2020,258.59,0.0,1.0,mapped_burn_positive,10.0,Sentinel 2 (original mapping scope varies by year),no_listed_event_onset_not_physical_zero,listed_event_onset,2019.0,-6.64,10.55,1.69,67.23,3.75,86.90161983128914,29745.0,1254.47,12.0,"Includes term deposits; cash-flow-based measure, detailed vintage exclusions remain subject to audit",False,AASB15/1058 and lease regime,2021.0,1.08,13.2377,96.50908230282232,12.0,False,AASB15/1058 and lease regime,2019,2021
kempsey,Kempsey,2021,303.56,0.0,1.0,mapped_burn_positive,10.0,Sentinel 2 (original mapping scope varies by year),no_listed_event_onset_not_physical_zero,listed_event_onset,2020.0,2.69,10.17,2.72,63.74,4.7,94.0966822187662,29921.0,1259.25,12.0,"Includes term deposits; cash-flow-based measure, detailed vintage exclusions remain subject to audit",False,AASB15/1058 and lease regime,2022.0,7.74,11.4068,94.223326208769,12.0,False,AASB15/1058 and lease regime,2020,2022
kempsey,Kempsey,2022,160.73,0.0,0.0,mapped_burn_positive,10.0,Sentinel 2 (original mapping scope varies by year),no_listed_event_onset_not_physical_zero,no_listed_event_onset_not_physical_zero,2021.0,1.08,13.2377,3.18,57.53,4.0411,96.50908230282232,30816.0,1261.01,12.0,"Includes term deposits; cash-flow-based measure, detailed vintage exclusions remain subject to audit",False,AASB15/1058 and lease regime,2023.0,2.37,11.2849,93.9817043813192,12.0,False,AASB15/1058 and lease regime,2021,2023
kempsey,Kempsey,2023,37079.41,1.0,0.0,mapped_burn_positive,10.0,Sentinel 2 (original mapping scope varies by year),listed_event_onset,no_listed_event_onset_not_physical_zero,2022.0,7.74,11.4068,1.5225,55.54,4.5423,94.223326208769,31180.0,1262.4000000000003,12.0,"Includes term deposits; cash-flow-based measure, detailed vintage exclusions remain subject to audit",False,AASB15/1058 and lease regime,2024.0,,,94.46902654867256,12.0,False,Six fiscal ratios not collected by OLG,2022,2024
kempsey,Kempsey,2024,,0.0,1.0,unknown_source_not_acquired,,Sentinel 2 (original mapping scope varies by year),no_listed_event_onset_not_physical_zero,listed_event_onset,2023.0,2.37,11.2849,2.1928,59.74,4.4022,93.9817043813192,31718.0,1263.0,12.0,"Includes term deposits; cash-flow-based measure, detailed vintage exclusions remain subject to audit",False,AASB15/1058 and lease regime,,,,,,,,2023,2025
kiama,Kiama,2012,0.0,1.0,1.0,verified_zero_mapped_burn_within_source_scope,100.0,Landsat,observed_positive_in_complete_published_list,observed_positive_in_complete_published_list,,,,,,,,,,,,,,2013.0,-5.79,9.6911,94.575,12.0,False,Early OLG/TCorp definitions; revaluation exclusions described,2011,2013
kiama,Kiama,2013,0.0,,,verified_zero_mapped_burn_within_source_scope,100.0,Landsat,unknown_incomplete_inventory_no_positive_record,unknown_incomplete_inventory_no_positive_record,2012.0,1.48,,4.01,60.150000000000006,7.4461,121.27296027338744,20827.0,,12.0,Earlier measure excludes term deposits and uses different expense denominator; not converted,False,Early OLG/TCorp definitions; revaluation exclusions described,2014.0,-5.27,10.3392,98.05,12.0,False,Pre-AASB15/1058,2012,2014
kiama,Kiama,2014,0.0,,,verified_zero_mapped_burn_within_source_scope,100.0,Landsat,unknown_incomplete_inventory_no_positive_record,unknown_incomplete_inventory_no_positive_record,2013.0,-5.79,9.6911,4.3953,76.19,4.7779,94.575,21047.0,,12.0,"Includes term deposits; cash-flow-based measure, detailed vintage exclusions remain subject to audit",False,Early OLG/TCorp definitions; revaluation exclusions described,2015.0,2.61,8.66,101.80627681192142,12.0,False,Pre-AASB15/1058,2013,2015
kiama,Kiama,2015,0.0,,1.0,verified_zero_mapped_burn_within_source_scope,100.0,Landsat,unknown_incomplete_inventory_no_positive_record,observed_positive_partial_inventory_count_lower_bound,2014.0,-5.27,10.3392,3.941,77.75,4.9533,98.05,21314.0,,12.0,"Includes term deposits; cash-flow-based measure, detailed vintage exclusions remain subject to audit",False,Pre-AASB15/1058,2016.0,4.43,10.7106,95.8593569280592,12.0,False,Pre-AASB15/1058,2014,2016
kiama,Kiama,2016,0.0,,,verified_zero_mapped_burn_within_source_scope,100.0,Landsat 8,unknown_incomplete_inventory_no_positive_record,unknown_incomplete_inventory_no_positive_record,2015.0,2.61,8.66,4.73,59.83,4.85,101.80627681192142,21505.0,,12.0,"Includes term deposits; cash-flow-based measure, detailed vintage exclusions remain subject to audit",False,Pre-AASB15/1058,2017.0,-1.61,9.09,94.24188085275952,12.0,False,Pre-AASB15/1058,2015,2017
kiama,Kiama,2017,0.0,0.0,0.0,verified_zero_mapped_burn_within_source_scope,100.0,Sentinel 2 (original mapping scope varies by year),no_listed_event_onset_not_physical_zero,no_listed_event_onset_not_physical_zero,2016.0,4.43,10.7106,3.8621,60.43,8.6802,95.8593569280592,22044.0,275.572,12.0,"Includes term deposits; cash-flow-based measure, detailed vintage exclusions remain subject to audit",False,Pre-AASB15/1058,2018.0,-0.3,12.7,107.24665762449138,12.0,False,Pre-AASB15/1058,2016,2018
kiama,Kiama,2018,299.64,0.0,0.0,mapped_burn_positive,100.0,Sentinel 2 (original mapping scope varies by year),no_listed_event_onset_not_physical_zero,no_listed_event_onset_not_physical_zero,2017.0,-1.61,9.09,2.58,78.41,10.73,94.24188085275952,22450.0,274.076,12.0,"Includes term deposits; cash-flow-based measure, detailed vintage exclusions remain subject to audit",False,Pre-AASB15/1058,2019.0,-13.32,3.78,100.0,12.0,False,AASB15/1058 and lease regime,2017,2019
kiama,Kiama,2019,0.0,0.0,0.0,verified_zero_mapped_burn_within_source_scope,10.0,Sentinel 2 (original mapping scope varies by year),no_listed_event_onset_not_physical_zero,no_listed_event_onset_not_physical_zero,2018.0,-0.3,12.7,1.9,65.9,6.8,107.24665762449138,23006.0,268.08000000000004,12.0,"Includes term deposits; cash-flow-based measure, detailed vintage exclusions remain subject to audit",False,Pre-AASB15/1058,2020.0,,,,12.0,False,AASB15/1058 and lease regime,2018,2020
kiama,Kiama,2020,0.0,0.0,1.0,verified_zero_mapped_burn_within_source_scope,10.0,Sentinel 2 (original mapping scope varies by year),no_listed_event_onset_not_physical_zero,listed_event_onset,2019.0,-13.32,3.78,1.0,69.29,0.06,100.0,23386.0,268.08000000000004,12.0,"Includes term deposits; cash-flow-based measure, detailed vintage exclusions remain subject to audit",False,AASB15/1058 and lease regime,2021.0,-13.7,8.62,,12.0,True,AASB15/1058 and lease regime,2019,2021
kiama,Kiama,2021,0.0,0.0,1.0,verified_zero_mapped_burn_within_source_scope,10.0,Sentinel 2 (original mapping scope varies by year),no_listed_event_onset_not_physical_zero,listed_event_onset,2020.0,,,,,,,23685.0,268.08000000000004,12.0,"Includes term deposits; cash-flow-based measure, detailed vintage exclusions remain subject to audit",False,AASB15/1058 and lease regime,2022.0,-10.01,5.1507,100.0,12.0,False,AASB15/1058 and lease regime,2020,2022
kiama,Kiama,2022,0.0,0.0,0.0,verified_zero_mapped_burn_within_source_scope,10.0,Sentinel 2 (original mapping scope varies by year),no_listed_event_onset_not_physical_zero,no_listed_event_onset_not_physical_zero,2021.0,-13.7,8.62,0.79,73.5,1.26,,22961.0,268.08000000000004,12.0,"Includes term deposits; cash-flow-based measure, detailed vintage exclusions remain subject to audit",True,AASB15/1058 and lease regime,2023.0,-17.57,6.8115,100.38623595505618,12.0,False,AASB15/1058 and lease regime,2021,2023
kiama,Kiama,2023,0.0,0.0,1.0,verified_zero_mapped_burn_within_source_scope,10.0,Sentinel 2 (original mapping scope varies by year),no_listed_event_onset_not_physical_zero,listed_event_onset,2022.0,-10.01,5.1507,0.6364,73.15,0.1536,100.0,22964.0,276.55807,12.0,"Includes term deposits; cash-flow-based measure, detailed vintage exclusions remain subject to audit",False,AASB15/1058 and lease regime,2024.0,,,100.0,12.0,False,Six fiscal ratios not collected by OLG,2022,2024
kiama,Kiama,2024,,0.0,1.0,unknown_source_not_acquired,,Sentinel 2 (original mapping scope varies by year),no_listed_event_onset_not_physical_zero,listed_event_onset,2023.0,-17.57,6.8115,2.634,64.41,-1.3345,100.38623595505618,23173.0,276.56,12.0,"Includes term deposits; cash-flow-based measure, detailed vintage exclusions remain subject to audit",False,AASB15/1058 and lease regime,,,,,,,,2023,2025
kuringgai,Ku-ring-gai,2012,0.0,0.0,0.0,verified_zero_mapped_burn_within_source_scope,100.0,Landsat,no_listed_event_in_complete_published_list_not_physical_zero,no_listed_event_in_complete_published_list_not_physical_zero,,,,,,,,,,,,,,2013.0,1.5599999999999998,8.0142,94.69268095430652,12.0,False,Early OLG/TCorp definitions; revaluation exclusions described,2011,2013
kuringgai,Ku-ring-gai,2013,0.0,,,verified_zero_mapped_burn_within_source_scope,100.0,Landsat,unknown_incomplete_inventory_no_positive_record,unknown_incomplete_inventory_no_positive_record,2012.0,4.63,,2.0353,72.87,10.2785,81.17630445527078,116527.0,,12.0,Earlier measure excludes term deposits and uses different expense denominator; not converted,False,Early OLG/TCorp definitions; revaluation exclusions described,2014.0,0.51,6.0784,101.22140187767752,12.0,False,Pre-AASB15/1058,2012,2014
kuringgai,Ku-ring-gai,2014,0.0,,1.0,verified_zero_mapped_burn_within_source_scope,100.0,Landsat,unknown_incomplete_inventory_no_positive_record,observed_positive_partial_inventory_count_lower_bound,2013.0,1.5599999999999998,8.0142,2.8769,84.72,4.8247,94.69268095430652,119027.0,,12.0,"Includes term deposits; cash-flow-based measure, detailed vintage exclusions remain subject to audit",False,Early OLG/TCorp definitions; revaluation exclusions described,2015.0,5.98,10.51,107.44092233009708,12.0,False,Pre-AASB15/1058,2013,2015
kuringgai,Ku-ring-gai,2015,0.0,,1.0,verified_zero_mapped_burn_within_source_scope,100.0,Landsat,unknown_incomplete_inventory_no_positive_record,observed_positive_partial_inventory_count_lower_bound,2014.0,0.51,6.0784,2.5024,86.0,1.0873,101.22140187767752,120978.0,,12.0,"Includes term deposits; cash-flow-based measure, detailed vintage exclusions remain subject to audit",False,Pre-AASB15/1058,2016.0,8.97,13.890899999999998,103.6470588235294,12.0,False,Pre-AASB15/1058,2014,2016
kuringgai,Ku-ring-gai,2016,0.0,,,verified_zero_mapped_burn_within_source_scope,100.0,Landsat 8,unknown_incomplete_inventory_no_positive_record,unknown_incomplete_inventory_no_positive_record,2015.0,5.98,10.51,2.58,72.15,6.58,107.44092233009708,122859.0,,12.0,"Includes term deposits; cash-flow-based measure, detailed vintage exclusions remain subject to audit",False,Pre-AASB15/1058,2017.0,4.01,16.8,114.6218487394958,12.0,False,Pre-AASB15/1058,2015,2017
kuringgai,Ku-ring-gai,2017,0.0,0.0,0.0,verified_zero_mapped_burn_within_source_scope,100.0,Sentinel 2 (original mapping scope varies by year),no_listed_event_onset_not_physical_zero,no_listed_event_onset_not_physical_zero,2016.0,8.97,13.890899999999998,3.2100999999999997,82.42,13.4575,103.6470588235294,123143.0,477.7,12.0,"Includes term deposits; cash-flow-based measure, detailed vintage exclusions remain subject to audit",False,Pre-AASB15/1058,2018.0,10.22,16.35,113.7292817679558,12.0,False,Pre-AASB15/1058,2016,2018
kuringgai,Ku-ring-gai,2018,0.0,0.0,0.0,verified_zero_mapped_burn_within_source_scope,100.0,Sentinel 2 (original mapping scope varies by year),no_listed_event_onset_not_physical_zero,no_listed_event_onset_not_physical_zero,2017.0,4.01,16.8,3.05,76.97,13.96,114.6218487394958,124444.0,478.6,12.0,"Includes term deposits; cash-flow-based measure, detailed vintage exclusions remain subject to audit",False,Pre-AASB15/1058,2019.0,4.59,15.58,114.03061224489797,12.0,False,AASB15/1058 and lease regime,2017,2019
kuringgai,Ku-ring-gai,2019,0.0,1.0,1.0,verified_zero_mapped_burn_within_source_scope,10.0,Sentinel 2 (original mapping scope varies by year),listed_event_onset,listed_event_onset,2018.0,10.22,16.35,3.65,85.2,17.72,113.7292817679558,126046.0,478.6,12.0,"Includes term deposits; cash-flow-based measure, detailed vintage exclusions remain subject to audit",False,Pre-AASB15/1058,2020.0,5.85,15.12,105.95611285266456,12.0,False,AASB15/1058 and lease regime,2018,2020
kuringgai,Ku-ring-gai,2020,0.0,0.0,1.0,verified_zero_mapped_burn_within_source_scope,10.0,Sentinel 2 (original mapping scope varies by year),no_listed_event_onset_not_physical_zero,listed_event_onset,2019.0,4.59,15.58,3.42,83.83,19.99,114.03061224489797,127153.0,479.779,12.0,"Includes term deposits; cash-flow-based measure, detailed vintage exclusions remain subject to audit",False,AASB15/1058 and lease regime,2021.0,4.9,16.0224,95.28384279475982,12.0,False,AASB15/1058 and lease regime,2019,2021
kuringgai,Ku-ring-gai,2021,0.0,0.0,1.0,verified_zero_mapped_burn_within_source_scope,10.0,Sentinel 2 (original mapping scope varies by year),no_listed_event_onset_not_physical_zero,listed_event_onset,2020.0,5.85,15.12,2.3,82.03,30.56,105.95611285266456,127603.0,482.595,12.0,"Includes term deposits; cash-flow-based measure, detailed vintage exclusions remain subject to audit",False,AASB15/1058 and lease regime,2022.0,7.85,13.4748,91.42212189616252,12.0,False,AASB15/1058 and lease regime,2020,2022
kuringgai,Ku-ring-gai,2022,0.0,0.0,0.0,verified_zero_mapped_burn_within_source_scope,10.0,Sentinel 2 (original mapping scope varies by year),no_listed_event_onset_not_physical_zero,no_listed_event_onset_not_physical_zero,2021.0,4.9,16.0224,2.8119,82.7,26.2873,95.28384279475982,124659.0,482.6,12.0,"Includes term deposits; cash-flow-based measure, detailed vintage exclusions remain subject to audit",False,AASB15/1058 and lease regime,2023.0,1.65,12.5565,91.94236926360726,12.0,False,AASB15/1058 and lease regime,2021,2023
kuringgai,Ku-ring-gai,2023,0.0,0.0,0.0,verified_zero_mapped_burn_within_source_scope,10.0,Sentinel 2 (original mapping scope varies by year),no_listed_event_onset_not_physical_zero,no_listed_event_onset_not_physical_zero,2022.0,7.85,13.4748,3.3534,80.87,7.162,91.42212189616252,124172.0,482.194,12.0,"Includes term deposits; cash-flow-based measure, detailed vintage exclusions remain subject to audit",False,AASB15/1058 and lease regime,2024.0,,,89.93103448275862,12.0,False,Six fiscal ratios not collected by OLG,2022,2024
kuringgai,Ku-ring-gai,2024,,0.0,0.0,unknown_source_not_acquired,,Sentinel 2 (original mapping scope varies by year),no_listed_event_onset_not_physical_zero,no_listed_event_onset_not_physical_zero,2023.0,1.65,12.5565,4.0021,82.86,6.4947,91.94236926360726,128362.0,482.19000000000005,12.0,"Includes term deposits; cash-flow-based measure, detailed vintage exclusions remain subject to audit",False,AASB15/1058 and lease regime,,,,,,,,2023,2025
kyogle,Kyogle,2012,0.0,1.0,1.0,verified_zero_mapped_burn_within_source_scope,100.0,Landsat,observed_positive_in_complete_published_list,observed_positive_in_complete_published_list,,,,,,,,,,,,,,2013.0,-26.94,11.5048,99.42426926483614,12.0,False,Early OLG/TCorp definitions; revaluation exclusions described,2011,2013
kyogle,Kyogle,2013,0.0,,,verified_zero_mapped_burn_within_source_scope,100.0,Landsat,unknown_incomplete_inventory_no_positive_record,unknown_incomplete_inventory_no_positive_record,2012.0,-19.39,,11.1149,53.04,21.75,55.58667452830189,9525.0,,12.0,Earlier measure excludes term deposits and uses different expense denominator; not converted,False,Early OLG/TCorp definitions; revaluation exclusions described,2014.0,-7.44,15.6286,99.80595084087967,12.0,False,Pre-AASB15/1058,2012,2014
kyogle,Kyogle,2014,389.38778490440785,,1.0,observed_positive_mapped_burn_within_source_scope,100.0,Landsat,unknown_incomplete_inventory_no_positive_record,observed_positive_partial_inventory_count_lower_bound,2013.0,-26.94,11.5048,12.82,66.3,18.1524,99.42426926483614,9538.0,,12.0,"Includes term deposits; cash-flow-based measure, detailed vintage exclusions remain subject to audit",False,Early OLG/TCorp definitions; revaluation exclusions described,2015.0,4.46,16.15,103.02445572381392,12.0,False,Pre-AASB15/1058,2013,2015
kyogle,Kyogle,2015,0.0,,,verified_zero_mapped_burn_within_source_scope,100.0,Landsat,unknown_incomplete_inventory_no_positive_record,unknown_incomplete_inventory_no_positive_record,2014.0,-7.44,15.6286,8.898200000000001,63.22,15.8081,99.80595084087967,9531.0,,12.0,"Includes term deposits; cash-flow-based measure, detailed vintage exclusions remain subject to audit",False,Pre-AASB15/1058,2016.0,17.19,17.2192,100.46919624643004,12.0,False,Pre-AASB15/1058,2014,2016
kyogle,Kyogle,2016,625.6836636900285,,1.0,observed_positive_mapped_burn_within_source_scope,100.0,Landsat 8,unknown_incomplete_inventory_no_positive_record,observed_positive_partial_inventory_count_lower_bound,2015.0,4.46,16.15,8.93,52.15,19.34,103.02445572381392,9537.0,,12.0,"Includes term deposits; cash-flow-based measure, detailed vintage exclusions remain subject to audit",False,Pre-AASB15/1058,2017.0,8.75,11.12,95.8196140540991,12.0,False,Pre-AASB15/1058,2015,2017
kyogle,Kyogle,2017,2040.86,0.0,0.0,mapped_burn_positive,100.0,Sentinel 2 (original mapping scope varies by year),no_listed_event_onset_not_physical_zero,no_listed_event_onset_not_physical_zero,2016.0,17.19,17.2192,6.317200000000001,49.56,27.8797,100.46919624643004,9072.0,1217.3299999999997,12.0,"Includes term deposits; cash-flow-based measure, detailed vintage exclusions remain subject to audit",False,Pre-AASB15/1058,2018.0,8.55,9.73,109.26524020993136,12.0,False,Pre-AASB15/1058,2016,2018
kyogle,Kyogle,2018,1703.65,1.0,0.0,mapped_burn_positive,100.0,Sentinel 2 (original mapping scope varies by year),listed_event_onset,no_listed_event_onset_not_physical_zero,2017.0,8.75,11.12,5.63,52.91,21.21,95.8196140540991,8979.0,1217.33,12.0,"Includes term deposits; cash-flow-based measure, detailed vintage exclusions remain subject to audit",False,Pre-AASB15/1058,2019.0,11.88,10.78,102.52606255012029,12.0,False,AASB15/1058 and lease regime,2017,2019
kyogle,Kyogle,2019,21151.76,1.0,1.0,mapped_burn_positive,10.0,Sentinel 2 (original mapping scope varies by year),listed_event_onset,listed_event_onset,2018.0,8.55,9.73,3.76,56.77,24.94,109.26524020993136,8870.0,1211.2300000000002,12.0,"Includes term deposits; cash-flow-based measure, detailed vintage exclusions remain subject to audit",False,Pre-AASB15/1058,2020.0,7.05,9.18,112.50746863174666,12.0,False,AASB15/1058 and lease regime,2018,2020
kyogle,Kyogle,2020,510.91,0.0,1.0,mapped_burn_positive,10.0,Sentinel 2 (original mapping scope varies by year),no_listed_event_onset_not_physical_zero,listed_event_onset,2019.0,11.88,10.78,5.95,48.67,16.55,102.52606255012029,8796.0,1211.2300000000002,12.0,"Includes term deposits; cash-flow-based measure, detailed vintage exclusions remain subject to audit",False,AASB15/1058 and lease regime,2021.0,28.9,19.199,101.78992918961448,12.0,False,AASB15/1058 and lease regime,2019,2021
kyogle,Kyogle,2021,149.48,0.0,1.0,mapped_burn_positive,10.0,Sentinel 2 (original mapping scope varies by year),no_listed_event_onset_not_physical_zero,listed_event_onset,2020.0,7.05,9.18,5.2,44.07,10.27,112.50746863174666,8788.0,1206.5300000000002,12.0,"Includes term deposits; cash-flow-based measure, detailed vintage exclusions remain subject to audit",False,AASB15/1058 and lease regime,2022.0,14.26,19.3004,92.05516705516706,12.0,False,AASB15/1058 and lease regime,2020,2022
kyogle,Kyogle,2022,189.24,0.0,1.0,mapped_burn_positive,10.0,Sentinel 2 (original mapping scope varies by year),no_listed_event_onset_not_physical_zero,listed_event_onset,2021.0,28.9,19.199,14.7007,34.48,13.3857,101.78992918961448,9344.0,1206.5300000000002,12.0,"Includes term deposits; cash-flow-based measure, detailed vintage exclusions remain subject to audit",False,AASB15/1058 and lease regime,2023.0,14.99,19.3341,104.72604029373,12.0,False,AASB15/1058 and lease regime,2021,2023
kyogle,Kyogle,2023,4115.660000000001,1.0,0.0,mapped_burn_positive,10.0,Sentinel 2 (original mapping scope varies by year),listed_event_onset,no_listed_event_onset_not_physical_zero,2022.0,14.26,19.3004,5.3664,20.57,7.5318,92.05516705516706,9453.0,1206.5300000000002,12.0,"Includes term deposits; cash-flow-based measure, detailed vintage exclusions remain subject to audit",False,AASB15/1058 and lease regime,2024.0,,,129.61067446536282,12.0,False,Six fiscal ratios not collected by OLG,2022,2024
kyogle,Kyogle,2024,,0.0,1.0,unknown_source_not_acquired,,Sentinel 2 (original mapping scope varies by year),no_listed_event_onset_not_physical_zero,listed_event_onset,2023.0,14.99,19.3341,4.7836,30.59,8.2484,104.72604029373,9582.0,1199.5890000000002,12.0,"Includes term deposits; cash-flow-based measure, detailed vintage exclusions remain subject to audit",False,AASB15/1058 and lease regime,,,,,,,,2023,2025
lakemacquarie,Lake Macquarie,2012,0.0,0.0,0.0,verified_zero_mapped_burn_within_source_scope,100.0,Landsat,no_listed_event_in_complete_published_list_not_physical_zero,no_listed_event_in_complete_published_list_not_physical_zero,,,,,,,,,,,,,,2013.0,1.63,10.0719,95.27038577696734,12.0,False,Early OLG/TCorp definitions; revaluation exclusions described,2011,2013
lakemacquarie,Lake Macquarie,2013,1806.223809105203,1.0,,observed_positive_mapped_burn_within_source_scope,100.0,Landsat,observed_positive_partial_inventory_count_lower_bound,unknown_incomplete_inventory_no_positive_record,2012.0,0.29,,2.934,64.53999999999999,5.7892,92.68559615735391,198348.0,,12.0,Earlier measure excludes term deposits and uses different expense denominator; not converted,False,Early OLG/TCorp definitions; revaluation exclusions described,2014.0,0.59,10.5642,95.7210593269342,12.0,False,Pre-AASB15/1058,2012,2014
lakemacquarie,Lake Macquarie,2014,0.0,,1.0,verified_zero_mapped_burn_within_source_scope,100.0,Landsat,unknown_incomplete_inventory_no_positive_record,observed_positive_partial_inventory_count_lower_bound,2013.0,1.63,10.0719,2.063,70.21,6.2754,95.27038577696734,200796.0,,12.0,"Includes term deposits; cash-flow-based measure, detailed vintage exclusions remain subject to audit",False,Early OLG/TCorp definitions; revaluation exclusions described,2015.0,4.18,10.0,105.3460178481226,12.0,False,Pre-AASB15/1058,2013,2015
lakemacquarie,Lake Macquarie,2015,0.0,,,verified_zero_mapped_burn_within_source_scope,100.0,Landsat,unknown_incomplete_inventory_no_positive_record,unknown_incomplete_inventory_no_positive_record,2014.0,0.59,10.5642,1.9912,67.3,5.9563999999999995,95.7210593269342,202676.0,,12.0,"Includes term deposits; cash-flow-based measure, detailed vintage exclusions remain subject to audit",False,Pre-AASB15/1058,2016.0,8.98,10.922,92.23888314374354,12.0,False,Pre-AASB15/1058,2014,2016
lakemacquarie,Lake Macquarie,2016,388.6127800495347,,,observed_positive_mapped_burn_within_source_scope,100.0,Landsat 8,unknown_incomplete_inventory_no_positive_record,unknown_incomplete_inventory_no_positive_record,2015.0,4.18,10.0,2.67,63.31,7.44,105.3460178481226,204166.0,,12.0,"Includes term deposits; cash-flow-based measure, detailed vintage exclusions remain subject to audit",False,Pre-AASB15/1058,2017.0,5.56,8.74,92.70923529848346,12.0,False,Pre-AASB15/1058,2015,2017
lakemacquarie,Lake Macquarie,2017,666.25,0.0,0.0,mapped_burn_positive,100.0,Sentinel 2 (original mapping scope varies by year),no_listed_event_onset_not_physical_zero,no_listed_event_onset_not_physical_zero,2016.0,8.98,10.922,2.9005,65.64,9.8805,92.23888314374354,202847.0,1354.6699999999998,12.0,"Includes term deposits; cash-flow-based measure, detailed vintage exclusions remain subject to audit",False,Pre-AASB15/1058,2018.0,-0.27,8.2,93.2177402989786,12.0,False,Pre-AASB15/1058,2016,2018
lakemacquarie,Lake Macquarie,2018,401.63,0.0,0.0,mapped_burn_positive,100.0,Sentinel 2 (original mapping scope varies by year),no_listed_event_onset_not_physical_zero,no_listed_event_onset_not_physical_zero,2017.0,5.56,8.74,2.75,68.32,8.52,92.70923529848346,203376.0,1366.6299999999997,12.0,"Includes term deposits; cash-flow-based measure, detailed vintage exclusions remain subject to audit",False,Pre-AASB15/1058,2019.0,-2.5,10.15,96.02050306031964,12.0,False,AASB15/1058 and lease regime,2017,2019
lakemacquarie,Lake Macquarie,2019,1795.67,1.0,1.0,mapped_burn_positive,10.0,Sentinel 2 (original mapping scope varies by year),listed_event_onset,listed_event_onset,2018.0,-0.27,8.2,4.9,75.85,6.51,93.2177402989786,204914.0,1380.1,12.0,"Includes term deposits; cash-flow-based measure, detailed vintage exclusions remain subject to audit",False,Pre-AASB15/1058,2020.0,0.99,11.5,87.05118961788031,12.0,False,AASB15/1058 and lease regime,2018,2020
lakemacquarie,Lake Macquarie,2020,0.0,0.0,1.0,verified_zero_mapped_burn_within_source_scope,10.0,Sentinel 2 (original mapping scope varies by year),no_listed_event_onset_not_physical_zero,listed_event_onset,2019.0,-2.5,10.15,4.26,71.41,5.09,96.02050306031964,205901.0,1385.2299999999998,12.0,"Includes term deposits; cash-flow-based measure, detailed vintage exclusions remain subject to audit",False,AASB15/1058 and lease regime,2021.0,1.96,12.9205,87.40342962090511,12.0,False,AASB15/1058 and lease regime,2019,2021
lakemacquarie,Lake Macquarie,2021,45.3,0.0,1.0,mapped_burn_positive,10.0,Sentinel 2 (original mapping scope varies by year),no_listed_event_onset_not_physical_zero,listed_event_onset,2020.0,0.99,11.5,4.14,72.58,6.23,87.05118961788031,207775.0,1393.41,12.0,"Includes term deposits; cash-flow-based measure, detailed vintage exclusions remain subject to audit",False,AASB15/1058 and lease regime,2022.0,3.97,12.3516,88.06027449851233,12.0,False,AASB15/1058 and lease regime,2020,2022
lakemacquarie,Lake Macquarie,2022,0.0,0.0,0.0,verified_zero_mapped_burn_within_source_scope,10.0,Sentinel 2 (original mapping scope varies by year),no_listed_event_onset_not_physical_zero,no_listed_event_onset_not_physical_zero,2021.0,1.96,12.9205,5.9047,69.64,6.1395,87.40342962090511,213967.0,1401.4779999999998,12.0,"Includes term deposits; cash-flow-based measure, detailed vintage exclusions remain subject to audit",False,AASB15/1058 and lease regime,2023.0,0.6,11.9251,85.77539209930387,12.0,False,AASB15/1058 and lease regime,2021,2023
lakemacquarie,Lake Macquarie,2023,207.94,1.0,1.0,mapped_burn_positive,10.0,Sentinel 2 (original mapping scope varies by year),listed_event_onset,listed_event_onset,2022.0,3.97,12.3516,3.9489,69.57,5.0336,88.06027449851233,216603.0,1447.986,12.0,"Includes term deposits; cash-flow-based measure, detailed vintage exclusions remain subject to audit",False,AASB15/1058 and lease regime,2024.0,,,76.67732543952319,12.0,False,Six fiscal ratios not collected by OLG,2022,2024
lakemacquarie,Lake Macquarie,2024,,0.0,1.0,unknown_source_not_acquired,,Sentinel 2 (original mapping scope varies by year),no_listed_event_onset_not_physical_zero,listed_event_onset,2023.0,0.6,11.9251,4.3378,59.88,3.6433,85.77539209930387,221859.0,1451.1399999999996,12.0,"Includes term deposits; cash-flow-based measure, detailed vintage exclusions remain subject to audit",False,AASB15/1058 and lease regime,,,,,,,,2023,2025
lanecove,Lane Cove,2012,0.0,0.0,0.0,verified_zero_mapped_burn_within_source_scope,100.0,Landsat,no_listed_event_in_complete_published_list_not_physical_zero,no_listed_event_in_complete_published_list_not_physical_zero,,,,,,,,,,,,,,2013.0,0.3,14.53,136.0347181587673,12.0,False,Early OLG/TCorp definitions; revaluation exclusions described,2011,2013
lanecove,Lane Cove,2013,0.0,,,verified_zero_mapped_burn_within_source_scope,100.0,Landsat,unknown_incomplete_inventory_no_positive_record,unknown_incomplete_inventory_no_positive_record,2012.0,3.3099999999999996,,3.5221,64.38000000000001,,120.96797153024912,33726.0,,12.0,Earlier measure excludes term deposits and uses different expense denominator; not converted,False,Early OLG/TCorp definitions; revaluation exclusions described,2014.0,4.36,7.9945,185.65811962043955,12.0,False,Pre-AASB15/1058,2012,2014
lanecove,Lane Cove,2014,0.0,,,verified_zero_mapped_burn_within_source_scope,100.0,Landsat,unknown_incomplete_inventory_no_positive_record,unknown_incomplete_inventory_no_positive_record,2013.0,0.3,14.53,2.5249,72.59,,136.0347181587673,33996.0,,12.0,"Includes term deposits; cash-flow-based measure, detailed vintage exclusions remain subject to audit",False,Early OLG/TCorp definitions; revaluation exclusions described,2015.0,5.28,7.98,213.64462334887236,12.0,False,Pre-AASB15/1058,2013,2015
lanecove,Lane Cove,2015,0.0,,1.0,verified_zero_mapped_burn_within_source_scope,100.0,Landsat,unknown_incomplete_inventory_no_positive_record,observed_positive_partial_inventory_count_lower_bound,2014.0,4.36,7.9945,2.7118,67.09,,185.65811962043955,34807.0,,12.0,"Includes term deposits; cash-flow-based measure, detailed vintage exclusions remain subject to audit",False,Pre-AASB15/1058,2016.0,10.98,19.2264,325.0555967383247,12.0,False,Pre-AASB15/1058,2014,2016
lanecove,Lane Cove,2016,0.0,,,verified_zero_mapped_burn_within_source_scope,100.0,Landsat 8,unknown_incomplete_inventory_no_positive_record,unknown_incomplete_inventory_no_positive_record,2015.0,5.28,7.98,3.52,76.96,,213.64462334887236,35959.0,,12.0,"Includes term deposits; cash-flow-based measure, detailed vintage exclusions remain subject to audit",False,Pre-AASB15/1058,2017.0,5.77,17.48,198.92091437694856,12.0,False,Pre-AASB15/1058,2015,2017
lanecove,Lane Cove,2017,0.0,0.0,0.0,verified_zero_mapped_burn_within_source_scope,100.0,Sentinel 2 (original mapping scope varies by year),no_listed_event_onset_not_physical_zero,no_listed_event_onset_not_physical_zero,2016.0,10.98,19.2264,6.680499999999999,68.55,,325.0555967383247,37810.0,101.6,12.0,"Includes term deposits; cash-flow-based measure, detailed vintage exclusions remain subject to audit",False,Pre-AASB15/1058,2018.0,5.81,34.19,234.99480789200416,12.0,False,Pre-AASB15/1058,2016,2018
lanecove,Lane Cove,2018,0.0,0.0,0.0,verified_zero_mapped_burn_within_source_scope,100.0,Sentinel 2 (original mapping scope varies by year),no_listed_event_onset_not_physical_zero,no_listed_event_onset_not_physical_zero,2017.0,5.77,17.48,6.37,69.92,,198.92091437694856,38742.0,101.61,12.0,"Includes term deposits; cash-flow-based measure, detailed vintage exclusions remain subject to audit",False,Pre-AASB15/1058,2019.0,1.81,33.98,236.19450317124736,12.0,False,AASB15/1058 and lease regime,2017,2019
lanecove,Lane Cove,2019,0.0,0.0,1.0,verified_zero_mapped_burn_within_source_scope,10.0,Sentinel 2 (original mapping scope varies by year),no_listed_event_onset_not_physical_zero,listed_event_onset,2018.0,5.81,34.19,7.02,47.1,,234.99480789200416,39486.0,101.61,12.0,"Includes term deposits; cash-flow-based measure, detailed vintage exclusions remain subject to audit",False,Pre-AASB15/1058,2020.0,4.24,23.3,139.98280309544282,12.0,False,AASB15/1058 and lease regime,2018,2020
lanecove,Lane Cove,2020,0.0,0.0,0.0,verified_zero_mapped_burn_within_source_scope,10.0,Sentinel 2 (original mapping scope varies by year),no_listed_event_onset_not_physical_zero,no_listed_event_onset_not_physical_zero,2019.0,1.81,33.98,2.96,64.54,,236.19450317124736,40155.0,101.61,12.0,"Includes term deposits; cash-flow-based measure, detailed vintage exclusions remain subject to audit",False,AASB15/1058 and lease regime,2021.0,4.76,40.2949,121.45618556701032,12.0,False,AASB15/1058 and lease regime,2019,2021
lanecove,Lane Cove,2021,0.0,0.0,0.0,verified_zero_mapped_burn_within_source_scope,10.0,Sentinel 2 (original mapping scope varies by year),no_listed_event_onset_not_physical_zero,no_listed_event_onset_not_physical_zero,2020.0,4.24,23.3,2.5,85.4,,139.98280309544282,40534.0,101.61,12.0,"Includes term deposits; cash-flow-based measure, detailed vintage exclusions remain subject to audit",False,AASB15/1058 and lease regime,2022.0,10.17,29.714,121.68052767421852,12.0,False,AASB15/1058 and lease regime,2020,2022
lanecove,Lane Cove,2022,0.0,0.0,0.0,verified_zero_mapped_burn_within_source_scope,10.0,Sentinel 2 (original mapping scope varies by year),no_listed_event_onset_not_physical_zero,no_listed_event_onset_not_physical_zero,2021.0,4.76,40.2949,4.6275,65.47,,121.45618556701032,39601.0,101.61,12.0,"Includes term deposits; cash-flow-based measure, detailed vintage exclusions remain subject to audit",False,AASB15/1058 and lease regime,2023.0,9.74,21.6285,130.69550930996715,12.0,False,AASB15/1058 and lease regime,2021,2023
lanecove,Lane Cove,2023,0.0,0.0,0.0,verified_zero_mapped_burn_within_source_scope,10.0,Sentinel 2 (original mapping scope varies by year),no_listed_event_onset_not_physical_zero,no_listed_event_onset_not_physical_zero,2022.0,10.17,29.714,5.9179,51.34,37.9057,121.68052767421852,40076.0,101.61,12.0,"Includes term deposits; cash-flow-based measure, detailed vintage exclusions remain subject to audit",False,AASB15/1058 and lease regime,2024.0,,,102.0253164556962,12.0,False,Six fiscal ratios not collected by OLG,2022,2024
lanecove,Lane Cove,2024,,0.0,0.0,unknown_source_not_acquired,,Sentinel 2 (original mapping scope varies by year),no_listed_event_onset_not_physical_zero,no_listed_event_onset_not_physical_zero,2023.0,9.74,21.6285,5.8305,69.53,20.2656,130.69550930996715,42566.0,101.61,12.0,"Includes term deposits; cash-flow-based measure, detailed vintage exclusions remain subject to audit",False,AASB15/1058 and lease regime,,,,,,,,2023,2025
leeton,Leeton,2012,0.0,1.0,0.0,verified_zero_mapped_burn_within_source_scope,100.0,Landsat,observed_positive_in_complete_published_list,no_listed_event_in_complete_published_list_not_physical_zero,,,,,,,,,,,,,,2013.0,-6.93,17.077,98.5059508736389,12.0,False,Early OLG/TCorp definitions; revaluation exclusions described,2011,2013
leeton,Leeton,2013,0.0,,,verified_zero_mapped_burn_within_source_scope,100.0,Landsat,unknown_incomplete_inventory_no_positive_record,unknown_incomplete_inventory_no_positive_record,2012.0,-4.41,,4.0885,59.79,54.8129,108.30258302583026,11498.0,,12.0,Earlier measure excludes term deposits and uses different expense denominator; not converted,False,Early OLG/TCorp definitions; revaluation exclusions described,2014.0,4.27,19.1877,134.7326203208556,12.0,False,Pre-AASB15/1058,2012,2014
leeton,Leeton,2014,0.0,,,verified_zero_mapped_burn_within_source_scope,100.0,Landsat,unknown_incomplete_inventory_no_positive_record,unknown_incomplete_inventory_no_positive_record,2013.0,-6.93,17.077,4.54,80.16,34.4118,98.5059508736389,11539.0,,12.0,"Includes term deposits; cash-flow-based measure, detailed vintage exclusions remain subject to audit",False,Early OLG/TCorp definitions; revaluation exclusions described,2015.0,13.71,20.66,100.0,12.0,False,Pre-AASB15/1058,2013,2015
leeton,Leeton,2015,0.0,,,verified_zero_mapped_burn_within_source_scope,100.0,Landsat,unknown_incomplete_inventory_no_positive_record,unknown_incomplete_inventory_no_positive_record,2014.0,4.27,19.1877,4.6806,76.08,22.467,134.7326203208556,11595.0,,12.0,"Includes term deposits; cash-flow-based measure, detailed vintage exclusions remain subject to audit",False,Pre-AASB15/1058,2016.0,16.15,20.725700000000003,100.78534031413612,12.0,False,Pre-AASB15/1058,2014,2016
leeton,Leeton,2016,0.0,,1.0,verified_zero_mapped_burn_within_source_scope,100.0,Landsat 8,unknown_incomplete_inventory_no_positive_record,observed_positive_partial_inventory_count_lower_bound,2015.0,13.71,20.66,4.81,75.83,25.04,100.0,11645.0,,12.0,"Includes term deposits; cash-flow-based measure, detailed vintage exclusions remain subject to audit",False,Pre-AASB15/1058,2017.0,12.86,22.51,100.0,12.0,False,Pre-AASB15/1058,2015,2017
leeton,Leeton,2017,0.0,0.0,0.0,verified_zero_mapped_burn_within_source_scope,100.0,Sentinel 2 (original mapping scope varies by year),no_listed_event_onset_not_physical_zero,no_listed_event_onset_not_physical_zero,2016.0,16.15,20.725700000000003,4.5197,69.01,28.2614,100.78534031413612,11418.0,900.96,12.0,"Includes term deposits; cash-flow-based measure, detailed vintage exclusions remain subject to audit",False,Pre-AASB15/1058,2018.0,7.79,22.71,100.30333670374117,12.0,False,Pre-AASB15/1058,2016,2018
leeton,Leeton,2018,0.0,0.0,0.0,verified_zero_mapped_burn_within_source_scope,100.0,Sentinel 2 (original mapping scope varies by year),no_listed_event_onset_not_physical_zero,no_listed_event_onset_not_physical_zero,2017.0,12.86,22.51,5.12,71.84,25.15,100.0,11417.0,900.96,12.0,"Includes term deposits; cash-flow-based measure, detailed vintage exclusions remain subject to audit",False,Pre-AASB15/1058,2019.0,8.27,25.05,96.97139652271451,12.0,False,AASB15/1058 and lease regime,2017,2019
leeton,Leeton,2019,0.0,0.0,0.0,verified_zero_mapped_burn_within_source_scope,10.0,Sentinel 2 (original mapping scope varies by year),no_listed_event_onset_not_physical_zero,no_listed_event_onset_not_physical_zero,2018.0,7.79,22.71,4.33,73.91,21.95,100.30333670374117,11438.0,900.96,12.0,"Includes term deposits; cash-flow-based measure, detailed vintage exclusions remain subject to audit",False,Pre-AASB15/1058,2020.0,-13.88,17.58,146.32324779777863,12.0,False,AASB15/1058 and lease regime,2018,2020
leeton,Leeton,2020,0.0,0.0,0.0,verified_zero_mapped_burn_within_source_scope,10.0,Sentinel 2 (original mapping scope varies by year),no_listed_event_onset_not_physical_zero,no_listed_event_onset_not_physical_zero,2019.0,8.27,25.05,4.34,70.93,21.82,96.97139652271451,11445.0,905.9,12.0,"Includes term deposits; cash-flow-based measure, detailed vintage exclusions remain subject to audit",False,AASB15/1058 and lease regime,2021.0,0.12,19.5675,101.36405529953916,12.0,False,AASB15/1058 and lease regime,2019,2021
leeton,Leeton,2021,0.0,0.0,1.0,verified_zero_mapped_burn_within_source_scope,10.0,Sentinel 2 (original mapping scope varies by year),no_listed_event_onset_not_physical_zero,listed_event_onset,2020.0,-13.88,17.58,3.41,59.63,5.35,146.32324779777863,11343.0,905.9,12.0,"Includes term deposits; cash-flow-based measure, detailed vintage exclusions remain subject to audit",False,AASB15/1058 and lease regime,2022.0,3.82,20.1449,100.01491869312248,12.0,False,AASB15/1058 and lease regime,2020,2022
leeton,Leeton,2022,78.98,0.0,1.0,mapped_burn_positive,10.0,Sentinel 2 (original mapping scope varies by year),no_listed_event_onset_not_physical_zero,listed_event_onset,2021.0,0.12,19.5675,4.27,65.02,14.9772,101.36405529953916,11481.0,905.9,12.0,"Includes term deposits; cash-flow-based measure, detailed vintage exclusions remain subject to audit",False,AASB15/1058 and lease regime,2023.0,-0.38,20.2733,100.0,12.0,False,AASB15/1058 and lease regime,2021,2023
leeton,Leeton,2023,0.0,0.0,0.0,verified_zero_mapped_burn_within_source_scope,10.0,Sentinel 2 (original mapping scope varies by year),no_listed_event_onset_not_physical_zero,no_listed_event_onset_not_physical_zero,2022.0,3.82,20.1449,2.1477,61.83,20.8016,100.01491869312248,11454.0,905.9,12.0,"Includes term deposits; cash-flow-based measure, detailed vintage exclusions remain subject to audit",False,AASB15/1058 and lease regime,2024.0,,,102.78324430700027,12.0,False,Six fiscal ratios not collected by OLG,2022,2024
leeton,Leeton,2024,,0.0,0.0,unknown_source_not_acquired,,Sentinel 2 (original mapping scope varies by year),no_listed_event_onset_not_physical_zero,no_listed_event_onset_not_physical_zero,2023.0,-0.38,20.2733,1.4448,61.48,27.1144,100.0,11438.0,905.9,12.0,"Includes term deposits; cash-flow-based measure, detailed vintage exclusions remain subject to audit",False,AASB15/1058 and lease regime,,,,,,,,2023,2025
lismore,Lismore,2012,0.0,0.0,1.0,verified_zero_mapped_burn_within_source_scope,100.0,Landsat,no_listed_event_in_complete_published_list_not_physical_zero,observed_positive_in_complete_published_list,,,,,,,,,,,,,,2013.0,-5.0,4.654,75.1419206957863,12.0,False,Early OLG/TCorp definitions; revaluation exclusions described,2011,2013
lismore,Lismore,2013,0.0,,,verified_zero_mapped_burn_within_source_scope,100.0,Landsat,unknown_incomplete_inventory_no_positive_record,unknown_incomplete_inventory_no_positive_record,2012.0,-10.25,,1.6764,72.22,2.4634,88.29997751293007,44485.0,,12.0,Earlier measure excludes term deposits and uses different expense denominator; not converted,False,Early OLG/TCorp definitions; revaluation exclusions described,2014.0,-2.46,5.252999999999999,97.8411175391562,12.0,False,Pre-AASB15/1058,2012,2014
lismore,Lismore,2014,0.0,,1.0,verified_zero_mapped_burn_within_source_scope,100.0,Landsat,unknown_incomplete_inventory_no_positive_record,observed_positive_partial_inventory_count_lower_bound,2013.0,-5.0,4.654,1.7242,80.58,2.2476,75.1419206957863,44637.0,,12.0,"Includes term deposits; cash-flow-based measure, detailed vintage exclusions remain subject to audit",False,Early OLG/TCorp definitions; revaluation exclusions described,2015.0,4.39,5.16,99.03416856492028,12.0,False,Pre-AASB15/1058,2013,2015
lismore,Lismore,2015,0.0,,1.0,verified_zero_mapped_burn_within_source_scope,100.0,Landsat,unknown_incomplete_inventory_no_positive_record,observed_positive_partial_inventory_count_lower_bound,2014.0,-2.46,5.252999999999999,1.7149,82.61,3.6056,97.8411175391562,44629.0,,12.0,"Includes term deposits; cash-flow-based measure, detailed vintage exclusions remain subject to audit",False,Pre-AASB15/1058,2016.0,6.54,9.0681,93.00359712230215,12.0,False,Pre-AASB15/1058,2014,2016
lismore,Lismore,2016,0.0,,1.0,verified_zero_mapped_burn_within_source_scope,100.0,Landsat 8,unknown_incomplete_inventory_no_positive_record,observed_positive_partial_inventory_count_lower_bound,2015.0,4.39,5.16,1.45,77.75,4.35,99.03416856492028,44741.0,,12.0,"Includes term deposits; cash-flow-based measure, detailed vintage exclusions remain subject to audit",False,Pre-AASB15/1058,2017.0,1.44,7.46,92.6403106247794,12.0,False,Pre-AASB15/1058,2015,2017
lismore,Lismore,2017,0.0,0.0,0.0,verified_zero_mapped_burn_within_source_scope,100.0,Sentinel 2 (original mapping scope varies by year),no_listed_event_onset_not_physical_zero,no_listed_event_onset_not_physical_zero,2016.0,6.54,9.0681,1.5003,74.36,4.0305,93.00359712230215,44054.0,1218.82,12.0,"Includes term deposits; cash-flow-based measure, detailed vintage exclusions remain subject to audit",False,Pre-AASB15/1058,2018.0,2.08,10.49,93.17195904910636,12.0,False,Pre-AASB15/1058,2016,2018
lismore,Lismore,2018,0.0,1.0,0.0,verified_zero_mapped_burn_within_source_scope,100.0,Sentinel 2 (original mapping scope varies by year),listed_event_onset,no_listed_event_onset_not_physical_zero,2017.0,1.44,7.46,1.37,71.36,3.41,92.6403106247794,43905.0,1223.03,12.0,"Includes term deposits; cash-flow-based measure, detailed vintage exclusions remain subject to audit",False,Pre-AASB15/1058,2019.0,2.63,9.68,91.29878984148628,12.0,False,AASB15/1058 and lease regime,2017,2019
lismore,Lismore,2019,3059.42,1.0,1.0,mapped_burn_positive,10.0,Sentinel 2 (original mapping scope varies by year),listed_event_onset,listed_event_onset,2018.0,2.08,10.49,1.56,71.64,4.01,93.17195904910636,43843.0,1227.54,12.0,"Includes term deposits; cash-flow-based measure, detailed vintage exclusions remain subject to audit",False,Pre-AASB15/1058,2020.0,-9.93,13.33,86.09293464756067,12.0,False,AASB15/1058 and lease regime,2018,2020
lismore,Lismore,2020,0.0,0.0,1.0,verified_zero_mapped_burn_within_source_scope,10.0,Sentinel 2 (original mapping scope varies by year),no_listed_event_onset_not_physical_zero,listed_event_onset,2019.0,2.63,9.68,2.33,66.72,2.54,91.29878984148628,43692.0,1230.88,12.0,"Includes term deposits; cash-flow-based measure, detailed vintage exclusions remain subject to audit",False,AASB15/1058 and lease regime,2021.0,0.88,14.1387,80.17941381177016,12.0,False,AASB15/1058 and lease regime,2019,2021
lismore,Lismore,2021,0.0,0.0,1.0,verified_zero_mapped_burn_within_source_scope,10.0,Sentinel 2 (original mapping scope varies by year),no_listed_event_onset_not_physical_zero,listed_event_onset,2020.0,-9.93,13.33,1.84,64.37,3.04,86.09293464756067,43667.0,1233.6,12.0,"Includes term deposits; cash-flow-based measure, detailed vintage exclusions remain subject to audit",False,AASB15/1058 and lease regime,2022.0,-4.09,12.0423,106.952313503305,12.0,False,AASB15/1058 and lease regime,2020,2022
lismore,Lismore,2022,0.0,0.0,1.0,verified_zero_mapped_burn_within_source_scope,10.0,Sentinel 2 (original mapping scope varies by year),no_listed_event_onset_not_physical_zero,listed_event_onset,2021.0,0.88,14.1387,2.3778,56.13,4.7331,80.17941381177016,44344.0,1233.6,12.0,"Includes term deposits; cash-flow-based measure, detailed vintage exclusions remain subject to audit",False,AASB15/1058 and lease regime,2023.0,-2.08,19.6076,121.8412942989214,12.0,False,AASB15/1058 and lease regime,2021,2023
lismore,Lismore,2023,0.0,0.0,1.0,verified_zero_mapped_burn_within_source_scope,10.0,Sentinel 2 (original mapping scope varies by year),no_listed_event_onset_not_physical_zero,listed_event_onset,2022.0,-4.09,12.0423,2.0668,46.98,2.892,106.952313503305,44276.0,1241.4,12.0,"Includes term deposits; cash-flow-based measure, detailed vintage exclusions remain subject to audit",False,AASB15/1058 and lease regime,2024.0,,,121.35023015286696,12.0,False,Six fiscal ratios not collected by OLG,2022,2024
lismore,Lismore,2024,,0.0,1.0,unknown_source_not_acquired,,Sentinel 2 (original mapping scope varies by year),no_listed_event_onset_not_physical_zero,listed_event_onset,2023.0,-2.08,19.6076,1.9224,43.28,3.5984,121.8412942989214,43783.0,1242.1,12.0,"Includes term deposits; cash-flow-based measure, detailed vintage exclusions remain subject to audit",False,AASB15/1058 and lease regime,,,,,,,,2023,2025
lithgow,Lithgow,2012,0.0,1.0,1.0,verified_zero_mapped_burn_within_source_scope,100.0,Landsat,observed_positive_in_complete_published_list,observed_positive_in_complete_published_list,,,,,,,,,,,,,,2013.0,-6.59,7.7411,96.70972655400014,12.0,False,Early OLG/TCorp definitions; revaluation exclusions described,2011,2013
lithgow,Lithgow,2013,65871.3981002867,1.0,,observed_positive_mapped_burn_within_source_scope,100.0,Landsat,observed_positive_partial_inventory_count_lower_bound,unknown_incomplete_inventory_no_positive_record,2012.0,-4.9799999999999995,,3.486,56.34,2.9127,85.11757827725087,21009.0,,12.0,Earlier measure excludes term deposits and uses different expense denominator; not converted,False,Early OLG/TCorp definitions; revaluation exclusions described,2014.0,-3.73,6.7122,75.79726567673765,12.0,False,Pre-AASB15/1058,2012,2014
lithgow,Lithgow,2014,0.0,,1.0,verified_zero_mapped_burn_within_source_scope,100.0,Landsat,unknown_incomplete_inventory_no_positive_record,observed_positive_partial_inventory_count_lower_bound,2013.0,-6.59,7.7411,1.8983,74.9,3.5667,96.70972655400014,21118.0,,12.0,"Includes term deposits; cash-flow-based measure, detailed vintage exclusions remain subject to audit",False,Early OLG/TCorp definitions; revaluation exclusions described,2015.0,-7.75,8.82,78.84070603617346,12.0,False,Pre-AASB15/1058,2013,2015
lithgow,Lithgow,2015,149.18227310668988,,,observed_positive_mapped_burn_within_source_scope,100.0,Landsat,unknown_incomplete_inventory_no_positive_record,unknown_incomplete_inventory_no_positive_record,2014.0,-3.73,6.7122,3.0067000000000004,75.04,3.5282,75.79726567673765,21249.0,,12.0,"Includes term deposits; cash-flow-based measure, detailed vintage exclusions remain subject to audit",False,Pre-AASB15/1058,2016.0,4.18,9.0577,81.52601156069365,12.0,False,Pre-AASB15/1058,2014,2016
lithgow,Lithgow,2016,184.72822268496745,,,observed_positive_mapped_burn_within_source_scope,100.0,Landsat 8,unknown_incomplete_inventory_no_positive_record,unknown_incomplete_inventory_no_positive_record,2015.0,-7.75,8.82,4.08,67.23,2.91,78.84070603617346,21416.0,,12.0,"Includes term deposits; cash-flow-based measure, detailed vintage exclusions remain subject to audit",False,Pre-AASB15/1058,2017.0,-1.99,12.95,74.89492855141496,12.0,False,Pre-AASB15/1058,2015,2017
lithgow,Lithgow,2017,628.59,1.0,0.0,mapped_burn_positive,100.0,Sentinel 2 (original mapping scope varies by year),listed_event_onset,no_listed_event_onset_not_physical_zero,2016.0,4.18,9.0577,3.0957,64.9,5.4459,81.52601156069365,21524.0,904.33,12.0,"Includes term deposits; cash-flow-based measure, detailed vintage exclusions remain subject to audit",False,Pre-AASB15/1058,2018.0,-3.08,8.93,87.03217334208799,12.0,False,Pre-AASB15/1058,2016,2018
lithgow,Lithgow,2018,0.0,0.0,1.0,verified_zero_mapped_burn_within_source_scope,100.0,Sentinel 2 (original mapping scope varies by year),no_listed_event_onset_not_physical_zero,listed_event_onset,2017.0,-1.99,12.95,1.81,73.97,4.49,74.89492855141496,21565.0,1331.928,12.0,"Includes term deposits; cash-flow-based measure, detailed vintage exclusions remain subject to audit",False,Pre-AASB15/1058,2019.0,-5.01,0.57,88.63611506070218,12.0,False,AASB15/1058 and lease regime,2017,2019
lithgow,Lithgow,2019,224485.55,1.0,1.0,mapped_burn_positive,10.0,Sentinel 2 (original mapping scope varies by year),listed_event_onset,listed_event_onset,2018.0,-3.08,8.93,1.93,77.28,3.71,87.03217334208799,21636.0,1331.93,12.0,"Includes term deposits; cash-flow-based measure, detailed vintage exclusions remain subject to audit",False,Pre-AASB15/1058,2020.0,-2.19,8.57,121.66243654822335,12.0,False,AASB15/1058 and lease regime,2018,2020
lithgow,Lithgow,2020,0.0,0.0,1.0,verified_zero_mapped_burn_within_source_scope,10.0,Sentinel 2 (original mapping scope varies by year),no_listed_event_onset_not_physical_zero,listed_event_onset,2019.0,-5.01,0.57,3.6,76.01,3.21,88.63611506070218,21605.0,1335.63,12.0,"Includes term deposits; cash-flow-based measure, detailed vintage exclusions remain subject to audit",False,AASB15/1058 and lease regime,2021.0,4.91,9.5617,67.30923694779116,12.0,False,AASB15/1058 and lease regime,2019,2021
lithgow,Lithgow,2021,0.0,0.0,1.0,verified_zero_mapped_burn_within_source_scope,10.0,Sentinel 2 (original mapping scope varies by year),no_listed_event_onset_not_physical_zero,listed_event_onset,2020.0,-2.19,8.57,2.23,70.84,5.66,121.66243654822335,21516.0,924.487,12.0,"Includes term deposits; cash-flow-based measure, detailed vintage exclusions remain subject to audit",False,AASB15/1058 and lease regime,2022.0,20.89,9.7922,212.8507523383489,12.0,False,AASB15/1058 and lease regime,2020,2022
lithgow,Lithgow,2022,0.0,0.0,1.0,verified_zero_mapped_burn_within_source_scope,10.0,Sentinel 2 (original mapping scope varies by year),no_listed_event_onset_not_physical_zero,listed_event_onset,2021.0,4.91,9.5617,2.473,61.37,7.325,67.30923694779116,20854.0,924.49,12.0,"Includes term deposits; cash-flow-based measure, detailed vintage exclusions remain subject to audit",False,AASB15/1058 and lease regime,2023.0,3.03,16.5807,104.05912904514582,12.0,False,AASB15/1058 and lease regime,2021,2023
lithgow,Lithgow,2023,66.51,1.0,1.0,mapped_burn_positive,10.0,Sentinel 2 (original mapping scope varies by year),listed_event_onset,listed_event_onset,2022.0,20.89,9.7922,2.5183,44.24,15.9975,212.8507523383489,20813.0,924.49,12.0,"Includes term deposits; cash-flow-based measure, detailed vintage exclusions remain subject to audit",False,AASB15/1058 and lease regime,2024.0,,,74.61274560765152,12.0,False,Six fiscal ratios not collected by OLG,2022,2024
lithgow,Lithgow,2024,,1.0,0.0,unknown_source_not_acquired,,Sentinel 2 (original mapping scope varies by year),listed_event_onset,no_listed_event_onset_not_physical_zero,2023.0,3.03,16.5807,2.6733,62.38,3.1478,104.05912904514582,20740.0,924.49,12.0,"Includes term deposits; cash-flow-based measure, detailed vintage exclusions remain subject to audit",False,AASB15/1058 and lease regime,,,,,,,,2023,2025
liverpool,Liverpool,2012,0.0,0.0,0.0,verified_zero_mapped_burn_within_source_scope,100.0,Landsat,no_listed_event_in_complete_published_list_not_physical_zero,no_listed_event_in_complete_published_list_not_physical_zero,,,,,,,,,,,,,,2013.0,-6.79,12.3898,84.51137374507562,12.0,False,Early OLG/TCorp definitions; revaluation exclusions described,2011,2013
liverpool,Liverpool,2013,0.0,,,verified_zero_mapped_burn_within_source_scope,100.0,Landsat,unknown_incomplete_inventory_no_positive_record,unknown_incomplete_inventory_no_positive_record,2012.0,0.19,,2.081,56.84,3.8135,82.63742553136137,191244.0,,12.0,Earlier measure excludes term deposits and uses different expense denominator; not converted,False,Early OLG/TCorp definitions; revaluation exclusions described,2014.0,-0.69,10.0228,110.29274077772924,12.0,False,Pre-AASB15/1058,2012,2014
liverpool,Liverpool,2014,0.0,,,verified_zero_mapped_burn_within_source_scope,100.0,Landsat,unknown_incomplete_inventory_no_positive_record,unknown_incomplete_inventory_no_positive_record,2013.0,-6.79,12.3898,2.3215,70.56,3.0973,84.51137374507562,195355.0,,12.0,"Includes term deposits; cash-flow-based measure, detailed vintage exclusions remain subject to audit",False,Early OLG/TCorp definitions; revaluation exclusions described,2015.0,-2.63,7.8,105.98745144905884,12.0,False,Pre-AASB15/1058,2013,2015
liverpool,Liverpool,2015,0.0,,1.0,verified_zero_mapped_burn_within_source_scope,100.0,Landsat,unknown_incomplete_inventory_no_positive_record,observed_positive_partial_inventory_count_lower_bound,2014.0,-0.69,10.0228,2.3855,59.34,4.0207999999999995,110.29274077772924,199928.0,,12.0,"Includes term deposits; cash-flow-based measure, detailed vintage exclusions remain subject to audit",False,Pre-AASB15/1058,2016.0,2.4,8.4575,104.49651324965131,12.0,False,Pre-AASB15/1058,2014,2016
liverpool,Liverpool,2016,0.0,,,verified_zero_mapped_burn_within_source_scope,100.0,Landsat 8,unknown_incomplete_inventory_no_positive_record,unknown_incomplete_inventory_no_positive_record,2015.0,-2.63,7.8,1.76,45.62,3.7,105.98745144905884,204594.0,,12.0,"Includes term deposits; cash-flow-based measure, detailed vintage exclusions remain subject to audit",False,Pre-AASB15/1058,2017.0,5.4,15.16,105.90139574377751,12.0,False,Pre-AASB15/1058,2015,2017
liverpool,Liverpool,2017,2431.42,1.0,0.0,mapped_burn_positive,100.0,Sentinel 2 (original mapping scope varies by year),listed_event_onset,no_listed_event_onset_not_physical_zero,2016.0,2.4,8.4575,1.9352,54.52,4.7092,104.49651324965131,212232.0,906.32,12.0,"Includes term deposits; cash-flow-based measure, detailed vintage exclusions remain subject to audit",False,Pre-AASB15/1058,2018.0,6.39,10.29,104.28763699288598,12.0,False,Pre-AASB15/1058,2016,2018
liverpool,Liverpool,2018,0.0,0.0,1.0,verified_zero_mapped_burn_within_source_scope,100.0,Sentinel 2 (original mapping scope varies by year),no_listed_event_onset_not_physical_zero,listed_event_onset,2017.0,5.4,15.16,2.11,55.15,6.4,105.90139574377751,217586.0,920.495,12.0,"Includes term deposits; cash-flow-based measure, detailed vintage exclusions remain subject to audit",False,Pre-AASB15/1058,2019.0,-2.42,9.46,92.59461995620894,12.0,False,AASB15/1058 and lease regime,2017,2019
liverpool,Liverpool,2019,0.0,0.0,1.0,verified_zero_mapped_burn_within_source_scope,10.0,Sentinel 2 (original mapping scope varies by year),no_listed_event_onset_not_physical_zero,listed_event_onset,2018.0,6.39,10.29,2.2,61.11,6.42,104.28763699288598,223304.0,933.48,12.0,"Includes term deposits; cash-flow-based measure, detailed vintage exclusions remain subject to audit",False,Pre-AASB15/1058,2020.0,-5.04,13.05,95.63003358734515,12.0,False,AASB15/1058 and lease regime,2018,2020
liverpool,Liverpool,2020,0.0,0.0,1.0,verified_zero_mapped_burn_within_source_scope,10.0,Sentinel 2 (original mapping scope varies by year),no_listed_event_onset_not_physical_zero,listed_event_onset,2019.0,-2.42,9.46,1.71,59.6,3.3,92.59461995620894,227585.0,943.292,12.0,"Includes term deposits; cash-flow-based measure, detailed vintage exclusions remain subject to audit",False,AASB15/1058 and lease regime,2021.0,-1.93,19.6819,94.50615965249592,12.0,False,AASB15/1058 and lease regime,2019,2021
liverpool,Liverpool,2021,0.0,0.0,1.0,verified_zero_mapped_burn_within_source_scope,10.0,Sentinel 2 (original mapping scope varies by year),no_listed_event_onset_not_physical_zero,listed_event_onset,2020.0,-5.04,13.05,1.48,51.37,3.42,95.63003358734515,231296.0,959.11,12.0,"Includes term deposits; cash-flow-based measure, detailed vintage exclusions remain subject to audit",False,AASB15/1058 and lease regime,2022.0,1.18,17.8836,111.76640184520758,12.0,False,AASB15/1058 and lease regime,2020,2022
liverpool,Liverpool,2022,0.0,0.0,0.0,verified_zero_mapped_burn_within_source_scope,10.0,Sentinel 2 (original mapping scope varies by year),no_listed_event_onset_not_physical_zero,no_listed_event_onset_not_physical_zero,2021.0,-1.93,19.6819,2.3019,56.32,3.0258,94.50615965249592,234373.0,967.01,12.0,"Includes term deposits; cash-flow-based measure, detailed vintage exclusions remain subject to audit",False,AASB15/1058 and lease regime,2023.0,-4.19,11.57,95.08649874211883,12.0,False,AASB15/1058 and lease regime,2021,2023
liverpool,Liverpool,2023,0.0,0.0,1.0,verified_zero_mapped_burn_within_source_scope,10.0,Sentinel 2 (original mapping scope varies by year),no_listed_event_onset_not_physical_zero,listed_event_onset,2022.0,1.18,17.8836,2.1051,53.21,2.7949,111.76640184520758,239755.0,981.73,12.0,"Includes term deposits; cash-flow-based measure, detailed vintage exclusions remain subject to audit",False,AASB15/1058 and lease regime,2024.0,,,76.6441094243984,12.0,False,Six fiscal ratios not collected by OLG,2022,2024
liverpool,Liverpool,2024,,0.0,0.0,unknown_source_not_acquired,,Sentinel 2 (original mapping scope varies by year),no_listed_event_onset_not_physical_zero,no_listed_event_onset_not_physical_zero,2023.0,-4.19,11.57,0.839,62.88,1.8085,95.08649874211883,254905.0,989.73,12.0,"Includes term deposits; cash-flow-based measure, detailed vintage exclusions remain subject to audit",False,AASB15/1058 and lease regime,,,,,,,,2023,2025
liverpoolplains,Liverpool Plains,2012,0.0,1.0,1.0,verified_zero_mapped_burn_within_source_scope,100.0,Landsat,observed_positive_in_complete_published_list,observed_positive_in_complete_published_list,,,,,,,,,,,,,,2013.0,-7.88,5.3342,123.31484641638224,12.0,False,Early OLG/TCorp definitions; revaluation exclusions described,2011,2013
liverpoolplains,Liverpool Plains,2013,0.0,,,verified_zero_mapped_burn_within_source_scope,100.0,Landsat,unknown_incomplete_inventory_no_positive_record,unknown_incomplete_inventory_no_positive_record,2012.0,-9.29,,2.58,52.17,10.1,72.20939183987683,7784.0,,12.0,Earlier measure excludes term deposits and uses different expense denominator; not converted,False,Early OLG/TCorp definitions; revaluation exclusions described,2014.0,-3.35,10.332,114.4255774820254,12.0,False,Pre-AASB15/1058,2012,2014
liverpoolplains,Liverpool Plains,2014,0.0,,,verified_zero_mapped_burn_within_source_scope,100.0,Landsat,unknown_incomplete_inventory_no_positive_record,unknown_incomplete_inventory_no_positive_record,2013.0,-7.88,5.3342,1.4179,64.64,10.125,123.31484641638224,7763.0,,12.0,"Includes term deposits; cash-flow-based measure, detailed vintage exclusions remain subject to audit",False,Early OLG/TCorp definitions; revaluation exclusions described,2015.0,-1.16,13.6,0.0,12.0,False,Pre-AASB15/1058,2013,2015
liverpoolplains,Liverpool Plains,2015,0.0,,,verified_zero_mapped_burn_within_source_scope,100.0,Landsat,unknown_incomplete_inventory_no_positive_record,unknown_incomplete_inventory_no_positive_record,2014.0,-3.35,10.332,2.1133,63.87,2.113,114.4255774820254,7819.0,,12.0,"Includes term deposits; cash-flow-based measure, detailed vintage exclusions remain subject to audit",False,Pre-AASB15/1058,2016.0,4.52,15.2992,0.0,12.0,False,Pre-AASB15/1058,2014,2016
liverpoolplains,Liverpool Plains,2016,741.4310943597234,,,observed_positive_mapped_burn_within_source_scope,100.0,Landsat 8,unknown_incomplete_inventory_no_positive_record,unknown_incomplete_inventory_no_positive_record,2015.0,-1.16,13.6,8.7,53.84,22.85,0.0,7759.0,,12.0,"Includes term deposits; cash-flow-based measure, detailed vintage exclusions remain subject to audit",False,Pre-AASB15/1058,2017.0,-35.1,14.72,96.72918927298092,12.0,False,Pre-AASB15/1058,2015,2017
liverpoolplains,Liverpool Plains,2017,721.44,0.0,0.0,mapped_burn_positive,100.0,Sentinel 2 (original mapping scope varies by year),no_listed_event_onset_not_physical_zero,no_listed_event_onset_not_physical_zero,2016.0,4.52,15.2992,4.4681999999999995,55.26,12.878,0.0,7874.0,1394.25,12.0,"Includes term deposits; cash-flow-based measure, detailed vintage exclusions remain subject to audit",False,Pre-AASB15/1058,2018.0,-29.43,16.96,107.05317005115486,12.0,False,Pre-AASB15/1058,2016,2018
liverpoolplains,Liverpool Plains,2018,0.0,0.0,0.0,verified_zero_mapped_burn_within_source_scope,100.0,Sentinel 2 (original mapping scope varies by year),no_listed_event_onset_not_physical_zero,no_listed_event_onset_not_physical_zero,2017.0,-35.1,14.72,3.68,57.83,3.28,96.72918927298092,7867.0,1393.91,12.0,"Includes term deposits; cash-flow-based measure, detailed vintage exclusions remain subject to audit",False,Pre-AASB15/1058,2019.0,-35.28,19.2,106.72229949003246,12.0,False,AASB15/1058 and lease regime,2017,2019
liverpoolplains,Liverpool Plains,2019,2480.23,0.0,1.0,mapped_burn_positive,10.0,Sentinel 2 (original mapping scope varies by year),no_listed_event_onset_not_physical_zero,listed_event_onset,2018.0,-29.43,16.96,3.14,62.6,5.47,107.05317005115486,7893.0,1393.91,12.0,"Includes term deposits; cash-flow-based measure, detailed vintage exclusions remain subject to audit",False,Pre-AASB15/1058,2020.0,-33.87,16.9,109.19389262846823,12.0,False,AASB15/1058 and lease regime,2018,2020
liverpoolplains,Liverpool Plains,2020,0.0,0.0,1.0,verified_zero_mapped_burn_within_source_scope,10.0,Sentinel 2 (original mapping scope varies by year),no_listed_event_onset_not_physical_zero,listed_event_onset,2019.0,-35.28,19.2,4.25,62.31,8.97,106.72229949003246,7903.0,1393.91,12.0,"Includes term deposits; cash-flow-based measure, detailed vintage exclusions remain subject to audit",False,AASB15/1058 and lease regime,2021.0,-19.42,12.6937,83.21084435734117,12.0,False,AASB15/1058 and lease regime,2019,2021
liverpoolplains,Liverpool Plains,2021,0.0,0.0,1.0,verified_zero_mapped_burn_within_source_scope,10.0,Sentinel 2 (original mapping scope varies by year),no_listed_event_onset_not_physical_zero,listed_event_onset,2020.0,-33.87,16.9,4.48,54.21,10.82,109.19389262846823,7853.0,1393.91,12.0,"Includes term deposits; cash-flow-based measure, detailed vintage exclusions remain subject to audit",False,AASB15/1058 and lease regime,2022.0,-4.24,19.5537,94.03096282804869,12.0,False,AASB15/1058 and lease regime,2020,2022
liverpoolplains,Liverpool Plains,2022,960.99,1.0,1.0,mapped_burn_positive,10.0,Sentinel 2 (original mapping scope varies by year),listed_event_onset,listed_event_onset,2021.0,-19.42,12.6937,8.0945,42.06,15.0277,83.21084435734117,7608.0,1393.91,12.0,"Includes term deposits; cash-flow-based measure, detailed vintage exclusions remain subject to audit",False,AASB15/1058 and lease regime,2023.0,-8.01,18.2874,138.41642228739002,12.0,False,AASB15/1058 and lease regime,2021,2023
liverpoolplains,Liverpool Plains,2023,117.06,0.0,0.0,mapped_burn_positive,10.0,Sentinel 2 (original mapping scope varies by year),no_listed_event_onset_not_physical_zero,no_listed_event_onset_not_physical_zero,2022.0,-4.24,19.5537,3.42,36.32,16.1667,94.03096282804869,7660.0,1393.91,12.0,"Includes term deposits; cash-flow-based measure, detailed vintage exclusions remain subject to audit",False,AASB15/1058 and lease regime,2024.0,,,138.41642228739002,12.0,False,Six fiscal ratios not collected by OLG,2022,2024
liverpoolplains,Liverpool Plains,2024,,0.0,0.0,unknown_source_not_acquired,,Sentinel 2 (original mapping scope varies by year),no_listed_event_onset_not_physical_zero,no_listed_event_onset_not_physical_zero,2023.0,-8.01,18.2874,37.3365,51.39,13.0156,138.41642228739002,7670.0,1393.91,12.0,"Includes term deposits; cash-flow-based measure, detailed vintage exclusions remain subject to audit",False,AASB15/1058 and lease regime,,,,,,,,2023,2025
lockhart,Lockhart,2012,0.0,1.0,0.0,verified_zero_mapped_burn_within_source_scope,100.0,Landsat,observed_positive_in_complete_published_list,no_listed_event_in_complete_published_list_not_physical_zero,,,,,,,,,,,,,,2013.0,20.549999999999997,12.5805,114.55044612216884,12.0,False,Early OLG/TCorp definitions; revaluation exclusions described,2011,2013
lockhart,Lockhart,2013,0.0,1.0,,verified_zero_mapped_burn_within_source_scope,100.0,Landsat,observed_positive_partial_inventory_count_lower_bound,unknown_incomplete_inventory_no_positive_record,2012.0,15.88,,6.8465,22.49,32.6465,103.09106098579782,3082.0,,12.0,Earlier measure excludes term deposits and uses different expense denominator; not converted,False,Early OLG/TCorp definitions; revaluation exclusions described,2014.0,10.99,13.7099,121.82218956649524,12.0,False,Pre-AASB15/1058,2012,2014
lockhart,Lockhart,2014,0.0,,,verified_zero_mapped_burn_within_source_scope,100.0,Landsat,unknown_incomplete_inventory_no_positive_record,unknown_incomplete_inventory_no_positive_record,2013.0,20.549999999999997,12.5805,7.9304,37.26,40.1837,114.55044612216884,3021.0,,12.0,"Includes term deposits; cash-flow-based measure, detailed vintage exclusions remain subject to audit",False,Early OLG/TCorp definitions; revaluation exclusions described,2015.0,25.09,13.09,113.95864106351551,12.0,False,Pre-AASB15/1058,2013,2015
lockhart,Lockhart,2015,0.0,,,verified_zero_mapped_burn_within_source_scope,100.0,Landsat,unknown_incomplete_inventory_no_positive_record,unknown_incomplete_inventory_no_positive_record,2014.0,10.99,13.7099,10.4395,39.0,39.6,121.82218956649524,3080.0,,12.0,"Includes term deposits; cash-flow-based measure, detailed vintage exclusions remain subject to audit",False,Pre-AASB15/1058,2016.0,40.57,11.3425,106.455617628802,12.0,False,Pre-AASB15/1058,2014,2016
lockhart,Lockhart,2016,0.0,,1.0,verified_zero_mapped_burn_within_source_scope,100.0,Landsat 8,unknown_incomplete_inventory_no_positive_record,observed_positive_partial_inventory_count_lower_bound,2015.0,25.09,13.09,7.56,30.86,62.95,113.95864106351551,3025.0,,12.0,"Includes term deposits; cash-flow-based measure, detailed vintage exclusions remain subject to audit",False,Pre-AASB15/1058,2017.0,8.4,18.87,111.4166168559474,12.0,False,Pre-AASB15/1058,2015,2017
lockhart,Lockhart,2017,0.0,0.0,0.0,verified_zero_mapped_burn_within_source_scope,100.0,Sentinel 2 (original mapping scope varies by year),no_listed_event_onset_not_physical_zero,no_listed_event_onset_not_physical_zero,2016.0,40.57,11.3425,8.0197,23.33,100.596,106.455617628802,3182.0,1368.21,12.0,"Includes term deposits; cash-flow-based measure, detailed vintage exclusions remain subject to audit",False,Pre-AASB15/1058,2018.0,9.53,12.06,105.98187311178248,12.0,False,Pre-AASB15/1058,2016,2018
lockhart,Lockhart,2018,0.0,0.0,0.0,verified_zero_mapped_burn_within_source_scope,100.0,Sentinel 2 (original mapping scope varies by year),no_listed_event_onset_not_physical_zero,no_listed_event_onset_not_physical_zero,2017.0,8.4,18.87,8.36,34.46,37.64,111.4166168559474,3237.0,1368.21,12.0,"Includes term deposits; cash-flow-based measure, detailed vintage exclusions remain subject to audit",False,Pre-AASB15/1058,2019.0,8.37,11.02,101.64634146341464,12.0,False,AASB15/1058 and lease regime,2017,2019
lockhart,Lockhart,2019,0.0,0.0,0.0,verified_zero_mapped_burn_within_source_scope,10.0,Sentinel 2 (original mapping scope varies by year),no_listed_event_onset_not_physical_zero,no_listed_event_onset_not_physical_zero,2018.0,9.53,12.06,5.46,33.75,13.22,105.98187311178248,3295.0,1368.44,12.0,"Includes term deposits; cash-flow-based measure, detailed vintage exclusions remain subject to audit",False,Pre-AASB15/1058,2020.0,9.51,11.98,115.53763440860214,12.0,False,AASB15/1058 and lease regime,2018,2020
lockhart,Lockhart,2020,19.6,0.0,0.0,mapped_burn_positive,10.0,Sentinel 2 (original mapping scope varies by year),no_listed_event_onset_not_physical_zero,no_listed_event_onset_not_physical_zero,2019.0,8.37,11.02,6.51,29.1,15.84,101.64634146341464,3285.0,1368.44,12.0,"Includes term deposits; cash-flow-based measure, detailed vintage exclusions remain subject to audit",False,AASB15/1058 and lease regime,2021.0,2.64,12.8853,102.8927680798005,12.0,False,AASB15/1058 and lease regime,2019,2021
lockhart,Lockhart,2021,0.0,0.0,1.0,verified_zero_mapped_burn_within_source_scope,10.0,Sentinel 2 (original mapping scope varies by year),no_listed_event_onset_not_physical_zero,listed_event_onset,2020.0,9.51,11.98,5.22,25.87,16.27,115.53763440860214,3259.0,1368.44,12.0,"Includes term deposits; cash-flow-based measure, detailed vintage exclusions remain subject to audit",False,AASB15/1058 and lease regime,2022.0,11.7,16.208,120.21798365122616,12.0,False,AASB15/1058 and lease regime,2020,2022
lockhart,Lockhart,2022,0.0,0.0,1.0,verified_zero_mapped_burn_within_source_scope,10.0,Sentinel 2 (original mapping scope varies by year),no_listed_event_onset_not_physical_zero,listed_event_onset,2021.0,2.64,12.8853,8.75,27.73,15.3689,102.8927680798005,3328.0,1368.44,12.0,"Includes term deposits; cash-flow-based measure, detailed vintage exclusions remain subject to audit",False,AASB15/1058 and lease regime,2023.0,-16.97,9.1487,131.35388549509872,12.0,False,AASB15/1058 and lease regime,2021,2023
lockhart,Lockhart,2023,78.32,0.0,0.0,mapped_burn_positive,10.0,Sentinel 2 (original mapping scope varies by year),no_listed_event_onset_not_physical_zero,no_listed_event_onset_not_physical_zero,2022.0,11.7,16.208,8.7568,27.46,22.7636,120.21798365122616,3370.0,1368.44,12.0,"Includes term deposits; cash-flow-based measure, detailed vintage exclusions remain subject to audit",False,AASB15/1058 and lease regime,2024.0,,,202.75526742301457,12.0,False,Six fiscal ratios not collected by OLG,2022,2024
lockhart,Lockhart,2024,,0.0,0.0,unknown_source_not_acquired,,Sentinel 2 (original mapping scope varies by year),no_listed_event_onset_not_physical_zero,no_listed_event_onset_not_physical_zero,2023.0,-16.97,9.1487,4.9262,28.16,7.0579,131.35388549509872,3474.0,1368.44,12.0,"Includes term deposits; cash-flow-based measure, detailed vintage exclusions remain subject to audit",False,AASB15/1058 and lease regime,,,,,,,,2023,2025
maitland,Maitland,2012,0.0,0.0,0.0,verified_zero_mapped_burn_within_source_scope,100.0,Landsat,no_listed_event_in_complete_published_list_not_physical_zero,no_listed_event_in_complete_published_list_not_physical_zero,,,,,,,,,,,,,,2013.0,-2.27,14.7996,74.4432173752991,12.0,False,Early OLG/TCorp definitions; revaluation exclusions described,2011,2013
maitland,Maitland,2013,0.0,,,verified_zero_mapped_burn_within_source_scope,100.0,Landsat,unknown_incomplete_inventory_no_positive_record,unknown_incomplete_inventory_no_positive_record,2012.0,1.36,,2.5529,54.73,5.2817,38.34253143942821,71866.0,,12.0,Earlier measure excludes term deposits and uses different expense denominator; not converted,False,Early OLG/TCorp definitions; revaluation exclusions described,2014.0,-2.05,13.8001,66.58383623239854,12.0,False,Pre-AASB15/1058,2012,2014
maitland,Maitland,2014,0.0,,1.0,verified_zero_mapped_burn_within_source_scope,100.0,Landsat,unknown_incomplete_inventory_no_positive_record,observed_positive_partial_inventory_count_lower_bound,2013.0,-2.27,14.7996,3.5479,50.36000000000001,4.8117,74.4432173752991,73447.0,,12.0,"Includes term deposits; cash-flow-based measure, detailed vintage exclusions remain subject to audit",False,Early OLG/TCorp definitions; revaluation exclusions described,2015.0,-3.84,13.56,89.85888993414864,12.0,False,Pre-AASB15/1058,2013,2015
maitland,Maitland,2015,0.0,,1.0,verified_zero_mapped_burn_within_source_scope,100.0,Landsat,unknown_incomplete_inventory_no_positive_record,observed_positive_partial_inventory_count_lower_bound,2014.0,-2.05,13.8001,3.1616000000000004,55.36,3.7369,66.58383623239854,75170.0,,12.0,"Includes term deposits; cash-flow-based measure, detailed vintage exclusions remain subject to audit",False,Pre-AASB15/1058,2016.0,0.29,14.548,133.7757500345638,12.0,False,Pre-AASB15/1058,2014,2016
maitland,Maitland,2016,0.0,1.0,,verified_zero_mapped_burn_within_source_scope,100.0,Landsat 8,observed_positive_partial_inventory_count_lower_bound,unknown_incomplete_inventory_no_positive_record,2015.0,-3.84,13.56,3.23,53.64,3.57,89.85888993414864,76607.0,,12.0,"Includes term deposits; cash-flow-based measure, detailed vintage exclusions remain subject to audit",False,Pre-AASB15/1058,2017.0,,,,12.0,False,Pre-AASB15/1058,2015,2017
maitland,Maitland,2017,0.0,0.0,0.0,verified_zero_mapped_burn_within_source_scope,100.0,Sentinel 2 (original mapping scope varies by year),no_listed_event_onset_not_physical_zero,no_listed_event_onset_not_physical_zero,2016.0,0.29,14.548,3.1803,54.13,4.5783,133.7757500345638,79340.0,708.5820000000001,12.0,"Includes term deposits; cash-flow-based measure, detailed vintage exclusions remain subject to audit",False,Pre-AASB15/1058,2018.0,0.08,14.87,140.92450697148598,12.0,False,Pre-AASB15/1058,2016,2018
maitland,Maitland,2018,0.0,0.0,0.0,verified_zero_mapped_burn_within_source_scope,100.0,Sentinel 2 (original mapping scope varies by year),no_listed_event_onset_not_physical_zero,no_listed_event_onset_not_physical_zero,2017.0,,,,,,,80989.0,719.07,12.0,"Includes term deposits; cash-flow-based measure, detailed vintage exclusions remain subject to audit",False,Pre-AASB15/1058,2019.0,7.14,18.61,121.1211634395874,12.0,False,AASB15/1058 and lease regime,2017,2019
maitland,Maitland,2019,0.0,0.0,1.0,verified_zero_mapped_burn_within_source_scope,10.0,Sentinel 2 (original mapping scope varies by year),no_listed_event_onset_not_physical_zero,listed_event_onset,2018.0,0.08,14.87,3.91,62.94,3.22,140.92450697148598,83203.0,723.7800000000001,12.0,"Includes term deposits; cash-flow-based measure, detailed vintage exclusions remain subject to audit",False,Pre-AASB15/1058,2020.0,4.83,20.45,117.81402414647798,12.0,False,AASB15/1058 and lease regime,2018,2020
maitland,Maitland,2020,0.0,0.0,1.0,verified_zero_mapped_burn_within_source_scope,10.0,Sentinel 2 (original mapping scope varies by year),no_listed_event_onset_not_physical_zero,listed_event_onset,2019.0,7.14,18.61,3.64,57.77,3.93,121.1211634395874,85166.0,736.667,12.0,"Includes term deposits; cash-flow-based measure, detailed vintage exclusions remain subject to audit",False,AASB15/1058 and lease regime,2021.0,3.2,21.2896,129.89364981504315,12.0,False,AASB15/1058 and lease regime,2019,2021
maitland,Maitland,2021,0.0,0.0,1.0,verified_zero_mapped_burn_within_source_scope,10.0,Sentinel 2 (original mapping scope varies by year),no_listed_event_onset_not_physical_zero,listed_event_onset,2020.0,4.83,20.45,3.85,63.42,3.65,117.81402414647798,87395.0,748.3520000000001,12.0,"Includes term deposits; cash-flow-based measure, detailed vintage exclusions remain subject to audit",False,AASB15/1058 and lease regime,2022.0,-2.37,14.441,161.93177788809305,12.0,False,AASB15/1058 and lease regime,2020,2022
maitland,Maitland,2022,1.84,0.0,0.0,mapped_burn_positive,10.0,Sentinel 2 (original mapping scope varies by year),no_listed_event_onset_not_physical_zero,no_listed_event_onset_not_physical_zero,2021.0,3.2,21.2896,3.662,59.68,3.3376,129.89364981504315,90553.0,762.9199999999998,12.0,"Includes term deposits; cash-flow-based measure, detailed vintage exclusions remain subject to audit",False,AASB15/1058 and lease regime,2023.0,-14.92,11.8567,164.05113077679448,12.0,False,AASB15/1058 and lease regime,2021,2023
maitland,Maitland,2023,0.0,1.0,1.0,verified_zero_mapped_burn_within_source_scope,10.0,Sentinel 2 (original mapping scope varies by year),listed_event_onset,listed_event_onset,2022.0,-2.37,14.441,2.5708,56.13,2.5292,161.93177788809305,93616.0,778.3199999999999,12.0,"Includes term deposits; cash-flow-based measure, detailed vintage exclusions remain subject to audit",False,AASB15/1058 and lease regime,2024.0,,,147.70732913113335,12.0,False,Six fiscal ratios not collected by OLG,2022,2024
maitland,Maitland,2024,,0.0,1.0,unknown_source_not_acquired,,Sentinel 2 (original mapping scope varies by year),no_listed_event_onset_not_physical_zero,listed_event_onset,2023.0,-14.92,11.8567,2.063,58.989999999999995,0.8528,164.05113077679448,98163.0,789.17,12.0,"Includes term deposits; cash-flow-based measure, detailed vintage exclusions remain subject to audit",False,AASB15/1058 and lease regime,,,,,,,,2023,2025
midwestern,Mid-Western Regional,2012,36.187096694769416,1.0,0.0,observed_positive_mapped_burn_within_source_scope,100.0,Landsat,observed_positive_in_complete_published_list,no_listed_event_in_complete_published_list_not_physical_zero,,,,,,,,,,,,,,2013.0,-6.84,10.9847,82.06039097837537,12.0,False,Early OLG/TCorp definitions; revaluation exclusions described,2011,2013
midwestern,Mid-Western Regional,2013,0.0,,,verified_zero_mapped_burn_within_source_scope,100.0,Landsat,unknown_incomplete_inventory_no_positive_record,unknown_incomplete_inventory_no_positive_record,2012.0,-2.39,,3.0939,54.23,3.3604,95.4921241556856,23493.0,,12.0,Earlier measure excludes term deposits and uses different expense denominator; not converted,False,Early OLG/TCorp definitions; revaluation exclusions described,2014.0,5.87,12.2641,88.86275311924729,12.0,False,Pre-AASB15/1058,2012,2014
midwestern,Mid-Western Regional,2014,0.0,,,verified_zero_mapped_burn_within_source_scope,100.0,Landsat,unknown_incomplete_inventory_no_positive_record,unknown_incomplete_inventory_no_positive_record,2013.0,-6.84,10.9847,3.4311,68.44,4.8642,82.06039097837537,23843.0,,12.0,"Includes term deposits; cash-flow-based measure, detailed vintage exclusions remain subject to audit",False,Early OLG/TCorp definitions; revaluation exclusions described,2015.0,5.06,14.4,105.90716448511196,12.0,False,Pre-AASB15/1058,2013,2015
midwestern,Mid-Western Regional,2015,0.0,,,verified_zero_mapped_burn_within_source_scope,100.0,Landsat,unknown_incomplete_inventory_no_positive_record,unknown_incomplete_inventory_no_positive_record,2014.0,5.87,12.2641,3.0504,62.7,7.9802,88.86275311924729,24017.0,,12.0,"Includes term deposits; cash-flow-based measure, detailed vintage exclusions remain subject to audit",False,Pre-AASB15/1058,2016.0,9.59,16.7349,108.51464435146444,12.0,False,Pre-AASB15/1058,2014,2016
midwestern,Mid-Western Regional,2016,6893.49247350539,1.0,1.0,observed_positive_mapped_burn_within_source_scope,100.0,Landsat 8,observed_positive_partial_inventory_count_lower_bound,observed_positive_partial_inventory_count_lower_bound,2015.0,5.06,14.4,3.66,60.23,9.01,105.90716448511196,24191.0,,12.0,"Includes term deposits; cash-flow-based measure, detailed vintage exclusions remain subject to audit",False,Pre-AASB15/1058,2017.0,11.69,15.6,100.70370759374016,12.0,False,Pre-AASB15/1058,2015,2017
midwestern,Mid-Western Regional,2017,803.73,1.0,0.0,mapped_burn_positive,100.0,Sentinel 2 (original mapping scope varies by year),listed_event_onset,no_listed_event_onset_not_physical_zero,2016.0,9.59,16.7349,3.6512,55.2,8.69,108.51464435146444,24569.0,2261.9200000000005,12.0,"Includes term deposits; cash-flow-based measure, detailed vintage exclusions remain subject to audit",False,Pre-AASB15/1058,2018.0,7.1,16.19,105.69512561305174,12.0,False,Pre-AASB15/1058,2016,2018
midwestern,Mid-Western Regional,2018,0.0,0.0,0.0,verified_zero_mapped_burn_within_source_scope,100.0,Sentinel 2 (original mapping scope varies by year),no_listed_event_onset_not_physical_zero,no_listed_event_onset_not_physical_zero,2017.0,11.69,15.6,4.02,63.29,9.36,100.70370759374016,24815.0,2201.1400000000003,12.0,"Includes term deposits; cash-flow-based measure, detailed vintage exclusions remain subject to audit",False,Pre-AASB15/1058,2019.0,15.54,16.21,101.1741499154612,12.0,False,AASB15/1058 and lease regime,2017,2019
midwestern,Mid-Western Regional,2019,70346.08,1.0,1.0,mapped_burn_positive,10.0,Sentinel 2 (original mapping scope varies by year),listed_event_onset,listed_event_onset,2018.0,7.1,16.19,4.31,61.38,8.42,105.69512561305174,25086.0,2261.25,12.0,"Includes term deposits; cash-flow-based measure, detailed vintage exclusions remain subject to audit",False,Pre-AASB15/1058,2020.0,13.17,18.23,97.47100515463916,12.0,False,AASB15/1058 and lease regime,2018,2020
midwestern,Mid-Western Regional,2020,24.69,0.0,0.0,mapped_burn_positive,10.0,Sentinel 2 (original mapping scope varies by year),no_listed_event_onset_not_physical_zero,no_listed_event_onset_not_physical_zero,2019.0,15.54,16.21,3.47,60.1,10.58,101.1741499154612,25251.0,2258.333,12.0,"Includes term deposits; cash-flow-based measure, detailed vintage exclusions remain subject to audit",False,AASB15/1058 and lease regime,2021.0,10.19,22.065,100.12065455093884,12.0,False,AASB15/1058 and lease regime,2019,2021
midwestern,Mid-Western Regional,2021,19.55,0.0,1.0,mapped_burn_positive,10.0,Sentinel 2 (original mapping scope varies by year),no_listed_event_onset_not_physical_zero,listed_event_onset,2020.0,13.17,18.23,4.06,58.75,13.94,97.47100515463916,25367.0,2270.549,12.0,"Includes term deposits; cash-flow-based measure, detailed vintage exclusions remain subject to audit",False,AASB15/1058 and lease regime,2022.0,6.13,19.3585,98.97731742493772,12.0,False,AASB15/1058 and lease regime,2020,2022
midwestern,Mid-Western Regional,2022,11918.43,1.0,1.0,mapped_burn_positive,10.0,Sentinel 2 (original mapping scope varies by year),listed_event_onset,listed_event_onset,2021.0,10.19,22.065,5.9762,62.49,12.5562,100.12065455093884,25704.0,2269.365,12.0,"Includes term deposits; cash-flow-based measure, detailed vintage exclusions remain subject to audit",False,AASB15/1058 and lease regime,2023.0,3.09,19.8057,100.91430542976669,12.0,False,AASB15/1058 and lease regime,2021,2023
midwestern,Mid-Western Regional,2023,1553.86,1.0,0.0,mapped_burn_positive,10.0,Sentinel 2 (original mapping scope varies by year),listed_event_onset,no_listed_event_onset_not_physical_zero,2022.0,6.13,19.3585,4.5947,57.45,10.3085,98.97731742493772,25795.0,2276.24,12.0,"Includes term deposits; cash-flow-based measure, detailed vintage exclusions remain subject to audit",False,AASB15/1058 and lease regime,2024.0,,,96.53292097338652,12.0,False,Six fiscal ratios not collected by OLG,2022,2024
midwestern,Mid-Western Regional,2024,,1.0,0.0,unknown_source_not_acquired,,Sentinel 2 (original mapping scope varies by year),listed_event_onset,no_listed_event_onset_not_physical_zero,2023.0,3.09,19.8057,2.1338,51.46000000000001,11.0048,100.91430542976669,26214.0,2279.1099999999997,12.0,"Includes term deposits; cash-flow-based measure, detailed vintage exclusions remain subject to audit",False,AASB15/1058 and lease regime,,,,,,,,2023,2025
moreeplains,Moree Plains,2012,0.0,1.0,1.0,verified_zero_mapped_burn_within_source_scope,100.0,Landsat,observed_positive_in_complete_published_list,observed_positive_in_complete_published_list,,,,,,,,,,,,,,2013.0,1.2,4.2276,78.89537971322358,12.0,False,Early OLG/TCorp definitions; revaluation exclusions described,2011,2013
moreeplains,Moree Plains,2013,0.0,1.0,,verified_zero_mapped_burn_within_source_scope,100.0,Landsat,observed_positive_partial_inventory_count_lower_bound,unknown_incomplete_inventory_no_positive_record,2012.0,3.52,,2.2904,48.49,4.7541,66.21382556160086,14145.0,,12.0,Earlier measure excludes term deposits and uses different expense denominator; not converted,False,Early OLG/TCorp definitions; revaluation exclusions described,2014.0,4.03,7.4605,86.60828955049621,12.0,False,Pre-AASB15/1058,2012,2014
moreeplains,Moree Plains,2014,0.0,,,verified_zero_mapped_burn_within_source_scope,100.0,Landsat,unknown_incomplete_inventory_no_positive_record,unknown_incomplete_inventory_no_positive_record,2013.0,1.2,4.2276,1.6974,68.47999999999999,3.9446,78.89537971322358,14250.0,,12.0,"Includes term deposits; cash-flow-based measure, detailed vintage exclusions remain subject to audit",False,Early OLG/TCorp definitions; revaluation exclusions described,2015.0,6.69,6.89,93.6444885799404,12.0,False,Pre-AASB15/1058,2013,2015
moreeplains,Moree Plains,2015,0.0,,,verified_zero_mapped_burn_within_source_scope,100.0,Landsat,unknown_incomplete_inventory_no_positive_record,unknown_incomplete_inventory_no_positive_record,2014.0,4.03,7.4605,1.7838999999999998,73.89,4.6266,86.60828955049621,14092.0,,12.0,"Includes term deposits; cash-flow-based measure, detailed vintage exclusions remain subject to audit",False,Pre-AASB15/1058,2016.0,13.49,8.3335,94.98719716367934,12.0,False,Pre-AASB15/1058,2014,2016
moreeplains,Moree Plains,2016,0.0,,,verified_zero_mapped_burn_within_source_scope,100.0,Landsat 8,unknown_incomplete_inventory_no_positive_record,unknown_incomplete_inventory_no_positive_record,2015.0,6.69,6.89,1.97,72.83,2.99,93.6444885799404,14053.0,,12.0,"Includes term deposits; cash-flow-based measure, detailed vintage exclusions remain subject to audit",False,Pre-AASB15/1058,2017.0,6.84,8.65,96.50807507638586,12.0,False,Pre-AASB15/1058,2015,2017
moreeplains,Moree Plains,2017,0.0,0.0,0.0,verified_zero_mapped_burn_within_source_scope,100.0,Sentinel 2 (original mapping scope varies by year),no_listed_event_onset_not_physical_zero,no_listed_event_onset_not_physical_zero,2016.0,13.49,8.3335,2.3753,68.11,5.418099999999999,94.98719716367934,13590.0,2899.4000000000005,12.0,"Includes term deposits; cash-flow-based measure, detailed vintage exclusions remain subject to audit",False,Pre-AASB15/1058,2018.0,7.77,9.14,77.62620638455827,12.0,False,Pre-AASB15/1058,2016,2018
moreeplains,Moree Plains,2018,0.0,0.0,0.0,verified_zero_mapped_burn_within_source_scope,100.0,Sentinel 2 (original mapping scope varies by year),no_listed_event_onset_not_physical_zero,no_listed_event_onset_not_physical_zero,2017.0,6.84,8.65,1.13,66.23,4.45,96.50807507638586,13451.0,2899.4000000000005,12.0,"Includes term deposits; cash-flow-based measure, detailed vintage exclusions remain subject to audit",False,Pre-AASB15/1058,2019.0,-0.02,8.61,97.5520602569783,12.0,False,AASB15/1058 and lease regime,2017,2019
moreeplains,Moree Plains,2019,2483.56,0.0,0.0,mapped_burn_positive,10.0,Sentinel 2 (original mapping scope varies by year),no_listed_event_onset_not_physical_zero,no_listed_event_onset_not_physical_zero,2018.0,7.77,9.14,3.49,68.71,5.09,77.62620638455827,13350.0,2899.4,12.0,"Includes term deposits; cash-flow-based measure, detailed vintage exclusions remain subject to audit",False,Pre-AASB15/1058,2020.0,-4.68,10.15,107.1980569662177,12.0,False,AASB15/1058 and lease regime,2018,2020
moreeplains,Moree Plains,2020,0.0,0.0,1.0,verified_zero_mapped_burn_within_source_scope,10.0,Sentinel 2 (original mapping scope varies by year),no_listed_event_onset_not_physical_zero,listed_event_onset,2019.0,-0.02,8.61,1.75,61.91,2.38,97.5520602569783,13261.0,2899.4000000000005,12.0,"Includes term deposits; cash-flow-based measure, detailed vintage exclusions remain subject to audit",False,AASB15/1058 and lease regime,2021.0,-6.37,8.1886,99.60014540167212,12.0,False,AASB15/1058 and lease regime,2019,2021
moreeplains,Moree Plains,2021,33.66,0.0,1.0,mapped_burn_positive,10.0,Sentinel 2 (original mapping scope varies by year),no_listed_event_onset_not_physical_zero,listed_event_onset,2020.0,-4.68,10.15,3.71,66.32,3.4,107.1980569662177,13077.0,2842.9880000000003,12.0,"Includes term deposits; cash-flow-based measure, detailed vintage exclusions remain subject to audit",False,AASB15/1058 and lease regime,2022.0,2.32,7.6053,97.20785935884176,12.0,False,AASB15/1058 and lease regime,2020,2022
moreeplains,Moree Plains,2022,631.56,1.0,1.0,mapped_burn_positive,10.0,Sentinel 2 (original mapping scope varies by year),listed_event_onset,listed_event_onset,2021.0,-6.37,8.1886,3.7361,58.23,3.8709,99.60014540167212,12961.0,2850.49,12.0,"Includes term deposits; cash-flow-based measure, detailed vintage exclusions remain subject to audit",False,AASB15/1058 and lease regime,2023.0,5.95,6.0934,100.86611623765582,12.0,False,AASB15/1058 and lease regime,2021,2023
moreeplains,Moree Plains,2023,2897.6,0.0,1.0,mapped_burn_positive,10.0,Sentinel 2 (original mapping scope varies by year),no_listed_event_onset_not_physical_zero,listed_event_onset,2022.0,2.32,7.6053,1.8033,55.74,4.9387,97.20785935884176,12869.0,2850.49,12.0,"Includes term deposits; cash-flow-based measure, detailed vintage exclusions remain subject to audit",False,AASB15/1058 and lease regime,2024.0,,,97.21161933104742,12.0,False,Six fiscal ratios not collected by OLG,2022,2024
moreeplains,Moree Plains,2024,,0.0,0.0,unknown_source_not_acquired,,Sentinel 2 (original mapping scope varies by year),no_listed_event_onset_not_physical_zero,no_listed_event_onset_not_physical_zero,2023.0,5.95,6.0934,3.7901,57.81,3.9772,100.86611623765582,12816.0,2850.49,12.0,"Includes term deposits; cash-flow-based measure, detailed vintage exclusions remain subject to audit",False,AASB15/1058 and lease regime,,,,,,,,2023,2025
mosman,Mosman,2012,0.0,0.0,0.0,verified_zero_mapped_burn_within_source_scope,100.0,Landsat,no_listed_event_in_complete_published_list_not_physical_zero,no_listed_event_in_complete_published_list_not_physical_zero,,,,,,,,,,,,,,2013.0,0.31,3.2532,94.44623829512432,12.0,False,Early OLG/TCorp definitions; revaluation exclusions described,2011,2013
mosman,Mosman,2013,0.0,,,verified_zero_mapped_burn_within_source_scope,100.0,Landsat,unknown_incomplete_inventory_no_positive_record,unknown_incomplete_inventory_no_positive_record,2012.0,-3.44,,1.3598,76.33,2.3745,112.27178618482966,29605.0,,12.0,Earlier measure excludes term deposits and uses different expense denominator; not converted,False,Early OLG/TCorp definitions; revaluation exclusions described,2014.0,1.7,4.2398,96.99599465954606,12.0,False,Pre-AASB15/1058,2012,2014
mosman,Mosman,2014,0.0,,1.0,verified_zero_mapped_burn_within_source_scope,100.0,Landsat,unknown_incomplete_inventory_no_positive_record,observed_positive_partial_inventory_count_lower_bound,2013.0,0.31,3.2532,1.4031,88.29,2.4,94.44623829512432,29983.0,,12.0,"Includes term deposits; cash-flow-based measure, detailed vintage exclusions remain subject to audit",False,Early OLG/TCorp definitions; revaluation exclusions described,2015.0,1.96,4.25,141.53846153846155,12.0,False,Pre-AASB15/1058,2013,2015
mosman,Mosman,2015,0.0,,,verified_zero_mapped_burn_within_source_scope,100.0,Landsat,unknown_incomplete_inventory_no_positive_record,unknown_incomplete_inventory_no_positive_record,2014.0,1.7,4.2398,1.5537,88.82,2.5894,96.99599465954606,30276.0,,12.0,"Includes term deposits; cash-flow-based measure, detailed vintage exclusions remain subject to audit",False,Pre-AASB15/1058,2016.0,6.22,4.7276,115.73141486810552,12.0,False,Pre-AASB15/1058,2014,2016
mosman,Mosman,2016,0.0,,,verified_zero_mapped_burn_within_source_scope,100.0,Landsat 8,unknown_incomplete_inventory_no_positive_record,unknown_incomplete_inventory_no_positive_record,2015.0,1.96,4.25,1.29,89.56,2.81,141.53846153846155,30496.0,,12.0,"Includes term deposits; cash-flow-based measure, detailed vintage exclusions remain subject to audit",False,Pre-AASB15/1058,2017.0,4.28,4.22,124.84569768849086,12.0,False,Pre-AASB15/1058,2015,2017
mosman,Mosman,2017,0.0,0.0,0.0,verified_zero_mapped_burn_within_source_scope,100.0,Sentinel 2 (original mapping scope varies by year),no_listed_event_onset_not_physical_zero,no_listed_event_onset_not_physical_zero,2016.0,6.22,4.7276,1.7319,87.69,4.0907,115.73141486810552,30215.0,93.8,12.0,"Includes term deposits; cash-flow-based measure, detailed vintage exclusions remain subject to audit",False,Pre-AASB15/1058,2018.0,3.83,3.83,106.89480354879596,12.0,False,Pre-AASB15/1058,2016,2018
mosman,Mosman,2018,0.0,0.0,0.0,verified_zero_mapped_burn_within_source_scope,100.0,Sentinel 2 (original mapping scope varies by year),no_listed_event_onset_not_physical_zero,no_listed_event_onset_not_physical_zero,2017.0,4.28,4.22,1.87,87.84,4.72,124.84569768849086,30564.0,93.87,12.0,"Includes term deposits; cash-flow-based measure, detailed vintage exclusions remain subject to audit",False,Pre-AASB15/1058,2019.0,0.57,3.55,119.78021978021978,12.0,False,AASB15/1058 and lease regime,2017,2019
mosman,Mosman,2019,0.0,0.0,1.0,verified_zero_mapped_burn_within_source_scope,10.0,Sentinel 2 (original mapping scope varies by year),no_listed_event_onset_not_physical_zero,listed_event_onset,2018.0,3.83,3.83,1.68,88.99,4.54,106.89480354879596,30877.0,93.93,12.0,"Includes term deposits; cash-flow-based measure, detailed vintage exclusions remain subject to audit",False,Pre-AASB15/1058,2020.0,3.03,3.8,133.05927342256214,12.0,False,AASB15/1058 and lease regime,2018,2020
mosman,Mosman,2020,0.0,0.0,0.0,verified_zero_mapped_burn_within_source_scope,10.0,Sentinel 2 (original mapping scope varies by year),no_listed_event_onset_not_physical_zero,no_listed_event_onset_not_physical_zero,2019.0,0.57,3.55,1.38,89.53,2.94,119.78021978021978,30981.0,94.07,12.0,"Includes term deposits; cash-flow-based measure, detailed vintage exclusions remain subject to audit",False,AASB15/1058 and lease regime,2021.0,4.19,7.5948,115.88986863415512,12.0,False,AASB15/1058 and lease regime,2019,2021
mosman,Mosman,2021,0.0,0.0,0.0,verified_zero_mapped_burn_within_source_scope,10.0,Sentinel 2 (original mapping scope varies by year),no_listed_event_onset_not_physical_zero,no_listed_event_onset_not_physical_zero,2020.0,3.03,3.8,1.34,87.29,4.15,133.05927342256214,30785.0,94.09,12.0,"Includes term deposits; cash-flow-based measure, detailed vintage exclusions remain subject to audit",False,AASB15/1058 and lease regime,2022.0,10.57,8.4993,109.96688741721854,12.0,False,AASB15/1058 and lease regime,2020,2022
mosman,Mosman,2022,0.0,0.0,0.0,verified_zero_mapped_burn_within_source_scope,10.0,Sentinel 2 (original mapping scope varies by year),no_listed_event_onset_not_physical_zero,no_listed_event_onset_not_physical_zero,2021.0,4.19,7.5948,2.0162,83.55,5.0751,115.88986863415512,28461.0,94.09,12.0,"Includes term deposits; cash-flow-based measure, detailed vintage exclusions remain subject to audit",False,AASB15/1058 and lease regime,2023.0,6.25,6.8078,108.6220288954482,12.0,False,AASB15/1058 and lease regime,2021,2023
mosman,Mosman,2023,0.0,0.0,0.0,verified_zero_mapped_burn_within_source_scope,10.0,Sentinel 2 (original mapping scope varies by year),no_listed_event_onset_not_physical_zero,no_listed_event_onset_not_physical_zero,2022.0,10.57,8.4993,2.4116,86.29,6.6932,109.96688741721854,28123.0,94.09,12.0,"Includes term deposits; cash-flow-based measure, detailed vintage exclusions remain subject to audit",False,AASB15/1058 and lease regime,2024.0,,,110.67653276955602,12.0,False,Six fiscal ratios not collected by OLG,2022,2024
mosman,Mosman,2024,,0.0,0.0,unknown_source_not_acquired,,Sentinel 2 (original mapping scope varies by year),no_listed_event_onset_not_physical_zero,no_listed_event_onset_not_physical_zero,2023.0,6.25,6.8078,1.9151,84.26,8.2553,108.6220288954482,29253.0,94.09,12.0,"Includes term deposits; cash-flow-based measure, detailed vintage exclusions remain subject to audit",False,AASB15/1058 and lease regime,,,,,,,,2023,2025
muswellbrook,Muswellbrook,2012,0.0,1.0,0.0,verified_zero_mapped_burn_within_source_scope,100.0,Landsat,observed_positive_in_complete_published_list,no_listed_event_in_complete_published_list_not_physical_zero,,,,,,,,,,,,,,2013.0,-0.7100000000000001,12.6552,85.01953973078594,12.0,False,Early OLG/TCorp definitions; revaluation exclusions described,2011,2013
muswellbrook,Muswellbrook,2013,46849.738323043784,1.0,,observed_positive_mapped_burn_within_source_scope,100.0,Landsat,observed_positive_partial_inventory_count_lower_bound,unknown_incomplete_inventory_no_positive_record,2012.0,6.39,,3.1602,48.18,10.1621,81.71529619805482,16694.0,,12.0,Earlier measure excludes term deposits and uses different expense denominator; not converted,False,Early OLG/TCorp definitions; revaluation exclusions described,2014.0,-3.09,13.9888,77.43229689067202,12.0,False,Pre-AASB15/1058,2012,2014
muswellbrook,Muswellbrook,2014,702.1378724106938,,1.0,observed_positive_mapped_burn_within_source_scope,100.0,Landsat,unknown_incomplete_inventory_no_positive_record,observed_positive_partial_inventory_count_lower_bound,2013.0,-0.7100000000000001,12.6552,1.9425,65.46,6.9086,85.01953973078594,16851.0,,12.0,"Includes term deposits; cash-flow-based measure, detailed vintage exclusions remain subject to audit",False,Early OLG/TCorp definitions; revaluation exclusions described,2015.0,2.62,9.39,79.55491514569324,12.0,False,Pre-AASB15/1058,2013,2015
muswellbrook,Muswellbrook,2015,0.0,,,verified_zero_mapped_burn_within_source_scope,100.0,Landsat,unknown_incomplete_inventory_no_positive_record,unknown_incomplete_inventory_no_positive_record,2014.0,-3.09,13.9888,1.839,53.6,4.1803,77.43229689067202,17045.0,,12.0,"Includes term deposits; cash-flow-based measure, detailed vintage exclusions remain subject to audit",False,Pre-AASB15/1058,2016.0,8.12,10.2844,83.08752584424535,12.0,False,Pre-AASB15/1058,2014,2016
muswellbrook,Muswellbrook,2016,0.0,,,verified_zero_mapped_burn_within_source_scope,100.0,Landsat 8,unknown_incomplete_inventory_no_positive_record,unknown_incomplete_inventory_no_positive_record,2015.0,2.62,9.39,2.03,58.01,3.35,79.55491514569324,17209.0,,12.0,"Includes term deposits; cash-flow-based measure, detailed vintage exclusions remain subject to audit",False,Pre-AASB15/1058,2017.0,13.03,7.7,75.13462889253103,12.0,False,Pre-AASB15/1058,2015,2017
muswellbrook,Muswellbrook,2017,294.96,1.0,0.0,mapped_burn_positive,100.0,Sentinel 2 (original mapping scope varies by year),listed_event_onset,no_listed_event_onset_not_physical_zero,2016.0,8.12,10.2844,5.2994,70.28,4.9123,83.08752584424535,16468.0,619.5300000000001,12.0,"Includes term deposits; cash-flow-based measure, detailed vintage exclusions remain subject to audit",False,Pre-AASB15/1058,2018.0,6.98,8.39,98.28492392807746,12.0,False,Pre-AASB15/1058,2016,2018
muswellbrook,Muswellbrook,2018,229.11,1.0,1.0,mapped_burn_positive,100.0,Sentinel 2 (original mapping scope varies by year),listed_event_onset,listed_event_onset,2017.0,13.03,7.7,2.02,65.83,2.3,75.13462889253103,16431.0,619.5300000000001,12.0,"Includes term deposits; cash-flow-based measure, detailed vintage exclusions remain subject to audit",False,Pre-AASB15/1058,2019.0,12.38,5.56,106.4102564102564,12.0,False,AASB15/1058 and lease regime,2017,2019
muswellbrook,Muswellbrook,2019,85534.89,1.0,0.0,mapped_burn_positive,10.0,Sentinel 2 (original mapping scope varies by year),listed_event_onset,no_listed_event_onset_not_physical_zero,2018.0,6.98,8.39,0.73,68.4,2.8,98.28492392807746,16383.0,621.27,12.0,"Includes term deposits; cash-flow-based measure, detailed vintage exclusions remain subject to audit",False,Pre-AASB15/1058,2020.0,9.96,7.98,78.66837387964148,12.0,False,AASB15/1058 and lease regime,2018,2020
muswellbrook,Muswellbrook,2020,0.0,0.0,1.0,verified_zero_mapped_burn_within_source_scope,10.0,Sentinel 2 (original mapping scope varies by year),no_listed_event_onset_not_physical_zero,listed_event_onset,2019.0,12.38,5.56,0.98,74.3,2.56,106.4102564102564,16377.0,621.27,12.0,"Includes term deposits; cash-flow-based measure, detailed vintage exclusions remain subject to audit",False,AASB15/1058 and lease regime,2021.0,8.34,9.6512,53.414847161572055,12.0,False,AASB15/1058 and lease regime,2019,2021
muswellbrook,Muswellbrook,2021,0.0,0.0,1.0,verified_zero_mapped_burn_within_source_scope,10.0,Sentinel 2 (original mapping scope varies by year),no_listed_event_onset_not_physical_zero,listed_event_onset,2020.0,9.96,7.98,2.17,64.35,2.43,78.66837387964148,16355.0,621.27,12.0,"Includes term deposits; cash-flow-based measure, detailed vintage exclusions remain subject to audit",False,AASB15/1058 and lease regime,2022.0,9.48,9.9685,61.06060606060606,12.0,False,AASB15/1058 and lease regime,2020,2022
muswellbrook,Muswellbrook,2022,106.41,0.0,1.0,mapped_burn_positive,10.0,Sentinel 2 (original mapping scope varies by year),no_listed_event_onset_not_physical_zero,listed_event_onset,2021.0,8.34,9.6512,1.9808,63.53,3.1956,53.414847161572055,16463.0,607.8,12.0,"Includes term deposits; cash-flow-based measure, detailed vintage exclusions remain subject to audit",False,AASB15/1058 and lease regime,2023.0,20.18,8.13,88.41363693546359,12.0,False,AASB15/1058 and lease regime,2021,2023
muswellbrook,Muswellbrook,2023,2026.31,1.0,0.0,mapped_burn_positive,10.0,Sentinel 2 (original mapping scope varies by year),listed_event_onset,no_listed_event_onset_not_physical_zero,2022.0,9.48,9.9685,1.6569,64.42,2.8839,61.06060606060606,16540.0,607.8,12.0,"Includes term deposits; cash-flow-based measure, detailed vintage exclusions remain subject to audit",False,AASB15/1058 and lease regime,2024.0,,,278.89993784959603,12.0,False,Six fiscal ratios not collected by OLG,2022,2024
muswellbrook,Muswellbrook,2024,,1.0,1.0,unknown_source_not_acquired,,Sentinel 2 (original mapping scope varies by year),listed_event_onset,listed_event_onset,2023.0,20.18,8.13,1.7703,64.31,4.5061,88.41363693546359,16817.0,610.9,12.0,"Includes term deposits; cash-flow-based measure, detailed vintage exclusions remain subject to audit",False,AASB15/1058 and lease regime,,,,,,,,2023,2025
nambuccavalley,Nambucca,2012,0.0,1.0,1.0,verified_zero_mapped_burn_within_source_scope,100.0,Landsat,observed_positive_in_complete_published_list,observed_positive_in_complete_published_list,,,,,,,,,,,,,,2013.0,-14.23,10.8919,92.81618349792927,12.0,False,Early OLG/TCorp definitions; revaluation exclusions described,2011,2013
nambuccavalley,Nambucca,2013,182.40058454120265,,,observed_positive_mapped_burn_within_source_scope,100.0,Landsat,unknown_incomplete_inventory_no_positive_record,unknown_incomplete_inventory_no_positive_record,2012.0,-32.96,,1.7068,42.44,0.3603,68.5270132517839,19319.0,,12.0,Earlier measure excludes term deposits and uses different expense denominator; not converted,False,Early OLG/TCorp definitions; revaluation exclusions described,2014.0,3.36,11.6074,145.59386973180077,12.0,False,Pre-AASB15/1058,2012,2014
nambuccavalley,Nambucca,2014,5.750073427291671,,1.0,observed_positive_mapped_burn_within_source_scope,100.0,Landsat,unknown_incomplete_inventory_no_positive_record,observed_positive_partial_inventory_count_lower_bound,2013.0,-14.23,10.8919,2.7043,60.870000000000005,1.5904,92.81618349792927,19529.0,,12.0,"Includes term deposits; cash-flow-based measure, detailed vintage exclusions remain subject to audit",False,Early OLG/TCorp definitions; revaluation exclusions described,2015.0,3.25,8.76,181.062951496388,12.0,False,Pre-AASB15/1058,2013,2015
nambuccavalley,Nambucca,2015,132.4133862635966,,1.0,observed_positive_mapped_burn_within_source_scope,100.0,Landsat,unknown_incomplete_inventory_no_positive_record,observed_positive_partial_inventory_count_lower_bound,2014.0,3.36,11.6074,2.0006,54.18,2.4741,145.59386973180077,19655.0,,12.0,"Includes term deposits; cash-flow-based measure, detailed vintage exclusions remain subject to audit",False,Pre-AASB15/1058,2016.0,17.76,10.9424,97.90859798605732,12.0,False,Pre-AASB15/1058,2014,2016
nambuccavalley,Nambucca,2016,1994.507202767538,,1.0,observed_positive_mapped_burn_within_source_scope,100.0,Landsat 8,unknown_incomplete_inventory_no_positive_record,observed_positive_partial_inventory_count_lower_bound,2015.0,3.25,8.76,2.38,69.83,2.29,181.062951496388,19598.0,,12.0,"Includes term deposits; cash-flow-based measure, detailed vintage exclusions remain subject to audit",False,Pre-AASB15/1058,2017.0,6.93,11.96,100.0,12.0,False,Pre-AASB15/1058,2015,2017
nambuccavalley,Nambucca,2017,1310.26,0.0,0.0,mapped_burn_positive,100.0,Sentinel 2 (original mapping scope varies by year),no_listed_event_onset_not_physical_zero,no_listed_event_onset_not_physical_zero,2016.0,17.76,10.9424,2.5106,68.15,3.3737,97.90859798605732,19521.0,709.275,12.0,"Includes term deposits; cash-flow-based measure, detailed vintage exclusions remain subject to audit",False,Pre-AASB15/1058,2018.0,4.27,10.72,102.3083264633141,12.0,False,Pre-AASB15/1058,2016,2018
nambuccavalley,Nambucca,2018,445.85,0.0,1.0,mapped_burn_positive,100.0,Sentinel 2 (original mapping scope varies by year),no_listed_event_onset_not_physical_zero,listed_event_onset,2017.0,6.93,11.96,2.06,69.73,2.53,100.0,19688.0,714.321,12.0,"Includes term deposits; cash-flow-based measure, detailed vintage exclusions remain subject to audit",False,Pre-AASB15/1058,2019.0,2.38,12.91,92.9310960371296,12.0,False,AASB15/1058 and lease regime,2017,2019
nambuccavalley,Nambucca,2019,36501.1,1.0,1.0,mapped_burn_positive,10.0,Sentinel 2 (original mapping scope varies by year),listed_event_onset,listed_event_onset,2018.0,4.27,10.72,2.41,68.7,2.36,102.3083264633141,19773.0,715.54,12.0,"Includes term deposits; cash-flow-based measure, detailed vintage exclusions remain subject to audit",False,Pre-AASB15/1058,2020.0,-5.47,15.44,109.7595697564062,12.0,False,AASB15/1058 and lease regime,2018,2020
nambuccavalley,Nambucca,2020,0.0,0.0,1.0,verified_zero_mapped_burn_within_source_scope,10.0,Sentinel 2 (original mapping scope varies by year),no_listed_event_onset_not_physical_zero,listed_event_onset,2019.0,2.38,12.91,1.86,59.6,2.4,92.9310960371296,19805.0,717.42,12.0,"Includes term deposits; cash-flow-based measure, detailed vintage exclusions remain subject to audit",False,AASB15/1058 and lease regime,2021.0,0.74,19.1264,142.67693315858455,12.0,False,AASB15/1058 and lease regime,2019,2021
nambuccavalley,Nambucca,2021,0.0,0.0,1.0,verified_zero_mapped_burn_within_source_scope,10.0,Sentinel 2 (original mapping scope varies by year),no_listed_event_onset_not_physical_zero,listed_event_onset,2020.0,-5.47,15.44,2.28,59.42,2.5,109.7595697564062,19861.0,721.0400000000001,12.0,"Includes term deposits; cash-flow-based measure, detailed vintage exclusions remain subject to audit",False,AASB15/1058 and lease regime,2022.0,5.88,17.7983,58.84724144154985,12.0,False,AASB15/1058 and lease regime,2020,2022
nambuccavalley,Nambucca,2022,0.0,0.0,1.0,verified_zero_mapped_burn_within_source_scope,10.0,Sentinel 2 (original mapping scope varies by year),no_listed_event_onset_not_physical_zero,listed_event_onset,2021.0,0.74,19.1264,1.9781,51.55,3.0697,142.67693315858455,20375.0,729.5400000000001,12.0,"Includes term deposits; cash-flow-based measure, detailed vintage exclusions remain subject to audit",False,AASB15/1058 and lease regime,2023.0,5.8,20.8318,40.75041557824745,12.0,False,AASB15/1058 and lease regime,2021,2023
nambuccavalley,Nambucca,2023,277.19,1.0,0.0,mapped_burn_positive,10.0,Sentinel 2 (original mapping scope varies by year),listed_event_onset,no_listed_event_onset_not_physical_zero,2022.0,5.88,17.7983,5.8875,54.33,3.6578,58.84724144154985,20610.0,730.2199999999999,12.0,"Includes term deposits; cash-flow-based measure, detailed vintage exclusions remain subject to audit",False,AASB15/1058 and lease regime,2024.0,,,56.97976128697457,12.0,False,Six fiscal ratios not collected by OLG,2022,2024
nambuccavalley,Nambucca,2024,,0.0,1.0,unknown_source_not_acquired,,Sentinel 2 (original mapping scope varies by year),no_listed_event_onset_not_physical_zero,listed_event_onset,2023.0,5.8,20.8318,5.8486,55.97,4.0885,40.75041557824745,20986.0,730.2199999999999,12.0,"Includes term deposits; cash-flow-based measure, detailed vintage exclusions remain subject to audit",False,AASB15/1058 and lease regime,,,,,,,,2023,2025
narrabri,Narrabri,2012,603.5683665135048,1.0,1.0,observed_positive_mapped_burn_within_source_scope,100.0,Landsat,observed_positive_in_complete_published_list,observed_positive_in_complete_published_list,,,,,,,,,,,,,,2013.0,-6.81,12.0367,114.04678068410465,12.0,False,Early OLG/TCorp definitions; revaluation exclusions described,2011,2013
narrabri,Narrabri,2013,699.1573366091887,1.0,,observed_positive_mapped_burn_within_source_scope,100.0,Landsat,observed_positive_partial_inventory_count_lower_bound,unknown_incomplete_inventory_no_positive_record,2012.0,2.4299999999999997,,2.6326,55.76,3.8896,78.23851953392735,13534.0,,12.0,Earlier measure excludes term deposits and uses different expense denominator; not converted,False,Early OLG/TCorp definitions; revaluation exclusions described,2014.0,2.14,17.101,115.22458628841608,12.0,False,Pre-AASB15/1058,2012,2014
narrabri,Narrabri,2014,871.4955038238938,1.0,,observed_positive_mapped_burn_within_source_scope,100.0,Landsat,observed_positive_partial_inventory_count_lower_bound,unknown_incomplete_inventory_no_positive_record,2013.0,-6.81,12.0367,2.0193,59.58,2.9381,114.04678068410465,13685.0,,12.0,"Includes term deposits; cash-flow-based measure, detailed vintage exclusions remain subject to audit",False,Early OLG/TCorp definitions; revaluation exclusions described,2015.0,10.4,14.59,103.49970466627288,12.0,False,Pre-AASB15/1058,2013,2015
narrabri,Narrabri,2015,8089.901833991786,,,observed_positive_mapped_burn_within_source_scope,100.0,Landsat,unknown_incomplete_inventory_no_positive_record,unknown_incomplete_inventory_no_positive_record,2014.0,2.14,17.101,2.0673,56.14,2.9431,115.22458628841608,13764.0,,12.0,"Includes term deposits; cash-flow-based measure, detailed vintage exclusions remain subject to audit",False,Pre-AASB15/1058,2016.0,18.15,19.4766,110.55993987222848,12.0,False,Pre-AASB15/1058,2014,2016
narrabri,Narrabri,2016,1406.506657531746,1.0,1.0,observed_positive_mapped_burn_within_source_scope,100.0,Landsat 8,observed_positive_partial_inventory_count_lower_bound,observed_positive_partial_inventory_count_lower_bound,2015.0,10.4,14.59,3.73,57.52,6.65,103.49970466627288,13799.0,,12.0,"Includes term deposits; cash-flow-based measure, detailed vintage exclusions remain subject to audit",False,Pre-AASB15/1058,2017.0,12.02,17.18,99.9736217356898,12.0,False,Pre-AASB15/1058,2015,2017
narrabri,Narrabri,2017,41770.96,1.0,0.0,mapped_burn_positive,100.0,Sentinel 2 (original mapping scope varies by year),listed_event_onset,no_listed_event_onset_not_physical_zero,2016.0,18.15,19.4766,5.1562,58.82,13.0843,110.55993987222848,13481.0,2306.4300000000003,12.0,"Includes term deposits; cash-flow-based measure, detailed vintage exclusions remain subject to audit",False,Pre-AASB15/1058,2018.0,1.1,16.2,,12.0,True,Pre-AASB15/1058,2016,2018
narrabri,Narrabri,2018,0.0,0.0,0.0,verified_zero_mapped_burn_within_source_scope,100.0,Sentinel 2 (original mapping scope varies by year),no_listed_event_onset_not_physical_zero,no_listed_event_onset_not_physical_zero,2017.0,12.02,17.18,4.65,71.7,11.82,99.9736217356898,13278.0,2313.469,12.0,"Includes term deposits; cash-flow-based measure, detailed vintage exclusions remain subject to audit",False,Pre-AASB15/1058,2019.0,-4.54,9.63,138.84093711467324,12.0,False,AASB15/1058 and lease regime,2017,2019
narrabri,Narrabri,2019,13595.03,1.0,1.0,mapped_burn_positive,10.0,Sentinel 2 (original mapping scope varies by year),listed_event_onset,listed_event_onset,2018.0,1.1,16.2,4.3,59.8,9.0,,13231.0,2313.4700000000003,12.0,"Includes term deposits; cash-flow-based measure, detailed vintage exclusions remain subject to audit",True,Pre-AASB15/1058,2020.0,1.94,8.18,93.75215740421125,12.0,False,AASB15/1058 and lease regime,2018,2020
narrabri,Narrabri,2020,203.65,0.0,1.0,mapped_burn_positive,10.0,Sentinel 2 (original mapping scope varies by year),no_listed_event_onset_not_physical_zero,listed_event_onset,2019.0,-4.54,9.63,3.32,56.28,8.55,138.84093711467324,13135.0,2313.4700000000003,12.0,"Includes term deposits; cash-flow-based measure, detailed vintage exclusions remain subject to audit",False,AASB15/1058 and lease regime,2021.0,4.7,11.6,107.34362083218518,12.0,False,AASB15/1058 and lease regime,2019,2021
narrabri,Narrabri,2021,14.13,0.0,1.0,mapped_burn_positive,10.0,Sentinel 2 (original mapping scope varies by year),no_listed_event_onset_not_physical_zero,listed_event_onset,2020.0,1.94,8.18,3.3,56.43,14.91,93.75215740421125,13049.0,2313.4700000000003,12.0,"Includes term deposits; cash-flow-based measure, detailed vintage exclusions remain subject to audit",False,AASB15/1058 and lease regime,2022.0,3.2,17.0,0.0,12.0,False,AASB15/1058 and lease regime,2020,2022
narrabri,Narrabri,2022,6074.3,1.0,1.0,mapped_burn_positive,10.0,Sentinel 2 (original mapping scope varies by year),listed_event_onset,listed_event_onset,2021.0,4.7,11.6,3.92,60.7,19.0,107.34362083218518,12809.0,2313.4700000000003,12.0,"Includes term deposits; cash-flow-based measure, detailed vintage exclusions remain subject to audit",False,AASB15/1058 and lease regime,2023.0,5.61,16.8742,101.58794376453928,12.0,False,AASB15/1058 and lease regime,2021,2023
narrabri,Narrabri,2023,121664.88,1.0,0.0,mapped_burn_positive,10.0,Sentinel 2 (original mapping scope varies by year),listed_event_onset,no_listed_event_onset_not_physical_zero,2022.0,3.2,17.0,4.0,50.2,19.2,0.0,12721.0,2313.4700000000003,12.0,"Includes term deposits; cash-flow-based measure, detailed vintage exclusions remain subject to audit",False,AASB15/1058 and lease regime,2024.0,,,87.81579327270103,12.0,False,Six fiscal ratios not collected by OLG,2022,2024
narrabri,Narrabri,2024,,1.0,0.0,unknown_source_not_acquired,,Sentinel 2 (original mapping scope varies by year),listed_event_onset,no_listed_event_onset_not_physical_zero,2023.0,5.61,16.8742,3.0677,54.44,24.6688,101.58794376453928,12796.0,2339.2860000000005,12.0,"Includes term deposits; cash-flow-based measure, detailed vintage exclusions remain subject to audit",False,AASB15/1058 and lease regime,,,,,,,,2023,2025
narrandera,Narrandera,2012,0.0,1.0,0.0,verified_zero_mapped_burn_within_source_scope,100.0,Landsat,observed_positive_in_complete_published_list,no_listed_event_in_complete_published_list_not_physical_zero,,,,,,,,,,,,,,2013.0,-6.09,16.5666,98.75455650060752,12.0,False,Early OLG/TCorp definitions; revaluation exclusions described,2011,2013
narrandera,Narrandera,2013,0.0,,,verified_zero_mapped_burn_within_source_scope,100.0,Landsat,unknown_incomplete_inventory_no_positive_record,unknown_incomplete_inventory_no_positive_record,2012.0,-0.4499999999999999,,5.5986,41.349999999999994,392.1,85.94217347956132,6071.0,,12.0,Earlier measure excludes term deposits and uses different expense denominator; not converted,False,Early OLG/TCorp definitions; revaluation exclusions described,2014.0,1.76,18.1807,92.03577512776832,12.0,False,Pre-AASB15/1058,2012,2014
narrandera,Narrandera,2014,0.0,,,verified_zero_mapped_burn_within_source_scope,100.0,Landsat,unknown_incomplete_inventory_no_positive_record,unknown_incomplete_inventory_no_positive_record,2013.0,-6.09,16.5666,7.3316,54.92,235.5,98.75455650060752,6030.0,,12.0,"Includes term deposits; cash-flow-based measure, detailed vintage exclusions remain subject to audit",False,Early OLG/TCorp definitions; revaluation exclusions described,2015.0,6.16,16.87,97.80405405405403,12.0,False,Pre-AASB15/1058,2013,2015
narrandera,Narrandera,2015,0.0,,1.0,verified_zero_mapped_burn_within_source_scope,100.0,Landsat,unknown_incomplete_inventory_no_positive_record,observed_positive_partial_inventory_count_lower_bound,2014.0,1.76,18.1807,4.7682,68.65,469.6,92.03577512776832,5961.0,,12.0,"Includes term deposits; cash-flow-based measure, detailed vintage exclusions remain subject to audit",False,Pre-AASB15/1058,2016.0,17.39,23.3196,97.97297297297295,12.0,False,Pre-AASB15/1058,2014,2016
narrandera,Narrandera,2016,223.9402504798291,,1.0,observed_positive_mapped_burn_within_source_scope,100.0,Landsat 8,unknown_incomplete_inventory_no_positive_record,observed_positive_partial_inventory_count_lower_bound,2015.0,6.16,16.87,9.17,60.58,1.77,97.80405405405403,5920.0,,12.0,"Includes term deposits; cash-flow-based measure, detailed vintage exclusions remain subject to audit",False,Pre-AASB15/1058,2017.0,3.74,20.09,221.74959871589084,12.0,False,Pre-AASB15/1058,2015,2017
narrandera,Narrandera,2017,0.0,0.0,0.0,verified_zero_mapped_burn_within_source_scope,100.0,Sentinel 2 (original mapping scope varies by year),no_listed_event_onset_not_physical_zero,no_listed_event_onset_not_physical_zero,2016.0,17.39,23.3196,7.625900000000001,52.17,806.7,97.97297297297295,5976.0,1555.6,12.0,"Includes term deposits; cash-flow-based measure, detailed vintage exclusions remain subject to audit",False,Pre-AASB15/1058,2018.0,5.64,19.34,208.3743842364532,12.0,False,Pre-AASB15/1058,2016,2018
narrandera,Narrandera,2018,0.0,0.0,0.0,verified_zero_mapped_burn_within_source_scope,100.0,Sentinel 2 (original mapping scope varies by year),no_listed_event_onset_not_physical_zero,no_listed_event_onset_not_physical_zero,2017.0,3.74,20.09,7.85,54.83,,221.74959871589084,5931.0,1555.6,12.0,"Includes term deposits; cash-flow-based measure, detailed vintage exclusions remain subject to audit",False,Pre-AASB15/1058,2019.0,8.62,20.77,0.0,12.0,False,AASB15/1058 and lease regime,2017,2019
narrandera,Narrandera,2019,219.47,0.0,0.0,mapped_burn_positive,10.0,Sentinel 2 (original mapping scope varies by year),no_listed_event_onset_not_physical_zero,no_listed_event_onset_not_physical_zero,2018.0,5.64,19.34,6.63,51.84,,208.3743842364532,5931.0,1555.49,12.0,"Includes term deposits; cash-flow-based measure, detailed vintage exclusions remain subject to audit",False,Pre-AASB15/1058,2020.0,6.16,19.67,119.07176287051482,12.0,False,AASB15/1058 and lease regime,2018,2020
narrandera,Narrandera,2020,0.0,0.0,0.0,verified_zero_mapped_burn_within_source_scope,10.0,Sentinel 2 (original mapping scope varies by year),no_listed_event_onset_not_physical_zero,no_listed_event_onset_not_physical_zero,2019.0,8.62,20.77,6.07,56.7,,0.0,5899.0,1555.49,12.0,"Includes term deposits; cash-flow-based measure, detailed vintage exclusions remain subject to audit",False,AASB15/1058 and lease regime,2021.0,0.28,18.3974,190.73284218689415,12.0,False,AASB15/1058 and lease regime,2019,2021
narrandera,Narrandera,2021,0.0,0.0,1.0,verified_zero_mapped_burn_within_source_scope,10.0,Sentinel 2 (original mapping scope varies by year),no_listed_event_onset_not_physical_zero,listed_event_onset,2020.0,6.16,19.67,5.03,44.46,215.52,119.07176287051482,5858.0,1555.49,12.0,"Includes term deposits; cash-flow-based measure, detailed vintage exclusions remain subject to audit",False,AASB15/1058 and lease regime,2022.0,15.77,21.5087,169.90349819059108,12.0,False,AASB15/1058 and lease regime,2020,2022
narrandera,Narrandera,2022,108.76,0.0,1.0,mapped_burn_positive,10.0,Sentinel 2 (original mapping scope varies by year),no_listed_event_onset_not_physical_zero,listed_event_onset,2021.0,0.28,18.3974,5.989,46.51,44.4118,190.73284218689415,5731.0,1556.0,12.0,"Includes term deposits; cash-flow-based measure, detailed vintage exclusions remain subject to audit",False,AASB15/1058 and lease regime,2023.0,16.14,22.7203,134.00643839625403,12.0,False,AASB15/1058 and lease regime,2021,2023
narrandera,Narrandera,2023,89.73,0.0,0.0,mapped_burn_positive,10.0,Sentinel 2 (original mapping scope varies by year),no_listed_event_onset_not_physical_zero,no_listed_event_onset_not_physical_zero,2022.0,15.77,21.5087,6.5672,43.31,51.3474,169.90349819059108,5721.0,1556.0,12.0,"Includes term deposits; cash-flow-based measure, detailed vintage exclusions remain subject to audit",False,AASB15/1058 and lease regime,2024.0,,,125.3551912568306,12.0,False,Six fiscal ratios not collected by OLG,2022,2024
narrandera,Narrandera,2024,,0.0,0.0,unknown_source_not_acquired,,Sentinel 2 (original mapping scope varies by year),no_listed_event_onset_not_physical_zero,no_listed_event_onset_not_physical_zero,2023.0,16.14,22.7203,4.4561,43.41,52.8157,134.00643839625403,5687.0,1566.4199999999998,12.0,"Includes term deposits; cash-flow-based measure, detailed vintage exclusions remain subject to audit",False,AASB15/1058 and lease regime,,,,,,,,2023,2025
narromine,Narromine,2012,0.0,1.0,0.0,verified_zero_mapped_burn_within_source_scope,100.0,Landsat,observed_positive_in_complete_published_list,no_listed_event_in_complete_published_list_not_physical_zero,,,,,,,,,,,,,,2013.0,-12.21,18.7615,99.776,12.0,False,Early OLG/TCorp definitions; revaluation exclusions described,2011,2013
narromine,Narromine,2013,0.0,,,verified_zero_mapped_burn_within_source_scope,100.0,Landsat,unknown_incomplete_inventory_no_positive_record,unknown_incomplete_inventory_no_positive_record,2012.0,-7.449999999999999,,6.0259,51.870000000000005,29.0183,93.10295992069112,6850.0,,12.0,Earlier measure excludes term deposits and uses different expense denominator; not converted,False,Early OLG/TCorp definitions; revaluation exclusions described,2014.0,4.56,19.2018,101.43884892086332,12.0,False,Pre-AASB15/1058,2012,2014
narromine,Narromine,2014,0.0,,,verified_zero_mapped_burn_within_source_scope,100.0,Landsat,unknown_incomplete_inventory_no_positive_record,unknown_incomplete_inventory_no_positive_record,2013.0,-12.21,18.7615,4.9198,63.41,24.9286,99.776,6872.0,,12.0,"Includes term deposits; cash-flow-based measure, detailed vintage exclusions remain subject to audit",False,Early OLG/TCorp definitions; revaluation exclusions described,2015.0,11.73,16.83,68.95238095238095,12.0,False,Pre-AASB15/1058,2013,2015
narromine,Narromine,2015,0.0,,1.0,verified_zero_mapped_burn_within_source_scope,100.0,Landsat,unknown_incomplete_inventory_no_positive_record,observed_positive_partial_inventory_count_lower_bound,2014.0,4.56,19.2018,4.2024,57.86,18.614,101.43884892086332,6854.0,,12.0,"Includes term deposits; cash-flow-based measure, detailed vintage exclusions remain subject to audit",False,Pre-AASB15/1058,2016.0,18.72,19.9328,129.5654296875,12.0,False,Pre-AASB15/1058,2014,2016
narromine,Narromine,2016,0.0,,1.0,verified_zero_mapped_burn_within_source_scope,100.0,Landsat 8,unknown_incomplete_inventory_no_positive_record,observed_positive_partial_inventory_count_lower_bound,2015.0,11.73,16.83,5.63,52.18,14.59,68.95238095238095,6822.0,,12.0,"Includes term deposits; cash-flow-based measure, detailed vintage exclusions remain subject to audit",False,Pre-AASB15/1058,2017.0,-0.88,18.93,97.92181368987066,12.0,False,Pre-AASB15/1058,2015,2017
narromine,Narromine,2017,0.0,0.0,0.0,verified_zero_mapped_burn_within_source_scope,100.0,Sentinel 2 (original mapping scope varies by year),no_listed_event_onset_not_physical_zero,no_listed_event_onset_not_physical_zero,2016.0,18.72,19.9328,5.3836,47.89,19.9588,129.5654296875,6599.0,1571.7900000000002,12.0,"Includes term deposits; cash-flow-based measure, detailed vintage exclusions remain subject to audit",False,Pre-AASB15/1058,2018.0,1.53,15.34,94.45696259576386,12.0,False,Pre-AASB15/1058,2016,2018
narromine,Narromine,2018,0.0,0.0,0.0,verified_zero_mapped_burn_within_source_scope,100.0,Sentinel 2 (original mapping scope varies by year),no_listed_event_onset_not_physical_zero,no_listed_event_onset_not_physical_zero,2017.0,-0.88,18.93,5.98,53.43,12.68,97.92181368987066,6578.0,1571.7900000000002,12.0,"Includes term deposits; cash-flow-based measure, detailed vintage exclusions remain subject to audit",False,Pre-AASB15/1058,2019.0,2.28,8.23,94.4507658643326,12.0,False,AASB15/1058 and lease regime,2017,2019
narromine,Narromine,2019,0.0,0.0,1.0,verified_zero_mapped_burn_within_source_scope,10.0,Sentinel 2 (original mapping scope varies by year),no_listed_event_onset_not_physical_zero,listed_event_onset,2018.0,1.53,15.34,4.97,54.34,12.9,94.45696259576386,6567.0,1571.7900000000002,12.0,"Includes term deposits; cash-flow-based measure, detailed vintage exclusions remain subject to audit",False,Pre-AASB15/1058,2020.0,10.39,3.71,95.55281623364309,12.0,False,AASB15/1058 and lease regime,2018,2020
narromine,Narromine,2020,0.0,0.0,1.0,verified_zero_mapped_burn_within_source_scope,10.0,Sentinel 2 (original mapping scope varies by year),no_listed_event_onset_not_physical_zero,listed_event_onset,2019.0,2.28,8.23,2.86,51.97,10.16,94.4507658643326,6517.0,1571.7900000000002,12.0,"Includes term deposits; cash-flow-based measure, detailed vintage exclusions remain subject to audit",False,AASB15/1058 and lease regime,2021.0,-6.42,2.8779,67.96033994334277,12.0,False,AASB15/1058 and lease regime,2019,2021
narromine,Narromine,2021,0.0,0.0,1.0,verified_zero_mapped_burn_within_source_scope,10.0,Sentinel 2 (original mapping scope varies by year),no_listed_event_onset_not_physical_zero,listed_event_onset,2020.0,10.39,3.71,3.22,46.91,8.16,95.55281623364309,6460.0,1571.7900000000002,12.0,"Includes term deposits; cash-flow-based measure, detailed vintage exclusions remain subject to audit",False,AASB15/1058 and lease regime,2022.0,1.79,17.1144,84.72406914893617,12.0,False,AASB15/1058 and lease regime,2020,2022
narromine,Narromine,2022,247.4,0.0,1.0,mapped_burn_positive,10.0,Sentinel 2 (original mapping scope varies by year),no_listed_event_onset_not_physical_zero,listed_event_onset,2021.0,-6.42,2.8779,4.592,45.97,4.5686,67.96033994334277,6448.0,1574.0400000000002,12.0,"Includes term deposits; cash-flow-based measure, detailed vintage exclusions remain subject to audit",False,AASB15/1058 and lease regime,2023.0,-22.65,13.4433,101.61483253588516,12.0,False,AASB15/1058 and lease regime,2021,2023
narromine,Narromine,2023,69.86,0.0,0.0,mapped_burn_positive,10.0,Sentinel 2 (original mapping scope varies by year),no_listed_event_onset_not_physical_zero,no_listed_event_onset_not_physical_zero,2022.0,1.79,17.1144,4.5212,49.09,6.4335,84.72406914893617,6430.0,1571.7900000000002,12.0,"Includes term deposits; cash-flow-based measure, detailed vintage exclusions remain subject to audit",False,AASB15/1058 and lease regime,2024.0,,,86.84009958843555,12.0,False,Six fiscal ratios not collected by OLG,2022,2024
narromine,Narromine,2024,,0.0,0.0,unknown_source_not_acquired,,Sentinel 2 (original mapping scope varies by year),no_listed_event_onset_not_physical_zero,no_listed_event_onset_not_physical_zero,2023.0,-22.65,13.4433,5.4197,43.57,2.7251,101.61483253588516,6432.0,1570.4399999999998,12.0,"Includes term deposits; cash-flow-based measure, detailed vintage exclusions remain subject to audit",False,AASB15/1058 and lease regime,,,,,,,,2023,2025
newcastle,Newcastle,2012,0.0,0.0,0.0,verified_zero_mapped_burn_within_source_scope,100.0,Landsat,no_listed_event_in_complete_published_list_not_physical_zero,no_listed_event_in_complete_published_list_not_physical_zero,,,,,,,,,,,,,,2013.0,-0.5,8.6984,84.62426176091236,12.0,False,Early OLG/TCorp definitions; revaluation exclusions described,2011,2013
newcastle,Newcastle,2013,523.2229470886492,1.0,,observed_positive_mapped_burn_within_source_scope,100.0,Landsat,observed_positive_partial_inventory_count_lower_bound,unknown_incomplete_inventory_no_positive_record,2012.0,-5.510000000000001,,2.9184,75.77000000000001,5.2255,49.83598924935983,157273.0,,12.0,Earlier measure excludes term deposits and uses different expense denominator; not converted,False,Early OLG/TCorp definitions; revaluation exclusions described,2014.0,5.81,9.5927,68.70675556673795,12.0,False,Pre-AASB15/1058,2012,2014
newcastle,Newcastle,2014,0.0,,1.0,verified_zero_mapped_burn_within_source_scope,100.0,Landsat,unknown_incomplete_inventory_no_positive_record,observed_positive_partial_inventory_count_lower_bound,2013.0,-0.5,8.6984,3.2181,86.53999999999999,4.1279,84.62426176091236,158553.0,,12.0,"Includes term deposits; cash-flow-based measure, detailed vintage exclusions remain subject to audit",False,Early OLG/TCorp definitions; revaluation exclusions described,2015.0,5.58,9.97,119.02287773401493,12.0,False,Pre-AASB15/1058,2013,2015
newcastle,Newcastle,2015,0.0,,1.0,verified_zero_mapped_burn_within_source_scope,100.0,Landsat,unknown_incomplete_inventory_no_positive_record,observed_positive_partial_inventory_count_lower_bound,2014.0,5.81,9.5927,3.7182,82.94,8.3115,68.70675556673795,160021.0,,12.0,"Includes term deposits; cash-flow-based measure, detailed vintage exclusions remain subject to audit",False,Pre-AASB15/1058,2016.0,3.46,6.4245,117.57083988274778,12.0,False,Pre-AASB15/1058,2014,2016
newcastle,Newcastle,2016,0.0,,,verified_zero_mapped_burn_within_source_scope,100.0,Landsat 8,unknown_incomplete_inventory_no_positive_record,unknown_incomplete_inventory_no_positive_record,2015.0,5.58,9.97,3.6,81.94,8.62,119.02287773401493,161225.0,,12.0,"Includes term deposits; cash-flow-based measure, detailed vintage exclusions remain subject to audit",False,Pre-AASB15/1058,2017.0,1.68,5.27,94.98792923287571,12.0,False,Pre-AASB15/1058,2015,2017
newcastle,Newcastle,2017,34.69,0.0,0.0,mapped_burn_positive,100.0,Sentinel 2 (original mapping scope varies by year),no_listed_event_onset_not_physical_zero,no_listed_event_onset_not_physical_zero,2016.0,3.46,6.4245,2.486,84.34,7.443,117.57083988274778,160919.0,812.95,12.0,"Includes term deposits; cash-flow-based measure, detailed vintage exclusions remain subject to audit",False,Pre-AASB15/1058,2018.0,2.11,5.35,88.12796208530806,12.0,False,Pre-AASB15/1058,2016,2018
newcastle,Newcastle,2018,120.98,1.0,0.0,mapped_burn_positive,100.0,Sentinel 2 (original mapping scope varies by year),listed_event_onset,no_listed_event_onset_not_physical_zero,2017.0,1.68,5.27,3.0,86.47,7.32,94.98792923287571,162358.0,813.1700000000001,12.0,"Includes term deposits; cash-flow-based measure, detailed vintage exclusions remain subject to audit",False,Pre-AASB15/1058,2019.0,2.4,5.85,122.11877614633748,12.0,False,AASB15/1058 and lease regime,2017,2019
newcastle,Newcastle,2019,0.0,0.0,1.0,verified_zero_mapped_burn_within_source_scope,10.0,Sentinel 2 (original mapping scope varies by year),no_listed_event_onset_not_physical_zero,listed_event_onset,2018.0,2.11,5.35,2.24,85.86,6.83,88.12796208530806,164104.0,764.5,12.0,"Includes term deposits; cash-flow-based measure, detailed vintage exclusions remain subject to audit",False,Pre-AASB15/1058,2020.0,-8.11,6.62,121.00358422939068,12.0,False,AASB15/1058 and lease regime,2018,2020
newcastle,Newcastle,2020,0.0,0.0,1.0,verified_zero_mapped_burn_within_source_scope,10.0,Sentinel 2 (original mapping scope varies by year),no_listed_event_onset_not_physical_zero,listed_event_onset,2019.0,2.4,5.85,2.09,86.8,5.2,122.11877614633748,165571.0,871.29,12.0,"Includes term deposits; cash-flow-based measure, detailed vintage exclusions remain subject to audit",False,AASB15/1058 and lease regime,2021.0,-0.64,6.0499,124.00929446556825,12.0,False,AASB15/1058 and lease regime,2019,2021
newcastle,Newcastle,2021,0.0,0.0,1.0,verified_zero_mapped_burn_within_source_scope,10.0,Sentinel 2 (original mapping scope varies by year),no_listed_event_onset_not_physical_zero,listed_event_onset,2020.0,-8.11,6.62,2.23,86.35,3.16,121.00358422939068,167363.0,864.9739999999999,12.0,"Includes term deposits; cash-flow-based measure, detailed vintage exclusions remain subject to audit",False,AASB15/1058 and lease regime,2022.0,3.69,6.4925,119.61775390933502,12.0,False,AASB15/1058 and lease regime,2020,2022
newcastle,Newcastle,2022,0.0,0.0,0.0,verified_zero_mapped_burn_within_source_scope,10.0,Sentinel 2 (original mapping scope varies by year),no_listed_event_onset_not_physical_zero,no_listed_event_onset_not_physical_zero,2021.0,-0.64,6.0499,1.9496,86.23,4.9967,124.00929446556825,169317.0,864.9799999999999,12.0,"Includes term deposits; cash-flow-based measure, detailed vintage exclusions remain subject to audit",False,AASB15/1058 and lease regime,2023.0,3.18,5.9873,98.55040017910112,12.0,False,AASB15/1058 and lease regime,2021,2023
newcastle,Newcastle,2023,0.0,0.0,0.0,verified_zero_mapped_burn_within_source_scope,10.0,Sentinel 2 (original mapping scope varies by year),no_listed_event_onset_not_physical_zero,no_listed_event_onset_not_physical_zero,2022.0,3.69,6.4925,1.9886,85.79,3.3766,119.61775390933502,171528.0,880.92,12.0,"Includes term deposits; cash-flow-based measure, detailed vintage exclusions remain subject to audit",False,AASB15/1058 and lease regime,2024.0,,,99.09273686855994,12.0,False,Six fiscal ratios not collected by OLG,2022,2024
newcastle,Newcastle,2024,,0.0,1.0,unknown_source_not_acquired,,Sentinel 2 (original mapping scope varies by year),no_listed_event_onset_not_physical_zero,listed_event_onset,2023.0,3.18,5.9873,2.0922,84.55,7.5591,98.55040017910112,176860.0,888.6899999999999,12.0,"Includes term deposits; cash-flow-based measure, detailed vintage exclusions remain subject to audit",False,AASB15/1058 and lease regime,,,,,,,,2023,2025
northsydney,North Sydney,2012,0.0,0.0,0.0,verified_zero_mapped_burn_within_source_scope,100.0,Landsat,no_listed_event_in_complete_published_list_not_physical_zero,no_listed_event_in_complete_published_list_not_physical_zero,,,,,,,,,,,,,,2013.0,-0.58,11.1071,104.32742861764945,12.0,False,Early OLG/TCorp definitions; revaluation exclusions described,2011,2013
northsydney,North Sydney,2013,0.0,,,verified_zero_mapped_burn_within_source_scope,100.0,Landsat,unknown_incomplete_inventory_no_positive_record,unknown_incomplete_inventory_no_positive_record,2012.0,-0.86,,2.3403,69.46,,67.00493305144468,67722.0,,12.0,Earlier measure excludes term deposits and uses different expense denominator; not converted,False,Early OLG/TCorp definitions; revaluation exclusions described,2014.0,1.96,12.2716,111.15702479338844,12.0,False,Pre-AASB15/1058,2012,2014
northsydney,North Sydney,2014,0.0,,,verified_zero_mapped_burn_within_source_scope,100.0,Landsat,unknown_incomplete_inventory_no_positive_record,unknown_incomplete_inventory_no_positive_record,2013.0,-0.58,11.1071,2.2498,85.05,,104.32742861764945,69248.0,,12.0,"Includes term deposits; cash-flow-based measure, detailed vintage exclusions remain subject to audit",False,Early OLG/TCorp definitions; revaluation exclusions described,2015.0,1.46,8.02,106.79735529520936,12.0,False,Pre-AASB15/1058,2013,2015
northsydney,North Sydney,2015,0.0,,,verified_zero_mapped_burn_within_source_scope,100.0,Landsat,unknown_incomplete_inventory_no_positive_record,unknown_incomplete_inventory_no_positive_record,2014.0,1.96,12.2716,4.9452,81.81,,111.15702479338844,71025.0,,12.0,"Includes term deposits; cash-flow-based measure, detailed vintage exclusions remain subject to audit",False,Pre-AASB15/1058,2016.0,7.66,7.8257,99.53057018548202,12.0,False,Pre-AASB15/1058,2014,2016
northsydney,North Sydney,2016,0.0,,,verified_zero_mapped_burn_within_source_scope,100.0,Landsat 8,unknown_incomplete_inventory_no_positive_record,unknown_incomplete_inventory_no_positive_record,2015.0,1.46,8.02,3.3,63.67,62.39,106.79735529520936,72618.0,,12.0,"Includes term deposits; cash-flow-based measure, detailed vintage exclusions remain subject to audit",False,Pre-AASB15/1058,2017.0,7.08,6.69,107.92102479727347,12.0,False,Pre-AASB15/1058,2015,2017
northsydney,North Sydney,2017,0.0,0.0,0.0,verified_zero_mapped_burn_within_source_scope,100.0,Sentinel 2 (original mapping scope varies by year),no_listed_event_onset_not_physical_zero,no_listed_event_onset_not_physical_zero,2016.0,7.66,7.8257,3.5106,80.31,84.31459999999998,99.53057018548202,72037.0,152.5,12.0,"Includes term deposits; cash-flow-based measure, detailed vintage exclusions remain subject to audit",False,Pre-AASB15/1058,2018.0,3.34,8.74,95.35419466308312,12.0,False,Pre-AASB15/1058,2016,2018
northsydney,North Sydney,2018,0.0,0.0,0.0,verified_zero_mapped_burn_within_source_scope,100.0,Sentinel 2 (original mapping scope varies by year),no_listed_event_onset_not_physical_zero,no_listed_event_onset_not_physical_zero,2017.0,7.08,6.69,2.2,89.35,91.17,107.92102479727347,73032.0,152.5,12.0,"Includes term deposits; cash-flow-based measure, detailed vintage exclusions remain subject to audit",False,Pre-AASB15/1058,2019.0,-6.76,9.5,97.95201872440023,12.0,False,AASB15/1058 and lease regime,2017,2019
northsydney,North Sydney,2019,0.0,0.0,1.0,verified_zero_mapped_burn_within_source_scope,10.0,Sentinel 2 (original mapping scope varies by year),no_listed_event_onset_not_physical_zero,listed_event_onset,2018.0,3.34,8.74,3.45,83.98,27.62,95.35419466308312,74172.0,152.5,12.0,"Includes term deposits; cash-flow-based measure, detailed vintage exclusions remain subject to audit",False,Pre-AASB15/1058,2020.0,1.38,11.55,102.5731942052477,12.0,False,AASB15/1058 and lease regime,2018,2020
northsydney,North Sydney,2020,0.0,0.0,0.0,verified_zero_mapped_burn_within_source_scope,10.0,Sentinel 2 (original mapping scope varies by year),no_listed_event_onset_not_physical_zero,no_listed_event_onset_not_physical_zero,2019.0,-6.76,9.5,2.82,89.8,15.11,97.95201872440023,75021.0,152.5,12.0,"Includes term deposits; cash-flow-based measure, detailed vintage exclusions remain subject to audit",False,AASB15/1058 and lease regime,2021.0,4.15,15.3947,88.69143780290791,12.0,False,AASB15/1058 and lease regime,2019,2021
northsydney,North Sydney,2021,0.0,0.0,0.0,verified_zero_mapped_burn_within_source_scope,10.0,Sentinel 2 (original mapping scope varies by year),no_listed_event_onset_not_physical_zero,no_listed_event_onset_not_physical_zero,2020.0,1.38,11.55,2.82,79.2,19.39,102.5731942052477,75094.0,152.5,12.0,"Includes term deposits; cash-flow-based measure, detailed vintage exclusions remain subject to audit",False,AASB15/1058 and lease regime,2022.0,1.33,14.2816,108.32394683487271,12.0,False,AASB15/1058 and lease regime,2020,2022
northsydney,North Sydney,2022,0.0,0.0,0.0,verified_zero_mapped_burn_within_source_scope,10.0,Sentinel 2 (original mapping scope varies by year),no_listed_event_onset_not_physical_zero,no_listed_event_onset_not_physical_zero,2021.0,4.15,15.3947,2.7054,80.51,17.3844,88.69143780290791,69460.0,152.5,12.0,"Includes term deposits; cash-flow-based measure, detailed vintage exclusions remain subject to audit",False,AASB15/1058 and lease regime,2023.0,-0.02,11.8436,98.63511282333516,12.0,False,AASB15/1058 and lease regime,2021,2023
northsydney,North Sydney,2023,0.0,0.0,0.0,verified_zero_mapped_burn_within_source_scope,10.0,Sentinel 2 (original mapping scope varies by year),no_listed_event_onset_not_physical_zero,no_listed_event_onset_not_physical_zero,2022.0,1.33,14.2816,2.7199,78.9,8.1138,108.32394683487271,69341.0,152.5,12.0,"Includes term deposits; cash-flow-based measure, detailed vintage exclusions remain subject to audit",False,AASB15/1058 and lease regime,2024.0,,,95.0332141032192,12.0,False,Six fiscal ratios not collected by OLG,2022,2024
northsydney,North Sydney,2024,,0.0,0.0,unknown_source_not_acquired,,Sentinel 2 (original mapping scope varies by year),no_listed_event_onset_not_physical_zero,no_listed_event_onset_not_physical_zero,2023.0,-0.02,11.8436,2.4244,85.36,7.8963,98.63511282333516,72909.0,152.5,12.0,"Includes term deposits; cash-flow-based measure, detailed vintage exclusions remain subject to audit",False,AASB15/1058 and lease regime,,,,,,,,2023,2025
oberon,Oberon,2012,0.0,1.0,0.0,verified_zero_mapped_burn_within_source_scope,100.0,Landsat,observed_positive_in_complete_published_list,no_listed_event_in_complete_published_list_not_physical_zero,,,,,,,,,,,,,,2013.0,0.89,7.3829,101.709749906832,12.0,False,Early OLG/TCorp definitions; revaluation exclusions described,2011,2013
oberon,Oberon,2013,58.01613865761541,1.0,,observed_positive_mapped_burn_within_source_scope,100.0,Landsat,observed_positive_partial_inventory_count_lower_bound,unknown_incomplete_inventory_no_positive_record,2012.0,10.61,,7.6166,50.12,21.3292,92.08432004347996,5214.0,,12.0,Earlier measure excludes term deposits and uses different expense denominator; not converted,False,Early OLG/TCorp definitions; revaluation exclusions described,2014.0,-0.27,9.1748,85.36821705426357,12.0,False,Pre-AASB15/1058,2012,2014
oberon,Oberon,2014,0.0,,,verified_zero_mapped_burn_within_source_scope,100.0,Landsat,unknown_incomplete_inventory_no_positive_record,unknown_incomplete_inventory_no_positive_record,2013.0,0.89,7.3829,7.5675,72.05,27.7879,101.709749906832,5270.0,,12.0,"Includes term deposits; cash-flow-based measure, detailed vintage exclusions remain subject to audit",False,Early OLG/TCorp definitions; revaluation exclusions described,2015.0,20.55,12.61,296.07624894157493,12.0,False,Pre-AASB15/1058,2013,2015
oberon,Oberon,2015,0.0,,,verified_zero_mapped_burn_within_source_scope,100.0,Landsat,unknown_incomplete_inventory_no_positive_record,unknown_incomplete_inventory_no_positive_record,2014.0,-0.27,9.1748,4.4374,63.99,24.06,85.36821705426357,5327.0,,12.0,"Includes term deposits; cash-flow-based measure, detailed vintage exclusions remain subject to audit",False,Pre-AASB15/1058,2016.0,20.86,11.7852,93.75,12.0,False,Pre-AASB15/1058,2014,2016
oberon,Oberon,2016,0.0,,1.0,verified_zero_mapped_burn_within_source_scope,100.0,Landsat 8,unknown_incomplete_inventory_no_positive_record,observed_positive_partial_inventory_count_lower_bound,2015.0,20.55,12.61,3.46,61.99,12.49,296.07624894157493,5318.0,,12.0,"Includes term deposits; cash-flow-based measure, detailed vintage exclusions remain subject to audit",False,Pre-AASB15/1058,2017.0,21.77,14.49,60.62585969738652,12.0,False,Pre-AASB15/1058,2015,2017
oberon,Oberon,2017,0.0,0.0,0.0,verified_zero_mapped_burn_within_source_scope,100.0,Sentinel 2 (original mapping scope varies by year),no_listed_event_onset_not_physical_zero,no_listed_event_onset_not_physical_zero,2016.0,20.86,11.7852,4.5859,63.79,12.0974,93.75,5399.0,938.28,12.0,"Includes term deposits; cash-flow-based measure, detailed vintage exclusions remain subject to audit",False,Pre-AASB15/1058,2018.0,9.75,14.49,84.7669603889089,12.0,False,Pre-AASB15/1058,2016,2018
oberon,Oberon,2018,0.0,0.0,0.0,verified_zero_mapped_burn_within_source_scope,100.0,Sentinel 2 (original mapping scope varies by year),no_listed_event_onset_not_physical_zero,no_listed_event_onset_not_physical_zero,2017.0,21.77,14.49,6.69,64.06,12.36,60.62585969738652,5382.0,940.29,12.0,"Includes term deposits; cash-flow-based measure, detailed vintage exclusions remain subject to audit",False,Pre-AASB15/1058,2019.0,-2.73,13.71,109.45548197203826,12.0,False,AASB15/1058 and lease regime,2017,2019
oberon,Oberon,2019,73615.28,1.0,1.0,mapped_burn_positive,10.0,Sentinel 2 (original mapping scope varies by year),listed_event_onset,listed_event_onset,2018.0,9.75,14.49,4.41,61.52,9.58,84.7669603889089,5408.0,967.0,12.0,"Includes term deposits; cash-flow-based measure, detailed vintage exclusions remain subject to audit",False,Pre-AASB15/1058,2020.0,4.07,22.83,129.53602414183328,12.0,False,AASB15/1058 and lease regime,2018,2020
oberon,Oberon,2020,33.29,0.0,1.0,mapped_burn_positive,10.0,Sentinel 2 (original mapping scope varies by year),no_listed_event_onset_not_physical_zero,listed_event_onset,2019.0,-2.73,13.71,4.53,63.22,5.87,109.45548197203826,5411.0,972.2,12.0,"Includes term deposits; cash-flow-based measure, detailed vintage exclusions remain subject to audit",False,AASB15/1058 and lease regime,2021.0,-7.62,17.516,138.56926570779711,12.0,False,AASB15/1058 and lease regime,2019,2021
oberon,Oberon,2021,0.0,0.0,1.0,verified_zero_mapped_burn_within_source_scope,10.0,Sentinel 2 (original mapping scope varies by year),no_listed_event_onset_not_physical_zero,listed_event_onset,2020.0,4.07,22.83,6.67,43.54,9.96,129.53602414183328,5419.0,972.2,12.0,"Includes term deposits; cash-flow-based measure, detailed vintage exclusions remain subject to audit",False,AASB15/1058 and lease regime,2022.0,4.54,23.8106,89.69035890218156,12.0,False,AASB15/1058 and lease regime,2020,2022
oberon,Oberon,2022,73.81,0.0,1.0,mapped_burn_positive,10.0,Sentinel 2 (original mapping scope varies by year),no_listed_event_onset_not_physical_zero,listed_event_onset,2021.0,-7.62,17.516,3.317,43.75,4.5172,138.56926570779711,5564.0,975.5,12.0,"Includes term deposits; cash-flow-based measure, detailed vintage exclusions remain subject to audit",False,AASB15/1058 and lease regime,2023.0,-2.46,17.2363,116.06546426185704,12.0,False,AASB15/1058 and lease regime,2021,2023
oberon,Oberon,2023,0.0,0.0,1.0,verified_zero_mapped_burn_within_source_scope,10.0,Sentinel 2 (original mapping scope varies by year),no_listed_event_onset_not_physical_zero,listed_event_onset,2022.0,4.54,23.8106,3.2631,39.38,8.8844,89.69035890218156,5597.0,975.5,12.0,"Includes term deposits; cash-flow-based measure, detailed vintage exclusions remain subject to audit",False,AASB15/1058 and lease regime,2024.0,,,114.4776119402985,12.0,False,Six fiscal ratios not collected by OLG,2022,2024
oberon,Oberon,2024,,0.0,0.0,unknown_source_not_acquired,,Sentinel 2 (original mapping scope varies by year),no_listed_event_onset_not_physical_zero,no_listed_event_onset_not_physical_zero,2023.0,-2.46,17.2363,4.8016,46.68,7.1014,116.06546426185704,5604.0,975.5,12.0,"Includes term deposits; cash-flow-based measure, detailed vintage exclusions remain subject to audit",False,AASB15/1058 and lease regime,,,,,,,,2023,2025
orange,Orange,2012,0.0,1.0,0.0,verified_zero_mapped_burn_within_source_scope,100.0,Landsat,observed_positive_in_complete_published_list,no_listed_event_in_complete_published_list_not_physical_zero,,,,,,,,,,,,,,2013.0,-1.97,14.7532,84.38033782501424,12.0,False,Early OLG/TCorp definitions; revaluation exclusions described,2011,2013
orange,Orange,2013,0.0,,,verified_zero_mapped_burn_within_source_scope,100.0,Landsat,unknown_incomplete_inventory_no_positive_record,unknown_incomplete_inventory_no_positive_record,2012.0,10.07,,3.2972,59.13,5.0934,124.794808169498,40108.0,,12.0,Earlier measure excludes term deposits and uses different expense denominator; not converted,False,Early OLG/TCorp definitions; revaluation exclusions described,2014.0,4.94,13.7689,73.13678349993673,12.0,False,Pre-AASB15/1058,2012,2014
orange,Orange,2014,0.0,,,verified_zero_mapped_burn_within_source_scope,100.0,Landsat,unknown_incomplete_inventory_no_positive_record,unknown_incomplete_inventory_no_positive_record,2013.0,-1.97,14.7532,2.731,55.1,3.1738,84.38033782501424,40869.0,,12.0,"Includes term deposits; cash-flow-based measure, detailed vintage exclusions remain subject to audit",False,Early OLG/TCorp definitions; revaluation exclusions described,2015.0,9.8,13.1,35.73141486810552,12.0,False,Pre-AASB15/1058,2013,2015
orange,Orange,2015,0.0,,,verified_zero_mapped_burn_within_source_scope,100.0,Landsat,unknown_incomplete_inventory_no_positive_record,unknown_incomplete_inventory_no_positive_record,2014.0,4.94,13.7689,2.9534,58.9,4.5872,73.13678349993673,41431.0,,12.0,"Includes term deposits; cash-flow-based measure, detailed vintage exclusions remain subject to audit",False,Pre-AASB15/1058,2016.0,11.72,13.6267,31.9677337398374,12.0,False,Pre-AASB15/1058,2014,2016
orange,Orange,2016,0.0,,1.0,verified_zero_mapped_burn_within_source_scope,100.0,Landsat 8,unknown_incomplete_inventory_no_positive_record,observed_positive_partial_inventory_count_lower_bound,2015.0,9.8,13.1,1.81,67.77,4.95,35.73141486810552,41809.0,,12.0,"Includes term deposits; cash-flow-based measure, detailed vintage exclusions remain subject to audit",False,Pre-AASB15/1058,2017.0,14.01,16.83,11.167014357589888,12.0,False,Pre-AASB15/1058,2015,2017
orange,Orange,2017,0.0,1.0,0.0,verified_zero_mapped_burn_within_source_scope,100.0,Sentinel 2 (original mapping scope varies by year),listed_event_onset,no_listed_event_onset_not_physical_zero,2016.0,11.72,13.6267,1.6444,67.46,6.9311,31.9677337398374,41384.0,488.9050000000001,12.0,"Includes term deposits; cash-flow-based measure, detailed vintage exclusions remain subject to audit",False,Pre-AASB15/1058,2018.0,10.18,19.24,100.0,12.0,False,Pre-AASB15/1058,2016,2018
orange,Orange,2018,0.0,0.0,1.0,verified_zero_mapped_burn_within_source_scope,100.0,Sentinel 2 (original mapping scope varies by year),no_listed_event_onset_not_physical_zero,listed_event_onset,2017.0,14.01,16.83,2.75,72.74,8.02,11.167014357589888,41468.0,506.85,12.0,"Includes term deposits; cash-flow-based measure, detailed vintage exclusions remain subject to audit",False,Pre-AASB15/1058,2019.0,7.47,21.39,97.47355320472931,12.0,False,AASB15/1058 and lease regime,2017,2019
orange,Orange,2019,0.0,0.0,0.0,verified_zero_mapped_burn_within_source_scope,10.0,Sentinel 2 (original mapping scope varies by year),no_listed_event_onset_not_physical_zero,no_listed_event_onset_not_physical_zero,2018.0,10.18,19.24,3.41,73.19,6.54,100.0,42056.0,519.4499999999999,12.0,"Includes term deposits; cash-flow-based measure, detailed vintage exclusions remain subject to audit",False,Pre-AASB15/1058,2020.0,4.97,21.52,59.9813059153425,12.0,False,AASB15/1058 and lease regime,2018,2020
orange,Orange,2020,0.0,0.0,1.0,verified_zero_mapped_burn_within_source_scope,10.0,Sentinel 2 (original mapping scope varies by year),no_listed_event_onset_not_physical_zero,listed_event_onset,2019.0,7.47,21.39,2.39,69.81,6.59,97.47355320472931,42451.0,523.45,12.0,"Includes term deposits; cash-flow-based measure, detailed vintage exclusions remain subject to audit",False,AASB15/1058 and lease regime,2021.0,6.52,27.773,86.68949061105924,12.0,False,AASB15/1058 and lease regime,2019,2021
orange,Orange,2021,0.0,0.0,1.0,verified_zero_mapped_burn_within_source_scope,10.0,Sentinel 2 (original mapping scope varies by year),no_listed_event_onset_not_physical_zero,listed_event_onset,2020.0,4.97,21.52,2.31,65.81,4.65,59.9813059153425,42503.0,523.45,12.0,"Includes term deposits; cash-flow-based measure, detailed vintage exclusions remain subject to audit",False,AASB15/1058 and lease regime,2022.0,10.86,29.8046,60.463036565977745,12.0,False,AASB15/1058 and lease regime,2020,2022
orange,Orange,2022,0.0,0.0,1.0,verified_zero_mapped_burn_within_source_scope,10.0,Sentinel 2 (original mapping scope varies by year),no_listed_event_onset_not_physical_zero,listed_event_onset,2021.0,6.52,27.773,3.1446,74.83,4.9948,86.68949061105924,43736.0,523.45,12.0,"Includes term deposits; cash-flow-based measure, detailed vintage exclusions remain subject to audit",False,AASB15/1058 and lease regime,2023.0,5.59,24.6715,100.0,12.0,False,AASB15/1058 and lease regime,2021,2023
orange,Orange,2023,0.0,0.0,0.0,verified_zero_mapped_burn_within_source_scope,10.0,Sentinel 2 (original mapping scope varies by year),no_listed_event_onset_not_physical_zero,no_listed_event_onset_not_physical_zero,2022.0,10.86,29.8046,3.6565,75.1,6.2527,60.463036565977745,43963.0,523.45,12.0,"Includes term deposits; cash-flow-based measure, detailed vintage exclusions remain subject to audit",False,AASB15/1058 and lease regime,2024.0,,,100.0,12.0,False,Six fiscal ratios not collected by OLG,2022,2024
orange,Orange,2024,,0.0,0.0,unknown_source_not_acquired,,Sentinel 2 (original mapping scope varies by year),no_listed_event_onset_not_physical_zero,no_listed_event_onset_not_physical_zero,2023.0,5.59,24.6715,2.9578,64.82,5.0606,100.0,44610.0,519.4499999999999,12.0,"Includes term deposits; cash-flow-based measure, detailed vintage exclusions remain subject to audit",False,AASB15/1058 and lease regime,,,,,,,,2023,2025
parkes,Parkes,2012,0.0,1.0,0.0,verified_zero_mapped_burn_within_source_scope,100.0,Landsat,observed_positive_in_complete_published_list,no_listed_event_in_complete_published_list_not_physical_zero,,,,,,,,,,,,,,2013.0,-1.02,28.6737,101.358443483247,12.0,False,Early OLG/TCorp definitions; revaluation exclusions described,2011,2013
parkes,Parkes,2013,0.0,,,verified_zero_mapped_burn_within_source_scope,100.0,Landsat,unknown_incomplete_inventory_no_positive_record,unknown_incomplete_inventory_no_positive_record,2012.0,9.71,,5.1928,50.470000000000006,13.1674,110.8368066688041,15154.0,,12.0,Earlier measure excludes term deposits and uses different expense denominator; not converted,False,Early OLG/TCorp definitions; revaluation exclusions described,2014.0,0.44,21.9904,107.85714285714286,12.0,False,Pre-AASB15/1058,2012,2014
parkes,Parkes,2014,0.0,,,verified_zero_mapped_burn_within_source_scope,100.0,Landsat,unknown_incomplete_inventory_no_positive_record,unknown_incomplete_inventory_no_positive_record,2013.0,-1.02,28.6737,2.992,64.45,12.4175,101.358443483247,15087.0,,12.0,"Includes term deposits; cash-flow-based measure, detailed vintage exclusions remain subject to audit",False,Early OLG/TCorp definitions; revaluation exclusions described,2015.0,27.4,24.88,105.84586466165412,12.0,False,Pre-AASB15/1058,2013,2015
parkes,Parkes,2015,0.0,,,verified_zero_mapped_burn_within_source_scope,100.0,Landsat,unknown_incomplete_inventory_no_positive_record,unknown_incomplete_inventory_no_positive_record,2014.0,0.44,21.9904,2.4966,62.68,11.7083,107.85714285714286,15217.0,,12.0,"Includes term deposits; cash-flow-based measure, detailed vintage exclusions remain subject to audit",False,Pre-AASB15/1058,2016.0,8.03,13.7817,115.0,12.0,False,Pre-AASB15/1058,2014,2016
parkes,Parkes,2016,860.9558304591984,,1.0,observed_positive_mapped_burn_within_source_scope,100.0,Landsat 8,unknown_incomplete_inventory_no_positive_record,observed_positive_partial_inventory_count_lower_bound,2015.0,27.4,24.88,3.01,52.95,24.37,105.84586466165412,15337.0,,12.0,"Includes term deposits; cash-flow-based measure, detailed vintage exclusions remain subject to audit",False,Pre-AASB15/1058,2017.0,-0.17,10.86,114.83388704318936,12.0,False,Pre-AASB15/1058,2015,2017
parkes,Parkes,2017,0.0,0.0,0.0,verified_zero_mapped_burn_within_source_scope,100.0,Sentinel 2 (original mapping scope varies by year),no_listed_event_onset_not_physical_zero,no_listed_event_onset_not_physical_zero,2016.0,8.03,13.7817,3.2105,46.43,4.8363,115.0,14946.0,2171.894,12.0,"Includes term deposits; cash-flow-based measure, detailed vintage exclusions remain subject to audit",False,Pre-AASB15/1058,2018.0,-12.02,6.95,105.4983388704319,12.0,False,Pre-AASB15/1058,2016,2018
parkes,Parkes,2018,2451.97,1.0,0.0,mapped_burn_positive,100.0,Sentinel 2 (original mapping scope varies by year),listed_event_onset,no_listed_event_onset_not_physical_zero,2017.0,-0.17,10.86,1.99,59.86,7.48,114.83388704318936,14906.0,2172.5199999999995,12.0,"Includes term deposits; cash-flow-based measure, detailed vintage exclusions remain subject to audit",False,Pre-AASB15/1058,2019.0,4.78,6.8,102.87477667695306,12.0,False,AASB15/1058 and lease regime,2017,2019
parkes,Parkes,2019,0.0,0.0,1.0,verified_zero_mapped_burn_within_source_scope,10.0,Sentinel 2 (original mapping scope varies by year),no_listed_event_onset_not_physical_zero,listed_event_onset,2018.0,-12.02,6.95,2.69,55.85,4.88,105.4983388704319,14894.0,2174.203,12.0,"Includes term deposits; cash-flow-based measure, detailed vintage exclusions remain subject to audit",False,Pre-AASB15/1058,2020.0,6.64,9.57,105.48215342141587,12.0,False,AASB15/1058 and lease regime,2018,2020
parkes,Parkes,2020,0.0,0.0,1.0,verified_zero_mapped_burn_within_source_scope,10.0,Sentinel 2 (original mapping scope varies by year),no_listed_event_onset_not_physical_zero,listed_event_onset,2019.0,4.78,6.8,2.48,59.1,9.38,102.87477667695306,14837.0,2175.2,12.0,"Includes term deposits; cash-flow-based measure, detailed vintage exclusions remain subject to audit",False,AASB15/1058 and lease regime,2021.0,8.67,8.9184,149.83238020114376,12.0,False,AASB15/1058 and lease regime,2019,2021
parkes,Parkes,2021,0.0,0.0,1.0,verified_zero_mapped_burn_within_source_scope,10.0,Sentinel 2 (original mapping scope varies by year),no_listed_event_onset_not_physical_zero,listed_event_onset,2020.0,6.64,9.57,0.77,60.67,10.08,105.48215342141587,14728.0,2179.26,12.0,"Includes term deposits; cash-flow-based measure, detailed vintage exclusions remain subject to audit",False,AASB15/1058 and lease regime,2022.0,1.63,7.3752,116.34786038256756,12.0,False,AASB15/1058 and lease regime,2020,2022
parkes,Parkes,2022,688.22,0.0,1.0,mapped_burn_positive,10.0,Sentinel 2 (original mapping scope varies by year),no_listed_event_onset_not_physical_zero,listed_event_onset,2021.0,8.67,8.9184,2.6516,61.57,10.9039,149.83238020114376,14453.0,2179.93,12.0,"Includes term deposits; cash-flow-based measure, detailed vintage exclusions remain subject to audit",False,AASB15/1058 and lease regime,2023.0,6.19,9.3157,198.2347063395137,12.0,False,AASB15/1058 and lease regime,2021,2023
parkes,Parkes,2023,639.8499999999999,1.0,0.0,mapped_burn_positive,10.0,Sentinel 2 (original mapping scope varies by year),listed_event_onset,no_listed_event_onset_not_physical_zero,2022.0,1.63,7.3752,2.0097,46.36,11.2794,116.34786038256756,14347.0,2192.2700000000004,12.0,"Includes term deposits; cash-flow-based measure, detailed vintage exclusions remain subject to audit",False,AASB15/1058 and lease regime,2024.0,,,103.95248140335296,12.0,False,Six fiscal ratios not collected by OLG,2022,2024
parkes,Parkes,2024,,0.0,0.0,unknown_source_not_acquired,,Sentinel 2 (original mapping scope varies by year),no_listed_event_onset_not_physical_zero,no_listed_event_onset_not_physical_zero,2023.0,6.19,9.3157,3.5189,51.96000000000001,15.371,198.2347063395137,14236.0,2194.3900000000003,12.0,"Includes term deposits; cash-flow-based measure, detailed vintage exclusions remain subject to audit",False,AASB15/1058 and lease regime,,,,,,,,2023,2025
penrith,Penrith,2012,0.0,0.0,0.0,verified_zero_mapped_burn_within_source_scope,100.0,Landsat,no_listed_event_in_complete_published_list_not_physical_zero,no_listed_event_in_complete_published_list_not_physical_zero,,,,,,,,,,,,,,2013.0,-8.03,2.9236,119.47751144626986,12.0,False,Early OLG/TCorp definitions; revaluation exclusions described,2011,2013
penrith,Penrith,2013,57.836522129263656,1.0,,observed_positive_mapped_burn_within_source_scope,100.0,Landsat,observed_positive_partial_inventory_count_lower_bound,unknown_incomplete_inventory_no_positive_record,2012.0,0.98,,1.1945,62.760000000000005,1.9977,117.16106350252691,186938.0,,12.0,Earlier measure excludes term deposits and uses different expense denominator; not converted,False,Early OLG/TCorp definitions; revaluation exclusions described,2014.0,6.23,4.6053,113.7160810563704,12.0,False,Pre-AASB15/1058,2012,2014
penrith,Penrith,2014,0.0,,,verified_zero_mapped_burn_within_source_scope,100.0,Landsat,unknown_incomplete_inventory_no_positive_record,unknown_incomplete_inventory_no_positive_record,2013.0,-8.03,2.9236,1.0996,72.85000000000001,0.7208,119.47751144626986,190428.0,,12.0,"Includes term deposits; cash-flow-based measure, detailed vintage exclusions remain subject to audit",False,Early OLG/TCorp definitions; revaluation exclusions described,2015.0,1.4,5.25,106.8015497201894,12.0,False,Pre-AASB15/1058,2013,2015
penrith,Penrith,2015,0.0,,1.0,verified_zero_mapped_burn_within_source_scope,100.0,Landsat,unknown_incomplete_inventory_no_positive_record,observed_positive_partial_inventory_count_lower_bound,2014.0,6.23,4.6053,1.6383,68.29,2.6771,113.7160810563704,194134.0,,12.0,"Includes term deposits; cash-flow-based measure, detailed vintage exclusions remain subject to audit",False,Pre-AASB15/1058,2016.0,7.41,6.4867,100.7242877836794,12.0,False,Pre-AASB15/1058,2014,2016
penrith,Penrith,2016,651.9449300113579,1.0,,observed_positive_mapped_burn_within_source_scope,100.0,Landsat 8,observed_positive_partial_inventory_count_lower_bound,unknown_incomplete_inventory_no_positive_record,2015.0,1.4,5.25,1.8,67.6,2.08,106.8015497201894,197922.0,,12.0,"Includes term deposits; cash-flow-based measure, detailed vintage exclusions remain subject to audit",False,Pre-AASB15/1058,2017.0,7.13,7.58,99.26257437827392,12.0,False,Pre-AASB15/1058,2015,2017
penrith,Penrith,2017,204.2,0.0,0.0,mapped_burn_positive,100.0,Sentinel 2 (original mapping scope varies by year),no_listed_event_onset_not_physical_zero,no_listed_event_onset_not_physical_zero,2016.0,7.41,6.4867,2.4686000000000003,71.89,3.1582999999999997,100.7242877836794,201400.0,1090.53,12.0,"Includes term deposits; cash-flow-based measure, detailed vintage exclusions remain subject to audit",False,Pre-AASB15/1058,2018.0,5.8,8.32,98.28670570375188,12.0,False,Pre-AASB15/1058,2016,2018
penrith,Penrith,2018,175.82,0.0,1.0,mapped_burn_positive,100.0,Sentinel 2 (original mapping scope varies by year),no_listed_event_onset_not_physical_zero,listed_event_onset,2017.0,7.13,7.58,3.01,74.11,3.38,99.26257437827392,205043.0,1096.84,12.0,"Includes term deposits; cash-flow-based measure, detailed vintage exclusions remain subject to audit",False,Pre-AASB15/1058,2019.0,-0.24,0.71,104.23725828607655,12.0,False,AASB15/1058 and lease regime,2017,2019
penrith,Penrith,2019,225.61,1.0,1.0,mapped_burn_positive,10.0,Sentinel 2 (original mapping scope varies by year),listed_event_onset,listed_event_onset,2018.0,5.8,8.32,3.07,71.23,3.3,98.28670570375188,209210.0,1107.87,12.0,"Includes term deposits; cash-flow-based measure, detailed vintage exclusions remain subject to audit",False,Pre-AASB15/1058,2020.0,-7.97,6.81,81.52667984189723,12.0,False,AASB15/1058 and lease regime,2018,2020
penrith,Penrith,2020,0.0,0.0,1.0,verified_zero_mapped_burn_within_source_scope,10.0,Sentinel 2 (original mapping scope varies by year),no_listed_event_onset_not_physical_zero,listed_event_onset,2019.0,-0.24,0.71,2.45,77.37,2.66,104.23725828607655,212977.0,1208.614,12.0,"Includes term deposits; cash-flow-based measure, detailed vintage exclusions remain subject to audit",False,AASB15/1058 and lease regime,2021.0,-1.3,10.24,60.8795161026647,12.0,False,AASB15/1058 and lease regime,2019,2021
penrith,Penrith,2021,18.62,0.0,1.0,mapped_burn_positive,10.0,Sentinel 2 (original mapping scope varies by year),no_listed_event_onset_not_physical_zero,listed_event_onset,2020.0,-7.97,6.81,2.49,74.36,2.65,81.52667984189723,216282.0,1211.814,12.0,"Includes term deposits; cash-flow-based measure, detailed vintage exclusions remain subject to audit",False,AASB15/1058 and lease regime,2022.0,-4.79,10.0699,80.67067383739322,12.0,False,AASB15/1058 and lease regime,2020,2022
penrith,Penrith,2022,31.95,0.0,0.0,mapped_burn_positive,10.0,Sentinel 2 (original mapping scope varies by year),no_listed_event_onset_not_physical_zero,no_listed_event_onset_not_physical_zero,2021.0,-1.3,10.24,1.5861,68.08,5.8715,60.8795161026647,219149.0,1214.67,12.0,"Includes term deposits; cash-flow-based measure, detailed vintage exclusions remain subject to audit",False,AASB15/1058 and lease regime,2023.0,-5.58,9.7579,62.26686928891433,12.0,False,AASB15/1058 and lease regime,2021,2023
penrith,Penrith,2023,32.77,0.0,1.0,mapped_burn_positive,10.0,Sentinel 2 (original mapping scope varies by year),no_listed_event_onset_not_physical_zero,listed_event_onset,2022.0,-4.79,10.0699,5.7409,70.29,5.5082,80.67067383739322,220908.0,1215.22,12.0,"Includes term deposits; cash-flow-based measure, detailed vintage exclusions remain subject to audit",False,AASB15/1058 and lease regime,2024.0,,,62.81470245472539,12.0,False,Six fiscal ratios not collected by OLG,2022,2024
penrith,Penrith,2024,,0.0,0.0,unknown_source_not_acquired,,Sentinel 2 (original mapping scope varies by year),no_listed_event_onset_not_physical_zero,no_listed_event_onset_not_physical_zero,2023.0,-5.58,9.7579,4.223,68.42,1.286,62.26686928891433,228661.0,1218.42,12.0,"Includes term deposits; cash-flow-based measure, detailed vintage exclusions remain subject to audit",False,AASB15/1058 and lease regime,,,,,,,,2023,2025
portmacquariehastings,Port Macquarie-Hastings,2012,0.0,1.0,1.0,verified_zero_mapped_burn_within_source_scope,100.0,Landsat,observed_positive_in_complete_published_list,observed_positive_in_complete_published_list,,,,,,,,,,,,,,2013.0,-6.88,3.1249,44.92687385740402,12.0,False,Early OLG/TCorp definitions; revaluation exclusions described,2011,2013
portmacquariehastings,Port Macquarie-Hastings,2013,4000.0600863934833,1.0,,observed_positive_mapped_burn_within_source_scope,100.0,Landsat,observed_positive_partial_inventory_count_lower_bound,unknown_incomplete_inventory_no_positive_record,2012.0,-3.66,,2.2137,59.03,3.5384,40.58333127180071,76017.0,,12.0,Earlier measure excludes term deposits and uses different expense denominator; not converted,False,Early OLG/TCorp definitions; revaluation exclusions described,2014.0,3.71,20.6336,86.46209386281589,12.0,False,Pre-AASB15/1058,2012,2014
portmacquariehastings,Port Macquarie-Hastings,2014,3442.9463094881894,,,observed_positive_mapped_burn_within_source_scope,100.0,Landsat,unknown_incomplete_inventory_no_positive_record,unknown_incomplete_inventory_no_positive_record,2013.0,-6.88,3.1249,3.2774,68.66,2.9197,44.92687385740402,76563.0,,12.0,"Includes term deposits; cash-flow-based measure, detailed vintage exclusions remain subject to audit",False,Early OLG/TCorp definitions; revaluation exclusions described,2015.0,7.44,21.49,87.08438007979902,12.0,False,Pre-AASB15/1058,2013,2015
portmacquariehastings,Port Macquarie-Hastings,2015,0.0,,1.0,verified_zero_mapped_burn_within_source_scope,100.0,Landsat,unknown_incomplete_inventory_no_positive_record,observed_positive_partial_inventory_count_lower_bound,2014.0,3.71,20.6336,2.9588,74.82,3.6935,86.46209386281589,77481.0,,12.0,"Includes term deposits; cash-flow-based measure, detailed vintage exclusions remain subject to audit",False,Pre-AASB15/1058,2016.0,9.93,25.305300000000003,87.84988272087568,12.0,False,Pre-AASB15/1058,2014,2016
portmacquariehastings,Port Macquarie-Hastings,2016,3091.1848792137375,1.0,,observed_positive_mapped_burn_within_source_scope,100.0,Landsat 8,observed_positive_partial_inventory_count_lower_bound,unknown_incomplete_inventory_no_positive_record,2015.0,7.44,21.49,2.27,63.5,3.27,87.08438007979902,78128.0,,12.0,"Includes term deposits; cash-flow-based measure, detailed vintage exclusions remain subject to audit",False,Pre-AASB15/1058,2017.0,4.66,26.14,91.43449643855378,12.0,False,Pre-AASB15/1058,2015,2017
portmacquariehastings,Port Macquarie-Hastings,2017,12475.87,1.0,1.0,mapped_burn_positive,100.0,Sentinel 2 (original mapping scope varies by year),listed_event_onset,listed_event_onset,2016.0,9.93,25.305300000000003,2.0198,56.28,4.5942,87.84988272087568,79905.0,1333.8916900000002,12.0,"Includes term deposits; cash-flow-based measure, detailed vintage exclusions remain subject to audit",False,Pre-AASB15/1058,2018.0,5.14,28.42,100.0,12.0,False,Pre-AASB15/1058,2016,2018
portmacquariehastings,Port Macquarie-Hastings,2018,2699.85,0.0,0.0,mapped_burn_positive,100.0,Sentinel 2 (original mapping scope varies by year),no_listed_event_onset_not_physical_zero,no_listed_event_onset_not_physical_zero,2017.0,4.66,26.14,2.16,66.14,3.98,91.43449643855378,81404.0,1343.773,12.0,"Includes term deposits; cash-flow-based measure, detailed vintage exclusions remain subject to audit",False,Pre-AASB15/1058,2019.0,3.45,28.31,93.17109608429,12.0,False,AASB15/1058 and lease regime,2017,2019
portmacquariehastings,Port Macquarie-Hastings,2019,145357.71,1.0,1.0,mapped_burn_positive,10.0,Sentinel 2 (original mapping scope varies by year),listed_event_onset,listed_event_onset,2018.0,5.14,28.42,1.74,65.42,4.32,100.0,83131.0,1352.27602,12.0,"Includes term deposits; cash-flow-based measure, detailed vintage exclusions remain subject to audit",False,Pre-AASB15/1058,2020.0,3.99,30.35,93.76663452266152,12.0,False,AASB15/1058 and lease regime,2018,2020
portmacquariehastings,Port Macquarie-Hastings,2020,796.16,0.0,1.0,mapped_burn_positive,10.0,Sentinel 2 (original mapping scope varies by year),no_listed_event_onset_not_physical_zero,listed_event_onset,2019.0,3.45,28.31,1.43,71.68,4.83,93.17109608429,84525.0,1357.8124699999998,12.0,"Includes term deposits; cash-flow-based measure, detailed vintage exclusions remain subject to audit",False,AASB15/1058 and lease regime,2021.0,14.47,37.9154,92.452614316769,12.0,False,AASB15/1058 and lease regime,2019,2021
portmacquariehastings,Port Macquarie-Hastings,2021,118.44,0.0,1.0,mapped_burn_positive,10.0,Sentinel 2 (original mapping scope varies by year),no_listed_event_onset_not_physical_zero,listed_event_onset,2020.0,3.99,30.35,1.3,74.54,4.69,93.76663452266152,85952.0,1356.57,12.0,"Includes term deposits; cash-flow-based measure, detailed vintage exclusions remain subject to audit",False,AASB15/1058 and lease regime,2022.0,4.04,34.4454,99.28819193525077,12.0,False,AASB15/1058 and lease regime,2020,2022
portmacquariehastings,Port Macquarie-Hastings,2022,14.44,0.0,1.0,mapped_burn_positive,10.0,Sentinel 2 (original mapping scope varies by year),no_listed_event_onset_not_physical_zero,listed_event_onset,2021.0,14.47,37.9154,1.6446,59.67,7.4027,92.452614316769,86585.0,1364.557,12.0,"Includes term deposits; cash-flow-based measure, detailed vintage exclusions remain subject to audit",False,AASB15/1058 and lease regime,2023.0,4.09,28.0533,93.70367852043243,12.0,False,AASB15/1058 and lease regime,2021,2023
portmacquariehastings,Port Macquarie-Hastings,2023,3327.54,1.0,0.0,mapped_burn_positive,10.0,Sentinel 2 (original mapping scope varies by year),listed_event_onset,no_listed_event_onset_not_physical_zero,2022.0,4.04,34.4454,1.3289,61.33,4.8641,99.28819193525077,88311.0,1403.89,12.0,"Includes term deposits; cash-flow-based measure, detailed vintage exclusions remain subject to audit",False,AASB15/1058 and lease regime,2024.0,,,84.70730600514294,12.0,False,Six fiscal ratios not collected by OLG,2022,2024
portmacquariehastings,Port Macquarie-Hastings,2024,,0.0,1.0,unknown_source_not_acquired,,Sentinel 2 (original mapping scope varies by year),no_listed_event_onset_not_physical_zero,listed_event_onset,2023.0,4.09,28.0533,1.6666,56.15,9.9541,93.70367852043243,90835.0,1391.09,12.0,"Includes term deposits; cash-flow-based measure, detailed vintage exclusions remain subject to audit",False,AASB15/1058 and lease regime,,,,,,,,2023,2025
portstephens,Port Stephens,2012,942.3948141729876,0.0,1.0,observed_positive_mapped_burn_within_source_scope,100.0,Landsat,no_listed_event_in_complete_published_list_not_physical_zero,observed_positive_in_complete_published_list,,,,,,,,,,,,,,2013.0,-1.22,4.655,55.28477299395252,12.0,False,Early OLG/TCorp definitions; revaluation exclusions described,2011,2013
portstephens,Port Stephens,2013,6100.13653588215,1.0,,observed_positive_mapped_burn_within_source_scope,100.0,Landsat,observed_positive_partial_inventory_count_lower_bound,unknown_incomplete_inventory_no_positive_record,2012.0,1.48,,1.4449,73.07000000000001,7.0469,38.9810667752443,67938.0,,12.0,Earlier measure excludes term deposits and uses different expense denominator; not converted,False,Early OLG/TCorp definitions; revaluation exclusions described,2014.0,-3.68,4.4315,94.65325569084172,12.0,False,Pre-AASB15/1058,2012,2014
portstephens,Port Stephens,2014,3119.504679203033,,1.0,observed_positive_mapped_burn_within_source_scope,100.0,Landsat,unknown_incomplete_inventory_no_positive_record,observed_positive_partial_inventory_count_lower_bound,2013.0,-1.22,4.655,1.8568,80.56,1.6898,55.28477299395252,68935.0,,12.0,"Includes term deposits; cash-flow-based measure, detailed vintage exclusions remain subject to audit",False,Early OLG/TCorp definitions; revaluation exclusions described,2015.0,4.09,3.42,141.6004103616312,12.0,False,Pre-AASB15/1058,2013,2015
portstephens,Port Stephens,2015,987.2790735651236,,1.0,observed_positive_mapped_burn_within_source_scope,100.0,Landsat,unknown_incomplete_inventory_no_positive_record,observed_positive_partial_inventory_count_lower_bound,2014.0,-3.68,4.4315,1.9897,80.16,2.1778999999999997,94.65325569084172,69728.0,,12.0,"Includes term deposits; cash-flow-based measure, detailed vintage exclusions remain subject to audit",False,Pre-AASB15/1058,2016.0,6.51,5.754099999999999,93.33725919071254,12.0,False,Pre-AASB15/1058,2014,2016
portstephens,Port Stephens,2016,7585.278982216572,1.0,,observed_positive_mapped_burn_within_source_scope,100.0,Landsat 8,observed_positive_partial_inventory_count_lower_bound,unknown_incomplete_inventory_no_positive_record,2015.0,4.09,3.42,3.23,80.45,4.71,141.6004103616312,70447.0,,12.0,"Includes term deposits; cash-flow-based measure, detailed vintage exclusions remain subject to audit",False,Pre-AASB15/1058,2017.0,-0.08,5.53,,12.0,True,Pre-AASB15/1058,2015,2017
portstephens,Port Stephens,2017,3330.29,1.0,0.0,mapped_burn_positive,100.0,Sentinel 2 (original mapping scope varies by year),listed_event_onset,no_listed_event_onset_not_physical_zero,2016.0,6.51,5.754099999999999,3.3120999999999996,76.57,6.350599999999999,93.33725919071254,71118.0,726.94,12.0,"Includes term deposits; cash-flow-based measure, detailed vintage exclusions remain subject to audit",False,Pre-AASB15/1058,2018.0,2.61,5.22,99.04628518073896,12.0,False,Pre-AASB15/1058,2016,2018
portstephens,Port Stephens,2018,4614.870000000001,1.0,0.0,mapped_burn_positive,100.0,Sentinel 2 (original mapping scope varies by year),listed_event_onset,no_listed_event_onset_not_physical_zero,2017.0,-0.08,5.53,2.05,78.08,2.36,,71736.0,732.5500000000001,12.0,"Includes term deposits; cash-flow-based measure, detailed vintage exclusions remain subject to audit",True,Pre-AASB15/1058,2019.0,-1.76,4.03,98.93128769997378,12.0,False,AASB15/1058 and lease regime,2017,2019
portstephens,Port Stephens,2019,178.77,0.0,1.0,mapped_burn_positive,10.0,Sentinel 2 (original mapping scope varies by year),no_listed_event_onset_not_physical_zero,listed_event_onset,2018.0,2.61,5.22,1.11,76.86,3.71,99.04628518073896,72695.0,736.093,12.0,"Includes term deposits; cash-flow-based measure, detailed vintage exclusions remain subject to audit",False,Pre-AASB15/1058,2020.0,-0.22,5.01,97.0857783345421,12.0,False,AASB15/1058 and lease regime,2018,2020
portstephens,Port Stephens,2020,87.89999999999998,0.0,1.0,mapped_burn_positive,10.0,Sentinel 2 (original mapping scope varies by year),no_listed_event_onset_not_physical_zero,listed_event_onset,2019.0,-1.76,4.03,2.17,74.63,2.49,98.93128769997378,73481.0,739.15,12.0,"Includes term deposits; cash-flow-based measure, detailed vintage exclusions remain subject to audit",False,AASB15/1058 and lease regime,2021.0,3.21,6.7872,97.12694224567576,12.0,False,AASB15/1058 and lease regime,2019,2021
portstephens,Port Stephens,2021,191.54,0.0,1.0,mapped_burn_positive,10.0,Sentinel 2 (original mapping scope varies by year),no_listed_event_onset_not_physical_zero,listed_event_onset,2020.0,-0.22,5.01,2.08,71.35,3.83,97.0857783345421,74506.0,742.67,12.0,"Includes term deposits; cash-flow-based measure, detailed vintage exclusions remain subject to audit",False,AASB15/1058 and lease regime,2022.0,5.84,8.7718,105.57512383048982,12.0,False,AASB15/1058 and lease regime,2020,2022
portstephens,Port Stephens,2022,326.87,0.0,0.0,mapped_burn_positive,10.0,Sentinel 2 (original mapping scope varies by year),no_listed_event_onset_not_physical_zero,no_listed_event_onset_not_physical_zero,2021.0,3.21,6.7872,2.5955,69.72,5.3561,97.12694224567576,75282.0,747.1,12.0,"Includes term deposits; cash-flow-based measure, detailed vintage exclusions remain subject to audit",False,AASB15/1058 and lease regime,2023.0,4.6,6.983,105.4652281821405,12.0,False,AASB15/1058 and lease regime,2021,2023
portstephens,Port Stephens,2023,1528.74,1.0,1.0,mapped_burn_positive,10.0,Sentinel 2 (original mapping scope varies by year),listed_event_onset,listed_event_onset,2022.0,5.84,8.7718,2.2004,71.69,4.9733,105.57512383048982,76672.0,751.53,12.0,"Includes term deposits; cash-flow-based measure, detailed vintage exclusions remain subject to audit",False,AASB15/1058 and lease regime,2024.0,,,108.2392460576654,12.0,False,Six fiscal ratios not collected by OLG,2022,2024
portstephens,Port Stephens,2024,,0.0,1.0,unknown_source_not_acquired,,Sentinel 2 (original mapping scope varies by year),no_listed_event_onset_not_physical_zero,listed_event_onset,2023.0,4.6,6.983,2.1793,71.17,5.1701,105.4652281821405,78906.0,758.53,12.0,"Includes term deposits; cash-flow-based measure, detailed vintage exclusions remain subject to audit",False,AASB15/1058 and lease regime,,,,,,,,2023,2025
randwick,Randwick,2012,0.0,0.0,1.0,verified_zero_mapped_burn_within_source_scope,100.0,Landsat,no_listed_event_in_complete_published_list_not_physical_zero,observed_positive_in_complete_published_list,,,,,,,,,,,,,,2013.0,2.81,4.3165,129.3137643792146,12.0,False,Early OLG/TCorp definitions; revaluation exclusions described,2011,2013
randwick,Randwick,2013,0.0,,,verified_zero_mapped_burn_within_source_scope,100.0,Landsat,unknown_incomplete_inventory_no_positive_record,unknown_incomplete_inventory_no_positive_record,2012.0,4.5600000000000005,,2.6602,80.22,,172.2405816259088,139365.0,,12.0,Earlier measure excludes term deposits and uses different expense denominator; not converted,False,Early OLG/TCorp definitions; revaluation exclusions described,2014.0,3.01,4.7200999999999995,140.07947382844614,12.0,False,Pre-AASB15/1058,2012,2014
randwick,Randwick,2014,0.0,,1.0,verified_zero_mapped_burn_within_source_scope,100.0,Landsat,unknown_incomplete_inventory_no_positive_record,observed_positive_partial_inventory_count_lower_bound,2013.0,2.81,4.3165,3.1064,90.13,,129.3137643792146,142310.0,,12.0,"Includes term deposits; cash-flow-based measure, detailed vintage exclusions remain subject to audit",False,Early OLG/TCorp definitions; revaluation exclusions described,2015.0,2.91,3.54,143.59183673469389,12.0,False,Pre-AASB15/1058,2013,2015
randwick,Randwick,2015,0.0,,1.0,verified_zero_mapped_burn_within_source_scope,100.0,Landsat,unknown_incomplete_inventory_no_positive_record,observed_positive_partial_inventory_count_lower_bound,2014.0,3.01,4.7200999999999995,3.5244,89.63,,140.07947382844614,143776.0,,12.0,"Includes term deposits; cash-flow-based measure, detailed vintage exclusions remain subject to audit",False,Pre-AASB15/1058,2016.0,3.71,3.7543,154.79226655697244,12.0,False,Pre-AASB15/1058,2014,2016
randwick,Randwick,2016,0.0,,,verified_zero_mapped_burn_within_source_scope,100.0,Landsat 8,unknown_incomplete_inventory_no_positive_record,unknown_incomplete_inventory_no_positive_record,2015.0,2.91,3.54,4.03,89.41,,143.59183673469389,145822.0,,12.0,"Includes term deposits; cash-flow-based measure, detailed vintage exclusions remain subject to audit",False,Pre-AASB15/1058,2017.0,6.2,3.03,159.94045202327786,12.0,False,Pre-AASB15/1058,2015,2017
randwick,Randwick,2017,0.0,0.0,0.0,verified_zero_mapped_burn_within_source_scope,100.0,Sentinel 2 (original mapping scope varies by year),no_listed_event_onset_not_physical_zero,no_listed_event_onset_not_physical_zero,2016.0,3.71,3.7543,3.345,89.55,,154.79226655697244,149276.0,302.9,12.0,"Includes term deposits; cash-flow-based measure, detailed vintage exclusions remain subject to audit",False,Pre-AASB15/1058,2018.0,5.51,3.33,172.14092910924848,12.0,False,Pre-AASB15/1058,2016,2018
randwick,Randwick,2018,0.0,0.0,0.0,verified_zero_mapped_burn_within_source_scope,100.0,Sentinel 2 (original mapping scope varies by year),no_listed_event_onset_not_physical_zero,no_listed_event_onset_not_physical_zero,2017.0,6.2,3.03,3.63,91.15,,159.94045202327786,151996.0,302.59,12.0,"Includes term deposits; cash-flow-based measure, detailed vintage exclusions remain subject to audit",False,Pre-AASB15/1058,2019.0,4.16,4.67,174.21588019214468,12.0,False,AASB15/1058 and lease regime,2017,2019
randwick,Randwick,2019,0.0,0.0,1.0,verified_zero_mapped_burn_within_source_scope,10.0,Sentinel 2 (original mapping scope varies by year),no_listed_event_onset_not_physical_zero,listed_event_onset,2018.0,5.51,3.33,4.07,90.64,,172.14092910924848,154265.0,302.59,12.0,"Includes term deposits; cash-flow-based measure, detailed vintage exclusions remain subject to audit",False,Pre-AASB15/1058,2020.0,3.07,1.56,192.572156196944,12.0,False,AASB15/1058 and lease regime,2018,2020
randwick,Randwick,2020,0.0,0.0,0.0,verified_zero_mapped_burn_within_source_scope,10.0,Sentinel 2 (original mapping scope varies by year),no_listed_event_onset_not_physical_zero,no_listed_event_onset_not_physical_zero,2019.0,4.16,4.67,3.95,83.72,5786.17,174.21588019214468,155649.0,302.59,12.0,"Includes term deposits; cash-flow-based measure, detailed vintage exclusions remain subject to audit",False,AASB15/1058 and lease regime,2021.0,5.57,1.1523,179.12600763682647,12.0,False,AASB15/1058 and lease regime,2019,2021
randwick,Randwick,2021,0.0,0.0,1.0,verified_zero_mapped_burn_within_source_scope,10.0,Sentinel 2 (original mapping scope varies by year),no_listed_event_onset_not_physical_zero,listed_event_onset,2020.0,3.07,1.56,3.98,90.17,6146.83,192.572156196944,156619.0,304.0,12.0,"Includes term deposits; cash-flow-based measure, detailed vintage exclusions remain subject to audit",False,AASB15/1058 and lease regime,2022.0,7.48,8.9007,174.24923835775425,12.0,False,AASB15/1058 and lease regime,2020,2022
randwick,Randwick,2022,0.0,0.0,0.0,verified_zero_mapped_burn_within_source_scope,10.0,Sentinel 2 (original mapping scope varies by year),no_listed_event_onset_not_physical_zero,no_listed_event_onset_not_physical_zero,2021.0,5.57,1.1523,3.9686,87.21,20.2813,179.12600763682647,135275.0,304.0,12.0,"Includes term deposits; cash-flow-based measure, detailed vintage exclusions remain subject to audit",False,AASB15/1058 and lease regime,2023.0,3.45,7.693,194.3355119825708,12.0,False,AASB15/1058 and lease regime,2021,2023
randwick,Randwick,2023,0.0,0.0,0.0,verified_zero_mapped_burn_within_source_scope,10.0,Sentinel 2 (original mapping scope varies by year),no_listed_event_onset_not_physical_zero,no_listed_event_onset_not_physical_zero,2022.0,7.48,8.9007,3.8937,87.43,11.1289,174.24923835775425,135686.0,304.0,12.0,"Includes term deposits; cash-flow-based measure, detailed vintage exclusions remain subject to audit",False,AASB15/1058 and lease regime,2024.0,,,159.4399185336049,12.0,False,Six fiscal ratios not collected by OLG,2022,2024
randwick,Randwick,2024,,0.0,0.0,unknown_source_not_acquired,,Sentinel 2 (original mapping scope varies by year),no_listed_event_onset_not_physical_zero,no_listed_event_onset_not_physical_zero,2023.0,3.45,7.693,4.1001,83.34,9.2957,194.3355119825708,144598.0,304.0,12.0,"Includes term deposits; cash-flow-based measure, detailed vintage exclusions remain subject to audit",False,AASB15/1058 and lease regime,,,,,,,,2023,2025
richmondvalley,Richmond Valley,2012,0.0,1.0,1.0,verified_zero_mapped_burn_within_source_scope,100.0,Landsat,observed_positive_in_complete_published_list,observed_positive_in_complete_published_list,,,,,,,,,,,,,,2013.0,-11.54,7.7985,104.3116655723353,12.0,False,Early OLG/TCorp definitions; revaluation exclusions described,2011,2013
richmondvalley,Richmond Valley,2013,4984.538278289428,,,observed_positive_mapped_burn_within_source_scope,100.0,Landsat,unknown_incomplete_inventory_no_positive_record,unknown_incomplete_inventory_no_positive_record,2012.0,-18.6,,2.0588,67.57,2.5565,121.19126720455624,22702.0,,12.0,Earlier measure excludes term deposits and uses different expense denominator; not converted,False,Early OLG/TCorp definitions; revaluation exclusions described,2014.0,0.95,9.9811,97.08262350936968,12.0,False,Pre-AASB15/1058,2012,2014
richmondvalley,Richmond Valley,2014,1977.5760345018275,,1.0,observed_positive_mapped_burn_within_source_scope,100.0,Landsat,unknown_incomplete_inventory_no_positive_record,observed_positive_partial_inventory_count_lower_bound,2013.0,-11.54,7.7985,2.1286,73.14,2.6289,104.3116655723353,22749.0,,12.0,"Includes term deposits; cash-flow-based measure, detailed vintage exclusions remain subject to audit",False,Early OLG/TCorp definitions; revaluation exclusions described,2015.0,0.0,5.44,109.37134844589858,12.0,False,Pre-AASB15/1058,2013,2015
richmondvalley,Richmond Valley,2015,546.6830881696521,,,observed_positive_mapped_burn_within_source_scope,100.0,Landsat,unknown_incomplete_inventory_no_positive_record,unknown_incomplete_inventory_no_positive_record,2014.0,0.95,9.9811,2.329,69.11,4.529,97.08262350936968,22983.0,,12.0,"Includes term deposits; cash-flow-based measure, detailed vintage exclusions remain subject to audit",False,Pre-AASB15/1058,2016.0,7.5,6.9,113.8447571493418,12.0,False,Pre-AASB15/1058,2014,2016
richmondvalley,Richmond Valley,2016,10979.09797503056,,1.0,observed_positive_mapped_burn_within_source_scope,100.0,Landsat 8,unknown_incomplete_inventory_no_positive_record,observed_positive_partial_inventory_count_lower_bound,2015.0,0.0,5.44,2.51,69.65,3.85,109.37134844589858,23181.0,,12.0,"Includes term deposits; cash-flow-based measure, detailed vintage exclusions remain subject to audit",False,Pre-AASB15/1058,2017.0,-7.31,7.81,119.1512997111753,12.0,False,Pre-AASB15/1058,2015,2017
richmondvalley,Richmond Valley,2017,5653.07,0.0,0.0,mapped_burn_positive,100.0,Sentinel 2 (original mapping scope varies by year),no_listed_event_onset_not_physical_zero,no_listed_event_onset_not_physical_zero,2016.0,7.5,6.9,3.48,68.13,5.02,113.8447571493418,23164.0,1084.35,12.0,"Includes term deposits; cash-flow-based measure, detailed vintage exclusions remain subject to audit",False,Pre-AASB15/1058,2018.0,-4.69,9.08,107.09717350938725,12.0,False,Pre-AASB15/1058,2016,2018
richmondvalley,Richmond Valley,2018,14031.03,1.0,0.0,mapped_burn_positive,100.0,Sentinel 2 (original mapping scope varies by year),listed_event_onset,no_listed_event_onset_not_physical_zero,2017.0,-7.31,7.81,3.08,64.04,0.93,119.1512997111753,23317.0,1077.48,12.0,"Includes term deposits; cash-flow-based measure, detailed vintage exclusions remain subject to audit",False,Pre-AASB15/1058,2019.0,-1.62,8.18,111.79477470655056,12.0,False,AASB15/1058 and lease regime,2017,2019
richmondvalley,Richmond Valley,2019,110504.41,1.0,1.0,mapped_burn_positive,10.0,Sentinel 2 (original mapping scope varies by year),listed_event_onset,listed_event_onset,2018.0,-4.69,9.08,3.05,60.52,4.2,107.09717350938725,23399.0,1077.91,12.0,"Includes term deposits; cash-flow-based measure, detailed vintage exclusions remain subject to audit",False,Pre-AASB15/1058,2020.0,-4.1,11.31,129.63238024507984,12.0,False,AASB15/1058 and lease regime,2018,2020
richmondvalley,Richmond Valley,2020,287.31,0.0,1.0,mapped_burn_positive,10.0,Sentinel 2 (original mapping scope varies by year),no_listed_event_onset_not_physical_zero,listed_event_onset,2019.0,-1.62,8.18,3.83,65.25,4.52,111.79477470655056,23465.0,1078.66,12.0,"Includes term deposits; cash-flow-based measure, detailed vintage exclusions remain subject to audit",False,AASB15/1058 and lease regime,2021.0,-2.8,11.4019,162.31959659189707,12.0,False,AASB15/1058 and lease regime,2019,2021
richmondvalley,Richmond Valley,2021,36.86,0.0,1.0,mapped_burn_positive,10.0,Sentinel 2 (original mapping scope varies by year),no_listed_event_onset_not_physical_zero,listed_event_onset,2020.0,-4.1,11.31,3.42,64.26,4.26,129.63238024507984,23490.0,1079.08,12.0,"Includes term deposits; cash-flow-based measure, detailed vintage exclusions remain subject to audit",False,AASB15/1058 and lease regime,2022.0,4.94,12.3262,177.86703127670484,12.0,False,AASB15/1058 and lease regime,2020,2022
richmondvalley,Richmond Valley,2022,375.48,0.0,1.0,mapped_burn_positive,10.0,Sentinel 2 (original mapping scope varies by year),no_listed_event_onset_not_physical_zero,listed_event_onset,2021.0,-2.8,11.4019,2.9774,47.54,4.0327,162.31959659189707,23589.0,1079.08,12.0,"Includes term deposits; cash-flow-based measure, detailed vintage exclusions remain subject to audit",False,AASB15/1058 and lease regime,2023.0,-16.63,11.0859,131.27272727272728,12.0,False,AASB15/1058 and lease regime,2021,2023
richmondvalley,Richmond Valley,2023,4155.58,1.0,0.0,mapped_burn_positive,10.0,Sentinel 2 (original mapping scope varies by year),listed_event_onset,no_listed_event_onset_not_physical_zero,2022.0,4.94,12.3262,2.8489,45.2,5.106,177.86703127670484,23702.0,1079.08,12.0,"Includes term deposits; cash-flow-based measure, detailed vintage exclusions remain subject to audit",False,AASB15/1058 and lease regime,2024.0,,,149.75494071146244,12.0,False,Six fiscal ratios not collected by OLG,2022,2024
richmondvalley,Richmond Valley,2024,,0.0,1.0,unknown_source_not_acquired,,Sentinel 2 (original mapping scope varies by year),no_listed_event_onset_not_physical_zero,listed_event_onset,2023.0,-16.63,11.0859,2.9517,49.63,2.6795,131.27272727272728,23892.0,1079.08,12.0,"Includes term deposits; cash-flow-based measure, detailed vintage exclusions remain subject to audit",False,AASB15/1058 and lease regime,,,,,,,,2023,2025
ryde,Ryde,2012,0.0,0.0,0.0,verified_zero_mapped_burn_within_source_scope,100.0,Landsat,no_listed_event_in_complete_published_list_not_physical_zero,no_listed_event_in_complete_published_list_not_physical_zero,,,,,,,,,,,,,,2013.0,1.14,10.5,91.2201625190452,12.0,False,Early OLG/TCorp definitions; revaluation exclusions described,2011,2013
ryde,Ryde,2013,0.0,,,verified_zero_mapped_burn_within_source_scope,100.0,Landsat,unknown_incomplete_inventory_no_positive_record,unknown_incomplete_inventory_no_positive_record,2012.0,-6.6000000000000005,,4.4186,66.97999999999999,21.348,228.08262048821197,110791.0,,12.0,Earlier measure excludes term deposits and uses different expense denominator; not converted,False,Early OLG/TCorp definitions; revaluation exclusions described,2014.0,8.53,15.6784,108.0284191829485,12.0,False,Pre-AASB15/1058,2012,2014
ryde,Ryde,2014,0.0,,,verified_zero_mapped_burn_within_source_scope,100.0,Landsat,unknown_incomplete_inventory_no_positive_record,unknown_incomplete_inventory_no_positive_record,2013.0,1.14,10.5,0.0492,82.04,27.2619,91.2201625190452,112545.0,,12.0,"Includes term deposits; cash-flow-based measure, detailed vintage exclusions remain subject to audit",False,Early OLG/TCorp definitions; revaluation exclusions described,2015.0,8.13,15.72,88.3012616286479,12.0,False,Pre-AASB15/1058,2013,2015
ryde,Ryde,2015,0.0,,1.0,verified_zero_mapped_burn_within_source_scope,100.0,Landsat,unknown_incomplete_inventory_no_positive_record,observed_positive_partial_inventory_count_lower_bound,2014.0,8.53,15.6784,5.0293,71.44,20.8558,108.0284191829485,114598.0,,12.0,"Includes term deposits; cash-flow-based measure, detailed vintage exclusions remain subject to audit",False,Pre-AASB15/1058,2016.0,11.47,15.9206,92.94106128842763,12.0,False,Pre-AASB15/1058,2014,2016
ryde,Ryde,2016,0.0,,,verified_zero_mapped_burn_within_source_scope,100.0,Landsat 8,unknown_incomplete_inventory_no_positive_record,unknown_incomplete_inventory_no_positive_record,2015.0,8.13,15.72,4.29,67.03,12.0,88.3012616286479,117171.0,,12.0,"Includes term deposits; cash-flow-based measure, detailed vintage exclusions remain subject to audit",False,Pre-AASB15/1058,2017.0,12.99,17.5,92.99801327712362,12.0,False,Pre-AASB15/1058,2015,2017
ryde,Ryde,2017,0.0,0.0,0.0,verified_zero_mapped_burn_within_source_scope,100.0,Sentinel 2 (original mapping scope varies by year),no_listed_event_onset_not_physical_zero,no_listed_event_onset_not_physical_zero,2016.0,11.47,15.9206,3.4360000000000004,75.83,28.7062,92.94106128842763,121807.0,318.49,12.0,"Includes term deposits; cash-flow-based measure, detailed vintage exclusions remain subject to audit",False,Pre-AASB15/1058,2018.0,10.39,16.8,102.63582851487212,12.0,False,Pre-AASB15/1058,2016,2018
ryde,Ryde,2018,0.0,0.0,1.0,verified_zero_mapped_burn_within_source_scope,100.0,Sentinel 2 (original mapping scope varies by year),no_listed_event_onset_not_physical_zero,listed_event_onset,2017.0,12.99,17.5,3.06,76.92,33.2,92.99801327712362,124497.0,318.49,12.0,"Includes term deposits; cash-flow-based measure, detailed vintage exclusions remain subject to audit",False,Pre-AASB15/1058,2019.0,5.23,12.97,91.13302752293578,12.0,False,AASB15/1058 and lease regime,2017,2019
ryde,Ryde,2019,0.0,0.0,1.0,verified_zero_mapped_burn_within_source_scope,10.0,Sentinel 2 (original mapping scope varies by year),no_listed_event_onset_not_physical_zero,listed_event_onset,2018.0,10.39,16.8,2.9,71.18,31.74,102.63582851487212,127446.0,321.53700000000003,12.0,"Includes term deposits; cash-flow-based measure, detailed vintage exclusions remain subject to audit",False,Pre-AASB15/1058,2020.0,4.62,17.13,91.94195149894978,12.0,False,AASB15/1058 and lease regime,2018,2020
ryde,Ryde,2020,0.0,0.0,0.0,verified_zero_mapped_burn_within_source_scope,10.0,Sentinel 2 (original mapping scope varies by year),no_listed_event_onset_not_physical_zero,no_listed_event_onset_not_physical_zero,2019.0,5.23,12.97,1.49,74.41,51.67,91.13302752293578,131271.0,324.0,12.0,"Includes term deposits; cash-flow-based measure, detailed vintage exclusions remain subject to audit",False,AASB15/1058 and lease regime,2021.0,4.36,11.4874,101.6120792416416,12.0,False,AASB15/1058 and lease regime,2019,2021
ryde,Ryde,2021,0.0,0.0,1.0,verified_zero_mapped_burn_within_source_scope,10.0,Sentinel 2 (original mapping scope varies by year),no_listed_event_onset_not_physical_zero,listed_event_onset,2020.0,4.62,17.13,6.38,80.76,12.75,91.94195149894978,133224.0,326.19,12.0,"Includes term deposits; cash-flow-based measure, detailed vintage exclusions remain subject to audit",False,AASB15/1058 and lease regime,2022.0,7.63,11.6309,115.93508762044289,12.0,False,AASB15/1058 and lease regime,2020,2022
ryde,Ryde,2022,0.0,0.0,0.0,verified_zero_mapped_burn_within_source_scope,10.0,Sentinel 2 (original mapping scope varies by year),no_listed_event_onset_not_physical_zero,no_listed_event_onset_not_physical_zero,2021.0,4.36,11.4874,5.8575,82.96,12.2304,101.6120792416416,129773.0,323.18,12.0,"Includes term deposits; cash-flow-based measure, detailed vintage exclusions remain subject to audit",False,AASB15/1058 and lease regime,2023.0,4.04,13.9523,100.41145992075587,12.0,False,AASB15/1058 and lease regime,2021,2023
ryde,Ryde,2023,0.0,0.0,0.0,verified_zero_mapped_burn_within_source_scope,10.0,Sentinel 2 (original mapping scope varies by year),no_listed_event_onset_not_physical_zero,no_listed_event_onset_not_physical_zero,2022.0,7.63,11.6309,6.798,82.08,14.6658,115.93508762044289,131122.0,323.69,12.0,"Includes term deposits; cash-flow-based measure, detailed vintage exclusions remain subject to audit",False,AASB15/1058 and lease regime,2024.0,,,104.52025185602857,12.0,False,Six fiscal ratios not collected by OLG,2022,2024
ryde,Ryde,2024,,0.0,0.0,unknown_source_not_acquired,,Sentinel 2 (original mapping scope varies by year),no_listed_event_onset_not_physical_zero,no_listed_event_onset_not_physical_zero,2023.0,4.04,13.9523,5.1448,71.51,12.0096,100.41145992075587,139047.0,323.86,12.0,"Includes term deposits; cash-flow-based measure, detailed vintage exclusions remain subject to audit",False,AASB15/1058 and lease regime,,,,,,,,2023,2025
shellharbour,Shellharbour,2012,0.0,0.0,0.0,verified_zero_mapped_burn_within_source_scope,100.0,Landsat,no_listed_event_in_complete_published_list_not_physical_zero,no_listed_event_in_complete_published_list_not_physical_zero,,,,,,,,,,,,,,2013.0,-13.96,11.165,55.51477689781727,12.0,False,Early OLG/TCorp definitions; revaluation exclusions described,2011,2013
shellharbour,Shellharbour,2013,0.0,,,verified_zero_mapped_burn_within_source_scope,100.0,Landsat,unknown_incomplete_inventory_no_positive_record,unknown_incomplete_inventory_no_positive_record,2012.0,-14.11,,2.9619,68.78999999999999,12.0539,57.04934541792548,66796.0,,12.0,Earlier measure excludes term deposits and uses different expense denominator; not converted,False,Early OLG/TCorp definitions; revaluation exclusions described,2014.0,-6.85,14.1731,91.94326241134752,12.0,False,Pre-AASB15/1058,2012,2014
shellharbour,Shellharbour,2014,0.0,,,verified_zero_mapped_burn_within_source_scope,100.0,Landsat,unknown_incomplete_inventory_no_positive_record,unknown_incomplete_inventory_no_positive_record,2013.0,-13.96,11.165,2.9074,71.34,10.0734,55.51477689781727,67797.0,,12.0,"Includes term deposits; cash-flow-based measure, detailed vintage exclusions remain subject to audit",False,Early OLG/TCorp definitions; revaluation exclusions described,2015.0,5.56,11.56,107.97866550560576,12.0,False,Pre-AASB15/1058,2013,2015
shellharbour,Shellharbour,2015,0.0,,1.0,verified_zero_mapped_burn_within_source_scope,100.0,Landsat,unknown_incomplete_inventory_no_positive_record,observed_positive_partial_inventory_count_lower_bound,2014.0,-6.85,14.1731,3.4545999999999997,67.15,14.3519,91.94326241134752,68762.0,,12.0,"Includes term deposits; cash-flow-based measure, detailed vintage exclusions remain subject to audit",False,Pre-AASB15/1058,2016.0,9.0,11.1482,112.55719910609768,12.0,False,Pre-AASB15/1058,2014,2016
shellharbour,Shellharbour,2016,0.0,,1.0,verified_zero_mapped_burn_within_source_scope,100.0,Landsat 8,unknown_incomplete_inventory_no_positive_record,observed_positive_partial_inventory_count_lower_bound,2015.0,5.56,11.56,3.25,72.49,21.28,107.97866550560576,69714.0,,12.0,"Includes term deposits; cash-flow-based measure, detailed vintage exclusions remain subject to audit",False,Pre-AASB15/1058,2017.0,9.02,7.66,108.66711544934364,12.0,False,Pre-AASB15/1058,2015,2017
shellharbour,Shellharbour,2017,0.0,0.0,0.0,verified_zero_mapped_burn_within_source_scope,100.0,Sentinel 2 (original mapping scope varies by year),no_listed_event_onset_not_physical_zero,no_listed_event_onset_not_physical_zero,2016.0,9.0,11.1482,2.4766999999999997,70.42,19.5972,112.55719910609768,70511.0,398.87,12.0,"Includes term deposits; cash-flow-based measure, detailed vintage exclusions remain subject to audit",False,Pre-AASB15/1058,2018.0,19.25,8.8,105.27880443515988,12.0,False,Pre-AASB15/1058,2016,2018
shellharbour,Shellharbour,2018,0.0,0.0,0.0,verified_zero_mapped_burn_within_source_scope,100.0,Sentinel 2 (original mapping scope varies by year),no_listed_event_onset_not_physical_zero,no_listed_event_onset_not_physical_zero,2017.0,9.02,7.66,2.09,77.05,12.61,108.66711544934364,70994.0,408.25,12.0,"Includes term deposits; cash-flow-based measure, detailed vintage exclusions remain subject to audit",False,Pre-AASB15/1058,2019.0,13.8,10.73,103.68692888359158,12.0,False,AASB15/1058 and lease regime,2017,2019
shellharbour,Shellharbour,2019,0.0,0.0,1.0,verified_zero_mapped_burn_within_source_scope,10.0,Sentinel 2 (original mapping scope varies by year),no_listed_event_onset_not_physical_zero,listed_event_onset,2018.0,19.25,8.8,1.86,74.15,6.23,105.27880443515988,72240.0,427.61,12.0,"Includes term deposits; cash-flow-based measure, detailed vintage exclusions remain subject to audit",False,Pre-AASB15/1058,2020.0,14.3,10.69,104.42982104164994,12.0,False,AASB15/1058 and lease regime,2018,2020
shellharbour,Shellharbour,2020,0.0,0.0,1.0,verified_zero_mapped_burn_within_source_scope,10.0,Sentinel 2 (original mapping scope varies by year),no_listed_event_onset_not_physical_zero,listed_event_onset,2019.0,13.8,10.73,2.13,66.71,9.37,103.68692888359158,73233.0,420.34,12.0,"Includes term deposits; cash-flow-based measure, detailed vintage exclusions remain subject to audit",False,AASB15/1058 and lease regime,2021.0,16.64,12.1101,103.42478034785726,12.0,False,AASB15/1058 and lease regime,2019,2021
shellharbour,Shellharbour,2021,0.0,0.0,1.0,verified_zero_mapped_burn_within_source_scope,10.0,Sentinel 2 (original mapping scope varies by year),no_listed_event_onset_not_physical_zero,listed_event_onset,2020.0,14.3,10.69,1.75,66.76,11.97,104.42982104164994,74622.0,434.75000000000006,12.0,"Includes term deposits; cash-flow-based measure, detailed vintage exclusions remain subject to audit",False,AASB15/1058 and lease regime,2022.0,2.25,16.3336,100.73384311790824,12.0,False,AASB15/1058 and lease regime,2020,2022
shellharbour,Shellharbour,2022,0.0,0.0,1.0,verified_zero_mapped_burn_within_source_scope,10.0,Sentinel 2 (original mapping scope varies by year),no_listed_event_onset_not_physical_zero,listed_event_onset,2021.0,16.64,12.1101,2.4693,46.21,6.08,103.42478034785726,76443.0,478.85,12.0,"Includes term deposits; cash-flow-based measure, detailed vintage exclusions remain subject to audit",False,AASB15/1058 and lease regime,2023.0,-3.3000000000000003,15.0864,111.74290287254654,12.0,False,AASB15/1058 and lease regime,2021,2023
shellharbour,Shellharbour,2023,0.0,0.0,1.0,verified_zero_mapped_burn_within_source_scope,10.0,Sentinel 2 (original mapping scope varies by year),no_listed_event_onset_not_physical_zero,listed_event_onset,2022.0,2.25,16.3336,4.6736,65.68,7.9834,100.73384311790824,78332.0,480.22,12.0,"Includes term deposits; cash-flow-based measure, detailed vintage exclusions remain subject to audit",False,AASB15/1058 and lease regime,2024.0,,,102.78896672504378,12.0,False,Six fiscal ratios not collected by OLG,2022,2024
shellharbour,Shellharbour,2024,,0.0,0.0,unknown_source_not_acquired,,Sentinel 2 (original mapping scope varies by year),no_listed_event_onset_not_physical_zero,no_listed_event_onset_not_physical_zero,2023.0,-3.3000000000000003,15.0864,2.6598,74.32,5.0482,111.74290287254654,81566.0,488.752793,12.0,"Includes term deposits; cash-flow-based measure, detailed vintage exclusions remain subject to audit",False,AASB15/1058 and lease regime,,,,,,,,2023,2025
shoalhaven,Shoalhaven,2012,4503.67322073634,1.0,1.0,observed_positive_mapped_burn_within_source_scope,100.0,Landsat,observed_positive_in_complete_published_list,observed_positive_in_complete_published_list,,,,,,,,,,,,,,2013.0,-0.69,9.3374,82.10464482020727,12.0,False,Early OLG/TCorp definitions; revaluation exclusions described,2011,2013
shoalhaven,Shoalhaven,2013,5440.405027246171,1.0,,observed_positive_mapped_burn_within_source_scope,100.0,Landsat,observed_positive_partial_inventory_count_lower_bound,unknown_incomplete_inventory_no_positive_record,2012.0,-2.02,,2.2936,77.51,3.9405,,96927.0,,12.0,Earlier measure excludes term deposits and uses different expense denominator; not converted,True,Early OLG/TCorp definitions; revaluation exclusions described,2014.0,6.16,9.2024,89.81185496392365,12.0,False,Pre-AASB15/1058,2012,2014
shoalhaven,Shoalhaven,2014,0.0,,,verified_zero_mapped_burn_within_source_scope,100.0,Landsat,unknown_incomplete_inventory_no_positive_record,unknown_incomplete_inventory_no_positive_record,2013.0,-0.69,9.3374,1.3864,84.73,4.1228,82.10464482020727,97694.0,,12.0,"Includes term deposits; cash-flow-based measure, detailed vintage exclusions remain subject to audit",False,Early OLG/TCorp definitions; revaluation exclusions described,2015.0,3.79,8.88,87.79889993245199,12.0,False,Pre-AASB15/1058,2013,2015
shoalhaven,Shoalhaven,2015,0.0,1.0,1.0,verified_zero_mapped_burn_within_source_scope,100.0,Landsat,observed_positive_partial_inventory_count_lower_bound,observed_positive_partial_inventory_count_lower_bound,2014.0,6.16,9.2024,1.8032,77.75,5.0194,89.81185496392365,99016.0,,12.0,"Includes term deposits; cash-flow-based measure, detailed vintage exclusions remain subject to audit",False,Pre-AASB15/1058,2016.0,2.61,9.8889,88.45217084362866,12.0,False,Pre-AASB15/1058,2014,2016
shoalhaven,Shoalhaven,2016,1275.2003259250992,,,observed_positive_mapped_burn_within_source_scope,100.0,Landsat 8,unknown_incomplete_inventory_no_positive_record,unknown_incomplete_inventory_no_positive_record,2015.0,3.79,8.88,2.14,78.66,4.99,87.79889993245199,100147.0,,12.0,"Includes term deposits; cash-flow-based measure, detailed vintage exclusions remain subject to audit",False,Pre-AASB15/1058,2017.0,7.42,9.36,88.18230088495575,12.0,False,Pre-AASB15/1058,2015,2017
shoalhaven,Shoalhaven,2017,346.36,0.0,0.0,mapped_burn_positive,100.0,Sentinel 2 (original mapping scope varies by year),no_listed_event_onset_not_physical_zero,no_listed_event_onset_not_physical_zero,2016.0,2.61,9.8889,2.0201,77.7,3.6958,88.45217084362866,101777.0,1754.51,12.0,"Includes term deposits; cash-flow-based measure, detailed vintage exclusions remain subject to audit",False,Pre-AASB15/1058,2018.0,2.6,9.3,88.54516270246607,12.0,False,Pre-AASB15/1058,2016,2018
shoalhaven,Shoalhaven,2018,3456.25,1.0,0.0,mapped_burn_positive,100.0,Sentinel 2 (original mapping scope varies by year),listed_event_onset,no_listed_event_onset_not_physical_zero,2017.0,7.42,9.36,1.76,80.82,5.55,88.18230088495575,103012.0,1774.86,12.0,"Includes term deposits; cash-flow-based measure, detailed vintage exclusions remain subject to audit",False,Pre-AASB15/1058,2019.0,-7.62,7.35,87.96544656735306,12.0,False,AASB15/1058 and lease regime,2017,2019
shoalhaven,Shoalhaven,2019,312929.78,1.0,1.0,mapped_burn_positive,10.0,Sentinel 2 (original mapping scope varies by year),listed_event_onset,listed_event_onset,2018.0,2.6,9.3,2.54,82.84,4.0,88.54516270246607,104371.0,1784.88,12.0,"Includes term deposits; cash-flow-based measure, detailed vintage exclusions remain subject to audit",False,Pre-AASB15/1058,2020.0,-3.47,7.6,90.61402606561954,12.0,False,AASB15/1058 and lease regime,2018,2020
shoalhaven,Shoalhaven,2020,379.13,0.0,1.0,mapped_burn_positive,10.0,Sentinel 2 (original mapping scope varies by year),no_listed_event_onset_not_physical_zero,listed_event_onset,2019.0,-7.62,7.35,1.68,81.11,2.67,87.96544656735306,105648.0,1786.7000000000005,12.0,"Includes term deposits; cash-flow-based measure, detailed vintage exclusions remain subject to audit",False,AASB15/1058 and lease regime,2021.0,-4.72,6.2384,89.67522289451064,12.0,False,AASB15/1058 and lease regime,2019,2021
shoalhaven,Shoalhaven,2021,34.66,0.0,1.0,mapped_burn_positive,10.0,Sentinel 2 (original mapping scope varies by year),no_listed_event_onset_not_physical_zero,listed_event_onset,2020.0,-3.47,7.6,1.53,82.44,3.48,90.61402606561954,107191.0,1846.26,12.0,"Includes term deposits; cash-flow-based measure, detailed vintage exclusions remain subject to audit",False,AASB15/1058 and lease regime,2022.0,-5.32,4.9208,107.46584155382637,12.0,False,AASB15/1058 and lease regime,2020,2022
shoalhaven,Shoalhaven,2022,0.0,0.0,1.0,verified_zero_mapped_burn_within_source_scope,10.0,Sentinel 2 (original mapping scope varies by year),no_listed_event_onset_not_physical_zero,listed_event_onset,2021.0,-4.72,6.2384,1.2743,73.64,3.1029,89.67522289451064,108497.0,1838.818,12.0,"Includes term deposits; cash-flow-based measure, detailed vintage exclusions remain subject to audit",False,AASB15/1058 and lease regime,2023.0,-9.11,7.1658,104.6899152185114,12.0,False,AASB15/1058 and lease regime,2021,2023
shoalhaven,Shoalhaven,2023,158.43,0.0,1.0,mapped_burn_positive,10.0,Sentinel 2 (original mapping scope varies by year),no_listed_event_onset_not_physical_zero,listed_event_onset,2022.0,-5.32,4.9208,0.666,70.69,3.0569,107.46584155382637,109611.0,1841.13,12.0,"Includes term deposits; cash-flow-based measure, detailed vintage exclusions remain subject to audit",False,AASB15/1058 and lease regime,2024.0,,,90.64390005498198,12.0,False,Six fiscal ratios not collected by OLG,2022,2024
shoalhaven,Shoalhaven,2024,,0.0,0.0,unknown_source_not_acquired,,Sentinel 2 (original mapping scope varies by year),no_listed_event_onset_not_physical_zero,no_listed_event_onset_not_physical_zero,2023.0,-9.11,7.1658,1.0797,66.46,2.6927,104.6899152185114,110803.0,1853.49,12.0,"Includes term deposits; cash-flow-based measure, detailed vintage exclusions remain subject to audit",False,AASB15/1058 and lease regime,,,,,,,,2023,2025
singleton,Singleton,2012,1358.726461469775,1.0,0.0,observed_positive_mapped_burn_within_source_scope,100.0,Landsat,observed_positive_in_complete_published_list,no_listed_event_in_complete_published_list_not_physical_zero,,,,,,,,,,,,,,2013.0,-9.13,18.8617,68.88986013986013,12.0,False,Early OLG/TCorp definitions; revaluation exclusions described,2011,2013
singleton,Singleton,2013,37727.823122435955,1.0,,observed_positive_mapped_burn_within_source_scope,100.0,Landsat,observed_positive_partial_inventory_count_lower_bound,unknown_incomplete_inventory_no_positive_record,2012.0,2.63,,3.8684,55.05,9.595,72.27392853039181,23785.0,,12.0,Earlier measure excludes term deposits and uses different expense denominator; not converted,False,Early OLG/TCorp definitions; revaluation exclusions described,2014.0,-5.61,16.2376,97.0130022256062,12.0,False,Pre-AASB15/1058,2012,2014
singleton,Singleton,2014,1010.126180360004,,1.0,observed_positive_mapped_burn_within_source_scope,100.0,Landsat,unknown_incomplete_inventory_no_positive_record,observed_positive_partial_inventory_count_lower_bound,2013.0,-9.13,18.8617,3.3838,76.7,5.13,68.88986013986013,23751.0,,12.0,"Includes term deposits; cash-flow-based measure, detailed vintage exclusions remain subject to audit",False,Early OLG/TCorp definitions; revaluation exclusions described,2015.0,-4.04,15.43,71.32075471698113,12.0,False,Pre-AASB15/1058,2013,2015
singleton,Singleton,2015,0.0,,,verified_zero_mapped_burn_within_source_scope,100.0,Landsat,unknown_incomplete_inventory_no_positive_record,unknown_incomplete_inventory_no_positive_record,2014.0,-5.61,16.2376,3.27,61.59,4.485,97.0130022256062,23884.0,,12.0,"Includes term deposits; cash-flow-based measure, detailed vintage exclusions remain subject to audit",False,Pre-AASB15/1058,2016.0,-1.63,21.161199999999997,62.7163083377032,12.0,False,Pre-AASB15/1058,2014,2016
singleton,Singleton,2016,2457.4069896027513,1.0,,observed_positive_mapped_burn_within_source_scope,100.0,Landsat 8,observed_positive_partial_inventory_count_lower_bound,unknown_incomplete_inventory_no_positive_record,2015.0,-4.04,15.43,1.43,40.3,5.65,71.32075471698113,24071.0,,12.0,"Includes term deposits; cash-flow-based measure, detailed vintage exclusions remain subject to audit",False,Pre-AASB15/1058,2017.0,2.31,15.09,80.62050025977882,12.0,False,Pre-AASB15/1058,2015,2017
singleton,Singleton,2017,20761.42,1.0,0.0,mapped_burn_positive,100.0,Sentinel 2 (original mapping scope varies by year),listed_event_onset,no_listed_event_onset_not_physical_zero,2016.0,-1.63,21.161199999999997,2.9037,63.99,6.260800000000001,62.7163083377032,23595.0,872.74,12.0,"Includes term deposits; cash-flow-based measure, detailed vintage exclusions remain subject to audit",False,Pre-AASB15/1058,2018.0,4.66,19.83,79.72328875943334,12.0,False,Pre-AASB15/1058,2016,2018
singleton,Singleton,2018,204.93,1.0,0.0,mapped_burn_positive,100.0,Sentinel 2 (original mapping scope varies by year),listed_event_onset,no_listed_event_onset_not_physical_zero,2017.0,2.31,15.09,3.18,69.2,7.93,80.62050025977882,23482.0,871.784,12.0,"Includes term deposits; cash-flow-based measure, detailed vintage exclusions remain subject to audit",False,Pre-AASB15/1058,2019.0,5.99,20.16,81.25,12.0,False,AASB15/1058 and lease regime,2017,2019
singleton,Singleton,2019,199400.15,1.0,0.0,mapped_burn_positive,10.0,Sentinel 2 (original mapping scope varies by year),listed_event_onset,no_listed_event_onset_not_physical_zero,2018.0,4.66,19.83,5.45,77.61,9.98,79.72328875943334,23422.0,877.4200000000001,12.0,"Includes term deposits; cash-flow-based measure, detailed vintage exclusions remain subject to audit",False,Pre-AASB15/1058,2020.0,5.21,14.13,96.8977806577029,12.0,False,AASB15/1058 and lease regime,2018,2020
singleton,Singleton,2020,0.0,0.0,1.0,verified_zero_mapped_burn_within_source_scope,10.0,Sentinel 2 (original mapping scope varies by year),no_listed_event_onset_not_physical_zero,listed_event_onset,2019.0,5.99,20.16,4.7,70.85,7.49,81.25,23461.0,897.3100000000001,12.0,"Includes term deposits; cash-flow-based measure, detailed vintage exclusions remain subject to audit",False,AASB15/1058 and lease regime,2021.0,-0.69,12.5301,96.97083867078592,12.0,False,AASB15/1058 and lease regime,2019,2021
singleton,Singleton,2021,28.63,0.0,1.0,mapped_burn_positive,10.0,Sentinel 2 (original mapping scope varies by year),no_listed_event_onset_not_physical_zero,listed_event_onset,2020.0,5.21,14.13,4.09,65.12,6.16,96.8977806577029,23380.0,898.33,12.0,"Includes term deposits; cash-flow-based measure, detailed vintage exclusions remain subject to audit",False,AASB15/1058 and lease regime,2022.0,6.16,13.8743,98.53969978944508,12.0,False,AASB15/1058 and lease regime,2020,2022
singleton,Singleton,2022,737.29,0.0,0.0,mapped_burn_positive,10.0,Sentinel 2 (original mapping scope varies by year),no_listed_event_onset_not_physical_zero,no_listed_event_onset_not_physical_zero,2021.0,-0.69,12.5301,3.8241,69.55,3.716,96.97083867078592,24719.0,902.35,12.0,"Includes term deposits; cash-flow-based measure, detailed vintage exclusions remain subject to audit",False,AASB15/1058 and lease regime,2023.0,5.09,11.757,151.17563834804284,12.0,False,AASB15/1058 and lease regime,2021,2023
singleton,Singleton,2023,2966.76,1.0,0.0,mapped_burn_positive,10.0,Sentinel 2 (original mapping scope varies by year),listed_event_onset,no_listed_event_onset_not_physical_zero,2022.0,6.16,13.8743,4.5834,70.66,5.3339,98.53969978944508,25093.0,914.8000000000002,12.0,"Includes term deposits; cash-flow-based measure, detailed vintage exclusions remain subject to audit",False,AASB15/1058 and lease regime,2024.0,,,160.58431867753416,12.0,False,Six fiscal ratios not collected by OLG,2022,2024
singleton,Singleton,2024,,1.0,1.0,unknown_source_not_acquired,,Sentinel 2 (original mapping scope varies by year),listed_event_onset,listed_event_onset,2023.0,5.09,11.757,3.2615,63.67,5.8742,151.17563834804284,25639.0,916.59,12.0,"Includes term deposits; cash-flow-based measure, detailed vintage exclusions remain subject to audit",False,AASB15/1058 and lease regime,,,,,,,,2023,2025
strathfield,Strathfield,2012,0.0,0.0,0.0,verified_zero_mapped_burn_within_source_scope,100.0,Landsat,no_listed_event_in_complete_published_list_not_physical_zero,no_listed_event_in_complete_published_list_not_physical_zero,,,,,,,,,,,,,,2013.0,-5.1499999999999995,12.6475,68.70588235294117,12.0,False,Early OLG/TCorp definitions; revaluation exclusions described,2011,2013
strathfield,Strathfield,2013,0.0,,,verified_zero_mapped_burn_within_source_scope,100.0,Landsat,unknown_incomplete_inventory_no_positive_record,unknown_incomplete_inventory_no_positive_record,2012.0,-9.12,,3.0619,72.95,,75.33856022808268,37665.0,,12.0,Earlier measure excludes term deposits and uses different expense denominator; not converted,False,Early OLG/TCorp definitions; revaluation exclusions described,2014.0,1.94,16.5167,40.0355871886121,12.0,False,Pre-AASB15/1058,2012,2014
strathfield,Strathfield,2014,0.0,,,verified_zero_mapped_burn_within_source_scope,100.0,Landsat,unknown_incomplete_inventory_no_positive_record,unknown_incomplete_inventory_no_positive_record,2013.0,-5.1499999999999995,12.6475,2.7912,81.54,,68.70588235294117,38358.0,,12.0,"Includes term deposits; cash-flow-based measure, detailed vintage exclusions remain subject to audit",False,Early OLG/TCorp definitions; revaluation exclusions described,2015.0,1.29,20.99,117.3343373493976,12.0,False,Pre-AASB15/1058,2013,2015
strathfield,Strathfield,2015,0.0,,,verified_zero_mapped_burn_within_source_scope,100.0,Landsat,unknown_incomplete_inventory_no_positive_record,unknown_incomplete_inventory_no_positive_record,2014.0,1.94,16.5167,3.2339,70.63,,40.0355871886121,39481.0,,12.0,"Includes term deposits; cash-flow-based measure, detailed vintage exclusions remain subject to audit",False,Pre-AASB15/1058,2016.0,4.89,22.0795,115.25397560599043,12.0,False,Pre-AASB15/1058,2014,2016
strathfield,Strathfield,2016,0.0,,,verified_zero_mapped_burn_within_source_scope,100.0,Landsat 8,unknown_incomplete_inventory_no_positive_record,unknown_incomplete_inventory_no_positive_record,2015.0,1.29,20.99,3.36,73.96,,117.3343373493976,40125.0,,12.0,"Includes term deposits; cash-flow-based measure, detailed vintage exclusions remain subject to audit",False,Pre-AASB15/1058,2017.0,7.43,17.7,102.93429518424644,12.0,False,Pre-AASB15/1058,2015,2017
strathfield,Strathfield,2017,0.0,0.0,0.0,verified_zero_mapped_burn_within_source_scope,100.0,Sentinel 2 (original mapping scope varies by year),no_listed_event_onset_not_physical_zero,no_listed_event_onset_not_physical_zero,2016.0,4.89,22.0795,3.6199,73.45,,115.25397560599043,42331.0,97.0,12.0,"Includes term deposits; cash-flow-based measure, detailed vintage exclusions remain subject to audit",False,Pre-AASB15/1058,2018.0,6.8,15.1,100.19984012789767,12.0,False,Pre-AASB15/1058,2016,2018
strathfield,Strathfield,2018,0.0,0.0,0.0,verified_zero_mapped_burn_within_source_scope,100.0,Sentinel 2 (original mapping scope varies by year),no_listed_event_onset_not_physical_zero,no_listed_event_onset_not_physical_zero,2017.0,7.43,17.7,3.7,72.33,,102.93429518424644,43803.0,97.1,12.0,"Includes term deposits; cash-flow-based measure, detailed vintage exclusions remain subject to audit",False,Pre-AASB15/1058,2019.0,-0.55,12.8,81.11961057023645,12.0,False,AASB15/1058 and lease regime,2017,2019
strathfield,Strathfield,2019,0.0,0.0,1.0,verified_zero_mapped_burn_within_source_scope,10.0,Sentinel 2 (original mapping scope varies by year),no_listed_event_onset_not_physical_zero,listed_event_onset,2018.0,6.8,15.1,3.24,79.63,,100.19984012789767,45143.0,97.1,12.0,"Includes term deposits; cash-flow-based measure, detailed vintage exclusions remain subject to audit",False,Pre-AASB15/1058,2020.0,-8.71,13.21,148.94613583138172,12.0,False,AASB15/1058 and lease regime,2018,2020
strathfield,Strathfield,2020,0.0,0.0,0.0,verified_zero_mapped_burn_within_source_scope,10.0,Sentinel 2 (original mapping scope varies by year),no_listed_event_onset_not_physical_zero,no_listed_event_onset_not_physical_zero,2019.0,-0.55,12.8,3.64,76.71,,81.11961057023645,46926.0,97.1,12.0,"Includes term deposits; cash-flow-based measure, detailed vintage exclusions remain subject to audit",False,AASB15/1058 and lease regime,2021.0,-8.02,13.3677,126.09413707679604,12.0,False,AASB15/1058 and lease regime,2019,2021
strathfield,Strathfield,2021,0.0,0.0,1.0,verified_zero_mapped_burn_within_source_scope,10.0,Sentinel 2 (original mapping scope varies by year),no_listed_event_onset_not_physical_zero,listed_event_onset,2020.0,-8.71,13.21,3.32,83.48,,148.94613583138172,47767.0,97.1,12.0,"Includes term deposits; cash-flow-based measure, detailed vintage exclusions remain subject to audit",False,AASB15/1058 and lease regime,2022.0,-16.23,12.7705,69.3069306930693,12.0,False,AASB15/1058 and lease regime,2020,2022
strathfield,Strathfield,2022,0.0,0.0,0.0,verified_zero_mapped_burn_within_source_scope,10.0,Sentinel 2 (original mapping scope varies by year),no_listed_event_onset_not_physical_zero,no_listed_event_onset_not_physical_zero,2021.0,-8.02,13.3677,2.9664,79.17,,126.09413707679604,45930.0,97.1,12.0,"Includes term deposits; cash-flow-based measure, detailed vintage exclusions remain subject to audit",False,AASB15/1058 and lease regime,2023.0,-11.46,14.8953,106.78972712680576,12.0,False,AASB15/1058 and lease regime,2021,2023
strathfield,Strathfield,2023,0.0,0.0,0.0,verified_zero_mapped_burn_within_source_scope,10.0,Sentinel 2 (original mapping scope varies by year),no_listed_event_onset_not_physical_zero,no_listed_event_onset_not_physical_zero,2022.0,-16.23,12.7705,4.3194,72.4,,69.3069306930693,46230.0,97.1,12.0,"Includes term deposits; cash-flow-based measure, detailed vintage exclusions remain subject to audit",False,AASB15/1058 and lease regime,2024.0,,,106.24889984157718,12.0,False,Six fiscal ratios not collected by OLG,2022,2024
strathfield,Strathfield,2024,,0.0,0.0,unknown_source_not_acquired,,Sentinel 2 (original mapping scope varies by year),no_listed_event_onset_not_physical_zero,no_listed_event_onset_not_physical_zero,2023.0,-11.46,14.8953,5.1318,65.14,,106.78972712680576,48495.0,97.11,12.0,"Includes term deposits; cash-flow-based measure, detailed vintage exclusions remain subject to audit",False,AASB15/1058 and lease regime,,,,,,,,2023,2025
sutherland,Sutherland,2012,0.0,0.0,0.0,verified_zero_mapped_burn_within_source_scope,100.0,Landsat,no_listed_event_in_complete_published_list_not_physical_zero,no_listed_event_in_complete_published_list_not_physical_zero,,,,,,,,,,,,,,2013.0,-3.3000000000000003,3.5,103.4927866362946,12.0,False,Early OLG/TCorp definitions; revaluation exclusions described,2011,2013
sutherland,Sutherland,2013,0.0,,,verified_zero_mapped_burn_within_source_scope,100.0,Landsat,unknown_incomplete_inventory_no_positive_record,unknown_incomplete_inventory_no_positive_record,2012.0,-2.97,,1.3744,75.75,4.7232,95.86751900135904,221147.0,,12.0,Earlier measure excludes term deposits and uses different expense denominator; not converted,False,Early OLG/TCorp definitions; revaluation exclusions described,2014.0,2.33,3.2886,120.1722869139864,12.0,False,Pre-AASB15/1058,2012,2014
sutherland,Sutherland,2014,0.0,,,verified_zero_mapped_burn_within_source_scope,100.0,Landsat,unknown_incomplete_inventory_no_positive_record,unknown_incomplete_inventory_no_positive_record,2013.0,-3.3000000000000003,3.5,2.1001,74.69,5.4949,103.4927866362946,223192.0,,12.0,"Includes term deposits; cash-flow-based measure, detailed vintage exclusions remain subject to audit",False,Early OLG/TCorp definitions; revaluation exclusions described,2015.0,7.1,4.54,93.086503431331,12.0,False,Pre-AASB15/1058,2013,2015
sutherland,Sutherland,2015,0.0,,1.0,verified_zero_mapped_burn_within_source_scope,100.0,Landsat,unknown_incomplete_inventory_no_positive_record,observed_positive_partial_inventory_count_lower_bound,2014.0,2.33,3.2886,1.66,85.09,6.4808,120.1722869139864,225070.0,,12.0,"Includes term deposits; cash-flow-based measure, detailed vintage exclusions remain subject to audit",False,Pre-AASB15/1058,2016.0,9.25,6.103,101.01782066633795,12.0,False,Pre-AASB15/1058,2014,2016
sutherland,Sutherland,2016,0.0,,,verified_zero_mapped_burn_within_source_scope,100.0,Landsat 8,unknown_incomplete_inventory_no_positive_record,unknown_incomplete_inventory_no_positive_record,2015.0,7.1,4.54,1.86,85.39,10.65,93.086503431331,226220.0,,12.0,"Includes term deposits; cash-flow-based measure, detailed vintage exclusions remain subject to audit",False,Pre-AASB15/1058,2017.0,3.15,7.72,90.7061149097508,12.0,False,Pre-AASB15/1058,2015,2017
sutherland,Sutherland,2017,4693.16,1.0,0.0,mapped_burn_positive,100.0,Sentinel 2 (original mapping scope varies by year),listed_event_onset,no_listed_event_onset_not_physical_zero,2016.0,9.25,6.103,2.3613999999999997,76.39,21.167800000000003,101.01782066633795,226041.0,824.52,12.0,"Includes term deposits; cash-flow-based measure, detailed vintage exclusions remain subject to audit",False,Pre-AASB15/1058,2018.0,2.86,8.74,99.5107481315972,12.0,False,Pre-AASB15/1058,2016,2018
sutherland,Sutherland,2018,4.56,0.0,1.0,mapped_burn_positive,100.0,Sentinel 2 (original mapping scope varies by year),no_listed_event_onset_not_physical_zero,listed_event_onset,2017.0,3.15,7.72,2.91,83.98,17.8,90.7061149097508,227546.0,824.52,12.0,"Includes term deposits; cash-flow-based measure, detailed vintage exclusions remain subject to audit",False,Pre-AASB15/1058,2019.0,3.58,9.54,100.54357806589049,12.0,False,AASB15/1058 and lease regime,2017,2019
sutherland,Sutherland,2019,0.0,1.0,1.0,verified_zero_mapped_burn_within_source_scope,10.0,Sentinel 2 (original mapping scope varies by year),listed_event_onset,listed_event_onset,2018.0,2.86,8.74,3.41,85.73,19.74,99.5107481315972,229213.0,824.55,12.0,"Includes term deposits; cash-flow-based measure, detailed vintage exclusions remain subject to audit",False,Pre-AASB15/1058,2020.0,4.23,11.62,101.28111516760704,12.0,False,AASB15/1058 and lease regime,2018,2020
sutherland,Sutherland,2020,616.12,0.0,1.0,mapped_burn_positive,10.0,Sentinel 2 (original mapping scope varies by year),no_listed_event_onset_not_physical_zero,listed_event_onset,2019.0,3.58,9.54,3.13,82.51,10.72,100.54357806589049,230611.0,824.55,12.0,"Includes term deposits; cash-flow-based measure, detailed vintage exclusions remain subject to audit",False,AASB15/1058 and lease regime,2021.0,2.44,12.9313,104.58629138656782,12.0,False,AASB15/1058 and lease regime,2019,2021
sutherland,Sutherland,2021,0.0,0.0,1.0,verified_zero_mapped_burn_within_source_scope,10.0,Sentinel 2 (original mapping scope varies by year),no_listed_event_onset_not_physical_zero,listed_event_onset,2020.0,4.23,11.62,3.75,85.19,13.28,101.28111516760704,232369.0,824.55,12.0,"Includes term deposits; cash-flow-based measure, detailed vintage exclusions remain subject to audit",False,AASB15/1058 and lease regime,2022.0,5.87,12.3574,101.32874876158284,12.0,False,AASB15/1058 and lease regime,2020,2022
sutherland,Sutherland,2022,0.0,0.0,0.0,verified_zero_mapped_burn_within_source_scope,10.0,Sentinel 2 (original mapping scope varies by year),no_listed_event_onset_not_physical_zero,no_listed_event_onset_not_physical_zero,2021.0,2.44,12.9313,4.0601,84.05,12.4157,104.58629138656782,230903.0,826.4,12.0,"Includes term deposits; cash-flow-based measure, detailed vintage exclusions remain subject to audit",False,AASB15/1058 and lease regime,2023.0,-1.9,12.1201,117.54542746499853,12.0,False,AASB15/1058 and lease regime,2021,2023
sutherland,Sutherland,2023,0.0,0.0,1.0,verified_zero_mapped_burn_within_source_scope,10.0,Sentinel 2 (original mapping scope varies by year),no_listed_event_onset_not_physical_zero,listed_event_onset,2022.0,5.87,12.3574,4.3233,81.65,15.5708,101.32874876158284,231839.0,826.4,12.0,"Includes term deposits; cash-flow-based measure, detailed vintage exclusions remain subject to audit",False,AASB15/1058 and lease regime,2024.0,,,101.6378292344817,12.0,False,Six fiscal ratios not collected by OLG,2022,2024
sutherland,Sutherland,2024,,0.0,0.0,unknown_source_not_acquired,,Sentinel 2 (original mapping scope varies by year),no_listed_event_onset_not_physical_zero,no_listed_event_onset_not_physical_zero,2023.0,-1.9,12.1201,4.0873,84.91,13.3954,117.54542746499853,238614.0,826.4,12.0,"Includes term deposits; cash-flow-based measure, detailed vintage exclusions remain subject to audit",False,AASB15/1058 and lease regime,,,,,,,,2023,2025
sydney,Sydney,2012,0.0,0.0,0.0,verified_zero_mapped_burn_within_source_scope,100.0,Landsat,no_listed_event_in_complete_published_list_not_physical_zero,no_listed_event_in_complete_published_list_not_physical_zero,,,,,,,,,,,,,,2013.0,-0.13,10.4494,95.38242316875916,12.0,False,Early OLG/TCorp definitions; revaluation exclusions described,2011,2013
sydney,Sydney,2013,0.0,,,verified_zero_mapped_burn_within_source_scope,100.0,Landsat,unknown_incomplete_inventory_no_positive_record,unknown_incomplete_inventory_no_positive_record,2012.0,4.34,,4.0682,61.040000000000006,,79.72101133391456,187561.0,,12.0,Earlier measure excludes term deposits and uses different expense denominator; not converted,False,Early OLG/TCorp definitions; revaluation exclusions described,2014.0,-0.31,10.1597,104.06854227517763,12.0,False,Pre-AASB15/1058,2012,2014
sydney,Sydney,2014,0.0,,1.0,verified_zero_mapped_burn_within_source_scope,100.0,Landsat,unknown_incomplete_inventory_no_positive_record,observed_positive_partial_inventory_count_lower_bound,2013.0,-0.13,10.4494,3.5371,84.06,,95.38242316875916,191918.0,,12.0,"Includes term deposits; cash-flow-based measure, detailed vintage exclusions remain subject to audit",False,Early OLG/TCorp definitions; revaluation exclusions described,2015.0,-6.76,6.9,101.72951998881015,12.0,False,Pre-AASB15/1058,2013,2015
sydney,Sydney,2015,0.0,,1.0,verified_zero_mapped_burn_within_source_scope,100.0,Landsat,unknown_incomplete_inventory_no_positive_record,observed_positive_partial_inventory_count_lower_bound,2014.0,-0.31,10.1597,3.6055,70.18,,104.06854227517763,198331.0,,12.0,"Includes term deposits; cash-flow-based measure, detailed vintage exclusions remain subject to audit",False,Pre-AASB15/1058,2016.0,-3.57,6.5416,100.1436637599813,12.0,False,Pre-AASB15/1058,2014,2016
sydney,Sydney,2016,0.0,,,verified_zero_mapped_burn_within_source_scope,100.0,Landsat 8,unknown_incomplete_inventory_no_positive_record,unknown_incomplete_inventory_no_positive_record,2015.0,-6.76,6.9,2.92,78.68,,101.72951998881015,205339.0,,12.0,"Includes term deposits; cash-flow-based measure, detailed vintage exclusions remain subject to audit",False,Pre-AASB15/1058,2017.0,5.68,9.2,98.26434129847058,12.0,False,Pre-AASB15/1058,2015,2017
sydney,Sydney,2017,0.0,0.0,0.0,verified_zero_mapped_burn_within_source_scope,100.0,Sentinel 2 (original mapping scope varies by year),no_listed_event_onset_not_physical_zero,no_listed_event_onset_not_physical_zero,2016.0,-3.57,6.5416,2.6804,79.7,,100.1436637599813,224211.0,330.20000000000005,12.0,"Includes term deposits; cash-flow-based measure, detailed vintage exclusions remain subject to audit",False,Pre-AASB15/1058,2018.0,-4.16,8.51,99.9280966305858,12.0,False,Pre-AASB15/1058,2016,2018
sydney,Sydney,2018,0.0,0.0,1.0,verified_zero_mapped_burn_within_source_scope,100.0,Sentinel 2 (original mapping scope varies by year),no_listed_event_onset_not_physical_zero,listed_event_onset,2017.0,5.68,9.2,4.06,79.08,,98.26434129847058,232926.0,326.5,12.0,"Includes term deposits; cash-flow-based measure, detailed vintage exclusions remain subject to audit",False,Pre-AASB15/1058,2019.0,0.49,9.43,99.06691008142803,12.0,False,AASB15/1058 and lease regime,2017,2019
sydney,Sydney,2019,0.0,0.0,1.0,verified_zero_mapped_burn_within_source_scope,10.0,Sentinel 2 (original mapping scope varies by year),no_listed_event_onset_not_physical_zero,listed_event_onset,2018.0,-4.16,8.51,3.15,89.13,,99.9280966305858,240229.0,330.0,12.0,"Includes term deposits; cash-flow-based measure, detailed vintage exclusions remain subject to audit",False,Pre-AASB15/1058,2020.0,-1.25,10.84,101.75958371557908,12.0,False,AASB15/1058 and lease regime,2018,2020
sydney,Sydney,2020,0.0,0.0,0.0,verified_zero_mapped_burn_within_source_scope,10.0,Sentinel 2 (original mapping scope varies by year),no_listed_event_onset_not_physical_zero,no_listed_event_onset_not_physical_zero,2019.0,0.49,9.43,4.35,85.81,322.57,99.06691008142803,246343.0,330.0,12.0,"Includes term deposits; cash-flow-based measure, detailed vintage exclusions remain subject to audit",False,AASB15/1058 and lease regime,2021.0,-4.84,12.4801,97.23512200359704,12.0,False,AASB15/1058 and lease regime,2019,2021
sydney,Sydney,2021,0.0,0.0,0.0,verified_zero_mapped_burn_within_source_scope,10.0,Sentinel 2 (original mapping scope varies by year),no_listed_event_onset_not_physical_zero,no_listed_event_onset_not_physical_zero,2020.0,-1.25,10.84,3.95,78.58,258.47,101.75958371557908,248736.0,330.0,12.0,"Includes term deposits; cash-flow-based measure, detailed vintage exclusions remain subject to audit",False,AASB15/1058 and lease regime,2022.0,4.78,12.0418,104.33365674055278,12.0,False,AASB15/1058 and lease regime,2020,2022
sydney,Sydney,2022,0.0,0.0,0.0,verified_zero_mapped_burn_within_source_scope,10.0,Sentinel 2 (original mapping scope varies by year),no_listed_event_onset_not_physical_zero,no_listed_event_onset_not_physical_zero,2021.0,-4.84,12.4801,4.1695,86.46,177.8381,97.23512200359704,214851.0,330.0,12.0,"Includes term deposits; cash-flow-based measure, detailed vintage exclusions remain subject to audit",False,AASB15/1058 and lease regime,2023.0,0.45,10.9273,100.65751502325634,12.0,False,AASB15/1058 and lease regime,2021,2023
sydney,Sydney,2023,0.0,0.0,0.0,verified_zero_mapped_burn_within_source_scope,10.0,Sentinel 2 (original mapping scope varies by year),no_listed_event_onset_not_physical_zero,no_listed_event_onset_not_physical_zero,2022.0,4.78,12.0418,4.2747,79.83,328.845,104.33365674055278,218096.0,330.0,12.0,"Includes term deposits; cash-flow-based measure, detailed vintage exclusions remain subject to audit",False,AASB15/1058 and lease regime,2024.0,,,109.60764476896348,12.0,False,Six fiscal ratios not collected by OLG,2022,2024
sydney,Sydney,2024,,0.0,0.0,unknown_source_not_acquired,,Sentinel 2 (original mapping scope varies by year),no_listed_event_onset_not_physical_zero,no_listed_event_onset_not_physical_zero,2023.0,0.45,10.9273,4.9198,84.47,250.4951,100.65751502325634,237278.0,330.0,12.0,"Includes term deposits; cash-flow-based measure, detailed vintage exclusions remain subject to audit",False,AASB15/1058 and lease regime,,,,,,,,2023,2025
tamworth,Tamworth Regional,2012,1.9803883763306644,0.0,0.0,observed_positive_mapped_burn_within_source_scope,100.0,Landsat,no_listed_event_in_complete_published_list_not_physical_zero,no_listed_event_in_complete_published_list_not_physical_zero,,,,,,,,,,,,,,2013.0,4.03,13.6227,99.30981595092024,12.0,False,Early OLG/TCorp definitions; revaluation exclusions described,2011,2013
tamworth,Tamworth Regional,2013,749.7193893402066,,,observed_positive_mapped_burn_within_source_scope,100.0,Landsat,unknown_incomplete_inventory_no_positive_record,unknown_incomplete_inventory_no_positive_record,2012.0,1.44,,3.4924,64.92,3.4282,76.86976389946688,58922.0,,12.0,Earlier measure excludes term deposits and uses different expense denominator; not converted,False,Early OLG/TCorp definitions; revaluation exclusions described,2014.0,5.7,15.3446,94.2688805570434,12.0,False,Pre-AASB15/1058,2012,2014
tamworth,Tamworth Regional,2014,0.0,,,verified_zero_mapped_burn_within_source_scope,100.0,Landsat,unknown_incomplete_inventory_no_positive_record,unknown_incomplete_inventory_no_positive_record,2013.0,4.03,13.6227,2.8704,74.35000000000001,3.4175,99.30981595092024,59743.0,,12.0,"Includes term deposits; cash-flow-based measure, detailed vintage exclusions remain subject to audit",False,Early OLG/TCorp definitions; revaluation exclusions described,2015.0,9.84,16.04,100.0216020895112,12.0,False,Pre-AASB15/1058,2013,2015
tamworth,Tamworth Regional,2015,0.0,,,verified_zero_mapped_burn_within_source_scope,100.0,Landsat,unknown_incomplete_inventory_no_positive_record,unknown_incomplete_inventory_no_positive_record,2014.0,5.7,15.3446,3.8278,75.15,3.836,94.2688805570434,60495.0,,12.0,"Includes term deposits; cash-flow-based measure, detailed vintage exclusions remain subject to audit",False,Pre-AASB15/1058,2016.0,12.39,19.3598,97.35077129443329,12.0,False,Pre-AASB15/1058,2014,2016
tamworth,Tamworth Regional,2016,527.2938508286096,,,observed_positive_mapped_burn_within_source_scope,100.0,Landsat 8,unknown_incomplete_inventory_no_positive_record,unknown_incomplete_inventory_no_positive_record,2015.0,9.84,16.04,3.23,69.88,4.5,100.0216020895112,61121.0,,12.0,"Includes term deposits; cash-flow-based measure, detailed vintage exclusions remain subject to audit",False,Pre-AASB15/1058,2017.0,5.62,17.16,91.9135509451875,12.0,False,Pre-AASB15/1058,2015,2017
tamworth,Tamworth Regional,2017,19338.45,1.0,0.0,mapped_burn_positive,100.0,Sentinel 2 (original mapping scope varies by year),listed_event_onset,no_listed_event_onset_not_physical_zero,2016.0,12.39,19.3598,4.3605,68.7,5.1732000000000005,97.35077129443329,60998.0,3190.6899999999996,12.0,"Includes term deposits; cash-flow-based measure, detailed vintage exclusions remain subject to audit",False,Pre-AASB15/1058,2018.0,7.25,15.01,89.40768850024749,12.0,False,Pre-AASB15/1058,2016,2018
tamworth,Tamworth Regional,2018,7785.280000000002,1.0,1.0,mapped_burn_positive,100.0,Sentinel 2 (original mapping scope varies by year),listed_event_onset,listed_event_onset,2017.0,5.62,17.16,3.86,77.1,4.35,91.9135509451875,61571.0,3198.8199999999997,12.0,"Includes term deposits; cash-flow-based measure, detailed vintage exclusions remain subject to audit",False,Pre-AASB15/1058,2019.0,3.13,16.58,91.7417918753478,12.0,False,AASB15/1058 and lease regime,2017,2019
tamworth,Tamworth Regional,2019,51917.05,1.0,1.0,mapped_burn_positive,10.0,Sentinel 2 (original mapping scope varies by year),listed_event_onset,listed_event_onset,2018.0,7.25,15.01,2.43,69.02,4.53,89.40768850024749,62156.0,3223.0299999999997,12.0,"Includes term deposits; cash-flow-based measure, detailed vintage exclusions remain subject to audit",False,Pre-AASB15/1058,2020.0,1.56,18.44,87.70051635111876,12.0,False,AASB15/1058 and lease regime,2018,2020
tamworth,Tamworth Regional,2020,0.0,0.0,1.0,verified_zero_mapped_burn_within_source_scope,10.0,Sentinel 2 (original mapping scope varies by year),no_listed_event_onset_not_physical_zero,listed_event_onset,2019.0,3.13,16.58,2.76,66.66,3.93,91.7417918753478,62541.0,3222.119999999999,12.0,"Includes term deposits; cash-flow-based measure, detailed vintage exclusions remain subject to audit",False,AASB15/1058 and lease regime,2021.0,0.37,18.7671,87.75596300503001,12.0,False,AASB15/1058 and lease regime,2019,2021
tamworth,Tamworth Regional,2021,0.0,0.0,1.0,verified_zero_mapped_burn_within_source_scope,10.0,Sentinel 2 (original mapping scope varies by year),no_listed_event_onset_not_physical_zero,listed_event_onset,2020.0,1.56,18.44,2.55,64.63,3.52,87.70051635111876,62545.0,3224.74,12.0,"Includes term deposits; cash-flow-based measure, detailed vintage exclusions remain subject to audit",False,AASB15/1058 and lease regime,2022.0,0.99,14.0334,92.05792464053494,12.0,False,AASB15/1058 and lease regime,2020,2022
tamworth,Tamworth Regional,2022,1279.91,0.0,1.0,mapped_burn_positive,10.0,Sentinel 2 (original mapping scope varies by year),no_listed_event_onset_not_physical_zero,listed_event_onset,2021.0,0.37,18.7671,2.4775,59.59,3.2196,87.75596300503001,63652.0,3230.0499999999993,12.0,"Includes term deposits; cash-flow-based measure, detailed vintage exclusions remain subject to audit",False,AASB15/1058 and lease regime,2023.0,-0.9000000000000001,13.4219,91.09918692526676,12.0,False,AASB15/1058 and lease regime,2021,2023
tamworth,Tamworth Regional,2023,877.9100000000001,1.0,0.0,mapped_burn_positive,10.0,Sentinel 2 (original mapping scope varies by year),listed_event_onset,no_listed_event_onset_not_physical_zero,2022.0,0.99,14.0334,2.1167,62.41,3.3294,92.05792464053494,64522.0,3235.12,12.0,"Includes term deposits; cash-flow-based measure, detailed vintage exclusions remain subject to audit",False,AASB15/1058 and lease regime,2024.0,,,91.29705057617127,12.0,False,Six fiscal ratios not collected by OLG,2022,2024
tamworth,Tamworth Regional,2024,,1.0,0.0,unknown_source_not_acquired,,Sentinel 2 (original mapping scope varies by year),listed_event_onset,no_listed_event_onset_not_physical_zero,2023.0,-0.9000000000000001,13.4219,2.0537,70.81,3.3565,91.09918692526676,65908.0,3241.3599999999997,12.0,"Includes term deposits; cash-flow-based measure, detailed vintage exclusions remain subject to audit",False,AASB15/1058 and lease regime,,,,,,,,2023,2025
temora,Temora,2012,0.0,1.0,0.0,verified_zero_mapped_burn_within_source_scope,100.0,Landsat,observed_positive_in_complete_published_list,no_listed_event_in_complete_published_list_not_physical_zero,,,,,,,,,,,,,,2013.0,-9.18,3.1884,100.13489675210128,12.0,False,Early OLG/TCorp definitions; revaluation exclusions described,2011,2013
temora,Temora,2013,0.0,,,verified_zero_mapped_burn_within_source_scope,100.0,Landsat,unknown_incomplete_inventory_no_positive_record,unknown_incomplete_inventory_no_positive_record,2012.0,-0.09,,2.8925,46.239999999999995,,149.56369982547994,5969.0,,12.0,Earlier measure excludes term deposits and uses different expense denominator; not converted,False,Early OLG/TCorp definitions; revaluation exclusions described,2014.0,-3.52,3.82,107.32662192393737,12.0,False,Pre-AASB15/1058,2012,2014
temora,Temora,2014,0.0,,,verified_zero_mapped_burn_within_source_scope,100.0,Landsat,unknown_incomplete_inventory_no_positive_record,unknown_incomplete_inventory_no_positive_record,2013.0,-9.18,3.1884,1.8031,62.31,6.0059,100.13489675210128,5995.0,,12.0,"Includes term deposits; cash-flow-based measure, detailed vintage exclusions remain subject to audit",False,Early OLG/TCorp definitions; revaluation exclusions described,2015.0,1.97,4.37,110.91954022988506,12.0,False,Pre-AASB15/1058,2013,2015
temora,Temora,2015,0.0,,,verified_zero_mapped_burn_within_source_scope,100.0,Landsat,unknown_incomplete_inventory_no_positive_record,unknown_incomplete_inventory_no_positive_record,2014.0,-3.52,3.82,1.6939,53.73,9.7344,107.32662192393737,6050.0,,12.0,"Includes term deposits; cash-flow-based measure, detailed vintage exclusions remain subject to audit",False,Pre-AASB15/1058,2016.0,14.34,6.5952,116.25,12.0,False,Pre-AASB15/1058,2014,2016
temora,Temora,2016,28.779469941182857,,1.0,observed_positive_mapped_burn_within_source_scope,100.0,Landsat 8,unknown_incomplete_inventory_no_positive_record,observed_positive_partial_inventory_count_lower_bound,2015.0,1.97,4.37,1.79,52.74,13.32,110.91954022988506,6071.0,,12.0,"Includes term deposits; cash-flow-based measure, detailed vintage exclusions remain subject to audit",False,Pre-AASB15/1058,2017.0,7.71,5.6,115.07713884992988,12.0,False,Pre-AASB15/1058,2015,2017
temora,Temora,2017,0.0,0.0,0.0,verified_zero_mapped_burn_within_source_scope,100.0,Sentinel 2 (original mapping scope varies by year),no_listed_event_onset_not_physical_zero,no_listed_event_onset_not_physical_zero,2016.0,14.34,6.5952,2.1088,51.92,22.2438,116.25,6236.0,1334.6999999999998,12.0,"Includes term deposits; cash-flow-based measure, detailed vintage exclusions remain subject to audit",False,Pre-AASB15/1058,2018.0,-0.64,6.46,144.4287230279448,12.0,False,Pre-AASB15/1058,2016,2018
temora,Temora,2018,0.0,0.0,0.0,verified_zero_mapped_burn_within_source_scope,100.0,Sentinel 2 (original mapping scope varies by year),no_listed_event_onset_not_physical_zero,no_listed_event_onset_not_physical_zero,2017.0,7.71,5.6,2.17,49.91,18.8,115.07713884992988,6236.0,1331.9299999999998,12.0,"Includes term deposits; cash-flow-based measure, detailed vintage exclusions remain subject to audit",False,Pre-AASB15/1058,2019.0,1.47,8.94,93.94746859535591,12.0,False,AASB15/1058 and lease regime,2017,2019
temora,Temora,2019,0.0,0.0,0.0,verified_zero_mapped_burn_within_source_scope,10.0,Sentinel 2 (original mapping scope varies by year),no_listed_event_onset_not_physical_zero,no_listed_event_onset_not_physical_zero,2018.0,-0.64,6.46,2.49,55.71,9.08,144.4287230279448,6274.0,1332.4599999999998,12.0,"Includes term deposits; cash-flow-based measure, detailed vintage exclusions remain subject to audit",False,Pre-AASB15/1058,2020.0,0.33,9.14,108.9248793935217,12.0,False,AASB15/1058 and lease regime,2018,2020
temora,Temora,2020,0.0,0.0,1.0,verified_zero_mapped_burn_within_source_scope,10.0,Sentinel 2 (original mapping scope varies by year),no_listed_event_onset_not_physical_zero,listed_event_onset,2019.0,1.47,8.94,3.13,56.76,20.59,93.94746859535591,6307.0,1333.38,12.0,"Includes term deposits; cash-flow-based measure, detailed vintage exclusions remain subject to audit",False,AASB15/1058 and lease regime,2021.0,4.38,10.3404,116.4763458401305,12.0,False,AASB15/1058 and lease regime,2019,2021
temora,Temora,2021,0.0,0.0,1.0,verified_zero_mapped_burn_within_source_scope,10.0,Sentinel 2 (original mapping scope varies by year),no_listed_event_onset_not_physical_zero,listed_event_onset,2020.0,0.33,9.14,3.25,53.33,14.8,108.9248793935217,6274.0,1333.38,12.0,"Includes term deposits; cash-flow-based measure, detailed vintage exclusions remain subject to audit",False,AASB15/1058 and lease regime,2022.0,5.04,13.0476,116.31934253008512,12.0,False,AASB15/1058 and lease regime,2020,2022
temora,Temora,2022,0.0,0.0,1.0,verified_zero_mapped_burn_within_source_scope,10.0,Sentinel 2 (original mapping scope varies by year),no_listed_event_onset_not_physical_zero,listed_event_onset,2021.0,4.38,10.3404,4.8986,54.69,17.4805,116.4763458401305,6012.0,1332.32,12.0,"Includes term deposits; cash-flow-based measure, detailed vintage exclusions remain subject to audit",False,AASB15/1058 and lease regime,2023.0,1.26,11.5705,177.8012048192771,12.0,False,AASB15/1058 and lease regime,2021,2023
temora,Temora,2023,134.08,0.0,0.0,mapped_burn_positive,10.0,Sentinel 2 (original mapping scope varies by year),no_listed_event_onset_not_physical_zero,no_listed_event_onset_not_physical_zero,2022.0,5.04,13.0476,4.7746,54.34,17.8528,116.31934253008512,5996.0,1332.32,12.0,"Includes term deposits; cash-flow-based measure, detailed vintage exclusions remain subject to audit",False,AASB15/1058 and lease regime,2024.0,,,114.1818181818182,12.0,False,Six fiscal ratios not collected by OLG,2022,2024
temora,Temora,2024,,0.0,0.0,unknown_source_not_acquired,,Sentinel 2 (original mapping scope varies by year),no_listed_event_onset_not_physical_zero,no_listed_event_onset_not_physical_zero,2023.0,1.26,11.5705,4.7006,59.3,16.8815,177.8012048192771,6023.0,1332.32,12.0,"Includes term deposits; cash-flow-based measure, detailed vintage exclusions remain subject to audit",False,AASB15/1058 and lease regime,,,,,,,,2023,2025
tenterfield,Tenterfield,2012,0.0,1.0,1.0,verified_zero_mapped_burn_within_source_scope,100.0,Landsat,observed_positive_in_complete_published_list,observed_positive_in_complete_published_list,,,,,,,,,,,,,,2013.0,-27.32,9.427,82.67538912700203,12.0,False,Early OLG/TCorp definitions; revaluation exclusions described,2011,2013
tenterfield,Tenterfield,2013,1469.353010181495,,,observed_positive_mapped_burn_within_source_scope,100.0,Landsat,unknown_incomplete_inventory_no_positive_record,unknown_incomplete_inventory_no_positive_record,2012.0,-32.300000000000004,,4.7075,43.56,3.0097,73.92400504231946,6996.0,,12.0,Earlier measure excludes term deposits and uses different expense denominator; not converted,False,Early OLG/TCorp definitions; revaluation exclusions described,2014.0,2.71,12.7324,105.92274678111588,12.0,False,Pre-AASB15/1058,2012,2014
tenterfield,Tenterfield,2014,7464.403912700302,,1.0,observed_positive_mapped_burn_within_source_scope,100.0,Landsat,unknown_incomplete_inventory_no_positive_record,observed_positive_partial_inventory_count_lower_bound,2013.0,-27.32,9.427,3.8403,57.06,2.4195,82.67538912700203,6973.0,,12.0,"Includes term deposits; cash-flow-based measure, detailed vintage exclusions remain subject to audit",False,Early OLG/TCorp definitions; revaluation exclusions described,2015.0,9.75,10.76,108.21769297484822,12.0,False,Pre-AASB15/1058,2013,2015
tenterfield,Tenterfield,2015,269.17104373006714,,,observed_positive_mapped_burn_within_source_scope,100.0,Landsat,unknown_incomplete_inventory_no_positive_record,unknown_incomplete_inventory_no_positive_record,2014.0,2.71,12.7324,3.0614,48.21,7.6399,105.92274678111588,6980.0,,12.0,"Includes term deposits; cash-flow-based measure, detailed vintage exclusions remain subject to audit",False,Pre-AASB15/1058,2016.0,15.71,12.5751,101.2502003526206,12.0,False,Pre-AASB15/1058,2014,2016
tenterfield,Tenterfield,2016,15331.72299610377,1.0,1.0,observed_positive_mapped_burn_within_source_scope,100.0,Landsat 8,observed_positive_partial_inventory_count_lower_bound,observed_positive_partial_inventory_count_lower_bound,2015.0,9.75,10.76,4.67,51.43,8.9,108.21769297484822,6986.0,,12.0,"Includes term deposits; cash-flow-based measure, detailed vintage exclusions remain subject to audit",False,Pre-AASB15/1058,2017.0,12.81,15.08,100.0,12.0,False,Pre-AASB15/1058,2015,2017
tenterfield,Tenterfield,2017,21970.73,1.0,0.0,mapped_burn_positive,100.0,Sentinel 2 (original mapping scope varies by year),listed_event_onset,no_listed_event_onset_not_physical_zero,2016.0,15.71,12.5751,4.4667,45.28,11.7603,101.2502003526206,6667.0,1689.1899999999998,12.0,"Includes term deposits; cash-flow-based measure, detailed vintage exclusions remain subject to audit",False,Pre-AASB15/1058,2018.0,2.96,12.26,100.01278772378517,12.0,False,Pre-AASB15/1058,2016,2018
tenterfield,Tenterfield,2018,64954.91,1.0,0.0,mapped_burn_positive,100.0,Sentinel 2 (original mapping scope varies by year),listed_event_onset,no_listed_event_onset_not_physical_zero,2017.0,12.81,15.08,4.81,52.87,11.83,100.0,6656.0,1689.1899999999998,12.0,"Includes term deposits; cash-flow-based measure, detailed vintage exclusions remain subject to audit",False,Pre-AASB15/1058,2019.0,1.14,8.77,100.01123469273116,12.0,False,AASB15/1058 and lease regime,2017,2019
tenterfield,Tenterfield,2019,174163.18,1.0,1.0,mapped_burn_positive,10.0,Sentinel 2 (original mapping scope varies by year),listed_event_onset,listed_event_onset,2018.0,2.96,12.26,4.24,39.08,7.39,100.01278772378517,6638.0,1689.1899999999998,12.0,"Includes term deposits; cash-flow-based measure, detailed vintage exclusions remain subject to audit",False,Pre-AASB15/1058,2020.0,1.12,7.88,100.0261574679571,12.0,False,AASB15/1058 and lease regime,2018,2020
tenterfield,Tenterfield,2020,2083.06,0.0,1.0,mapped_burn_positive,10.0,Sentinel 2 (original mapping scope varies by year),no_listed_event_onset_not_physical_zero,listed_event_onset,2019.0,1.14,8.77,2.17,39.63,6.49,100.01123469273116,6594.0,1688.4849999999997,12.0,"Includes term deposits; cash-flow-based measure, detailed vintage exclusions remain subject to audit",False,AASB15/1058 and lease regime,2021.0,12.76,22.8656,100.0,12.0,False,AASB15/1058 and lease regime,2019,2021
tenterfield,Tenterfield,2021,0.0,0.0,1.0,verified_zero_mapped_burn_within_source_scope,10.0,Sentinel 2 (original mapping scope varies by year),no_listed_event_onset_not_physical_zero,listed_event_onset,2020.0,1.12,7.88,2.25,31.97,6.98,100.0261574679571,6470.0,1688.49,12.0,"Includes term deposits; cash-flow-based measure, detailed vintage exclusions remain subject to audit",False,AASB15/1058 and lease regime,2022.0,16.55,15.7563,100.0,12.0,False,AASB15/1058 and lease regime,2020,2022
tenterfield,Tenterfield,2022,2693.01,0.0,0.0,mapped_burn_positive,10.0,Sentinel 2 (original mapping scope varies by year),no_listed_event_onset_not_physical_zero,no_listed_event_onset_not_physical_zero,2021.0,12.76,22.8656,1.9508,32.79,9.0782,100.0,6798.0,1688.49,12.0,"Includes term deposits; cash-flow-based measure, detailed vintage exclusions remain subject to audit",False,AASB15/1058 and lease regime,2023.0,30.269999999999996,39.824,100.0,12.0,False,AASB15/1058 and lease regime,2021,2023
tenterfield,Tenterfield,2023,44346.0,1.0,0.0,mapped_burn_positive,10.0,Sentinel 2 (original mapping scope varies by year),listed_event_onset,no_listed_event_onset_not_physical_zero,2022.0,16.55,15.7563,2.7339,24.08,8.3381,100.0,6879.0,1688.4899999999998,12.0,"Includes term deposits; cash-flow-based measure, detailed vintage exclusions remain subject to audit",False,AASB15/1058 and lease regime,2024.0,,,57.22116803710732,12.0,False,Six fiscal ratios not collected by OLG,2022,2024
tenterfield,Tenterfield,2024,,1.0,1.0,unknown_source_not_acquired,,Sentinel 2 (original mapping scope varies by year),listed_event_onset,listed_event_onset,2023.0,30.269999999999996,39.824,1.9452,39.23,10.4438,100.0,7081.0,1688.4899999999998,12.0,"Includes term deposits; cash-flow-based measure, detailed vintage exclusions remain subject to audit",False,AASB15/1058 and lease regime,,,,,,,,2023,2025
tweed,Tweed,2012,0.0,0.0,1.0,verified_zero_mapped_burn_within_source_scope,100.0,Landsat,no_listed_event_in_complete_published_list_not_physical_zero,observed_positive_in_complete_published_list,,,,,,,,,,,,,,2013.0,-10.92,12.4937,81.64574859156461,12.0,False,Early OLG/TCorp definitions; revaluation exclusions described,2011,2013
tweed,Tweed,2013,0.0,,,verified_zero_mapped_burn_within_source_scope,100.0,Landsat,unknown_incomplete_inventory_no_positive_record,unknown_incomplete_inventory_no_positive_record,2012.0,-8.790000000000001,,3.3827,67.86999999999999,1.7738,67.13900465800441,88866.0,,12.0,Earlier measure excludes term deposits and uses different expense denominator; not converted,False,Early OLG/TCorp definitions; revaluation exclusions described,2014.0,1.63,16.116500000000002,92.40719182511964,12.0,False,Pre-AASB15/1058,2012,2014
tweed,Tweed,2014,227.0380554807196,,,observed_positive_mapped_burn_within_source_scope,100.0,Landsat,unknown_incomplete_inventory_no_positive_record,unknown_incomplete_inventory_no_positive_record,2013.0,-10.92,12.4937,3.1814,69.82000000000001,1.87,81.64574859156461,90114.0,,12.0,"Includes term deposits; cash-flow-based measure, detailed vintage exclusions remain subject to audit",False,Early OLG/TCorp definitions; revaluation exclusions described,2015.0,9.26,17.59,111.49958494067091,12.0,False,Pre-AASB15/1058,2013,2015
tweed,Tweed,2015,0.0,,1.0,verified_zero_mapped_burn_within_source_scope,100.0,Landsat,unknown_incomplete_inventory_no_positive_record,observed_positive_partial_inventory_count_lower_bound,2014.0,1.63,16.116500000000002,3.5893,69.41,2.9402,92.40719182511964,91210.0,,12.0,"Includes term deposits; cash-flow-based measure, detailed vintage exclusions remain subject to audit",False,Pre-AASB15/1058,2016.0,11.26,20.6595,92.9098732778019,12.0,False,Pre-AASB15/1058,2014,2016
tweed,Tweed,2016,0.0,,1.0,verified_zero_mapped_burn_within_source_scope,100.0,Landsat 8,unknown_incomplete_inventory_no_positive_record,observed_positive_partial_inventory_count_lower_bound,2015.0,9.26,17.59,3.75,78.03,3.26,111.49958494067091,92460.0,,12.0,"Includes term deposits; cash-flow-based measure, detailed vintage exclusions remain subject to audit",False,Pre-AASB15/1058,2017.0,11.26,21.55,99.28682774746687,12.0,False,Pre-AASB15/1058,2015,2017
tweed,Tweed,2017,157.18,0.0,0.0,mapped_burn_positive,100.0,Sentinel 2 (original mapping scope varies by year),no_listed_event_onset_not_physical_zero,no_listed_event_onset_not_physical_zero,2016.0,11.26,20.6595,3.5221,74.4,3.6649,92.9098732778019,93458.0,1253.0,12.0,"Includes term deposits; cash-flow-based measure, detailed vintage exclusions remain subject to audit",False,Pre-AASB15/1058,2018.0,11.2,23.43,91.37046400951814,12.0,False,Pre-AASB15/1058,2016,2018
tweed,Tweed,2018,335.23,0.0,0.0,mapped_burn_positive,100.0,Sentinel 2 (original mapping scope varies by year),no_listed_event_onset_not_physical_zero,no_listed_event_onset_not_physical_zero,2017.0,11.26,21.55,1.83,71.17,3.81,99.28682774746687,94857.0,1254.0,12.0,"Includes term deposits; cash-flow-based measure, detailed vintage exclusions remain subject to audit",False,Pre-AASB15/1058,2019.0,6.89,25.05,110.81059195076524,12.0,False,AASB15/1058 and lease regime,2017,2019
tweed,Tweed,2019,1612.14,1.0,1.0,mapped_burn_positive,10.0,Sentinel 2 (original mapping scope varies by year),listed_event_onset,listed_event_onset,2018.0,11.2,23.43,3.42,77.4,3.86,91.37046400951814,96108.0,1254.0,12.0,"Includes term deposits; cash-flow-based measure, detailed vintage exclusions remain subject to audit",False,Pre-AASB15/1058,2020.0,6.98,23.08,98.8988643339472,12.0,False,AASB15/1058 and lease regime,2018,2020
tweed,Tweed,2020,0.0,0.0,1.0,verified_zero_mapped_burn_within_source_scope,10.0,Sentinel 2 (original mapping scope varies by year),no_listed_event_onset_not_physical_zero,listed_event_onset,2019.0,6.89,25.05,1.92,79.2,3.48,110.81059195076524,97001.0,1257.0,12.0,"Includes term deposits; cash-flow-based measure, detailed vintage exclusions remain subject to audit",False,AASB15/1058 and lease regime,2021.0,5.3,25.1087,91.24900280947593,12.0,False,AASB15/1058 and lease regime,2019,2021
tweed,Tweed,2021,0.0,0.0,1.0,verified_zero_mapped_burn_within_source_scope,10.0,Sentinel 2 (original mapping scope varies by year),no_listed_event_onset_not_physical_zero,listed_event_onset,2020.0,6.98,23.08,0.8,74.02,1.9,98.8988643339472,98382.0,1252.9,12.0,"Includes term deposits; cash-flow-based measure, detailed vintage exclusions remain subject to audit",False,AASB15/1058 and lease regime,2022.0,9.9,22.7412,199.72243453075345,12.0,False,AASB15/1058 and lease regime,2020,2022
tweed,Tweed,2022,0.0,0.0,0.0,verified_zero_mapped_burn_within_source_scope,10.0,Sentinel 2 (original mapping scope varies by year),no_listed_event_onset_not_physical_zero,no_listed_event_onset_not_physical_zero,2021.0,5.3,25.1087,1.0198,75.87,4.7722,91.24900280947593,97151.0,1246.3000000000002,12.0,"Includes term deposits; cash-flow-based measure, detailed vintage exclusions remain subject to audit",False,AASB15/1058 and lease regime,2023.0,9.47,30.9369,106.575348058629,12.0,False,AASB15/1058 and lease regime,2021,2023
tweed,Tweed,2023,62.5,0.0,1.0,mapped_burn_positive,10.0,Sentinel 2 (original mapping scope varies by year),no_listed_event_onset_not_physical_zero,listed_event_onset,2022.0,9.9,22.7412,8.8706,63.76,5.7252,199.72243453075345,97969.0,1247.2,12.0,"Includes term deposits; cash-flow-based measure, detailed vintage exclusions remain subject to audit",False,AASB15/1058 and lease regime,2024.0,,,75.3393421816852,12.0,False,Six fiscal ratios not collected by OLG,2022,2024
tweed,Tweed,2024,,0.0,1.0,unknown_source_not_acquired,,Sentinel 2 (original mapping scope varies by year),no_listed_event_onset_not_physical_zero,listed_event_onset,2023.0,9.47,30.9369,5.715,61.41,5.9334,106.575348058629,99793.0,1247.35,12.0,"Includes term deposits; cash-flow-based measure, detailed vintage exclusions remain subject to audit",False,AASB15/1058 and lease regime,,,,,,,,2023,2025
upperhunter,Upper Hunter,2012,1669.7374542071589,1.0,1.0,observed_positive_mapped_burn_within_source_scope,100.0,Landsat,observed_positive_in_complete_published_list,observed_positive_in_complete_published_list,,,,,,,,,,,,,,2013.0,-10.94,11.1032,120.02048880433192,12.0,False,Early OLG/TCorp definitions; revaluation exclusions described,2011,2013
upperhunter,Upper Hunter,2013,122.04943101501446,,,observed_positive_mapped_burn_within_source_scope,100.0,Landsat,unknown_incomplete_inventory_no_positive_record,unknown_incomplete_inventory_no_positive_record,2012.0,-7.06,,5.3349,51.970000000000006,6.6927,107.91986015866613,14509.0,,12.0,Earlier measure excludes term deposits and uses different expense denominator; not converted,False,Early OLG/TCorp definitions; revaluation exclusions described,2014.0,1.44,8.6099,100.35519472282128,12.0,False,Pre-AASB15/1058,2012,2014
upperhunter,Upper Hunter,2014,0.0,,,verified_zero_mapped_burn_within_source_scope,100.0,Landsat,unknown_incomplete_inventory_no_positive_record,unknown_incomplete_inventory_no_positive_record,2013.0,-10.94,11.1032,4.0209,77.53,3.9495,120.02048880433192,14650.0,,12.0,"Includes term deposits; cash-flow-based measure, detailed vintage exclusions remain subject to audit",False,Early OLG/TCorp definitions; revaluation exclusions described,2015.0,7.66,10.2,100.7580543272268,12.0,False,Pre-AASB15/1058,2013,2015
upperhunter,Upper Hunter,2015,190.7135058061644,,,observed_positive_mapped_burn_within_source_scope,100.0,Landsat,unknown_incomplete_inventory_no_positive_record,unknown_incomplete_inventory_no_positive_record,2014.0,1.44,8.6099,4.3052,66.13,4.9861,100.35519472282128,14658.0,,12.0,"Includes term deposits; cash-flow-based measure, detailed vintage exclusions remain subject to audit",False,Pre-AASB15/1058,2016.0,9.86,10.1461,97.05731174505269,12.0,False,Pre-AASB15/1058,2014,2016
upperhunter,Upper Hunter,2016,8082.804068824771,1.0,,observed_positive_mapped_burn_within_source_scope,100.0,Landsat 8,observed_positive_partial_inventory_count_lower_bound,unknown_incomplete_inventory_no_positive_record,2015.0,7.66,10.2,3.56,68.53,6.06,100.7580543272268,14537.0,,12.0,"Includes term deposits; cash-flow-based measure, detailed vintage exclusions remain subject to audit",False,Pre-AASB15/1058,2017.0,16.7,10.34,96.99152050180044,12.0,False,Pre-AASB15/1058,2015,2017
upperhunter,Upper Hunter,2017,4524.83,1.0,0.0,mapped_burn_positive,100.0,Sentinel 2 (original mapping scope varies by year),listed_event_onset,no_listed_event_onset_not_physical_zero,2016.0,9.86,10.1461,2.9753,66.61,7.1722,97.05731174505269,14409.0,1769.4999999999998,12.0,"Includes term deposits; cash-flow-based measure, detailed vintage exclusions remain subject to audit",False,Pre-AASB15/1058,2018.0,-4.04,6.91,102.3563146739808,12.0,False,Pre-AASB15/1058,2016,2018
upperhunter,Upper Hunter,2018,4.7,1.0,1.0,mapped_burn_positive,100.0,Sentinel 2 (original mapping scope varies by year),listed_event_onset,listed_event_onset,2017.0,16.7,10.34,2.69,68.8,9.04,96.99152050180044,14265.0,1769.4499999999998,12.0,"Includes term deposits; cash-flow-based measure, detailed vintage exclusions remain subject to audit",False,Pre-AASB15/1058,2019.0,-9.5,11.44,109.08855515277058,12.0,False,AASB15/1058 and lease regime,2017,2019
upperhunter,Upper Hunter,2019,20554.1,1.0,1.0,mapped_burn_positive,10.0,Sentinel 2 (original mapping scope varies by year),listed_event_onset,listed_event_onset,2018.0,-4.04,6.91,0.86,61.84,4.96,102.3563146739808,14220.0,1769.4499999999998,12.0,"Includes term deposits; cash-flow-based measure, detailed vintage exclusions remain subject to audit",False,Pre-AASB15/1058,2020.0,-11.54,9.93,117.95343137254902,12.0,False,AASB15/1058 and lease regime,2018,2020
upperhunter,Upper Hunter,2020,0.0,0.0,0.0,verified_zero_mapped_burn_within_source_scope,10.0,Sentinel 2 (original mapping scope varies by year),no_listed_event_onset_not_physical_zero,no_listed_event_onset_not_physical_zero,2019.0,-9.5,11.44,2.85,51.2,3.68,109.08855515277058,14180.0,1769.4499999999998,12.0,"Includes term deposits; cash-flow-based measure, detailed vintage exclusions remain subject to audit",False,AASB15/1058 and lease regime,2021.0,-20.21,9.7586,113.31696839521324,12.0,False,AASB15/1058 and lease regime,2019,2021
upperhunter,Upper Hunter,2021,0.0,0.0,1.0,verified_zero_mapped_burn_within_source_scope,10.0,Sentinel 2 (original mapping scope varies by year),no_listed_event_onset_not_physical_zero,listed_event_onset,2020.0,-11.54,9.93,2.0,51.29,2.49,117.95343137254902,14167.0,1769.4499999999998,12.0,"Includes term deposits; cash-flow-based measure, detailed vintage exclusions remain subject to audit",False,AASB15/1058 and lease regime,2022.0,-18.28,12.351,139.38228306369498,12.0,False,AASB15/1058 and lease regime,2020,2022
upperhunter,Upper Hunter,2022,876.96,1.0,1.0,mapped_burn_positive,10.0,Sentinel 2 (original mapping scope varies by year),listed_event_onset,listed_event_onset,2021.0,-20.21,9.7586,1.4548,52.77,2.6834,113.31696839521324,14254.0,1769.4499999999998,12.0,"Includes term deposits; cash-flow-based measure, detailed vintage exclusions remain subject to audit",False,AASB15/1058 and lease regime,2023.0,-24.75,9.9553,127.3488543296218,12.0,False,AASB15/1058 and lease regime,2021,2023
upperhunter,Upper Hunter,2023,3418.24,1.0,0.0,mapped_burn_positive,10.0,Sentinel 2 (original mapping scope varies by year),listed_event_onset,no_listed_event_onset_not_physical_zero,2022.0,-18.28,12.351,1.2557,55.63,1.9299,139.38228306369498,14293.0,1769.4499999999998,12.0,"Includes term deposits; cash-flow-based measure, detailed vintage exclusions remain subject to audit",False,AASB15/1058 and lease regime,2024.0,,,185.41439145734745,12.0,False,Six fiscal ratios not collected by OLG,2022,2024
upperhunter,Upper Hunter,2024,,0.0,1.0,unknown_source_not_acquired,,Sentinel 2 (original mapping scope varies by year),no_listed_event_onset_not_physical_zero,listed_event_onset,2023.0,-24.75,9.9553,0.8025,44.3,2.3175,127.3488543296218,14408.0,1769.45,12.0,"Includes term deposits; cash-flow-based measure, detailed vintage exclusions remain subject to audit",False,AASB15/1058 and lease regime,,,,,,,,2023,2025
upperlachlan,Upper Lachlan,2012,0.0,1.0,0.0,verified_zero_mapped_burn_within_source_scope,100.0,Landsat,observed_positive_in_complete_published_list,no_listed_event_in_complete_published_list_not_physical_zero,,,,,,,,,,,,,,2013.0,6.2,10.8943,89.96257230350459,12.0,False,Early OLG/TCorp definitions; revaluation exclusions described,2011,2013
upperlachlan,Upper Lachlan,2013,261.4318570159728,,,observed_positive_mapped_burn_within_source_scope,100.0,Landsat,unknown_incomplete_inventory_no_positive_record,unknown_incomplete_inventory_no_positive_record,2012.0,8.5,,4.484,48.46,16.2157,104.46330347320446,7547.0,,12.0,Earlier measure excludes term deposits and uses different expense denominator; not converted,False,Early OLG/TCorp definitions; revaluation exclusions described,2014.0,2.92,13.6044,106.14754098360656,12.0,False,Pre-AASB15/1058,2012,2014
upperlachlan,Upper Lachlan,2014,0.0,,,verified_zero_mapped_burn_within_source_scope,100.0,Landsat,unknown_incomplete_inventory_no_positive_record,unknown_incomplete_inventory_no_positive_record,2013.0,6.2,10.8943,5.6167,57.03,15.0326,89.96257230350459,7586.0,,12.0,"Includes term deposits; cash-flow-based measure, detailed vintage exclusions remain subject to audit",False,Early OLG/TCorp definitions; revaluation exclusions described,2015.0,13.01,15.94,106.02828657546952,12.0,False,Pre-AASB15/1058,2013,2015
upperlachlan,Upper Lachlan,2015,0.0,,,verified_zero_mapped_burn_within_source_scope,100.0,Landsat,unknown_incomplete_inventory_no_positive_record,unknown_incomplete_inventory_no_positive_record,2014.0,2.92,13.6044,5.6622,65.81,14.1489,106.14754098360656,7761.0,,12.0,"Includes term deposits; cash-flow-based measure, detailed vintage exclusions remain subject to audit",False,Pre-AASB15/1058,2016.0,16.47,19.2902,118.40034035311636,12.0,False,Pre-AASB15/1058,2014,2016
upperlachlan,Upper Lachlan,2016,0.0,,1.0,verified_zero_mapped_burn_within_source_scope,100.0,Landsat 8,unknown_incomplete_inventory_no_positive_record,observed_positive_partial_inventory_count_lower_bound,2015.0,13.01,15.94,6.4,65.28,22.37,106.02828657546952,7876.0,,12.0,"Includes term deposits; cash-flow-based measure, detailed vintage exclusions remain subject to audit",False,Pre-AASB15/1058,2017.0,5.29,18.48,111.46988906497624,12.0,False,Pre-AASB15/1058,2015,2017
upperlachlan,Upper Lachlan,2017,2746.9,1.0,0.0,mapped_burn_positive,100.0,Sentinel 2 (original mapping scope varies by year),listed_event_onset,no_listed_event_onset_not_physical_zero,2016.0,16.47,19.2902,5.1418,52.13,25.5184,118.40034035311636,7841.0,1985.403,12.0,"Includes term deposits; cash-flow-based measure, detailed vintage exclusions remain subject to audit",False,Pre-AASB15/1058,2018.0,1.51,15.32,105.2115987460815,12.0,False,Pre-AASB15/1058,2016,2018
upperlachlan,Upper Lachlan,2018,0.0,0.0,1.0,verified_zero_mapped_burn_within_source_scope,100.0,Sentinel 2 (original mapping scope varies by year),no_listed_event_onset_not_physical_zero,listed_event_onset,2017.0,5.29,18.48,2.97,56.37,19.85,111.46988906497624,7909.0,1985.4,12.0,"Includes term deposits; cash-flow-based measure, detailed vintage exclusions remain subject to audit",False,Pre-AASB15/1058,2019.0,1.57,19.0,144.2556084296397,12.0,False,AASB15/1058 and lease regime,2017,2019
upperlachlan,Upper Lachlan,2019,24440.12,1.0,1.0,mapped_burn_positive,10.0,Sentinel 2 (original mapping scope varies by year),listed_event_onset,listed_event_onset,2018.0,1.51,15.32,5.13,63.34,15.98,105.2115987460815,7961.0,1985.4,12.0,"Includes term deposits; cash-flow-based measure, detailed vintage exclusions remain subject to audit",False,Pre-AASB15/1058,2020.0,-8.64,13.48,120.8587544606884,12.0,False,AASB15/1058 and lease regime,2018,2020
upperlachlan,Upper Lachlan,2020,0.0,0.0,1.0,verified_zero_mapped_burn_within_source_scope,10.0,Sentinel 2 (original mapping scope varies by year),no_listed_event_onset_not_physical_zero,listed_event_onset,2019.0,1.57,19.0,4.56,52.83,13.51,144.2556084296397,8059.0,1985.4,12.0,"Includes term deposits; cash-flow-based measure, detailed vintage exclusions remain subject to audit",False,AASB15/1058 and lease regime,2021.0,-4.58,13.2723,161.65519179429535,12.0,False,AASB15/1058 and lease regime,2019,2021
upperlachlan,Upper Lachlan,2021,0.0,0.0,1.0,verified_zero_mapped_burn_within_source_scope,10.0,Sentinel 2 (original mapping scope varies by year),no_listed_event_onset_not_physical_zero,listed_event_onset,2020.0,-8.64,13.48,2.3,52.79,5.75,120.8587544606884,8274.0,1901.816,12.0,"Includes term deposits; cash-flow-based measure, detailed vintage exclusions remain subject to audit",False,AASB15/1058 and lease regime,2022.0,3.82,14.7648,137.9776728209532,12.0,False,AASB15/1058 and lease regime,2020,2022
upperlachlan,Upper Lachlan,2022,5854.32,1.0,1.0,mapped_burn_positive,10.0,Sentinel 2 (original mapping scope varies by year),listed_event_onset,listed_event_onset,2021.0,-4.58,13.2723,2.8764,44.0,10.1443,161.65519179429535,8491.0,1901.8200000000004,12.0,"Includes term deposits; cash-flow-based measure, detailed vintage exclusions remain subject to audit",False,AASB15/1058 and lease regime,2023.0,-1.58,10.7237,110.04540821054584,12.0,False,AASB15/1058 and lease regime,2021,2023
upperlachlan,Upper Lachlan,2023,30.48,0.0,1.0,mapped_burn_positive,10.0,Sentinel 2 (original mapping scope varies by year),no_listed_event_onset_not_physical_zero,listed_event_onset,2022.0,3.82,14.7648,2.0662,44.15,12.2633,137.9776728209532,8551.0,2011.598,12.0,"Includes term deposits; cash-flow-based measure, detailed vintage exclusions remain subject to audit",False,AASB15/1058 and lease regime,2024.0,,,122.7808256138142,12.0,False,Six fiscal ratios not collected by OLG,2022,2024
upperlachlan,Upper Lachlan,2024,,0.0,0.0,unknown_source_not_acquired,,Sentinel 2 (original mapping scope varies by year),no_listed_event_onset_not_physical_zero,no_listed_event_onset_not_physical_zero,2023.0,-1.58,10.7237,2.4926,43.51,10.457,110.04540821054584,8875.0,2011.6,12.0,"Includes term deposits; cash-flow-based measure, detailed vintage exclusions remain subject to audit",False,AASB15/1058 and lease regime,,,,,,,,2023,2025
uralla,Uralla,2012,0.0,0.0,0.0,verified_zero_mapped_burn_within_source_scope,100.0,Landsat,no_listed_event_in_complete_published_list_not_physical_zero,no_listed_event_in_complete_published_list_not_physical_zero,,,,,,,,,,,,,,2013.0,-6.2700000000000005,5.5149,100.07996801279488,12.0,False,Early OLG/TCorp definitions; revaluation exclusions described,2011,2013
uralla,Uralla,2013,0.0,,,verified_zero_mapped_burn_within_source_scope,100.0,Landsat,unknown_incomplete_inventory_no_positive_record,unknown_incomplete_inventory_no_positive_record,2012.0,-1.46,,2.2994,58.23,12.4071,117.48476164161956,6281.0,,12.0,Earlier measure excludes term deposits and uses different expense denominator; not converted,False,Early OLG/TCorp definitions; revaluation exclusions described,2014.0,-1.94,7.7876,101.74075225365247,12.0,False,Pre-AASB15/1058,2012,2014
uralla,Uralla,2014,0.0,,,verified_zero_mapped_burn_within_source_scope,100.0,Landsat,unknown_incomplete_inventory_no_positive_record,unknown_incomplete_inventory_no_positive_record,2013.0,-6.2700000000000005,5.5149,1.1887,61.94,9.5088,100.07996801279488,6370.0,,12.0,"Includes term deposits; cash-flow-based measure, detailed vintage exclusions remain subject to audit",False,Early OLG/TCorp definitions; revaluation exclusions described,2015.0,-1.45,6.94,132.2626091856861,12.0,False,Pre-AASB15/1058,2013,2015
uralla,Uralla,2015,0.0,,,verified_zero_mapped_burn_within_source_scope,100.0,Landsat,unknown_incomplete_inventory_no_positive_record,unknown_incomplete_inventory_no_positive_record,2014.0,-1.94,7.7876,2.083,53.08,14.2094,101.74075225365247,6408.0,,12.0,"Includes term deposits; cash-flow-based measure, detailed vintage exclusions remain subject to audit",False,Pre-AASB15/1058,2016.0,11.57,10.5394,96.1871281773932,12.0,False,Pre-AASB15/1058,2014,2016
uralla,Uralla,2016,0.0,,,verified_zero_mapped_burn_within_source_scope,100.0,Landsat 8,unknown_incomplete_inventory_no_positive_record,unknown_incomplete_inventory_no_positive_record,2015.0,-1.45,6.94,1.48,55.48,10.28,132.2626091856861,6411.0,,12.0,"Includes term deposits; cash-flow-based measure, detailed vintage exclusions remain subject to audit",False,Pre-AASB15/1058,2017.0,2.16,10.26,97.99039403491756,12.0,False,Pre-AASB15/1058,2015,2017
uralla,Uralla,2017,1925.66,1.0,0.0,mapped_burn_positive,100.0,Sentinel 2 (original mapping scope varies by year),listed_event_onset,no_listed_event_onset_not_physical_zero,2016.0,11.57,10.5394,2.0737,57.46,16.7442,96.1871281773932,6159.0,935.35,12.0,"Includes term deposits; cash-flow-based measure, detailed vintage exclusions remain subject to audit",False,Pre-AASB15/1058,2018.0,-0.87,11.5,90.43358568479007,12.0,False,Pre-AASB15/1058,2016,2018
uralla,Uralla,2018,0.0,0.0,1.0,verified_zero_mapped_burn_within_source_scope,100.0,Sentinel 2 (original mapping scope varies by year),no_listed_event_onset_not_physical_zero,listed_event_onset,2017.0,2.16,10.26,2.25,69.45,13.18,97.99039403491756,6103.0,935.35,12.0,"Includes term deposits; cash-flow-based measure, detailed vintage exclusions remain subject to audit",False,Pre-AASB15/1058,2019.0,-2.4,9.99,100.27965509205312,12.0,False,AASB15/1058 and lease regime,2017,2019
uralla,Uralla,2019,8527.85,1.0,0.0,mapped_burn_positive,10.0,Sentinel 2 (original mapping scope varies by year),listed_event_onset,no_listed_event_onset_not_physical_zero,2018.0,-0.87,11.5,2.94,57.81,11.43,90.43358568479007,6062.0,935.35,12.0,"Includes term deposits; cash-flow-based measure, detailed vintage exclusions remain subject to audit",False,Pre-AASB15/1058,2020.0,-8.92,2.24,95.10185397116044,12.0,False,AASB15/1058 and lease regime,2018,2020
uralla,Uralla,2020,0.0,0.0,1.0,verified_zero_mapped_burn_within_source_scope,10.0,Sentinel 2 (original mapping scope varies by year),no_listed_event_onset_not_physical_zero,listed_event_onset,2019.0,-2.4,9.99,2.36,53.31,10.92,100.27965509205312,6012.0,923.008,12.0,"Includes term deposits; cash-flow-based measure, detailed vintage exclusions remain subject to audit",False,AASB15/1058 and lease regime,2021.0,-3.0,11.8321,91.25431530494822,12.0,False,AASB15/1058 and lease regime,2019,2021
uralla,Uralla,2021,18.94,0.0,0.0,mapped_burn_positive,10.0,Sentinel 2 (original mapping scope varies by year),no_listed_event_onset_not_physical_zero,no_listed_event_onset_not_physical_zero,2020.0,-8.92,2.24,2.22,45.17,11.26,95.10185397116044,5944.0,923.01,12.0,"Includes term deposits; cash-flow-based measure, detailed vintage exclusions remain subject to audit",False,AASB15/1058 and lease regime,2022.0,-1.04,14.3523,93.0826705230176,12.0,False,AASB15/1058 and lease regime,2020,2022
uralla,Uralla,2022,464.8,0.0,1.0,mapped_burn_positive,10.0,Sentinel 2 (original mapping scope varies by year),no_listed_event_onset_not_physical_zero,listed_event_onset,2021.0,-3.0,11.8321,8.9436,48.9,12.9584,91.25431530494822,5993.0,923.01,12.0,"Includes term deposits; cash-flow-based measure, detailed vintage exclusions remain subject to audit",False,AASB15/1058 and lease regime,2023.0,8.96,14.7579,105.12227999229732,12.0,False,AASB15/1058 and lease regime,2021,2023
uralla,Uralla,2023,320.33,0.0,0.0,mapped_burn_positive,10.0,Sentinel 2 (original mapping scope varies by year),no_listed_event_onset_not_physical_zero,no_listed_event_onset_not_physical_zero,2022.0,-1.04,14.3523,3.5729,45.69,12.5586,93.0826705230176,5985.0,923.01,12.0,"Includes term deposits; cash-flow-based measure, detailed vintage exclusions remain subject to audit",False,AASB15/1058 and lease regime,2024.0,,,150.49624463519314,12.0,False,Six fiscal ratios not collected by OLG,2022,2024
uralla,Uralla,2024,,1.0,0.0,unknown_source_not_acquired,,Sentinel 2 (original mapping scope varies by year),listed_event_onset,no_listed_event_onset_not_physical_zero,2023.0,8.96,14.7579,2.419,46.75,19.4825,105.12227999229732,6096.0,923.01,12.0,"Includes term deposits; cash-flow-based measure, detailed vintage exclusions remain subject to audit",False,AASB15/1058 and lease regime,,,,,,,,2023,2025
waggawagga,Wagga Wagga,2012,0.0,1.0,0.0,verified_zero_mapped_burn_within_source_scope,100.0,Landsat,observed_positive_in_complete_published_list,no_listed_event_in_complete_published_list_not_physical_zero,,,,,,,,,,,,,,2013.0,-11.74,6.8381,58.55818022747157,12.0,False,Early OLG/TCorp definitions; revaluation exclusions described,2011,2013
waggawagga,Wagga Wagga,2013,0.0,1.0,,verified_zero_mapped_burn_within_source_scope,100.0,Landsat,observed_positive_partial_inventory_count_lower_bound,unknown_incomplete_inventory_no_positive_record,2012.0,-9.25,,2.2899,61.22,2.5262,69.51049443273753,61746.0,,12.0,Earlier measure excludes term deposits and uses different expense denominator; not converted,False,Early OLG/TCorp definitions; revaluation exclusions described,2014.0,-2.41,7.3824,116.09880749574106,12.0,False,Pre-AASB15/1058,2012,2014
waggawagga,Wagga Wagga,2014,0.0,,,verified_zero_mapped_burn_within_source_scope,100.0,Landsat,unknown_incomplete_inventory_no_positive_record,unknown_incomplete_inventory_no_positive_record,2013.0,-11.74,6.8381,2.4364,67.96,2.3972,58.55818022747157,62149.0,,12.0,"Includes term deposits; cash-flow-based measure, detailed vintage exclusions remain subject to audit",False,Early OLG/TCorp definitions; revaluation exclusions described,2015.0,-13.9,6.16,147.06591898542496,12.0,False,Pre-AASB15/1058,2013,2015
waggawagga,Wagga Wagga,2015,0.0,,,verified_zero_mapped_burn_within_source_scope,100.0,Landsat,unknown_incomplete_inventory_no_positive_record,unknown_incomplete_inventory_no_positive_record,2014.0,-2.41,7.3824,2.6828,66.36,3.7532,116.09880749574106,62799.0,,12.0,"Includes term deposits; cash-flow-based measure, detailed vintage exclusions remain subject to audit",False,Pre-AASB15/1058,2016.0,-6.38,7.2211,55.797697368421055,12.0,False,Pre-AASB15/1058,2014,2016
waggawagga,Wagga Wagga,2016,252.0002336724824,,1.0,observed_positive_mapped_burn_within_source_scope,100.0,Landsat 8,unknown_incomplete_inventory_no_positive_record,observed_positive_partial_inventory_count_lower_bound,2015.0,-13.9,6.16,3.39,69.27,4.03,147.06591898542496,63428.0,,12.0,"Includes term deposits; cash-flow-based measure, detailed vintage exclusions remain subject to audit",False,Pre-AASB15/1058,2017.0,-8.11,8.89,63.112626792426624,12.0,False,Pre-AASB15/1058,2015,2017
waggawagga,Wagga Wagga,2017,0.0,0.0,0.0,verified_zero_mapped_burn_within_source_scope,100.0,Sentinel 2 (original mapping scope varies by year),no_listed_event_onset_not_physical_zero,no_listed_event_onset_not_physical_zero,2016.0,-6.38,7.2211,3.0782,59.18,5.37,55.797697368421055,64085.0,2298.48,12.0,"Includes term deposits; cash-flow-based measure, detailed vintage exclusions remain subject to audit",False,Pre-AASB15/1058,2018.0,-5.59,8.79,62.877230490913576,12.0,False,Pre-AASB15/1058,2016,2018
waggawagga,Wagga Wagga,2018,0.0,0.0,0.0,verified_zero_mapped_burn_within_source_scope,100.0,Sentinel 2 (original mapping scope varies by year),no_listed_event_onset_not_physical_zero,no_listed_event_onset_not_physical_zero,2017.0,-8.11,8.89,2.99,65.01,4.79,63.112626792426624,64265.0,2305.71,12.0,"Includes term deposits; cash-flow-based measure, detailed vintage exclusions remain subject to audit",False,Pre-AASB15/1058,2019.0,-4.98,11.76,67.74803667612352,12.0,False,AASB15/1058 and lease regime,2017,2019
waggawagga,Wagga Wagga,2019,5838.55,1.0,0.0,mapped_burn_positive,10.0,Sentinel 2 (original mapping scope varies by year),listed_event_onset,no_listed_event_onset_not_physical_zero,2018.0,-5.59,8.79,2.88,65.57,1.54,62.877230490913576,64820.0,2312.72,12.0,"Includes term deposits; cash-flow-based measure, detailed vintage exclusions remain subject to audit",False,Pre-AASB15/1058,2020.0,-6.72,12.78,62.87570412400806,12.0,False,AASB15/1058 and lease regime,2018,2020
waggawagga,Wagga Wagga,2020,184.59,0.0,0.0,mapped_burn_positive,10.0,Sentinel 2 (original mapping scope varies by year),no_listed_event_onset_not_physical_zero,no_listed_event_onset_not_physical_zero,2019.0,-4.98,11.76,2.43,66.78,4.56,67.74803667612352,65258.0,2301.7399999999993,12.0,"Includes term deposits; cash-flow-based measure, detailed vintage exclusions remain subject to audit",False,AASB15/1058 and lease regime,2021.0,-4.67,12.8419,87.21501615830714,12.0,False,AASB15/1058 and lease regime,2019,2021
waggawagga,Wagga Wagga,2021,0.0,0.0,0.0,verified_zero_mapped_burn_within_source_scope,10.0,Sentinel 2 (original mapping scope varies by year),no_listed_event_onset_not_physical_zero,no_listed_event_onset_not_physical_zero,2020.0,-6.72,12.78,2.54,61.04,4.27,62.87570412400806,65770.0,2307.2799999999997,12.0,"Includes term deposits; cash-flow-based measure, detailed vintage exclusions remain subject to audit",False,AASB15/1058 and lease regime,2022.0,1.43,15.92,96.72406923723936,12.0,False,AASB15/1058 and lease regime,2020,2022
waggawagga,Wagga Wagga,2022,39.43,0.0,1.0,mapped_burn_positive,10.0,Sentinel 2 (original mapping scope varies by year),no_listed_event_onset_not_physical_zero,listed_event_onset,2021.0,-4.67,12.8419,2.1237,54.69,3.5109,87.21501615830714,67860.0,2308.71,12.0,"Includes term deposits; cash-flow-based measure, detailed vintage exclusions remain subject to audit",False,AASB15/1058 and lease regime,2023.0,-4.63,21.6346,110.01815042719907,12.0,False,AASB15/1058 and lease regime,2021,2023
waggawagga,Wagga Wagga,2023,51.23,0.0,0.0,mapped_burn_positive,10.0,Sentinel 2 (original mapping scope varies by year),no_listed_event_onset_not_physical_zero,no_listed_event_onset_not_physical_zero,2022.0,1.43,15.92,3.2745,61.7,3.4559,96.72406923723936,68337.0,2317.69,12.0,"Includes term deposits; cash-flow-based measure, detailed vintage exclusions remain subject to audit",False,AASB15/1058 and lease regime,2024.0,,,101.2207255472218,12.0,False,Six fiscal ratios not collected by OLG,2022,2024
waggawagga,Wagga Wagga,2024,,0.0,0.0,unknown_source_not_acquired,,Sentinel 2 (original mapping scope varies by year),no_listed_event_onset_not_physical_zero,no_listed_event_onset_not_physical_zero,2023.0,-4.63,21.6346,4.0665,66.24,4.6287,110.01815042719907,68951.0,2319.647,12.0,"Includes term deposits; cash-flow-based measure, detailed vintage exclusions remain subject to audit",False,AASB15/1058 and lease regime,,,,,,,,2023,2025
walcha,Walcha,2012,3524.9112745616435,1.0,1.0,observed_positive_mapped_burn_within_source_scope,100.0,Landsat,observed_positive_in_complete_published_list,observed_positive_in_complete_published_list,,,,,,,,,,,,,,2013.0,-11.04,4.2982,69.13687881429817,12.0,False,Early OLG/TCorp definitions; revaluation exclusions described,2011,2013
walcha,Walcha,2013,4886.557462073548,1.0,,observed_positive_mapped_burn_within_source_scope,100.0,Landsat,observed_positive_partial_inventory_count_lower_bound,unknown_incomplete_inventory_no_positive_record,2012.0,-26.119999999999997,,2.777,62.029999999999994,29.0,69.26205694363742,3088.0,,12.0,Earlier measure excludes term deposits and uses different expense denominator; not converted,False,Early OLG/TCorp definitions; revaluation exclusions described,2014.0,6.04,7.0952,107.86846741045214,12.0,False,Pre-AASB15/1058,2012,2014
walcha,Walcha,2014,7297.382248616939,,,observed_positive_mapped_burn_within_source_scope,100.0,Landsat,unknown_incomplete_inventory_no_positive_record,unknown_incomplete_inventory_no_positive_record,2013.0,-11.04,4.2982,2.5743,65.16,18.6706,69.13687881429817,3087.0,,12.0,"Includes term deposits; cash-flow-based measure, detailed vintage exclusions remain subject to audit",False,Early OLG/TCorp definitions; revaluation exclusions described,2015.0,14.34,7.24,118.42889019377569,12.0,False,Pre-AASB15/1058,2013,2015
walcha,Walcha,2015,661.6325041976957,,,observed_positive_mapped_burn_within_source_scope,100.0,Landsat,unknown_incomplete_inventory_no_positive_record,unknown_incomplete_inventory_no_positive_record,2014.0,6.04,7.0952,2.5918,69.4,23.8657,107.86846741045214,3098.0,,12.0,"Includes term deposits; cash-flow-based measure, detailed vintage exclusions remain subject to audit",False,Pre-AASB15/1058,2016.0,16.66,10.639,105.47785547785548,12.0,False,Pre-AASB15/1058,2014,2016
walcha,Walcha,2016,3843.228403114272,,,observed_positive_mapped_burn_within_source_scope,100.0,Landsat 8,unknown_incomplete_inventory_no_positive_record,unknown_incomplete_inventory_no_positive_record,2015.0,14.34,7.24,4.59,65.3,37.48,118.42889019377569,3064.0,,12.0,"Includes term deposits; cash-flow-based measure, detailed vintage exclusions remain subject to audit",False,Pre-AASB15/1058,2017.0,7.45,9.65,112.70274509803922,12.0,False,Pre-AASB15/1058,2015,2017
walcha,Walcha,2017,5064.4,0.0,0.0,mapped_burn_positive,100.0,Sentinel 2 (original mapping scope varies by year),no_listed_event_onset_not_physical_zero,no_listed_event_onset_not_physical_zero,2016.0,16.66,10.639,4.535,50.32,38.277,105.47785547785548,3144.0,933.793,12.0,"Includes term deposits; cash-flow-based measure, detailed vintage exclusions remain subject to audit",False,Pre-AASB15/1058,2018.0,-4.41,7.25,104.4531528322052,12.0,False,Pre-AASB15/1058,2016,2018
walcha,Walcha,2018,2190.23,0.0,1.0,mapped_burn_positive,100.0,Sentinel 2 (original mapping scope varies by year),no_listed_event_onset_not_physical_zero,listed_event_onset,2017.0,7.45,9.65,6.48,59.12,24.74,112.70274509803922,3144.0,933.79,12.0,"Includes term deposits; cash-flow-based measure, detailed vintage exclusions remain subject to audit",False,Pre-AASB15/1058,2019.0,1.33,6.0,67.34565308693826,12.0,False,AASB15/1058 and lease regime,2017,2019
walcha,Walcha,2019,161097.67,1.0,0.0,mapped_burn_positive,10.0,Sentinel 2 (original mapping scope varies by year),listed_event_onset,no_listed_event_onset_not_physical_zero,2018.0,-4.41,7.25,3.96,52.77,17.97,104.4531528322052,3132.0,933.79,12.0,"Includes term deposits; cash-flow-based measure, detailed vintage exclusions remain subject to audit",False,Pre-AASB15/1058,2020.0,-3.17,4.08,65.26669466610667,12.0,False,AASB15/1058 and lease regime,2018,2020
walcha,Walcha,2020,0.0,0.0,1.0,verified_zero_mapped_burn_within_source_scope,10.0,Sentinel 2 (original mapping scope varies by year),no_listed_event_onset_not_physical_zero,listed_event_onset,2019.0,1.33,6.0,3.28,53.04,19.01,67.34565308693826,3134.0,933.8,12.0,"Includes term deposits; cash-flow-based measure, detailed vintage exclusions remain subject to audit",False,AASB15/1058 and lease regime,2021.0,1.69,9.1758,68.83662326753465,12.0,False,AASB15/1058 and lease regime,2019,2021
walcha,Walcha,2021,0.0,0.0,1.0,verified_zero_mapped_burn_within_source_scope,10.0,Sentinel 2 (original mapping scope varies by year),no_listed_event_onset_not_physical_zero,listed_event_onset,2020.0,-3.17,4.08,2.69,42.68,19.43,65.26669466610667,3105.0,933.8,12.0,"Includes term deposits; cash-flow-based measure, detailed vintage exclusions remain subject to audit",False,AASB15/1058 and lease regime,2022.0,7.65,10.7214,135.98142263505255,12.0,False,AASB15/1058 and lease regime,2020,2022
walcha,Walcha,2022,273.79,0.0,1.0,mapped_burn_positive,10.0,Sentinel 2 (original mapping scope varies by year),no_listed_event_onset_not_physical_zero,listed_event_onset,2021.0,1.69,9.1758,4.3549,40.31,23.8042,68.83662326753465,3018.0,933.7999999999998,12.0,"Includes term deposits; cash-flow-based measure, detailed vintage exclusions remain subject to audit",False,AASB15/1058 and lease regime,2023.0,17.63,16.5333,71.10537805120063,12.0,False,AASB15/1058 and lease regime,2021,2023
walcha,Walcha,2023,690.3,0.0,0.0,mapped_burn_positive,10.0,Sentinel 2 (original mapping scope varies by year),no_listed_event_onset_not_physical_zero,no_listed_event_onset_not_physical_zero,2022.0,7.65,10.7214,3.9064,36.17,14.6552,135.98142263505255,3010.0,933.7999999999998,12.0,"Includes term deposits; cash-flow-based measure, detailed vintage exclusions remain subject to audit",False,AASB15/1058 and lease regime,2024.0,,,92.00043535045712,12.0,False,Six fiscal ratios not collected by OLG,2022,2024
walcha,Walcha,2024,,0.0,1.0,unknown_source_not_acquired,,Sentinel 2 (original mapping scope varies by year),no_listed_event_onset_not_physical_zero,listed_event_onset,2023.0,17.63,16.5333,3.2464,36.39,21.4787,71.10537805120063,2990.0,933.7999999999998,12.0,"Includes term deposits; cash-flow-based measure, detailed vintage exclusions remain subject to audit",False,AASB15/1058 and lease regime,,,,,,,,2023,2025
walgett,Walgett,2012,0.0,1.0,0.0,verified_zero_mapped_burn_within_source_scope,100.0,Landsat,observed_positive_in_complete_published_list,no_listed_event_in_complete_published_list_not_physical_zero,,,,,,,,,,,,,,2013.0,-6.52,7.8732,100.0,12.0,False,Early OLG/TCorp definitions; revaluation exclusions described,2011,2013
walgett,Walgett,2013,0.0,,,verified_zero_mapped_burn_within_source_scope,100.0,Landsat,unknown_incomplete_inventory_no_positive_record,unknown_incomplete_inventory_no_positive_record,2012.0,0.19,,3.3248,43.309999999999995,11.6203,97.31073446327684,6798.0,,12.0,Earlier measure excludes term deposits and uses different expense denominator; not converted,False,Early OLG/TCorp definitions; revaluation exclusions described,2014.0,21.16,13.2262,100.5704365079365,12.0,False,Pre-AASB15/1058,2012,2014
walgett,Walgett,2014,82.11823613350917,,,observed_positive_mapped_burn_within_source_scope,100.0,Landsat,unknown_incomplete_inventory_no_positive_record,unknown_incomplete_inventory_no_positive_record,2013.0,-6.52,7.8732,4.479,62.580000000000005,5.2991,100.0,6785.0,,12.0,"Includes term deposits; cash-flow-based measure, detailed vintage exclusions remain subject to audit",False,Early OLG/TCorp definitions; revaluation exclusions described,2015.0,8.73,13.51,81.99896694214875,12.0,False,Pre-AASB15/1058,2013,2015
walgett,Walgett,2015,0.0,,,verified_zero_mapped_burn_within_source_scope,100.0,Landsat,unknown_incomplete_inventory_no_positive_record,unknown_incomplete_inventory_no_positive_record,2014.0,21.16,13.2262,5.4347,56.17,12.0476,100.5704365079365,6840.0,,12.0,"Includes term deposits; cash-flow-based measure, detailed vintage exclusions remain subject to audit",False,Pre-AASB15/1058,2016.0,20.2,16.2739,72.8322528363047,12.0,False,Pre-AASB15/1058,2014,2016
walgett,Walgett,2016,354.25728780724774,,1.0,observed_positive_mapped_burn_within_source_scope,100.0,Landsat 8,unknown_incomplete_inventory_no_positive_record,observed_positive_partial_inventory_count_lower_bound,2015.0,8.73,13.51,5.85,55.27,12.26,81.99896694214875,6791.0,,12.0,"Includes term deposits; cash-flow-based measure, detailed vintage exclusions remain subject to audit",False,Pre-AASB15/1058,2017.0,-3.79,17.04,75.49393414211438,12.0,False,Pre-AASB15/1058,2015,2017
walgett,Walgett,2017,0.0,0.0,0.0,verified_zero_mapped_burn_within_source_scope,100.0,Sentinel 2 (original mapping scope varies by year),no_listed_event_onset_not_physical_zero,no_listed_event_onset_not_physical_zero,2016.0,20.2,16.2739,5.6573,52.0,17.781,72.8322528363047,6369.0,2376.06,12.0,"Includes term deposits; cash-flow-based measure, detailed vintage exclusions remain subject to audit",False,Pre-AASB15/1058,2018.0,-3.58,19.1,110.25681424294945,12.0,False,Pre-AASB15/1058,2016,2018
walgett,Walgett,2018,0.0,0.0,0.0,verified_zero_mapped_burn_within_source_scope,100.0,Sentinel 2 (original mapping scope varies by year),no_listed_event_onset_not_physical_zero,no_listed_event_onset_not_physical_zero,2017.0,-3.79,17.04,5.17,51.05,7.73,75.49393414211438,6190.0,2376.06,12.0,"Includes term deposits; cash-flow-based measure, detailed vintage exclusions remain subject to audit",False,Pre-AASB15/1058,2019.0,-0.58,13.8,107.87878787878788,12.0,False,AASB15/1058 and lease regime,2017,2019
walgett,Walgett,2019,0.0,0.0,1.0,verified_zero_mapped_burn_within_source_scope,10.0,Sentinel 2 (original mapping scope varies by year),no_listed_event_onset_not_physical_zero,listed_event_onset,2018.0,-3.58,19.1,3.22,42.88,7.1,110.25681424294945,6051.0,2376.06,12.0,"Includes term deposits; cash-flow-based measure, detailed vintage exclusions remain subject to audit",False,Pre-AASB15/1058,2020.0,-1.82,11.94,113.83935874366104,12.0,False,AASB15/1058 and lease regime,2018,2020
walgett,Walgett,2020,195.24,0.0,1.0,mapped_burn_positive,10.0,Sentinel 2 (original mapping scope varies by year),no_listed_event_onset_not_physical_zero,listed_event_onset,2019.0,-0.58,13.8,4.47,36.33,7.77,107.87878787878788,5953.0,2376.0599999999995,12.0,"Includes term deposits; cash-flow-based measure, detailed vintage exclusions remain subject to audit",False,AASB15/1058 and lease regime,2021.0,0.0,14.6372,147.8025215034759,12.0,False,AASB15/1058 and lease regime,2019,2021
walgett,Walgett,2021,0.0,0.0,1.0,verified_zero_mapped_burn_within_source_scope,10.0,Sentinel 2 (original mapping scope varies by year),no_listed_event_onset_not_physical_zero,listed_event_onset,2020.0,-1.82,11.94,7.15,44.06,6.05,113.83935874366104,5828.0,2376.0599999999995,12.0,"Includes term deposits; cash-flow-based measure, detailed vintage exclusions remain subject to audit",False,AASB15/1058 and lease regime,2022.0,17.0,15.179,159.29897985874968,12.0,False,AASB15/1058 and lease regime,2020,2022
walgett,Walgett,2022,2722.95,1.0,1.0,mapped_burn_positive,10.0,Sentinel 2 (original mapping scope varies by year),listed_event_onset,listed_event_onset,2021.0,0.0,14.6372,5.4813,39.22,5.9111,147.8025215034759,5590.0,2376.0599999999995,12.0,"Includes term deposits; cash-flow-based measure, detailed vintage exclusions remain subject to audit",False,AASB15/1058 and lease regime,2023.0,1.83,12.9993,105.83622573595578,12.0,False,AASB15/1058 and lease regime,2021,2023
walgett,Walgett,2023,19932.66,1.0,0.0,mapped_burn_positive,10.0,Sentinel 2 (original mapping scope varies by year),listed_event_onset,no_listed_event_onset_not_physical_zero,2022.0,17.0,15.179,4.6881,33.34,17.8692,159.29897985874968,5516.0,2376.0599999999995,12.0,"Includes term deposits; cash-flow-based measure, detailed vintage exclusions remain subject to audit",False,AASB15/1058 and lease regime,2024.0,,,102.08465608465607,12.0,False,Six fiscal ratios not collected by OLG,2022,2024
walgett,Walgett,2024,,1.0,1.0,unknown_source_not_acquired,,Sentinel 2 (original mapping scope varies by year),listed_event_onset,listed_event_onset,2023.0,1.83,12.9993,7.0434,41.4,17.2388,105.83622573595578,5497.0,2376.0599999999995,12.0,"Includes term deposits; cash-flow-based measure, detailed vintage exclusions remain subject to audit",False,AASB15/1058 and lease regime,,,,,,,,2023,2025
warren,Warren,2012,0.0,1.0,0.0,verified_zero_mapped_burn_within_source_scope,100.0,Landsat,observed_positive_in_complete_published_list,no_listed_event_in_complete_published_list_not_physical_zero,,,,,,,,,,,,,,2013.0,-6.8500000000000005,13.0449,120.65326633165829,12.0,False,Early OLG/TCorp definitions; revaluation exclusions described,2011,2013
warren,Warren,2013,1363.020025397259,,,observed_positive_mapped_burn_within_source_scope,100.0,Landsat,unknown_incomplete_inventory_no_positive_record,unknown_incomplete_inventory_no_positive_record,2012.0,1.34,,7.1848,50.09,29.9032,104.6276819520404,2900.0,,12.0,Earlier measure excludes term deposits and uses different expense denominator; not converted,False,Early OLG/TCorp definitions; revaluation exclusions described,2014.0,0.29,13.1751,117.90523690773068,12.0,False,Pre-AASB15/1058,2012,2014
warren,Warren,2014,482.6467883032946,,,observed_positive_mapped_burn_within_source_scope,100.0,Landsat,unknown_incomplete_inventory_no_positive_record,unknown_incomplete_inventory_no_positive_record,2013.0,-6.8500000000000005,13.0449,6.2992,65.29,23.877,120.65326633165829,2910.0,,12.0,"Includes term deposits; cash-flow-based measure, detailed vintage exclusions remain subject to audit",False,Early OLG/TCorp definitions; revaluation exclusions described,2015.0,16.74,15.18,116.95,12.0,False,Pre-AASB15/1058,2013,2015
warren,Warren,2015,2886.7682143097095,,,observed_positive_mapped_burn_within_source_scope,100.0,Landsat,unknown_incomplete_inventory_no_positive_record,unknown_incomplete_inventory_no_positive_record,2014.0,0.29,13.1751,8.638200000000001,61.02,33.2,117.90523690773068,2921.0,,12.0,"Includes term deposits; cash-flow-based measure, detailed vintage exclusions remain subject to audit",False,Pre-AASB15/1058,2016.0,23.04,17.7025,158.26612903225808,12.0,False,Pre-AASB15/1058,2014,2016
warren,Warren,2016,0.0,,1.0,verified_zero_mapped_burn_within_source_scope,100.0,Landsat 8,unknown_incomplete_inventory_no_positive_record,observed_positive_partial_inventory_count_lower_bound,2015.0,16.74,15.18,9.76,53.92,48.15,116.95,2901.0,,12.0,"Includes term deposits; cash-flow-based measure, detailed vintage exclusions remain subject to audit",False,Pre-AASB15/1058,2017.0,10.91,13.65,152.40882485366953,12.0,False,Pre-AASB15/1058,2015,2017
warren,Warren,2017,544.14,0.0,0.0,mapped_burn_positive,100.0,Sentinel 2 (original mapping scope varies by year),no_listed_event_onset_not_physical_zero,no_listed_event_onset_not_physical_zero,2016.0,23.04,17.7025,7.4543,47.59,62.561400000000006,158.26612903225808,2802.0,1323.96,12.0,"Includes term deposits; cash-flow-based measure, detailed vintage exclusions remain subject to audit",False,Pre-AASB15/1058,2018.0,16.31,11.67,161.96581196581195,12.0,False,Pre-AASB15/1058,2016,2018
warren,Warren,2018,423.64,0.0,0.0,mapped_burn_positive,100.0,Sentinel 2 (original mapping scope varies by year),no_listed_event_onset_not_physical_zero,no_listed_event_onset_not_physical_zero,2017.0,10.91,13.65,6.76,52.67,44.46,152.40882485366953,2763.0,1323.96,12.0,"Includes term deposits; cash-flow-based measure, detailed vintage exclusions remain subject to audit",False,Pre-AASB15/1058,2019.0,22.46,16.08,132.7524893314367,12.0,False,AASB15/1058 and lease regime,2017,2019
warren,Warren,2019,4096.26,0.0,1.0,mapped_burn_positive,10.0,Sentinel 2 (original mapping scope varies by year),no_listed_event_onset_not_physical_zero,listed_event_onset,2018.0,16.31,11.67,5.9,47.97,56.66,161.96581196581195,2745.0,1323.96,12.0,"Includes term deposits; cash-flow-based measure, detailed vintage exclusions remain subject to audit",False,Pre-AASB15/1058,2020.0,32.79,10.17,136.99367088607596,12.0,False,AASB15/1058 and lease regime,2018,2020
warren,Warren,2020,529.21,0.0,1.0,mapped_burn_positive,10.0,Sentinel 2 (original mapping scope varies by year),no_listed_event_onset_not_physical_zero,listed_event_onset,2019.0,22.46,16.08,3.98,44.9,68.11,132.7524893314367,2697.0,1323.96,12.0,"Includes term deposits; cash-flow-based measure, detailed vintage exclusions remain subject to audit",False,AASB15/1058 and lease regime,2021.0,27.11,11.3783,151.57894736842104,12.0,False,AASB15/1058 and lease regime,2019,2021
warren,Warren,2021,0.0,0.0,1.0,verified_zero_mapped_burn_within_source_scope,10.0,Sentinel 2 (original mapping scope varies by year),no_listed_event_onset_not_physical_zero,listed_event_onset,2020.0,32.79,10.17,5.29,30.68,100.12,136.99367088607596,2716.0,1323.96,12.0,"Includes term deposits; cash-flow-based measure, detailed vintage exclusions remain subject to audit",False,AASB15/1058 and lease regime,2022.0,32.93,13.7878,145.2484076433121,12.0,False,AASB15/1058 and lease regime,2020,2022
warren,Warren,2022,317.63,1.0,1.0,mapped_burn_positive,10.0,Sentinel 2 (original mapping scope varies by year),listed_event_onset,listed_event_onset,2021.0,27.11,11.3783,5.8745,34.27,38.593,151.57894736842104,2586.0,1323.9620000000002,12.0,"Includes term deposits; cash-flow-based measure, detailed vintage exclusions remain subject to audit",False,AASB15/1058 and lease regime,2023.0,24.73,7.179,186.9299363057325,12.0,False,AASB15/1058 and lease regime,2021,2023
warren,Warren,2023,508.14,0.0,0.0,mapped_burn_positive,10.0,Sentinel 2 (original mapping scope varies by year),no_listed_event_onset_not_physical_zero,no_listed_event_onset_not_physical_zero,2022.0,32.93,13.7878,5.3033,34.01,51.6395,145.2484076433121,2578.0,1323.96,12.0,"Includes term deposits; cash-flow-based measure, detailed vintage exclusions remain subject to audit",False,AASB15/1058 and lease regime,2024.0,,,155.74572127139365,12.0,False,Six fiscal ratios not collected by OLG,2022,2024
warren,Warren,2024,,0.0,0.0,unknown_source_not_acquired,,Sentinel 2 (original mapping scope varies by year),no_listed_event_onset_not_physical_zero,no_listed_event_onset_not_physical_zero,2023.0,24.73,7.179,5.8734,39.73,41.5426,186.9299363057325,2593.0,1323.96,12.0,"Includes term deposits; cash-flow-based measure, detailed vintage exclusions remain subject to audit",False,AASB15/1058 and lease regime,,,,,,,,2023,2025
warrumbungle,Warrumbungle,2012,32875.16718831679,1.0,0.0,observed_positive_mapped_burn_within_source_scope,100.0,Landsat,observed_positive_in_complete_published_list,no_listed_event_in_complete_published_list_not_physical_zero,,,,,,,,,,,,,,2013.0,-22.55,3.028,107.93174277136988,12.0,False,Early OLG/TCorp definitions; revaluation exclusions described,2011,2013
warrumbungle,Warrumbungle,2013,2642.1591320542498,1.0,,observed_positive_mapped_burn_within_source_scope,100.0,Landsat,observed_positive_partial_inventory_count_lower_bound,unknown_incomplete_inventory_no_positive_record,2012.0,-5.54,,4.0369,45.72,15.8485,99.5798319327731,9832.0,,12.0,Earlier measure excludes term deposits and uses different expense denominator; not converted,False,Early OLG/TCorp definitions; revaluation exclusions described,2014.0,-11.4,5.2028,133.3385093167702,12.0,False,Pre-AASB15/1058,2012,2014
warrumbungle,Warrumbungle,2014,0.0,,,verified_zero_mapped_burn_within_source_scope,100.0,Landsat,unknown_incomplete_inventory_no_positive_record,unknown_incomplete_inventory_no_positive_record,2013.0,-22.55,3.028,2.5543,61.27,4.2405,107.93174277136988,9778.0,,12.0,"Includes term deposits; cash-flow-based measure, detailed vintage exclusions remain subject to audit",False,Early OLG/TCorp definitions; revaluation exclusions described,2015.0,-0.92,5.88,101.17440955332428,12.0,False,Pre-AASB15/1058,2013,2015
warrumbungle,Warrumbungle,2015,8765.175349766505,,,observed_positive_mapped_burn_within_source_scope,100.0,Landsat,unknown_incomplete_inventory_no_positive_record,unknown_incomplete_inventory_no_positive_record,2014.0,-11.4,5.2028,2.5271,51.09,7.839600000000001,133.3385093167702,9786.0,,12.0,"Includes term deposits; cash-flow-based measure, detailed vintage exclusions remain subject to audit",False,Pre-AASB15/1058,2016.0,2.04,6.5,117.62101084134984,12.0,False,Pre-AASB15/1058,2014,2016
warrumbungle,Warrumbungle,2016,26650.238844753156,1.0,1.0,observed_positive_mapped_burn_within_source_scope,100.0,Landsat 8,observed_positive_partial_inventory_count_lower_bound,observed_positive_partial_inventory_count_lower_bound,2015.0,-0.92,5.88,1.78,45.94,5.24,101.17440955332428,9728.0,,12.0,"Includes term deposits; cash-flow-based measure, detailed vintage exclusions remain subject to audit",False,Pre-AASB15/1058,2017.0,-8.1,5.76,107.70961451927404,12.0,False,Pre-AASB15/1058,2015,2017
warrumbungle,Warrumbungle,2017,20287.89,1.0,0.0,mapped_burn_positive,100.0,Sentinel 2 (original mapping scope varies by year),listed_event_onset,no_listed_event_onset_not_physical_zero,2016.0,2.04,6.5,4.2695,46.46,9.8676,117.62101084134984,9541.0,2667.71,12.0,"Includes term deposits; cash-flow-based measure, detailed vintage exclusions remain subject to audit",False,Pre-AASB15/1058,2018.0,-16.38,6.97,105.39928871645652,12.0,False,Pre-AASB15/1058,2016,2018
warrumbungle,Warrumbungle,2018,928.37,0.0,1.0,mapped_burn_positive,100.0,Sentinel 2 (original mapping scope varies by year),no_listed_event_onset_not_physical_zero,listed_event_onset,2017.0,-8.1,5.76,4.05,47.4,7.3,107.70961451927404,9451.0,2667.7100000000005,12.0,"Includes term deposits; cash-flow-based measure, detailed vintage exclusions remain subject to audit",False,Pre-AASB15/1058,2019.0,-5.59,7.74,104.0,12.0,False,AASB15/1058 and lease regime,2017,2019
warrumbungle,Warrumbungle,2019,6214.91,0.0,1.0,mapped_burn_positive,10.0,Sentinel 2 (original mapping scope varies by year),no_listed_event_onset_not_physical_zero,listed_event_onset,2018.0,-16.38,6.97,4.37,47.51,5.05,105.39928871645652,9399.0,2667.7100000000005,12.0,"Includes term deposits; cash-flow-based measure, detailed vintage exclusions remain subject to audit",False,Pre-AASB15/1058,2020.0,0.43,9.71,81.26392868513213,12.0,False,AASB15/1058 and lease regime,2018,2020
warrumbungle,Warrumbungle,2020,0.0,0.0,0.0,verified_zero_mapped_burn_within_source_scope,10.0,Sentinel 2 (original mapping scope varies by year),no_listed_event_onset_not_physical_zero,no_listed_event_onset_not_physical_zero,2019.0,-5.59,7.74,2.95,53.08,10.09,104.0,9278.0,2667.7100000000005,12.0,"Includes term deposits; cash-flow-based measure, detailed vintage exclusions remain subject to audit",False,AASB15/1058 and lease regime,2021.0,6.11,1.541,87.87781864704942,12.0,False,AASB15/1058 and lease regime,2019,2021
warrumbungle,Warrumbungle,2021,0.0,0.0,1.0,verified_zero_mapped_burn_within_source_scope,10.0,Sentinel 2 (original mapping scope varies by year),no_listed_event_onset_not_physical_zero,listed_event_onset,2020.0,0.43,9.71,4.3,43.46,10.42,81.26392868513213,9209.0,2667.7100000000005,12.0,"Includes term deposits; cash-flow-based measure, detailed vintage exclusions remain subject to audit",False,AASB15/1058 and lease regime,2022.0,18.48,14.5278,94.52501812907904,12.0,False,AASB15/1058 and lease regime,2020,2022
warrumbungle,Warrumbungle,2022,1234.69,0.0,1.0,mapped_burn_positive,10.0,Sentinel 2 (original mapping scope varies by year),no_listed_event_onset_not_physical_zero,listed_event_onset,2021.0,6.11,1.541,5.9548,46.83,11.588,87.87781864704942,9254.0,2667.630000000001,12.0,"Includes term deposits; cash-flow-based measure, detailed vintage exclusions remain subject to audit",False,AASB15/1058 and lease regime,2023.0,13.19,13.7059,99.44334250431888,12.0,False,AASB15/1058 and lease regime,2021,2023
warrumbungle,Warrumbungle,2023,13302.78,0.0,0.0,mapped_burn_positive,10.0,Sentinel 2 (original mapping scope varies by year),no_listed_event_onset_not_physical_zero,no_listed_event_onset_not_physical_zero,2022.0,18.48,14.5278,8.6831,46.04,17.2786,94.52501812907904,9246.0,2667.630000000001,12.0,"Includes term deposits; cash-flow-based measure, detailed vintage exclusions remain subject to audit",False,AASB15/1058 and lease regime,2024.0,,,100.0,12.0,False,Six fiscal ratios not collected by OLG,2022,2024
warrumbungle,Warrumbungle,2024,,1.0,0.0,unknown_source_not_acquired,,Sentinel 2 (original mapping scope varies by year),listed_event_onset,no_listed_event_onset_not_physical_zero,2023.0,13.19,13.7059,11.8402,45.67,28.7225,99.44334250431888,9239.0,2667.3,12.0,"Includes term deposits; cash-flow-based measure, detailed vintage exclusions remain subject to audit",False,AASB15/1058 and lease regime,,,,,,,,2023,2025
waverley,Waverley,2012,0.0,0.0,0.0,verified_zero_mapped_burn_within_source_scope,100.0,Landsat,no_listed_event_in_complete_published_list_not_physical_zero,no_listed_event_in_complete_published_list_not_physical_zero,,,,,,,,,,,,,,2013.0,0.09,5.6,117.48460354118552,12.0,False,Early OLG/TCorp definitions; revaluation exclusions described,2011,2013
waverley,Waverley,2013,0.0,,,verified_zero_mapped_burn_within_source_scope,100.0,Landsat,unknown_incomplete_inventory_no_positive_record,unknown_incomplete_inventory_no_positive_record,2012.0,-1.73,,5.1759,68.56,8.8595,102.51019767806714,69431.0,,12.0,Earlier measure excludes term deposits and uses different expense denominator; not converted,False,Early OLG/TCorp definitions; revaluation exclusions described,2014.0,-4.87,11.8912,90.1413057699856,12.0,False,Pre-AASB15/1058,2012,2014
waverley,Waverley,2014,0.0,,1.0,verified_zero_mapped_burn_within_source_scope,100.0,Landsat,unknown_incomplete_inventory_no_positive_record,observed_positive_partial_inventory_count_lower_bound,2013.0,0.09,5.6,4.1605,86.29,12.6197,117.48460354118552,70706.0,,12.0,"Includes term deposits; cash-flow-based measure, detailed vintage exclusions remain subject to audit",False,Early OLG/TCorp definitions; revaluation exclusions described,2015.0,3.2,12.61,101.82257973786352,12.0,False,Pre-AASB15/1058,2013,2015
waverley,Waverley,2015,0.0,,1.0,verified_zero_mapped_burn_within_source_scope,100.0,Landsat,unknown_incomplete_inventory_no_positive_record,observed_positive_partial_inventory_count_lower_bound,2014.0,-4.87,11.8912,9.8381,87.5,9.8054,90.1413057699856,71769.0,,12.0,"Includes term deposits; cash-flow-based measure, detailed vintage exclusions remain subject to audit",False,Pre-AASB15/1058,2016.0,2.37,14.4661,98.24141154475345,12.0,False,Pre-AASB15/1058,2014,2016
waverley,Waverley,2016,0.0,,,verified_zero_mapped_burn_within_source_scope,100.0,Landsat 8,unknown_incomplete_inventory_no_positive_record,unknown_incomplete_inventory_no_positive_record,2015.0,3.2,12.61,11.84,89.39,24.74,101.82257973786352,72699.0,,12.0,"Includes term deposits; cash-flow-based measure, detailed vintage exclusions remain subject to audit",False,Pre-AASB15/1058,2017.0,1.76,14.82,94.24527377803898,12.0,False,Pre-AASB15/1058,2015,2017
waverley,Waverley,2017,0.0,0.0,0.0,verified_zero_mapped_burn_within_source_scope,100.0,Sentinel 2 (original mapping scope varies by year),no_listed_event_onset_not_physical_zero,no_listed_event_onset_not_physical_zero,2016.0,2.37,14.4661,12.43,86.48,20.2668,98.24141154475345,72106.0,123.46,12.0,"Includes term deposits; cash-flow-based measure, detailed vintage exclusions remain subject to audit",False,Pre-AASB15/1058,2018.0,0.78,15.22,102.33161940640431,12.0,False,Pre-AASB15/1058,2016,2018
waverley,Waverley,2018,0.0,0.0,1.0,verified_zero_mapped_burn_within_source_scope,100.0,Sentinel 2 (original mapping scope varies by year),no_listed_event_onset_not_physical_zero,listed_event_onset,2017.0,1.76,14.82,10.15,86.46,23.78,94.24527377803898,73300.0,123.46,12.0,"Includes term deposits; cash-flow-based measure, detailed vintage exclusions remain subject to audit",False,Pre-AASB15/1058,2019.0,-8.34,13.38,108.1865141592104,12.0,False,AASB15/1058 and lease regime,2017,2019
waverley,Waverley,2019,0.0,0.0,1.0,verified_zero_mapped_burn_within_source_scope,10.0,Sentinel 2 (original mapping scope varies by year),no_listed_event_onset_not_physical_zero,listed_event_onset,2018.0,0.78,15.22,11.13,87.31,42.77,102.33161940640431,74114.0,123.46,12.0,"Includes term deposits; cash-flow-based measure, detailed vintage exclusions remain subject to audit",False,Pre-AASB15/1058,2020.0,-3.43,12.4,104.5930261395764,12.0,False,AASB15/1058 and lease regime,2018,2020
waverley,Waverley,2020,0.0,0.0,0.0,verified_zero_mapped_burn_within_source_scope,10.0,Sentinel 2 (original mapping scope varies by year),no_listed_event_onset_not_physical_zero,no_listed_event_onset_not_physical_zero,2019.0,-8.34,13.38,7.22,79.17,11.18,108.1865141592104,74295.0,123.46,12.0,"Includes term deposits; cash-flow-based measure, detailed vintage exclusions remain subject to audit",False,AASB15/1058 and lease regime,2021.0,-2.58,8.8896,97.34118928553744,12.0,False,AASB15/1058 and lease regime,2019,2021
waverley,Waverley,2021,0.0,0.0,1.0,verified_zero_mapped_burn_within_source_scope,10.0,Sentinel 2 (original mapping scope varies by year),no_listed_event_onset_not_physical_zero,listed_event_onset,2020.0,-3.43,12.4,5.53,80.61,18.18,104.5930261395764,74276.0,123.46,12.0,"Includes term deposits; cash-flow-based measure, detailed vintage exclusions remain subject to audit",False,AASB15/1058 and lease regime,2022.0,1.74,9.6357,102.89777300778104,12.0,False,AASB15/1058 and lease regime,2020,2022
waverley,Waverley,2022,0.0,0.0,0.0,verified_zero_mapped_burn_within_source_scope,10.0,Sentinel 2 (original mapping scope varies by year),no_listed_event_onset_not_physical_zero,no_listed_event_onset_not_physical_zero,2021.0,-2.58,8.8896,5.4214,78.25,20.2953,97.34118928553744,69388.0,123.46,12.0,"Includes term deposits; cash-flow-based measure, detailed vintage exclusions remain subject to audit",False,AASB15/1058 and lease regime,2023.0,0.31,8.3528,100.85373460159052,12.0,False,AASB15/1058 and lease regime,2021,2023
waverley,Waverley,2023,0.0,0.0,0.0,verified_zero_mapped_burn_within_source_scope,10.0,Sentinel 2 (original mapping scope varies by year),no_listed_event_onset_not_physical_zero,no_listed_event_onset_not_physical_zero,2022.0,1.74,9.6357,5.4969,81.62,24.4056,102.89777300778104,69324.0,123.46,12.0,"Includes term deposits; cash-flow-based measure, detailed vintage exclusions remain subject to audit",False,AASB15/1058 and lease regime,2024.0,,,102.28150075905444,12.0,False,Six fiscal ratios not collected by OLG,2022,2024
waverley,Waverley,2024,,0.0,0.0,unknown_source_not_acquired,,Sentinel 2 (original mapping scope varies by year),no_listed_event_onset_not_physical_zero,no_listed_event_onset_not_physical_zero,2023.0,0.31,8.3528,4.1088,86.77,32.7386,100.85373460159052,72857.0,123.46,12.0,"Includes term deposits; cash-flow-based measure, detailed vintage exclusions remain subject to audit",False,AASB15/1058 and lease regime,,,,,,,,2023,2025
weddin,Weddin,2012,0.0,1.0,0.0,verified_zero_mapped_burn_within_source_scope,100.0,Landsat,observed_positive_in_complete_published_list,no_listed_event_in_complete_published_list_not_physical_zero,,,,,,,,,,,,,,2013.0,-40.26,8.8912,89.83717012914093,12.0,False,Early OLG/TCorp definitions; revaluation exclusions described,2011,2013
weddin,Weddin,2013,0.0,,,verified_zero_mapped_burn_within_source_scope,100.0,Landsat,unknown_incomplete_inventory_no_positive_record,unknown_incomplete_inventory_no_positive_record,2012.0,-4.279999999999999,,7.1072,55.43,177.4706,68.38323353293413,3730.0,,12.0,Earlier measure excludes term deposits and uses different expense denominator; not converted,False,Early OLG/TCorp definitions; revaluation exclusions described,2014.0,-9.69,8.0532,106.21915103652518,12.0,False,Pre-AASB15/1058,2012,2014
weddin,Weddin,2014,0.0,,,verified_zero_mapped_burn_within_source_scope,100.0,Landsat,unknown_incomplete_inventory_no_positive_record,unknown_incomplete_inventory_no_positive_record,2013.0,-40.26,8.8912,3.9454,66.35,,89.83717012914093,3711.0,,12.0,"Includes term deposits; cash-flow-based measure, detailed vintage exclusions remain subject to audit",False,Early OLG/TCorp definitions; revaluation exclusions described,2015.0,11.78,11.17,100.32786885245902,12.0,False,Pre-AASB15/1058,2013,2015
weddin,Weddin,2015,0.0,,,verified_zero_mapped_burn_within_source_scope,100.0,Landsat,unknown_incomplete_inventory_no_positive_record,unknown_incomplete_inventory_no_positive_record,2014.0,-9.69,8.0532,6.8816,57.19,202.3846,106.21915103652518,3709.0,,12.0,"Includes term deposits; cash-flow-based measure, detailed vintage exclusions remain subject to audit",False,Pre-AASB15/1058,2016.0,19.9,11.863599999999998,100.7269789983845,12.0,False,Pre-AASB15/1058,2014,2016
weddin,Weddin,2016,111.61038186564976,,1.0,observed_positive_mapped_burn_within_source_scope,100.0,Landsat 8,unknown_incomplete_inventory_no_positive_record,observed_positive_partial_inventory_count_lower_bound,2015.0,11.78,11.17,5.9,48.84,341.27,100.32786885245902,3701.0,,12.0,"Includes term deposits; cash-flow-based measure, detailed vintage exclusions remain subject to audit",False,Pre-AASB15/1058,2017.0,-11.12,7.1,101.6962843295638,12.0,False,Pre-AASB15/1058,2015,2017
weddin,Weddin,2017,0.0,0.0,0.0,verified_zero_mapped_burn_within_source_scope,100.0,Sentinel 2 (original mapping scope varies by year),no_listed_event_onset_not_physical_zero,no_listed_event_onset_not_physical_zero,2016.0,19.9,11.863599999999998,5.2309,44.24,42.548100000000005,100.7269789983845,3692.0,1084.89,12.0,"Includes term deposits; cash-flow-based measure, detailed vintage exclusions remain subject to audit",False,Pre-AASB15/1058,2018.0,-4.03,9.12,173.70491803278688,12.0,False,Pre-AASB15/1058,2016,2018
weddin,Weddin,2018,3.96,0.0,0.0,mapped_burn_positive,100.0,Sentinel 2 (original mapping scope varies by year),no_listed_event_onset_not_physical_zero,no_listed_event_onset_not_physical_zero,2017.0,-11.12,7.1,4.09,45.59,5.91,101.6962843295638,3641.0,1084.89,12.0,"Includes term deposits; cash-flow-based measure, detailed vintage exclusions remain subject to audit",False,Pre-AASB15/1058,2019.0,-4.11,8.5,138.70262390670553,12.0,False,AASB15/1058 and lease regime,2017,2019
weddin,Weddin,2019,0.0,0.0,0.0,verified_zero_mapped_burn_within_source_scope,10.0,Sentinel 2 (original mapping scope varies by year),no_listed_event_onset_not_physical_zero,no_listed_event_onset_not_physical_zero,2018.0,-4.03,9.12,5.38,46.86,10.58,173.70491803278688,3636.0,1084.89,12.0,"Includes term deposits; cash-flow-based measure, detailed vintage exclusions remain subject to audit",False,Pre-AASB15/1058,2020.0,-0.25,16.75,124.35233160621762,12.0,False,AASB15/1058 and lease regime,2018,2020
weddin,Weddin,2020,0.0,0.0,0.0,verified_zero_mapped_burn_within_source_scope,10.0,Sentinel 2 (original mapping scope varies by year),no_listed_event_onset_not_physical_zero,no_listed_event_onset_not_physical_zero,2019.0,-4.11,8.5,6.32,44.77,10.17,138.70262390670553,3613.0,1084.89,12.0,"Includes term deposits; cash-flow-based measure, detailed vintage exclusions remain subject to audit",False,AASB15/1058 and lease regime,2021.0,-7.05,13.4564,123.00683371298406,12.0,False,AASB15/1058 and lease regime,2019,2021
weddin,Weddin,2021,95.95,0.0,1.0,mapped_burn_positive,10.0,Sentinel 2 (original mapping scope varies by year),no_listed_event_onset_not_physical_zero,listed_event_onset,2020.0,-0.25,16.75,5.9,30.14,9.24,124.35233160621762,3596.0,1084.89,12.0,"Includes term deposits; cash-flow-based measure, detailed vintage exclusions remain subject to audit",False,AASB15/1058 and lease regime,2022.0,14.03,4.49,136.42072213500785,12.0,False,AASB15/1058 and lease regime,2020,2022
weddin,Weddin,2022,170.3,0.0,1.0,mapped_burn_positive,10.0,Sentinel 2 (original mapping scope varies by year),no_listed_event_onset_not_physical_zero,listed_event_onset,2021.0,-7.05,13.4564,3.3741,38.27,4.7061,123.00683371298406,3589.0,1084.9,12.0,"Includes term deposits; cash-flow-based measure, detailed vintage exclusions remain subject to audit",False,AASB15/1058 and lease regime,2023.0,-9.65,9.3879,121.6909216909217,12.0,False,AASB15/1058 and lease regime,2021,2023
weddin,Weddin,2023,68.16,0.0,0.0,mapped_burn_positive,10.0,Sentinel 2 (original mapping scope varies by year),no_listed_event_onset_not_physical_zero,no_listed_event_onset_not_physical_zero,2022.0,14.03,4.49,3.0562,39.04,15.5211,136.42072213500785,3614.0,1084.89,12.0,"Includes term deposits; cash-flow-based measure, detailed vintage exclusions remain subject to audit",False,AASB15/1058 and lease regime,2024.0,,,127.0028275212064,12.0,False,Six fiscal ratios not collected by OLG,2022,2024
weddin,Weddin,2024,,0.0,0.0,unknown_source_not_acquired,,Sentinel 2 (original mapping scope varies by year),no_listed_event_onset_not_physical_zero,no_listed_event_onset_not_physical_zero,2023.0,-9.65,9.3879,2.8332,37.86,6.1382,121.6909216909217,3608.0,1084.89,12.0,"Includes term deposits; cash-flow-based measure, detailed vintage exclusions remain subject to audit",False,AASB15/1058 and lease regime,,,,,,,,2023,2025
wentworth,Wentworth,2012,0.0,0.0,0.0,verified_zero_mapped_burn_within_source_scope,100.0,Landsat,no_listed_event_in_complete_published_list_not_physical_zero,no_listed_event_in_complete_published_list_not_physical_zero,,,,,,,,,,,,,,2013.0,-23.42,20.6233,100.2897617514488,12.0,False,Early OLG/TCorp definitions; revaluation exclusions described,2011,2013
wentworth,Wentworth,2013,312.8021841245735,,,observed_positive_mapped_burn_within_source_scope,100.0,Landsat,unknown_incomplete_inventory_no_positive_record,unknown_incomplete_inventory_no_positive_record,2012.0,-11.24,,10.4838,50.79,17.1877,100.0,6821.0,,12.0,Earlier measure excludes term deposits and uses different expense denominator; not converted,False,Early OLG/TCorp definitions; revaluation exclusions described,2014.0,-8.71,15.3367,100.0,12.0,False,Pre-AASB15/1058,2012,2014
wentworth,Wentworth,2014,0.0,,,verified_zero_mapped_burn_within_source_scope,100.0,Landsat,unknown_incomplete_inventory_no_positive_record,unknown_incomplete_inventory_no_positive_record,2013.0,-23.42,20.6233,4.9092,64.08,11.2924,100.2897617514488,6832.0,,12.0,"Includes term deposits; cash-flow-based measure, detailed vintage exclusions remain subject to audit",False,Early OLG/TCorp definitions; revaluation exclusions described,2015.0,2.41,18.58,100.0,12.0,False,Pre-AASB15/1058,2013,2015
wentworth,Wentworth,2015,0.0,,,verified_zero_mapped_burn_within_source_scope,100.0,Landsat,unknown_incomplete_inventory_no_positive_record,unknown_incomplete_inventory_no_positive_record,2014.0,-8.71,15.3367,4.7257,58.52,16.683,100.0,6884.0,,12.0,"Includes term deposits; cash-flow-based measure, detailed vintage exclusions remain subject to audit",False,Pre-AASB15/1058,2016.0,13.35,17.967200000000002,119.26147704590818,12.0,False,Pre-AASB15/1058,2014,2016
wentworth,Wentworth,2016,0.0,,1.0,verified_zero_mapped_burn_within_source_scope,100.0,Landsat 8,unknown_incomplete_inventory_no_positive_record,observed_positive_partial_inventory_count_lower_bound,2015.0,2.41,18.58,5.8,53.14,36.3,100.0,6883.0,,12.0,"Includes term deposits; cash-flow-based measure, detailed vintage exclusions remain subject to audit",False,Pre-AASB15/1058,2017.0,1.33,16.28,79.90817665063402,12.0,False,Pre-AASB15/1058,2015,2017
wentworth,Wentworth,2017,0.0,0.0,0.0,verified_zero_mapped_burn_within_source_scope,100.0,Sentinel 2 (original mapping scope varies by year),no_listed_event_onset_not_physical_zero,no_listed_event_onset_not_physical_zero,2016.0,13.35,17.967200000000002,6.9244,48.0,42.298199999999994,119.26147704590818,6920.0,2319.58,12.0,"Includes term deposits; cash-flow-based measure, detailed vintage exclusions remain subject to audit",False,Pre-AASB15/1058,2018.0,-6.83,17.86,98.32002203249792,12.0,False,Pre-AASB15/1058,2016,2018
wentworth,Wentworth,2018,14845.32,0.0,0.0,mapped_burn_positive,100.0,Sentinel 2 (original mapping scope varies by year),no_listed_event_onset_not_physical_zero,no_listed_event_onset_not_physical_zero,2017.0,1.33,16.28,7.93,58.44,16.94,79.90817665063402,6972.0,2319.58,12.0,"Includes term deposits; cash-flow-based measure, detailed vintage exclusions remain subject to audit",False,Pre-AASB15/1058,2019.0,-2.25,15.55,81.76390773405699,12.0,False,AASB15/1058 and lease regime,2017,2019
wentworth,Wentworth,2019,750.55,0.0,0.0,mapped_burn_positive,10.0,Sentinel 2 (original mapping scope varies by year),no_listed_event_onset_not_physical_zero,no_listed_event_onset_not_physical_zero,2018.0,-6.83,17.86,7.19,49.7,16.25,98.32002203249792,7042.0,2319.58,12.0,"Includes term deposits; cash-flow-based measure, detailed vintage exclusions remain subject to audit",False,Pre-AASB15/1058,2020.0,3.15,20.14,80.1899592944369,12.0,False,AASB15/1058 and lease regime,2018,2020
wentworth,Wentworth,2020,0.0,0.0,0.0,verified_zero_mapped_burn_within_source_scope,10.0,Sentinel 2 (original mapping scope varies by year),no_listed_event_onset_not_physical_zero,no_listed_event_onset_not_physical_zero,2019.0,-2.25,15.55,3.6,49.49,18.86,81.76390773405699,7053.0,2319.58,12.0,"Includes term deposits; cash-flow-based measure, detailed vintage exclusions remain subject to audit",False,AASB15/1058 and lease regime,2021.0,8.66,20.9505,99.10364145658264,12.0,False,AASB15/1058 and lease regime,2019,2021
wentworth,Wentworth,2021,21087.54,0.0,1.0,mapped_burn_positive,10.0,Sentinel 2 (original mapping scope varies by year),no_listed_event_onset_not_physical_zero,listed_event_onset,2020.0,3.15,20.14,3.79,44.97,14.43,80.1899592944369,7090.0,2027.56,12.0,"Includes term deposits; cash-flow-based measure, detailed vintage exclusions remain subject to audit",False,AASB15/1058 and lease regime,2022.0,10.51,22.302,84.66702470461868,12.0,False,AASB15/1058 and lease regime,2020,2022
wentworth,Wentworth,2022,1390.16,0.0,1.0,mapped_burn_positive,10.0,Sentinel 2 (original mapping scope varies by year),no_listed_event_onset_not_physical_zero,listed_event_onset,2021.0,8.66,20.9505,4.7409,50.06,12.3719,99.10364145658264,7487.0,2018.55,12.0,"Includes term deposits; cash-flow-based measure, detailed vintage exclusions remain subject to audit",False,AASB15/1058 and lease regime,2023.0,1.49,21.2711,82.15290207108157,12.0,False,AASB15/1058 and lease regime,2021,2023
wentworth,Wentworth,2023,546.01,0.0,0.0,mapped_burn_positive,10.0,Sentinel 2 (original mapping scope varies by year),no_listed_event_onset_not_physical_zero,no_listed_event_onset_not_physical_zero,2022.0,10.51,22.302,3.8993,38.29,11.5862,84.66702470461868,7597.0,2020.58,12.0,"Includes term deposits; cash-flow-based measure, detailed vintage exclusions remain subject to audit",False,AASB15/1058 and lease regime,2024.0,,,98.6782133090246,12.0,False,Six fiscal ratios not collected by OLG,2022,2024
wentworth,Wentworth,2024,,0.0,0.0,unknown_source_not_acquired,,Sentinel 2 (original mapping scope varies by year),no_listed_event_onset_not_physical_zero,no_listed_event_onset_not_physical_zero,2023.0,1.49,21.2711,2.9328,45.95,7.1589,82.15290207108157,7804.0,2022.01,12.0,"Includes term deposits; cash-flow-based measure, detailed vintage exclusions remain subject to audit",False,AASB15/1058 and lease regime,,,,,,,,2023,2025
willoughby,Willoughby,2012,0.0,0.0,0.0,verified_zero_mapped_burn_within_source_scope,100.0,Landsat,no_listed_event_in_complete_published_list_not_physical_zero,no_listed_event_in_complete_published_list_not_physical_zero,,,,,,,,,,,,,,2013.0,11.14,8.3923,62.10156935373818,12.0,False,Early OLG/TCorp definitions; revaluation exclusions described,2011,2013
willoughby,Willoughby,2013,0.0,,,verified_zero_mapped_burn_within_source_scope,100.0,Landsat,unknown_incomplete_inventory_no_positive_record,unknown_incomplete_inventory_no_positive_record,2012.0,0.02,,3.4513,66.07,1.5588,79.68887769240459,71933.0,,12.0,Earlier measure excludes term deposits and uses different expense denominator; not converted,False,Early OLG/TCorp definitions; revaluation exclusions described,2014.0,6.2,10.816199999999998,75.28885575847931,12.0,False,Pre-AASB15/1058,2012,2014
willoughby,Willoughby,2014,0.0,,,verified_zero_mapped_burn_within_source_scope,100.0,Landsat,unknown_incomplete_inventory_no_positive_record,unknown_incomplete_inventory_no_positive_record,2013.0,11.14,8.3923,4.532,81.98,4.0299,62.10156935373818,73155.0,,12.0,"Includes term deposits; cash-flow-based measure, detailed vintage exclusions remain subject to audit",False,Early OLG/TCorp definitions; revaluation exclusions described,2015.0,8.98,12.08,100.34416299559471,12.0,False,Pre-AASB15/1058,2013,2015
willoughby,Willoughby,2015,0.0,,1.0,verified_zero_mapped_burn_within_source_scope,100.0,Landsat,unknown_incomplete_inventory_no_positive_record,observed_positive_partial_inventory_count_lower_bound,2014.0,6.2,10.816199999999998,3.99,82.94,3.0069,75.28885575847931,74166.0,,12.0,"Includes term deposits; cash-flow-based measure, detailed vintage exclusions remain subject to audit",False,Pre-AASB15/1058,2016.0,12.68,14.3609,100.0,12.0,False,Pre-AASB15/1058,2014,2016
willoughby,Willoughby,2016,0.0,,,verified_zero_mapped_burn_within_source_scope,100.0,Landsat 8,unknown_incomplete_inventory_no_positive_record,unknown_incomplete_inventory_no_positive_record,2015.0,8.98,12.08,4.27,77.49,3.74,100.34416299559471,76354.0,,12.0,"Includes term deposits; cash-flow-based measure, detailed vintage exclusions remain subject to audit",False,Pre-AASB15/1058,2017.0,10.74,18.61,100.0,12.0,False,Pre-AASB15/1058,2015,2017
willoughby,Willoughby,2017,0.0,0.0,0.0,verified_zero_mapped_burn_within_source_scope,100.0,Sentinel 2 (original mapping scope varies by year),no_listed_event_onset_not_physical_zero,no_listed_event_onset_not_physical_zero,2016.0,12.68,14.3609,4.7017,89.62,5.968500000000001,100.0,78017.0,212.0,12.0,"Includes term deposits; cash-flow-based measure, detailed vintage exclusions remain subject to audit",False,Pre-AASB15/1058,2018.0,6.22,17.67,100.007205649229,12.0,False,Pre-AASB15/1058,2016,2018
willoughby,Willoughby,2018,0.0,0.0,0.0,verified_zero_mapped_burn_within_source_scope,100.0,Sentinel 2 (original mapping scope varies by year),no_listed_event_onset_not_physical_zero,no_listed_event_onset_not_physical_zero,2017.0,10.74,18.61,4.66,78.76,6.8,100.0,79681.0,211.51,12.0,"Includes term deposits; cash-flow-based measure, detailed vintage exclusions remain subject to audit",False,Pre-AASB15/1058,2019.0,3.18,19.94,100.0100532823967,12.0,False,AASB15/1058 and lease regime,2017,2019
willoughby,Willoughby,2019,0.0,0.0,1.0,verified_zero_mapped_burn_within_source_scope,10.0,Sentinel 2 (original mapping scope varies by year),no_listed_event_onset_not_physical_zero,listed_event_onset,2018.0,6.22,17.67,4.76,79.49,8.61,100.007205649229,80339.0,211.33,12.0,"Includes term deposits; cash-flow-based measure, detailed vintage exclusions remain subject to audit",False,Pre-AASB15/1058,2020.0,-1.26,21.58,103.02267002518892,12.0,False,AASB15/1058 and lease regime,2018,2020
willoughby,Willoughby,2020,0.0,0.0,0.0,verified_zero_mapped_burn_within_source_scope,10.0,Sentinel 2 (original mapping scope varies by year),no_listed_event_onset_not_physical_zero,no_listed_event_onset_not_physical_zero,2019.0,3.18,19.94,5.38,76.45,5.33,100.0100532823967,81189.0,211.49,12.0,"Includes term deposits; cash-flow-based measure, detailed vintage exclusions remain subject to audit",False,AASB15/1058 and lease regime,2021.0,-2.42,21.9966,102.99899699097293,12.0,False,AASB15/1058 and lease regime,2019,2021
willoughby,Willoughby,2021,0.0,0.0,1.0,verified_zero_mapped_burn_within_source_scope,10.0,Sentinel 2 (original mapping scope varies by year),no_listed_event_onset_not_physical_zero,listed_event_onset,2020.0,-1.26,21.58,3.85,87.17,4.59,103.02267002518892,81196.0,211.71,12.0,"Includes term deposits; cash-flow-based measure, detailed vintage exclusions remain subject to audit",False,AASB15/1058 and lease regime,2022.0,-4.08,22.1796,103.39198980810572,12.0,False,AASB15/1058 and lease regime,2020,2022
willoughby,Willoughby,2022,0.0,0.0,0.0,verified_zero_mapped_burn_within_source_scope,10.0,Sentinel 2 (original mapping scope varies by year),no_listed_event_onset_not_physical_zero,no_listed_event_onset_not_physical_zero,2021.0,-2.42,21.9966,2.8972,84.29,4.5102,102.99899699097293,76034.0,211.72,12.0,"Includes term deposits; cash-flow-based measure, detailed vintage exclusions remain subject to audit",False,AASB15/1058 and lease regime,2023.0,-1.77,19.5009,101.28520809560987,12.0,False,AASB15/1058 and lease regime,2021,2023
willoughby,Willoughby,2023,0.0,0.0,0.0,verified_zero_mapped_burn_within_source_scope,10.0,Sentinel 2 (original mapping scope varies by year),no_listed_event_onset_not_physical_zero,no_listed_event_onset_not_physical_zero,2022.0,-4.08,22.1796,2.9909,79.94,4.1155,103.39198980810572,75473.0,211.7,12.0,"Includes term deposits; cash-flow-based measure, detailed vintage exclusions remain subject to audit",False,AASB15/1058 and lease regime,2024.0,,,115.40027137042064,12.0,False,Six fiscal ratios not collected by OLG,2022,2024
willoughby,Willoughby,2024,,0.0,0.0,unknown_source_not_acquired,,Sentinel 2 (original mapping scope varies by year),no_listed_event_onset_not_physical_zero,no_listed_event_onset_not_physical_zero,2023.0,-1.77,19.5009,3.1723,71.8,5.1413,101.28520809560987,79634.0,211.7,12.0,"Includes term deposits; cash-flow-based measure, detailed vintage exclusions remain subject to audit",False,AASB15/1058 and lease regime,,,,,,,,2023,2025
wingecarribee,Wingecarribee,2012,0.0,0.0,0.0,verified_zero_mapped_burn_within_source_scope,100.0,Landsat,no_listed_event_in_complete_published_list_not_physical_zero,no_listed_event_in_complete_published_list_not_physical_zero,,,,,,,,,,,,,,2013.0,-7.57,12.9557,94.50770936208808,12.0,False,Early OLG/TCorp definitions; revaluation exclusions described,2011,2013
wingecarribee,Wingecarribee,2013,0.0,1.0,,verified_zero_mapped_burn_within_source_scope,100.0,Landsat,observed_positive_partial_inventory_count_lower_bound,unknown_incomplete_inventory_no_positive_record,2012.0,-5.27,,2.7527,71.08,4.6544,81.06980776011135,46416.0,,12.0,Earlier measure excludes term deposits and uses different expense denominator; not converted,False,Early OLG/TCorp definitions; revaluation exclusions described,2014.0,-3.08,15.4579,95.24021105248542,12.0,False,Pre-AASB15/1058,2012,2014
wingecarribee,Wingecarribee,2014,0.0,,,verified_zero_mapped_burn_within_source_scope,100.0,Landsat,unknown_incomplete_inventory_no_positive_record,unknown_incomplete_inventory_no_positive_record,2013.0,-7.57,12.9557,3.2688,85.11999999999999,3.7768,94.50770936208808,47054.0,,12.0,"Includes term deposits; cash-flow-based measure, detailed vintage exclusions remain subject to audit",False,Early OLG/TCorp definitions; revaluation exclusions described,2015.0,6.51,15.89,81.25437491250175,12.0,False,Pre-AASB15/1058,2013,2015
wingecarribee,Wingecarribee,2015,0.0,,1.0,verified_zero_mapped_burn_within_source_scope,100.0,Landsat,unknown_incomplete_inventory_no_positive_record,observed_positive_partial_inventory_count_lower_bound,2014.0,-3.08,15.4579,4.8567,79.72,4.2007,95.24021105248542,47584.0,,12.0,"Includes term deposits; cash-flow-based measure, detailed vintage exclusions remain subject to audit",False,Pre-AASB15/1058,2016.0,9.02,18.7887,105.71461690042888,12.0,False,Pre-AASB15/1058,2014,2016
wingecarribee,Wingecarribee,2016,0.0,,1.0,verified_zero_mapped_burn_within_source_scope,100.0,Landsat 8,unknown_incomplete_inventory_no_positive_record,observed_positive_partial_inventory_count_lower_bound,2015.0,6.51,15.89,5.4,74.94,5.28,81.25437491250175,48028.0,,12.0,"Includes term deposits; cash-flow-based measure, detailed vintage exclusions remain subject to audit",False,Pre-AASB15/1058,2017.0,6.07,22.07,85.65080044975103,12.0,False,Pre-AASB15/1058,2015,2017
wingecarribee,Wingecarribee,2017,0.0,0.0,0.0,verified_zero_mapped_burn_within_source_scope,100.0,Sentinel 2 (original mapping scope varies by year),no_listed_event_onset_not_physical_zero,no_listed_event_onset_not_physical_zero,2016.0,9.02,18.7887,4.8625,67.05,5.9829,105.71461690042888,49070.0,1206.4,12.0,"Includes term deposits; cash-flow-based measure, detailed vintage exclusions remain subject to audit",False,Pre-AASB15/1058,2018.0,6.07,22.85,98.00636146768149,12.0,False,Pre-AASB15/1058,2016,2018
wingecarribee,Wingecarribee,2018,0.0,0.0,0.0,verified_zero_mapped_burn_within_source_scope,100.0,Sentinel 2 (original mapping scope varies by year),no_listed_event_onset_not_physical_zero,no_listed_event_onset_not_physical_zero,2017.0,6.07,22.07,4.53,63.46,6.18,85.65080044975103,49649.0,1214.84,12.0,"Includes term deposits; cash-flow-based measure, detailed vintage exclusions remain subject to audit",False,Pre-AASB15/1058,2019.0,7.03,24.13,102.68341115225677,12.0,False,AASB15/1058 and lease regime,2017,2019
wingecarribee,Wingecarribee,2019,70946.77,1.0,1.0,mapped_burn_positive,10.0,Sentinel 2 (original mapping scope varies by year),listed_event_onset,listed_event_onset,2018.0,6.07,22.85,5.39,67.81,4.78,98.00636146768149,50493.0,1223.9599999999998,12.0,"Includes term deposits; cash-flow-based measure, detailed vintage exclusions remain subject to audit",False,Pre-AASB15/1058,2020.0,2.96,22.41,119.44322802627464,12.0,False,AASB15/1058 and lease regime,2018,2020
wingecarribee,Wingecarribee,2020,0.0,0.0,1.0,verified_zero_mapped_burn_within_source_scope,10.0,Sentinel 2 (original mapping scope varies by year),no_listed_event_onset_not_physical_zero,listed_event_onset,2019.0,7.03,24.13,5.72,73.35,7.2,102.68341115225677,51134.0,1236.9,12.0,"Includes term deposits; cash-flow-based measure, detailed vintage exclusions remain subject to audit",False,AASB15/1058 and lease regime,2021.0,-1.82,23.7587,116.03111708895273,12.0,False,AASB15/1058 and lease regime,2019,2021
wingecarribee,Wingecarribee,2021,0.0,0.0,1.0,verified_zero_mapped_burn_within_source_scope,10.0,Sentinel 2 (original mapping scope varies by year),no_listed_event_onset_not_physical_zero,listed_event_onset,2020.0,2.96,22.41,5.15,71.0,7.66,119.44322802627464,51760.0,1239.65,12.0,"Includes term deposits; cash-flow-based measure, detailed vintage exclusions remain subject to audit",False,AASB15/1058 and lease regime,2022.0,-3.2,17.679,104.42970970078564,12.0,False,AASB15/1058 and lease regime,2020,2022
wingecarribee,Wingecarribee,2022,0.0,0.0,1.0,verified_zero_mapped_burn_within_source_scope,10.0,Sentinel 2 (original mapping scope varies by year),no_listed_event_onset_not_physical_zero,listed_event_onset,2021.0,-1.82,23.7587,4.3438,66.67,7.2791,116.03111708895273,52456.0,1241.63,12.0,"Includes term deposits; cash-flow-based measure, detailed vintage exclusions remain subject to audit",False,AASB15/1058 and lease regime,2023.0,1.27,23.5216,104.57675490273088,12.0,False,AASB15/1058 and lease regime,2021,2023
wingecarribee,Wingecarribee,2023,179.98,0.0,1.0,mapped_burn_positive,10.0,Sentinel 2 (original mapping scope varies by year),no_listed_event_onset_not_physical_zero,listed_event_onset,2022.0,-3.2,17.679,3.0335,67.66,4.9068,104.42970970078564,52795.0,1242.0600000000002,12.0,"Includes term deposits; cash-flow-based measure, detailed vintage exclusions remain subject to audit",False,AASB15/1058 and lease regime,2024.0,,,98.2204094357269,12.0,False,Six fiscal ratios not collected by OLG,2022,2024
wingecarribee,Wingecarribee,2024,,0.0,1.0,unknown_source_not_acquired,,Sentinel 2 (original mapping scope varies by year),no_listed_event_onset_not_physical_zero,listed_event_onset,2023.0,1.27,23.5216,2.7785,71.31,10.6066,104.57675490273088,53552.0,1190.03,12.0,"Includes term deposits; cash-flow-based measure, detailed vintage exclusions remain subject to audit",False,AASB15/1058 and lease regime,,,,,,,,2023,2025
wollondilly,Wollondilly,2012,585.7448711265288,0.0,0.0,observed_positive_mapped_burn_within_source_scope,100.0,Landsat,no_listed_event_in_complete_published_list_not_physical_zero,no_listed_event_in_complete_published_list_not_physical_zero,,,,,,,,,,,,,,2013.0,-17.549999999999997,10.794,158.83943427620633,12.0,False,Early OLG/TCorp definitions; revaluation exclusions described,2011,2013
wollondilly,Wollondilly,2013,0.0,1.0,,verified_zero_mapped_burn_within_source_scope,100.0,Landsat,observed_positive_partial_inventory_count_lower_bound,unknown_incomplete_inventory_no_positive_record,2012.0,-9.63,,2.7594,65.09,3.38,85.21262266692322,45322.0,,12.0,Earlier measure excludes term deposits and uses different expense denominator; not converted,False,Early OLG/TCorp definitions; revaluation exclusions described,2014.0,-12.0,8.7228,57.29703608247423,12.0,False,Pre-AASB15/1058,2012,2014
wollondilly,Wollondilly,2014,0.0,,1.0,verified_zero_mapped_burn_within_source_scope,100.0,Landsat,unknown_incomplete_inventory_no_positive_record,observed_positive_partial_inventory_count_lower_bound,2013.0,-17.549999999999997,10.794,3.1768,76.35,1.9161,158.83943427620633,46295.0,,12.0,"Includes term deposits; cash-flow-based measure, detailed vintage exclusions remain subject to audit",False,Early OLG/TCorp definitions; revaluation exclusions described,2015.0,-11.65,8.59,91.6173509852968,12.0,False,Pre-AASB15/1058,2013,2015
wollondilly,Wollondilly,2015,0.0,,1.0,verified_zero_mapped_burn_within_source_scope,100.0,Landsat,unknown_incomplete_inventory_no_positive_record,observed_positive_partial_inventory_count_lower_bound,2014.0,-12.0,8.7228,3.4162,60.44,1.9967,57.29703608247423,47084.0,,12.0,"Includes term deposits; cash-flow-based measure, detailed vintage exclusions remain subject to audit",False,Pre-AASB15/1058,2016.0,0.86,10.4027,123.94831914763334,12.0,False,Pre-AASB15/1058,2014,2016
wollondilly,Wollondilly,2016,0.0,,,verified_zero_mapped_burn_within_source_scope,100.0,Landsat 8,unknown_incomplete_inventory_no_positive_record,unknown_incomplete_inventory_no_positive_record,2015.0,-11.65,8.59,3.36,60.26,2.34,91.6173509852968,47997.0,,12.0,"Includes term deposits; cash-flow-based measure, detailed vintage exclusions remain subject to audit",False,Pre-AASB15/1058,2017.0,-26.58,9.9,189.22608004240655,12.0,False,Pre-AASB15/1058,2015,2017
wollondilly,Wollondilly,2017,20.82,0.0,0.0,mapped_burn_positive,100.0,Sentinel 2 (original mapping scope varies by year),no_listed_event_onset_not_physical_zero,no_listed_event_onset_not_physical_zero,2016.0,0.86,10.4027,2.9901999999999997,69.71,4.1945,123.94831914763334,49742.0,872.97,12.0,"Includes term deposits; cash-flow-based measure, detailed vintage exclusions remain subject to audit",False,Pre-AASB15/1058,2018.0,6.6,12.5,170.87289029535864,12.0,False,Pre-AASB15/1058,2016,2018
wollondilly,Wollondilly,2018,1.83,0.0,1.0,mapped_burn_positive,100.0,Sentinel 2 (original mapping scope varies by year),no_listed_event_onset_not_physical_zero,listed_event_onset,2017.0,-26.58,9.9,2.69,69.49,1.46,189.22608004240655,51002.0,865.8630999999999,12.0,"Includes term deposits; cash-flow-based measure, detailed vintage exclusions remain subject to audit",False,Pre-AASB15/1058,2019.0,-12.7,11.61,101.15122228538942,12.0,False,AASB15/1058 and lease regime,2017,2019
wollondilly,Wollondilly,2019,147484.09,1.0,1.0,mapped_burn_positive,10.0,Sentinel 2 (original mapping scope varies by year),listed_event_onset,listed_event_onset,2018.0,6.6,12.5,2.25,66.35,5.67,170.87289029535864,52230.0,874.5859,12.0,"Includes term deposits; cash-flow-based measure, detailed vintage exclusions remain subject to audit",False,Pre-AASB15/1058,2020.0,-7.04,11.63,,12.0,True,AASB15/1058 and lease regime,2018,2020
wollondilly,Wollondilly,2020,0.0,0.0,1.0,verified_zero_mapped_burn_within_source_scope,10.0,Sentinel 2 (original mapping scope varies by year),no_listed_event_onset_not_physical_zero,listed_event_onset,2019.0,-12.7,11.61,1.39,50.0,2.1,101.15122228538942,53149.0,874.6331500000001,12.0,"Includes term deposits; cash-flow-based measure, detailed vintage exclusions remain subject to audit",False,AASB15/1058 and lease regime,2021.0,-8.95,9.0777,69.4951938379273,12.0,False,AASB15/1058 and lease regime,2019,2021
wollondilly,Wollondilly,2021,0.0,0.0,1.0,verified_zero_mapped_burn_within_source_scope,10.0,Sentinel 2 (original mapping scope varies by year),no_listed_event_onset_not_physical_zero,listed_event_onset,2020.0,-7.04,11.63,1.44,52.33,5.92,,54005.0,883.5340700000002,12.0,"Includes term deposits; cash-flow-based measure, detailed vintage exclusions remain subject to audit",True,AASB15/1058 and lease regime,2022.0,-4.51,7.3782,92.52930767529308,12.0,False,AASB15/1058 and lease regime,2020,2022
wollondilly,Wollondilly,2022,0.0,0.0,0.0,verified_zero_mapped_burn_within_source_scope,10.0,Sentinel 2 (original mapping scope varies by year),no_listed_event_onset_not_physical_zero,no_listed_event_onset_not_physical_zero,2021.0,-8.95,9.0777,1.2102,47.33,4.2071,69.4951938379273,54176.0,890.8720000000001,12.0,"Includes term deposits; cash-flow-based measure, detailed vintage exclusions remain subject to audit",False,AASB15/1058 and lease regime,2023.0,-5.88,6.4131,83.57216803792295,12.0,False,AASB15/1058 and lease regime,2021,2023
wollondilly,Wollondilly,2023,0.0,0.0,1.0,verified_zero_mapped_burn_within_source_scope,10.0,Sentinel 2 (original mapping scope varies by year),no_listed_event_onset_not_physical_zero,listed_event_onset,2022.0,-4.51,7.3782,1.3815,39.85,3.5937,92.52930767529308,55801.0,903.4,12.0,"Includes term deposits; cash-flow-based measure, detailed vintage exclusions remain subject to audit",False,AASB15/1058 and lease regime,2024.0,,,72.0188075230092,12.0,False,Six fiscal ratios not collected by OLG,2022,2024
wollondilly,Wollondilly,2024,,0.0,1.0,unknown_source_not_acquired,,Sentinel 2 (original mapping scope varies by year),no_listed_event_onset_not_physical_zero,listed_event_onset,2023.0,-5.88,6.4131,1.7151,49.5,5.0147,83.57216803792295,59782.0,912.76769,12.0,"Includes term deposits; cash-flow-based measure, detailed vintage exclusions remain subject to audit",False,AASB15/1058 and lease regime,,,,,,,,2023,2025
wollongong,Wollongong,2012,1430.7405842454357,0.0,0.0,observed_positive_mapped_burn_within_source_scope,100.0,Landsat,no_listed_event_in_complete_published_list_not_physical_zero,no_listed_event_in_complete_published_list_not_physical_zero,,,,,,,,,,,,,,2013.0,-6.529999999999999,7.1535,78.88114909012366,12.0,False,Early OLG/TCorp definitions; revaluation exclusions described,2011,2013
wollongong,Wollongong,2013,0.0,1.0,,verified_zero_mapped_burn_within_source_scope,100.0,Landsat,observed_positive_partial_inventory_count_lower_bound,unknown_incomplete_inventory_no_positive_record,2012.0,-6.239999999999999,,2.0134,67.86,7.5725,69.56115294728642,203025.0,,12.0,Earlier measure excludes term deposits and uses different expense denominator; not converted,False,Early OLG/TCorp definitions; revaluation exclusions described,2014.0,2.31,8.0124,97.4951500627639,12.0,False,Pre-AASB15/1058,2012,2014
wollongong,Wollongong,2014,0.0,,,verified_zero_mapped_burn_within_source_scope,100.0,Landsat,unknown_incomplete_inventory_no_positive_record,unknown_incomplete_inventory_no_positive_record,2013.0,-6.529999999999999,7.1535,1.7316,79.7,5.8662,78.88114909012366,205231.0,,12.0,"Includes term deposits; cash-flow-based measure, detailed vintage exclusions remain subject to audit",False,Early OLG/TCorp definitions; revaluation exclusions described,2015.0,0.26,7.29,97.4019031326847,12.0,False,Pre-AASB15/1058,2013,2015
wollongong,Wollongong,2015,390.81063741053646,,1.0,observed_positive_mapped_burn_within_source_scope,100.0,Landsat,unknown_incomplete_inventory_no_positive_record,observed_positive_partial_inventory_count_lower_bound,2014.0,2.31,8.0124,2.1857,80.57,7.5982,97.4951500627639,206794.0,,12.0,"Includes term deposits; cash-flow-based measure, detailed vintage exclusions remain subject to audit",False,Pre-AASB15/1058,2016.0,10.74,6.8892999999999995,98.06962547434416,12.0,False,Pre-AASB15/1058,2014,2016
wollongong,Wollongong,2016,0.0,,1.0,verified_zero_mapped_burn_within_source_scope,100.0,Landsat 8,unknown_incomplete_inventory_no_positive_record,observed_positive_partial_inventory_count_lower_bound,2015.0,0.26,7.29,2.25,79.55,6.44,97.4019031326847,208875.0,,12.0,"Includes term deposits; cash-flow-based measure, detailed vintage exclusions remain subject to audit",False,Pre-AASB15/1058,2017.0,2.76,5.83,98.53540406896651,12.0,False,Pre-AASB15/1058,2015,2017
wollongong,Wollongong,2017,14.78,0.0,0.0,mapped_burn_positive,100.0,Sentinel 2 (original mapping scope varies by year),no_listed_event_onset_not_physical_zero,no_listed_event_onset_not_physical_zero,2016.0,10.74,6.8892999999999995,2.6471,74.75,8.5101,98.06962547434416,211201.0,1019.93,12.0,"Includes term deposits; cash-flow-based measure, detailed vintage exclusions remain subject to audit",False,Pre-AASB15/1058,2018.0,-0.48,5.45,100.33500139004728,12.0,False,Pre-AASB15/1058,2016,2018
wollongong,Wollongong,2018,0.0,0.0,0.0,verified_zero_mapped_burn_within_source_scope,100.0,Sentinel 2 (original mapping scope varies by year),no_listed_event_onset_not_physical_zero,no_listed_event_onset_not_physical_zero,2017.0,2.76,5.83,2.93,77.06,6.3,98.53540406896651,213132.0,1029.1,12.0,"Includes term deposits; cash-flow-based measure, detailed vintage exclusions remain subject to audit",False,Pre-AASB15/1058,2019.0,-1.62,5.63,101.2166083301888,12.0,False,AASB15/1058 and lease regime,2017,2019
wollongong,Wollongong,2019,0.0,0.0,1.0,verified_zero_mapped_burn_within_source_scope,10.0,Sentinel 2 (original mapping scope varies by year),no_listed_event_onset_not_physical_zero,listed_event_onset,2018.0,-0.48,5.45,2.7,73.8,5.77,100.33500139004728,216071.0,1039.14,12.0,"Includes term deposits; cash-flow-based measure, detailed vintage exclusions remain subject to audit",False,Pre-AASB15/1058,2020.0,0.95,5.78,93.43106224665443,12.0,False,AASB15/1058 and lease regime,2018,2020
wollongong,Wollongong,2020,0.0,0.0,1.0,verified_zero_mapped_burn_within_source_scope,10.0,Sentinel 2 (original mapping scope varies by year),no_listed_event_onset_not_physical_zero,listed_event_onset,2019.0,-1.62,5.63,2.36,76.1,5.25,101.2166083301888,218114.0,1049.75,12.0,"Includes term deposits; cash-flow-based measure, detailed vintage exclusions remain subject to audit",False,AASB15/1058 and lease regime,2021.0,4.89,4.9588,77.57533409031356,12.0,False,AASB15/1058 and lease regime,2019,2021
wollongong,Wollongong,2021,32.03,0.0,1.0,mapped_burn_positive,10.0,Sentinel 2 (original mapping scope varies by year),no_listed_event_onset_not_physical_zero,listed_event_onset,2020.0,0.95,5.78,2.15,79.74,8.49,93.43106224665443,219798.0,1050.24,12.0,"Includes term deposits; cash-flow-based measure, detailed vintage exclusions remain subject to audit",False,AASB15/1058 and lease regime,2022.0,-1.11,5.4251,82.06449210142453,12.0,False,AASB15/1058 and lease regime,2020,2022
wollongong,Wollongong,2022,0.0,0.0,1.0,verified_zero_mapped_burn_within_source_scope,10.0,Sentinel 2 (original mapping scope varies by year),no_listed_event_onset_not_physical_zero,listed_event_onset,2021.0,4.89,4.9588,2.4826,74.76,12.7453,77.57533409031356,214657.0,1063.4,12.0,"Includes term deposits; cash-flow-based measure, detailed vintage exclusions remain subject to audit",False,AASB15/1058 and lease regime,2023.0,-15.39,4.2478,83.47504057034273,12.0,False,AASB15/1058 and lease regime,2021,2023
wollongong,Wollongong,2023,0.0,0.0,1.0,verified_zero_mapped_burn_within_source_scope,10.0,Sentinel 2 (original mapping scope varies by year),no_listed_event_onset_not_physical_zero,listed_event_onset,2022.0,-1.11,5.4251,2.6124,69.69,15.9293,82.06449210142453,216431.0,1067.65,12.0,"Includes term deposits; cash-flow-based measure, detailed vintage exclusions remain subject to audit",False,AASB15/1058 and lease regime,2024.0,,,132.29336093449652,12.0,False,Six fiscal ratios not collected by OLG,2022,2024
wollongong,Wollongong,2024,,0.0,0.0,unknown_source_not_acquired,,Sentinel 2 (original mapping scope varies by year),no_listed_event_onset_not_physical_zero,no_listed_event_onset_not_physical_zero,2023.0,-15.39,4.2478,2.6975,68.84,9.6805,83.47504057034273,221894.0,1073.63,12.0,"Includes term deposits; cash-flow-based measure, detailed vintage exclusions remain subject to audit",False,AASB15/1058 and lease regime,,,,,,,,2023,2025
woollahra,Woollahra,2012,0.0,0.0,0.0,verified_zero_mapped_burn_within_source_scope,100.0,Landsat,no_listed_event_in_complete_published_list_not_physical_zero,no_listed_event_in_complete_published_list_not_physical_zero,,,,,,,,,,,,,,2013.0,-2.78,4.9234,95.41943596191844,12.0,False,Early OLG/TCorp definitions; revaluation exclusions described,2011,2013
woollahra,Woollahra,2013,0.0,,,verified_zero_mapped_burn_within_source_scope,100.0,Landsat,unknown_incomplete_inventory_no_positive_record,unknown_incomplete_inventory_no_positive_record,2012.0,-6.09,,2.7394,72.23,4.7404,109.78991596638656,56986.0,,12.0,Earlier measure excludes term deposits and uses different expense denominator; not converted,False,Early OLG/TCorp definitions; revaluation exclusions described,2014.0,7.69,14.0535,102.89830792427544,12.0,False,Pre-AASB15/1058,2012,2014
woollahra,Woollahra,2014,0.0,,,verified_zero_mapped_burn_within_source_scope,100.0,Landsat,unknown_incomplete_inventory_no_positive_record,unknown_incomplete_inventory_no_positive_record,2013.0,-2.78,4.9234,7.1188,92.38,5.2506,95.41943596191844,57677.0,,12.0,"Includes term deposits; cash-flow-based measure, detailed vintage exclusions remain subject to audit",False,Early OLG/TCorp definitions; revaluation exclusions described,2015.0,-4.91,4.71,99.34016426401122,12.0,False,Pre-AASB15/1058,2013,2015
woollahra,Woollahra,2015,0.0,,1.0,verified_zero_mapped_burn_within_source_scope,100.0,Landsat,unknown_incomplete_inventory_no_positive_record,observed_positive_partial_inventory_count_lower_bound,2014.0,7.69,14.0535,4.3722,92.54,3.5633999999999997,102.89830792427544,58619.0,,12.0,"Includes term deposits; cash-flow-based measure, detailed vintage exclusions remain subject to audit",False,Pre-AASB15/1058,2016.0,4.34,6.9661,99.70094317920405,12.0,False,Pre-AASB15/1058,2014,2016
woollahra,Woollahra,2016,0.0,,,verified_zero_mapped_burn_within_source_scope,100.0,Landsat 8,unknown_incomplete_inventory_no_positive_record,unknown_incomplete_inventory_no_positive_record,2015.0,-4.91,4.71,2.67,92.2,0.18,99.34016426401122,59307.0,,12.0,"Includes term deposits; cash-flow-based measure, detailed vintage exclusions remain subject to audit",False,Pre-AASB15/1058,2017.0,3.73,8.6,107.2389194246287,12.0,False,Pre-AASB15/1058,2015,2017
woollahra,Woollahra,2017,0.0,0.0,0.0,verified_zero_mapped_burn_within_source_scope,100.0,Sentinel 2 (original mapping scope varies by year),no_listed_event_onset_not_physical_zero,no_listed_event_onset_not_physical_zero,2016.0,4.34,6.9661,3.8749,90.4,3.0005,99.70094317920405,58290.0,145.82,12.0,"Includes term deposits; cash-flow-based measure, detailed vintage exclusions remain subject to audit",False,Pre-AASB15/1058,2018.0,-1.4,9.65,100.56941712392587,12.0,False,Pre-AASB15/1058,2016,2018
woollahra,Woollahra,2018,0.0,0.0,1.0,verified_zero_mapped_burn_within_source_scope,100.0,Sentinel 2 (original mapping scope varies by year),no_listed_event_onset_not_physical_zero,listed_event_onset,2017.0,3.73,8.6,4.46,91.55,2.94,107.2389194246287,58456.0,145.82,12.0,"Includes term deposits; cash-flow-based measure, detailed vintage exclusions remain subject to audit",False,Pre-AASB15/1058,2019.0,-8.12,8.68,111.16545950522058,12.0,False,AASB15/1058 and lease regime,2017,2019
woollahra,Woollahra,2019,0.0,0.0,1.0,verified_zero_mapped_burn_within_source_scope,10.0,Sentinel 2 (original mapping scope varies by year),no_listed_event_onset_not_physical_zero,listed_event_onset,2018.0,-1.4,9.65,4.37,92.55,2.7,100.56941712392587,58964.0,145.82,12.0,"Includes term deposits; cash-flow-based measure, detailed vintage exclusions remain subject to audit",False,Pre-AASB15/1058,2020.0,-15.12,6.02,115.24540718398684,12.0,False,AASB15/1058 and lease regime,2018,2020
woollahra,Woollahra,2020,0.0,0.0,0.0,verified_zero_mapped_burn_within_source_scope,10.0,Sentinel 2 (original mapping scope varies by year),no_listed_event_onset_not_physical_zero,no_listed_event_onset_not_physical_zero,2019.0,-8.12,8.68,4.04,86.06,1.65,111.16545950522058,59387.0,145.82,12.0,"Includes term deposits; cash-flow-based measure, detailed vintage exclusions remain subject to audit",False,AASB15/1058 and lease regime,2021.0,-4.58,11.0529,99.6170079724871,12.0,False,AASB15/1058 and lease regime,2019,2021
woollahra,Woollahra,2021,0.0,0.0,0.0,verified_zero_mapped_burn_within_source_scope,10.0,Sentinel 2 (original mapping scope varies by year),no_listed_event_onset_not_physical_zero,no_listed_event_onset_not_physical_zero,2020.0,-15.12,6.02,3.94,90.37,0.14,115.24540718398684,59431.0,145.82,12.0,"Includes term deposits; cash-flow-based measure, detailed vintage exclusions remain subject to audit",False,AASB15/1058 and lease regime,2022.0,3.64,12.9322,96.14492753623188,12.0,False,AASB15/1058 and lease regime,2020,2022
woollahra,Woollahra,2022,0.0,0.0,0.0,verified_zero_mapped_burn_within_source_scope,10.0,Sentinel 2 (original mapping scope varies by year),no_listed_event_onset_not_physical_zero,no_listed_event_onset_not_physical_zero,2021.0,-4.58,11.0529,3.4935,87.25,2.0987,99.6170079724871,53891.0,145.82,12.0,"Includes term deposits; cash-flow-based measure, detailed vintage exclusions remain subject to audit",False,AASB15/1058 and lease regime,2023.0,5.44,1.9992,100.26554201811932,12.0,False,AASB15/1058 and lease regime,2021,2023
woollahra,Woollahra,2023,0.0,0.0,0.0,verified_zero_mapped_burn_within_source_scope,10.0,Sentinel 2 (original mapping scope varies by year),no_listed_event_onset_not_physical_zero,no_listed_event_onset_not_physical_zero,2022.0,3.64,12.9322,3.4078,86.68,3.6336,96.14492753623188,53505.0,145.82,12.0,"Includes term deposits; cash-flow-based measure, detailed vintage exclusions remain subject to audit",False,AASB15/1058 and lease regime,2024.0,,,98.42736248236952,12.0,False,Six fiscal ratios not collected by OLG,2022,2024
woollahra,Woollahra,2024,,0.0,0.0,unknown_source_not_acquired,,Sentinel 2 (original mapping scope varies by year),no_listed_event_onset_not_physical_zero,no_listed_event_onset_not_physical_zero,2023.0,5.44,1.9992,4.4192,84.7,4.1751,100.26554201811932,55175.0,145.82,12.0,"Includes term deposits; cash-flow-based measure, detailed vintage exclusions remain subject to audit",False,AASB15/1058 and lease regime,,,,,,,,2023,2025
yassvalley,Yass Valley,2012,3988.2321369695496,1.0,0.0,observed_positive_mapped_burn_within_source_scope,100.0,Landsat,observed_positive_in_complete_published_list,no_listed_event_in_complete_published_list_not_physical_zero,,,,,,,,,,,,,,2013.0,-29.68,5.7433,60.98076516592687,12.0,False,Early OLG/TCorp definitions; revaluation exclusions described,2011,2013
yassvalley,Yass Valley,2013,0.0,,,verified_zero_mapped_burn_within_source_scope,100.0,Landsat,unknown_incomplete_inventory_no_positive_record,unknown_incomplete_inventory_no_positive_record,2012.0,-13.43,,3.9054,52.23,2.3694,35.49880735232215,15981.0,,12.0,Earlier measure excludes term deposits and uses different expense denominator; not converted,False,Early OLG/TCorp definitions; revaluation exclusions described,2014.0,-17.5,6.575900000000001,98.01710023649264,12.0,False,Pre-AASB15/1058,2012,2014
yassvalley,Yass Valley,2014,0.0,,,verified_zero_mapped_burn_within_source_scope,100.0,Landsat,unknown_incomplete_inventory_no_positive_record,unknown_incomplete_inventory_no_positive_record,2013.0,-29.68,5.7433,3.3461,71.93,0.9012,60.98076516592687,16270.0,,12.0,"Includes term deposits; cash-flow-based measure, detailed vintage exclusions remain subject to audit",False,Early OLG/TCorp definitions; revaluation exclusions described,2015.0,-2.06,4.51,96.16226658081132,12.0,False,Pre-AASB15/1058,2013,2015
yassvalley,Yass Valley,2015,0.0,,,verified_zero_mapped_burn_within_source_scope,100.0,Landsat,unknown_incomplete_inventory_no_positive_record,unknown_incomplete_inventory_no_positive_record,2014.0,-17.5,6.575900000000001,2.2349,68.33,1.884,98.01710023649264,16433.0,,12.0,"Includes term deposits; cash-flow-based measure, detailed vintage exclusions remain subject to audit",False,Pre-AASB15/1058,2016.0,-2.32,7.639500000000001,95.38764982551965,12.0,False,Pre-AASB15/1058,2014,2016
yassvalley,Yass Valley,2016,729.379691321853,1.0,1.0,observed_positive_mapped_burn_within_source_scope,100.0,Landsat 8,observed_positive_partial_inventory_count_lower_bound,observed_positive_partial_inventory_count_lower_bound,2015.0,-2.06,4.51,2.04,61.03,2.18,96.16226658081132,16564.0,,12.0,"Includes term deposits; cash-flow-based measure, detailed vintage exclusions remain subject to audit",False,Pre-AASB15/1058,2017.0,5.49,8.83,98.40225563909776,12.0,False,Pre-AASB15/1058,2015,2017
yassvalley,Yass Valley,2017,0.0,0.0,0.0,verified_zero_mapped_burn_within_source_scope,100.0,Sentinel 2 (original mapping scope varies by year),no_listed_event_onset_not_physical_zero,no_listed_event_onset_not_physical_zero,2016.0,-2.32,7.639500000000001,1.7685,63.67,2.5843000000000003,95.38764982551965,16628.0,1236.036,12.0,"Includes term deposits; cash-flow-based measure, detailed vintage exclusions remain subject to audit",False,Pre-AASB15/1058,2018.0,5.1,9.12,98.03435114503816,12.0,False,Pre-AASB15/1058,2016,2018
yassvalley,Yass Valley,2018,0.0,0.0,0.0,verified_zero_mapped_burn_within_source_scope,100.0,Sentinel 2 (original mapping scope varies by year),no_listed_event_onset_not_physical_zero,no_listed_event_onset_not_physical_zero,2017.0,5.49,8.83,2.86,61.46,3.14,98.40225563909776,16739.0,1240.03,12.0,"Includes term deposits; cash-flow-based measure, detailed vintage exclusions remain subject to audit",False,Pre-AASB15/1058,2019.0,12.08,9.37,100.0,12.0,False,AASB15/1058 and lease regime,2017,2019
yassvalley,Yass Valley,2019,0.0,0.0,0.0,verified_zero_mapped_burn_within_source_scope,10.0,Sentinel 2 (original mapping scope varies by year),no_listed_event_onset_not_physical_zero,no_listed_event_onset_not_physical_zero,2018.0,5.1,9.12,3.94,64.27,3.57,98.03435114503816,16953.0,1240.13,12.0,"Includes term deposits; cash-flow-based measure, detailed vintage exclusions remain subject to audit",False,Pre-AASB15/1058,2020.0,-1.35,4.16,100.33266799733866,12.0,False,AASB15/1058 and lease regime,2018,2020
yassvalley,Yass Valley,2020,0.0,0.0,1.0,verified_zero_mapped_burn_within_source_scope,10.0,Sentinel 2 (original mapping scope varies by year),no_listed_event_onset_not_physical_zero,listed_event_onset,2019.0,12.08,9.37,1.33,60.23,3.2,100.0,17087.0,1252.241,12.0,"Includes term deposits; cash-flow-based measure, detailed vintage exclusions remain subject to audit",False,AASB15/1058 and lease regime,2021.0,3.76,16.4061,78.03514376996804,12.0,False,AASB15/1058 and lease regime,2019,2021
yassvalley,Yass Valley,2021,0.0,0.0,1.0,verified_zero_mapped_burn_within_source_scope,10.0,Sentinel 2 (original mapping scope varies by year),no_listed_event_onset_not_physical_zero,listed_event_onset,2020.0,-1.35,4.16,3.36,51.5,3.38,100.33266799733866,17321.0,1254.83,12.0,"Includes term deposits; cash-flow-based measure, detailed vintage exclusions remain subject to audit",False,AASB15/1058 and lease regime,2022.0,-2.72,9.6303,100.0,12.0,False,AASB15/1058 and lease regime,2020,2022
yassvalley,Yass Valley,2022,2008.91,1.0,1.0,mapped_burn_positive,10.0,Sentinel 2 (original mapping scope varies by year),listed_event_onset,listed_event_onset,2021.0,3.76,16.4061,2.3858,49.4,5.2514,78.03514376996804,17234.0,1258.952,12.0,"Includes term deposits; cash-flow-based measure, detailed vintage exclusions remain subject to audit",False,AASB15/1058 and lease regime,2023.0,-7.12,12.5751,75.28307097486882,12.0,False,AASB15/1058 and lease regime,2021,2023
yassvalley,Yass Valley,2023,221.83,0.0,1.0,mapped_burn_positive,10.0,Sentinel 2 (original mapping scope varies by year),no_listed_event_onset_not_physical_zero,listed_event_onset,2022.0,-2.72,9.6303,2.5208,49.84,0.891,100.0,17379.0,1259.632,12.0,"Includes term deposits; cash-flow-based measure, detailed vintage exclusions remain subject to audit",False,AASB15/1058 and lease regime,2024.0,,,67.4415817855003,12.0,False,Six fiscal ratios not collected by OLG,2022,2024
yassvalley,Yass Valley,2024,,1.0,0.0,unknown_source_not_acquired,,Sentinel 2 (original mapping scope varies by year),listed_event_onset,no_listed_event_onset_not_physical_zero,2023.0,-7.12,12.5751,2.785,49.45,4.7451,75.28307097486882,17647.0,1267.701,12.0,"Includes term deposits; cash-flow-based measure, detailed vintage exclusions remain subject to audit",False,AASB15/1058 and lease regime,,,,,,,,2023,2025
