agrn,region_id,region_name,fires_n,fire_names,first_fire_start,last_fire_end,burn_area_in_council_ha,share_of_council_burned,largest_fire_total_area_ha,max_fire_duration_days,max_ffdi,min_spei3,max_temp_c,min_rh_pct,max_wind_kmh,hotspots_n,severity_high_extreme_share,mean_slope_deg,dominant_vegetation,mean_canopy_pct,road_km_burned,homes_destroyed_by_these_fires,homes_destroyed_area_share,X15_pop_density,X16_regional_GDP_proxy_total_income_aud,X17_SEIFA,X18_remoteness,X19_cash_reserve,X20_own_source_revenue_ratio,X21_debt_burden,X22_historical_disaster_count,IL_job_loss_raw,IL_unemployment_rate_change_excess_pp,IL_business_count_change_pct,IL_business_count_change_excess_pct,SL_income_drop_raw,SL_income_drop_excess_pct,SL_vulnerable_loss_raw,SL_vulnerable_loss_excess,FP_budget_crowd_out_raw,FP_service_share_change_plus1_excess,FP_debt_ratio_change_raw,FP_operating_ratio_change_plus1_excess,FP_cash_cover_change_plus1_excess,DL_insurance_loss_raw,IL_total_income_change_excess_pct,FP_cash_cover_change_event_excess,FP_roads_share_change_plus1_excess,FP_renewals_ratio_change_plus1_excess,FP_grants_per_capita_change_plus1_excess,SL_rent_change_pct,SL_rent_change_excess_pct,dwellings_census,also_under_declarations,reported_area_burned_ha,reported_cause,reported_deaths,reported_facilities_destroyed,reported_fencing_km_lost,reported_fire_danger_rating,reported_homes_damaged,reported_homes_destroyed,reported_injuries,reported_livestock_lost,reported_other,reported_outbuildings_destroyed,DL_homes_destroyed_sourced,DL_homes_destroyed_sourced_scope,DL_homes_destroyed_sourced_source_type,DL_homes_destroyed_sourced_source,DL_homes_damaged_sourced,DL_homes_damaged_sourced_scope,DL_homes_damaged_sourced_source_type,DL_homes_damaged_sourced_source,DL_facilities_destroyed_sourced,DL_facilities_destroyed_sourced_scope,DL_facilities_destroyed_sourced_source_type,DL_facilities_destroyed_sourced_source,DL_facilities_damaged_sourced,DL_facilities_damaged_sourced_scope,DL_facilities_damaged_sourced_source_type,DL_facilities_damaged_sourced_source,DL_outbuildings_destroyed_sourced,DL_outbuildings_destroyed_sourced_scope,DL_outbuildings_destroyed_sourced_source_type,DL_outbuildings_destroyed_sourced_source,DL_outbuildings_damaged_sourced,DL_outbuildings_damaged_sourced_scope,DL_outbuildings_damaged_sourced_source_type,DL_outbuildings_damaged_sourced_source,DL_properties_destroyed_sourced,DL_properties_destroyed_sourced_scope,DL_properties_destroyed_sourced_source_type,DL_properties_destroyed_sourced_source,DL_properties_damaged_sourced,DL_properties_damaged_sourced_scope,DL_properties_damaged_sourced_source_type,DL_properties_damaged_sourced_source,DL_fencing_km_sourced,DL_fencing_km_sourced_scope,DL_fencing_km_sourced_source_type,DL_fencing_km_sourced_source,DL_livestock_lost_sourced,DL_livestock_lost_sourced_scope,DL_livestock_lost_sourced_source_type,DL_livestock_lost_sourced_source,SL_deaths_sourced,SL_deaths_sourced_scope,SL_deaths_sourced_source_type,SL_deaths_sourced_source,SL_injuries_sourced,SL_injuries_sourced_scope,SL_injuries_sourced_source_type,SL_injuries_sourced_source,DL_homes_destroyed_in_council,DL_homes_destroyed_basis,DL_homes_destroyed_per_1000_dwellings,X16_regional_GDP_sa4_popshare_proxy_aud_m,X16_grp_per_capita_sa4_aud,X16_grp_base_fy,X23_insurance_proxy_building_cover_required_share,X_socio_grp_reds_region_2020_aud_m,X_socio_accommodation_food_business_share_pre,IL_accommodation_food_business_change_pct,IL_retail_business_change_pct,IL_arts_recreation_business_change_pct,IL_agriculture_business_change_pct,IL_jobs_change_pct,IL_accommodation_food_jobs_change_pct,IL_own_business_income_change_pct,IL_business_exits_change_pct,IL_src_business_exits_event_fy,IL_src_business_entries_event_fy,IL_src_insolvency_business_debtors_event_fy,FP_reported_audit_lg2020_council_reported_damage_cost_estimate_aud,FP_reported_audit_lg2020_disaster_funding_received_aud,FP_reported_bcrrf1_grant_allocated_aud,FP_reported_bler_project_funding_in_lga_aud,FP_reported_bsbr_project_funding_in_lga_aud,FP_reported_epa_green_waste_grant_awarded_aud,FP_reported_epa_landfills_grant_awarded_aud,FP_reported_nbra_lga_package_grant_allocated_aud,FP_reported_black_summer_recovery_grants_total_aud,X_socio_pop_in_fire,X_socio_pop_within_1km,X_socio_pop_within_5km,X_socio_pop_within_5km_all_councils,X_socio_dwellings_in_fire,X_socio_dwellings_within_1km,X_socio_dwellings_within_5km,info_pop_census_year,SL_deaths_type,SL_deaths_responders,SL_deaths_type_basis,info_fire_start_quarter,X_socio_ntl_mean_qm4,X_socio_ntl_mean_qm1,info_ntl_mean_qp0,info_ntl_mean_qp1,IL_src_ntl_mean_qp2,IL_src_ntl_mean_qp4,info_ntl_mean_chg_pct_qp1_vs_qm1,info_ntl_mean_yoy_pct_qp1,info_ntl_mean_yoy_pct_qp4_vs_q0,info_ntl_mean_yoy_pct_qp1_ctrl_median,info_ntl_mean_yoy_pct_qp1_excess,X_socio_ntl_mean_exfire_qm4,X_socio_ntl_mean_exfire_qm1,info_ntl_mean_exfire_qp0,info_ntl_mean_exfire_qp1,IL_src_ntl_mean_exfire_qp2,IL_src_ntl_mean_exfire_qp4,info_ntl_mean_exfire_chg_pct_qp1_vs_qm1,info_ntl_mean_exfire_yoy_pct_qp1,info_ntl_mean_exfire_yoy_pct_qp4_vs_q0,info_ntl_mean_exfire_yoy_pct_qp1_ctrl_median,info_ntl_mean_exfire_yoy_pct_qp1_excess,X_socio_payroll_qm4,X_socio_payroll_qm1,IL_src_payroll_qp0,IL_src_payroll_qp1,IL_src_payroll_qp2,IL_src_payroll_qp4,IL_payroll_chg_pct_qp1_vs_qm1,IL_payroll_yoy_pct_qp1,IL_payroll_yoy_pct_qp4_vs_q0,info_payroll_yoy_pct_qp1_ctrl_median,IL_payroll_yoy_pct_qp1_excess,X_socio_nsw_sfd_sa_aud_m_qm1,X_socio_nsw_sfd_sa_aud_m_qp0,X_socio_nsw_sfd_sa_aud_m_qp1,X_socio_nsw_sfd_sa_aud_m_qp4,X_socio_nsw_sfd_chg_pct_qp1_vs_qm1,X_socio_nsw_sfd_yoy_pct_q0,info_ntl_window_product_change,DL_rank_homes_destroyed_per_1_000_dwellings,IL_rank_total_personal_income_fall_excess,IL_rank_business_count_fall_excess,FP_rank_cash_cover_drawdown_excess_fy_t_and_t_1,FP_rank_services_crowd_out_excess_t_1,FP_rank_renewals_ratio_rise_excess_t_1,SL_rank_income_support_recipients_rise_excess,DL,IL,FP,SL,Y_pillars_n,Y,Y_class_from_Y,Y_class,Y_class_excl_responder_deaths,Y_class_label,Y_norm,Y_class_reason
1052,10470,Bathurst Regional,3,"Hill End Rd, Tambaroora; Triangle Flat Rd, Gilmandyke; Diamond Swamp Rd, Meadow Flat",2023-03-04,2023-03-31,1829.828816050353,0.004792807120447399,18915.92196665133,28.0,23.21557540801095,-0.356609947962235,32.6,19,30.4,1728.268539874103,0.3406096788580552,7.885983255474385,Tussock Grasslands,12.68316126010548,2.62527603246724,6.0,0.57982617083676,11.57715262026717,1714348779.0,991.0,2,12.2047,70.46,6.424126277612925,10,-159,-0.0999999999999999,2.440318302387268,0.3942721507058273,5.775538250114521,-0.2808092035427094,-0.4298642533936651,1.16153123374708,-1.997238105189084,2.431792144051514,0.2095417561399628,12.62,-5.445500000000001,,-2.316953753429397,-2.923400000000002,0.5634148361825009,-12.545,310.0648962889139,2.380952380952381,-7.87918071039668,17518,,18000.0,,,,,,,,,,,5.0,,,,,,,,,,,,,,,,,,,,,,,,,,,,,,,,,,,,,,,,,,,,,,,,,,,,3045.3,69700.0,2020-21,0.3694,3104.0,0.04562334217506631,-5.232558139534882,-3.864734299516903,-3.57142857142857,-0.4267425320056861,1.1583808467273915,1.6820857863750982,-6.610576923076927,15.697674418604656,398.0,467.0,,,,,,,,,,,2.6198687448873974,33.438508606992556,427.63716342284005,3021.1457476146356,3.760684930088059,19.080661632507123,240.6552562482972,2021,,,,2023Q1,0.35442152014329736,0.3485971743126768,0.3625751037488109,0.5066726057186661,0.4355589435540496,0.38682453368511155,45.346159709316055,5.369399294188115,6.688112251937861,13.383681413046666,-8.014282118858551,0.35442152014329736,0.3485971743126768,0.3629043891528572,0.5066726057186661,0.4354318949328171,0.38692503785824095,45.346159709316055,5.373221059887956,6.6190019805095535,13.383681413046666,-8.01046035315871,103.35805826356236,106.27884455950061,105.4677876858967,106.27286664591286,,,-0.005624744616417043,0.43143604808673075,,-0.08365492828837362,0.5150909763751044,200479,202124,204345,204310,1.928381526244638,3.2999943782037855,False,,0.7090909090909091,0.2903225806451613,0.9195979899497487,0.22279792746113988,0.4824120603015075,0.47417840375586856,,0.49970674486803524,0.5416026592374653,0.47417840375586856,3,0.5051626026204564,2,2,2,Moderate,0.4810675458720746,from composite Y
1052,10950,Bogan,4,"Booramugga Rd, Girilambone; Mitchell Hwy, Coolabah; Booramugga Rd, Girilambone; Yarrandale Rd, Hermidale",2023-03-04,2023-03-27,6909.957209509117,0.004732879950427148,4089.702588167428,10.0,48.27040632276978,-0.7803432267476766,38.8,12,21.7,3494.000000000001,0.7916005302139671,1.299070027251196,Eucalypt Open Woodlands,4.074018774719253,5.050738802850116,,,0.1681518412633467,113755278.0,966.0,3,8.9928,42.57,0.6823270194392125,8,-5,0.1999999999999994,3.944315545243619,1.898269393562178,0.9295480794307216,-5.126799374226509,2.85132382892057,4.442719316061316,-0.549803755412956,0.984357794275386,0.111389392301176,4.37,4.3998,,-7.936899091606936,1.222799999999999,-4.430038976988849,-6.564999999999998,1923.264114050856,,,1184,,,,,,,,,,,,,,,,,,,,,,,,,,,,,,,,,,,,,,,,,,,,,,,,,,,,,,,,,,,,,,,,,164.2,65900.0,2020-21,0.2546,1698.0,0.05104408352668213,-13.636363636363635,15.789473684210531,0.0,2.0242914979757165,-0.34775888717155645,-11.16751269035533,-29.47368421052632,-6.382978723404253,44.0,55.0,,,,,,,,,,,1.180578553895521,2.933280392306388,58.415330523239994,3021.1457476146356,0.671385747516817,1.5674059642285612,23.3400622177484,2021,,,,2023Q1,0.2217947370961351,0.21147198384620822,0.27850334937066873,0.3193924756224089,0.27819662385609156,0.24737335955231046,51.03299728567603,-5.175231466684305,-11.177599798602921,13.383681413046666,-18.558912879730972,0.22179322686167857,0.21147198384620822,0.2229031799302349,0.31939218793206753,0.2772950363923108,0.247369472736344,51.03286124385331,-5.175316879372804,10.976197295061763,13.383681413046666,-18.55899829241947,91.83153846153846,94.42357142857144,90.24583333333334,91.05714285714285,,,-3.5652417298949413,-2.7806457668481332,,-0.08365492828837362,-2.69699083855976,200479,202124,204345,204310,1.928381526244638,3.2999943782037855,False,,0.9030303030303031,0.07373271889400922,0.1457286432160804,0.43005181347150256,0.5527638190954773,0.8497652582159625,,0.48838151096215615,0.37618142526102005,0.8497652582159625,3,0.5714427314797129,2,2,2,Moderate,0.5694206972001271,from composite Y
1052,11200,Brewarrina,2,"Collerina Rd, Brewarrina; Kamilaroi Hwy, Brewarrina",2023-03-14,2023-03-24,21.2237391893989,1.107593487351616e-05,11.95489285891767,2.0,50.58315761085999,-1.014981178307011,37.1,12,29.8,8.999999999999996,,0.6882515647858075,Tussock Grasslands,0.0,0.0,,,0.0745223773164404,43162062.0,818.0,4,26.0829,9.76,1.684059014033825,9,-7,-0.4000000000000002,5.785123966942149,3.739077815260708,-2.014713094654242,-8.071060548311472,24.50980392156863,26.10119940870937,5.220146919538365,-4.785592880675935,4.438163823796526,-9.35,-11.2323,,-13.99296549277344,-11.9836,-5.802414704078858,-682.255,-13929.27246612319,,,598,,,,,,,,,,,,,,,,,,,,,,,,,,,,,,,,,,,,,,,,,,,,,,,,,,,,,,,,,,,,,,,,,90.7,65900.0,2020-21,0.1057,1698.0,0.06611570247933884,0.0,11.111111111111116,,1.3513513513513598,2.4236983842010673,14.28571428571428,-51.42857142857142,18.181818181818187,13.0,18.0,,,,,,,,,,,0.003286369013075577,0.1446762329264737,2.7133778205359227,3021.1457476146356,0.0021651613131656463,0.09695530672650347,1.8201102823347828,2021,,,,2023Q1,0.21861645422078754,0.21520814128398466,0.21837932629273507,0.3063258169514569,0.26689836283892204,0.23979947333576235,42.33932560536129,-8.58645567034534,9.808688123853715,13.383681413046666,-21.970137083392004,0.21861645422078754,0.21499372082176163,0.21837177693443466,0.3060490693926142,0.2668982318818313,0.23979781791338603,42.35256184358105,-8.669042490777768,9.811726258647635,13.383681413046666,-22.052723903824436,91.83153846153846,94.42357142857144,90.24583333333334,91.05714285714285,,,-3.5652417298949413,-2.7806457668481332,,-0.08365492828837362,-2.69699083855976,200479,202124,204345,204310,1.928381526244638,3.2999943782037855,False,,0.9757575757575757,0.009216589861751152,1.0,0.8860103626943006,0.010050251256281407,1.0,,0.4924870828096634,0.632020204650194,1.0,3,0.7081690958199524,3,3,3,Severe,0.7516805293247675,from composite Y
1052,11400,Cabonne,2,"Reedy Creek; Conimbla Rd, Cowra",2023-02-16,2023-03-16,185.2713503272554,0.000307639646704027,519.5802094149703,21.0,35.68812918106046,-0.2355468887995348,37.5,14,34.5,100.0306287619984,0.4581431512844228,12.36376948101405,Eucalypt Woodlands,25.72222222222222,0.0,,,2.302423625489959,576502442.0,1023.0,2,3.3589,53.24,0.6831110117495094,15,-31,0.1999999999999998,3.549695740365112,1.503649588683671,3.295595533498759,-2.760751920158471,-2.019327852300592,-0.4279323651598459,1.296572576382122,-0.8620185375196918,3.793723970030814,-12.79,3.268199999999999,,-3.405770836058417,6.063099999999999,-8.666418347365271,8.905000000000001,268.5057894869395,15.36231884057971,5.102185749230649,5480,1055,,,,,,,,,,,,,,,,,,,,,,,,,,,,,,,,,,,,,,,,,,,,,,,,,,,,,,,,,,,,,,,,960.8,69700.0,2020-21,0.3558,4339.0,0.03498985801217039,2.898550724637672,4.347826086956519,-11.111111111111116,2.931228861330326,-0.4793937988092467,4.714640198511155,-50.0,6.748466257668717,174.0,225.0,,,,,,,,,,,0.7400635984628907,7.508580017468288,100.96579310274726,3021.1457476146356,0.40107604695873544,4.012545681195343,49.98602837422394,2021,,,,2023Q1,0.2572076587417538,0.24028252482272927,0.2434134579988008,0.379646197646667,0.30828765532817864,0.2674103569583676,57.99992027166962,1.4775050225571684,9.858493099294897,13.383681413046666,-11.906176390489499,0.2572040138990022,0.2402831665683589,0.24342972253096573,0.37959973626264176,0.3082651939135403,0.26740626773115106,57.98016219111557,1.4640830628481094,9.849473166587286,13.383681413046666,-11.919598350198557,103.31139627615018,106.04225912174074,104.37335959053291,103.7574293181771,,,-2.1546408219581203,-1.3794458172693314,,-0.08365492828837362,-1.2957908889809577,200479,202124,204345,204310,1.928381526244638,3.2999943782037855,False,,0.7848484848484848,0.10368663594470046,0.10301507537688442,0.6139896373056994,0.7110552763819096,0.25586854460093894,,0.44426756039659265,0.4760199963548311,0.25586854460093894,3,0.3920520337841209,1,1,1,Light,0.330288188963761,from composite Y
1052,12150,Coonamble,1,"Urawilkie Rd, Urawilkie",2023-03-01,2023-03-12,67.96732423855458,6.854271635238211e-05,67.96732423855457,12.0,48.88050603192625,-0.5072089608912161,38.4,13,22.4,11.0,0.9159353348729792,1.069269621608611,"Cleared, non-native vegetation, buildings",2.735671514114628,0.0,,,0.3864440626505293,149044713.0,883.0,3,24.2064,52.2,0.3488964679132855,8,-11,-0.1000000000000004,1.549053356282272,-0.4969927953991688,-4.556400506970849,-10.61274796062808,12.52609603340292,14.11749152054367,,,0.0928213234977574,-8.74,-9.6591,,-27.4394319642804,-4.136499999999999,,77.75500000000001,2323.260652961856,8.695652173913043,-1.564480917436018,1567,,,,,,,,,,,,,,,,,,,,,,,,,,,,,,,,,,,,,,,,,,,,,,,,,,,,,,,,,,,,,,,,,247.3,65900.0,2020-21,0.2571,1698.0,0.03442340791738382,0.0,-4.545454545454541,-25.0,0.0,-1.4062977682665845,7.8947368421052655,-74.71526195899771,17.777777777777782,53.0,68.0,,,,,,,,,,,0.014942919283366926,0.1549495274459836,1.2378539211413264,3021.1457476146356,0.0,0.0,0.004895098087240722,2021,,,,2023Q1,0.22227835321829978,0.21632851856404223,0.23162501661289928,0.3388903124958711,0.2766889463843395,0.2518252204571445,56.65540297015692,0.9382790221403647,8.721080364995547,13.383681413046666,-12.445402390906303,0.22227835321829978,0.21632851856404223,0.23162009721193755,0.33887915748117087,0.2766889463843395,0.2518194842333115,56.650246454144025,0.9349565076134159,8.720912936536362,13.383681413046666,-12.44872490543325,91.83153846153846,94.42357142857144,90.24583333333335,91.05714285714285,,,-3.5652417298949413,-2.7806457668481332,,-0.08365492828837362,-2.69699083855976,200479,202124,204345,204310,1.928381526244638,3.2999943782037855,False,,0.9878787878787879,0.4930875576036866,0.9849246231155779,,0.9195979899497487,0.9906103286384976,,0.7404831727412373,0.9522613065326633,0.9906103286384976,3,0.8944516026374661,4,4,4,Extreme,1.0,from composite Y
1052,12350,Cowra,2,"Conimbla Rd, Cowra; Blazley Rd, Woodstock",2023-02-16,2023-03-17,471.9096740987633,0.001680122050403072,519.5802094149703,21.0,35.68812918106046,-0.2355468887995348,37.5,14,34.5,547.9693712380014,0.5510841137264827,5.793003399979512,"Cleared, non-native vegetation, buildings",20.06886858749122,1.834322042676861,,,4.53185741962682,385392662.0,932.0,2,13.652,57.74,6.104651162790697,5,-60,-0.3000000000000001,0.5135730007336757,-1.532473150947765,5.210167501918823,-0.8461799517384074,-1.099850734543169,0.4915447525975764,3.457852907875541,-3.023298869013111,-0.4294126433692389,1.13,-1.105399999999999,,-2.838303943222321,-1.353599999999999,1.268208594655636,-27.35499999999999,426.512493149111,8.333333333333332,-1.926799758015729,5813,1055,,,,,,,,,,,,,,,,,,,,,,,,,,,,,,,,,,,,,,,,,,,,,,,,,,,,,,,,,,,,,,,,888.8,69700.0,2020-21,0.2838,685.0,0.04035216434336023,0.0,0.0,-5.000000000000004,-0.7968127490039834,1.8204828660436156,13.306982872200269,-25.0,8.064516129032251,134.0,141.0,,,,,,,,,,,8.741031905041972,38.19290713415387,660.5031085194165,3021.1457476146356,3.5823114127060878,15.72602002049582,320.3822877585847,2021,,,,2023Q1,0.27639485168445804,0.26879884884792293,0.27284876567353894,0.4071690160996439,0.33318557227511847,0.2757781872752855,51.47721719969345,3.7002468836575986,1.0736429737972841,13.383681413046666,-9.683434529389068,0.27639899288801206,0.26881411126014143,0.27165634323142335,0.4071690160996439,0.3331948174465887,0.27577728786482697,51.46861680397845,3.7002468836575986,1.516969780415911,13.383681413046666,-9.683434529389068,100.77988681914641,103.95202636395278,102.98078106578637,101.95413199941613,,,-1.9219388350754207,-1.135340985255906,,-0.08365492828837362,-1.0516860569675324,200479,202124,204345,204310,1.928381526244638,3.2999943782037855,False,,0.7606060606060606,0.7857142857142857,0.6658291457286433,0.7590673575129534,0.30904522613065327,0.3967136150234742,,0.7731601731601732,0.5779805764574167,0.3967136150234742,3,0.5826181215470213,2,2,2,Moderate,0.5843177854641464,from composite Y
1052,12390,Dubbo Regional,1,"Burrel Creek Rd, Dripstone",2023-03-06,2023-03-23,1979.875704212276,0.0026277378838545,1979.875704212274,18.0,37.00433343881846,-0.5438072220557072,35.6,19,26.8,2056.000000000002,0.7155470249520154,7.539710184240922,Tussock Grasslands,10.77540226937624,1.309144406835362,,,7.430328953313859,2143815654.0,985.0,2,20.1982,60.88,6.150173126326371,7,-134,-3.33066907387547e-16,2.004373177842566,-0.041672973838875,5.625553607259712,-0.4307938463975187,4.340525864532723,5.931921351673469,0.9965695696294788,-0.5620155307670487,0.0126167732597561,1.73,-0.0380999999999991,,-1.1212891179862,1.567499999999998,5.80065646189926,-30.095,-280.914992253866,7.692307692307693,-2.567825399041369,20900,,,,,,,,,,,,,,,,,,,,,,,,,,,,,,,,,,,,,,,,,,,,,,,,,,,,,,,,,,,,,,,,,3664.2,65900.0,2020-21,0.3981,3758.0,0.047376093294460644,-1.9230769230769273,-0.743494423791824,26.190476190476186,2.067824648469818,1.6058423210092654,7.567438529481985,-20.966350301984484,28.686868686868692,637.0,737.0,,,,,,,,,,,12.775860916601873,29.467797418628397,173.6041631729981,3021.1457476146356,4.82997174419606,11.585402223514233,71.91357228049917,2021,,,,2023Q1,0.3236988727008407,0.3183285291075492,0.32640073993231794,0.4704156654185687,0.39687526137621604,0.3645631151458584,47.77678480072262,9.003929658289778,11.691877665918815,13.383681413046666,-4.379751754756889,0.3236988727008407,0.31833643457956823,0.3265521712378577,0.4704184386976858,0.3967049697859399,0.3645658721511073,47.7739861348182,9.004572277879252,11.640927319255457,13.383681413046666,-4.379109135167415,102.69061382042032,106.87502370019835,104.5731725034316,105.52375939027628,,,-1.2643405944054664,0.5354915037343311,,-0.08365492828837362,0.6191464320227047,200479,202124,204345,204310,1.928381526244638,3.2999943782037855,False,,0.6,0.3824884792626728,0.3165829145728643,0.5803108808290155,0.2814070351758794,0.9248826291079812,,0.4912442396313364,0.39276694352591973,0.9248826291079812,3,0.6029646040884125,2,2,2,Moderate,0.6114401806965155,from composite Y
1052,15270,Mid-Western Regional,4,"Hill End Rd, Tambaroora; Durridgere Rd, Turill; Growee Rd, Growee; Tinja Lane, Eurunderee",2023-03-04,2023-03-31,17129.74445680838,0.01957179815236999,18915.92196665133,28.0,34.59878851194615,-0.7190389893660625,35.6,16,27.7,16159.7314601259,0.3406096788580552,7.885081151267929,Tussock Grasslands,12.68316126010548,33.32116544541645,6.0,5.420173829163242,2.950895339716241,970907182.0,979.0,2,22.065,62.49,2.633239491311523,10,-106,-0.2000000000000003,3.035589672016748,0.9895435203353076,7.41998159320994,1.363634139552709,-3.871916986099818,-2.280521498959073,5.183131883307549,-4.748577844445119,0.4473686460183947,-6.779999999999999,-1.472299999999999,,1.482644181722719,-2.642600000000003,-1.94310850149723,-0.7550000000000097,1326.75743775816,0.0,-10.26013309134906,11339,,,,,,,,,,,,,,,,,,,,,,,,,,,,,,,,,,,,,,,,,,,,,,,,,,,,,,,,,,,,,,,,,1793.4,69700.0,2020-21,0.3309,2795.0,0.05617585484996511,0.6211180124223503,8.441558441558449,16.129032258064523,1.4271151885830724,4.287556415215987,16.406643180674372,-32.280701754385966,34.033613445378144,319.0,381.0,,,,,,,,,,,69.28219280380982,117.28084558445786,1206.372125886692,3021.1457476146356,46.09695752328791,73.09948685524196,533.0544320164614,2021,,,,2023Q1,0.28789450145109363,0.27062762128679513,0.27932493200598946,0.41723761298779555,0.34845601477400273,0.31671762603025927,54.17406804371674,5.211158801364757,13.386808601628154,13.383681413046666,-8.17252261168191,0.2878991605093151,0.2706323099645483,0.27942332116924457,0.41725028198774244,0.34846227052091167,0.316845802026152,54.176078252593165,5.214353432250807,13.39275501426056,13.383681413046666,-8.16932798079586,104.95307692307694,107.4692857142857,106.72166666666668,106.3142857142857,,,-1.0747256691280627,-0.2809770497615993,,-0.08365492828837362,-0.1973221214732257,200479,202124,204345,204310,1.928381526244638,3.2999943782037855,False,,0.21212121212121213,0.17511520737327188,0.7839195979899497,0.8808290155440415,0.6130653266331658,0.08450704225352113,,0.193618209747242,0.7592713133890522,0.08450704225352113,3,0.3457988551299384,1,1,1,Light,0.2686314878774639,from composite Y
1052,17620,Upper Hunter Shire,5,"Georges Yard Fire; Golden Hwy, Merriwa; Coogah Rd, Sandy Creek; Idaville Rd, Merriwa; Hunter Rd, Belltrees",2023-03-07,2023-04-04,512.0159357086635,0.0006324238061523683,573.4923877711142,15.0,30.12148388068183,-0.7260343911263897,33.8,15,23.0,262.9834072358864,0.5053269462746011,15.71102168021816,Eucalypt Open Forests,36.64896755162242,0.0508483727519024,,,1.767520117028359,725247514.0,975.0,2,9.7586,52.77,8.098824433018285,14,12,0.4999999999999996,0.9656652360515022,-1.080380915629938,2.650666972880902,-3.405680480776329,1.048218029350105,2.639613516490851,8.611037879615797,-8.176483840753367,0.2149745980803246,-4.219999999999999,0.9836999999999998,,3.603648853403724,2.656300000000001,0.9004713697408366,-46.41499999999999,1214.395508202958,17.14285714285714,6.882724051508081,6355,1055,,,,,,,,,,,,,,,,,,,,,,,,,,,,,,,,,,,,,,,,,,,,,,,,,,,,,,,,,,,,,,,,974.7,68300.0,2020-21,0.3277,24997.0,0.048283261802575105,-19.999999999999996,-2.898550724637683,9.090909090909083,0.1168224299065379,1.680672268907557,0.49850448654038537,144.89795918367346,20.858895705521462,197.0,222.0,,,,,,,,,,,0.619309748562723,10.15642468816078,182.95441994334283,3021.1457476146356,0.3188126365555735,5.258724359044841,89.0691191477423,2021,,,,2023Q1,0.2573962925966771,0.2478753413534648,0.2478161437734343,0.37698820504130076,0.32915820060744205,0.2835330313349473,52.0878208307634,4.349161518782507,14.412655696138632,13.383681413046666,-9.03451989426416,0.25739645678962725,0.2478737757784558,0.24782002713425408,0.37694371931768106,0.3254899463409929,0.28351505408398536,52.07083449383738,4.336848008977179,14.403608684294845,13.383681413046666,-9.046833404069488,101.44997034134515,102.64101933843261,100.57879687609935,100.40267662401624,,,-2.180748719024317,-0.3543290075846195,,-0.08365492828837362,-0.2706740792962459,200479,202124,204345,204310,1.928381526244638,3.2999943782037855,False,,0.07575757575757576,0.6889400921658986,0.20351758793969849,0.966321243523316,0.20854271356783918,0.687793427230047,,0.3823488339617372,0.4594605150102846,0.687793427230047,3,0.5098675920673562,2,2,2,Moderate,0.487339420289844,from composite Y
1052,17900,Walgett,5,"Castlereagh Hwy, Lightning Ridge; Come By Chance Rd, Walgett; Wimbledon Rd, Walgett; Bugilbone Rd, Burren Junction; Gingie Mission 2nd fire Mission Rd",2023-03-03,2023-03-29,4370.009310232525,0.001958920471903689,3862.967495786765,11.0,63.89739970385354,-0.9842470514450152,40.2,11,31.4,906.9999999999997,0.6162882322446863,0.8066176496098563,Eucalypt Woodlands,1.764744027303754,0.0,,,0.2480696291912202,221305923.0,888.0,3,14.6372,39.22,2.976443297284935,7,-53,-1.6,4.10958904109589,2.063542889414449,-1.608090563287247,-7.664438016944477,8.131550415612578,9.722945902753324,-2.149032494036238,2.583586532898668,0.014948891660075,2.15,-0.8509000000000002,,-27.81158165424873,0.6056999999999997,7.77654435469943,-106.395,1450.077143347818,16.0,5.739866908650939,2079,,,,,,,,,,,,,,,,,,,,,,,,,,,,,,,,,,,,,,,,,,,,,,,,,,,,,,,,,,,,,,,,,351.8,65900.0,2020-21,0.1608,1698.0,0.052054794520547946,-2.631578947368418,0.0,33.33333333333333,8.463949843260199,6.535504296698336,-3.341288782816232,-70.2247191011236,19.354838709677423,74.0,106.0,,,,,,,,,,,1.7192814592961059,40.722312785047464,101.30875687080854,3021.1457476146356,1.1111807674325536,10.413575929096826,37.68605719523924,2021,,,,2023Q1,0.2208692211623853,0.2188691765180071,0.22394592381157877,0.3248971707779574,0.2745872365851703,0.2459438021951219,48.443547852078204,-1.4795641644334334,9.822852771391144,13.383681413046666,-14.8632455774801,0.2208692211623853,0.21887031065726445,0.2239405151477042,0.3248373970754835,0.27424851475849943,0.2459451246645906,48.41546854847574,-1.4976896876724655,9.826095783682941,13.383681413046666,-14.881371100719132,91.83153846153846,94.42357142857144,90.24583333333334,91.05714285714285,,,-3.5652417298949413,-2.7806457668481332,,-0.08365492828837362,-2.69699083855976,200479,202124,204345,204310,1.928381526244638,3.2999943782037855,False,,0.9939393939393939,0.06451612903225806,0.4824120603015075,0.19170984455958548,0.05527638190954774,0.9765258215962441,,0.529227761485826,0.24313276225688027,0.9765258215962441,3,0.5829621151129835,2,2,2,Moderate,0.5847763379158755,from composite Y
1052,17950,Warren,1,"Collie-Trangie Rd, Collie",2023-03-13,2023-03-14,8.554674180927444,7.955048702307265e-06,8.554674180927444,2.0,24.36624242859957,-0.1730952525554623,31.8,24,28.6,0.0,,0.8360264799783651,"Cleared, non-native vegetation, buildings",0.0,0.0,,,0.239543961859245,121229463.0,962.0,2,11.3783,34.27,1.181372773478639,10,-5,0.2000000000000003,0.8988764044943821,-1.147169747187059,-9.7716860541845,-15.82803350784173,1.940993788819876,3.532389275960622,5.294071452519781,-4.85951741365735,0.5165541761758525,-2.059999999999999,-3.412299999999999,,-26.25110922611535,2.473400000000001,-6.129361471908952,160.915,1708.645404186851,31.81818181818182,21.55804872683276,1124,,,,,,,,,,,,,,,,,,,,,,,,,,,,,,,,,,,,,,,,,,,,,,,,,,,,,,,,,,,,,,,,,169.9,65900.0,2020-21,0.2393,1698.0,0.020224719101123594,0.0,0.0,0.0,-0.38610038610038533,6.593868122637536,31.68316831683169,-73.50427350427351,15.625,37.0,42.0,,,,,,,,,,,0.014727792894921378,0.7650745129447823,23.059634314061878,3021.1457476146356,0.00549544511004529,0.2854755645316352,7.932816357676435,2021,,,,2023Q1,0.22126308497646172,0.21766819450391606,0.22470024563762733,0.33127705779772404,0.28154213663208316,0.24917409347574018,52.19359840454967,-3.0176372767859783,10.89177618327204,13.383681413046666,-16.401318689832646,0.22126317459609804,0.21766819450391606,0.22469920888259706,0.3312809160125879,0.2815411987076933,0.24916532510756031,52.195370925736164,-3.0165077726908796,10.888385565143022,13.383681413046666,-16.400189185737545,92.67626265679311,95.39228767892226,91.36044237066145,92.18268088689307,,,-3.3646397105312142,-2.4940955897910455,,-0.08365492828837362,-2.4104406615026717,200479,202124,204345,204310,1.928381526244638,3.2999943782037855,False,,0.9818181818181818,0.7050691244239631,0.5226130653266332,0.8911917098445595,0.9899497487437185,0.7652582159624414,,0.8434436531210725,0.8012515079716372,0.7652582159624414,3,0.8033177923517171,4,4,4,Extreme,0.878516239031809,from composite Y
1053,13660,Gwydir,5,"Wearnes Rd, Bundarra; Willeroi Rd, Maules Creek; Cobbadah Street, Upper Horton; Gwydir Hwy, Warialda; Trevallyn Rd, Barraba",2023-01-14,2023-02-20,2947.571353539605,0.00318324121636712,2969.194429946904,18.0,36.46590753130273,-1.295757177621294,34.0,11,27.0,1918.293593545967,0.7857700094796156,6.365163079622449,Callitris Forests and Woodlands,12.45511541749786,0.3428481114431305,,,0.532633269768686,144685802.0,957.0,2,1.5134,42.14,5.212664942208834,9,-69,-2.500000000000001,-1.115241635687732,-3.161287787369173,3.749970086390504,-2.306377367266726,1.6220600162206,3.213455503361346,7.753293680237281,-7.318739641374851,3.2148159738217,14.56,8.9239,,-6.720000764786008,7.3759,3.75534545394437,-78.565,1441.975931169664,3.846153846153846,-6.413979245195215,2244,,,,,,,,,,,,,,,,,,,,,,,,,,,,,,,,,,,,,,,,,,,,,,,,,,,,,,,,,,,,,,,,,307.2,62200.0,2020-21,0.2165,4042.0,0.030978934324659233,-19.999999999999996,0.0,0.0,-1.619433198380571,2.9625779625779725,-2.7649769585253448,-37.5,41.37931034482758,82.0,72.0,,,,,,,,,,,18.08399601048204,43.29463825326128,1316.0053199558656,1402.909605344804,7.273076097876984,17.15897593124512,641.8073451425025,2021,,,,2023Q1,0.2086611490341522,0.23874297724137708,0.217666592911926,0.3313422753856079,0.282310316186356,0.24297366632328757,38.78618722703195,6.157540384180771,11.626530774799026,13.383681413046666,-7.226141028865896,0.2086612861553204,0.23874005126565293,0.21568153452593986,0.3313423702249095,0.2823094841219333,0.2429707259610611,38.78792790247636,6.157570769397913,12.652539539419493,13.383681413046666,-7.226110643648753,100.26867716807487,103.53768622761477,102.16485793521166,101.96937642186315,,,-1.5147236362843652,0.5220203559398673,,-0.08365492828837362,0.6056752842282409,200479,202124,204345,204310,1.928381526244638,3.2999943782037855,False,,0.8575757575757575,0.9377880184331797,0.02763819095477387,0.9455958549222798,0.09798994974874371,0.7300469483568075,,0.8976818880044686,0.35707466520859915,0.7300469483568075,3,0.6616011671899584,3,3,3,Severe,0.6896042582599264,from composite Y
1053,15750,Narrabri,4,"Wearnes Rd, Bundarra; Dubbo Creek Rd, Gwabegar; Willeroi Rd, Maules Creek; Old Narrabri Rd, Baan Baa",2023-01-14,2023-02-20,307.666587636063,0.0002363939581746113,2969.194429946904,18.0,37.25174045451026,-0.9244351635879346,37.8,18,27.0,161.7395991235662,0.5507936571875095,6.750530601663221,Callitris Forests and Woodlands,12.45511541749786,1.184145938616452,,,0.9808687037627992,496449997.0,964.0,2,11.6,60.7,0.045,13,-203,-2.6,1.212789415656009,-0.8332567360254319,6.079684448068572,0.0233369944113412,5.013316622277926,6.604712109418672,2.973581957620226,-2.539027918757796,1.655,1.23,6.061199999999999,,6.078453229137029,5.4639,-5.430322689500862,19.33500000000001,1105.755355582956,9.375,-0.8851330913490614,5291,,,,,,,,,,,,,,,,,,,,,,,,,,,,,,,,,,,,,,,,,,,,,,,,,,,,,,,,,,,,,,,,,794.9,62200.0,2020-21,0.2991,4042.0,0.03528114663726571,-15.625,0.0,-14.28571428571429,1.1194029850746245,5.185772142982925,9.041835357624839,29.620853080568722,31.538461538461537,171.0,188.0,,,,,,,,,,,0.12269325330536196,2.7706975208478717,58.02298701875196,1402.909605344804,0.11136157432647023,1.7427202373717665,30.28765661521475,2021,,,,2023Q1,0.2596700072112896,0.25889157387112605,0.2677379479998945,0.3862929430633491,0.33310203094494195,0.2939953099072634,49.21031893283725,8.762178470270898,9.807112552972619,13.383681413046666,-4.621502942775768,0.25967460409324034,0.2588956736965306,0.26521778927269524,0.3863030021332059,0.3330364149588656,0.2970684069252563,49.211841440818425,8.765010637854221,12.00923125854596,13.383681413046666,-4.618670775192445,100.72176934001774,103.82935323158772,101.09866708747569,102.30295092314975,,,-1.4701067289067837,-0.41556960499941065,,-0.08365492828837362,-0.331914676711037,200479,202124,204345,204310,1.928381526244638,3.2999943782037855,False,,0.03939393939393939,0.5875576036866359,0.0728643216080402,0.7020725388601037,0.7964824120603015,0.9507042253521126,,0.31347577154028766,0.5238064241761484,0.9507042253521126,3,0.5959954736895162,2,2,2,Moderate,0.6021501469661026,from composite Y
1054,13660,Gwydir,2,"Killarney Gap Rd, Rocky Creek; Bingara Rd, Barraba",2023-03-07,2023-03-10,4.801470428823748,5.185366776565384e-06,2.64883419332897,3.0,28.43835230267346,-0.054000882649724,32.7,20,22.5,0.0,,12.68856108204114,Callitris Forests and Woodlands,37.11111111111111,0.0,,,0.532633269768686,144685802.0,957.0,2,1.5134,42.14,5.212664942208834,11,-69,-2.500000000000001,-1.115241635687732,-3.161287787369173,3.749970086390504,-2.306377367266726,1.6220600162206,3.213455503361346,7.753293680237281,-7.318739641374851,3.2148159738217,14.56,8.9239,,-6.720000764786008,7.3759,3.75534545394437,-78.565,1441.975931169664,3.846153846153846,-6.413979245195215,2244,,,,,,,,,,,,,,,,,,,,,,,,,,,,,,,,,,,,,,,,,,,,,,,,,,,,,,,,,,,,,,,,,307.2,62200.0,2020-21,0.2165,4042.0,0.030978934324659233,-19.999999999999996,0.0,0.0,-1.619433198380571,2.9625779625779725,-2.7649769585253448,-37.5,41.37931034482758,82.0,72.0,,,,,,,,,,,0.005863265926451254,1.1683217762613334,22.260554691277598,424.75223018724927,0.003864828992939725,0.6245667683134619,10.87409158509563,2021,,,,2023Q1,0.2086611490341522,0.23874297724137708,0.217666592911926,0.3313422753856079,0.282310316186356,0.24297366632328757,38.78618722703195,6.157540384180771,11.626530774799026,13.383681413046666,-7.226141028865896,0.2086612861553204,0.23874005126565293,0.21568153452593986,0.3313423702249095,0.2823094841219333,0.2429707259610611,38.78792790247636,6.157570769397913,12.652539539419493,13.383681413046666,-7.226110643648753,100.26867716807487,103.53768622761477,102.16485793521166,101.96937642186315,,,-1.5147236362843652,0.5220203559398673,,-0.08365492828837362,0.6056752842282409,200479,202124,204345,204310,1.928381526244638,3.2999943782037855,False,,0.8575757575757575,0.9377880184331797,0.02763819095477387,0.9455958549222798,0.09798994974874371,0.7300469483568075,,0.8976818880044686,0.35707466520859915,0.7300469483568075,3,0.6616011671899584,3,3,3,Severe,0.6896042582599264,from composite Y
1054,15300,Moree Plains,2,"Curragundi Rd, Garah; Moloney Rd, Gurley",2023-03-09,2023-03-21,281.1137076697601,0.0001570230500717721,245.1102708645427,3.0,31.31880348054354,-0.7176559662594836,35.3,16,21.6,21.0,0.6744173949230129,1.124860217248318,Other Shrublands,0.0711837595570788,0.0,,,0.7222372947441965,544626536.0,940.0,3,8.1886,58.23,5.976479955899918,7,-262,-3.4,1.78103719224725,-0.2650089594341909,1.393387194362387,-4.662960259294843,16.8600154679041,18.45141095504484,8.344642534665965,-7.910088495803535,1.278649364163213,12.64,-1.308199999999999,,-1.543282229708811,-0.5194000000000001,-2.97767557014109,0.1149999999999806,931.26180623518,6.666666666666667,-3.593466424682394,4953,,,,,,,,,,,,,,,,,,,,,,,,,,,,,,,,,,,,,,,,,,,,,,,,,,,,,,,,,,,,,,,,,801.1,62200.0,2020-21,0.2632,4042.0,0.030382399161864852,-3.4482758620689613,2.8169014084507005,10.000000000000009,-0.8816120906801062,8.17863868711326,6.44171779141105,-24.282560706401767,29.75206611570247,157.0,196.0,,,,,,,,,,,0.3349174783442628,2.842288539696929,35.08026331103132,424.75223018724927,0.14668185756171032,1.2291726386428634,14.65945047835734,2021,,,,2023Q1,0.2261878942154404,0.24260291423466696,0.23369222145032245,0.3490780511864798,0.2957139629602521,0.2524411985186504,43.888647128459745,3.869078176891394,8.02293587350469,13.383681413046666,-9.514603236155272,0.22618586029044022,0.2425823131120601,0.23366998928463642,0.34906807929413625,0.2955217500730285,0.2524273016853886,43.896756039623305,3.8661110144992517,8.027266341808104,13.383681413046666,-9.517570398547415,100.80692307692308,103.75571428571428,100.93083333333334,102.3,,,-1.4030208318990933,-0.47372084147190296,,-0.08365492828837362,-0.39006591318352934,200479,202124,204345,204310,1.928381526244638,3.2999943782037855,False,,0.6666666666666666,0.41935483870967744,0.592964824120603,0.9585492227979274,0.6231155778894473,0.9953051643192489,,0.543010752688172,0.7248765416026592,0.9953051643192489,3,0.7543974862033601,4,4,4,Extreme,0.8133041869955401,from composite Y
1054,15750,Narrabri,5,"Upper Maules Creek Rd, Maules Creek; Merebene Rd, Kenebri; Curracabah Rd, Baan Baa; Newell Hwy, Bohena Creek; Forest Way, Wee Waa",2023-02-28,2023-03-31,5129.320964456186,0.003941086014091642,4852.962731747009,13.0,47.89823553675973,-1.159888160091117,38.3,12,26.1,5237.711119735135,0.2872494240885853,10.80493642741847,Callitris Forests and Woodlands,32.15982741830773,2.039162317506164,,,0.9808687037627992,496449997.0,964.0,2,11.6,60.7,0.045,13,-203,-2.6,1.212789415656009,-0.8332567360254319,6.079684448068572,0.0233369944113412,5.013316622277926,6.604712109418672,2.973581957620226,-2.539027918757796,1.655,1.23,6.061199999999999,,6.078453229137029,5.4639,-5.430322689500862,19.33500000000001,1105.755355582956,9.375,-0.8851330913490614,5291,,,,,,,,,,,,,,,,,,,,,,,,,,,,,,,,,,,,,,,,,,,,,,,,,,,,,,,,,,,,,,,,,794.9,62200.0,2020-21,0.2991,4042.0,0.03528114663726571,-15.625,0.0,-14.28571428571429,1.1194029850746245,5.185772142982925,9.041835357624839,29.620853080568722,31.538461538461537,171.0,188.0,,,,,,,,,,,2.9131028245328343,19.466773271953308,350.30261476901137,424.75223018724927,2.672988311368111,10.973827202293975,157.71697808528967,2021,,,,2023Q1,0.2596700072112896,0.25889157387112605,0.2677379479998945,0.3862929430633491,0.33310203094494195,0.2939953099072634,49.21031893283725,8.762178470270898,9.807112552972619,13.383681413046666,-4.621502942775768,0.25967460409324034,0.2588956736965306,0.26521778927269524,0.3863030021332059,0.3330364149588656,0.2970684069252563,49.211841440818425,8.765010637854221,12.00923125854596,13.383681413046666,-4.618670775192445,100.72176934001774,103.82935323158772,101.09866708747569,102.30295092314975,,,-1.4701067289067837,-0.41556960499941065,,-0.08365492828837362,-0.331914676711037,200479,202124,204345,204310,1.928381526244638,3.2999943782037855,False,,0.03939393939393939,0.5875576036866359,0.0728643216080402,0.7020725388601037,0.7964824120603015,0.9507042253521126,,0.31347577154028766,0.5238064241761484,0.9507042253521126,3,0.5959954736895162,2,2,2,Moderate,0.6021501469661026,from composite Y
1055,10850,Blayney,2,"Lyons Rd, Lyndhurst; Mid Western Hwy, Carcoar",2023-02-17,2023-02-21,4.942522000589211,3.241748418216945e-05,3.489038536382528,2.0,25.19514292648181,-0.3855843578122053,31.7,23,28.9,0.0,,3.030368565880594,"Cleared, non-native vegetation, buildings",0.0,0.0,,,4.988039854471232,309576459.0,991.0,2,15.9722,47.9,3.927769842889206,7,-29,-1.110223024625156e-16,1.036866359447005,-1.009179792234436,1.237989315732857,-4.818358137924374,-3.287310979618672,-1.695915492477926,0.94535230173409,-0.5107982628716599,0.6230868472167659,3.98,9.6833,,-7.215669982915851,6.736999999999997,1.001164489842806,-169.125,353.4515043810173,0.0,-10.26013309134906,3040,,,,,,,,,,,,,,,,,,,,,,,,,,,,,,,,,,,,,,,,,,,,,,,,,,,,,,,,,,,,,,,,,523.8,69700.0,2020-21,0.355,4339.0,0.04262672811059908,0.0,-6.25,0.0,-1.305483028720622,2.8692724344898224,10.344827586206895,-51.26050420168067,24.0,93.0,93.0,,,,,,,,,,,0.0733672699224215,15.469603130923776,721.0330845855362,9562.583299673712,0.03198834702551345,6.713800063557255,360.52180642774164,2021,,,,2023Q1,0.36604415816183944,0.3623860885390969,0.37205627161271404,0.5098300109009996,0.4399066058708476,0.39030402593617447,40.68697089237059,5.606132961801369,4.904568398851006,13.383681413046666,-7.7775484512452975,0.36605887451984004,0.3623860885390969,0.3722077235939678,0.5098300109009996,0.4399066058708476,0.39030402593617447,40.68697089237059,5.606132961801369,4.861882544368545,13.383681413046666,-7.7775484512452975,104.11538461538461,106.64857142857143,104.7925,104.23571428571428,,,-2.262437377769444,-1.5336560370967756,,-0.08365492828837362,-1.450001108808402,200479,202124,204345,204310,1.928381526244638,3.2999943782037855,False,,0.8666666666666667,0.6682027649769585,0.020100502512562814,0.5595854922279793,0.03015075376884422,0.15023474178403756,,0.7674347158218127,0.20327891616979543,0.15023474178403756,3,0.3736494579252152,1,1,1,Light,0.30575707235805166,from composite Y
1055,11400,Cabonne,4,"Reedy Creek; Conimbla Rd, Cowra; Baldry Rd, Cumnock; Rosamel Lane, Manildra",2023-02-14,2023-03-16,194.0569147087265,0.0003222279136845276,519.5802094149703,21.0,35.68812918106046,-0.546932125920697,37.5,14,34.5,106.0306287619984,0.4581431512844228,12.01358154987165,Eucalypt Woodlands,25.72222222222222,0.0,,,2.302423625489959,576502442.0,1023.0,2,3.3589,53.24,0.6831110117495094,15,-31,0.1999999999999998,3.549695740365112,1.503649588683671,3.295595533498759,-2.760751920158471,-2.019327852300592,-0.4279323651598459,1.296572576382122,-0.8620185375196918,3.793723970030814,-12.79,3.268199999999999,,-3.405770836058417,6.063099999999999,-8.666418347365271,8.905000000000001,268.5057894869395,15.36231884057971,5.102185749230649,5480,1052,,,,,,,,,,,,,,,,,,,,,,,,,,,,,,,,,,,,,,,,,,,,,,,,,,,,,,,,,,,,,,,,960.8,69700.0,2020-21,0.3558,4339.0,0.03498985801217039,2.898550724637672,4.347826086956519,-11.111111111111116,2.931228861330326,-0.4793937988092467,4.714640198511155,-50.0,6.748466257668717,174.0,225.0,,,,,,,,,,,0.7967511299504166,16.094374146678533,190.46107447374942,9562.583299673712,0.42556369702414276,7.7701719682286425,90.28297053573007,2021,,,,2023Q1,0.2572076587417538,0.24028252482272927,0.2434134579988008,0.379646197646667,0.30828765532817864,0.2674103569583676,57.99992027166962,1.4775050225571684,9.858493099294897,13.383681413046666,-11.906176390489499,0.2572040138990022,0.2402831665683589,0.24342972253096573,0.37959973626264176,0.3082651939135403,0.26740626773115106,57.98016219111557,1.4640830628481094,9.849473166587286,13.383681413046666,-11.919598350198557,103.31139627615018,106.04225912174074,104.37335959053291,103.7574293181771,,,-2.1546408219581203,-1.3794458172693314,,-0.08365492828837362,-1.2957908889809577,200479,202124,204345,204310,1.928381526244638,3.2999943782037855,False,,0.7848484848484848,0.10368663594470046,0.10301507537688442,0.6139896373056994,0.7110552763819096,0.25586854460093894,,0.44426756039659265,0.4760199963548311,0.25586854460093894,3,0.3920520337841209,1,1,1,Light,0.330288188963761,from composite Y
1055,12350,Cowra,4,"Conimbla Rd, Cowra; Warraderry Way, Gooloogong; Blazley Rd, Woodstock; Battalion Dr, Cowra",2023-02-16,2023-03-17,523.0974544559989,0.001862363956449227,519.5802094149703,21.0,37.14671183945593,-0.3855843578122053,37.5,14,34.5,567.9693712380014,0.5399453518942355,5.629059409880124,"Cleared, non-native vegetation, buildings",20.06886858749122,2.145766629186641,,,4.53185741962682,385392662.0,932.0,2,13.652,57.74,6.104651162790697,5,-60,-0.3000000000000001,0.5135730007336757,-1.532473150947765,5.210167501918823,-0.8461799517384074,-1.099850734543169,0.4915447525975764,3.457852907875541,-3.023298869013111,-0.4294126433692389,1.13,-1.105399999999999,,-2.838303943222321,-1.353599999999999,1.268208594655636,-27.35499999999999,426.512493149111,8.333333333333332,-1.926799758015729,5813,1052,349.0,Accidental (beekeeping equipment),,,,,,,3.0,,,,1.0,council_total,news,"Fire 'whirlwind' injures three firefighters, tears open home as bushfire grows near Cowra (ABC News) | https://www.abc.net.au/news/2023-02-17/cowra-fire-threatens-properties-homes/101988150 | Lead paragraph | ""Three firefighters have been injured and a home destroyed as crews continue to battle a bushfire""",,,,,,,,,,,,,,,,,,,,,,,,,,,,,,,,,,,,,,,,,3.0,council_total,news,"Fire 'whirlwind' injures three firefighters, tears open home as bushfire grows near Cowra (ABC News) | https://www.abc.net.au/news/2023-02-17/cowra-fire-threatens-properties-homes/101988150 | Lead paragraph | ""Three firefighters have been injured and a home destroyed as crews continue to battle a bushfire""",1.0,"council figure, see DL_homes_destroyed_sourced_source",0.1720282126268708,888.8,69700.0,2020-21,0.2838,685.0,0.04035216434336023,0.0,0.0,-5.000000000000004,-0.7968127490039834,1.8204828660436156,13.306982872200269,-25.0,8.064516129032251,134.0,141.0,,,,,,,,,,,9.77873839525007,150.68116736911867,7494.071469922087,9562.583299673712,3.980153792546512,64.4504113966481,3684.1270808016416,2021,,,,2023Q1,0.27639485168445804,0.26879884884792293,0.27284876567353894,0.4071690160996439,0.33318557227511847,0.2757781872752855,51.47721719969345,3.7002468836575986,1.0736429737972841,13.383681413046666,-9.683434529389068,0.27639899288801206,0.26881411126014143,0.27165634323142335,0.4071690160996439,0.3331948174465887,0.27577728786482697,51.46861680397845,3.7002468836575986,1.516969780415911,13.383681413046666,-9.683434529389068,100.77988681914641,103.95202636395278,102.98078106578637,101.95413199941613,,,-1.9219388350754207,-1.135340985255906,,-0.08365492828837362,-1.0516860569675324,200479,202124,204345,204310,1.928381526244638,3.2999943782037855,False,0.5666666666666667,0.7606060606060606,0.7857142857142857,0.6658291457286433,0.7590673575129534,0.30904522613065327,0.3967136150234742,0.5666666666666667,0.7731601731601732,0.5779805764574167,0.3967136150234742,4,0.5786302578269327,2,2,2,Moderate,0.5790018584615779,from composite Y
1055,14920,Liverpool Plains,6,"Black Creek Rd, Blackville; Piallaway Rd, Currabubula; Cattle Creek Rd, Cattle Creek; Warrah Creek Rd, Warrah Creek; Weblands Rd, Pine Ridge; Warrah Creek Rd, Warrah",2023-02-06,2023-03-12,1400.921405355989,0.002756503944099442,903.049906613037,16.0,46.57755009099336,-1.071834211734223,34.7,11,33.5,572.0,0.7657985057989336,7.73327655734245,"Cleared, non-native vegetation, buildings",0.0320237003597376,0.4551662370000033,,,1.509570642455714,239300393.0,926.0,2,12.6937,42.06,1.756944444444444,7,-130,-3.200000000000001,0.6930693069306931,-1.352976844750748,3.278012799652891,-2.77833465400434,2.606882168925964,4.19827765606671,-1.997992391942962,2.432546430805392,1.080506981613185,11.73,6.380700000000002,,-2.487472087570851,6.923899999999999,-5.784180268536565,-9.934999999999988,-633.9253486069528,2.941176470588235,-7.318956620760826,3306,,,,,,,,,,,,,,,,,,,,,,,,,,,,,,,,,,,,,,,,,,,,,,,,,,,,,,,,,,,,,,,,,473.1,62200.0,2020-21,0.2584,5395.0,0.032673267326732675,-9.090909090909093,7.692307692307687,0.0,0.1814882032667775,-1.219126029132367,-7.795698924731187,-24.855491329479772,41.095890410958916,103.0,105.0,,,,,,,,,,,3.759976097895107,42.790360059579804,501.764582927353,9562.583299673712,2.6685744263176314,22.796636983098782,228.1978868868058,2021,,,,2023Q1,0.24163478607731717,0.2480405344628646,0.24520638574709866,0.36985629691272076,0.31913035270590145,0.27394589927600954,49.11123204666929,1.1492457367376696,11.720540409804947,13.383681413046666,-12.234435676308998,0.2416357732546022,0.2480396651875021,0.2448865491348408,0.36985629691272076,0.3191301718717015,0.273933856700325,49.111754619219106,1.1492457367376696,11.861536563811036,13.383681413046666,-12.234435676308998,99.9,104.53999999999999,102.71833333333332,102.33142857142856,,,-2.1126568094235965,0.1489517987677269,,-0.08365492828837362,0.23260672705610053,200479,202124,204345,204310,1.928381526244638,3.2999943782037855,False,,0.7151515151515152,0.7327188940092166,0.06532663316582915,0.21761658031088082,0.5025125628140703,0.8262910798122066,,0.723935204580366,0.26181859209692676,0.8262910798122066,3,0.6040149588298331,2,2,2,Moderate,0.6128403311339709,from composite Y
1055,17620,Upper Hunter Shire,12,"Georges Yard Fire; Ridgelands Rd, Manobalai; Coulsons Creek Rd, Merriwa; Coogah Rd, Sandy Creek; Idaville Rd, Merriwa; Hunter Rd, Moonan Flat; Sparkes Creek Rd, Upper Dartbrook; Rossgole Rd, Rossgole",2023-02-20,2023-03-21,540.7799248033377,0.0006679520586826415,573.4923877711142,15.0,30.12148388068183,-0.9523012112160344,33.8,15,23.0,211.9834072358864,0.5017317098688786,15.42567553434874,Eucalypt Open Forests,36.64896755162242,0.0508483727519024,,,1.767520117028359,725247514.0,975.0,2,9.7586,52.77,8.098824433018285,14,12,0.4999999999999996,0.9656652360515022,-1.080380915629938,2.650666972880902,-3.405680480776329,1.048218029350105,2.639613516490851,8.611037879615797,-8.176483840753367,0.2149745980803246,-4.219999999999999,0.9836999999999998,,3.603648853403724,2.656300000000001,0.9004713697408366,-46.41499999999999,1214.395508202958,17.14285714285714,6.882724051508081,6355,1052,,,,,,,,,,,,,,,,,,,,,,,,,,,,,,,,,,,,,,,,,,,,,,,,,,,,,,,,,,,,,,,,974.7,68300.0,2020-21,0.3277,24997.0,0.048283261802575105,-19.999999999999996,-2.898550724637683,9.090909090909083,0.1168224299065379,1.680672268907557,0.49850448654038537,144.89795918367346,20.858895705521462,197.0,222.0,,,,,,,,,,,0.40835038229362847,21.684827399181152,586.0072687355517,9562.583299673712,0.1617673607510327,10.387795159836175,296.1220897484966,2021,,,,2023Q1,0.2573962925966771,0.2478753413534648,0.2478161437734343,0.37698820504130076,0.32915820060744205,0.2835330313349473,52.0878208307634,4.349161518782507,14.412655696138632,13.383681413046666,-9.03451989426416,0.25739645678962725,0.2478737757784558,0.24782002713425408,0.37694371931768106,0.3254899463409929,0.28351505408398536,52.07083449383738,4.336848008977179,14.403608684294845,13.383681413046666,-9.046833404069488,101.44997034134515,102.64101933843261,100.57879687609935,100.40267662401624,,,-2.180748719024317,-0.3543290075846195,,-0.08365492828837362,-0.2706740792962459,200479,202124,204345,204310,1.928381526244638,3.2999943782037855,False,,0.07575757575757576,0.6889400921658986,0.20351758793969849,0.966321243523316,0.20854271356783918,0.687793427230047,,0.3823488339617372,0.4594605150102846,0.687793427230047,3,0.5098675920673562,2,2,2,Moderate,0.487339420289844,from composite Y
1056,11750,Cobar,9,"Mylone Boundary Firetrail, Mount Hope; Rosevale Rd, Canbelego; Burthong Rd, Nymagee; Irymple Fire - Yathong Nature Reserve; Lerida Rd, Sandy Creek; Osterley Downs Rd, Nymagee; Old Reservoir Rd, Cobar; Kidman Way, Cobar",2023-03-09,2023-04-11,11595.63044784256,0.002544276707151754,9850.651054700136,12.0,53.82112950097304,-0.5901887593013518,41.7,9,30.9,4892.999999999997,0.8234114265716942,1.08466480413029,Callitris Forests and Woodlands,12.7227782082419,12.54384325227573,,,0.0891490661732958,187310355.0,965.0,3,8.4666,57.56,0.7787029435909464,5,-10,0.0999999999999997,0.4310344827586206,-1.61501166892282,0.4082176716596964,-5.648129781997534,3.445729756337682,5.037125243478427,,,4.053431660309035,-1.89,-2.056999999999999,,-7.890017791838,3.565399999999999,,-10.645,4522.668990609089,0.0,-10.26013309134906,1940,,,,,,,,,,,,,,,,,,,,,,,,,,,,,,,,,,,,,,,,,,,,,,,,,,,,,,,,,,,,,,,,,272.4,65900.0,2020-21,0.3194,1698.0,0.04310344827586207,-15.000000000000002,6.666666666666665,-25.0,1.098901098901095,0.6747638326585648,22.012578616352197,-57.78894472361809,23.809523809523814,52.0,55.0,,,,,,,,,,,0.5850869113183276,1.8761488060621754,2975.3179117752534,3163.474895648421,0.29512472189541455,0.9928125026254743,1781.2653083020537,2021,,,,2023Q1,0.23172222929861197,0.2109182822370638,0.2216718822951672,0.3206812187094519,0.26784841968470746,0.2422053647413358,52.04050370039468,-5.099675578666196,9.26300721298845,13.383681413046666,-18.483356991712864,0.23172008505245353,0.2109208740046035,0.22013383145225918,0.32068065640494803,0.26784841968470746,0.24220573899822653,52.03836885198425,-5.099841983421838,10.026585827519252,13.383681413046666,-18.483523396468506,91.83153846153846,94.42357142857144,90.24583333333334,91.05714285714285,,,-3.5652417298949413,-2.7806457668481332,,-0.08365492828837362,-2.69699083855976,200479,202124,204345,204310,1.928381526244638,3.2999943782037855,False,,0.896969696969697,0.7926267281105991,0.32160804020100503,,0.48743718592964824,0.8826291079812206,,0.8447982125401481,0.40452261306532666,0.8826291079812206,3,0.7106499778622317,3,3,3,Severe,0.7549876101992481,from composite Y
1056,17640,Upper Lachlan Shire,2,"Craigs Rd, Curraweela; Hanworth Rd, Bannaby",2023-03-16,2023-04-13,5096.346201656359,0.007150362371007829,5084.583010048934,13.0,24.07109784973834,0.0506436963041679,32.2,18,34.8,4220.000000000004,0.5856846488034828,6.6601979317822,Eucalypt Open Forests,28.33886722376973,10.39193357857955,,,1.201420597428034,321462071.0,1022.0,2,13.2723,44.0,2.180549498473615,15,-66,-1.0,2.113156100886162,0.0671099492047213,-1.64831907030061,-7.704666523957841,-1.051033516291019,0.5403619708497263,4.308779720145971,-3.874225681283541,0.9243792324211126,3.32,-1.7616,,-8.902278691666094,1.556399999999999,13.04108418555967,-9.384999999999993,710.759361468207,1.333333333333334,-8.926799758015727,4226,,4437.0,,,,,,3.0,1.0,,100.0,,17.0,1.0,council_total,official,"Landholders share their experiences and gain assistance (Upper Lachlan Shire Council news) | https://upperlachlan.nsw.gov.au/latest-news/landholders-share-their-experiences-and-gain-assistance/ | Community recovery meeting report - specific details of the fire | ""Attendees were provided with some of the specific details of the fire: Total hectares burnt: 4437 Houses lost: 1""",3.0,council_total,official,"Landholders share their experiences and gain assistance (Upper Lachlan Shire Council news) | https://upperlachlan.nsw.gov.au/latest-news/landholders-share-their-experiences-and-gain-assistance/ | Community recovery meeting report - specific details of the fire | ""Houses with minor damage: 3""",,,,,,,,,17.0,council_total,official,"Landholders share their experiences and gain assistance (Upper Lachlan Shire Council news) | https://upperlachlan.nsw.gov.au/latest-news/landholders-share-their-experiences-and-gain-assistance/ | Community recovery meeting report - specific details of the fire | ""Outbuildings and shed lost: 17""",,,,,,,,,,,,,85.0,council_total,official,"Landholders share their experiences and gain assistance (Upper Lachlan Shire Council news) | https://upperlachlan.nsw.gov.au/latest-news/landholders-share-their-experiences-and-gain-assistance/ | Community recovery meeting report - specific details of the fire | ""Fences destroyed: 85 km""",200.0,council_total,official,"Major Incidents Report 2022-23 (Australian Institute for Disaster Resilience) | https://knowledge.aidr.org.au/media/10344/aidr_major-incidents-report_2022-23.pdf | Section 6 summary table of major incidents, item 25 (16/03/23 Bushfires, Taralga), PDF p.25 | ""A fire burnt 4,437 ha, destroying one house, 17 outbuildings, and at least 200 sheep.""",,,,,,,,,1.0,"council figure, see DL_homes_destroyed_sourced_source",0.236630383341221,402.2,47500.0,2020-21,0.3161,2727.0,0.028629856850715747,-7.14285714285714,6.666666666666665,11.111111111111116,0.6888633754305484,0.45586931746233184,19.166666666666664,-49.350649350649356,8.333333333333325,130.0,154.0,,,,,,,,,,,25.81284774080198,44.94886914345972,146.82862893426534,3163.474895648421,32.0931702500372,54.71200954417395,161.61653072695736,2021,,,,2023Q1,0.26122099780827607,0.24364131358699206,0.26041919024003307,0.38753946924891797,0.3181064460237056,0.26600710009207607,59.06147588165383,0.16550261146124345,2.145736589877467,13.383681413046666,-13.218178801585424,0.26122099780827607,0.24364131358699206,0.25015678628326493,0.38754214561727957,0.3181064460237056,0.2660074272790978,59.062574368738055,0.1661943597949911,6.336282629520351,13.383681413046666,-13.217487053251675,103.647432773071,106.0199623971202,104.40896111834063,104.9082041878623,,,-1.0486310163868695,-0.5353521877192069,,-0.08365492828837362,-0.4516972594308333,200479,202124,204345,204310,1.928381526244638,3.2999943782037855,False,0.6111111111111112,0.9303030303030303,0.35253456221198154,0.4748743718592965,0.8212435233160622,0.5150753768844221,0.4154929577464789,0.6111111111111112,0.641418796257506,0.6037310906865936,0.4154929577464789,4,0.5679384889504224,2,2,2,Moderate,0.5647494499377984,from composite Y
1065,12160,Cootamundra-Gundagai Regional,4,"Bundarbo Rd, Gobarralong; Stockinbingal Rd, Cootamundra; Back Brawlin Rd, Cootamundra; Darbalara Rd, Darbalara",2023-01-25,2023-02-24,665.4051113168514,0.001671277029990264,529.1626565717047,8.0,37.61413427409829,-0.2503704259262752,36.3,20,35.7,335.0000000000001,0.9026133474174995,12.12403655822824,"Cleared, non-native vegetation, buildings",2.638384543761639,0.1351519494965298,,,2.867571878676769,395937149.0,953.0,2,8.4957,57.68,3.993348748993218,8,-19,0.2999999999999995,1.583333333333334,-0.4627128183481073,3.631655403271647,-2.424692050385583,-2.802837873346764,-1.211442386206018,15.0622609314407,-14.62770689257827,-0.018871129783244,-1.429999999999999,0.5037000000000011,,-4.674341719943909,-0.1810999999999998,-6.309877958562319,-102.935,-80.73099772129248,11.11111111111111,0.8509780197620493,5101,,,,,,,,,,,,,,,,,,,,,,,,,,,,,,,,,,,,,,,,,,,,,,,,,,,,,,,,,,,,,,,,,817.9,71500.0,2020-21,0.2695,2755.0,0.043333333333333335,0.0,-1.5873015873015928,-22.22222222222222,0.2178649237472685,2.00951877313591,15.12915129151291,-35.45611015490534,8.737864077669899,112.0,126.0,,,,,,,,,,,6.042377448171617,81.25257639149544,6284.087086832606,6309.3969748312065,2.7136838389751308,34.65255016514199,3103.9732783894183,2021,,,,2023Q1,0.26873333336554667,0.2635541299744825,0.274008406749693,0.4063957224181884,0.3328868744900357,0.29116415967983483,54.19819923047151,0.16984821936958383,6.261031598863909,13.383681413046666,-13.213833193677083,0.26867093108844536,0.2635541299744825,0.27320514581139976,0.4063957224181884,0.3328868744900357,0.29109009225398436,54.19819923047151,0.16984821936958383,6.546343184520764,13.383681413046666,-13.213833193677083,102.21615384615384,104.25928571428572,102.67750000000001,103.25714285714285,,,-0.9612024965231059,-0.5207721275219512,,-0.08365492828837362,-0.4371171992335776,200479,202124,204345,204310,1.928381526244638,3.2999943782037855,False,,0.8303030303030303,0.4792626728110599,0.4371859296482412,0.9896373056994818,0.06030150753768844,0.18779342723004694,,0.6547828515570451,0.4957082476284705,0.18779342723004694,3,0.44609484213852085,1,1,1,Light,0.4023286708835906,from composite Y
1066,17640,Upper Lachlan Shire,3,"Foggs Crossing Rd, Bigga; Old South Rd, Breadalbane; Range Rd, Bannister",2023-02-10,2023-02-23,1202.479239991287,0.001687122885560074,907.7438408385764,13.0,25.26018700887548,-0.2355468887995348,32.8,21,32.2,706.5261849535301,0.4528125715695083,11.14286808738732,"Cleared, non-native vegetation, buildings",5.623542399779204,0.4826951998395192,,,1.201420597428034,321462071.0,1022.0,2,13.2723,44.0,2.180549498473615,14,-66,-1.0,2.113156100886162,0.0671099492047213,-1.64831907030061,-7.704666523957841,-1.051033516291019,0.5403619708497263,4.308779720145971,-3.874225681283541,0.9243792324211126,3.32,-1.7616,,-8.902278691666094,1.556399999999999,13.04108418555967,-9.384999999999993,710.759361468207,1.333333333333334,-8.926799758015727,4226,,,,,,,,,,,,,,,,,,,,,,,,,,,,,,,,,,,,,,,,,,,,,,,,,,,,,,,,,,,,,,,,,402.2,47500.0,2020-21,0.3161,2727.0,0.028629856850715747,-7.14285714285714,6.666666666666665,11.111111111111116,0.6888633754305484,0.45586931746233184,19.166666666666664,-49.350649350649356,8.333333333333325,130.0,154.0,,,,,,,,,,,4.598217851474535,22.579287533662757,205.0828085765808,661.6321623168105,2.5751409122921114,12.595390294407544,116.96586312257931,2021,,,,2023Q1,0.26122099780827607,0.24364131358699206,0.26041919024003307,0.38753946924891797,0.3181064460237056,0.26600710009207607,59.06147588165383,0.16550261146124345,2.145736589877467,13.383681413046666,-13.218178801585424,0.26122099780827607,0.24364131358699206,0.25015678628326493,0.38754214561727957,0.3181064460237056,0.2660074272790978,59.062574368738055,0.1661943597949911,6.336282629520351,13.383681413046666,-13.217487053251675,103.647432773071,106.0199623971202,104.40896111834063,104.9082041878623,,,-1.0486310163868695,-0.5353521877192069,,-0.08365492828837362,-0.4516972594308333,200479,202124,204345,204310,1.928381526244638,3.2999943782037855,False,,0.9303030303030303,0.35253456221198154,0.4748743718592965,0.8212435233160622,0.5150753768844221,0.4154929577464789,,0.641418796257506,0.6037310906865936,0.4154929577464789,3,0.5535476148968596,2,2,2,Moderate,0.5455660371279452,from composite Y
1066,18710,Yass Valley,2,"Wee Jasper Rd, Narrangullen; Oakey Creek Rd, Wallaroo",2023-02-11,2023-03-08,2238.649237718554,0.005603603783709902,2228.598619203309,14.0,16.09141879586997,0.1312951634750093,33.0,29,30.0,1018.0,,5.544077951165951,"Cleared, non-native vegetation, buildings",0.1827563062811119,4.176006549569959,,,4.340156750271651,957028704.0,1065.0,1,16.4061,49.4,5.726754542215889,6,-140,-0.9000000000000002,3.125,1.078953848318559,4.762126938210547,-1.294220515446684,-3.806447892035297,-2.215052404894551,-5.055523073208587,5.490077112071017,24.73386495405851,-10.56,-3.043999999999998,,-1.52010001840781,-6.711899999999999,-3.426916374043225,-278.875,200.2908541075575,10.0,-0.2601330913490614,6460,,,,,,,,,,,,,,,,,,,,,,,,,,,,,,1.0,council_total,news,"Grassfire that has so far burnt 2,000 hectares between Wee Jasper and Yass likely started by lightning (ABC News) | https://www.abc.net.au/news/2023-02-12/grassfire-wee-jasper-yass-nsw-southern-tablelands-lightning/101962982 | Article body | ""have so far managed to protect homes and sheds, apart from an old uninhabited cottage""",,,,,,,,,,,,,,,,,,,,,,,,,,,,,,,,822.1,47500.0,2020-21,0.4727,2727.0,0.03262867647058824,-2.8169014084507005,0.0,-12.5,0.47543581616482644,1.5072830905636492,-0.7930214115781098,-42.82511210762332,17.910447761194035,237.0,282.0,,,,,,,,,,,4.646985339107277,28.115723601386165,272.6917515487828,661.6321623168105,2.421878991982572,11.77171228899707,109.79633929683455,2021,,,,2023Q1,0.2923732572467417,0.279240863230618,0.28391354765142096,0.4272355780978743,0.3556563933614932,0.30935887327910117,52.99894619829737,0.9317638775048653,8.962349925943336,13.383681413046666,-12.451917535541801,0.2923732572467417,0.279240863230618,0.2840417952249758,0.4272355780978743,0.3556563933614932,0.3093885309229016,52.99894619829737,0.9317638775048653,8.923593683756948,13.383681413046666,-12.451917535541801,105.89348878520485,108.24174271989153,106.45314132615658,107.07748333967224,,,-1.07561034307454,-0.10918254420053675,,-0.08365492828837362,-0.025527615912163126,200479,202124,204345,204310,1.928381526244638,3.2999943782037855,False,,0.6606060606060606,0.17050691244239632,0.9547738693467337,0.046632124352331605,0.01507537688442211,0.0892018779342723,,0.4155564865242285,0.3388271235278291,0.0892018779342723,3,0.2811951626621099,1,1,1,Light,0.18251307025818578,from composite Y
1070,10550,Bega Valley,2,"COOLAGOLITE RD, COOLAGOLITE; HAWKS HEAD RD, BROGO",2023-10-03,2023-11-16,8621.988802747594,0.01373255876007791,8622.494288401544,45.0,25.7140756079035,-1.519642866899181,30.8,19,31.2,295.9777167803442,0.606432168740239,7.748754386274194,Eucalypt Open Forests,74.971218729135,53.23787682151829,,,5.746594334542863,1274812732.0,986.0,2,2.4228,49.93,5.957135389440669,16,-77,-0.9999999999999996,1.332938388625593,-0.7829161935310722,,,5.266075388026608,-0.085369453443576,0.1933983787856732,-0.5524977466345788,-0.7202651188659086,,,,,13.0344,-1.519625684100121,-73.90000000000002,-554.9272368786325,11.11111111111111,1.111111111111111,17546,,,,,,,,2.0,2.0,,,,14.0,2.0,council_total,official,"Bush Fire Bulletin Vol. 46 No. 1 (May 2024), NSW Rural Fire Service | https://www.rfs.nsw.gov.au/__data/assets/pdf_file/0017/267020/BFB-Vol-46-1-MAY-2024.pdf | p.18 (PDF p.20), Research and Technology: '2023/24 examples of elevated fire activity' - Coolagolite Road fire (Bega Valley) | ""Approximately 7,300ha burnt and two houses lost.""",2.0,council_total,news,"Two homes confirmed destroyed, another two damaged, in Coolagolite bushfire (ABC News) | https://www.abc.net.au/news/2023-10-06/coolagolite-fires-homes-destroyed/102942542 | article body | ""Two homes have been confirmed destroyed in the Coologolite bushfire, while two other homes have been damaged.""",,,,,,,,,14.0,council_total,news,"Two homes confirmed destroyed, another two damaged, in Coolagolite bushfire (ABC News) | https://www.abc.net.au/news/2023-10-06/coolagolite-fires-homes-destroyed/102942542 | article body | ""Fourteen outbuildings, which can include sheds or stables, were also destroyed, while five other outbuildings have been damaged.""",5.0,council_total,news,"Two homes confirmed destroyed, another two damaged, in Coolagolite bushfire (ABC News) | https://www.abc.net.au/news/2023-10-06/coolagolite-fires-homes-destroyed/102942542 | article body | ""Fourteen outbuildings, which can include sheds or stables, were also destroyed, while five other outbuildings have been damaged.""",,,,,,,,,,,,,,,,,,,,,,,,,2.0,"council figure, see DL_homes_destroyed_sourced_source",0.113986093696569,1704.7,47500.0,2020-21,0.3044,3684.0,0.0696090047393365,-2.553191489361706,1.3761467889908285,2.564102564102555,1.1029411764705843,,,,13.271604938271597,367.0,381.0,,,,,,,,,,,135.64495925592232,307.55493801204807,2926.282382717844,2926.282382717844,89.59682518399103,196.6830184386526,1807.614594081957,2021,,,,2023Q4,0.2476453085351421,0.3307007131927387,0.29863327150210894,0.30831398402193483,0.44446476672046015,0.2938875508371927,-6.769483184560432,11.739892294191655,-1.5891466617385053,7.685307352521331,4.054584941670324,0.2476453085351421,0.33062569222893884,0.29759649261381066,0.30831403424417625,0.44446476672046015,0.293884548684855,-6.748313427896912,11.740291855394226,-1.2473076871146627,7.6693664910018615,4.070925364392364,105.03714285714285,,,,,,,,,,,204672,203019,204310,206382,-0.17686835522201516,1.2669656173464494,True,0.5222222222222223,,0.5714285714285714,0.01507537688442211,0.5751295336787565,0.12562814070351758,0.3192488262910798,0.5222222222222223,0.5714285714285714,0.23861101708889873,0.3192488262910798,4,0.41287765925769304,1,1,1,Light,0.3580492943000988,from composite Y
1071,10180,Armidale Regional,11,"Trappo Gap; LYNOCH RD, LYNDHURST; GUYRA RD, WANDSWORTH; ROCKVALE RD, THALGARRAH; FOSTERS RD, CASTLE DOYLE; RASPBERRY RD, JEOGLA; HERBERT PARK RD, DONALD CREEK; SEATON ST, ARMIDALE",2023-08-27,2023-09-19,2411.075770226048,0.003087386016132839,2776.171086122996,13.0,21.1910445881707,-1.802595986400068,26.7,19,33.8,542.4668873684559,0.7452217547109278,14.11415701408968,Eucalypt Tall Open Forests,41.90768592947463,0.2938328252227329,,,3.768899913266515,1087070034.0,980.0,2,16.2517,54.89,5.974123510736353,11,-504,-3.55,0.0688231245698554,-2.04703145758681,,,10.19264091326062,8.513518204229293,-5.779526219188668,5.420426851339762,-0.4702014117371647,,,,,4.9103,-7.271512899846029,-77.62,-420.7051897941763,2.564102564102564,-5.926463473633286,12055,,,,,,,,,,,,,,,,,,,,,,,,,,,,,,,,,,,,,,,,,,,,,,,,,,,,,,,,,,,,,,,,,1826.7,62200.0,2020-21,0.3084,2509.0,0.04645560908465245,0.0,-3.703703703703709,0.0,-0.5841121495327117,,,,3.0581039755351647,337.0,356.0,,,,,,,,,,,2.1044074934566477,1749.9109975445183,21999.40932132421,61668.36122873365,0.8475658782310266,700.1650844385103,10026.58408751529,2021,,,,2023Q3,0.2172161847435713,0.38894934097180706,0.3283527883417104,0.3227984153315869,0.30598653698879735,0.3653879305273786,-17.007594221638012,21.91076460283106,11.279070408601633,11.172831027445795,10.737933575385263,0.21715290679652938,0.38890123418703815,0.3282652000303973,0.31440056911863995,0.30598447829585224,0.36225974218376095,-19.15670574410362,18.741303094843875,10.355816623332537,11.167059031672034,7.574244063171841,103.36380920712332,100.34846085984827,,,,,,,,,,204345,204672,203019,204844,-0.6489025912060464,2.326279003494669,False,,,0.8640552995391705,0.09296482412060302,0.05958549222797927,0.10804020100502512,0.9624413145539906,,0.8640552995391705,0.08686350578453579,0.9624413145539906,3,0.637786706625899,3,3,3,Severe,0.657858957304338,from composite Y
1071,11730,Clarence Valley,35,"Rockview Old GI Rd, Chambigne; HUTLEYS KNOB SHERWOOD  2450; TOWALLUM RIVER, KANGAROO CREEK NSW 2460; Smiths Creek Rd, Upper Copmanhurst; FIRTH HEINZ RD, PILLAR VALLEY  2462; Crowleys Creek, Shark Creek; DISCOVERY RD, CLOUDS CREEK  2453; Mcgills Rd, Kremnos",2023-08-12,2023-09-22,17909.89072079419,0.01717368836117913,11563.0782526791,26.0,39.10923652462382,-1.903430164885743,33.6,17,28.6,6301.000000000001,0.3856680054139627,8.931713569002442,Eucalypt Open Forests,45.28020536288555,18.18707544032788,,,5.256753289706722,1620591371.0,940.0,2,13.7217,53.9,10.88509397230056,15,-255,-0.8499999999999994,0.8405323371468596,-1.275322245009805,,,3.648236989474837,1.969114280443505,3.349985741972855,-3.709085109821761,-1.184168117330275,,,,,7.049399999999998,1.22902136763853,-16.01,457.6005142191374,1.098901098901099,-7.391664938834751,24141,,,,,,,,,,,,,,,,,,,,,,,,,,,,,,,,,,,,,,,,,,,,,,,,,,,,,,,,,,,,,,,,,2568.4,47400.0,2020-21,0.3151,2659.0,0.05393415830025683,-1.2987012987012991,0.766283524904221,-9.230769230769232,-0.7292616226071136,,,,-5.2044609665427455,510.0,518.0,,,,,,,,,,,137.3376456748424,946.4361621516033,8481.544613084596,61668.36122873365,64.69916351751533,416.21504504914276,3628.128075485714,2021,,,,2023Q3,0.21893844649990982,0.37920215292381704,0.39679372828912296,0.3450836543367928,0.3013841460309747,0.3822469399720674,-8.997443269758755,24.27034603560376,-3.666083226611916,11.172831027445795,13.097515008157966,0.21886635589741016,0.3786307583205341,0.35815234831361736,0.3380340701319811,0.29947065525551714,0.3799331466668255,-10.721973135152806,21.767512795270495,6.081433908157896,11.167059031672034,10.60045376359846,102.1060132125796,101.57640922939987,,,,,,,,,,204345,204672,203019,204844,-0.6489025912060464,2.326279003494669,False,,,0.7188940092165899,0.05025125628140704,0.7979274611398963,0.457286432160804,0.5868544600938967,,0.7188940092165899,0.43515504986070247,0.5868544600938967,3,0.580301173057063,2,2,2,Moderate,0.5812292323174365,from composite Y
1071,14350,Kempsey,27,"CARLYLE RD, KUNDABUNG NSW 2441; Peach Tree Gully; Chain O Ponds Rd, Collombatti; Trappo Gap; Old Station Rd, Verges Creek; Thomsons Tower Rd, South Kempsey; TYNES GAP; BATTERSONS RD, COLLOMBATTI  2440",2023-08-15,2023-09-18,6585.305028016897,0.01950813985872751,2776.171086122996,17.0,28.99892230342438,-1.390122388155726,31.1,19,30.3,3264.071436162847,0.2444605268763839,8.370374586992433,Eucalypt Tall Open Forests,70.8506593998116,11.75586982733804,,,9.257420392701846,837756732.0,903.0,1,11.4068,55.54,8.70137788074625,14,64,0.3499999999999998,-1.959983666802777,-4.075838248959442,,,3.04,1.360877290968668,4.315964462816883,-4.675063830665788,-1.122872365683914,,,,,0.5920999999999994,-3.037233413002945,116.09,-160.0457194499864,2.380952380952381,-6.109613656783468,13104,,,,,,,,,,,,,2.0,,,,,,,,,,,,,,,,,,,,,,,,,,,,,,,,,,,,,,,,,,,,,,,,,,,,1272.5,41500.0,2020-21,0.3214,6110.0,0.053082890975908535,-9.999999999999998,0.0,4.347826086956519,-3.669724770642202,,,,5.519480519480524,325.0,254.0,,,,,,,,,,,104.0463198587583,3258.3930814632477,18640.33133631829,61668.36122873365,44.14564176953574,1334.0118450967313,7928.753468050917,2021,,,,2023Q3,0.23886795516117998,0.44184699109447384,0.5208563400065145,0.6058159539065778,0.3302758876632212,0.41654458774669473,37.109896891217,101.86158747446945,-20.026971786215586,11.172831027445795,90.68875644702365,0.23888289085798498,0.44184699109447384,0.4262297206283727,0.3824644825418047,0.33027681973774153,0.4017890642969368,-13.439609129299745,27.453213128609157,-5.7341511275666335,11.167059031672034,16.286154096937125,109.94846153846153,109.47857142857144,,,,,,,,,,204345,204672,203019,204844,-0.6489025912060464,2.326279003494669,False,,,0.9746543778801844,0.3592964824120603,0.8678756476683938,0.9773869346733668,0.5023474178403756,,0.9746543778801844,0.7348530215846069,0.5023474178403756,3,0.7372849391017223,3,3,3,Severe,0.7904927125807876,from composite Y
1071,15700,Nambucca Valley,9,"TAYLORS ARM RD, THUMB CREEK  2447; BARNETTS RD, GUMMA  2447; Simpsons Ridge Rd, South Arm; ROSELLA DR, NORTH MACKSVILLE; 1136 SOUTH ARM RD, SOUTH ARM  2449; TAYLORS ARM RD, BURRAPINE; 83 KOSEKAI RD, YARRANBELLA  2447; 1781 NORTH ARM RD, ARGENTS HILL  2449",2023-08-21,2023-09-21,364.9793382764834,0.00244731972325123,226.6638394114549,13.0,28.47135993206837,-1.392498340179208,31.7,17,21.3,76.00000000000004,0.02665882310263938,17.8777351516342,Eucalypt Tall Open Forests,82.32974910394265,1.545298240862885,,,13.84993164886068,602744884.0,920.0,2,17.7983,54.33,11.12672984173917,14,28,0.1500000000000005,1.942355889724311,-0.173498692432354,,,2.178649237472767,0.4995265284414349,8.585492460931277,-8.944591828780183,-1.355823623479383,,,,,3.7475,-9.592046465521635,1.709999999999997,229.4423387427954,0.0,-8.49056603773585,9156,,,,,,,,,,,,,,,,,,,,,,,,,,,,,,,,,,,,,,,,,,,,,,,,,,,,,,,,,,,,,,,,,845.3,41500.0,2020-21,0.2899,920.0,0.045739348370927316,-1.3698630136986356,0.0,5.000000000000004,-0.2277904328018221,,,,9.289617486338809,200.0,217.0,,,,,,,,,,,4.360184620715207,235.9101048785089,11974.91324908277,61668.36122873365,2.0194575494510816,103.62270474916892,6013.173008652621,2021,,,,2023Q3,0.23511931245018564,0.4334470819512384,0.3748949073191193,0.3572926967279808,0.3269984343923147,0.40369601076283973,-17.569476966008214,21.721384337995065,7.682447235594014,11.172831027445795,10.54855331054927,0.23511931245018564,0.4334505564171502,0.37446449035682855,0.35709374235513575,0.3269984343923147,0.394468966486248,-17.6160378459704,21.65360517008996,5.3421557035640665,11.167059031672034,10.486546138417927,109.94846153846153,109.47857142857144,,,,,,,,,,204345,204672,203019,204844,-0.6489025912060464,2.326279003494669,False,,,0.4055299539170507,0.11055276381909548,0.9740932642487047,0.6381909547738693,0.40375586854460094,,0.4055299539170507,0.5742789942805565,0.40375586854460094,3,0.4611882722474027,1,1,1,Light,0.42244860935415657,from composite Y
1075,11730,Clarence Valley,12,"GLENS CREEK RD, NYMBOIDA; Punchs Creek; Guy Fawks River National Park; OLD CUNGLEBUNG RD, BUCCARUMBI; BOUNDARY ROAD, KREMNOS; Ogilvie Dr, Tabulam; JACKADGERY BRIDGE, GWYDIR HIGHWAY, JACKADGERY; FARLOWS LANE, MACLEAN",2023-09-30,2023-11-15,25043.15435662386,0.02401373270257992,13588.79943083585,24.0,45.92357801151533,-1.546836595038647,37.4,13,26.0,9378.505324759535,0.3676157299219369,12.44627708185359,Eucalypt Tall Open Forests,56.99808113768081,24.78238487624206,,,5.256753289706722,1620591371.0,940.0,2,13.7217,53.9,10.88509397230056,16,-203,-1.0,0.8405323371468596,-1.275322245009805,,,9.759033946845188,4.407589105375004,3.349985741972855,-3.709085109821761,-1.184168117330275,,,,,7.049399999999998,1.22902136763853,-16.01,457.6005142191374,6.666666666666667,-3.333333333333333,24141,,,,,,,,,,,,,,2.0,council_total,official,"Bush Fire Bulletin Vol. 46 No. 1 (May 2024), NSW Rural Fire Service | https://www.rfs.nsw.gov.au/__data/assets/pdf_file/0017/267020/BFB-Vol-46-1-MAY-2024.pdf | p.9 (PDF p.11), 'Clarence Valley fire takes hold' - Clarence Valley Fire Facts box | ""PROPERTY LOSS Two homes and 15 sheds lost""",,,,,,,,,,,,,15.0,council_total,official,"Bush Fire Bulletin Vol. 46 No. 1 (May 2024), NSW Rural Fire Service | https://www.rfs.nsw.gov.au/__data/assets/pdf_file/0017/267020/BFB-Vol-46-1-MAY-2024.pdf | p.9 (PDF p.11), 'Clarence Valley fire takes hold' - Clarence Valley Fire Facts box | ""PROPERTY LOSS Two homes and 15 sheds lost""",,,,,,,,,,,,,,,,,,,,,,,,,,,,,2.0,"council figure, see DL_homes_destroyed_sourced_source",0.08284660950250611,2568.4,47400.0,2020-21,0.3151,2659.0,0.05393415830025683,-1.2987012987012991,0.766283524904221,-9.230769230769232,-0.7292616226071136,,,,-5.2044609665427455,510.0,518.0,,,,,,,,,,,152.69616417415799,404.59725165199296,12422.254509995299,21227.05165274973,80.02837462660189,190.62901358954343,6132.520865755394,2021,,,,2023Q3,0.21893844649990982,0.37920215292381704,0.39679372828912296,0.3450836543367928,0.3013841460309747,0.3822469399720674,-8.997443269758755,24.27034603560376,-3.666083226611916,11.172831027445795,13.097515008157966,0.21886635589741016,0.3786307583205341,0.35815234831361736,0.3380340701319811,0.29947065525551714,0.3799331466668255,-10.721973135152806,21.767512795270495,6.081433908157896,11.167059031672034,10.60045376359846,102.1060132125796,101.57640922939987,,,,,,,,,,204345,204672,203019,204844,-0.6489025912060464,2.326279003494669,False,0.4888888888888889,,0.7188940092165899,0.05025125628140704,0.7979274611398963,0.457286432160804,0.8450704225352113,0.4888888888888889,0.7188940092165899,0.43515504986070247,0.8450704225352113,4,0.6220020926253481,2,2,2,Moderate,0.6368176525656735,from composite Y
1075,14220,Inverell,9,"BONSHAW RD, BONSHAW; WALLANGRA RD, WALLANGRA; BUKKULLA RD, ASHFORD; CARL TOMES LANE, CHERRY TREE HILL; Nicholls; ATHOLWOOD RD, BONSHAW; KINGS PLAINS RD, SAPPHIRE; ATHOLWOOD RD, BONSHAW",2023-10-11,2023-11-16,15246.42878816641,0.01621140212431898,13205.31531545251,22.0,50.94357600112624,-1.971691364155942,34.7,13,31.6,8395.022332897737,0.4172834581118897,5.246464881181486,Callitris Forests and Woodlands,33.76979044824647,36.6976434662696,,,1.916051754408014,524766461.0,928.0,2,29.7557,54.06,2.207723586574467,9,-245,-3.7,-2.212389380530973,-4.328243962687639,,,9.433962264150944,4.08251742268076,-0.3990506519346155,0.0399512840857099,1.00101958282444,,,,,2.933899999999999,0.7644214256044881,78.22999999999999,-281.6065436141188,4.285714285714286,-5.714285714285714,7414,,,,,,,,,,,,,,,,,,,,,,,,,,,,,,,,,,,,,,,,,,,,,,,,,,,,,,,,,,,,,,,,,1119.6,62200.0,2020-21,0.2911,4042.0,0.03761061946902655,-4.411764705882348,-11.32075471698113,-28.57142857142857,-1.2517385257301838,,,,-6.635071090047395,197.0,165.0,,,,,,,,,,,37.57143518863408,314.6517663721295,1857.1943945653131,21227.05165274973,18.94237091532949,166.18017127376507,884.3066425357854,2021,,,,2023Q4,0.25235404722712057,0.2922075316176311,0.44776533620513254,0.2544190327591598,0.3648935879674542,0.27465495422993297,-12.932075586579861,13.415541538274267,-38.6609609940626,7.685307352521331,5.730234185752936,0.2523581332855451,0.29221190328537333,0.29062961117160563,0.2544190327591598,0.3648935879674542,0.2746477821322159,-12.933378175667654,13.643228172898025,-5.499036720643402,7.6693664910018615,5.973861681896164,103.51428571428572,,,,,,,,,,,204672,203019,204310,206382,-0.17686835522201516,1.2669656173464494,True,,,0.9838709677419355,0.13819095477386933,0.4792746113989637,0.9271356783919598,0.8051643192488263,,0.9838709677419355,0.5148670815215975,0.8051643192488263,3,0.7679674561707864,4,4,4,Extreme,0.8313933131134912,from composite Y
1075,14550,Kyogle,7,"Bean Creek Rd, Bean Creek; Capeen Mountain Fire; Ogilvie Dr, Tabulam; Mount William Fire; Crossleys Rd, Afterlee; Mount William Fire; Lindsay Rd, Larnook",2023-10-11,2023-11-15,2675.308452272473,0.007464207399327613,6959.055288704613,19.0,38.43539067623313,-1.559364121889356,34.8,11,26.7,813.1545390784827,0.0465268068017775,10.96868009980055,Eucalypt Open Forests,54.94316467566355,0.2029802111599079,,,2.647744343627107,242238422.0,921.0,2,19.3004,20.57,6.45808135463747,13,1,8.881784197001252e-16,0.8842443729903537,-1.231610209166311,,,9.483667017913591,4.132222176443409,0.8385990869979558,-1.197698454846861,-0.781931216704514,,,,,0.7476999999999991,4.199782751382449,-748.54,-2830.320045386152,-2.790697674418605,-12.7906976744186,4295,,,,1.0,,,,,,,,,,,,,,,,,,,,,,,,,,,,,,,,,,,,,,,,,,,,,,,,,,1.0,council_total,official,"NSW Rural Fire Service Annual Report 2023/24 | https://www.rfs.nsw.gov.au/__data/assets/pdf_file/0010/274645/RFS-Annual-Report-2023-24.pdf | Operations and performance, p.27 of 108 | ""Senior Deputy Captain John Holmes of Mallanganee Brigade died while fighting the Bean Creek fire at Kyogle.""",,,,,,,,448.5,48000.0,2020-21,0.2792,8844.0,0.027331189710610933,-14.70588235294118,5.882352941176472,14.28571428571428,0.8012820512820484,,,,26.315789473684205,144.0,134.0,,,,,,,,,,,28.85313405135313,147.65990116330858,1430.053386806777,21227.05165274973,16.489823253569032,80.80058670834295,765.0140842836776,2021,responder,1.0,RFS Annual Report 2023/24 p.27: 'Senior Deputy Captain John Holmes of Mallanganee Brigade died while fighting the Bean Creek fire at Kyogle.',2023Q4,0.2804683157042866,0.31478098193881615,0.3155055037298839,0.26133931875194977,0.3474659184257811,0.3148658583033111,-16.977411677702246,5.968295709958427,-0.20273669365857838,7.685307352521331,-1.7170116425629045,0.28040336158863916,0.3145078986534857,0.3123615528641243,0.26133931875194977,0.3474659184257811,0.31470257374517857,-16.905324199859063,5.969646283829144,0.7494587152576226,7.6693664910018615,-1.6997202071727173,101.28285714285714,,,,,,,,,,,204672,203019,204310,206382,-0.17686835522201516,1.2669656173464494,True,,,0.7096774193548387,0.32663316582914576,0.6269430051813472,0.005025125628140704,0.8215962441314554,,0.7096774193548387,0.3195337655462112,0.8215962441314554,3,0.6169358096775017,2,3,2,Severe,0.6300641644287944,raised one level: one death
1075,17400,Tenterfield,29,"SCRUB RD, TENTERFIELD; Sawyers Creek, Donnybrook State Forest; Christies; Ogilvie Dr, Tabulam; BONSHAW RD, BONSHAW; ROCKY RIVER RD, ROCKY RIVER; GILGURRY RD, BOOROOK; TORRINGTON COMPLEX, TORRINGTON",2023-10-16,2023-11-16,48458.4810052292,0.0661611804120241,22046.3430996333,32.0,38.80226678998773,-1.971691364155942,34.0,16,31.8,24260.49249508794,0.3777596158387354,9.557603666903287,"Cleared, non-native vegetation, buildings",24.95189382048248,101.7677127751106,,,0.9428878133347548,159807086.0,920.0,2,15.7563,24.08,7.617588972633106,14,-108,-4.5,-1.089108910891089,-3.204963493047754,,,16.65218650448885,11.30074166301867,4.006510239092034,-4.365609606940939,0.0198700375095004,,,,,24.7817,1.841378781860508,-52.46000000000001,-2967.077311557741,0.0,-10.0,3591,,,,,,,,,,,,,,1.0,fire_in_council,news,"Bushfire threat across NSW and Queensland eases as blazes burn near towns of Tenterfield, Wallangarra and Tara (ABC News) | https://www.abc.net.au/news/2023-11-01/nsw-queensland-bushfires-wallangarra-tenterfield-tara/103046252 | Article body | ""Authorities have confirmed that a home has been lost in Tabulam, in the north-east of NSW, while two others have been damaged.""",2.0,fire_in_council,news,"Bushfire threat across NSW and Queensland eases as blazes burn near towns of Tenterfield, Wallangarra and Tara (ABC News) | https://www.abc.net.au/news/2023-11-01/nsw-queensland-bushfires-wallangarra-tenterfield-tara/103046252 | article body | ""Authorities have confirmed that a home has been lost in Tabulam, in the north-east of NSW, while two others have been damaged.""",,,,,,,,,14.0,council_total,news,"Four homes at Donnybrook, Tabulam, Wallangarra among buildings destroyed in Tenterfield fires (ABC News) | https://www.abc.net.au/news/2023-11-03/homes-destroyed-fire-tenterfield-bushfire/103059872 | article body | ""Rural Fire Service impact assessment crews have confirmed homes were lost at Tabulam, Donnybrook, and Wallangarra, along with 14 outbuildings.""",,,,,,,,,,,,,,,,,,,,,,,,,,,,,1.0,"one fire in the council (lower bound), see DL_homes_destroyed_sourced_source",0.278473962684489,428.4,62200.0,2020-21,0.2299,779.0,0.039603960396039604,-5.000000000000004,-1.6949152542372836,0.0,-1.1406844106463865,,,,0.9009009009008917,112.0,91.0,,,,,,,,,,,267.5064961403677,857.7262244766619,5138.483825407047,21227.05165274973,147.9095608405971,480.7896953923176,2872.1294914343794,2021,,,,2023Q4,0.26091790704625256,0.30138663494036017,0.30135914670542424,0.26149658156325445,0.3528249984397394,0.3067868579140984,-13.235508397709594,8.590220178341102,1.8010773085907594,7.685307352521331,0.9049128258197712,0.26061758639251514,0.30063999989431384,0.2913786798603413,0.2614917719455008,0.35251336409888373,0.30531991417833,-13.02162984385814,8.62574332292434,4.784575976756678,7.6693664910018615,0.9563768319224781,103.51428571428572,,,,,,,,,,,204672,203019,204310,206382,-0.17686835522201516,1.2669656173464494,True,0.6333333333333333,,0.9470046082949308,0.007537688442211055,0.8523316062176166,0.1934673366834171,0.9835680751173709,0.6333333333333333,0.9470046082949308,0.3511122104477482,0.9835680751173709,4,0.7287545567983458,3,3,3,Severe,0.779121489085782,from composite Y
1076,14350,Kempsey,9,"WILLI WILLI RD, MOPARRABAH; MCGUIRES CROSSING RD, BELMORE RIVER; KEMPSEY TIP ROAD; MATHEWS RD, SOUTH KEMPSEY; VERGES CREEK RD, VERGES CREEK; CRESCENT HEAD TIP ROAD, CRESCENT HEAD; MARIA RIVER ROAD, CRESCENT HEAD; LIGHTHOUSE RD, ARAKOON",2023-10-14,2023-11-08,34839.78592219208,0.1032084942955096,31617.55925309787,26.0,53.81642227545357,-1.270765388888293,38.2,13,42.1,17436.0,0.5904331374826636,11.28725514369372,Eucalypt Tall Open Forests,50.78775567792777,104.5597297019302,,,9.257420392701846,837756732.0,903.0,2,11.4068,55.54,8.70137788074625,15,40,-0.7999999999999998,-1.959983666802777,-4.075838248959442,,,11.2,5.848555158529815,4.315964462816883,-4.675063830665788,-1.122872365683914,,,,,0.5920999999999994,-3.037233413002945,116.09,-160.0457194499864,7.142857142857142,-2.857142857142858,13104,,,,1.0,,,,,,,,,,4.0,council_total,news,"Four homes confirmed lost in 'tragic' Willi Willi Road fire west of Kempsey, as farmers count the cost (ABC News) | https://www.abc.net.au/news/2023-10-19/nsw-bushfres-kempsey-fire-properties-destroyed/102996120 | article body, quoting RFS public information officer Michael Dunn | ""Public information officer Michael Dunn said four homes and two outbuildings were confirmed destroyed""",,,,,,,,,,,,,2.0,council_total,news,"Four homes confirmed lost in 'tragic' Willi Willi Road fire west of Kempsey, as farmers count the cost (ABC News) | https://www.abc.net.au/news/2023-10-19/nsw-bushfres-kempsey-fire-properties-destroyed/102996120 | article body, quoting RFS public information officer Michael Dunn | ""Public information officer Michael Dunn said four homes and two outbuildings were confirmed destroyed""",,,,,,,,,,,,,,,,,,,,,1.0,council_total,official,"Bush Fire Bulletin Vol 45 No 2 (2023), Commissioner's foreword (NSW RFS) | https://www.rfs.nsw.gov.au/__data/assets/pdf_file/0005/258665/Bush-Fire-Bulletin-Vol-45.2-2023.pdf | p.3, Foreword | ""Lastly, a member of the public also lost his life while defending his family farm from the Willi Willi Rd in Temagog, near Kempsey.""",,,,,4.0,"council figure, see DL_homes_destroyed_sourced_source",0.3052503052503053,1272.5,41500.0,2020-21,0.3214,6110.0,0.053082890975908535,-9.999999999999998,0.0,4.347826086956519,-3.669724770642202,,,,5.519480519480524,325.0,254.0,,,,,,,,,,,448.83872470373666,1294.605151491143,10440.80388965626,40453.778892798065,196.61725664346832,772.0011955160302,4972.841885276201,2021,civilian,0.0,RFS Bush Fire Bulletin Vol 45 No 2 p.3: 'a member of the public also lost his life while defending his family farm from the Willi Willi Rd in Temagog',2023Q4,0.3001145297062517,0.5208563400065145,0.6058159539065778,0.3302758876632212,0.4368521643873351,0.3638286599600171,-36.589830574186664,7.543859149723575,-39.9440279487716,7.685307352521331,-0.14144820279775594,0.30008226011208633,0.4262297206283727,0.3824644825418047,0.33027681973774153,0.43685903781994506,0.3637734253039797,-22.51201552748875,7.544422858391986,-4.887004700046105,7.6693664910018615,-0.12494363260987562,109.35071428571429,,,,,,,,,,,204672,203019,204310,206382,-0.17686835522201516,1.2669656173464494,True,0.6444444444444445,,0.9746543778801844,0.3592964824120603,0.8678756476683938,0.9773869346733668,0.9154929577464789,0.6444444444444445,0.9746543778801844,0.7348530215846069,0.9154929577464789,4,0.8173612004139287,4,4,4,Extreme,0.8972364705557537,from composite Y
1076,15240,Mid-Coast,16,"THUNDERBOLTS WAY, BRETTI; COSTIGANS RD, YARRAS; BOORAL RD, GIRVAN; CENTRE FIRETRAIL, DARAWANK; DARAWANK; CYPRESS TRAIL; TILBAROO RD, ELANDS; MAHOGANY RD",2023-09-18,2023-11-06,6015.187183506474,0.005982960981283817,3205.322410653522,29.0,44.30061977435864,-1.465455707292951,37.5,8,32.7,3360.380298334236,0.4377048437538271,14.56239495007711,Eucalypt Tall Open Forests,57.62882225290984,4.91674598770263,,,9.686525178833492,2850448139.0,943.0,2,14.0959,65.55,10.54258303755511,19,-12,-1.0,0.6275871277874215,-1.488267454369243,,,6.98245145655991,1.631006615089726,-1.942275099509587,1.583175731660681,4.892277533391979,,,,,0.7203999999999988,-8.307858117373861,-23.76,-138.9407407213297,2.272727272727273,-7.727272727272727,47366,1089,,,,,,,,,,,,,1.0,fire_in_council,news,"NSW weather preview: hot, windy conditions forecast (ABC News) | https://www.abc.net.au/news/2023-10-21/nsw-weather-preview-hot-windy-bom-rfs-forecast-fire-danger/102998776 | article body ('RFS confirmed...') | ""One home was been destroyed in the Booral Road fire at Girvan""",,,,,,,,,,,,,,,,,,,,,,,,,,,,,,,,,,,,,,,,,,,,,1.0,"one fire in the council (lower bound), see DL_homes_destroyed_sourced_source",0.02111219017860913,4159.2,41500.0,2020-21,0.304,4317.0,0.05274402456936841,-3.2911392405063244,-4.086021505376348,-3.703703703703709,-1.5530047265361224,,,,4.484304932735417,932.0,919.0,,,,,,,,,,,70.47215545840923,2709.235206242984,29664.98439606448,40453.778892798065,39.44410767095717,1144.0831242633785,14025.935203733074,2021,,,,2023Q3,0.23179467995630612,0.42918710717805597,0.37247244483143005,0.3338205499140104,0.3159967444760157,0.38899620133957535,-22.2202754157946,22.653259941792815,4.436235951795964,11.172831027445795,11.48042891434702,0.23179467995630612,0.4291617819773055,0.3681548811841526,0.3266600208944687,0.31599767394940015,0.38881920900716516,-23.884177339970403,20.036769998367454,5.612944138224307,11.167059031672034,8.86971096669542,107.66298613499433,106.44667062900672,,,,,,,,,,204345,204672,203019,204844,-0.6489025912060464,2.326279003494669,False,0.43333333333333335,,0.7534562211981567,0.3391959798994975,0.3134715025906736,0.3793969849246231,0.5469483568075117,0.43333333333333335,0.7534562211981567,0.3440214891382647,0.5469483568075117,4,0.5194398501193167,2,2,2,Moderate,0.5000994915023175,from composite Y
1076,16380,Port Macquarie-Hastings,6,"COSTIGANS RD, YARRAS; OXLEY HWY, MOUNT SEAVIEW; OXLEY HWY, YARRAS; Mines Road; OXLEY HWY, MOUNT SEAVIEW; PAPPINBARRA RD, UPPER PAPPINBARRA",2023-10-10,2023-11-06,1589.246270286746,0.004315799312177146,3205.322410653522,28.0,46.57755009099337,-1.645990585080661,36.6,8,28.1,905.6197016657627,0.2892910994660303,17.26765565013794,Eucalypt Tall Open Forests,64.12115763832502,0.1544745917509195,,,24.03112216612492,3165463774.0,985.0,2,34.4454,61.33,6.924130171736685,17,1,-0.6999999999999997,2.637000412031314,0.5211458298746496,,,5.763232834606518,0.4117879931363335,-0.1367424103919248,-0.2223569574569808,-3.436121132054264,,,,,-5.6781,-4.045643685092622,8.309999999999992,70.3313620902376,0.0,-10.0,38174,,,,,,,,,,,,,,,,,,,,,,,,,,,,,,,,,,,,,,,,,,,,,,,,,,,,,,,,,,,,,,,,,3597.9,41500.0,2020-21,0.3508,6110.0,0.053838758412306,2.2959183673469497,-1.8058690744920947,15.094339622641506,-2.467343976777936,,,,-2.4973985431841816,937.0,1042.0,,,,,,,,,,,6.436692082124343,31.433483603904776,347.9873805239039,40453.778892798065,3.908156695194418,16.616606333106795,156.12855719572232,2021,,,,2023Q4,0.3440254986424631,0.4557089105390748,0.40798451552007764,0.38616814289624696,0.4974392383918648,0.42649076596613805,-15.259909568273644,9.278872518426118,4.536017849223906,7.685307352521331,1.5935651659047867,0.3440254986424631,0.44811193155480983,0.40206176935864973,0.38508559834344375,0.4974745846393848,0.4265174519174786,-14.064863881817246,8.970903411389774,6.082568506286834,7.6693664910018615,1.3015369203879121,106.76714285714284,,,,,,,,,,,204672,203019,204310,206382,-0.17686835522201516,1.2669656173464494,True,,,0.2626728110599078,0.9698492462311558,0.49740932642487046,0.7035175879396985,0.38028169014084506,,0.2626728110599078,0.7235920535319083,0.38028169014084506,3,0.4555155182442204,1,1,1,Light,0.41488667938334617,from composite Y
1081,17900,Walgett,5,"Hudson Fire; Amaroo Station 6956 Goodooga Road; BANGATE RD, LIGHTNING RIDGE; Barwon SCA Fire; PILLIGA RD, PILLIGA",2023-11-09,2023-11-25,21584.92345951761,0.0096757570631069,24853.18396400872,17.0,60.79959793716178,-0.1105195168590501,39.8,4,38.8,12660.3731714802,0.2072811199339494,0.9871293103794943,Eucalypt Woodlands,3.354819794126584,20.54711099386683,,,0.2480696291912202,177701091.0,888.0,4,15.179,33.34,2.99139218894501,7,-183,-7.1,-3.434610303830912,-5.550464885987576,,,8.131550415612578,2.780105574142394,-2.509747849870362,2.150648482021456,-1.090278476807675,,,,,-1.465700000000001,36.20791187411736,-29.47,-2389.909333887163,11.11111111111111,1.111111111111111,2079,,,,1.0,,,,20.0,,,,24.0,,,,,,,,,,,,,,,,,,,,,,,,,,24.0,council_total,official,"Bushfire - Hudson, November 2023 (AIDR Knowledge Hub) | https://knowledge.aidr.org.au/resources/bushfire-hudson-november-2023/ | Quick Statistics box | ""Quick Statistics 1 Fatalities 24 Homes Destroyed""",20.0,council_total,official,"Bushfire - Hudson, November, 2023 (Australian Disaster Resilience Knowledge Hub, AIDR) | https://knowledge.aidr.org.au/resources/bushfire-hudson-november-2023/ | summary text | ""The fire destroyed 24 properties and damaged a further 20""",,,,,,,,,1.0,council_total,official,"Bushfire - Hudson, November, 2023 (Australian Disaster Resilience Knowledge Hub, AIDR) | https://knowledge.aidr.org.au/resources/bushfire-hudson-november-2023/ | Quick Statistics ('1 Fatalities') and summary text | ""One NSW Rural Fire Service volunteer firefighter died after being struck by a falling tree while responding to the fire.""",,,,,,,,351.8,65900.0,2020-21,0.1608,1698.0,0.0488771466314399,-13.513513513513509,0.0,-25.0,-2.3054755043227626,,,,16.216216216216207,86.0,73.0,,,,,,,,,,,36.20016232209966,54.64634604713475,111.40562402541505,121.39903286365649,27.370290880579645,40.95714432451287,80.20913993361651,2021,responder,1.0,AIDR Hudson fire 2023: RFS volunteer firefighter struck by a falling tree while responding (Captain Leo Fransen),2023Q4,0.2188691765180071,0.2745872365851703,0.30584199959805947,0.2459438021951219,0.3289729241038805,0.2782254487629978,-10.431451492889732,9.822852771391144,-9.029679007904601,7.685307352521331,2.137545418869813,0.21887031065726445,0.27424851475849943,0.2731352256687027,0.2459451246645906,0.3289729241038805,0.27822622284603843,-10.32034398393462,9.826095783682941,1.863910875966912,7.6693664910018615,2.1567292926810797,94.42357142857144,,,,,,,,,,,204672,203019,204310,206382,-0.17686835522201516,1.2669656173464494,True,,,1.0,0.7135678391959799,0.25906735751295334,0.2964824120603015,0.7089201877934272,,1.0,0.4230392029230783,0.7089201877934272,3,0.7106531302388351,3,3,3,Severe,0.7549918123999964,from composite Y
1083,15270,Mid-Western Regional,10,"SPRINGWOOD PARK RD, COPE; HENRY LAWSON DR, HOME RULE; ULAN RD, COOKS GAP; TRILBY LANE, BERYL; Spring Creek Rd, Cumbandry; WYOMING RD, STUBBO; RIDGE RD, COOKS GAP NSW; MEBUL RD, MEBUL",2023-10-02,2023-11-09,1924.821292910683,0.002199228010623145,1199.707754160871,12.0,39.44332001175865,-1.261802421955792,32.5,14,34.6,593.0000000000006,0.7001409279855142,2.009479689361461,Eucalypt Woodlands,24.47094167065454,5.02074572320393,,,2.950895339716241,1064025020.0,979.0,2,19.3585,57.45,3.080608137329918,12,-48,-0.7999999999999998,1.321138211382114,-0.7947163707745508,,,6.775854725674681,1.424409884204497,-1.892404575133021,1.533305207284116,-0.3128120129058533,,,,,1.161200000000002,0.3605776629574277,-18.70999999999999,-657.4857634840213,6.0,-4.0,11339,,833.0,,,,,,,,,,,,,,,,,,,,,,,,,,,,,,,,,,,,,,,,,,,,,,,,,,,,,,,,,,,,,,,1793.4,69700.0,2020-21,0.3309,2795.0,0.054878048780487805,1.85185185185186,0.5988023952095745,-2.777777777777779,-2.114803625377648,,,,-0.31347962382445305,318.0,351.0,,,,,,,,,,,62.658431028302694,442.8913308770324,2321.2270171644873,2321.2270171644873,23.749018028138764,184.02885846717925,998.007012723349,2021,,,,2023Q4,0.27062762128679513,0.34845601477400273,0.3141196161261516,0.31671762603025927,0.41900058539886803,0.33233164673490206,-9.1082912614747,13.386808601628154,5.797801115813295,7.685307352521331,5.701501249106823,0.2706323099645483,0.34846227052091167,0.3137477889820504,0.316845802026152,0.41919836621781065,0.3322010328534346,-9.073139668032537,13.39275501426056,5.88155343859329,7.6693664910018615,5.7233885232586985,107.4692857142857,,,,,,,,,,,204672,203019,204310,206382,-0.17686835522201516,1.2669656173464494,True,,,0.5783410138248848,0.2889447236180904,0.344559585492228,0.42462311557788945,0.5093896713615024,,0.5783410138248848,0.352709141562736,0.5093896713615024,3,0.48014660891637434,1,1,1,Light,0.4477205697059338,from composite Y
1084,17040,Snowy Monaro Regional,10,"CAPPANANA RD, BREDBO; SHANNONS FLAT RD, SHANNONS FLAT; Taskers; FOGGY FOREST DR, ANEMBO; THE SNOWY RIVER WAY; AVONSIDE RD, AVONSIDE; CHONGS RD, JINDABYNE; PEAK VIEW RD, PEAK VIEW",2023-09-18,2023-10-29,3488.926013991059,0.002300675394755665,1380.1033929774,23.0,33.07079529043057,-2.450336444178353,27.6,11,40.7,2099.0,0.4688718901276779,8.33464128947415,"Cleared, non-native vegetation, buildings",1.749027152288925,4.656610615418378,,,1.440046279835163,973126035.0,1020.0,1,17.7169,41.01,1.479670079164422,11,-70,-1.0,1.494093120222377,-0.6217614619342882,,,5.037091308727906,-0.3143535327422784,-3.06259343039666,2.703494062547755,0.0964855851020543,,,,,-2.7878,-0.7081406976002507,-95.69,-971.6348971334392,6.085192697768763,-3.914807302231237,10589,1132,,,,,,,,,,,,,,,,,,,,,,,,,,,,,,,,,,,,,,,,,,,,,,,,,,,,,,,,,,,,,,,,1027.5,47500.0,2020-21,0.3701,1444.0,0.10041695621959694,-5.190311418685123,-3.59281437125748,-2.941176470588236,0.0,,,,-5.625000000000002,302.0,332.0,,,,,,,,,,,27.21638298753126,119.33310829109377,1520.695949550239,1520.695949550239,12.410010077937786,53.76181784213377,695.9946269331156,2021,,,,2023Q3,0.24592373782043286,0.38555845273555595,0.35082210349013715,0.28778317347774457,0.30246918864213285,0.3669118054431279,-25.35939195836352,11.397578858788071,4.586285126542222,11.172831027445795,0.22474783134227572,0.24592158096424815,0.3855144071781284,0.3494010349018793,0.287809050396722,0.3024687092385315,0.36691269641022095,-25.344151855850427,11.40759551850994,5.011908883801497,11.167059031672034,0.24053648683790563,111.57703735368085,103.97816298178064,,,,,,,,,,204345,204672,203019,204844,-0.6489025912060464,2.326279003494669,False,,,0.5368663594470046,0.8316582914572864,0.17875647668393782,0.0678391959798995,0.2746478873239437,,0.5368663594470046,0.35941798804037456,0.2746478873239437,3,0.39031074493710766,1,1,1,Light,0.32796700522960287,from composite Y
1089,15240,Mid-Coast,30,"COSTIGANS RD, YARRAS; BOORAL RD, GIRVAN; MOGRANI _ WAUKIVORY RD, GLOUCESTER; LANDSLIP CREEK RD, WHERROL FLAT; HARRIS RD, BUNYAH; JARRAH RD, STROUD; CENTRE FIRETRAIL, DARAWANK; MOUNT PLEASANT RD, WHERROL FLAT",2023-09-09,2023-11-06,6300.874540264473,0.006267117775774654,3205.322410653522,32.0,44.30061977435864,-1.643609019051824,37.5,8,53.8,2148.970217876898,0.2947920192911668,13.8125667885189,Eucalypt Tall Open Forests,64.12115763832502,7.449949435105346,,,9.686525178833492,2850448139.0,943.0,2,14.0959,65.55,10.54258303755511,18,-12,-1.0,0.6275871277874215,-1.488267454369243,,,6.98245145655991,1.631006615089726,-1.942275099509587,1.583175731660681,4.892277533391979,,,,,0.7203999999999988,-8.307858117373861,-23.76,-138.9407407213297,2.272727272727273,-7.727272727272727,47366,1076,1465.0,,,,,,,,,,,,,,,,,,,,,,,,,,,,,,,,,,,,,,,,,,,,,,,,,,,,,,,,,,,,,,,4159.2,41500.0,2020-21,0.304,4317.0,0.05274402456936841,-3.2911392405063244,-4.086021505376348,-3.703703703703709,-1.5530047265361224,,,,4.484304932735417,932.0,919.0,,,,,,,,,,,104.06173827282815,764.5504335165717,17021.9834459703,32961.426937031705,54.636530910993706,382.9077123812269,9033.92644539771,2021,,,,2023Q3,0.23179467995630612,0.42918710717805597,0.37247244483143005,0.3338205499140104,0.3159967444760157,0.38899620133957535,-22.2202754157946,22.653259941792815,4.436235951795964,11.172831027445795,11.48042891434702,0.23179467995630612,0.4291617819773055,0.3681548811841526,0.3266600208944687,0.31599767394940015,0.38881920900716516,-23.884177339970403,20.036769998367454,5.612944138224307,11.167059031672034,8.86971096669542,107.66298613499433,106.44667062900672,,,,,,,,,,204345,204672,203019,204844,-0.6489025912060464,2.326279003494669,False,,,0.7534562211981567,0.3391959798994975,0.3134715025906736,0.3793969849246231,0.5469483568075117,,0.7534562211981567,0.3440214891382647,0.5469483568075117,3,0.548142022381311,2,2,2,Moderate,0.5383602404319517,from composite Y
1090,11720,Cessnock,23,"CLICK CREEK TRL, CONGEWAI; ALLANDALE ST, KEARSLEY; TALGA RD, LOVEDALE; 129; CONGEWAI RD, CONGEWAI; HORTON RD, LOXFORD; TANNA RD, GLEN MARTIN; TALGA RD, LOVEDALE",2023-09-14,2023-10-23,638.819084047233,0.003250724173084511,423.2138859777364,23.0,42.48787186594373,-1.351068734212229,33.3,13,31.2,196.0313457414705,0.2183760418764895,10.66612007362009,Eucalypt Tall Open Forests,87.76809496236248,2.65125122507111,,,33.5606380612503,2557115755.0,939.0,1,10.4903,51.27,3.380319031417082,15,-278,-1.5,1.602564102564102,-0.5132904795925624,,,9.70402717127608,4.352582329805895,2.411275057761202,-2.770374425610107,-1.798864878328833,,,,,2.332199999999999,-7.934225971609917,17.97999999999999,241.6750285718348,7.916666666666666,-2.083333333333334,24664,,,,,,,,,,,,,,,,,,,,,,,,,,,,,,,,,,,,,,,,,,,,,,,,,,,,,,,,,,,,,,,,,4364.6,68300.0,2020-21,0.3968,24997.0,0.07022144522144522,-5.394190871369298,-1.382488479262678,7.9365079365079305,-2.588996763754048,,,,3.6468330134356908,540.0,550.0,,,,,,,,,,,71.17486317022637,5175.094560516233,53617.64379173626,74950.85042920883,24.534249536394597,2056.439669201607,21497.715433744015,2021,,,,2023Q3,0.4916026756381788,0.7685955578131362,0.7133944233568067,0.668796847970934,0.6086572588018967,0.7850600195014686,-12.984554598019892,16.320991554335063,10.045718581236818,11.172831027445795,5.148160526889267,0.4916026756381788,0.7685917428871468,0.7117191719326131,0.6558648642304743,0.6085712231862778,0.7851656426807541,-14.666678337347728,14.071470443573663,10.31958582044421,11.167059031672034,2.904411411901629,110.83000505198224,109.4206079161074,,,,,,,,,,204345,204672,203019,204844,-0.6489025912060464,2.326279003494669,False,,,0.5092165898617511,0.18341708542713567,0.727979274611399,0.7814070351758794,0.8380281690140845,,0.5092165898617511,0.5642677984048047,0.8380281690140845,3,0.6371708524268801,3,3,3,Severe,0.6570380074936115,from composite Y
1090,12700,Dungog,3,"ALLYN RIVER RD, UPPER ALLYN; WILLIAMS TOP RD, SALISBURY; TANNA RD, GLEN MARTIN",2023-09-12,2023-10-13,2410.969393395557,0.0107154276223032,1330.398391169584,32.0,38.1359980719409,-1.547306998384416,35.4,14,24.1,580.6438678585249,0.08219746145790117,13.05446999794926,Eucalypt Tall Open Forests,69.21751913384357,5.135180148099108,,,4.323558822244443,396527014.0,1009.0,1,11.329,31.99,3.915820332949429,13,-11,-0.4499999999999999,4.235880398671096,2.120025816514431,,,-1.02796052631579,-2.707083235347121,-2.639391762531965,2.280292394683059,3.989781379676087,,,,,7.004399999999998,1.99538725525258,0.4099999999999717,-343.8479963577403,14.11764705882353,5.62708102108768,3998,,,,,,,,,,,,,,,,,,,,,,,,,,,,,,,,,,,,,,,,,,,,,,,,,,,,,,,,,,,,,,,,,656.3,68300.0,2020-21,0.3916,24997.0,0.0340531561461794,12.195121951219523,14.035087719298245,0.0,0.6787330316742057,,,,12.389380530973447,127.0,162.0,,,,,,,,,,,12.327408722193542,56.2962843687053,410.8010951912089,74950.85042920883,6.2528464361110245,28.00063255213428,205.06702568814413,2021,,,,2023Q3,0.21457223321927685,0.40111549194829726,0.3509738446089503,0.30497035539386097,0.2945403088910079,0.3724941649908071,-23.969439845726313,20.817404302170296,6.131602315219364,11.172831027445795,9.6445732747245,0.21457223321927685,0.40111616937693917,0.3356803455146486,0.3048197402888808,0.2945403088910079,0.37170400513953217,-24.007117249259057,20.754039155159987,10.731536745070326,11.167059031672034,9.586980123487953,110.82846153846155,109.41857142857143,,,,,,,,,,204345,204672,203019,204844,-0.6489025912060464,2.326279003494669,False,,,0.059907834101382486,0.06030150753768844,0.23316062176165803,0.628140703517588,0.06572769953051644,,0.059907834101382486,0.3072009442723115,0.06572769953051644,3,0.14427882596807015,1,1,1,Light,0.0,from composite Y
1090,16400,Port Stephens,3,"MIRANNIE RD, MIRANNIE; CRESWELL PL, FINGAL BAY; ROCKY POINT RD, FINGAL BAY",2023-09-24,2023-10-03,10.13695157159029,0.0001180863234320857,134.9009074635768,5.0,32.34820936054007,-1.351068734212229,32.9,17,25.5,3.125389296661411,0.2864677128891176,13.04210376369942,"Cleared, non-native vegetation, buildings",11.37063887630267,0.0,,,89.47903727675818,2939338490.0,982.0,1,8.7718,71.69,4.241287594625929,15,-23,-0.3499999999999994,3.23152709359606,1.115672511439395,,,4.166015726709368,2.486893017678036,0.769425133621155,-1.128524501470061,-0.3349675874571947,,,,,-1.074800000000002,-0.2838562419995716,-53.27000000000001,74.6380915097466,5.769230769230769,-2.72133526850508,34100,,,,,,,,,,,,,,,,,,,,,,,,,,,,,,,,,,,,,,,,,,,,,,,,,,,,,,,,,,,,,,,,,5165.1,68300.0,2020-21,0.338,24997.0,0.05182266009852217,1.520912547528508,1.7482517482517501,14.705882352941169,3.308823529411775,,,,-13.806970509383376,643.0,740.0,,,,,,,,,,,1.52831484774954,1590.0686903575381,14100.292441526872,74950.85042920883,0.565091204209914,1049.6955134633965,8824.382328288317,2021,,,,2023Q3,1.0990561080170904,1.5991577007023665,1.5116585783159096,1.4616845962437264,1.2946818530285047,1.4986852256191316,-8.596594594658214,8.944893441408809,-0.8582197648910328,11.172831027445795,-2.2279375860369868,1.0990561080170904,1.5991577007023665,1.5126245987746376,1.4416295770855994,1.2991580425049414,1.4656270664829048,-9.850693496181096,7.447335403829092,-3.107018908049297,11.167059031672034,-3.719723627842942,107.97501395449677,106.24891832963294,,,,,,,,,,204345,204672,203019,204844,-0.6489025912060464,2.326279003494669,False,,,0.16589861751152074,0.6331658291457286,0.6217616580310881,0.18090452261306533,0.6713615023474179,,0.16589861751152074,0.4786106699299606,0.6713615023474179,3,0.4386235965962997,1,1,1,Light,0.3923693044888356,from composite Y
1091,15650,Muswellbrook,3,"BAERAMI CREEK RD, BAERAMI CREEK; DENMAN RD, DENMAN; Glen Gallic",2023-10-22,2023-11-14,2225.222934840931,0.006535385256845889,2225.167570790463,24.0,36.33344501432489,-1.28510609647222,34.9,10,27.8,1827.999999999996,0.5603577176381961,16.81711802991365,Eucalypt Open Forests,48.70091474779916,0.0,,,4.869181890802098,731309809.0,937.0,2,9.9685,64.42,12.82379277262552,13,-2,-0.5999999999999996,-0.1805054151624548,-2.29635999731912,,,11.15869473430243,5.807249892832247,-3.334671957161149,2.975572589312243,-2.883622871351937,,,,,-1.1245,-9.154156141751812,3.120000000000008,-198.3653932102835,12.5,2.5,6802,,,,,,,,,,,,,,,,,,,,,,,,,,,,,,,,,,,,,,,,,,,,,,,,,,,,,,,,,,,,,,,,,1122.0,68300.0,2020-21,0.3393,24997.0,0.04783393501805054,-11.32075471698113,15.384615384615374,5.000000000000004,-1.869158878504673,,,,8.3969465648855,142.0,155.0,,,,,,,,,,,1.6366963097024159,9.710121824044087,1326.2697536069156,7220.947834669275,0.6668216897425934,4.207132652753918,631.4861902200097,2021,,,,2023Q4,0.5270458214725203,0.6069394672679255,0.5793620489641058,0.5365042989910954,0.628823539460951,0.6159454045734218,-11.604974149050907,3.8873727709113792,6.314420434463508,7.685307352521331,-3.797934581609952,0.5270458214725203,0.6066376679839173,0.5813625351343056,0.5365170876956052,0.628823539460951,0.6110108789716451,-11.558889925406179,3.8885337029974654,5.099802970704026,7.6693664910018615,-3.780832788004396,102.64,,,,,,,,,,,204672,203019,204310,206382,-0.17686835522201516,1.2669656173464494,True,,,0.9032258064516129,0.6532663316582915,0.13471502590673576,0.6733668341708543,0.9107981220657277,,0.9032258064516129,0.4871160639119605,0.9107981220657277,3,0.7670466641431005,4,4,4,Extreme,0.8301658731738896,from composite Y
1091,17620,Upper Hunter Shire,3,"BARTON ST, SCONE; TIMOR CRAWNEY RD, CRAWNEY; VINEGAROY RD, CASSILIS",2023-10-22,2023-11-16,1337.425340568904,0.001651940038070588,1231.019053197696,16.0,41.31967039554343,-1.547306998384416,32.2,10,29.6,1199.000000000001,0.4988517511204622,12.15595447118683,"Cleared, non-native vegetation, buildings",17.36155275655585,0.2100098459749357,,,1.767520117028359,810187140.0,975.0,1,12.351,55.63,8.31379903109861,15,-45,-0.9999999999999996,1.170212765957447,-0.945641816199218,,,3.494060097833683,-1.857384743636502,-1.28893865048736,0.9298392826384544,-1.367010366267838,,,,,-1.681700000000002,4.485514579670066,3.090000000000007,4245.133208569569,23.68421052631579,13.68421052631579,6355,,,,,,,,,,,,,,0.0,fire_in_council,news,"Firefighters work to contain Scone fire (ANZ Bloodstock News) | https://www.anzbloodstocknews.com/firefighters-work-to-contain-scone-fire/ | article body | ""There had also been no reports of loss of life, homes or livestock""",,,,,,,,,,,,,,,,,,,,,,,,,,,,,,,,,,,,,0.0,fire_in_council,news,"Firefighters work to contain Scone fire (ANZ Bloodstock News) | https://www.anzbloodstocknews.com/firefighters-work-to-contain-scone-fire/ | article body | ""There had also been no reports of loss of life, homes or livestock""",,,,,0.0,"one fire in the council (lower bound), see DL_homes_destroyed_sourced_source",0.0,974.7,68300.0,2020-21,0.3277,24997.0,0.03829787234042553,-1.388888888888884,-2.985074626865669,8.571428571428562,2.102803738317749,,,,-1.5228426395939132,194.0,224.0,,,,,,,,,,,43.439640601326076,2144.1275544285054,5878.290182911029,7220.947834669275,18.42823734309617,964.0684110950614,2652.9577852888224,2021,,0.0,,2023Q4,0.2478753413534648,0.32915820060744205,0.29065102080327454,0.2835330313349473,0.3684596713170411,0.3107273780374667,-13.861167422928,14.412655696138632,6.907375442448815,7.685307352521331,6.727348343617301,0.2478737757784558,0.3254899463409929,0.2895269491397655,0.28351505408398536,0.36846459764617223,0.310731043607186,-12.895910527765853,14.403608684294845,7.32370320981226,7.6693664910018615,6.7342421932929835,102.64101933843261,,,,,,,,,,,204672,203019,204310,206382,-0.17686835522201516,1.2669656173464494,True,0.21666666666666667,,0.6474654377880185,0.7311557788944724,0.4378238341968912,0.6658291457286433,0.13615023474178403,0.21666666666666667,0.6474654377880185,0.611602919606669,0.13615023474178403,4,0.4029713147007845,1,1,1,Light,0.3448438770082443,from composite Y
1092,11720,Cessnock,5,"CESSNOCK RD, ABERMAIN; WOLLOMBI RD, SWEETMANS CREEK; Yengo Creek; SANCTUARY RD, PAXTON; GIBSONS RD, LOVEDALE",2023-12-11,2024-01-12,865.9210079159411,0.00440636546826479,860.5865875196536,9.0,45.36900948014909,-0.1712740036453516,37.0,13,26.6,207.0000000000001,0.6088112232340634,2.5483114713816,Eucalypt Tall Open Forests,41.77540532715692,7.415490684050294,,,33.5606380612503,2557115755.0,939.0,0,10.4903,51.27,3.380319031417082,14,-278,-1.5,1.602564102564102,-0.5132904795925624,,,9.70402717127608,4.352582329805895,2.411275057761202,-2.770374425610107,-1.798864878328833,,,,,2.332199999999999,-7.934225971609917,17.97999999999999,241.6750285718348,7.916666666666666,-2.083333333333334,24664,,,,,,,,,,,,,,5.0,fire_in_council,news,"Residents trying to rebuild after Hunter Valley bushfire (NBN News, 10 Jan 2024) | https://www.nbnnews.com.au/2024/01/10/residents-trying-to-rebuild-after-hunter-valley-bushfire/ | article body | ""Five homes and a business were destroyed by the December 14 blaze, with hundreds more threatened or damaged.""",,,,,1.0,fire_in_council,news,"Residents trying to rebuild after Hunter Valley bushfire (NBN News, 10 Jan 2024) | https://www.nbnnews.com.au/2024/01/10/residents-trying-to-rebuild-after-hunter-valley-bushfire/ | article body | ""Five homes and a business were destroyed by the December 14 blaze, with hundreds more threatened or damaged.""",,,,,,,,,,,,,,,,,,,,,,,,,,,,,,,,,,,,,5.0,"one fire in the council (lower bound), see DL_homes_destroyed_sourced_source",0.2027246188777165,4364.6,68300.0,2020-21,0.3968,24997.0,0.07022144522144522,-5.394190871369298,-1.382488479262678,7.9365079365079305,-2.588996763754048,,,,3.6468330134356908,540.0,550.0,,,,,,,,,,,388.6501068427129,10356.407304929497,29469.47649782134,29469.491463015904,149.80806293757732,4330.450586127095,11749.409655980218,2021,,,,2023Q4,0.5749580011605473,0.7133944233568067,0.668796847970934,0.6086572588018967,0.7209398572686837,0.729253795036732,-14.681522748955578,6.616005782829104,9.03965789450394,7.685307352521331,-1.069301569692227,0.5749595947874653,0.7117191719326131,0.6558648642304743,0.6085712231862778,0.7209398572686837,0.7293386557279341,-14.492787719381772,6.72670058168896,11.202580821838426,7.6693664910018615,-0.9426659093129013,110.10593227719396,,,,,,,,,,,204672,203019,204310,206382,-0.17686835522201516,1.2669656173464494,True,0.5888888888888889,,0.5092165898617511,0.18341708542713567,0.727979274611399,0.7814070351758794,0.8380281690140845,0.5888888888888889,0.5092165898617511,0.5642677984048047,0.8380281690140845,4,0.6251003615423822,2,2,2,Moderate,0.6409477263478623,from composite Y
1093,15750,Narrabri,7,"Duck Creek Pilliga Forest; SOUTH BOUNDARY RD, NARRABRI; SAWPIT FIRE; CONLEYS RD, GWABEGAR; Glenwood West; TWENTY FOOT RD, THE PILLIGA; SIMMONDS RD, THE PILLIGA",2023-12-08,2024-01-08,124572.4747830469,0.0957145870789371,142094.9640851411,32.0,39.08891890081801,-0.1726357162340442,39.9,13,25.3,51659.99614160191,0.7235290908152071,1.659987601575287,Eucalypt Open Woodlands,39.52571574632606,238.9012355430195,,,0.9808687037627992,566879454.0,964.0,2,17.0,50.2,1.7,13,-120,-2.2,2.283849918433932,0.1679953362772668,,,6.65831113896287,1.306866297492686,19.62353964646168,-19.98263901431059,-0.2242053413376432,,,,,0.5881999999999978,-15.51269313487765,104.91,-129.6951696981015,3.896103896103896,-6.103896103896104,5291,,,,,,,,,,,,,,0.0,fire_in_council,news,"Buildings destroyed in big blaze as rain brings relief (AAP, Duncan Murray and Peter Bodkin) | https://aapnews.aap.com.au/news/residents-relief-as-storm-brings-rain-to-fire-grounds | article text, para 2 | ""No homes have been confirmed lost after residents living near the Duck Creek Pilliga Forest bushfire faced two days of emergency warnings""",,,,,,,,,,,,,7.0,fire_in_council,news,"Buildings destroyed in big blaze as rain brings relief (AAP, Duncan Murray and Peter Bodkin) | https://aapnews.aap.com.au/news/residents-relief-as-storm-brings-rain-to-fire-grounds | article text, para 2 | ""At least seven outbuildings have been destroyed but fire crews have only been able to access northern parts of the fire ground.""",,,,,,,,,,,,,,,,,,,,,,,,,,,,,0.0,"one fire in the council (lower bound), see DL_homes_destroyed_sourced_source",0.0,794.9,62200.0,2020-21,0.2991,4042.0,0.02936378466557912,0.0,6.25,-16.666666666666664,0.7352941176470562,,,,7.017543859649122,183.0,206.0,,,,,,,,,,,52.865818267222394,97.93948403219338,310.8771826518622,353.27276678706494,24.07028291060485,42.30764776721947,130.94210747019187,2021,,,,2023Q4,0.25889157387112605,0.33310203094494195,0.5276804774088263,0.2939953099072634,0.3928208850398107,0.3181876679936372,-11.74016289445634,9.807112552972619,-39.70069357955084,7.685307352521331,2.1218052004512877,0.2588956736965306,0.3330364149588656,0.3269102496804541,0.2970684069252563,0.3928208850398107,0.31821359151271006,-10.80002258553372,12.00923125854596,-2.6602586417051155,7.6693664910018615,4.339864767544098,103.82935323158772,,,,,,,,,,,204672,203019,204310,206382,-0.17686835522201516,1.2669656173464494,True,0.21666666666666667,,0.3271889400921659,0.36683417085427134,1.0,0.9698492462311558,0.49765258215962443,0.21666666666666667,0.3271889400921659,0.778894472361809,0.49765258215962443,4,0.45510066532006654,1,1,1,Light,0.41433366954740447,from composite Y
1099,17000,Singleton,14,"NEW ENGLAND HWY, RAVENSWORTH; PUTTY VALLEY RD, PUTTY  2330; COMMISSION RD, HOWES VALLEY; MIRANNIE RD, MIRANNIE; BUNGARRABY, COMMISSION RD, HOWES VALLEY; COMMISSION RD, HOWES VALLEY; NOISY POINT - HOWES VALLEY,; Broke Road, Pokolbin",2023-08-29,2023-10-29,1427.983083200163,0.002918589286018095,1349.278016089624,17.0,38.68191461536795,-1.351068734212229,34.0,11,27.4,655.7441618181934,0.2483783686305654,8.851157620166099,"Cleared, non-native vegetation, buildings",0.0849834100396018,2.486600989278555,,,5.141315352648246,1270787548.0,998.0,1,13.8743,70.66,5.505983467128234,12,-96,-1.1,1.123595505617978,-0.9922590765386872,,,7.553170343868018,2.201725502397834,-4.31304177240127,3.953942404552365,-0.6525976097753343,,,,,-1.403300000000001,0.9745634536568692,100.67,540.2029696736932,17.77777777777778,7.777777777777779,9255,,,,,,,,,,,,,,,,,,,,,,,,,,,,,,,,,,,,,,,,,,,,,,,,,,,,,,,,,,,,,,,,,1687.9,68300.0,2020-21,0.4327,24997.0,0.04840103716508211,0.8928571428571397,-2.0000000000000018,0.0,0.4991680532445919,,,,10.121457489878537,272.0,286.0,,,,,,,,,,,6.283309040402733,70.56158434830068,1198.4914726086458,10549.95642803656,4.630846861153498,36.860220781381734,529.2908226586551,2021,,,,2023Q3,0.46443718625308195,0.7439962838830579,0.6429390569963863,0.6012812470341274,0.5709329791338273,0.689438170408149,-19.18222441973414,3.7920215650922184,7.232273868847261,11.172831027445795,-7.380809462353577,0.46443718625308195,0.7439167142952917,0.6430719528961577,0.5995220103105557,0.5709616877001531,0.6895230007923142,-19.410063144168,3.4849879673585438,7.223304901878902,11.167059031672034,-7.68207106431349,110.82846153846155,109.41857142857143,,,,,,,,,,204345,204672,203019,204844,-0.6489025912060464,2.326279003494669,False,,,0.6612903225806451,0.6959798994974874,0.11139896373056994,0.9623115577889447,0.6455399061032864,,0.6612903225806451,0.5898968070056673,0.6455399061032864,3,0.6322423452298662,2,2,2,Moderate,0.650468178048593,from composite Y
1112,10180,Armidale Regional,9,"GUY FAWKES NP; Dthinna Dthinnawan; Kangaroo Hills; MITCHELLS RD, WANDSWORTH; WARRANE RD, DUMARESQ; TOWNSEND RD, ENMORE; BOOROLONG RD, BOOROLONG; FLEETWOOD SCRUB FIRE",2023-12-08,2023-12-24,8192.332510123313,0.01049029364551827,17202.14627966694,16.0,23.34557089483836,-0.240735845554766,37.9,17,25.3,6902.726464724738,0.6765862969274334,15.64134453976795,Eucalypt Open Forests,44.53629803708893,0.0,,,3.768899913266515,1087070034.0,980.0,2,16.2517,54.89,5.974123510736353,10,-299,-2.6,0.0688231245698554,-2.04703145758681,,,14.94920667278225,9.597761831312068,-5.779526219188668,5.420426851339762,-0.4702014117371647,,,,,4.9103,-7.271512899846029,-77.62,-420.7051897941763,3.133159268929504,-6.866840731070496,12055,,,,,,,,,,,,,,,,,,,,,,,,,,,,,,,,,,,,,,,,,,,,,,,,,,,,,,,,,,,,,,,,,1826.7,62200.0,2020-21,0.3084,2509.0,0.04645560908465245,0.0,-3.703703703703709,0.0,-0.5841121495327117,,,,3.0581039755351647,337.0,356.0,,,,,,,,,,,4.700982824504659,18.38087925675319,211.7835788833186,264.10913593672615,3.7259858311058003,11.612841017710362,107.89556861506259,2021,,,,2023Q4,0.2647825369508762,0.3283527883417104,0.3227984153315869,0.30598653698879735,0.4156735400973411,0.32677407682493176,-6.811652633093191,15.919044291270112,1.2316236091992616,7.685307352521331,8.23373693874878,0.264777765549292,0.3282652000303973,0.31440056911863995,0.30598447829585224,0.4156735400973411,0.326743010748685,-6.787415093796678,15.91572072417804,3.9257058804456513,7.6693664910018615,8.246354233176179,103.88535126154207,,,,,,,,,,,204672,203019,204310,206382,-0.17686835522201516,1.2669656173464494,True,,,0.8640552995391705,0.09296482412060302,0.05958549222797927,0.10804020100502512,0.971830985915493,,0.8640552995391705,0.08686350578453579,0.971830985915493,3,0.6409165970797331,3,3,3,Severe,0.662031183425006,from composite Y
1114,14220,Inverell,9,"Dthinna Dthinnawan; GUYRA RD, WANDSWORTH; LONG GULLY RD, TINGHA; ATHOLWOOD RD, ATHOLWOOD; KINGS PLAINS RD, KINGS PLAINS; Berrygill; KINGS PLAINS RD, SAPPHIRE; PINDARI DAM RD, ASHFORD",2023-12-03,2023-12-22,14431.9286562193,0.01534535084419544,17202.14627966694,15.0,27.38129588924242,-0.2268378649150749,37.9,16,26.2,17710.10413580472,0.78607674283597,6.469742668626304,Eucalypt Open Forests,42.56412110187312,2.391606823101494,,,1.916051754408014,524766461.0,928.0,2,29.7557,54.06,2.207723586574467,10,-245,-3.7,-2.212389380530973,-4.328243962687639,,,9.433962264150944,4.08251742268076,-0.3990506519346155,0.0399512840857099,1.00101958282444,,,,,2.933899999999999,0.7644214256044881,78.22999999999999,-281.6065436141188,4.285714285714286,-5.714285714285714,7414,,8380.0,,,,,,,,,,,,,,,,,,,,,,,,,,,,,,,,,,,,,,,,,,,,,,,,,,,,,,,,,,,,,,,1119.6,62200.0,2020-21,0.2911,4042.0,0.03761061946902655,-4.411764705882348,-11.32075471698113,-28.57142857142857,-1.2517385257301838,,,,-6.635071090047395,197.0,165.0,,,,,,,,,,,5.88249543346724,30.09169142312539,517.6658011342782,1299.3181419682269,3.2533542552594557,15.900954263644408,250.3199186439692,2021,,,,2023Q4,0.25235404722712057,0.2922075316176311,0.44776533620513254,0.2544190327591598,0.3648935879674542,0.27465495422993297,-12.932075586579861,13.415541538274267,-38.6609609940626,7.685307352521331,5.730234185752936,0.2523581332855451,0.29221190328537333,0.29062961117160563,0.2544190327591598,0.3648935879674542,0.2746477821322159,-12.933378175667654,13.643228172898025,-5.499036720643402,7.6693664910018615,5.973861681896164,103.51428571428572,,,,,,,,,,,204672,203019,204310,206382,-0.17686835522201516,1.2669656173464494,True,,,0.9838709677419355,0.13819095477386933,0.4792746113989637,0.9271356783919598,0.8051643192488263,,0.9838709677419355,0.5148670815215975,0.8051643192488263,3,0.7679674561707864,4,4,4,Extreme,0.8313933131134912,from composite Y
1114,17400,Tenterfield,9,"Trap Mountain Dumaresq Valley; Rockdale Rd, Bolivia; FAIRFIELD RD, DRAKE; RED ROCK RD, BOOROOK; BALD ROCK RD, SANDY FLAT; SAILOR JACK ROAD; PYES CREEK RD, MOLE RIVER; BACK CREEK RD, BACK CREEK",2023-12-07,2024-01-01,5417.857918394585,0.007397092681195156,4291.283961697172,20.0,27.86013252541778,-0.2419831643843523,34.8,20,25.2,3295.896392574628,0.3771979730547388,11.15543899685613,Callitris Forests and Woodlands,39.95493947555804,0.3711851296874513,,,0.9428878133347548,159807086.0,920.0,2,15.7563,24.08,7.617588972633106,15,-108,-4.5,-1.089108910891089,-3.204963493047754,,,16.65218650448885,11.30074166301867,4.006510239092034,-4.365609606940939,0.0198700375095004,,,,,24.7817,1.841378781860508,-52.46000000000001,-2967.077311557741,0.0,-10.0,3591,,,,,,,,,,,,,,,,,,,,,,,,,,,,,,,,,,,,,,,,,,,,,,,,,,,,,,,,,,,,,,,,,428.4,62200.0,2020-21,0.2299,779.0,0.039603960396039604,-5.000000000000004,-1.6949152542372836,0.0,-1.1406844106463865,,,,0.9009009009008917,112.0,91.0,,,,,,,,,,,7.3133734860667285,27.826385993788815,405.1848398978672,1299.3181419682269,4.178762492927105,16.669384148711277,203.54675832939242,2021,,,,2023Q4,0.26091790704625256,0.30138663494036017,0.30135914670542424,0.26149658156325445,0.3528249984397394,0.3067868579140984,-13.235508397709594,8.590220178341102,1.8010773085907594,7.685307352521331,0.9049128258197712,0.26061758639251514,0.30063999989431384,0.2913786798603413,0.2614917719455008,0.35251336409888373,0.30531991417833,-13.02162984385814,8.62574332292434,4.784575976756678,7.6693664910018615,0.9563768319224781,103.51428571428572,,,,,,,,,,,204672,203019,204310,206382,-0.17686835522201516,1.2669656173464494,True,,,0.9470046082949308,0.007537688442211055,0.8523316062176166,0.1934673366834171,0.9835680751173709,,0.9470046082949308,0.3511122104477482,0.9835680751173709,3,0.7605616312866833,4,4,4,Extreme,0.8215211541730091,from composite Y
1121,11730,Clarence Valley,4,"SANDON RIVER; LAKE ARRAGAN; BURRAGAN RD, COUTTS CROSSING; GWYDIR HWY, JACKADGERY",2024-01-21,2024-02-13,4905.757648792141,0.004704102015430495,4329.5881143841,24.0,6.301114843267396,0.6378476434328028,36.4,36,29.8,1862.000000000001,0.4455977995331842,3.442934350559163,Eucalypt Tall Open Forests,59.79344959846578,6.899355769562514,,,5.321095083132474,1620591371.0,940.0,1,13.7217,53.9,10.88509397230056,16,-189,-0.9000000000000004,0.8405323371468596,-1.275322245009805,,,7.118143155770201,2.453544516771005,3.349985741972855,-3.709085109821761,-1.184168117330275,,,,,7.049399999999998,1.22902136763853,-16.01,457.6005142191374,6.666666666666667,-1.301587301587301,24141,,,,,,,,,,,,,,,,,,,,,,,,,,,,,,,,,,,,,,,,,,,,,,,,,,,,,,,,,,,,,,,,,2568.4,47400.0,2020-21,0.3151,2659.0,0.05393415830025683,-1.2987012987012991,0.766283524904221,-9.230769230769232,-0.7292616226071136,,,,-5.2044609665427455,510.0,518.0,,,,,,,,,,,7.228592409701112,264.45417785013393,2217.2166276963526,2217.2166276963526,9.789948127425715,295.58740434467325,1458.0588619460464,2021,,,,2024Q1,0.26466222524592503,0.3450836543367928,0.3013841460309747,0.3946279295874715,0.3822469399720674,0.33972396974636293,14.357178216944689,4.067955981978177,12.721247690131609,-7.997309794330759,12.065265776308937,0.2643726560590242,0.3380340701319811,0.29947065525551714,0.39462308865382933,0.3799331466668255,0.3389550815647313,16.740625730345403,4.223727201728478,13.184739678592173,-7.997309794330759,12.221036996059237,101.18967036258732,,,,,,,,,,,203019,204310,203100,206096,0.039897743560946,1.0815143179434328,True,,,0.7188940092165899,0.05025125628140704,0.7979274611398963,0.457286432160804,0.6666666666666666,,0.7188940092165899,0.43515504986070247,0.6666666666666666,3,0.606905241914653,2,2,2,Moderate,0.6166931543431149,from composite Y
1131,17620,Upper Hunter Shire,2,"Stewarts Brook Rd, Stewarts Brook; Mountain Station Road, Merriwa",2023-08-10,2023-08-20,2043.108163430224,0.0025235742698306,1938.97577999186,8.0,9.78864844999048,-1.429861644073775,19.2,35,32.8,728.0000000000008,0.1779858654739035,19.64884843715754,Eucalypt Tall Open Forests,33.17261280167891,0.0,,,1.767520117028359,810187140.0,975.0,2,12.351,55.63,8.31379903109861,14,7,-0.05,1.170212765957447,-0.945641816199218,,,2.09643605870021,0.4173133496688779,-1.28893865048736,0.9298392826384544,-1.367010366267838,,,,,-1.681700000000002,4.485514579670066,3.090000000000007,4245.133208569569,28.57142857142857,20.08086253369272,6355,,,,,,,,,,,,,,,,,,,,,,,,,,,,,,,,,,,,,,,,,,,,,,,,,,,,,,,,,,,,,,,,,974.7,68300.0,2020-21,0.3277,24997.0,0.03829787234042553,-1.388888888888884,-2.985074626865669,8.571428571428562,2.102803738317749,,,,-1.5228426395939132,194.0,224.0,,,,,,,,,,,2.5799007662174915,7.6383717236155215,74.55792874245816,74.55792874245816,2.629798061138337,7.132660576310192,50.385134462532555,2021,,,,2023Q3,0.2266538534618061,0.37698820504130076,0.32915820060744205,0.29065102080327454,0.2835330313349473,0.35096529153758316,-22.901826392305193,17.256932140261803,6.625109412403329,11.172831027445795,6.084101112816008,0.2266538534618061,0.37694371931768106,0.3254899463409929,0.2895269491397655,0.28351505408398536,0.3509413390517053,-23.190934268954443,16.804187224121048,7.819409784180809,11.167059031672034,5.637128192449014,103.6403200753373,100.40267662401624,,,,,,,,,,204345,204672,203019,204844,-0.6489025912060464,2.326279003494669,False,,,0.6474654377880185,0.7311557788944724,0.4378238341968912,0.6658291457286433,0.38497652582159625,,0.6474654377880185,0.611602919606669,0.38497652582159625,3,0.5480149610720946,2,2,2,Moderate,0.5381908643719718,from composite Y
1132,17040,Snowy Monaro Regional,14,"CAPPANANA RD, BREDBO; SHANNONS FLAT RD, SHANNONS FLAT; Taskers; FOGGY FOREST DR, ANEMBO; Billmans, Nimmo Road, Snowy Plain; THE SNOWY RIVER WAY; AVONSIDE RD, AVONSIDE; MONARO HWY, COLINTON",2023-09-14,2023-10-23,4101.574066759028,0.002704669143833687,1380.1033929774,23.0,33.07079529043057,-2.450336444178353,27.8,11,50.1,2458.0,0.40762338829339,8.972990346881181,"Cleared, non-native vegetation, buildings",1.749027152288925,4.656610615418378,,,1.440046279835163,973126035.0,1020.0,1,17.7169,41.01,1.479670079164422,11,-70,-1.0,1.494093120222377,-0.6217614619342882,,,5.037091308727906,-0.3143535327422784,-3.06259343039666,2.703494062547755,0.0964855851020543,,,,,-2.7878,-0.7081406976002507,-95.69,-971.6348971334392,6.085192697768763,-3.914807302231237,10589,1084,,,,,,,,,,,,,,,,,,,,,,,,,,,,,,,,,,,,,,,,,,,,,,,,,,,,,,,,,,,,,,,,1027.5,47500.0,2020-21,0.3701,1444.0,0.10041695621959694,-5.190311418685123,-3.59281437125748,-2.941176470588236,0.0,,,,-5.625000000000002,302.0,332.0,,,,,,,,,,,29.265070122139843,152.62199041979542,1637.8004930654565,1637.8004930654565,13.548322717629205,73.86527023755251,835.6530117321704,2021,,,,2023Q3,0.24592373782043286,0.38555845273555595,0.35082210349013715,0.28778317347774457,0.30246918864213285,0.3669118054431279,-25.35939195836352,11.397578858788071,4.586285126542222,11.172831027445795,0.22474783134227572,0.24592158096424815,0.3855144071781284,0.3494010349018793,0.287809050396722,0.3024687092385315,0.36691269641022095,-25.344151855850427,11.40759551850994,5.011908883801497,11.167059031672034,0.24053648683790563,111.57703735368085,103.97816298178064,,,,,,,,,,204345,204672,203019,204844,-0.6489025912060464,2.326279003494669,False,,,0.5368663594470046,0.8316582914572864,0.17875647668393782,0.0678391959798995,0.2746478873239437,,0.5368663594470046,0.35941798804037456,0.2746478873239437,3,0.39031074493710766,1,1,1,Light,0.32796700522960287,from composite Y
1133,14650,Lake Macquarie,6,"CLICK CREEK TRL, CONGEWAI; BURKES CREEK EASEMENT TRL, KILLINGWORTH; WYONG ST, AWABA; BINALONG WAY, WYEE; Charles Av, Morisset Park; Charles Av, Morisset Park",2023-09-27,2023-10-26,137.0040259236311,0.002112175841390275,423.2138859777364,23.0,39.40141957206313,-1.302406425703099,33.9,12,31.9,35.7348668573436,0.028497680421361,14.76945524814232,Eucalypt Tall Open Forests,87.76809496236248,0.1302332544189624,,,334.339902007171,9532781625.0,1004.0,1,12.3516,69.57,5.964518972493875,7,-504,-0.6999999999999997,3.474605954465849,1.358751372309185,,,5.233646583604622,-0.1177982578655623,0.1727850861658453,-0.5318844540147509,2.696292918028274,,,,,0.2875000000000005,-0.2851422640771526,1.670000000000005,315.0622963428476,7.547169811320755,-2.452830188679245,86059,,,,,,,,,,,,,,,,,,,,,,,,,,,,,,,,,,,,,,,,,,,,,,,,,,,,,,,,,,,,,,,,,14963.6,69900.0,2020-21,0.4031,26900.0,0.036357267950963224,2.5048169556840083,0.4784688995215225,3.2653061224489743,6.626506024096379,,,,-7.571288102261553,1880.0,2295.0,,,,,,,,,,,0.9879450097736271,1370.7326877413461,20685.979749690385,27670.762624105366,0.3260448981166666,538.3403516050547,8857.022975285214,2021,,,,2023Q3,1.8297418805571801,2.529612358464091,2.393778335373721,2.305774815320605,2.089141454212302,2.310688314813449,-8.848689499579853,15.051697411203868,-3.4710824863113277,11.172831027445795,3.878866383758073,1.8297418805571801,2.529976281440585,2.3877535504086644,2.311194402133218,2.0897370073720367,2.310863116665733,-8.647586181432166,15.284256964390552,-3.220199745060437,11.167059031672034,4.117197932718518,107.69631584065031,106.03064009727262,,,,,,,,,,204345,204672,203019,204844,-0.6489025912060464,2.326279003494669,False,,,0.12903225806451613,0.3969849246231156,0.5699481865284974,0.6331658291457286,0.3145539906103286,,0.12903225806451613,0.5333663134324472,0.3145539906103286,3,0.325650854035764,1,1,1,Light,0.24177367362349006,from composite Y
1134,17310,Tamworth Regional,7,"DUNCANS CREEK RD, WOOLOMIN; MOUNT LINDESAY RD, LINDESAY; SPLITTERS GULLY RD, MOONBI; Neranghi North; LIMBRI WEABONGA RD, LIMBRI; OLD WALLABADAH RD, GAROO; BARRY RD, HANGING ROCK",2023-10-26,2023-11-09,845.8408427578674,0.0008557374030369648,283.7634695042324,11.0,35.80335349273562,-1.87974218433002,31.6,15,30.9,409.0,0.2172844188082643,13.39772642077863,Eucalypt Open Forests,18.00264433671221,0.08454900632409,,,6.543171450668408,2484006653.0,961.0,2,14.0334,62.41,9.62458336513752,14,-574,-2.3,2.573529411764706,0.4576748296080408,,,10.59141863161964,5.239973790149453,-2.190045019036194,1.830945651187289,-0.4844078032561274,,,,,0.1025,-3.256653525667528,36.60999999999999,388.8883995930745,5.128205128205128,-4.871794871794872,25914,,,,,,,,,,,,,,,,,,,,,,,,,,,,,,,,,,,,,,,,,,,,,,,,,,,,,,,,,,,,,,,,,3948.5,62200.0,2020-21,0.3297,5395.0,0.04144385026737968,-3.2258064516129004,-4.727272727272725,12.00000000000001,-1.484828921885084,,,,-1.7416545718432541,677.0,817.0,,,,,,,,,,,9.222843984216336,55.80915375430552,1385.02861846737,1390.5518632843684,3.883763904957339,23.765928559552698,587.2741225780034,2021,,,,2023Q4,0.3015547159675254,0.3653495730792618,0.3465894460760077,0.33361521375927133,0.43560922916121164,0.3594473519753771,-8.686026112614552,14.981448267846687,3.709837689792095,7.685307352521331,7.296140915325356,0.3015804925090926,0.3653449677208493,0.3466526455129563,0.33360094509201943,0.4356162879192183,0.3582510008970019,-8.688780586430479,14.973439821516287,3.345814761310417,7.6693664910018615,7.304073330514425,104.53814794897278,,,,,,,,,,,204672,203019,204310,206382,-0.17686835522201516,1.2669656173464494,True,,,0.271889400921659,0.44221105527638194,0.29015544041450775,0.8492462311557789,0.8873239436619719,,0.271889400921659,0.5272042422822228,0.8873239436619719,3,0.5621391956219512,2,2,2,Moderate,0.5570188397252833,from composite Y
1135,11350,Byron,1,"BAYSHORE DR, BYRON BAY",2023-10-14,2023-11-05,780.6567607864367,0.0137973318399936,780.6567607864367,23.0,21.44000709969566,-1.087185255858802,30.8,27,34.7,411.0,0.6436693766223499,1.238565188925959,"Cleared, non-native vegetation, buildings",60.6458676325321,1.374235050385468,,,64.94313300378383,1761499686.0,1021.0,1,8.026,62.73,7.408619749045281,9,-52,-0.5,2.837723024638912,0.7218684424822475,,,11.70227241801606,6.350827576545874,2.780816797204096,-3.139916165053002,-1.000898768794295,,,,,7.370399999999999,3.536015544503146,-123.52,-46.30537347466279,7.069408740359898,-2.930591259640102,15220,,272.0,,,,,,,,,,,,,,,,,,,,,,,,,,,,,,,,,,,,,,,,,,,,,,,,,,,,,,,,,,,,,,,1735.4,48000.0,2020-21,0.3331,8844.0,0.06745964316057775,-0.5037783375314908,-4.4280442804427995,2.0000000000000018,1.949860724233976,,,,-4.218362282878408,772.0,878.0,,,,,,,,,,,35.28049052667291,1564.8664180093626,14656.313563727423,14656.313563727423,18.681639914688624,697.8768448055896,7700.5412945855705,2021,,,,2023Q4,0.48913510511582875,0.5943676644566974,0.5652879289164726,0.46630897010539396,0.579396456298506,0.5827740855564508,-21.545366952012778,1.6647270723523677,3.093318598452144,7.685307352521331,-6.020580280168963,0.48913510511582875,0.5939516911261982,0.542517497483093,0.46630897010539396,0.579396456298506,0.5827740855564508,-21.490421347025624,1.6647270723523677,7.420329899057765,7.6693664910018615,-6.004639418649494,105.06131916120142,,,,,,,,,,,204672,203019,204310,206382,-0.17686835522201516,1.2669656173464494,True,,,0.2304147465437788,0.04020100502512563,0.772020725388601,0.04522613065326633,0.9436619718309859,,0.2304147465437788,0.28581595368899765,0.9436619718309859,3,0.4866308906879208,2,2,2,Moderate,0.45636428749096897,from composite Y
1136,14870,Lithgow,2,"CATTLE RUN FIRETRAIL, PALMERS OAKY; GLEN DAVIS RD, CAPERTEE",2023-11-10,2023-11-17,42.07902597126413,9.325495946753584e-05,21.63554758702005,7.0,13.28038592122489,-0.4661917460384691,29.3,21,31.8,15.0,,11.39967245521613,Eucalypt Woodlands,61.01574803149607,0.0,,,4.618753798127726,753243315.0,935.0,1,9.7922,44.24,4.070393627182019,11,-44,-0.7999999999999998,-2.374301675977653,-4.490156258134318,,,11.03593877453097,5.684493933060788,-0.0944032429189363,-0.2646961249299693,6.024810252825166,,,,,7.5025,9.657995971406963,-72.38999999999999,-1242.713864114738,6.666666666666667,-3.333333333333333,9585,,,,,,,,,,,,,,,,,,,,,,,,,,,,,,,,,,,,,,,,,,,,,,,,,,,,,,,,,,,,,,,,,1452.4,69700.0,2020-21,0.3109,1900.0,0.052374301675977654,9.333333333333327,-9.999999999999998,-8.695652173913048,-4.61538461538461,,,,-12.765957446808507,205.0,168.0,,,,,,,,,,,0.10362143889534103,2.267400177449666,53.82589231626004,55.606887664503944,0.12047853187281463,2.5723586710675934,55.05776236599389,2021,,,,2023Q4,0.29333863703241186,0.39208146211621225,0.3431923952267634,0.33626347453159,0.45004375243486305,0.35716439340771705,-14.236324074938766,3.378321445555499,4.07118525214456,7.685307352521331,-4.306985906965832,0.29333863703241186,0.39206573988535415,0.3431704615729174,0.33626347453159,0.45004375243486305,0.35138016369109576,-14.232884865196727,3.3769967129815726,2.392310247376561,7.6693664910018615,-4.292369778020289,107.46871303523334,,,,,,,,,,,204672,203019,204310,206382,-0.17686835522201516,1.2669656173464494,True,,,0.9907834101382489,0.035175879396984924,0.5025906735751295,0.1306532663316583,0.8967136150234741,,0.9907834101382489,0.22280660643459094,0.8967136150234741,3,0.703434543865438,3,3,3,Severe,0.7453692473084637,from composite Y
1137,16200,Parkes,1,"STAIRCASE RD, PARKES",2023-11-19,2023-11-27,557.6619043067849,0.000936049116959,557.6619043067849,9.0,30.04447252369507,-0.6023187180282905,31.0,20,24.1,198.0,0.4461750939921737,6.469672452521296,Eucalypt Woodlands,22.0456533931576,2.723964143919964,,,2.410361047746349,528481306.0,946.0,2,7.3752,46.36,2.983456397794186,11,-51,-1.1,0.4961020552799433,-1.619752526876721,,,11.14206128133705,5.790616439866864,-2.63350661190708,2.274407244058174,-0.38471232079922,,,,,2.654499999999999,-14.40683772222623,-7.270000000000007,189.4303938316483,8.333333333333332,-1.666666666666668,6178,,,,,,,,,,,,,,,,,,,,,,,,,,,,,,,,,,,,,,,,,,,,,,,,,,,,,,,,,,,,,,,,,1003.9,69700.0,2020-21,0.3601,1892.0,0.042523033309709427,5.000000000000004,6.944444444444442,9.090909090909083,-0.9242144177449174,,,,-10.81081081081081,132.0,135.0,,,,,,,,,,,6.52539948748333,22.734752555103405,123.72418427023149,135.69778322346275,2.504611297661252,8.889725454544699,51.30606692423785,2021,,,,2023Q4,0.25223011853729593,0.3271742227681161,0.30786857012285623,0.30033507767591455,0.3883537472841134,0.3469405553020444,-8.203318973336026,14.84199853164907,12.691125035464413,7.685307352521331,7.156691179127739,0.25223011853729593,0.3271336600043518,0.3078795515375989,0.3003283625197786,0.38835706700223066,0.34694500514951915,-8.1939894183364,14.860873474851077,12.688550901422735,7.6693664910018615,7.191506983849216,103.94714285714285,,,,,,,,,,,204672,203019,204310,206382,-0.17686835522201516,1.2669656173464494,True,,,0.7972350230414746,0.15577889447236182,0.23834196891191708,0.5276381909547738,0.9061032863849765,,0.7972350230414746,0.3072530181130176,0.9061032863849765,3,0.6701971091798229,3,3,3,Severe,0.7010628745376706,from composite Y
1138,16610,Richmond Valley,5,"BUSBYS FLAT RD, BUSBYS FLAT; NEILEYS LAGOON RD, BUNGAWALBIN; MOUNT MARSH RD, WHIPORIE; Benauds Rd, Bora Ridge; MYALL CREEK RD, BORA RIDGE",2023-12-01,2023-12-21,516.726125510781,0.001695643494560416,312.3825950567983,12.0,24.91172727123022,-0.1756536541974082,37.1,27,22.3,256.4037738239691,0.3427646950476502,8.86763598307674,Eucalypt Woodlands,63.7082651391162,0.0299541541614784,,,7.800156383783182,676595994.0,924.0,2,12.3262,45.2,7.391510226526342,14,-8,-0.2000000000000001,1.267159450897571,-0.8486951312590933,,,8.834665544804375,3.483220703334191,4.647001857864183,-5.006101225713088,0.6107784770865399,,,,,-0.5263,0.8149550170499458,-206.87,-765.9750157951538,-2.173913043478261,-12.17391304347826,9675,,,,,,,,,,,,,,,,,,,,,,,,,,,,,,,,,,,,,,,,,,,,,,,,,,,,,,,,,,,,,,,,,1131.1,48000.0,2020-21,0.333,8844.0,0.03537486800422387,7.462686567164178,-7.619047619047614,-3.4482758620689613,-2.384737678855331,,,,0.9090909090909038,222.0,243.0,,,,,,,,,,,1.9693472812784731,32.12375111440346,297.72398721244514,313.16603289895994,0.8629772916549525,13.905202512552915,127.52665123956734,2021,,,,2023Q4,0.29351274384138426,0.3415017132479006,0.3230464822776144,0.28168686334266707,0.3827151388271502,0.3420319455351897,-17.515241530227144,8.592447508808077,5.877006653568784,7.685307352521331,0.9071401562867454,0.293518225672895,0.3408877699522494,0.3222315651640189,0.28168988875938095,0.3827065649939503,0.3418521937874721,-17.36579789916216,8.593690939062814,6.088984055136293,7.6693664910018615,0.9243244480609523,102.17341377869046,,,,,,,,,,,204672,203019,204310,206382,-0.17686835522201516,1.2669656173464494,True,,,0.5990783410138248,0.5276381909547738,0.8963730569948186,0.020100502512562814,0.7605633802816901,,0.5990783410138248,0.48137058348738515,0.7605633802816901,3,0.6136707682609667,2,2,2,Moderate,0.6257117785277342,from composite Y
1139,15270,Mid-Western Regional,6,"BYLONG VALLEY WAY, MURRUMBO; Cryptic Saddle Fire; LUE RD, LUE; Puzzle Creek; Rocky Creek West; HONEYSUCKLE CREEK, GOULBURN RIVER NATIONAL PARK",2023-12-06,2023-12-22,114.6644356077257,0.0001310112474022767,89.04625848114986,11.0,37.917827001323,-0.2949983890602689,38.2,16,29.9,25.0,,13.1673699725105,"Cleared, non-native vegetation, buildings",30.49460188933873,0.0,,,2.950895339716241,1064025020.0,979.0,2,19.3585,57.45,3.080608137329918,12,-48,-0.7999999999999998,1.321138211382114,-0.7947163707745508,,,6.775854725674681,1.424409884204497,-1.892404575133021,1.533305207284116,-0.3128120129058533,,,,,1.161200000000002,0.3605776629574277,-18.70999999999999,-657.4857634840213,6.0,-4.0,11339,,,,,,,,,,,,,,,,,,,,,,,,,,,,,,,,,,,,,,,,,,,,,,,,,,,,,,,,,,,,,,,,,1793.4,69700.0,2020-21,0.3309,2795.0,0.054878048780487805,1.85185185185186,0.5988023952095745,-2.777777777777779,-2.114803625377648,,,,-0.31347962382445305,318.0,351.0,,,,,,,,,,,0.18372793621207223,38.27569125896431,202.05916478798082,209.3769280485313,0.08890473419444161,19.35122333416474,104.02868990837692,2021,,,,2023Q4,0.27062762128679513,0.34845601477400273,0.3141196161261516,0.31671762603025927,0.41900058539886803,0.33233164673490206,-9.1082912614747,13.386808601628154,5.797801115813295,7.685307352521331,5.701501249106823,0.2706323099645483,0.34846227052091167,0.3137477889820504,0.316845802026152,0.41919836621781065,0.3322010328534346,-9.073139668032537,13.39275501426056,5.88155343859329,7.6693664910018615,5.7233885232586985,107.4692857142857,,,,,,,,,,,204672,203019,204310,206382,-0.17686835522201516,1.2669656173464494,True,,,0.5783410138248848,0.2889447236180904,0.344559585492228,0.42462311557788945,0.5093896713615024,,0.5783410138248848,0.352709141562736,0.5093896713615024,3,0.48014660891637434,1,1,1,Light,0.4477205697059338,from composite Y
1140,17000,Singleton,4,"OLD PADDOCK PUTTY RD, HOWES VALLEY; Burrendoo; THOMPSONS RD, MILBRODALE; STATION RD, RAVENSWORTH",2023-12-07,2023-12-20,228.4199464003116,0.0004668570770338734,104.2298574053088,11.0,36.94791659600163,-0.2814059236232686,39.0,14,27.9,74.0,0.1968914156597504,14.45075006973847,Eucalypt Open Forests,64.47643979057591,0.0,,,5.141315352648246,1270787548.0,998.0,2,13.8743,70.66,5.505983467128234,12,-96,-1.1,1.123595505617978,-0.9922590765386872,,,7.553170343868018,2.201725502397834,-4.31304177240127,3.953942404552365,-0.6525976097753343,,,,,-1.403300000000001,0.9745634536568692,100.67,540.2029696736932,17.77777777777778,7.777777777777779,9255,,,,,,,,,,,,,,,,,,,,,,,,,,,,,,,,,,,,,,,,,,,,,,,,,,,,,,,,,,,,,,,,,1687.9,68300.0,2020-21,0.4327,24997.0,0.04840103716508211,0.8928571428571397,-2.0000000000000018,0.0,0.4991680532445919,,,,10.121457489878537,272.0,286.0,,,,,,,,,,,0.4207935840695415,10.305977635690006,147.9896430217163,147.9896430217163,0.2939459280952302,4.85027492946319,65.30630465063517,2021,,,,2023Q4,0.5793135522050116,0.6429390569963863,0.6012812470341274,0.5709329791338273,0.6428173897752548,0.6267126758169336,-11.199518380318851,2.5952781189637175,4.229539655236025,7.685307352521331,-5.090029233557614,0.579332347702121,0.6430719528961577,0.5995220103105557,0.5709616877001531,0.6428146563974109,0.6255321988141435,-11.21340541618192,2.5761737171061005,4.338487671222335,7.6693664910018615,-5.093192773895761,110.10428571428571,,,,,,,,,,,204672,203019,204310,206382,-0.17686835522201516,1.2669656173464494,True,,,0.6612903225806451,0.6959798994974874,0.11139896373056994,0.9623115577889447,0.6455399061032864,,0.6612903225806451,0.5898968070056673,0.6455399061032864,3,0.6322423452298662,2,2,2,Moderate,0.650468178048593,from composite Y
1156,17400,Tenterfield,10,"Morgans Trail; RAZORBACK CREEK RD, RIVERTREE; JUBULLUM ST, TABULAM; VINEGAR HILL RD, LEGUME; Border Rd NSW; TABLELAND RD, SANDY HILL; SUGARBAG RD E, TABULAM; SANDY FLAT RD, SANDY FLAT",2024-08-31,2024-09-23,2184.328278943098,0.002982300194812836,463.6464680190543,15.0,21.6686615596331,-0.6046958087827545,30.7,16,27.3,820.9552477291081,0.2914737676396205,11.47585298105843,Eucalypt Open Forests,64.69579242636746,0.0977343740359608,,,0.9562679184182772,,920.0,2,39.824,39.23,7.637459010142607,16,25,-0.1,1.501501501501501,-0.1065386995035237,,,12.13592233009709,8.277897638739063,,,,,,,,,,,,2.564102564102564,-3.435897435897436,3591,,,,,,,,,,,,,,,,,,,,,,,,,,,,,,,,,,,,,,,,,,,,,,,,,,,,,,,,,,,,,,,,,428.4,62200.0,2020-21,0.2299,779.0,0.03803803803803804,-2.631578947368418,3.4482758620689724,50.0,-0.5769230769230749,,,,,,,,,,,,,,,,,15.828441085022982,172.30125913878877,499.0333470035289,594.6636078296909,6.344454883663341,61.7261901248695,258.292490228182,2021,,,,2024Q3,0.30138663494036017,0.3528249984397394,0.347416238211066,0.3067868579140984,0.3037848183609589,,-13.048434983130619,1.8010773085907594,,-3.998327038547622,5.799404347138381,0.30063999989431384,0.35251336409888373,0.3434592936919634,0.30531991417833,0.30375785016966755,,-13.38770518422544,4.784575976756678,,-3.99900161855945,8.783577595316128,,,,,,,,,,,,203100,204844,206382,210124,1.6159527326440104,0.08403689806129044,True,,,0.391705069124424,,,,0.9577464788732394,,0.391705069124424,,0.9577464788732394,2,0.6747257739988317,3,3,3,Severe,0.7070997035987239,from composite Y
1189,15650,Muswellbrook,9,"MARTINDALE ROAD, MARTINDALE; COOLAWINE TRAIL, BROKE; BOYS ARM, HOWES VALLEY; GIANTS CREEK RD, GIANTS CREEK; EMU CREEK RD, WIDDEN; GOLDEN HWY, GUNGAL; Lower Hill St, Muswellbrook, Muswellbrook; BLACKWATER CREEK",2024-12-27,2025-01-29,2809.585347309394,0.008251632845033729,1748.033605111562,34.0,36.08288551057397,-1.133671409459718,39.3,15,37.3,1074.29398812862,0.2589878629397468,15.97974642687536,Eucalypt Open Forests,66.47564262440163,0.0,,,4.937906697029717,,937.0,2,8.13,64.31,9.940169901273585,13,123,1.2,3.345388788426763,1.737348587421738,,,6.542556355201333,2.632742722984468,,,,,,,,,,,,11.11111111111111,6.193078324225865,6802,,,,,,,,,,,,,,,,,,,,,,,,,,,,,,,,,,,,,,,,,,,,,,,,,,,,,,,,,,,,,,,,,1122.0,68300.0,2020-21,0.3393,24997.0,0.042495479204339964,6.382978723404253,-13.33333333333333,9.523809523809534,0.0,,,,,,,,,,,,,,,,,9.93857916741267,678.6696538448862,12038.101371131093,12552.879320908723,4.153082535318457,382.32283554434275,5424.530080112655,2021,,,,2024Q4,0.5793620489641058,0.6488123725662257,0.6159454045734218,0.6266317466752153,0.6576965341834611,,-3.418650264525658,16.7990168678249,,7.084991722054634,9.714025145770265,0.5813625351343056,0.6488123725662257,0.6110108789716451,0.6256491271199471,0.6576965341834611,,-3.570099219079592,16.6130849265534,,7.084637516898152,9.52844740965525,,,,,,,,,,,,204844,206382,206096,211783,0.6111968131846668,1.6564952048822912,True,,,0.08294930875576037,,,,0.6807511737089202,,0.08294930875576037,,0.6807511737089202,2,0.3818502412323403,1,1,1,Light,0.3166889317405459,from composite Y
1189,17000,Singleton,17,"BOYS ARM, HOWES VALLEY; COOLAWINE TRAIL, BROKE; HILL 471; COMMISSION RD, HOWES VALLEY; PEAK 692; BULGA CREEK NORTH LINK TRL, HOWES VALLEY; LITTLE L YENGO NATIONAL PARK; SANDY CREEK PAYNES CROSSING",2024-12-24,2025-01-29,2240.388571957958,0.004579027692667482,1748.033605111562,34.0,40.63662202245011,-1.115718525767817,39.3,9,35.6,914.2418731083699,0.2525689347925222,14.58725150117675,Eucalypt Open Forests,62.93988937693184,1.931602885100019,,,5.185666989759145,,998.0,2,11.757,63.67,4.8533858573529,13,135,0.4999999999999998,-0.1282051282051282,-1.736245329210153,,,6.109096641967524,2.199283009750659,,,,,,,,,,,,8.49056603773585,3.572533250850603,9255,1191,,,,,,,,,,,,,,,,,,,,,,,,,,,,,,,,,,,,,,,,,,,,,,,,,,,,,,,,,,,,,,,,1687.9,68300.0,2020-21,0.4327,24997.0,0.04829059829059829,-1.7699115044247815,-9.183673469387754,7.692307692307687,1.1589403973509826,,,,,,,,,,,,,,,,,6.644612445647125,38.079598479101264,394.36109845695967,12552.879320908723,4.754927999442479,23.59141229070159,204.14640479139442,2021,,,,2024Q4,0.6012812470341274,0.689438170408149,0.6267126758169336,0.6771845780796962,0.672669397226732,,-1.7773301297197786,18.610170165168082,,7.084991722054634,11.525178443113447,0.5995220103105557,0.6895230007923142,0.6255321988141435,0.675528384281496,0.6726763400755597,,-2.029608366180291,18.31413540241902,,7.084637516898152,11.229497885520868,,,,,,,,,,,,204844,206382,206096,211783,0.6111968131846668,1.6564952048822912,True,,,0.8317972350230415,,,,0.636150234741784,,0.8317972350230415,,0.636150234741784,2,0.7339737348824127,3,3,3,Severe,0.7860787904520605,from composite Y
1190,18710,Yass Valley,4,"BENDENINE RD, BINALONG; BAG RANGE TRL, WEE JASPER; FEDERAL HIGHWAY SERVICE RD, SUTTON; BURRINJUCK RD",2024-12-27,2025-01-14,109.0988471117048,0.0002730873163034946,86.63488290754762,12.0,25.26034689311783,-0.6117446136305124,33.3,20,32.8,32.62969389722245,0.0139968895800933,10.03089259297171,"Cleared, non-native vegetation, buildings",0.0,0.2394426023591918,,,4.357428266262697,,1065.0,1,12.5751,49.45,4.645615629259427,8,39,-0.1999999999999997,1.76056338028169,0.152523179276665,,,4.308363970588235,0.3985503383713702,,,,,,,,,,,,1.851851851851852,-3.066180935033394,6460,,,,,,,,,,,,,,,,,,,,,,,,,,,,,,,,,,,,,,,,,,,,,,,,,,,,,,,,,,,,,,,,,822.1,47500.0,2020-21,0.4727,2727.0,0.028609154929577465,-3.076923076923077,-2.197802197802201,0.0,-0.16051364365970988,,,,,,,,,,,,,,,,,0.9312394443090344,17.994902945032333,274.45747019410885,943.3107803186941,0.40562622894215583,7.744999557017522,133.68902045980212,2021,,,,2024Q4,0.3091900778550512,0.3859264915840109,0.3399032735148368,0.3457623669822696,0.40052867818853005,,-10.40719553531818,11.767399240016463,,7.084991722054634,4.6824075179618285,0.3091937691201355,0.3859243054228201,0.3397455417375159,0.34567396110241155,0.40052867818853005,,-10.429595585152407,11.728110952035319,,7.084637516898152,4.643473435137167,,,,,,,,,,,,204844,206382,206096,211783,0.6111968131846668,1.6564952048822912,True,,,0.33640552995391704,,,,0.3755868544600939,,0.33640552995391704,,0.3755868544600939,2,0.35599619220700546,1,1,1,Light,0.2822248058359494,from composite Y
1191,17000,Singleton,12,"BOYS ARM, HOWES VALLEY; COOLAWINE TRAIL, BROKE; COMMISSION RD, HOWES VALLEY; HUNTER MAIN FIRETRAIL, PUTTY; REEDY CREEK, GARLAND VALLEY; HEBDEN RD, HEBDEN; PUTTY VALLEY RD, PUTTY; ARTHUR DR, PUTTY",2024-12-16,2025-01-29,2168.656299340701,0.004432417382793715,1748.033605111562,34.0,47.36375954681962,-1.15900339313474,39.3,9,33.3,924.7440887964734,0.2542392539402125,14.59089608305572,Eucalypt Open Forests,62.93988937693184,1.998345037563816,,,5.185666989759145,,998.0,2,11.757,63.67,4.8533858573529,13,135,0.4999999999999998,-0.1282051282051282,-1.736245329210153,,,6.109096641967524,2.199283009750659,,,,,,,,,,,,8.49056603773585,3.572533250850603,9255,1189,,,,,,,,,,,,,,,,,,,,,,,,,,,,,,,,,,,,,,,,,,,,,,,,,,,,,,,,,,,,,,,,1687.9,68300.0,2020-21,0.4327,24997.0,0.04829059829059829,-1.7699115044247815,-9.183673469387754,7.692307692307687,1.1589403973509826,,,,,,,,,,,,,,,,,6.636771506880388,29.41688200828352,244.6648167851784,374.1375451405863,4.76659155307442,20.121034715942734,151.05839135902104,2021,,,,2024Q4,0.6012812470341274,0.689438170408149,0.6267126758169336,0.6771845780796962,0.672669397226732,,-1.7773301297197786,18.610170165168082,,7.084991722054634,11.525178443113447,0.5995220103105557,0.6895230007923142,0.6255321988141435,0.675528384281496,0.6726763400755597,,-2.029608366180291,18.31413540241902,,7.084637516898152,11.229497885520868,,,,,,,,,,,,204844,206382,206096,211783,0.6111968131846668,1.6564952048822912,True,,,0.8317972350230415,,,,0.636150234741784,,0.8317972350230415,,0.636150234741784,2,0.7339737348824127,3,3,3,Severe,0.7860787904520605,from composite Y
1192,17310,Tamworth Regional,16,"ATTUNGA; BOX FOREST RD, KINGSTOWN; OGUNBIL RD, DUNGOWAN; ROSENEATH RD, WATSONS CREEK; RIVER RD, BOWLING ALLEY POINT; WARRABAH RD, WARRABAH; MANILLA RD, RED HILL NSW; TEN MILE LANE, WALLAMORE",2024-12-27,2025-01-16,3506.410377006659,0.003547436300449169,1560.163636061048,17.0,34.05190080417392,-1.481333496499876,35.7,12,32.5,2615.252275582378,0.231702165031759,14.14067503288217,Eucalypt Woodlands,50.447934701954,0.0,,,6.613788129022741,,961.0,1,13.4219,70.81,9.140175561881394,15,44,-0.5999999999999999,1.726946888237211,0.1189066872321857,,,7.648417542410475,3.738603910193611,,,,,,,,,,,,9.75609756097561,4.838064774090364,25914,,,,,,,,,,,,,,,,,,,,,,,,,,,,,,,,,,,,,,,,,,,,,,,,,,,,,,,,,,,,,,,,,3948.5,62200.0,2020-21,0.3297,5395.0,0.039100684261974585,-4.583333333333329,6.488549618320616,5.952380952380953,-0.1965923984272644,,,,,,,,,,,,,,,,,32.93522674437271,323.0900628428684,7674.7752869724745,7751.57618424301,13.887396687805003,127.60899882475395,2939.2057216831954,2021,,,,2024Q4,0.3465894460760077,0.3924934673565925,0.3594473519753771,0.3742503591178605,0.4326341888437162,,-4.648003025782243,12.180243490907007,,7.084991722054634,5.095251768852372,0.3466526455129563,0.39249512688294663,0.3582510008970019,0.3739536060294862,0.4326341888437162,,-4.724013008953887,12.09608711580119,,7.084637516898152,5.011449598903038,,,,,,,,,,,,204844,206382,206096,211783,0.6111968131846668,1.6564952048822912,True,,,0.3456221198156682,,,,0.7699530516431925,,0.3456221198156682,,0.7699530516431925,2,0.5577875857294303,2,2,2,Moderate,0.551218029528143,from composite Y
1192,17650,Uralla,6,"BOX FOREST RD, KINGSTOWN; ROMANI, KINGSTOWN; WARRABAH RD, WARRABAH; THUNDERBOLTS WAY, YARROWYCK; COLOMENDY RD, ABINGTON; BAKERS CREEK RD, BAKERS CREEK",2024-12-28,2025-01-18,696.7770901882238,0.002159522791100641,1347.363535202393,13.0,17.83256015170036,-1.04195745814271,30.7,16,32.4,519.7477244176225,0.2059692600869671,12.59893335509107,Callitris Forests and Woodlands,34.80550262583074,0.1068762107175323,,,1.882206245732454,,990.0,2,14.7579,46.75,2.576634967858471,5,-6,-0.7999999999999998,-0.4405286343612335,-2.048568835366259,,,4.116581590647126,0.2067679584302615,,,,,,,,,,,,-2.222222222222222,-7.140255009107468,2586,,,,,,,,,,,,,,,,,,,,,,,,,,,,,,,,,,,,,,,,,,,,,,,,,,,,,,,,,,,,,,,,,374.5,62200.0,2020-21,0.3523,2509.0,0.022026431718061675,-19.999999999999996,7.407407407407418,42.85714285714286,-3.4375000000000044,,,,,,,,,,,,,,,,,0.7231786859069484,5.858719853231869,72.73829407991117,7751.57618424301,0.7516844355993855,4.477224677634036,43.13338447526492,2021,,,,2024Q4,0.2740226729717068,0.32797721367711996,0.28694282299146306,0.3068769807013407,0.363978204802728,,-6.4334447930738285,14.99928128136383,,7.084991722054634,7.9142895593091955,0.27392492013014486,0.3279743024085123,0.28610522512342257,0.3068462514740417,0.363978204802728,,-6.441983649119642,15.000609466132042,,7.084637516898152,7.9159719492338905,,,,,,,,,,,,204844,206382,206096,211783,0.6111968131846668,1.6564952048822912,True,,,0.8709677419354839,,,,0.3568075117370892,,0.8709677419354839,,0.3568075117370892,2,0.6138876268362865,2,2,2,Moderate,0.6260008567002089,from composite Y
1193,10470,Bathurst Regional,2,"HILL END RD, HILL END; Lagoon Road, The Lagoon",2024-12-23,2025-01-03,724.0618579800716,0.001896510098721514,722.0213399902143,12.0,18.42296343471858,-0.1312269080235126,31.4,17,27.4,317.9999999999998,0.4542653854617472,18.84162810150704,"Regrowth, modified native vegetation",9.104092757636066,0.0,,,11.70156772195556,,991.0,2,5.9722,65.38,6.555541968073599,10,241,0.4000000000000003,0.2901609074122923,-1.317879293592733,,,5.707890318970342,1.798076686753477,,,,,,,,,,,,6.666666666666667,1.748633879781421,17518,,,,,,,,,,,,,,,,,,,,,,,,,,,,,,,,,,,,,,,,,,,,,,,,,,,,,,,,,,,,,,,,,3045.3,69700.0,2020-21,0.3694,3104.0,0.042205222896333425,3.750000000000009,-8.021390374331549,-3.8461538461538436,-0.31948881789137795,,,,,,,,,,,,,,,,,1.3836690699601875,7.207900360677183,289.2638310305366,488.123149936853,1.9908898172029539,7.135282969800101,162.60227983379713,2021,,,,2024Q4,0.3982939447463118,0.477266092240012,0.39892478721054037,0.4613384297392717,0.5123801930281764,,-3.3372709186158644,19.262970562983227,,7.084991722054634,12.177978840928592,0.3983072925045303,0.47727498121048456,0.3988943369871236,0.46149988637598177,0.5123946057838918,,-3.3052423561975353,19.273720028700513,,7.084637516898152,12.189082511802361,,,,,,,,,,,,204844,206382,206096,211783,0.6111968131846668,1.6564952048822912,True,,,0.728110599078341,,,,0.5727699530516432,,0.728110599078341,,0.5727699530516432,2,0.6504402760649921,3,3,3,Severe,0.674726497466582,from composite Y
1193,14870,Lithgow,10,"Dingo Creek; Nayook Creek; HEARNE ST, CAPERTEE; UPPER NILE RD, GLEN ALICE; Coorongooba Creek; Morgan; PORT MACQUARIE RD, BOGEE; Murdocks",2024-12-27,2025-01-15,2720.921390928437,0.006030068618951827,2183.804555420586,15.0,33.06577195172384,-1.115718525767817,33.9,15,30.5,1114.000000000001,0.3728005354188902,8.448559931659997,Eucalypt Woodlands,78.62337173623574,0.0,,,4.600359452115318,,935.0,2,16.5807,62.38,10.09520388000718,13,161,0.9000000000000001,0.9298998569384836,-0.6781403440665417,,,6.262645726948646,2.352832094731782,,,,,,,,,,,,12.5,7.581967213114754,9585,,,,,,,,,,,,,,,,,,,,,,,,,,,,,,,,,,,,,,,,,,,,,,,,,,,,,,,,,,,,,,,,,1452.4,69700.0,2020-21,0.3109,1900.0,0.058655221745350504,-4.878048780487809,1.1111111111111072,0.0,1.6129032258064502,,,,,,,,,,,,,,,,,0.0032673385942815613,5.507594698246207,180.0990843992275,488.123149936853,0.00255979100835528,4.4092650142274215,130.2579688823661,2021,,,,2024Q4,0.3431923952267634,0.42823793834683516,0.35716439340771705,0.41659003254979193,0.44826578040382703,,-2.7199612070823664,23.887981925511138,,7.084991722054634,16.802990203456503,0.3431704615729174,0.4281679889271151,0.35138016369109576,0.41301657573256495,0.448274490071598,,-3.5386608962794996,22.825286423953983,,7.084637516898152,15.740648907055832,,,,,,,,,,,,204844,206382,206096,211783,0.6111968131846668,1.6564952048822912,True,,,0.5576036866359447,,,,0.6572769953051644,,0.5576036866359447,,0.6572769953051644,2,0.6074403409705545,2,2,2,Moderate,0.6174064554286025,from composite Y
1196,15270,Mid-Western Regional,2,"MOUNTAIN ST, CHARBON; CYPRESS DR, YARRAWONGA",2024-12-27,2025-01-20,142.5763288386064,0.0001629023209523731,73.32753512932193,19.0,21.62224496014397,-0.4235312173240136,33.8,22,38.0,108.0,0.3004372537530748,16.32482776539529,"Regrowth, modified native vegetation",69.8659626320065,0.0,,,2.966205672914909,,979.0,2,19.8057,51.46000000000001,2.767796124424065,13,123,0.3000000000000002,2.106318956870612,0.4982787558655868,,,5.970494202842726,2.060680570625862,,,,,,,,,,,,3.773584905660377,-1.144447881224869,11339,,,,,,,,,,,,,,,,,,,,,,,,,,,,,,,,,,,,,,,,,,,,,,,,,,,,,,,,,,,,,,,,,1793.4,69700.0,2020-21,0.3309,2795.0,0.055165496489468405,-0.60606060606061,-4.761904761904767,-2.857142857142858,-0.4115226337448541,,,,,,,,,,,,,,,,,5.834703762139435,175.62792118544263,2468.3910850675697,2470.2272174689083,3.034196433563947,100.09731820383607,1327.4991413445177,2021,,,,2024Q4,0.3141196161261516,0.37948813920057095,0.33233164673490206,0.37612533232498785,0.4101272592701802,,-0.8861428140197414,18.757309796535537,,7.084991722054634,11.672318074480902,0.3137477889820504,0.37948813920057095,0.3322010328534346,0.37607964346018036,0.4101284017301323,,-0.898182416865767,18.69484811073474,,7.084637516898152,11.610210593836587,,,,,,,,,,,,204844,206382,206096,211783,0.6111968131846668,1.6564952048822912,True,,,0.2672811059907834,,,,0.6150234741784038,,0.2672811059907834,,0.6150234741784038,2,0.44115229008459356,1,1,1,Light,0.3957401192756914,from composite Y
1197,13800,Hawkesbury,1,DEVILS HOLE,2025-01-05,2025-01-17,465.2338068413552,0.0016764349750176,465.2338068413552,13.0,31.6512824445734,-0.1304346450924595,36.2,21,36.2,45.0,0.3502273760800364,14.22139937811504,Eucalypt Open Forests,75.39555273189326,0.0,,,24.7335465647868,,1026.0,2,8.6327,48.58,7.162911730466343,13,158,-0.0999999999999996,3.399361022364217,1.791320821359192,,,4.516382814434943,1.238401676042421,,,,,,,,,,,,8.620689655172415,3.899327426070247,24485,,,,,,,,,,,,,,,,,,,,,,,,,,,,,,,,,,,,,,,,,,,,,,,,,,,,,,,,,,,,,,,,,3577.9,55400.0,2020-21,0.4336,,0.03309904153354633,-1.158301158301156,4.962779156327546,3.649635036496357,1.5945330296127658,,,,,,,,,,,,,,,,,0.08995211344479133,2.0200650489301024,88.08489269667568,88.08489269667568,0.05996807562986089,1.437107963154455,43.88067467047221,2021,,,,2025Q1,0.46763197613819435,0.5066149540567412,0.5791307906775325,0.6251391934458487,,,23.3953298140964,10.335966439356126,,3.101601371547391,7.234365067808735,0.4676419899307403,0.5066338868213519,0.5748604856315224,0.6251166633414679,,,23.386271546793537,10.330983983487553,,3.0916564971416594,7.239327486345893,,,,,,,,,,,,206382,206096,207723,214996,0.6497659679623125,0.87416181293134,True,,,0.07834101382488479,,,,0.48826291079812206,,0.07834101382488479,,0.48826291079812206,2,0.2833019623115034,1,1,1,Light,0.18532148948495006,from composite Y
1199,13660,Gwydir,9,"SALMONS TRAIL, COPETON; UPPER BINGARA RD, UPPER BINGARA; BEREEN RD, UPPER HORTON; EULOURIE RD, UPPER HORTON; TREVALLYN RD, UPPER HORTON; CARISBROOKE RD, COBBADAH; WEARNES RD, BUNDARRA; TOWARRA RD, KEERA",2025-01-26,2025-02-10,593.7887250188346,0.0006412644569312125,306.2180497314444,15.0,22.17105769376041,-1.215043021532494,35.7,24,24.0,397.9999999999999,0.4535000686168773,9.087047733967038,Callitris Forests and Woodlands,30.59850776366203,0.0081184167064135,,,0.53122932968211,,957.0,2,9.6503,44.21,5.937680148062745,10,-16,-1.2,1.026957637997433,-0.5810825630075926,,,9.14820085383208,5.870219715439559,,,,,,,,,,,,3.225806451612903,-1.495555777489264,2244,,,,,,,,,,,,,,,,,,,,,,,,,,,,,,,,,,,,,,,,,,,,,,,,,,,,,,,,,,,,,,,,,307.2,62200.0,2020-21,0.2165,4042.0,0.028241335044929396,-18.181818181818176,-11.111111111111116,-33.333333333333336,0.21141649048626032,,,,,,,,,,,,,,,,,1.1848394850276676,12.94391025365595,205.25629441838348,1896.1299842415706,0.5604297752048811,5.622545474864612,94.73382547289938,2021,,,,2025Q1,0.24297366632328757,0.2652639112264554,0.28196722917177364,0.34822710401680573,,,31.275717984692175,-1.0943247414492485,,3.101601371547391,-4.19592611299664,0.2429707259610611,0.26524724180510406,0.28083684649815854,0.34822710401680573,,,31.28396798662014,-1.0943247414492485,,3.0916564971416594,-4.185981238590908,,,,,,,,,,,,206382,206096,207723,214996,0.6497659679623125,0.87416181293134,True,,,0.5207373271889401,,,,0.92018779342723,,0.5207373271889401,,0.92018779342723,2,0.720462560308085,3,3,3,Severe,0.7680680401362274,from composite Y
1199,15750,Narrabri,8,"BRUMBY RD, GWABEGAR; Spring Creek Fire; YAMINBA CREEK; LYNCHS LANE, WEE WAA; Bungle Gully Road; KAPUTAR RD, BULLAWA CREEK; B Line Road; MOUNT LAWLER",2025-01-20,2025-02-08,31.88209146341318,2.449643249801433e-05,7.200241567545182,8.0,42.21428485118209,-0.934301548412412,40.4,13,29.0,7.000000000000002,,3.310255279544685,"Cleared, non-native vegetation, buildings",0.0,0.0,,,0.9867081226478042,,964.0,3,16.8742,54.44,1.475794658662357,15,-47,-1.2,1.27591706539075,-0.3321231356142755,,,2.336084722005918,-0.9418964163866036,,,,,,,,,,,,12.5,7.778637770897832,5291,,,,,,,,,,,,,,,,,,,,,,,,,,,,,,,,,,,,,,,,,,,,,,,,,,,,,,,,,,,,,,,,,794.9,62200.0,2020-21,0.2991,4042.0,0.028708133971291867,5.555555555555558,-4.411764705882348,39.99999999999999,1.338199513381988,,,,,,,,,,,,,,,,,0.08454126496644368,13.117446351947752,1672.1961320191338,1896.1299842415706,0.03815344408535243,5.351370062600806,778.4854098960163,2021,,,,2025Q1,0.2939953099072634,0.3181876679936372,0.3412876608696642,0.3899804794472674,,,22.563040204017536,-0.7230790675132992,,3.101601371547391,-3.8246804390606903,0.2970684069252563,0.31821359151271006,0.3410289541930039,0.3899804794472674,,,22.55305551010407,-0.7230790675132992,,3.0916564971416594,-3.8147355646549586,,,,,,,,,,,,206382,206096,207723,214996,0.6497659679623125,0.87416181293134,True,,,0.4400921658986175,,,,0.20892018779342722,,0.4400921658986175,,0.20892018779342722,2,0.32450617684602234,1,1,1,Light,0.2402477888868781,from composite Y
1203,15750,Narrabri,4,SANDSTONE CAVES; Bogans Well Road; MONUMENT RD; Butchers Road,2025-02-18,2025-03-13,439.4957234600932,0.0003376841615067759,6464.749255160585,16.0,30.75887797895082,-0.934301548412412,36.6,21,33.8,156.0759803757308,0.8363385883927192,1.940493705263234,Eucalypt Woodlands,36.20422847916035,2.405793285220807,,,0.9867081226478042,,964.0,2,16.8742,54.44,1.475794658662357,15,-47,-1.2,1.27591706539075,-0.3321231356142755,,,2.336084722005918,-0.9418964163866036,,,,,,,,,,,,12.5,7.778637770897832,5291,,,,,,,,,,,,,,0.0,fire_in_council,official,"Fire Alert: Public Advised to Avoid Pilliga Park Area (NSW Police release, via Mirage News) | https://www.miragenews.com/fire-alert-public-advised-to-avoid-pilliga-park-1417711/ | article body | ""Police have received no reports of injuries during the fire and no homes or buildings have been impacted.""",0.0,fire_in_council,official,"Fire Alert: Public Advised to Avoid Pilliga Park Area (NSW Police release, via Mirage News) | https://www.miragenews.com/fire-alert-public-advised-to-avoid-pilliga-park-1417711/ | article body | ""Police have received no reports of injuries during the fire and no homes or buildings have been impacted.""",0.0,fire_in_council,official,"Fire Alert: Public Advised to Avoid Pilliga Park Area (NSW Police release, via Mirage News) | https://www.miragenews.com/fire-alert-public-advised-to-avoid-pilliga-park-1417711/ | article body | ""Police have received no reports of injuries during the fire and no homes or buildings have been impacted.""",0.0,fire_in_council,official,"Fire Alert: Public Advised to Avoid Pilliga Park Area (NSW Police release, via Mirage News) | https://www.miragenews.com/fire-alert-public-advised-to-avoid-pilliga-park-1417711/ | article body | ""Police have received no reports of injuries during the fire and no homes or buildings have been impacted.""",,,,,,,,,,,,,,,,,,,,,,,,,,,,,0.0,fire_in_council,official,"Fire Alert: Public Advised to Avoid Pilliga Park Area (NSW Police release, via Mirage News) | https://www.miragenews.com/fire-alert-public-advised-to-avoid-pilliga-park-1417711/ | article body | ""Police have received no reports of injuries during the fire and no homes or buildings have been impacted.""",0.0,"one fire in the council (lower bound), see DL_homes_destroyed_sourced_source",0.0,794.9,62200.0,2020-21,0.2991,4042.0,0.028708133971291867,5.555555555555558,-4.411764705882348,39.99999999999999,1.338199513381988,,,,,,,,,,,,,,,,,0.003715889574933988,0.5679254449009042,15.515813354783177,554.1403141079118,0.0018803296644244278,0.2873839600703371,7.697730737735837,2021,,,,2025Q1,0.2939953099072634,0.3181876679936372,0.3412876608696642,0.3899804794472674,,,22.563040204017536,-0.7230790675132992,,3.101601371547391,-3.8246804390606903,0.2970684069252563,0.31821359151271006,0.3410289541930039,0.3899804794472674,,,22.55305551010407,-0.7230790675132992,,3.0916564971416594,-3.8147355646549586,,,,,,,,,,,,206382,206096,207723,214996,0.6497659679623125,0.87416181293134,True,0.21666666666666667,,0.4400921658986175,,,,0.20892018779342722,0.21666666666666667,0.4400921658986175,,0.20892018779342722,3,0.28855967345290384,1,1,1,Light,0.19233015642797555,from composite Y
1203,18020,Warrumbungle Shire,6,"SANDSTONE CAVES; WYUNA FIRE, OXLEY HWY; YARRAGRIN RD, YARRAGRIN; SUNNYSIDE FIRE, WARRUMBUNGLES WAY; PATTONS RD, BUGALDIE; BANDULLA ST, MENDOORAN",2025-02-25,2025-03-13,6157.624952966208,0.004977016835405817,6464.749255160585,16.0,31.85479559449454,-0.3913483508874309,36.0,20,33.8,2124.924019624274,0.8548044583997092,2.037814809890771,Eucalypt Woodlands,36.20422847916035,7.040449524236918,,,0.7496694180140508,,927.0,2,13.7059,45.67,1.967345090442527,10,61,1.1,-0.5704971475142625,-2.178537348519288,,,5.929919137466307,2.651937999073785,,,,,,,,,,,,-3.03030303030303,-7.751665259405198,4115,,,,,,,,,,,,,,0.0,fire_in_council,official,"Fire Alert: Public Advised to Avoid Pilliga Park Area (NSW Police release, via Mirage News) | https://www.miragenews.com/fire-alert-public-advised-to-avoid-pilliga-park-1417711/ | article body | ""Police have received no reports of injuries during the fire and no homes or buildings have been impacted.""",0.0,fire_in_council,official,"Fire Alert: Public Advised to Avoid Pilliga Park Area (NSW Police release, via Mirage News) | https://www.miragenews.com/fire-alert-public-advised-to-avoid-pilliga-park-1417711/ | article body | ""Police have received no reports of injuries during the fire and no homes or buildings have been impacted.""",0.0,fire_in_council,official,"Fire Alert: Public Advised to Avoid Pilliga Park Area (NSW Police release, via Mirage News) | https://www.miragenews.com/fire-alert-public-advised-to-avoid-pilliga-park-1417711/ | article body | ""Police have received no reports of injuries during the fire and no homes or buildings have been impacted.""",0.0,fire_in_council,official,"Fire Alert: Public Advised to Avoid Pilliga Park Area (NSW Police release, via Mirage News) | https://www.miragenews.com/fire-alert-public-advised-to-avoid-pilliga-park-1417711/ | article body | ""Police have received no reports of injuries during the fire and no homes or buildings have been impacted.""",,,,,,,,,,,,,,,,,,,,,,,,,,,,,0.0,fire_in_council,official,"Fire Alert: Public Advised to Avoid Pilliga Park Area (NSW Police release, via Mirage News) | https://www.miragenews.com/fire-alert-public-advised-to-avoid-pilliga-park-1417711/ | article body | ""Police have received no reports of injuries during the fire and no homes or buildings have been impacted.""",0.0,"one fire in the council (lower bound), see DL_homes_destroyed_sourced_source",0.0,621.1,65900.0,2020-21,0.25,678.0,0.04645476772616137,-1.7543859649122862,5.263157894736836,0.0,0.2941176470588225,,,,,,,,,,,,,,,,,1.2801092972542334,300.0343627108154,538.5217085648419,554.1403141079118,0.7190441102336269,169.3140032113893,302.00678081480146,2021,,,,2025Q1,0.24742697617848583,0.28118071014701845,0.2990090111033399,0.3412515892498464,,,21.36379806118962,-2.5301567968591954,,3.101601371547391,-5.631758168406586,0.24735263149184064,0.2811797985362708,0.2928595456175021,0.3412515892498464,,,21.364191533776445,-2.530247075536529,,3.0916564971416594,-5.621903572678189,,,,,,,,,,,,206382,206096,207723,214996,0.6497659679623125,0.87416181293134,True,0.21666666666666667,,0.8847926267281107,,,,0.6948356807511737,0.21666666666666667,0.8847926267281107,,0.6948356807511737,3,0.5987649913819837,2,2,2,Moderate,0.6058419867376863,from composite Y
770,11720,Cessnock,11,Tomalpin Link Firetrail; Heatons Lookout; Lovedale Rd; Ash Track; Hickory Road; Old Maitand Rd; Abermain Trail Sawyers Gully; Watagan Creek,2017-09-03,2018-01-07,1921.937807651818,0.009780061126096872,1061.268262275525,27.0,41.36661314885309,-1.671743245069508,40.3,11,32.4,214.46719431171,0.4600716475758529,7.152300522373475,Eucalypt Tall Open Forests,47.67855714095213,4.160327357521313,,,28.86280007936252,1504926683.0,925.0,1,6.3072,63.37,2.138875742756481,7,127,0.5,5.687544996400288,3.204358240062988,-2.421084234002402,-0.2221642044303577,-2.626939351198872,-0.5248164987971884,-3.276110587126084,2.77849279485908,0.156000902731392,1.61,-0.1036999999999999,,3.209332043237824,-0.3111000000000015,-3.323654851132185,-58.565,-113.443306031381,10.0,6.869999999999999,21415,,,,,,,,,,,,,,0.0,fire_in_council,official,"NSW Legislative Assembly Hansard, 14 September 2017 - Bushfire Risk Management (matter of public importance), Mr Clayton Barr (Cessnock) | https://api.parliament.nsw.gov.au/api/hansard/search/daily/fragment/HANSARD-1323879322-98887 | Legislative Assembly 14 Sep 2017, Matter of Public Importance ""Bushfire Risk Management"", speech of Mr Clayton Barr (Cessnock) | ""there was no loss of homes, no loss of life and no loss of private property in yesterday's fires at Richmond Vale and Black Hill""",,,,,,,,,,,,,,,,,,,,,,,,,,,,,,,,,,,,,0.0,statewide_zero,official,"NSW RFS Annual Report 2017/18 | https://www.rfs.nsw.gov.au/__data/assets/pdf_file/0003/92262/NSW-RFS-Annual-Report-2017-18-web.pdf | p.28, Summary review of operations - Fire season overview 2017/18 | ""Human lives lost 0""",,,,,0.0,"one fire in the council (lower bound), see DL_homes_destroyed_sourced_source",0.0,3660.9,,2015-16,0.3678,24997.0,0.06695464362850972,0.5376344086021501,-0.9433962264150941,-2.127659574468088,0.7220216606498298,4.568462372811322,5.109296813273634,-11.111111111111105,1.7857142857142794,342.0,414.0,19.0,,,,,,,,,,71.4474835689523,1044.1928228704135,31971.767499320824,32302.82145985242,27.417018381396307,424.70153825021305,13091.651147380295,2016,,0.0,,2017Q3,0.4691539142098074,0.5393884973696373,0.5085237789392187,0.4552432883201099,0.5159620029851282,0.4821427047337768,-15.600111878519273,1.6033109579011162,-5.187775930650263,-2.233699640950715,3.837010598851831,0.46914080706059275,0.5393884973696373,0.507642255591641,0.4557314836831777,0.5162156125540246,0.4796057856739003,-15.509602836252245,3.1631615062528873,-5.522879470517106,-2.233699640950715,5.396861147203602,,,,,,,,,,,,174603,176184,178504,182873,2.2342113251204054,2.8595448548042413,True,0.21666666666666667,0.09393939393939393,0.020737327188940093,0.5050251256281407,0.16321243523316062,0.16331658291457288,0.23943661971830985,0.21666666666666667,0.05733836056416701,0.2771847145919581,0.23943661971830985,4,0.19765659038527542,1,1,1,Light,0.07115396089710284,from composite Y
771,14350,Kempsey,19,"Parrabel Creek, Moparrabah; Goulds Lane, Clybucca; Brassils Creek Fire; Moses Knob Fire, Bellbrook; Five Day Creek Rd, Comara; Telegram Range; Fifes Knob; Pee Dee South",2017-08-08,2017-11-05,10487.66692383561,0.03106839732882531,4344.041076436787,34.0,43.99355115239895,-1.596253067738346,35.2,12,33.8,731.2665270566083,0.1997218273466687,16.01695767751007,Eucalypt Tall Open Forests,78.10067726683583,13.0451311204316,,,8.718564466483457,557371830.0,888.0,2,9.2752,72.59,10.5940794809408,10,13,-0.2999999999999998,1.788990825688074,-0.6941959306492258,-5.032480881506455,-2.833560851934411,-3.058000067955557,-0.9558772155538736,2.140355849579588,-2.637973641846592,-1.269827380791421,-2.5,1.2483,,-0.505087226463182,1.400899999999998,10.241571044086,-1.724999999999998,26.74991889313912,6.9,3.77,12423,,,,,,,,,,,,,,,,,,,,,,,,,,,,,,,,,,,,,,,,,,,,,,,,,,,,,,0.0,statewide_zero,official,"NSW RFS Annual Report 2017/18 | https://www.rfs.nsw.gov.au/__data/assets/pdf_file/0003/92262/NSW-RFS-Annual-Report-2017-18-web.pdf | p.28, Summary review of operations - Fire season overview 2017/18 | ""Human lives lost 0""",,,,,,,,1066.1,,2015-16,0.3076,6110.0,0.047706422018348627,-4.807692307692313,1.298701298701288,11.764705882352944,0.660066006600668,3.1149053991693654,9.052031361368496,-11.704834605597947,-2.714932126696834,215.0,233.0,7.0,,,,,,,,,,57.07568596081806,778.6255591425356,11009.961963469306,11067.51592308368,31.356804226632132,527.8653995344508,5159.7174703886485,2016,,0.0,,2017Q3,0.25510790442079456,0.32198656931298403,0.30743679138630214,0.20912006533976768,0.2555961522665468,0.20034903364022918,-35.053171383526106,-15.66757951618304,-34.83244710666866,-2.233699640950715,-13.433879875232325,0.24905056319604302,0.32198656931298403,0.25878944553830213,0.20529534819982218,0.25558752523949757,0.20011995494484883,-36.24102128301298,-8.836826451467072,-22.670743187155963,-2.233699640950715,-6.603126810516358,,,,,,,,,,,,174603,176184,178504,182873,2.2342113251204054,2.8595448548042413,True,,0.5060606060606061,0.5645161290322581,0.26884422110552764,0.7124352331606217,0.6055276381909548,0.20187793427230047,,0.5352883675464322,0.5289356974857014,0.20187793427230047,3,0.42203399976814465,1,1,1,Light,0.370254936513755,from composite Y
772,15240,Mid-Coast,3,Aerodrome Lakes Way; Old Inn Rd; Bunyah Hill,2017-09-05,2017-10-12,3980.999841403289,0.003959671742705361,2560.620693647996,33.0,46.80368101018869,-1.718603401175437,36.2,13,36.2,388.0000000000001,0.4474863120250323,5.558555733018863,"Cleared, non-native vegetation, buildings",58.44042658730159,6.822923999469418,,,9.130917863185983,1934651360.0,928.0,1,,,,15,-64,-0.3999999999999994,1.86018601860186,-0.6230007377354392,-4.48019801980198,-2.281277990229936,-2.352915545582292,-0.2507926931806086,,,,,,,-1.087334541557174,,,,,4.84,1.71,44645,NSW1718-05,,,,,,,,,,,,,,,,,,,,,,,,,,,,,,,,,,,,,,,,,,,,,,,,,,,,,0.0,statewide_zero,official,"NSW RFS Annual Report 2017/18 | https://www.rfs.nsw.gov.au/__data/assets/pdf_file/0003/92262/NSW-RFS-Annual-Report-2017-18-web.pdf | p.28, Summary review of operations - Fire season overview 2017/18 | ""Human lives lost 0""",,,,,,,,3485.0,,2015-16,0.3043,4317.0,0.052205220522052204,2.298850574712641,2.7272727272727337,-12.987012987012992,0.5702066999287325,4.2022548684660155,10.232088799192729,-2.3163467902051593,8.636363636363642,717.0,725.0,21.0,,,,,,,,,,68.5660908916067,1379.3301256540292,16039.944555554646,58586.99713523124,33.20873944900133,659.7967204675647,9406.700423107659,2016,,0.0,,2017Q3,0.24478575732575591,0.2982527137115248,0.24371388085196366,0.19323317678102767,0.24451923549857693,0.19706397743624296,-35.2115947659319,-17.088355591443605,-19.141258287235896,-2.233699640950715,-14.85465595049289,0.24478575732575591,0.2984265051087223,0.24167252471110315,0.19321670247272252,0.2438168013755364,0.19706447123207105,-35.254845275110505,-15.029218303226799,-18.45805746116852,-2.233699640950715,-12.795518662276084,,,,,,,,,,,,174603,176184,178504,182873,2.2342113251204054,2.8595448548042413,True,,0.5909090909090909,0.5460829493087558,,,,0.2934272300469484,,0.5684960201089233,,0.2934272300469484,2,0.43096162507793584,1,1,1,Light,0.3821556953621738,from composite Y
772,16380,Port Macquarie-Hastings,7,"Mount Seaview Rd, Mount Seaview; Bosenquets Trail; Jolly Nose Drive, Boony Hills; North Branch SF cpt 256; Pacific Hwy, Rossglen; Cold Nob Rd, Lorne SF; Sea Acres",2017-08-16,2017-09-21,2460.663814170934,0.006682243900929217,1561.505407918411,20.0,33.27498854048485,-1.401244316824402,33.1,14,31.2,178.0000000000001,0.09133941200456794,17.11538522133064,Eucalypt Tall Open Forests,81.69698099142751,3.641863638777346,,,21.74483620223434,2075889540.0,976.0,2,25.3053,56.28,8.94221096166027,9,-72,-0.4000000000000003,0.8534850640113799,-1.62970169232592,-3.384414081175612,-1.185494051603568,-2.522698038040288,-0.4205751856386048,-1.546708317164821,1.049090524897817,-0.1731511431529568,0.9300000000000006,2.308199999999999,,-0.671729859385005,0.4807999999999968,-2.398905734336727,-6.234999999999999,-376.4288632096589,8.33,5.199999999999999,34422,,,,,,,,,,,,,,,,,,,,,,,,,,,,,,,,,,,,,,,,,,,,,,,,,,,,,,0.0,statewide_zero,official,"NSW RFS Annual Report 2017/18 | https://www.rfs.nsw.gov.au/__data/assets/pdf_file/0003/92262/NSW-RFS-Annual-Report-2017-18-web.pdf | p.28, Summary review of operations - Fire season overview 2017/18 | ""Human lives lost 0""",,,,,,,,3014.3,,2015-16,0.3622,6110.0,0.05215742057847321,-0.303030303030305,-5.607476635514019,0.0,2.358490566037741,3.346575860764278,3.946530872056009,0.0,10.65182829888711,696.0,708.0,36.0,,,,,,,,,,3.0165133804836257,2040.4928005355266,42547.052579676594,58586.99713523124,1.3310820354777737,880.9298557653319,20306.94754557041,2016,,0.0,,2017Q3,0.29864484876882924,0.37176696881655585,0.3141521604546026,0.2951840249167311,0.3101276569346973,0.2780440333404178,-20.599717114086513,3.9611106292077203,-11.493833772122898,-2.233699640950715,6.194810270158435,0.29864484876882924,0.37176696881655585,0.31057382697115393,0.2828301409768468,0.31004686996510594,0.27512999729036497,-23.92273528840426,-0.14951687100396294,-11.41236852649563,-2.233699640950715,2.084182769946752,,,,,,,,,,,,174603,176184,178504,182873,2.2342113251204054,2.8595448548042413,True,,0.5454545454545454,0.8064516129032258,0.2562814070351759,0.40414507772020725,0.5628140703517588,0.2652582159624413,,0.6759530791788856,0.4077468517023806,0.2652582159624413,3,0.44965271561456915,1,1,1,Light,0.4070714096055214,from composite Y
776,17400,Tenterfield,9,"Rivertree; Farnell Road; Cullen Creek; Sykes Gap Rd, Upper Tooloom; High Country; Gilgurry; Plumbago; Dalmoak Rd, Maryland",2017-09-06,2018-01-29,12456.72192800492,0.01700737228499191,6353.977810219785,27.0,44.91131444445345,-1.585999293367492,34.9,11,34.0,2665.376892521291,0.2695352708476123,14.22482545276871,Eucalypt Open Forests,52.96191403183774,3.293414707453415,,,0.9143526912688752,112556825.0,910.0,2,12.5751,45.28,3.80414661236579,7,-65,-1.4,2.748414376321353,0.2652276199840537,-10.83233635276021,-8.633416323188168,-4.180976556667164,-2.078853704265481,4.153751722002308,-4.651369514269312,-0.3686819760938888,-7.029999999999999,-1.121599999999999,,-4.362939658540766,2.151,-5.103567181336848,175.455,947.3802372111826,-2.33,-5.460000000000001,3322,,,,,,,,,,,,,,,,,,,,,,,,,,,,,,,,,,,,,,,,,,,,,,,,,,,,,,0.0,statewide_zero,official,"NSW RFS Annual Report 2017/18 | https://www.rfs.nsw.gov.au/__data/assets/pdf_file/0003/92262/NSW-RFS-Annual-Report-2017-18-web.pdf | p.28, Summary review of operations - Fire season overview 2017/18 | ""Human lives lost 0""",,,,,,,,369.3,,2015-16,0.2424,779.0,0.0412262156448203,0.0,21.27659574468086,25.0,2.0283975659229236,16.8850806451613,-1.2145748987854255,-52.80898876404494,-2.4390243902439046,80.0,94.0,,,,,,,,,,,17.84387285647726,49.44239906858914,297.34774412213295,317.74729660828586,12.49741234250981,32.53298267754569,181.65122347166667,2016,,0.0,,2017Q3,0.18650089193248107,0.2407681803675058,0.19229677268263265,0.16604087203676202,0.19770476408399773,0.14504733376351375,-31.037036628627945,-8.417666957628555,-24.57110343557328,-2.233699640950715,-6.18396731667784,0.18650526802634185,0.2407681803675058,0.18120327831848834,0.16604087203676202,0.196834739837264,0.14308010606733665,-31.037036628627945,4.108800551326763,-21.038897642980416,-2.233699640950715,6.342500192277479,,,,,,,,,,,,174603,176184,178504,182873,2.2342113251204054,2.8595448548042413,True,,0.8242424242424242,0.3087557603686636,0.38190954773869346,0.8601036269430051,0.9949748743718593,0.10328638497652583,,0.566499092305544,0.7456626830178527,0.10328638497652583,3,0.4718160534333075,1,1,1,Light,0.4366157206069667,from composite Y
792,17000,Singleton,5,Rock Holes Creek; Koondah Ck; Langhorn Creek; Running Creek; Watts Ck,2017-12-18,2018-01-10,110.2298178276154,0.0002252936810640138,89.34652128177804,7.0,38.48819536553644,-1.120371113037897,38.6,16,27.0,2.999999999999996,0.0187117260149693,12.47989453878532,Eucalypt Open Forests,71.95177494976558,0.0,,,4.8185907674035,891182047.0,994.0,2,21.1612,63.99,4.089402405530826,7,73,0.7999999999999994,2.664655605832076,0.1814688494947769,-0.1800352409407798,2.018884788631264,-0.0848320325755005,0.6752472800484254,0.0796530551720664,-0.5772708474390704,-1.122729378050468,12.01,-2.137699999999999,,0.881917816114294,-6.425099999999999,-0.9587093650667508,-31.395,-433.0696905165197,3.03,0.9900000000000002,8706,,,,,,,,,,,,,,,,,,,,,,,,,,,,,,,,,,,,,,,,,,,,,,,,,,,,,,0.0,statewide_zero,official,"NSW RFS Annual Report 2017/18 | https://www.rfs.nsw.gov.au/__data/assets/pdf_file/0003/92262/NSW-RFS-Annual-Report-2017-18-web.pdf | p.28, Summary review of operations - Fire season overview 2017/18 | ""Human lives lost 0""",,,,,,,,1415.8,,2015-16,0.4113,24997.0,0.043237807943690296,-3.488372093023251,-9.999999999999998,23.076923076923084,1.1173184357541999,5.493608920315474,2.3562023562023526,-101.78571428571428,-8.780487804878046,187.0,244.0,5.0,,,,,,,,,,0.2826022910020163,4.901354325128953,145.76210943047997,145.76210945703497,0.1817981207337135,2.996147013421467,82.99203507465018,2016,,0.0,,2017Q4,0.4795734917581112,0.5560160172189993,0.5102063033167203,0.6438626863828906,0.6191402182509149,0.4472314485841598,15.799305495419013,49.903021174591444,-12.34301777990141,23.722289052362,26.180732122229443,0.4792066858253899,0.556046483987066,0.5101266849398723,0.6143451131889025,0.6191402182509149,0.4472314485841598,10.484488416114601,48.797274441899475,-12.329336655487033,23.72598242039605,25.071292021503425,,,,,,,,,,,,176184,178504,180003,181575,2.1676202152295376,3.2680570420294375,True,,0.2696969696969697,0.315668202764977,0.9271356783919598,0.5880829015544041,0.27386934673366836,0.431924882629108,,0.2926825862309733,0.5963626422266773,0.431924882629108,3,0.4403233703622529,1,1,1,Light,0.39463514753035445,from composite Y
818,16950,Shoalhaven,6,"Kingiman Fire; West Cambewarra Rd, North Nowra; Deans Gap Rd, Jerrawangala; Braidwood Rd, Jerrawangala; Meroo Point Rd, Termeil; Meroo Point Rd, Termeil",2018-07-29,2019-02-01,2346.807172333723,0.005138392466085267,2238.177141329092,28.0,24.60298113059334,-1.24659033173059,36.6,21,42.2,515.9999999999999,0.3561381009271153,8.184744965037838,Eucalypt Open Forests,81.42640817108902,5.614329805527785,,,22.57881747313469,2707213729.0,964.0,1,9.36,80.82,6.104711520094347,7,-569,-2.2,2.195190156599552,0.5236070690872612,3.185058896466212,-0.5670076386206757,-3.587983165570878,-0.5163914509926304,2.868037001573526,-3.70170365840362,1.383363251691895,-10.22,-2.085,,1.878369194848646,0.1600000000000019,0.3702126944257564,-36.81,-77.05169370646502,2.702702702702702,2.702702702702702,51639,,1700.0,,1.0,,,,,,,,,,,,,,1.0,fire_in_council,news,"Bega Valley fire destroys two houses, RFS says (ABC News) | https://www.abc.net.au/news/2018-08-16/houses-destroyed-bega-fire/10129172 | 'Further property damage' section | ""confirmed one house was damaged in a separate bushfire at North Nowra, where one outbuilding was destroyed and another was damaged.""",,,,,,,,,11.0,fire_in_council,news,"Bega Valley fire destroys two houses, RFS says (ABC News) | https://www.abc.net.au/news/2018-08-16/houses-destroyed-bega-fire/10129172 | 'Further property damage' section | ""At Mount Kingiman, west of Ulladulla, 11 outbuildings were destroyed and one was damaged, the RFS said.""",1.0,fire_in_council,news,"Bega Valley fire destroys two houses, RFS says (ABC News) | https://www.abc.net.au/news/2018-08-16/houses-destroyed-bega-fire/10129172 | 'Further property damage' section | ""confirmed one house was damaged in a separate bushfire at North Nowra, where one outbuilding was destroyed and another was damaged.""",,,,,,,,,,,,,,,,,1.0,council_total,official,"2018 - Bushfire - NSW - Kingiman bushfire (AIDR Knowledge Hub) | https://knowledge.aidr.org.au/resources/2018-bushfire-nsw-kingiman-bushfire/ | Quick Statistics | ""1 Fatalities""",,,,,,,,4041.2,,2015-16,0.2915,5645.0,0.06501677852348993,-0.8602150537634357,1.8018018018018056,-4.49438202247191,-1.6949152542372836,2.4276758063297876,-0.9541441184847677,0.7955077211043493,2.0486555697823317,778.0,877.0,25.0,,,,,,,,,,122.69529667665354,6228.661869160435,34506.74898287331,34506.74898287331,50.02254807766351,2771.677530361854,16067.725638564167,2016,responder,1.0,AIDR Kingiman bushfire 2018: pilot of a firefighting water-bombing helicopter that crashed at the fire,2018Q3,0.33330793900352473,0.38946530803616636,0.3030484804499938,0.26345312305554947,0.2350310375518133,0.2836516610770649,-32.355175770601676,-11.641283618812526,-6.400566451983758,-11.737006704072567,0.09572308526004036,0.33332467609240746,0.38946352264030853,0.300266230747493,0.2634579566449759,0.2350882651920675,0.2836753761132512,-32.353624581089676,-11.630953237277442,-5.525381456629308,-11.759599824459077,0.1286465871816347,,,,,,,,,,,,180438,182873,181575,183161,0.6301333422006561,3.7965990101257674,True,,0.16363636363636364,0.25806451612903225,0.6130653266331658,0.7875647668393783,0.23618090452261306,0.24413145539906103,,0.21085043988269794,0.5456036659983857,0.24413145539906103,3,0.3335285204267149,1,2,1,Moderate,0.2522748096763418,raised one level: one death
819,11720,Cessnock,3,"Jacobs Rd, Corrabare; Upper Yango Creek, Laguna; Haul road, Stockrington",2018-07-23,2018-11-05,726.0427143427831,0.003694574349991707,555.848820858718,8.0,32.06987972000513,-1.28318608624694,35.0,17,27.7,85.00000000000004,0.06064830317039973,14.96955551744279,Eucalypt Woodlands,75.0,0.0,,,29.47394646327145,1699764132.0,925.0,1,6.35,52.16,2.294876645487873,9,493,1.1,2.277362338545207,0.6057792510329161,4.437070083291212,0.6850035482043237,-7.095871963536541,-4.024280248958294,-0.3751789169830459,-0.4584877398470475,0.0884480526110467,10.39,2.694999999999999,,4.831912095796595,0.8800000000000008,1.563969739357649,-1.869999999999998,-166.6289389211869,6.060606060606061,6.060606060606061,21415,,,,,,,,,,,,,,,,,,,,,,,,,,,,,,,,,,,,,,,,,,,,,,,,,,,,,,0.0,statewide_zero,official,"Final Report of the NSW Bushfire Inquiry (31 July 2020) | https://www.nsw.gov.au/sites/default/files/noindex/2023-06/Final-Report-of-the-NSW-Bushfire-Inquiry.pdf | Section 2.1, Table 2-2 (Area burnt, homes destroyed and lives lost), report p.27 (PDF p.57) | ""2018-19 288,000 37 0""",,,,,,,,3660.9,,2015-16,0.3678,24997.0,0.06390210740992522,-1.5957446808510634,2.941176470588225,22.44897959183674,-0.7067137809187329,4.074677730034071,1.0526315789473717,8.037825059101667,12.280701754385959,370.0,424.0,14.0,,,,,,,,,,8.01777201422773,66.26421700354338,1614.285577543462,34855.88125289035,4.91525175772132,33.6154277565712,650.04637198755,2016,,0.0,,2018Q3,0.5085237789392187,0.5724606740071188,0.4821427047337768,0.43317999906688653,0.43340358596756295,0.4911533644754978,-24.330173453714,-4.8464831485245945,1.8688781668274812,-11.737006704072567,6.890523555547972,0.507642255591641,0.5724606740071188,0.4796057856739003,0.4331788246022241,0.43346058740014737,0.49112850493095356,-24.330378614472757,-4.948672604026639,2.4025396692958,-11.759599824459077,6.810927220432438,,,,,,,,,,,,180438,182873,181575,183161,0.6301333422006561,3.7965990101257674,True,,0.05757575757575758,0.2511520737327189,0.2185929648241206,0.5362694300518135,0.5954773869346733,0.056338028169014086,,0.15436391565423824,0.4501132606035358,0.056338028169014086,3,0.2202717348089294,1,1,1,Light,0.10130054196081499,from composite Y
819,16400,Port Stephens,3,"SALT ASH FIRE; Richardson Rd, Campvale; Box Beach Access, Shoal Bay",2018-08-17,2018-11-29,4192.710029112182,0.0488412822196487,2145.939550413971,9.0,32.4863728678201,-0.7253637181161894,29.6,16,49.6,687.9999999999992,0.7713376241125113,1.439129025347587,"Cleared, non-native vegetation, buildings",50.91742094745504,16.41130041181809,,,83.67429266979461,2207119695.0,980.0,1,5.53,78.08,5.433574806405209,10,482,1.0,1.375286518024588,-0.2962965694877026,3.063411452266692,-0.6886550828201963,-3.383034707430147,-0.3114429928518998,-5.432494847905168,4.598828191075075,-1.497835117896032,3.14,-1.575,,1.605621373820772,-0.0899999999999998,0.8693837252655836,34.27000000000001,10.17063774342688,2.531645569620253,2.531645569620253,31090,842,,,,,,,,,,,,,0.0,fire_in_council,official,"NSW RFS Bush Fire Bulletin Vol 41 No 1 (2019), ""Unseasonable winter fires"" | https://www.rfs.nsw.gov.au/__data/assets/pdf_file/0009/131499/Bush-Fire-Bulletin-Vol41-No1.pdf | Incidents, ""Unseasonable winter fires"", printed p.11 (PDF p.13), Salt Ash fire paragraph | ""Fire activity finally subsided in the early hours of August 18 with firefighters being able to state loud and proudly “no homes lost”.""",,,,,,,,,,,,,,,,,,,,,0.0,fire_in_council,official,"NSW Legislative Assembly Hansard, 18 September 2018 - Port Stephens Electorate Bushfire (Ms Kate Washington, Port Stephens) | https://api.parliament.nsw.gov.au/api/hansard/search/daily/fragment/HANSARD-1323879322-103402 | Legislative Assembly 18 Sep 2018, members' statement 'Port Stephens Electorate Bushfire' | ""whose courage and skill meant that no lives or properties were lost""",,,,,,,,,,,,,0.0,statewide_zero,official,"Final Report of the NSW Bushfire Inquiry (31 July 2020) | https://www.nsw.gov.au/sites/default/files/noindex/2023-06/Final-Report-of-the-NSW-Bushfire-Inquiry.pdf | Section 2.1, Table 2-2 (Area burnt, homes destroyed and lives lost), report p.27 (PDF p.57) | ""2018-19 288,000 37 0""",,,,,0.0,"one fire in the council (lower bound), see DL_homes_destroyed_sourced_source",0.0,4326.3,,2015-16,0.3452,24997.0,0.04605126067930819,0.9049773755656076,1.4440433212996373,15.789473684210531,0.727272727272732,2.1193519170775943,8.37256908904811,0.0,10.128913443830578,581.0,637.0,16.0,,,,,,,,,,207.41353622550153,8689.019262593203,29492.304422829555,34855.88125289035,84.9455716642005,3994.9125233233053,15023.656976395318,2016,,0.0,,2018Q3,1.1536251128328583,1.1839640018515327,1.2096744699844062,0.9866898684072717,1.108811079809754,1.0673922524500485,-16.662173270112557,-8.98467089699474,-11.762025327044546,-11.737006704072567,2.752335807077827,1.157861592655381,1.1839139524233813,1.1536742478334057,0.9915042051484728,1.1078143556929103,1.067447422349321,-16.252004369157103,-8.540581566655892,-7.47410507307571,-11.759599824459077,3.219018257803185,,,,,,,,,,,,180438,182873,181575,183161,0.6301333422006561,3.7965990101257674,True,0.21666666666666667,0.20303030303030303,0.42626728110599077,0.5804020100502513,0.09585492227979274,0.8417085427135679,0.28169014084507044,0.21666666666666667,0.3146487920681469,0.505988491681204,0.28169014084507044,4,0.329748522815272,1,1,1,Light,0.24723597365215916,from composite Y
820,10550,Bega Valley,7,"Yankees Gap Rd, Bemboka; New Buildings; Letts Mt Pericoe; Orchard Road; Wangarabell Rd, Nungatta; Nelsons Creek; Reedy Swamp Road, Reedy Swamp",2018-08-13,2019-01-27,19673.14631388495,0.03133414388858202,19652.43747534591,86.0,26.90779202043571,-1.309617719977103,36.8,17,40.7,2606.0,0.3057580472972852,19.42665183380984,Eucalypt Tall Open Forests,78.22174390771539,9.825303002455522,,,5.461016628283568,950720848.0,976.0,2,12.83,69.68,0.8995599275174735,6,18,-0.2000000000000001,1.958863858961802,0.2872807714495113,4.623297039995623,0.871230504908735,-7.145565374631785,-4.073973660053538,-1.825307394399175,0.9916407375690816,5.200440072482526,5.81,-0.7649999999999997,,-0.1856720070727049,-0.4100000000000001,-3.469171717680726,71.55,274.3549547390247,6.25,6.25,16270,NSW1718-20,20000.0,Escaped hazard reduction burn,,,,,,4.0,,,9300000.0,,4.0,council_total,news,"Coronial inquiry investigates circumstances behind 2018 Yankees Gap bushfire in Bega Valley (ABC News) | https://www.abc.net.au/news/2023-08-11/yankees-gap-bushfire-coronial-inquiry-bega-valley-burn-off/102709748 | Article body | ""Four homes were destroyed, and the damage bill was estimated at $9.3 million.""",,,,,,,,,,,,,,,,,,,,,,,,,,,,,,,,,,,,,0.0,statewide_zero,official,"Final Report of the NSW Bushfire Inquiry (31 July 2020) | https://www.nsw.gov.au/sites/default/files/noindex/2023-06/Final-Report-of-the-NSW-Bushfire-Inquiry.pdf | Section 2.1, Table 2-2 (Area burnt, homes destroyed and lives lost), report p.27 (PDF p.57) | ""2018-19 288,000 37 0""",,,,,4.0,"council figure, see DL_homes_destroyed_sourced_source",0.2458512599877074,1313.0,,2015-16,0.3121,3684.0,0.07378387202089455,-6.194690265486724,-5.1724137931034475,-6.060606060606055,-0.8896797153024938,-2.011391245469396,-7.749207467418106,-6.265664160401007,5.494505494505497,277.0,306.0,4.0,,,,,,,,,,57.2655100322594,287.1237589001133,2675.0048373129944,7474.697389543937,31.706853247765768,150.21231304300522,1299.3287204917303,2016,,0.0,,2018Q3,0.2090381526051265,0.2538887373107652,0.17920956575947902,0.1483023914441197,0.11724041623361586,0.14967159547160613,-41.58764464506576,-21.33222869430623,-16.482362513793724,-11.737006704072567,-9.595221990233664,0.20894937214349932,0.25373363765420714,0.164350812465785,0.14863472165293692,0.11724465780462438,0.14967159547160613,-41.42096293298761,-21.154949114835155,-8.93163640260971,-11.759599824459077,-9.395349290376078,,,,,,,,,,,,180438,182873,181575,183161,0.6301333422006561,3.7965990101257674,True,0.6222222222222222,0.4666666666666667,0.30414746543778803,0.5577889447236181,0.42487046632124353,0.9045226130653267,0.051643192488262914,0.6222222222222222,0.38540706605222735,0.6290606747033961,0.051643192488262914,4,0.42208328886652713,1,1,1,Light,0.37032064017551847,from composite Y
820,12750,Eurobodalla,4,"Wheel Gully; Potato Point Rd, Bodalla; Bendethera; Broulee Island",2018-08-15,2019-01-29,430.9112644009942,0.001256971874934924,394.2268411492234,28.0,21.51888677744153,-1.086199520175986,36.2,20,37.2,38.0,0.0505069182687659,21.05847290944585,Eucalypt Woodlands,72.03177232344527,0.0,,,11.19314549645226,957643166.0,962.0,2,14.77,74.52,10.56273650720297,5,163,0.7000000000000002,-0.0686577411603158,-1.740240828672607,3.613162436691848,-0.1389040983950393,-3.67455436255603,-0.6029626479777837,-2.045488451277251,1.211821794447157,-1.367210498609333,7.539999999999999,1.935000000000002,,2.770302132210382,-0.4799999999999986,-0.7783826241244736,-7.710000000000001,311.5144288143815,3.703703703703703,3.703703703703703,21960,,,,,,,,,,,,,,,,,,,,,,,,,,,,,,,,,,,,,,,,,,,,,,,,,,,,,,0.0,statewide_zero,official,"Final Report of the NSW Bushfire Inquiry (31 July 2020) | https://www.nsw.gov.au/sites/default/files/noindex/2023-06/Final-Report-of-the-NSW-Bushfire-Inquiry.pdf | Section 2.1, Table 2-2 (Area burnt, homes destroyed and lives lost), report p.27 (PDF p.57) | ""2018-19 288,000 37 0""",,,,,,,,1482.9,,2015-16,0.2966,3684.0,0.07621009268795056,-6.756756756756754,-4.263565891472865,0.0,-1.7857142857142905,2.4582465596798553,2.7746104142911454,-4.597701149425292,2.4242424242424176,320.0,303.0,17.0,,,,,,,,,,0.22525584093043838,9.273598196264219,4799.115884897125,7474.697389543937,0.06662886642056985,8.241702565623472,3258.1505721399813,2016,,0.0,,2018Q3,0.23553438088965992,0.2887347529940137,0.18725832093099215,0.17288950842077175,0.1485164724444254,0.17961226567279212,-40.121683784855556,-27.89859401105277,-4.083159146245752,-11.737006704072567,-16.161587306980202,0.2355354109143509,0.288794264617445,0.1871054049799855,0.1728888873082445,0.14814091482463057,0.1796147454478023,-40.134237936731886,-27.89885303825981,-4.003443691530184,-11.759599824459077,-16.139253213800732,,,,,,,,,,,,180438,182873,181575,183161,0.6301333422006561,3.7965990101257674,True,,0.11515151515151516,0.8387096774193549,0.3316582914572864,0.37305699481865284,0.5226130653266332,0.2347417840375587,,0.476930596285435,0.4091094505341908,0.2347417840375587,3,0.37359394361906145,1,1,1,Light,0.30568307033094505,from composite Y
823,14550,Kyogle,5,"Unumgar (Summerland Way); Peacock Creek Rd; Bald Knob Trl, Yabbra, Kyogle; Feeder Yabbra NP; Border Trail, Cougal",2018-08-18,2018-12-31,163.7559340758447,0.0004568849822809394,60.95191738993839,12.0,32.93559307384562,-1.598786171216428,35.0,13,31.9,2.0,0.0,14.19211888237627,Eucalypt Open Forests,32.9150460593654,0.0568761594304295,,,2.558742189189062,190910068.0,910.0,2,11.12,52.91,1.639551015260436,6,51,0.4999999999999991,3.04932735426009,1.377744266747799,5.296044854257439,1.543978319170551,1.635590448151783,4.70718216273003,-2.723627493555941,1.889960836725848,-0.2005959180387266,7.95,-0.415,,-3.805963998606494,-1.169999999999998,0.4925129190491333,-174.0,851.1038068958392,0.0,0.0,4134,,,,,,,,,,,,,,,,,,,,,,,,,,,,,,,,,,,,,,,,,,,,,,,,,,,,,,0.0,statewide_zero,official,"Final Report of the NSW Bushfire Inquiry (31 July 2020) | https://www.nsw.gov.au/sites/default/files/noindex/2023-06/Final-Report-of-the-NSW-Bushfire-Inquiry.pdf | Section 2.1, Table 2-2 (Area burnt, homes destroyed and lives lost), report p.27 (PDF p.57) | ""2018-19 288,000 37 0""",,,,,,,,349.5,,2015-16,0.2928,8844.0,0.019730941704035873,31.818181818181813,2.0000000000000018,-8.333333333333337,0.49586776859504855,-3.4536891679748827,4.499999999999993,-52.80898876404494,-11.926605504587151,95.0,119.0,3.0,,,,,,,,,,1.5640933026668948,16.702793954661313,147.72522224593385,2392.65532006113,0.6584306934043984,7.224190092541653,92.82216484661147,2016,,0.0,,2018Q3,0.1827279889526777,0.2481780165620575,0.14643968438337465,0.139078770149109,0.10766192392960537,0.13915804752723102,-43.96007669183221,-13.275539667184788,-4.972447794329115,-11.737006704072567,-1.538532963112221,0.18201097851521544,0.2481780165620575,0.14638407652594315,0.1390518294963957,0.10766192392960537,0.13803135313291412,-43.970932066166526,-13.292338877913135,-5.706032781201243,-11.759599824459077,-1.5327390534540584,,,,,,,,,,,,180438,182873,181575,183161,0.6301333422006561,3.7965990101257674,True,,0.793939393939394,0.12442396313364056,0.5728643216080402,0.27979274611398963,0.02512562814070352,0.8591549295774648,,0.45918167853651726,0.29259423195424444,0.8591549295774648,3,0.5369769466894089,2,2,2,Moderate,0.5234769015010555,from composite Y
823,16610,Richmond Valley,8,"Brewers Rd, Kippenduff; Mothersoles Rd, Ellangowan; Belmore Fire; Fullers Rd; Mt Marsh; Wrenchs Ellangowan Rd, Ellangowan; Main Camp Rd, West Bungawalbin; Broadwater",2018-07-23,2019-02-05,12427.36666264364,0.04078056516921887,6277.936569473785,25.0,34.32859455429455,-1.927960110852016,39.7,8,24.5,2213.326700879321,0.2087707712574974,6.399254354183676,Eucalypt Open Forests,52.35611720543751,12.3980055936052,,,7.657738719897533,525058790.0,902.0,2,7.81,64.04,28.27730917854324,10,96,0.0999999999999996,0.2983293556085918,-1.373253731903699,6.027553051254879,2.275486516167991,-12.25574220089133,-9.18415048631308,-2.984879868052158,2.151213211222064,-21.50554902380436,10.51,0.2949999999999999,,-0.0005883326848108,1.490000000000001,-1.043470699786571,-26.69,137.9784155511082,3.225806451612903,3.225806451612903,9390,,,,,,,,,,,,,,,,,,,,,,,,,,,,,,,,,,,,,,,,,,,,,,,,,,,,,,0.0,statewide_zero,official,"Final Report of the NSW Bushfire Inquiry (31 July 2020) | https://www.nsw.gov.au/sites/default/files/noindex/2023-06/Final-Report-of-the-NSW-Bushfire-Inquiry.pdf | Section 2.1, Table 2-2 (Area burnt, homes destroyed and lives lost), report p.27 (PDF p.57) | ""2018-19 288,000 37 0""",,,,,,,,881.5,,2015-16,0.3524,8844.0,0.029236276849642005,4.081632653061229,-2.8846153846153855,8.333333333333325,-2.396166134185307,-2.139415354963059,-8.837209302325578,-26.258992805755398,-2.259887005649719,169.0,167.0,5.0,,,,,,,,,,102.96522435102742,286.26244366630436,1948.1968637356892,2392.65532006113,44.315639648319326,123.4635529176998,815.4870721159186,2016,,0.0,,2018Q3,0.21391134094237987,0.291292366545735,0.18985770235256286,0.15894527485977714,0.12526275843925883,0.1607391685994832,-45.43445242159424,-18.785627318918497,-15.337030519313345,-11.737006704072567,-7.04862061484593,0.2097373328293267,0.291292366545735,0.18130306604078708,0.15894473288393673,0.12537076903765687,0.1593156373670298,-45.4346384806547,-18.785904245854045,-12.127444479516324,-11.759599824459077,-7.026304421394968,,,,,,,,,,,,180438,182873,181575,183161,0.6301333422006561,3.7965990101257674,True,,0.41818181818181815,0.7373271889400922,0.3015075376884422,0.2538860103626943,0.32160804020100503,0.004694835680751174,,0.5777545035609551,0.2923338627507139,0.004694835680751174,3,0.29159440066414005,1,1,1,Light,0.19637552744864858,from composite Y
824,11730,Clarence Valley,19,"Mt Marsh; Old Glen Innes Rd; Gwydir Highway, Cangai; Mt Powapar, Deep Creek; Walters Creek; Broken Back; Coal Ridge; Big Bull 3",2018-07-26,2019-02-07,35908.7494267205,0.03443268759748316,6277.936569473785,30.0,33.01159087049563,-1.927960110852016,36.7,8,30.3,5582.889254249876,0.1440508547086175,11.88149663184365,Eucalypt Open Forests,65.08584866220735,12.02251395868252,,,4.981742464751341,1239093796.0,926.0,2,13.22,67.32,11.47979318009761,11,152,0.0999999999999987,1.257054899948692,-0.4145281875635993,3.602702702702703,-0.1493638323841848,-7.872500144361249,-4.800908429783002,-0.3032525565595669,-0.5304141002705265,-0.7516590803073306,9.36,0.6849999999999996,,2.618668857775785,0.9000000000000004,-1.498634934552278,9.580000000000002,183.1103733651963,5.714285714285714,5.714285714285714,22680,,,,,,,,,,,,,,,,,,,,,,,,,,,,,,,,,,,,,,,,,,,,,,,,,,,,,,0.0,statewide_zero,official,"Final Report of the NSW Bushfire Inquiry (31 July 2020) | https://www.nsw.gov.au/sites/default/files/noindex/2023-06/Final-Report-of-the-NSW-Bushfire-Inquiry.pdf | Section 2.1, Table 2-2 (Area burnt, homes destroyed and lives lost), report p.27 (PDF p.57) | ""2018-19 288,000 37 0""",,,,,,,,2140.3,,2015-16,0.3135,2659.0,0.052591072344792204,2.4390243902439046,-1.9011406844106515,3.3898305084745672,-1.4895729890764597,1.0206759791198783,3.815977175463625,-11.893203883495163,-1.1820330969267157,400.0,419.0,7.0,,,,,,,,,,91.28939162054473,285.6909968618236,2063.848516928499,2318.8458651393807,43.88779817829615,140.64071542762113,968.3357336717953,2016,,0.0,,2018Q3,0.19276739793378553,0.2605552783354707,0.19805218168914118,0.149333381019589,0.12062982274763485,0.19518523136978008,-42.68648788326638,-17.24330453039038,-1.4475732076817072,-11.737006704072567,-5.506297826317812,0.19052255837749343,0.26049739732425825,0.17958176631992825,0.14924528381212923,0.12038830647153988,0.15324904221645239,-42.70757199683119,-17.269496895318238,-14.663361789505746,-11.759599824459077,-5.509897070859161,,,,,,,,,,,,180438,182873,181575,183161,0.6301333422006561,3.7965990101257674,True,,0.12121212121212122,0.46543778801843316,0.31155778894472363,0.5647668393782384,0.7185929648241206,0.046948356807511735,,0.2933249546152772,0.5316391977156942,0.046948356807511735,3,0.29063750304616104,1,1,1,Light,0.195099957809575,from composite Y
824,13010,Glen Innes Severn,3,"Upper Rocky River Rd, Moogem; Gwydir Highway, Cangai; Old Grafton Rd, Diehard",2018-08-11,2018-11-19,1658.222093449167,0.0030259654254919,5418.946941754583,16.0,24.27726032950017,-0.7326701772122041,25.0,11,24.9,284.0752047209749,0.1118566334201147,16.32244224809981,Eucalypt Open Forests,68.54053286832394,1.681162535888164,,,1.630846260851095,192750778.0,915.0,2,9.77,62.76,7.750853413689936,1,41,0.7000000000000002,0.6439742410303588,-1.027608846481932,-0.0740466493891151,-3.826113184476003,-9.175338480474434,-6.103746765896187,-2.381525337387867,1.547858680557773,0.8022548314919211,-4.890000000000001,-1.634999999999999,,-12.67298561645985,2.800000000000001,1.280795590812577,-24.61000000000002,212.276954135197,0.0,0.0,4032,,,,,,,,,,,,,,,,,,,,,,,,,,,,,,,,,,,,,,,,,,,,,,,,,,,,,,0.0,statewide_zero,official,"Final Report of the NSW Bushfire Inquiry (31 July 2020) | https://www.nsw.gov.au/sites/default/files/noindex/2023-06/Final-Report-of-the-NSW-Bushfire-Inquiry.pdf | Section 2.1, Table 2-2 (Area burnt, homes destroyed and lives lost), report p.27 (PDF p.57) | ""2018-19 288,000 37 0""",,,,,,,,479.9,,2015-16,0.2973,779.0,0.040478380864765406,-2.2727272727272707,5.660377358490565,-54.54545454545454,1.6917293233082775,-7.096171802054152,-12.237093690248567,-73.02904564315354,-34.95145631067961,62.0,81.0,3.0,,,,,,,,,,1.2686266175458936e-07,0.35086218119195256,200.60154422840782,2318.8458651393807,4.036539237646025e-08,0.19492338616356525,18.94535167181555,2016,,0.0,,2018Q3,0.17401539656508977,0.24658208967080722,0.15960205439888897,0.1277077876972573,0.11672108651321521,0.15679205920024666,-48.20881440831727,-27.928382876661363,-1.7606259576204208,-11.737006704072567,-16.191376172588797,0.1738902436847134,0.24658208967080722,0.15806673023776915,0.12772036464330375,0.11670789567360829,0.1346001324913264,-48.20371389754487,-27.921285104032258,-14.846006943487422,-11.759599824459077,-16.16168527957318,,,,,,,,,,,,180438,182873,181575,183161,0.6301333422006561,3.7965990101257674,True,,0.9666666666666667,0.6797235023041475,0.3743718592964824,0.33419689119170987,0.3592964824120603,0.023474178403755867,,0.823195084485407,0.35595507763341755,0.023474178403755867,3,0.4008747801741934,1,1,1,Light,0.3420491414595895,from composite Y
841,17310,Tamworth Regional,1,Rockview,2018-10-30,2018-11-22,1339.941782910717,0.0013556194541166,1339.941782910718,24.0,32.82751049732107,0.2298889679988148,33.4,16,29.5,286.9999999999998,0.258946418208782,10.60399641883795,Eucalypt Woodlands,36.69286061194754,0.0,,,6.248058483964121,1893704809.0,962.0,2,17.16,77.1,7.295433337221509,2,199,1.0,0.1592920353982301,-1.512291052114061,3.136241007194244,-0.6158255278926434,-7.237928689400563,-2.110278957846599,-0.3656929999814196,-0.4679736568486738,0.0507650087054436,2.329999999999999,-0.655000000000002,,-2.274222583593409,-1.929999999999999,2.455945629116869,-7.010000000000002,276.7484328750854,-3.125,-3.125,24329,,,,,,,,,,,,,,,,,,,,,,,,,,,,,,,,,,,,,,,,,,,,,,,,,,,,,,0.0,statewide_zero,official,"Final Report of the NSW Bushfire Inquiry (31 July 2020) | https://www.nsw.gov.au/sites/default/files/noindex/2023-06/Final-Report-of-the-NSW-Bushfire-Inquiry.pdf | Section 2.1, Table 2-2 (Area burnt, homes destroyed and lives lost), report p.27 (PDF p.57) | ""2018-19 288,000 37 0""",,,,,,,,3404.2,,2015-16,0.3307,5395.0,0.03911504424778761,-3.6199095022624417,-3.886925795053009,15.217391304347828,-2.422145328719727,-0.7220435653176427,-3.025086079685191,-49.31650893796004,-2.4955436720142554,526.0,549.0,12.0,,,,,,,,,,0.46741749125127935,1.8662178446815354,19.63347157476664,19.63347157476664,0.46701363213406555,1.390467687558477,9.79184300399142,2016,,0.0,,2018Q4,0.21552244943398338,0.1992520656679674,0.1711945597553793,0.16014854399055653,0.27495595786877275,0.23925020328766836,-19.625152465205954,-34.74335381716052,39.753391480158065,-25.114585559696366,-9.628768257464152,0.21446978785025167,0.1992520656679674,0.17087705924508398,0.15931943043207894,0.27495595786877275,0.20832178572768312,-20.041265370082538,-32.72633924574132,21.913255441090705,-25.121768123749888,-7.604571121991434,,,,,,,,,,,,182873,181575,182665,183892,-0.1137401365975288,1.7204096266750346,True,,0.696969696969697,0.7695852534562212,0.6834170854271356,0.5492227979274611,0.5376884422110553,0.09389671361502347,,0.7332774752129592,0.5901094418552174,0.09389671361502347,3,0.4724278768944001,1,1,1,Light,0.43743129733824837,from composite Y
842,11720,Cessnock,6,"Wollombi Rd, Bellbird; Leiberts Lane, Brunkerville; Forbes Creek; Aberdare St, Pelaw Main; Neath Rd, Kearsley; Mount Bulgalaben",2019-01-02,2019-04-11,110.6467128065882,0.0005630419518996945,99.73885964506746,9.0,37.82607453540474,-0.8209839175260367,36.4,16,23.6,0.0,0.4120679421671834,4.002534628614251,Eucalypt Tall Open Forests,67.6692082111437,0.1178637147165004,,,30.35326449107714,1699764132.0,925.0,1,6.35,52.16,2.294876645487873,11,-122,-0.3000000000000007,2.277362338545207,0.6057792510329161,4.437070083291212,0.6850035482043237,-6.974132005565894,-3.346470818291946,-0.3751789169830459,-0.4584877398470475,0.0884480526110467,10.39,2.694999999999999,,4.831912095796595,0.8800000000000008,1.563969739357649,-1.869999999999998,-166.6289389211869,5.88235294117647,5.88235294117647,21415,,,,,,,,,,,,,,,,,,,,,,,,,,,,,,,,,,,,,,,,,,,,,,,,,,,,,,0.0,statewide_zero,official,"Final Report of the NSW Bushfire Inquiry (31 July 2020) | https://www.nsw.gov.au/sites/default/files/noindex/2023-06/Final-Report-of-the-NSW-Bushfire-Inquiry.pdf | Section 2.1, Table 2-2 (Area burnt, homes destroyed and lives lost), report p.27 (PDF p.57) | ""2018-19 288,000 37 0""",,,,,,,,3660.9,,2015-16,0.3678,24997.0,0.06390210740992522,-1.5957446808510634,2.941176470588225,22.44897959183674,-0.7067137809187329,4.074677730034071,1.0526315789473717,8.037825059101667,12.280701754385959,370.0,424.0,14.0,,,,,,,,,,0.06803477163716584,459.6468199961115,36127.79042629498,62112.01685730105,0.027213907966445107,183.7305511806946,15011.075036234346,2016,,0.0,,2019Q1,0.5159620029851282,0.43317999906688653,0.43340358596756295,0.5852332079808172,0.4911533644754978,0.47989095543404275,35.10162270683519,2.231163563479943,10.726115558711369,0.36611993225320605,1.865043631226737,0.5162156125540246,0.4331788246022241,0.43346058740014737,0.5852236758283991,0.49112850493095356,0.523625755425011,35.099788491691264,2.2294984443108845,20.801237908540937,0.36611993225320605,1.8633785120576785,,,,,,98.5481933724761,,,,,,181575,182665,182694,181696,0.6162742668318844,1.478864241151534,False,,0.05757575757575758,0.2511520737327189,0.2185929648241206,0.5362694300518135,0.5954773869346733,0.06103286384976526,,0.15436391565423824,0.4501132606035358,0.06103286384976526,3,0.22183668003584645,1,1,1,Light,0.103386655021149,from composite Y
842,16400,Port Stephens,5,"Richardson Rd, Campvale; Seaside Bvd, Fern Bay; Pacific Hwy, Twelve Mile Creek; Fern Bay Access Trl, Fern Bay; Zenith Beach Loop Rd, Shoal Bay",2018-11-21,2019-01-31,2105.637931252069,0.02452877869888296,2008.459132362723,9.0,32.4863728678201,-1.633916091741449,38.1,16,49.6,400.9999999999994,0.7264756376716809,1.476590707631461,"Cleared, non-native vegetation, buildings",58.50875538369644,6.885969777813708,,,83.67429266979461,2207119695.0,980.0,1,5.53,78.08,5.433574806405209,10,173,0.9000000000000004,1.375286518024588,-0.2962965694877026,3.063411452266692,-0.6886550828201963,-5.861142435506551,-0.7334927039525869,-5.432494847905168,4.598828191075075,-1.497835117896032,3.14,-1.575,,1.605621373820772,-0.0899999999999998,0.8693837252655836,34.27000000000001,10.17063774342688,0.0,0.0,31090,819,,,,,,,,,,,,,,,,,,,,,,,,,,,,,,,,,,,,,,,,,,,,,,,,,,,,,0.0,statewide_zero,official,"Final Report of the NSW Bushfire Inquiry (31 July 2020) | https://www.nsw.gov.au/sites/default/files/noindex/2023-06/Final-Report-of-the-NSW-Bushfire-Inquiry.pdf | Section 2.1, Table 2-2 (Area burnt, homes destroyed and lives lost), report p.27 (PDF p.57) | ""2018-19 288,000 37 0""",,,,,,,,4326.3,,2015-16,0.3452,24997.0,0.04605126067930819,0.9049773755656076,1.4440433212996373,15.789473684210531,0.727272727272732,2.1193519170775943,8.37256908904811,0.0,10.128913443830578,581.0,637.0,16.0,,,,,,,,,,167.97748758081678,4786.558624752429,24004.592469696683,62112.01685730105,67.20192442631428,2201.0612972352415,12480.053792359067,2016,,0.0,,2018Q4,1.0840919635533042,1.2096744699844062,0.9866898684072717,1.108811079809754,1.2003023275720632,1.0662230180789516,-8.33806058384885,4.917698952407679,8.06060264914481,-25.114585559696366,30.032284512104045,1.0840919635533042,1.1536742478334057,0.9915042051484728,1.1078143556929103,1.2011992859327194,1.06785148020334,-3.9751162190384326,5.285167922369882,7.7001463693676,-25.121768123749888,30.40693604611977,,,,,,,,,,,,182873,181575,182665,183892,-0.1137401365975288,1.7204096266750346,True,,0.20303030303030303,0.42626728110599077,0.5804020100502513,0.09585492227979274,0.8417085427135679,0.22065727699530516,,0.3146487920681469,0.505988491681204,0.22065727699530516,3,0.3470981869148853,1,1,1,Light,0.2703635312484799,from composite Y
843,10180,Armidale Regional,2,Tingha Plateau; Georges Trail,2019-02-09,2019-09-18,6.668769414666684,8.539368894958602e-06,23528.85061644696,42.0,36.71622176487736,-2.250322238186869,33.0,11,37.9,0.9734662738271915,0.3989714626087584,7.571370312908916,Eucalypt Woodlands,26.28175141020522,0.0,14.0,0.0032310402640068,3.794253841946118,870968637.0,980.0,2,13.37,71.27,6.485202240929223,6,-126,-0.9000000000000004,0.2366463826910074,-1.434936704821284,5.501344602381867,1.749278067294979,-2.193648543754851,1.434012643519096,8.372312729178596,-9.20597938600869,-0.246780098616921,14.45,0.4650000000000007,,-2.562765134493841,-1.529999999999999,-8.483172401669819,-22.86,519.1442651057168,0.0,0.0,11862,847; 871,,,,,,,,,,,,,,,,,,,,,,,,,,,,,,,,,,,,,,,,,,,,,,,,,,,,,0.0,statewide_zero,official,"Final Report of the NSW Bushfire Inquiry (31 July 2020) | https://www.nsw.gov.au/sites/default/files/noindex/2023-06/Final-Report-of-the-NSW-Bushfire-Inquiry.pdf | Section 2.1, Table 2-2 (Area burnt, homes destroyed and lives lost), report p.27 (PDF p.57) | ""2018-19 288,000 37 0""",,,,,,,,1574.8,,2015-16,0.3107,2509.0,0.044286680189317106,-3.8167938931297662,-1.2820512820512775,-4.1666666666666625,0.6550218340611424,-3.1439296988311605,4.198250728862973,-42.713567839195974,-5.769230769230771,232.0,243.0,4.0,,,,,,,,,,0.009709981584247194,0.5966642509879286,16.47626031875513,2597.1751792547207,0.004993703310084587,0.36544344170457255,11.797688171039576,2016,,0.0,,2019Q1,0.2200983340153884,0.14064098613566897,0.13059150348766105,0.24514335728990957,0.17596080852338403,0.19370993867159544,74.30435040709445,-9.779601686957406,48.332727243543935,0.36611993225320605,-10.145721619210612,0.2200983340153884,0.1401483847046806,0.13059006897663997,0.24514335728990957,0.15149138156356726,0.19391530244958877,74.9170051488452,-9.779601686957406,48.49161499736743,0.36611993225320605,-10.145721619210612,,,,,,96.96397900370525,,,,,,181575,182665,182694,181696,0.6162742668318844,1.478864241151534,False,,0.7303030303030303,0.7442396313364056,0.535175879396985,0.9818652849740933,0.39949748743718594,0.5211267605633803,,0.737271330819718,0.6388462172694215,0.5211267605633803,3,0.6324147695508399,2,2,2,Moderate,0.6506980241938226,from composite Y
843,14220,Inverell,1,Tingha Plateau,2019-02-09,2019-03-05,23523.42042618214,0.0250122591438754,23528.85061644696,25.0,34.38893873236568,-2.250322238186869,33.0,16,25.0,4217.026533726174,0.4899733816702906,3.877191796798876,Eucalypt Woodlands,26.28175141020522,73.01925411699312,14.0,13.99676895973599,1.902760607387981,413736735.0,916.0,2,26.6,63.57,1.886499896630143,2,-115,-1.6,-1.823361823361823,-3.494944910874114,2.138955925314365,-1.613110609772522,-2.682313495389774,0.945347691884174,-1.276890551462987,0.4432238946328937,-0.1005641407080291,-1.760000000000002,-3.525000000000003,,-8.403681168141384,-3.67,1.620316182318081,-31.56,80.33993342007824,3.571428571428571,3.571428571428571,6765,,23528.0,,0.0,,,,,14.0,,,,,14.0,council_total,official,"Department of Home Affairs / AIDR Major Incidents Report 2018-19 | https://www.aidr.org.au/media/7087/aidr_major-incidents-report_web_2019-08-22.pdf | PDF p.38 (printed p.36), Bushfire, New South Wales, February 2019 (Tingha Plateau fire) | ""Despite firefighters’ efforts, the fire had destroyed 14 homes and more than 40 outbuildings.""",,,,,,,,,,,,,40.0,council_total,official,"Department of Home Affairs / AIDR Major Incidents Report 2018-19 | https://www.aidr.org.au/media/7087/aidr_major-incidents-report_web_2019-08-22.pdf | PDF p.38 (printed p.36), Tingha Plateau fire | ""Despite firefighters’ efforts, the fire had destroyed 14 homes and more than 40 outbuildings.""",,,,,,,,,,,,,,,,,,,,,0.0,council_total,official,"Department of Home Affairs / AIDR Major Incidents Report 2018-19 | https://www.aidr.org.au/media/7087/aidr_major-incidents-report_web_2019-08-22.pdf | PDF p.38 (printed p.36), Tingha Plateau fire | ""However, no lives were lost during the fire""",,,,,14.0,"council figure, see DL_homes_destroyed_sourced_source",2.069475240206947,965.2,,2015-16,0.3422,4042.0,0.02962962962962963,-15.384615384615385,-1.8018018018018056,-23.809523809523814,-1.0385756676557834,-4.557595993322206,-0.6451612903225823,-70.95808383233533,14.76510067114094,168.0,136.0,3.0,,,,,,,,,,449.4591059084932,1063.9815119888701,1946.1608802071137,2597.1751792547207,185.66252322433348,449.03501538980186,808.1348336141773,2016,,0.0,,2019Q1,0.18730011258585436,0.12087069026896317,0.12306988279439174,0.20978968951966506,0.12159658515159379,0.17137264242437297,73.56539377150743,-13.110194012201271,39.248237288629625,0.36611993225320605,-13.476313944454477,0.18730011258585436,0.1208712854595088,0.10363673641422079,0.20978968951966506,0.12159658515159379,0.17048039231111264,73.56453910630695,-13.110194012201271,64.49803246382402,0.36611993225320605,-13.476313944454477,,,,,,98.08384615384615,,,,,,181575,182665,182694,181696,0.6162742668318844,1.478864241151534,False,0.7888888888888889,0.9090909090909091,0.9585253456221198,0.8944723618090452,0.46632124352331605,0.2663316582914573,0.45539906103286387,0.7888888888888889,0.9338081273565144,0.5423750878746062,0.45539906103286387,4,0.6801177912882184,3,3,3,Severe,0.7142874041619541,from composite Y
843,17400,Tenterfield,1,Wallangarra,2019-02-12,2019-03-04,33517.68262254976,0.0457622566985581,42113.42395260621,21.0,31.35452727520545,-2.150034986964631,31.7,17,24.1,4481.660552226306,0.504008940612221,7.589597376341005,Eucalypt Open Forests,62.77483485822847,84.30810669831266,,,0.923909909185677,118606044.0,910.0,2,15.08,52.87,3.435464636271902,9,-62,-2.399999999999999,-0.906344410876133,-2.577927498388424,3.84497431572491,0.092907780638022,-1.921087631151174,1.706573556122773,1.105538913356469,-1.939205570186562,0.6873460306166446,-6.850000000000001,-6.385000000000001,,-4.034887103786537,-2.6,-2.844142686047896,17.21000000000001,1450.665826506519,-4.166666666666666,-4.166666666666666,3322,,,,,,,,,,,,,,18.0,fire_in_council,official,"Department of Home Affairs / AIDR Major Incidents Report 2018-19 | https://www.aidr.org.au/media/7087/aidr_major-incidents-report_web_2019-08-22.pdf | PDF p.40 (printed p.38), Bruxner Highway fire, New South Wales, February 2019 | ""Eighteen houses and more than 50 outbuildings had been destroyed, a further 18 homes and 20 outbuildings had been damaged""",18.0,fire_in_council,official,"Department of Home Affairs / AIDR Major Incidents Report 2018-19 | https://www.aidr.org.au/media/7087/aidr_major-incidents-report_web_2019-08-22.pdf | PDF p.40 (printed p.38), Bruxner Highway fire | ""Eighteen houses and more than 50 outbuildings had been destroyed, a further 18 homes and 20 outbuildings had been damaged""",,,,,,,,,50.0,fire_in_council,official,"Department of Home Affairs / AIDR Major Incidents Report 2018-19 | https://www.aidr.org.au/media/7087/aidr_major-incidents-report_web_2019-08-22.pdf | PDF p.40 (printed p.38), Bruxner Highway fire | ""Eighteen houses and more than 50 outbuildings had been destroyed, a further 18 homes and 20 outbuildings had been damaged""",20.0,fire_in_council,official,"Department of Home Affairs / AIDR Major Incidents Report 2018-19 | https://www.aidr.org.au/media/7087/aidr_major-incidents-report_web_2019-08-22.pdf | PDF p.40 (printed p.38), Bruxner Highway fire | ""Eighteen houses and more than 50 outbuildings had been destroyed, a further 18 homes and 20 outbuildings had been damaged""",,,,,,,,,,,,,,,,,0.0,council_total,official,"NSW RFS Bush Fire Bulletin Vol 41 No 1 (2019), ""Lightning, fires and storms"" | https://www.rfs.nsw.gov.au/__data/assets/pdf_file/0009/131499/Bush-Fire-Bulletin-Vol41-No1.pdf | Incidents, p.5 (PDF p.7) | ""Above all, there was no loss of life.""",,,,,18.0,"one fire in the council (lower bound), see DL_homes_destroyed_sourced_source",5.418422636965683,369.3,,2015-16,0.2424,779.0,0.041289023162134945,-4.878048780487809,3.7735849056603765,0.0,-0.7648183556405397,-8.570811744386875,-15.918367346938778,-104.76190476190477,10.000000000000009,85.0,78.0,,,,,,,,,,,86.55838657156477,148.08344386007147,634.1642015043454,2597.1751792547207,46.58455605419696,79.96936326054801,340.89992468820986,2016,,0.0,,2019Q1,0.19770476408399773,0.13414325600895538,0.12754103809694198,0.21035382880965212,0.15439866141919759,0.16901602273513272,56.81282463846631,-11.273089902082544,32.51893293095689,0.36611993225320605,-11.63920983433575,0.196834739837264,0.13376975614564696,0.11119034161128549,0.21035382880965212,0.12372419740565001,0.1688867236497004,57.250663281931466,-11.263972353576456,51.88974258224501,0.36611993225320605,-11.630092285829662,,,,,,98.08384615384615,,,,,,181575,182665,182694,181696,0.6162742668318844,1.478864241151534,False,0.8555555555555555,0.8151515151515152,0.923963133640553,0.9422110552763819,0.6761658031088082,0.7613065326633166,0.5610328638497653,0.8555555555555555,0.8695573243960342,0.7932277970161689,0.5610328638497653,4,0.7698433852043809,4,4,4,Extreme,0.8338939757500683,from composite Y
847,10180,Armidale Regional,3,"Melrose; Wongwibinda Rd, Wollomombi; Tingha Plateau",2018-12-01,2019-03-05,3416.527654774827,0.004374868610659235,23528.85061644696,25.0,34.38893873236568,-2.250322238186869,33.0,16,25.0,517.9734662738274,0.5163212636168539,22.39597847020901,Eucalypt Open Forests,48.26414515324715,1.028428199040411,14.0,0.0032310402640068,3.779912225723312,870968637.0,980.0,2,13.37,71.27,6.485202240929223,4,137,1.3,0.2366463826910074,-1.434936704821284,5.501344602381867,1.749278067294979,-1.388935939564348,3.738713791989616,8.372312729178596,-9.20597938600869,-0.246780098616921,14.45,0.4650000000000007,,-2.562765134493841,-1.529999999999999,-8.483172401669819,-22.86,519.1442651057168,3.448275862068965,3.448275862068965,11862,843,,,,,,,,,,,,,,,,,,,,,,,,,,,,,,,,,,,,,,,,,,,,,,,,,,,,,0.0,statewide_zero,official,"Final Report of the NSW Bushfire Inquiry (31 July 2020) | https://www.nsw.gov.au/sites/default/files/noindex/2023-06/Final-Report-of-the-NSW-Bushfire-Inquiry.pdf | Section 2.1, Table 2-2 (Area burnt, homes destroyed and lives lost), report p.27 (PDF p.57) | ""2018-19 288,000 37 0""",,,,,,,,1574.8,,2015-16,0.3107,2509.0,0.044286680189317106,-3.8167938931297662,-1.2820512820512775,-4.1666666666666625,0.6550218340611424,-3.1439296988311605,4.198250728862973,-42.713567839195974,-5.769230769230771,232.0,243.0,4.0,,,,,,,,,,5.388887335805271,10.304689597087533,58.41699471414477,2008.6885083534858,2.310355426547666,4.50561812370337,25.694765133637443,2016,,0.0,,2018Q4,0.17728413497127227,0.16696419427993445,0.14064098613566897,0.13059150348766105,0.24514335728990957,0.23488860474114506,-21.784725131719227,-40.66674603791839,67.012910812898,-25.114585559696366,-15.55216047822202,0.17728413497127227,0.16588736871211382,0.1401483847046806,0.13059006897663997,0.24514335728990957,0.18427833706478333,-21.277870647722374,-40.667397797063906,31.4880206811466,-25.121768123749888,-15.545629673314018,,,,,,,,,,,,182873,181575,182665,183892,-0.1137401365975288,1.7204096266750346,True,,0.7303030303030303,0.7442396313364056,0.535175879396985,0.9818652849740933,0.39949748743718594,0.7746478873239436,,0.737271330819718,0.6388462172694215,0.7746478873239436,3,0.7169218118043611,3,3,3,Severe,0.7633481294518595,from composite Y
851,13010,Glen Innes Severn,7,"Mt Sugarloaf; Ten Mile Rd, Deepwater; Barool Creek Fire; Highland Creek; Black Mountain; Kookabookra, Warra; Torrington Complex",2018-12-25,2019-03-30,4828.904669587147,0.008811906819293336,4035.686311895029,14.0,21.91374969875389,-1.947028699173188,32.7,21,24.5,170.0027614605996,0.1535435540895511,19.09386487577655,Eucalypt Open Forests,67.34201456626349,0.0,,,1.631576190921969,192750778.0,915.0,2,9.77,62.76,7.750853413689936,3,-67,-2.0,0.6439742410303588,-1.027608846481932,-0.0740466493891151,-3.826113184476003,-9.283077955485965,-5.655416768212016,-2.381525337387867,1.547858680557773,0.8022548314919211,-4.890000000000001,-1.634999999999999,,-12.67298561645985,2.800000000000001,1.280795590812577,-24.61000000000002,212.276954135197,1.304347826086956,1.304347826086956,4032,,,,,,,,,,,,,,,,,,,,,,,,,,,,,,,,,,,,,,,,,,,,,,,,,,,,,,0.0,statewide_zero,official,"Final Report of the NSW Bushfire Inquiry (31 July 2020) | https://www.nsw.gov.au/sites/default/files/noindex/2023-06/Final-Report-of-the-NSW-Bushfire-Inquiry.pdf | Section 2.1, Table 2-2 (Area burnt, homes destroyed and lives lost), report p.27 (PDF p.57) | ""2018-19 288,000 37 0""",,,,,,,,479.9,,2015-16,0.2973,779.0,0.040478380864765406,-2.2727272727272707,5.660377358490565,-54.54545454545454,1.6917293233082775,-7.096171802054152,-12.237093690248567,-73.02904564315354,-34.95145631067961,62.0,81.0,3.0,,,,,,,,,,1.7501333741080598,12.367441071243045,92.42352222956043,130.73481527786308,1.4790539302511534,10.097881347473793,71.1664028242706,2016,,0.0,,2018Q4,0.1771956739623402,0.15960205439888897,0.1277077876972573,0.11672108651321521,0.22305726532299786,0.19615455263580014,-26.867428522256088,-45.21335622596112,53.596390770468915,-25.114585559696366,-20.098770666264755,0.1771956739623402,0.15806673023776915,0.12772036464330375,0.11670789567360829,0.22305726532299786,0.16412029412687676,-26.16542678016276,-45.21954775357806,28.49970682845324,-25.121768123749888,-20.097779629828175,,,,,,,,,,,,182873,181575,182665,183892,-0.1137401365975288,1.7204096266750346,True,,0.9666666666666667,0.6797235023041475,0.3743718592964824,0.33419689119170987,0.3592964824120603,0.03286384976525822,,0.823195084485407,0.35595507763341755,0.03286384976525822,3,0.4040046706280276,1,1,1,Light,0.34622136758025757,from composite Y
853,11400,Cabonne,4,"Curembenya; Fabe Kerin FT, Goobang NP; Kadina Goobang NP Baldry; Ophir Rd, Ophir",2019-01-03,2019-03-17,234.254977584735,0.0003889760527763181,2623.018359958573,19.0,35.68815827704605,-0.5640214529235825,38.0,16,27.9,15.85291344519709,0.8012108980827447,5.615308688331026,Eucalypt Woodlands,40.13578689266075,0.0,,,2.279675029161376,452230931.0,1010.0,2,24.29,57.24,0.9514398644833428,5,-14,-4.440892098500626e-16,1.621017328116266,-0.0505657593960249,3.309449903143744,-0.4426166319431437,-1.893801442202637,1.733859745071311,-1.402071941499912,0.5684052846698187,0.0724509204995922,0.1200000000000001,-2.884999999999999,,-9.195006283497383,-4.309999999999997,-2.183515347633215,-69.44999999999999,190.8732162518405,14.28571428571428,14.28571428571428,5384,,,,,,,,,,,,,,0.0,fire_in_council,official,"Joint media release (Senator Linda Reynolds and David Elliott MP): Bushfire assistance for communities across Northern and Central West New South Wales | https://minister.homeaffairs.gov.au/lindareynolds/Pages/bushfire-assistance-northern-central-west-nsw.aspx | Media release body (quote of Minister Reynolds) | ""Thankfully there were no properties destroyed""",,,,,,,,,,,,,,,,,,,,,,,,,,,,,,,,,,,,,0.0,statewide_zero,official,"Final Report of the NSW Bushfire Inquiry (31 July 2020) | https://www.nsw.gov.au/sites/default/files/noindex/2023-06/Final-Report-of-the-NSW-Bushfire-Inquiry.pdf | Section 2.1, Table 2-2 (Area burnt, homes destroyed and lives lost), report p.27 (PDF p.57) | ""2018-19 288,000 37 0""",,,,,0.0,"one fire in the council (lower bound), see DL_homes_destroyed_sourced_source",0.0,782.3,,2015-16,0.3668,4339.0,0.030743432084963666,0.0,10.000000000000009,9.090909090909083,0.5773672055427337,-5.9287859287859295,-4.278074866310155,-59.276018099547514,-1.8181818181818188,161.0,181.0,,,,,,,,,,,1.0676441635825409,11.658501351225205,299.192704398489,376.654712455086,0.5535249647666941,5.4703508736849145,118.74114666078856,2016,,0.0,,2019Q1,0.22230324199461873,0.14528605369795536,0.11141461131596037,0.25225592279994324,0.13767031496738535,0.1890950663643868,73.6270731975242,0.2801104491637618,69.72196387072846,0.36611993225320605,-0.08600948308944423,0.20974496373640186,0.14528681501988902,0.111389013326609,0.25225592279994324,0.13767031496738535,0.1890950663643868,73.62616336892698,0.2801104491637618,69.76096718796872,0.36611993225320605,-0.08600948308944423,,,,,,98.17865108174821,,,,,,181575,182665,182694,181696,0.6162742668318844,1.478864241151534,False,0.21666666666666667,0.9393939393939394,0.3870967741935484,0.8894472361809045,0.45595854922279794,0.1507537688442211,0.568075117370892,0.21666666666666667,0.663245356793744,0.4987198514159745,0.568075117370892,4,0.48667674806181926,2,2,2,Moderate,0.4564254165739277,from composite Y
853,16200,Parkes,1,Curembenya,2019-01-05,2019-01-23,2423.226233468171,0.0040674443753682,2623.018359958573,19.0,35.68815827704605,0.055254993586895,38.0,16,27.6,180.1470865548026,0.8012108980827447,5.983075845941034,Eucalypt Woodlands,40.13578689266075,0.0,,,2.490258809496158,412221135.0,940.0,2,10.86,59.86,3.640881836627682,4,-10,-0.1000000000000005,0.0,-1.671583087512291,1.787749287749288,-1.9643172473376,-9.436505796710705,-5.808844609436756,0.991207471501138,-1.824874128331231,0.0393568815594438,9.77,-4.135,,-8.506506622905507,-3.689999999999999,-5.688694760027554,-52.75,360.3324276149428,8.846153846153847,8.846153846153847,6189,,,,,,,,,,,,,,0.0,council_total,official,"Joint media release (Senator Linda Reynolds and David Elliott MP): Bushfire assistance for communities across Northern and Central West New South Wales | https://minister.homeaffairs.gov.au/lindareynolds/Pages/bushfire-assistance-northern-central-west-nsw.aspx | Media release body (quote of Minister Reynolds) | ""Thankfully there were no properties destroyed""",,,,,,,,,,,,,,,,,,,,,,,,,,,,,,,,,,,,,0.0,statewide_zero,official,"Final Report of the NSW Bushfire Inquiry (31 July 2020) | https://www.nsw.gov.au/sites/default/files/noindex/2023-06/Final-Report-of-the-NSW-Bushfire-Inquiry.pdf | Section 2.1, Table 2-2 (Area burnt, homes destroyed and lives lost), report p.27 (PDF p.57) | ""2018-19 288,000 37 0""",,,,,0.0,"council figure, see DL_homes_destroyed_sourced_source",0.0,817.8,,2015-16,0.3466,1892.0,0.04496951219512195,-1.6949152542372836,-9.876543209876543,36.36363636363635,-0.40000000000000036,-5.045994462802539,-0.3826530612244916,-91.3907284768212,-19.999999999999996,116.0,113.0,6.0,,,,,,,,,,3.3279845930895364,12.43716466327325,77.46200805659697,376.654712455086,1.2533968468478842,4.695520097723212,31.238144270103152,2016,,0.0,,2019Q1,0.23276589961568883,0.17049172894832018,0.13233132732783526,0.2662092117070087,0.1592050483899333,0.21344865486301826,56.14200955619528,-0.6410420562907526,61.2986578259163,0.36611993225320605,-1.0071619885439587,0.23275277727825658,0.17049172894832018,0.13182093246677265,0.2662092117070087,0.1592050483899333,0.21344865486301826,56.14200955619528,-0.6410420562907526,61.92318690874154,0.36611993225320605,-1.0071619885439587,,,,,,98.17846153846153,,,,,,181575,182665,182694,181696,0.6162742668318844,1.478864241151534,False,0.21666666666666667,0.9151515151515152,0.815668202764977,0.914572864321608,0.6683937823834197,0.18592964824120603,0.028169014084507043,0.21666666666666667,0.8654098589582461,0.5896320983154112,0.028169014084507043,4,0.42496940950620776,1,1,1,Light,0.3741679147360462,from composite Y
855,17310,Tamworth Regional,2,"Halls Creek Rd, Halls Creek; Pretty Gully Warrabah",2019-01-03,2019-01-12,2618.295692423791,0.0026489304405218,2448.079758226359,10.0,27.61952988790648,-1.26616768191837,34.8,19,23.3,256.9999999999998,0.282657251555384,10.46061927881106,Eucalypt Open Forests,52.43067699879575,0.0,,,6.324239513764713,1893704809.0,962.0,2,17.16,77.1,7.295433337221509,4,-352,-1.2,0.1592920353982301,-1.512291052114061,3.136241007194244,-0.6158255278926434,-5.519028650957432,-1.891367463683484,-0.3656929999814196,-0.4679736568486738,0.0507650087054436,2.329999999999999,-0.655000000000002,,-2.274222583593409,-1.929999999999999,2.455945629116869,-7.010000000000002,276.7484328750854,3.225806451612903,3.225806451612903,24329,862,,,,,,,,,,,,,,,,,,,,,,,,,,,,,,,,,,,,,,,,,,,,,,,,,,,,,0.0,statewide_zero,official,"Final Report of the NSW Bushfire Inquiry (31 July 2020) | https://www.nsw.gov.au/sites/default/files/noindex/2023-06/Final-Report-of-the-NSW-Bushfire-Inquiry.pdf | Section 2.1, Table 2-2 (Area burnt, homes destroyed and lives lost), report p.27 (PDF p.57) | ""2018-19 288,000 37 0""",,,,,,,,3404.2,,2015-16,0.3307,5395.0,0.03911504424778761,-3.6199095022624417,-3.886925795053009,15.217391304347828,-2.422145328719727,-0.7220435653176427,-3.025086079685191,-49.31650893796004,-2.4955436720142554,526.0,549.0,12.0,,,,,,,,,,4.150927489904795,13.032252719396617,90.6513270476156,90.6513270476156,2.269114070459386,7.187393021218194,55.22715240888529,2016,,0.0,,2019Q1,0.24541338447250868,0.1711945597553793,0.16014854399055653,0.27495595786877275,0.18159971947511813,0.22162585282362035,60.610219309339364,-6.771216610085418,38.387678901838115,0.36611993225320605,-7.137336542338623,0.23682289419933703,0.17087705924508398,0.15931943043207894,0.27495595786877275,0.18159971947511813,0.22065152639967647,60.90864337407132,-6.771216610085418,38.496306320743855,0.36611993225320605,-7.137336542338623,,,,,,98.55130285880452,,,,,,181575,182665,182694,181696,0.6162742668318844,1.478864241151534,False,,0.696969696969697,0.7695852534562212,0.6834170854271356,0.5492227979274611,0.5376884422110553,0.12910798122065728,,0.7332774752129592,0.5901094418552174,0.12910798122065728,3,0.48416496609627796,1,1,1,Light,0.45307714529075344,from composite Y
860,17080,Snowy Valleys,14,"Possum Point; KNP5 Complex; Little Talbingo Mountain; West Blowering Rd, Jones Bridge; Pine, Blowering; Mt Garland FIre; Blue Creek Fire  Blue Creek Fire; Tyrells Ridge",2019-01-17,2019-03-15,8340.083974860485,0.00930924997485504,6581.57818590758,31.0,38.27430056143641,-0.7784830321431607,39.9,14,33.8,1800.000000000001,0.4479429751513016,15.84584429748939,Eucalypt Open Forests,72.70670385849691,19.90447826825476,,,1.646515152521428,447565577.0,951.0,2,11.3,66.81,4.03185118564503,3,-168,-2.2,2.423469387755102,0.7518863002428111,3.650786178325958,-0.1012803567609301,-5.287777099857637,-1.660115912583689,1.820566348044473,-2.654233004874566,-0.6294700958829464,1.66,-1.455000000000001,,-5.246805880847646,2.76,-12.30606145098632,7.820000000000007,686.1567734771343,-1.96078431372549,-1.96078431372549,6424,,,,,,,,,,,,,,,,,,,,,,,,,,,,,,,,,,,,,,,,,,,,,,,,,,,,,,0.0,statewide_zero,official,"Final Report of the NSW Bushfire Inquiry (31 July 2020) | https://www.nsw.gov.au/sites/default/files/noindex/2023-06/Final-Report-of-the-NSW-Bushfire-Inquiry.pdf | Section 2.1, Table 2-2 (Area burnt, homes destroyed and lives lost), report p.27 (PDF p.57) | ""2018-19 288,000 37 0""",,,,,,,,865.8,,2015-16,0.3179,1011.0,0.04400510204081633,-1.449275362318836,-5.813953488372093,-46.15384615384615,-0.30211480362537513,-4.012967668448264,6.536856745479835,-35.93314763231198,-16.778523489932883,124.0,164.0,7.0,,,,,,,,,,2.717706779256143,37.03567927476625,940.7449725910525,940.9293518734672,1.0110452493691036,15.87874454293692,589.7241550481035,2016,,0.0,,2019Q1,0.21494204364824476,0.14075366685039087,0.12256887987125299,0.27048186807408364,0.16027785353090143,0.21936241507765245,92.16683595290117,-0.9138940860676237,78.97072675223262,0.36611993225320605,-1.2800140183208297,0.21494305407428257,0.14075366685039087,0.12274772998976274,0.27048186807408364,0.16027785353090143,0.19562929311437807,92.16683595290117,-0.9138866655666433,59.37508019960427,0.36611993225320605,-1.2800065978198494,,,,,,97.05461538461539,,,,,,181575,182665,182694,181696,0.6162742668318844,1.478864241151534,False,,0.8424242424242424,0.22580645161290322,0.35175879396984927,0.7202072538860104,0.6984924623115578,0.15492957746478872,,0.5341153470185728,0.5901528367224725,0.15492957746478872,3,0.42639925373527804,1,1,1,Light,0.3760739346204501,from composite Y
862,17310,Tamworth Regional,2,"Pretty Gully Warrabah; Crawney Rd, Nundle",2019-01-16,2019-02-25,185.0545087609389,0.0001872196951745903,170.2159341974348,8.0,27.61952988790648,-1.880203219418161,34.8,22,26.7,3.0,0.3647911978229769,8.43592960311695,Callitris Forests and Woodlands,22.0229799851742,0.0,,,6.324239513764713,1893704809.0,962.0,2,17.16,77.1,7.295433337221509,5,-352,-1.2,0.1592920353982301,-1.512291052114061,3.136241007194244,-0.6158255278926434,-5.519028650957432,-1.891367463683484,-0.3656929999814196,-0.4679736568486738,0.0507650087054436,2.329999999999999,-0.655000000000002,,-2.274222583593409,-1.929999999999999,2.455945629116869,-7.010000000000002,276.7484328750854,3.225806451612903,3.225806451612903,24329,855,,,,,,,,,,,,,,,,,,,,,,,,,,,,,,,,,,,,,,,,,,,,,,,,,,,,,0.0,statewide_zero,official,"Final Report of the NSW Bushfire Inquiry (31 July 2020) | https://www.nsw.gov.au/sites/default/files/noindex/2023-06/Final-Report-of-the-NSW-Bushfire-Inquiry.pdf | Section 2.1, Table 2-2 (Area burnt, homes destroyed and lives lost), report p.27 (PDF p.57) | ""2018-19 288,000 37 0""",,,,,,,,3404.2,,2015-16,0.3307,5395.0,0.03911504424778761,-3.6199095022624417,-3.886925795053009,15.217391304347828,-2.422145328719727,-0.7220435653176427,-3.025086079685191,-49.31650893796004,-2.4955436720142554,526.0,549.0,12.0,,,,,,,,,,0.02917827307939174,0.6238389629352595,6.835603465267298,90.51062443332748,0.011829036290903396,0.2529077024066636,2.718042413033273,2016,,0.0,,2019Q1,0.24541338447250868,0.1711945597553793,0.16014854399055653,0.27495595786877275,0.18159971947511813,0.22162585282362035,60.610219309339364,-6.771216610085418,38.387678901838115,0.36611993225320605,-7.137336542338623,0.23682289419933703,0.17087705924508398,0.15931943043207894,0.27495595786877275,0.18159971947511813,0.22065152639967647,60.90864337407132,-6.771216610085418,38.496306320743855,0.36611993225320605,-7.137336542338623,,,,,,98.55130285880452,,,,,,181575,182665,182694,181696,0.6162742668318844,1.478864241151534,False,,0.696969696969697,0.7695852534562212,0.6834170854271356,0.5492227979274611,0.5376884422110553,0.12910798122065728,,0.7332774752129592,0.5901094418552174,0.12910798122065728,3,0.48416496609627796,1,1,1,Light,0.45307714529075344,from composite Y
862,17620,Upper Hunter Shire,3,"Crawney Rd, Nundle; Donald's Gully; Dry Creek Rd, Scone",2019-02-18,2019-02-25,24.50469525044724,3.026732481957707e-05,38.01789971810686,8.0,36.48271793927332,-1.880203219418161,36.7,19,29.3,0.0,0.0297349709114414,25.24455550091169,"Cleared, non-native vegetation, buildings",54.44413407821229,0.0,,,1.766037919865233,500624983.0,976.0,2,10.34,68.8,3.706706581846909,11,-21,0.0,1.492537313432836,-0.1790457740794553,3.597122302158273,-0.1549442329286146,-3.846691845013289,-0.2190306577393408,1.323406298221279,-2.157072955051373,0.6266424948073208,-21.38,1.025,,-8.563969303906129,-3.209999999999999,-1.155917644337947,-80.4,910.456631545888,0.0,0.0,6029,,,,,,,,,,,,,,,,,,,,,,,,,,,,,,,,,,,,,,,,,,,,,,,,,,,,,,0.0,statewide_zero,official,"Final Report of the NSW Bushfire Inquiry (31 July 2020) | https://www.nsw.gov.au/sites/default/files/noindex/2023-06/Final-Report-of-the-NSW-Bushfire-Inquiry.pdf | Section 2.1, Table 2-2 (Area burnt, homes destroyed and lives lost), report p.27 (PDF p.57) | ""2018-19 288,000 37 0""",,,,,,,,817.5,,2015-16,0.3631,24997.0,0.036417910447761194,-6.5573770491803245,-1.449275362318836,15.789473684210531,-0.2583979328165342,-6.205717077937944,10.216718266253878,-130.37037037037038,6.0975609756097615,168.0,178.0,5.0,,,,,,,,,,5.4235684244750225e-08,1.9000767840403603,70.79369451296347,90.51062443332748,0.0085919989500245,1.4039181720581244,48.423153008551814,2016,,0.0,,2019Q1,0.20933444260586112,0.12458854126641665,0.1139680933690842,0.24369915754543825,0.14763450537220157,0.17527410616622321,95.60318715371969,-1.5320868684656541,53.79225973237991,0.36611993225320605,-1.8982068007188602,0.2054064083989667,0.12458854126641665,0.11397151972903503,0.24369915754543825,0.14688593224977295,0.17418975891570432,95.60318715371969,-1.5320868684656541,52.836216740670764,0.36611993225320605,-1.8982068007188602,,,,,,98.58113000557452,,,,,,181575,182665,182694,181696,0.6162742668318844,1.478864241151534,False,,0.9212121212121213,0.41013824884792627,0.6381909547738693,0.689119170984456,0.09045226130653267,0.3004694835680751,,0.6656751850300238,0.47258746235495264,0.3004694835680751,3,0.4795773769843505,1,1,1,Light,0.44696176860073894,from composite Y
864,17400,Tenterfield,5,"Catarrh Creek Rd, Torrington; Ten Mile Rd, Deepwater; Silent Grove Rd, Torrington; Captains Creek; Tooloom Plantation Road",2019-03-09,2019-08-17,6689.224584885912,0.009132911007454543,5331.91555493093,15.0,24.03133652801538,-1.972279105976915,29.6,20,30.5,1268.997238539399,0.4274996922220001,8.2935961872006,Eucalypt Open Forests,50.55814474568676,5.598290563197946,,,0.923909909185677,118606044.0,910.0,2,15.08,52.87,3.435464636271902,9,-62,-2.399999999999999,-0.906344410876133,-2.577927498388424,3.84497431572491,0.092907780638022,-1.921087631151174,1.706573556122773,1.105538913356469,-1.939205570186562,0.6873460306166446,-6.850000000000001,-6.385000000000001,,-4.034887103786537,-2.6,-2.844142686047896,17.21000000000001,1450.665826506519,-4.166666666666666,-4.166666666666666,3322,,,,,,,,,,,,,,,,,,,,,,,,,,,,,,,,,,,,,,,,,,,,,,,,,,,,,,0.0,statewide_zero,official,"Final Report of the NSW Bushfire Inquiry (31 July 2020) | https://www.nsw.gov.au/sites/default/files/noindex/2023-06/Final-Report-of-the-NSW-Bushfire-Inquiry.pdf | Section 2.1, Table 2-2 (Area burnt, homes destroyed and lives lost), report p.27 (PDF p.57) | ""2018-19 288,000 37 0""",,,,,,,,369.3,,2015-16,0.2424,779.0,0.041289023162134945,-4.878048780487809,3.7735849056603765,0.0,-0.7648183556405397,-8.570811744386875,-15.918367346938778,-104.76190476190477,10.000000000000009,85.0,78.0,,,,,,,,,,,23.36377870985954,58.49777816446639,210.00845246574318,219.10252882354078,13.213973860539976,35.468683283635414,133.91055690208123,2016,,0.0,,2019Q1,0.19770476408399773,0.13414325600895538,0.12754103809694198,0.21035382880965212,0.15439866141919759,0.16901602273513272,56.81282463846631,-11.273089902082544,32.51893293095689,0.36611993225320605,-11.63920983433575,0.196834739837264,0.13376975614564696,0.11119034161128549,0.21035382880965212,0.12372419740565001,0.1688867236497004,57.250663281931466,-11.263972353576456,51.88974258224501,0.36611993225320605,-11.630092285829662,,,,,,98.08384615384615,,,,,,181575,182665,182694,181696,0.6162742668318844,1.478864241151534,False,,0.8151515151515152,0.923963133640553,0.9422110552763819,0.6761658031088082,0.7613065326633166,0.5610328638497653,,0.8695573243960342,0.7932277970161689,0.5610328638497653,3,0.7412726617539894,3,3,3,Severe,0.7958084515362476,from composite Y
866,15900,Newcastle,3,"Ash Island; Ramsar Rd, Kooragang; Reservoir Rd Minmi",2019-01-04,2019-02-20,104.7286493462795,0.005608695617164045,101.8055716736585,7.0,33.96952279079223,-0.8209839175260367,41.6,23,27.6,5.000000000000001,0.8600207684319834,1.427621753577746,"Cleared, non-native vegetation, buildings",8.287362954414311,0.0,,,882.2040910320229,6365327211.0,997.0,0,5.27,86.47,2.364703401743042,3,-593,-0.7000000000000002,4.004465947152959,2.332882859640669,3.507796206177376,-0.2442703289095114,-4.662174467310144,-1.034513280036196,-1.908555758158059,1.074889101327965,-0.1868443602930383,5.539999999999999,0.5049999999999999,,2.502442291326443,0.3000000000000007,-2.919813488744907,-34.93000000000001,-117.2936052371219,-2.439024390243902,-2.439024390243902,66471,,,,,,,,,,,,,,,,,,,,,,,,,,,,,,,,,,,,,,,,,,,,,,,,,,,,,,0.0,statewide_zero,official,"Final Report of the NSW Bushfire Inquiry (31 July 2020) | https://www.nsw.gov.au/sites/default/files/noindex/2023-06/Final-Report-of-the-NSW-Bushfire-Inquiry.pdf | Section 2.1, Table 2-2 (Area burnt, homes destroyed and lives lost), report p.27 (PDF p.57) | ""2018-19 288,000 37 0""",,,,,,,,9711.5,,2015-16,0.4265,,0.05210271678451805,1.0000000000000009,3.6908881199538612,4.90196078431373,8.800000000000008,3.155734859646553,2.5854108956602007,4.622571920334395,2.5851197982345475,1593.0,2058.0,42.0,,,,,,,,,,0.0164811742457328,311.16025592941145,61977.068668284555,82632.79975549284,0.0,103.25996802492764,25693.447807136778,2016,,0.0,,2019Q1,9.909181228733372,9.922233014758737,10.353999990639563,10.971236266345267,10.291834955549163,9.168229764777093,10.572249714617655,-5.170949361836286,-11.452291162202577,0.36611993225320605,-5.537069294089491,9.92401831925428,9.922233014758737,10.41125199627234,10.971236266345267,10.291834955549163,9.168229764777093,10.572249714617655,-5.170949361836286,-11.939219528451517,0.36611993225320605,-5.537069294089491,,,,,,97.79429531087692,,,,,,181575,182665,182694,181696,0.6162742668318844,1.478864241151534,False,,0.13333333333333333,0.05069124423963134,0.39195979899497485,0.39378238341968913,0.24623115577889448,0.19718309859154928,,0.09201228878648234,0.34399111273118615,0.19718309859154928,3,0.21106216670307257,1,1,1,Light,0.08902394596549601,from composite Y
867,15650,Muswellbrook,1,Monundilla Range,2019-02-04,2019-02-12,49.15430357091219,0.0001443641020583,49.15430357091221,9.0,29.01757792321844,-1.253454644449532,30.8,16,28.0,1.999999999999999,0.2280832095096582,17.3222604154425,Mallee Woodlands and Shrublands,79.95157384987894,0.0,,,4.851853841368638,598707222.0,930.0,2,7.7,65.83,16.07811197083406,8,-25,-0.1000000000000005,-0.878048780487805,-2.549631868000096,3.794651648221811,0.0425851131349235,-9.20096852300242,-5.573307335728474,4.80637871392236,-5.640045370752453,-3.501801775987072,4.170000000000001,-2.215000000000001,,0.783600371157791,0.910000000000001,0.5919012390796823,5.790000000000006,-171.3520583340217,6.060606060606061,6.060606060606061,6831,,,,,,,,,,,,,,,,,,,,,,,,,,,,,,,,,,,,,,,,,,,,,,,,,,,,,,0.0,statewide_zero,official,"Final Report of the NSW Bushfire Inquiry (31 July 2020) | https://www.nsw.gov.au/sites/default/files/noindex/2023-06/Final-Report-of-the-NSW-Bushfire-Inquiry.pdf | Section 2.1, Table 2-2 (Area burnt, homes destroyed and lives lost), report p.27 (PDF p.57) | ""2018-19 288,000 37 0""",,,,,,,,941.1,,2015-16,0.3222,24997.0,0.04390243902439024,6.666666666666665,-1.8181818181818188,-18.75,-1.7006802721088454,-0.9577015163607316,-1.2318029115341522,-87.14285714285714,-5.555555555555558,115.0,114.0,4.0,,,,,,,,,,0.0,0.0,5.44428262056107,61.09941142824311,0.0,0.0,1.9995142513551882,2016,,0.0,,2019Q1,0.4475568556686797,0.3430573053893094,0.35281733561993606,0.5008845168202098,0.40380732036646955,0.453340069247953,46.00607797924445,4.256729741612264,28.49143833915877,0.36611993225320605,3.890609809359058,0.44763800317033464,0.3431075404051902,0.35270064585426275,0.5008845168202098,0.4038128192426565,0.4915252956248189,45.98470095664295,4.256729741612264,39.36047506641624,0.36611993225320605,3.890609809359058,,,,,,98.58076923076922,,,,,,181575,182665,182694,181696,0.6162742668318844,1.478864241151534,False,,0.2787878787878788,0.9124423963133641,0.5628140703517588,0.9119170984455959,0.6884422110552764,0.03755868544600939,,0.5956151375506215,0.7210577932842103,0.03755868544600939,3,0.4514105387602804,1,1,1,Light,0.40941463399379585,from composite Y
867,17000,Singleton,1,Three Poles,2019-02-10,2019-02-17,3.535536261347265,7.226120795193512e-06,3.535536261347265,8.0,32.4771118272161,-0.8209839175260367,32.7,13,24.9,0.0,,15.32776272631486,Eucalypt Woodlands,75.27631578947368,0.0,,,4.912608062661628,985818686.0,994.0,2,15.09,69.2,2.966673027480359,9,-6,0.0999999999999996,1.027900146842878,-0.6436829406694129,2.584519743658621,-1.167546791428267,-5.658179397570311,-2.030518210296363,2.009605260622102,-2.843271917452196,-0.3151784009112264,8.5,4.995,,1.441819214469635,4.959999999999999,-1.334961377107193,7.609999999999999,6.331531154957645,7.142857142857142,7.142857142857142,8706,,,,,,,,,,,,,,,,,,,,,,,,,,,,,,,,,,,,,,,,,,,,,,,,,,,,,,0.0,statewide_zero,official,"Final Report of the NSW Bushfire Inquiry (31 July 2020) | https://www.nsw.gov.au/sites/default/files/noindex/2023-06/Final-Report-of-the-NSW-Bushfire-Inquiry.pdf | Section 2.1, Table 2-2 (Area burnt, homes destroyed and lives lost), report p.27 (PDF p.57) | ""2018-19 288,000 37 0""",,,,,,,,1415.8,,2015-16,0.4113,24997.0,0.03866862457170827,-6.329113924050633,7.86516853932584,-36.36363636363637,-0.5494505494505475,-0.41251998143659874,-4.797297297297298,266.6666666666667,14.438502673796783,205.0,222.0,9.0,,,,,,,,,,0.0,0.0,55.65512880768204,61.09941142824311,0.0,0.0,27.31816274645127,2016,,0.0,,2019Q1,0.6438626863828906,0.4472314485841598,0.4393112147259009,0.624407169286918,0.4861326395790984,0.5075557280080528,39.616114041993036,0.8506879186240379,15.534434586363034,0.36611993225320605,0.48456798637083187,0.6143451131889025,0.4472314485841598,0.43927191296591545,0.624407169286918,0.4861374851490725,0.5718721895268072,39.616114041993036,0.8506879186240379,30.186377195297865,0.36611993225320605,0.48456798637083187,,,,,,98.54846153846154,,,,,,181575,182665,182694,181696,0.6162742668318844,1.478864241151534,False,,0.21818181818181817,0.5529953917050692,0.08542713567839195,0.7409326424870466,0.6934673366834171,0.12206572769953052,,0.38558860494344366,0.5066090382829519,0.12206572769953052,3,0.33808779030864206,1,1,1,Light,0.258352436089512,from composite Y
871,10180,Armidale Regional,23,"Carrai Creek; Bees Nest; Guyra Rd, Ebor; Warm Crossing; Raspberry Rd, Jeogla; Moggs Swamp; Wandsworth; Nobles Gully",2019-08-08,2020-01-18,202413.4459619936,0.2591907107430886,238717.6613517903,95.0,49.13028477358927,-2.999633462701566,39.8,8,46.1,73141.2978085617,0.4299920760863115,15.72936581602072,Eucalypt Open Forests,65.04287954410988,202.8080571482306,133.0,4.107846952817554,3.794253841946118,869576022.0,980.0,2,11.62,65.51,6.238422142312302,8,-79,-1.15,-1.683984235041204,-2.237536878714669,-0.6845823319496032,-1.753455515743115,7.357159731362424,4.902070221809375,-1.465186808290468,1.979484191572521,0.5440517058506069,8.6,2.575000000000001,,-4.760770170254462,1.950000000000001,-2.284612613111212,-44.11,-49.63526671263645,6.666666666666667,6.666666666666667,11862,843,,,,,,,,,,,,,12.0,council_total,official,"National Bushfire Recovery Agency (Australian Government), NSW - LGA profiles - data as at 31 December 2020 | https://www.bushfirerecovery.gov.au/sites/default/files/video-gallery/NSW%20-%20LGA%20profiles%20-%20data%20as%20at%2031%20December%202020.docx | Armidale Profile > 2019-20 bushfire impact, Destroyed/Damaged table | ""Destroyed | Damaged | 21 outbuildings | 7 outbuildings | 5 facilities | 4 facilities | 12 houses | 3 houses""",3.0,council_total,official,"National Bushfire Recovery Agency (Australian Government), NSW - LGA profiles - data as at 31 December 2020 | https://www.bushfirerecovery.gov.au/sites/default/files/video-gallery/NSW%20-%20LGA%20profiles%20-%20data%20as%20at%2031%20December%202020.docx | Armidale Profile > 2019-20 bushfire impact, Destroyed/Damaged table | ""Destroyed | Damaged | 21 outbuildings | 7 outbuildings | 5 facilities | 4 facilities | 12 houses | 3 houses""",5.0,council_total,official,"National Bushfire Recovery Agency (Australian Government), NSW - LGA profiles - data as at 31 December 2020 | https://www.bushfirerecovery.gov.au/sites/default/files/video-gallery/NSW%20-%20LGA%20profiles%20-%20data%20as%20at%2031%20December%202020.docx | Armidale Profile > 2019-20 bushfire impact, Destroyed/Damaged table | ""Destroyed | Damaged | 21 outbuildings | 7 outbuildings | 5 facilities | 4 facilities | 12 houses | 3 houses""",4.0,council_total,official,"National Bushfire Recovery Agency (Australian Government), NSW - LGA profiles - data as at 31 December 2020 | https://www.bushfirerecovery.gov.au/sites/default/files/video-gallery/NSW%20-%20LGA%20profiles%20-%20data%20as%20at%2031%20December%202020.docx | Armidale Profile > 2019-20 bushfire impact, Destroyed/Damaged table | ""Destroyed | Damaged | 21 outbuildings | 7 outbuildings | 5 facilities | 4 facilities | 12 houses | 3 houses""",21.0,council_total,official,"National Bushfire Recovery Agency (Australian Government), NSW - LGA profiles - data as at 31 December 2020 | https://www.bushfirerecovery.gov.au/sites/default/files/video-gallery/NSW%20-%20LGA%20profiles%20-%20data%20as%20at%2031%20December%202020.docx | Armidale Profile > 2019-20 bushfire impact, Destroyed/Damaged table | ""Destroyed | Damaged | 21 outbuildings | 7 outbuildings | 5 facilities | 4 facilities | 12 houses | 3 houses""",7.0,council_total,official,"National Bushfire Recovery Agency (Australian Government), NSW - LGA profiles - data as at 31 December 2020 | https://www.bushfirerecovery.gov.au/sites/default/files/video-gallery/NSW%20-%20LGA%20profiles%20-%20data%20as%20at%2031%20December%202020.docx | Armidale Profile > 2019-20 bushfire impact, Destroyed/Damaged table | ""Destroyed | Damaged | 21 outbuildings | 7 outbuildings | 5 facilities | 4 facilities | 12 houses | 3 houses""",,,,,,,,,,,,,,,,,0.0,season_zero,official,"2019/2020 NSW Bushfires Coronial Inquiry, Volume 1 (NSW State Coroner, 2023) | https://coroners.nsw.gov.au/documents/reports/bushfires/2019-20-NSW-Bushfires-Coronial-Inquiry-Vol1.pdf | Part 1 Introduction, para 25, p.15 | ""Twenty-five deaths were reported to the Coroner in connection with the 2019/2020 bushfire season.""",,,,,12.0,"council figure, see DL_homes_destroyed_sourced_source",1.011633788568538,1574.8,,2015-16,0.3107,2509.0,0.04801146542457901,-9.701492537313428,-3.1446540880503138,36.36363636363635,-3.192702394526792,-3.1711076855318265,-8.337996642417455,-96.19883040935673,12.93103448275863,265.0,212.0,8.0,,,250000.0,10258391.0,7450434.0,,,1300000.0,19258825.0,173.6980651197244,357.35298365919283,832.5372423083098,1031116.0896938028,113.28605479123651,221.6753678303985,455.0876195458399,2016,,0.0,,2019Q3,0.16696419427993445,0.24514335728990957,0.17596080852338403,0.23488860474114506,0.19370993867159544,0.24791233580241945,-4.183165582021919,67.012910812898,40.89065507418008,9.572243020865912,57.44066779203209,0.16588736871211382,0.24514335728990957,0.15149138156356726,0.18427833706478333,0.19391530244958877,0.24791216442810726,-24.828337548280576,31.4880206811466,63.64770184901965,9.572319693612075,21.915700987534528,,,,,96.96397900370525,98.31153619195405,,,,,,182694,183161,183892,177102,0.6557412941859075,0.15748634298120567,False,0.7333333333333333,0.8363636363636363,0.8894009216589862,0.19095477386934673,0.26424870466321243,0.22613065326633167,0.8685446009389671,0.7333333333333333,0.8628822790113113,0.22711137726629693,0.8685446009389671,4,0.6729678976374772,3,3,3,Severe,0.7047564082726003,from composite Y
871,10250,Ballina,1,"Wardell Rd, Wardell",2019-10-17,2019-12-16,891.8372851581736,0.0183895654643258,891.8372851581734,61.0,55.69212014437144,-1.276664197190192,37.0,9,31.2,309.0000000000001,0.3387998608844539,1.748745106061515,Other Shrublands,55.48967703878484,2.812122026633666,,,91.52127599031031,1479863647.0,1003.0,1,12.69,63.72,12.35883587019596,8,23,0.2499999999999997,1.995412844036698,1.441860200363232,0.5841205740246629,-0.4847526097688492,3.965303593556382,1.510214084003333,-3.763648494015328,4.27794587729738,0.0036564758271442,1.99,-0.8750000000000004,,-0.2355730499647372,-3.039999999999999,3.142872113722402,21.43000000000001,26.01386502789462,2.083333333333333,2.083333333333333,17770,,,,,,,,,,,,,,0.0,council_total,official,"National Bushfire Recovery Agency (Australian Government), NSW - LGA profiles - data as at 31 December 2020 | https://www.bushfirerecovery.gov.au/sites/default/files/video-gallery/NSW%20-%20LGA%20profiles%20-%20data%20as%20at%2031%20December%202020.docx | Ballina Profile > 2019-20 bushfire impact, Destroyed/Damaged table | ""Destroyed | Damaged | 1 outbuildings | 0 outbuildings | 0 facilities | 0 facilities | 0 houses | 0 houses""",0.0,council_total,official,"National Bushfire Recovery Agency (Australian Government), NSW - LGA profiles - data as at 31 December 2020 | https://www.bushfirerecovery.gov.au/sites/default/files/video-gallery/NSW%20-%20LGA%20profiles%20-%20data%20as%20at%2031%20December%202020.docx | Ballina Profile > 2019-20 bushfire impact, Destroyed/Damaged table | ""Destroyed | Damaged | 1 outbuildings | 0 outbuildings | 0 facilities | 0 facilities | 0 houses | 0 houses""",0.0,council_total,official,"National Bushfire Recovery Agency (Australian Government), NSW - LGA profiles - data as at 31 December 2020 | https://www.bushfirerecovery.gov.au/sites/default/files/video-gallery/NSW%20-%20LGA%20profiles%20-%20data%20as%20at%2031%20December%202020.docx | Ballina Profile > 2019-20 bushfire impact, Destroyed/Damaged table | ""Destroyed | Damaged | 1 outbuildings | 0 outbuildings | 0 facilities | 0 facilities | 0 houses | 0 houses""",0.0,council_total,official,"National Bushfire Recovery Agency (Australian Government), NSW - LGA profiles - data as at 31 December 2020 | https://www.bushfirerecovery.gov.au/sites/default/files/video-gallery/NSW%20-%20LGA%20profiles%20-%20data%20as%20at%2031%20December%202020.docx | Ballina Profile > 2019-20 bushfire impact, Destroyed/Damaged table | ""Destroyed | Damaged | 1 outbuildings | 0 outbuildings | 0 facilities | 0 facilities | 0 houses | 0 houses""",1.0,council_total,official,"National Bushfire Recovery Agency (Australian Government), NSW - LGA profiles - data as at 31 December 2020 | https://www.bushfirerecovery.gov.au/sites/default/files/video-gallery/NSW%20-%20LGA%20profiles%20-%20data%20as%20at%2031%20December%202020.docx | Ballina Profile > 2019-20 bushfire impact, Destroyed/Damaged table | ""Destroyed | Damaged | 1 outbuildings | 0 outbuildings | 0 facilities | 0 facilities | 0 houses | 0 houses""",0.0,council_total,official,"National Bushfire Recovery Agency (Australian Government), NSW - LGA profiles - data as at 31 December 2020 | https://www.bushfirerecovery.gov.au/sites/default/files/video-gallery/NSW%20-%20LGA%20profiles%20-%20data%20as%20at%2031%20December%202020.docx | Ballina Profile > 2019-20 bushfire impact, Destroyed/Damaged table | ""Destroyed | Damaged | 1 outbuildings | 0 outbuildings | 0 facilities | 0 facilities | 0 houses | 0 houses""",,,,,,,,,,,,,,,,,0.0,season_zero,official,"2019/2020 NSW Bushfires Coronial Inquiry, Volume 1 (NSW State Coroner, 2023) | https://coroners.nsw.gov.au/documents/reports/bushfires/2019-20-NSW-Bushfires-Coronial-Inquiry-Vol1.pdf | Part 1 Introduction, para 25, p.15 | ""Twenty-five deaths were reported to the Coroner in connection with the 2019/2020 bushfire season.""",,,,,0.0,"council figure, see DL_homes_destroyed_sourced_source",0.0,1728.3,,2015-16,0.3075,8844.0,0.04472477064220184,-3.076923076923077,0.7782101167315147,16.417910447761198,0.17271157167531026,0.6507143068413823,4.3003851091142575,0.2822865208186309,-1.5555555555555545,443.0,485.0,15.0,,,,670000.0,,,,1225000.0,1895000.0,41.609022094446196,540.9097835740047,1769.5793375987842,1031116.0896938028,16.382233867381487,212.86350883746988,740.18153559723,2016,,0.0,,2019Q4,0.5524275361092214,0.5844164088163062,0.6358436842788374,0.655983436771227,0.7703713757481511,0.6869772255385014,12.245896397720024,24.065793734501884,8.041841497200487,5.743760827134848,18.32203290736704,0.5524275361092214,0.5844164088163062,0.6481404618349448,0.655983436771227,0.7703713757481511,0.6890790795102015,12.245896397720024,24.065793734501884,6.3163187743835225,5.743760827134848,18.32203290736704,,,,97.41185526722943,90.66164631488584,103.46250579776208,,,,,,183161,183892,181696,182353,-0.7998427612865178,1.2760567258708555,False,0.21666666666666667,0.4727272727272727,0.1152073732718894,0.7788944723618091,0.10362694300518134,0.8140703517587939,0.5352112676056338,0.21666666666666667,0.29396732299958106,0.5655305890419281,0.5352112676056338,4,0.4028439615784524,1,1,1,Light,0.34467411195372255,from composite Y
871,10550,Bega Valley,8,"Border Fire; Badja Forest Rd, Countegany; Big Jack Mountain; Postmans Trail; Creewah Rd, Glen Allen; Rockton; Kydra Complex; Good Good Fire",2019-12-26,2020-03-05,349322.3985012266,0.5563786352982462,289848.9201701402,69.0,81.15806455084382,-2.031800265245038,44.7,9,38.9,69834.70308588815,0.6183439023890357,12.10738158179864,Eucalypt Open Forests,80.19664928667491,1104.55987181023,510.0,277.6136794924553,5.522655542016055,971800235.0,976.0,2,12.2,66.8,6.1,8,-201,-1.45,0.7296849087893864,0.1761322651159211,-0.4497437506536973,-1.51861693444721,4.441368172117437,1.986278662564387,6.66360860867405,-6.149311225391997,-0.8347358792590889,16.37,-1.735,2319164486.0,1.101740763188218,-0.3999999999999986,-21.22648197774996,16.53000000000002,798.1012038653658,2.941176470588235,2.941176470588235,16270,,,,4.0,,,,,,,,,,467.0,council_total,official,"Bega Valley Shire Council news: Second anniversary of Black Summer bushfires (30 Dec 2021) | https://begavalley.nsw.gov.au/council/second-anniversary-of-black-summer-bushfires | Media release quoting Acting CEO Anthony McMahon | ""Four hundred and sixty-seven homes and about 1,000 sheds and out-buildings were destroyed in the fires that swept through the Bega Valley""",134.0,council_total,official,"National Bushfire Recovery Agency (Australian Government), NSW - LGA profiles - data as at 31 December 2020 | https://www.bushfirerecovery.gov.au/sites/default/files/video-gallery/NSW%20-%20LGA%20profiles%20-%20data%20as%20at%2031%20December%202020.docx | Bega Valley Profile > 2019-20 bushfire impact, Destroyed/Damaged table | ""Destroyed | Damaged | 1,098 outbuildings | 303 outbuildings | 22 facilities | 25 facilities | 465 houses | 134 houses""",22.0,council_total,official,"National Bushfire Recovery Agency (Australian Government), NSW - LGA profiles - data as at 31 December 2020 | https://www.bushfirerecovery.gov.au/sites/default/files/video-gallery/NSW%20-%20LGA%20profiles%20-%20data%20as%20at%2031%20December%202020.docx | Bega Valley Profile > 2019-20 bushfire impact, Destroyed/Damaged table | ""Destroyed | Damaged | 1,098 outbuildings | 303 outbuildings | 22 facilities | 25 facilities | 465 houses | 134 houses""",25.0,council_total,official,"National Bushfire Recovery Agency (Australian Government), NSW - LGA profiles - data as at 31 December 2020 | https://www.bushfirerecovery.gov.au/sites/default/files/video-gallery/NSW%20-%20LGA%20profiles%20-%20data%20as%20at%2031%20December%202020.docx | Bega Valley Profile > 2019-20 bushfire impact, Destroyed/Damaged table | ""Destroyed | Damaged | 1,098 outbuildings | 303 outbuildings | 22 facilities | 25 facilities | 465 houses | 134 houses""",1000.0,council_total,official,"Bega Valley Shire Council news: Second anniversary of Black Summer bushfires (30 Dec 2021) | https://begavalley.nsw.gov.au/council/second-anniversary-of-black-summer-bushfires | Media release quoting Acting CEO Anthony McMahon | ""Four hundred and sixty-seven homes and about 1,000 sheds and out-buildings were destroyed in the fires that swept through the Bega Valley""",303.0,council_total,official,"National Bushfire Recovery Agency (Australian Government), NSW - LGA profiles - data as at 31 December 2020 | https://www.bushfirerecovery.gov.au/sites/default/files/video-gallery/NSW%20-%20LGA%20profiles%20-%20data%20as%20at%2031%20December%202020.docx | Bega Valley Profile > 2019-20 bushfire impact, Destroyed/Damaged table | ""Destroyed | Damaged | 1,098 outbuildings | 303 outbuildings | 22 facilities | 25 facilities | 465 houses | 134 houses""",,,,,,,,,,,,,,,,,4.0,council_total,official,"Bega Valley Shire Council news: Second anniversary of Black Summer bushfires (30 Dec 2021) | https://begavalley.nsw.gov.au/council/second-anniversary-of-black-summer-bushfires | Media release quoting Acting CEO Anthony McMahon | ""destroyed in the fires that swept through the Bega Valley and four lives were lost""",,,,,467.0,"council figure, see DL_homes_destroyed_sourced_source",28.70313460356484,1313.0,,2015-16,0.3121,3684.0,0.07495854063018242,-1.7699115044247815,-0.45045045045044585,5.714285714285716,-1.6274864376130238,1.9713844402894143,10.309278350515472,2.4064171122994527,5.054151624548742,294.0,277.0,3.0,20500000.0,7950000.0,250000.0,39567501.0,10513912.0,7217630.0,6017169.0,1300000.0,64866212.0,1573.0393735305365,3625.5951629574424,10041.728805015076,1031116.0896938028,907.3697502612538,1960.0131601256237,5634.6872161024385,2016,resident,0.0,Coronial Inquiry Vol 1 p.35 para 15: 'four residents',2019Q4,0.1483023914441197,0.14967159547160613,0.7352825860338684,0.6658884666348709,0.30358278628771257,0.22792253397103143,344.89969157921826,467.9683576933118,-69.00204923926583,5.743760827134848,462.22459686617697,0.14863472165293692,0.14967159547160613,0.23832856087851215,0.2791814591656114,0.3035844872830703,0.22792253397103143,86.52935333917402,138.11870356672222,-4.366252567095885,5.743760827134848,132.37494273958737,,,,96.59692307692308,91.79153846153847,101.77999999999999,,,,,,183161,183892,181696,182353,-0.7998427612865178,1.2760567258708555,False,0.9888888888888889,0.23030303030303031,0.3225806451612903,0.628140703517588,0.917098445595855,0.7537688442211056,0.5915492957746479,0.9888888888888889,0.2764418377321603,0.7663359977781828,0.5915492957746479,4,0.65580400504347,3,4,4,Extreme,0.6818764889689285,raised: >=100 homes destroyed
871,10600,Bellingen,10,"Andersons Creek; Bees Nest; Liberation Trail; Morora Rd, Cascade; Kennaicle Creek Rd, Kennaicle Creek; Waterfall Way, Dorrigo Mountain; Bellinger River; Hungry Head Rd, Urunga",2019-08-10,2020-01-17,18007.91096710564,0.1125189368476572,174909.5664137549,75.0,46.71727713702674,-2.078107593074629,37.5,10,35.7,5868.005487540033,0.2748397779675356,21.164124606112,Eucalypt Tall Open Forests,88.56071878059012,24.3641884300829,133.0,1.60614359867014,8.126546690028666,341489851.0,966.0,2,3.19,68.81,4.019265339348099,6,-253,-3.85,3.433476394849786,2.87992375117632,0.1420256760143696,-0.9268475077791424,5.228356143318468,2.773266633765419,3.88446081185533,-3.370163428573278,-0.3415806295099171,14.02,2.845,2319164486.0,1.762003936734933,0.6499999999999999,13.14423776591769,-70.22,660.3746076419003,8.571428571428571,8.571428571428571,5636,,,,,,,,,,,,,,0.0,council_total,official,"National Bushfire Recovery Agency (Australian Government), NSW - LGA profiles - data as at 31 December 2020 | https://www.bushfirerecovery.gov.au/sites/default/files/video-gallery/NSW%20-%20LGA%20profiles%20-%20data%20as%20at%2031%20December%202020.docx | Bellingen Profile > 2019-20 bushfire impact, Destroyed/Damaged table | ""Destroyed | Damaged | 0 outbuildings | 1 outbuildings | 2 facilities | 1 facilities | 0 houses | 0 houses""",0.0,council_total,official,"National Bushfire Recovery Agency (Australian Government), NSW - LGA profiles - data as at 31 December 2020 | https://www.bushfirerecovery.gov.au/sites/default/files/video-gallery/NSW%20-%20LGA%20profiles%20-%20data%20as%20at%2031%20December%202020.docx | Bellingen Profile > 2019-20 bushfire impact, Destroyed/Damaged table | ""Destroyed | Damaged | 0 outbuildings | 1 outbuildings | 2 facilities | 1 facilities | 0 houses | 0 houses""",2.0,council_total,official,"National Bushfire Recovery Agency (Australian Government), NSW - LGA profiles - data as at 31 December 2020 | https://www.bushfirerecovery.gov.au/sites/default/files/video-gallery/NSW%20-%20LGA%20profiles%20-%20data%20as%20at%2031%20December%202020.docx | Bellingen Profile > 2019-20 bushfire impact, Destroyed/Damaged table | ""Destroyed | Damaged | 0 outbuildings | 1 outbuildings | 2 facilities | 1 facilities | 0 houses | 0 houses""",1.0,council_total,official,"National Bushfire Recovery Agency (Australian Government), NSW - LGA profiles - data as at 31 December 2020 | https://www.bushfirerecovery.gov.au/sites/default/files/video-gallery/NSW%20-%20LGA%20profiles%20-%20data%20as%20at%2031%20December%202020.docx | Bellingen Profile > 2019-20 bushfire impact, Destroyed/Damaged table | ""Destroyed | Damaged | 0 outbuildings | 1 outbuildings | 2 facilities | 1 facilities | 0 houses | 0 houses""",0.0,council_total,official,"National Bushfire Recovery Agency (Australian Government), NSW - LGA profiles - data as at 31 December 2020 | https://www.bushfirerecovery.gov.au/sites/default/files/video-gallery/NSW%20-%20LGA%20profiles%20-%20data%20as%20at%2031%20December%202020.docx | Bellingen Profile > 2019-20 bushfire impact, Destroyed/Damaged table | ""Destroyed | Damaged | 0 outbuildings | 1 outbuildings | 2 facilities | 1 facilities | 0 houses | 0 houses""",1.0,council_total,official,"National Bushfire Recovery Agency (Australian Government), NSW - LGA profiles - data as at 31 December 2020 | https://www.bushfirerecovery.gov.au/sites/default/files/video-gallery/NSW%20-%20LGA%20profiles%20-%20data%20as%20at%2031%20December%202020.docx | Bellingen Profile > 2019-20 bushfire impact, Destroyed/Damaged table | ""Destroyed | Damaged | 0 outbuildings | 1 outbuildings | 2 facilities | 1 facilities | 0 houses | 0 houses""",,,,,,,,,,,,,,,,,0.0,season_zero,official,"2019/2020 NSW Bushfires Coronial Inquiry, Volume 1 (NSW State Coroner, 2023) | https://coroners.nsw.gov.au/documents/reports/bushfires/2019-20-NSW-Bushfires-Coronial-Inquiry-Vol1.pdf | Part 1 Introduction, para 25, p.15 | ""Twenty-five deaths were reported to the Coroner in connection with the 2019/2020 bushfire season.""",,,,,0.0,"council figure, see DL_homes_destroyed_sourced_source",0.0,522.8,,2015-16,0.2901,5053.0,0.06266094420600858,2.7397260273972712,3.125,31.25,1.7921146953405076,-1.1201521716157625,-1.6352201257861632,5.7347670250896154,-20.472440944881885,104.0,135.0,6.0,,,,5279347.0,604600.0,,,1225000.0,7108947.0,24.4014962851205,175.96634741159608,4263.464705240375,1031116.0896938028,17.401771399098052,92.64249254258783,2197.00169977164,2016,,0.0,,2019Q3,0.16935050437908009,0.25029144513426427,0.1455759604526677,0.19421190418848885,0.21254177289777054,0.23943982417782353,-22.405696253698395,29.110081546970324,64.47758505819682,9.572243020865912,19.537838526104412,0.16892538358627926,0.25029144513426427,0.14122794397765012,0.17769762689428714,0.209844871164981,0.23471464717255489,-29.003715329157775,18.13155941645079,66.19561296573107,9.572319693612075,8.559239722838717,,,,,97.65,100.96153846153847,,,,,,182694,183161,183892,177102,0.6557412941859075,0.15748634298120567,False,0.21666666666666667,0.18181818181818182,0.027649769585253458,0.22613065326633167,0.7772020725388601,0.1457286432160804,0.704225352112676,0.21666666666666667,0.10473397570171764,0.3830204563404241,0.704225352112676,4,0.3521616127053711,1,1,1,Light,0.2771132107196096,from composite Y
871,10900,Blue Mountains,12,"Gospers Mountain; Grose Valley; Ruined Castle; Erskine Creek Fire; Riches Av, Woodford; Green Wattle Creek; Red Ridge Fire Trail; Linden Creek",2019-10-23,2020-02-09,67179.52115117606,0.4694112665318844,479513.8568877548,110.0,60.6644990208669,-2.153056158108491,42.8,11,36.8,20366.74703025956,0.3569809433969313,15.78897802285012,Eucalypt Open Forests,72.67025077689088,107.4608448548389,127.0,4.050458855413877,55.27535240683643,3101417211.0,1045.0,2,3.13,82.78,5.683552157217835,6,578,1.45,-0.3914988814317673,-0.9450515251052326,3.202911372044395,2.134038188250883,2.313322461981873,-0.1417670475711765,-1.911258720476098,2.425556103758151,-0.5361642708048793,8.19,-0.7349999999999999,,-1.186360021543621,0.7400000000000002,1.39299718566832,1.840000000000007,38.68196597636916,2.325581395348837,2.325581395348837,32827,,,,,,,,,,,,,,22.0,council_total,official,"National Bushfire Recovery Agency (Australian Government), NSW - LGA profiles - data as at 31 December 2020 | https://www.bushfirerecovery.gov.au/sites/default/files/video-gallery/NSW%20-%20LGA%20profiles%20-%20data%20as%20at%2031%20December%202020.docx | Blue Mountains Profile > 2019-20 bushfire impact, Destroyed/Damaged table | ""Destroyed | Damaged | 36 outbuildings | 30 outbuildings | 13 facilities | 3 facilities | 22 houses | 10 houses""",10.0,council_total,official,"National Bushfire Recovery Agency (Australian Government), NSW - LGA profiles - data as at 31 December 2020 | https://www.bushfirerecovery.gov.au/sites/default/files/video-gallery/NSW%20-%20LGA%20profiles%20-%20data%20as%20at%2031%20December%202020.docx | Blue Mountains Profile > 2019-20 bushfire impact, Destroyed/Damaged table | ""Destroyed | Damaged | 36 outbuildings | 30 outbuildings | 13 facilities | 3 facilities | 22 houses | 10 houses""",13.0,council_total,official,"National Bushfire Recovery Agency (Australian Government), NSW - LGA profiles - data as at 31 December 2020 | https://www.bushfirerecovery.gov.au/sites/default/files/video-gallery/NSW%20-%20LGA%20profiles%20-%20data%20as%20at%2031%20December%202020.docx | Blue Mountains Profile > 2019-20 bushfire impact, Destroyed/Damaged table | ""Destroyed | Damaged | 36 outbuildings | 30 outbuildings | 13 facilities | 3 facilities | 22 houses | 10 houses""",3.0,council_total,official,"National Bushfire Recovery Agency (Australian Government), NSW - LGA profiles - data as at 31 December 2020 | https://www.bushfirerecovery.gov.au/sites/default/files/video-gallery/NSW%20-%20LGA%20profiles%20-%20data%20as%20at%2031%20December%202020.docx | Blue Mountains Profile > 2019-20 bushfire impact, Destroyed/Damaged table | ""Destroyed | Damaged | 36 outbuildings | 30 outbuildings | 13 facilities | 3 facilities | 22 houses | 10 houses""",36.0,council_total,official,"National Bushfire Recovery Agency (Australian Government), NSW - LGA profiles - data as at 31 December 2020 | https://www.bushfirerecovery.gov.au/sites/default/files/video-gallery/NSW%20-%20LGA%20profiles%20-%20data%20as%20at%2031%20December%202020.docx | Blue Mountains Profile > 2019-20 bushfire impact, Destroyed/Damaged table | ""Destroyed | Damaged | 36 outbuildings | 30 outbuildings | 13 facilities | 3 facilities | 22 houses | 10 houses""",30.0,council_total,official,"National Bushfire Recovery Agency (Australian Government), NSW - LGA profiles - data as at 31 December 2020 | https://www.bushfirerecovery.gov.au/sites/default/files/video-gallery/NSW%20-%20LGA%20profiles%20-%20data%20as%20at%2031%20December%202020.docx | Blue Mountains Profile > 2019-20 bushfire impact, Destroyed/Damaged table | ""Destroyed | Damaged | 36 outbuildings | 30 outbuildings | 13 facilities | 3 facilities | 22 houses | 10 houses""",,,,,,,,,,,,,,,,,0.0,season_zero,official,"2019/2020 NSW Bushfires Coronial Inquiry, Volume 1 (NSW State Coroner, 2023) | https://coroners.nsw.gov.au/documents/reports/bushfires/2019-20-NSW-Bushfires-Coronial-Inquiry-Vol1.pdf | Part 1 Introduction, para 25, p.15 | ""Twenty-five deaths were reported to the Coroner in connection with the 2019/2020 bushfire season.""",,,,,22.0,"council figure, see DL_homes_destroyed_sourced_source",0.670180034727511,3154.1,,2015-16,0.4133,,0.053691275167785234,-2.430555555555558,3.926701570680624,11.347517730496449,-15.151515151515149,-2.8929181234246704,-4.616724738675959,1.9954389965792574,1.071975497702904,658.0,621.0,9.0,,,250000.0,9877467.0,8834325.0,892100.0,366000.0,1300000.0,21519892.0,754.038784690162,10623.612879223305,60991.98160637409,1031116.0896938028,456.15945284304814,5841.759695506847,28268.06055751904,2016,,0.0,,2019Q4,0.3960639272083097,0.47701784940200653,0.604751764044348,0.49669655460381823,0.6123636358615124,0.47491988366745774,4.125360345840545,31.17561669810658,-21.468623672732168,5.743760827134848,25.43185587097173,0.39573749599447244,0.47703958931486157,0.6561105998359262,0.601342515591568,0.6123636358615124,0.4749021416207188,26.057151033362658,58.812205557643146,-27.61858416256684,5.743760827134848,53.0684447305083,,,,97.53288910530767,94.59447478250242,101.31427923674265,,,,,,183161,183892,181696,182353,-0.7998427612865178,1.2760567258708555,False,0.6666666666666666,0.6060606060606061,0.6359447004608295,0.4623115577889447,0.22797927461139897,0.6432160804020101,0.30985915492957744,0.6666666666666666,0.6210026532607178,0.44450230426745124,0.30985915492957744,4,0.5105076947811032,2,3,3,Severe,0.4881926940071188,raised: >=10 homes destroyed
871,11350,Byron,1,"MT Nardi Np, continuation 2",2019-11-07,2020-01-17,2255.515563113805,0.0398639943413809,6591.397765357906,72.0,40.32609053718112,-1.738265930506514,34.4,10,25.5,577.6180418887782,0.1031558900879659,16.99043649884413,Eucalypt Tall Open Forests,85.49381393179947,2.58736766023506,,,60.99652758815044,1254421724.0,1003.0,1,11.02,72.24,8.228085825625616,7,-38,-0.1500000000000001,3.823652319264522,3.270099675591056,-0.5611331857199188,-1.630006369513431,1.767501159017153,-0.6875883505358957,-4.930822796720442,5.445120180002494,19.87890621879498,3.54,-2.965,2319164486.0,2.12320235332214,-2.6,1.099206041872965,-86.14999999999999,-23.03283277143708,5.932203389830509,5.932203389830509,13423,,,,,,,,,,,,,,0.0,council_total,official,"National Bushfire Recovery Agency (Australian Government), NSW - LGA profiles - data as at 31 December 2020 | https://www.bushfirerecovery.gov.au/sites/default/files/video-gallery/NSW%20-%20LGA%20profiles%20-%20data%20as%20at%2031%20December%202020.docx | Byron Profile > 2019-20 bushfire impact, Destroyed/Damaged table | ""Destroyed | Damaged | 2 outbuildings | 1 outbuildings | 0 facilities | 0 facilities | 0 houses | 0 houses""",0.0,council_total,official,"National Bushfire Recovery Agency (Australian Government), NSW - LGA profiles - data as at 31 December 2020 | https://www.bushfirerecovery.gov.au/sites/default/files/video-gallery/NSW%20-%20LGA%20profiles%20-%20data%20as%20at%2031%20December%202020.docx | Byron Profile > 2019-20 bushfire impact, Destroyed/Damaged table | ""Destroyed | Damaged | 2 outbuildings | 1 outbuildings | 0 facilities | 0 facilities | 0 houses | 0 houses""",0.0,council_total,official,"National Bushfire Recovery Agency (Australian Government), NSW - LGA profiles - data as at 31 December 2020 | https://www.bushfirerecovery.gov.au/sites/default/files/video-gallery/NSW%20-%20LGA%20profiles%20-%20data%20as%20at%2031%20December%202020.docx | Byron Profile > 2019-20 bushfire impact, Destroyed/Damaged table | ""Destroyed | Damaged | 2 outbuildings | 1 outbuildings | 0 facilities | 0 facilities | 0 houses | 0 houses""",0.0,council_total,official,"National Bushfire Recovery Agency (Australian Government), NSW - LGA profiles - data as at 31 December 2020 | https://www.bushfirerecovery.gov.au/sites/default/files/video-gallery/NSW%20-%20LGA%20profiles%20-%20data%20as%20at%2031%20December%202020.docx | Byron Profile > 2019-20 bushfire impact, Destroyed/Damaged table | ""Destroyed | Damaged | 2 outbuildings | 1 outbuildings | 0 facilities | 0 facilities | 0 houses | 0 houses""",2.0,council_total,official,"National Bushfire Recovery Agency (Australian Government), NSW - LGA profiles - data as at 31 December 2020 | https://www.bushfirerecovery.gov.au/sites/default/files/video-gallery/NSW%20-%20LGA%20profiles%20-%20data%20as%20at%2031%20December%202020.docx | Byron Profile > 2019-20 bushfire impact, Destroyed/Damaged table | ""Destroyed | Damaged | 2 outbuildings | 1 outbuildings | 0 facilities | 0 facilities | 0 houses | 0 houses""",1.0,council_total,official,"National Bushfire Recovery Agency (Australian Government), NSW - LGA profiles - data as at 31 December 2020 | https://www.bushfirerecovery.gov.au/sites/default/files/video-gallery/NSW%20-%20LGA%20profiles%20-%20data%20as%20at%2031%20December%202020.docx | Byron Profile > 2019-20 bushfire impact, Destroyed/Damaged table | ""Destroyed | Damaged | 2 outbuildings | 1 outbuildings | 0 facilities | 0 facilities | 0 houses | 0 houses""",,,,,,,,,,,,,,,,,0.0,season_zero,official,"2019/2020 NSW Bushfires Coronial Inquiry, Volume 1 (NSW State Coroner, 2023) | https://coroners.nsw.gov.au/documents/reports/bushfires/2019-20-NSW-Bushfires-Coronial-Inquiry-Vol1.pdf | Part 1 Introduction, para 25, p.15 | ""Twenty-five deaths were reported to the Coroner in connection with the 2019/2020 bushfire season.""",,,,,0.0,"council figure, see DL_homes_destroyed_sourced_source",0.0,1352.4,,2015-16,0.3403,8844.0,0.07709987463435018,-0.5420054200542035,1.541850220264318,-2.7027027027026973,1.3736263736263687,2.339250376583868,5.0895697304537135,5.229180116203991,20.532319391634978,636.0,747.0,9.0,,,,401500.0,1500000.0,,,1200000.0,3101500.0,97.91129757244435,314.66619522175694,1482.0765103889494,1031116.0896938028,53.820899272443185,175.91266097107058,759.5458344689463,2016,,0.0,,2019Q4,0.4050232559857128,0.38646400908827117,0.4255669982949167,0.4142901439038193,0.5202336653753504,0.4292735324582602,7.20018789878889,14.742101320487343,0.8709637209168397,5.743760827134848,8.998340493352496,0.40495068411321705,0.38647908310172435,0.43418130676969807,0.4189858740022925,0.5202336653753504,0.4292735324582602,8.41100911326993,16.04263416361904,-1.1303513612669347,5.743760827134848,10.298873336484194,,,,97.41331612639867,90.67420796720761,103.45552927269519,,,,,,183161,183892,181696,182353,-0.7998427612865178,1.2760567258708555,False,0.21666666666666667,0.15151515151515152,0.013824884792626729,0.8190954773869347,0.05181347150259067,0.07537688442211055,0.22535211267605634,0.21666666666666667,0.08267001815388912,0.3154286111038786,0.22535211267605634,4,0.2100293521501227,1,1,1,Light,0.0876471770596243,from composite Y
871,11650,Central Coast (NSW),10,"Three Mile; Hallards Rd, Central Mangrove; Warrah Trig Rd, Patonga; Gospers Mountain; Pearl Beach Dr, Pearl Beach; Patonga Dr, Patonga; Patonga Dr, Patonga; Pearl Beach Dr, Pearl Beach",2019-09-22,2020-02-09,28744.24215449187,0.1709942966559003,479513.8568877548,110.0,84.56146508090957,-2.200225089517547,43.9,8,36.8,7803.885195873328,0.04407511098245284,15.42345772313121,Eucalypt Open Forests,74.12991434146264,25.18788734569748,90.0,4.917505776575028e-05,204.0885162865877,11605168364.0,989.0,1,9.8,83.0,8.6,10,-1356,-0.3500000000000003,1.40117994100295,0.8476272973294845,2.07131452900479,1.002441345211278,5.765519975282301,3.310430465729251,-12.16719605978598,12.68149344306803,3.4,-6.279999999999999,-6.075000000000001,2319164486.0,-0.1800367927559767,-2.74,3.670401571809834,94.83,3.209590726911706,0.0,0.0,138266,,,,,,,,,,,,,,4.0,council_total,official,"National Bushfire Recovery Agency (Australian Government), NSW - LGA profiles - data as at 31 December 2020 | https://www.bushfirerecovery.gov.au/sites/default/files/video-gallery/NSW%20-%20LGA%20profiles%20-%20data%20as%20at%2031%20December%202020.docx | Central Coast Profile > 2019-20 bushfire impact, Destroyed/Damaged table | ""Destroyed | Damaged | 15 outbuildings | 13 outbuildings | 1 facilities | 0 facilities | 4 houses | 7 houses""",7.0,council_total,official,"National Bushfire Recovery Agency (Australian Government), NSW - LGA profiles - data as at 31 December 2020 | https://www.bushfirerecovery.gov.au/sites/default/files/video-gallery/NSW%20-%20LGA%20profiles%20-%20data%20as%20at%2031%20December%202020.docx | Central Coast Profile > 2019-20 bushfire impact, Destroyed/Damaged table | ""Destroyed | Damaged | 15 outbuildings | 13 outbuildings | 1 facilities | 0 facilities | 4 houses | 7 houses""",1.0,council_total,official,"National Bushfire Recovery Agency (Australian Government), NSW - LGA profiles - data as at 31 December 2020 | https://www.bushfirerecovery.gov.au/sites/default/files/video-gallery/NSW%20-%20LGA%20profiles%20-%20data%20as%20at%2031%20December%202020.docx | Central Coast Profile > 2019-20 bushfire impact, Destroyed/Damaged table | ""Destroyed | Damaged | 15 outbuildings | 13 outbuildings | 1 facilities | 0 facilities | 4 houses | 7 houses""",0.0,council_total,official,"National Bushfire Recovery Agency (Australian Government), NSW - LGA profiles - data as at 31 December 2020 | https://www.bushfirerecovery.gov.au/sites/default/files/video-gallery/NSW%20-%20LGA%20profiles%20-%20data%20as%20at%2031%20December%202020.docx | Central Coast Profile > 2019-20 bushfire impact, Destroyed/Damaged table | ""Destroyed | Damaged | 15 outbuildings | 13 outbuildings | 1 facilities | 0 facilities | 4 houses | 7 houses""",15.0,council_total,official,"National Bushfire Recovery Agency (Australian Government), NSW - LGA profiles - data as at 31 December 2020 | https://www.bushfirerecovery.gov.au/sites/default/files/video-gallery/NSW%20-%20LGA%20profiles%20-%20data%20as%20at%2031%20December%202020.docx | Central Coast Profile > 2019-20 bushfire impact, Destroyed/Damaged table | ""Destroyed | Damaged | 15 outbuildings | 13 outbuildings | 1 facilities | 0 facilities | 4 houses | 7 houses""",13.0,council_total,official,"National Bushfire Recovery Agency (Australian Government), NSW - LGA profiles - data as at 31 December 2020 | https://www.bushfirerecovery.gov.au/sites/default/files/video-gallery/NSW%20-%20LGA%20profiles%20-%20data%20as%20at%2031%20December%202020.docx | Central Coast Profile > 2019-20 bushfire impact, Destroyed/Damaged table | ""Destroyed | Damaged | 15 outbuildings | 13 outbuildings | 1 facilities | 0 facilities | 4 houses | 7 houses""",,,,,,,,,,,,,,,,,0.0,season_zero,official,"2019/2020 NSW Bushfires Coronial Inquiry, Volume 1 (NSW State Coroner, 2023) | https://coroners.nsw.gov.au/documents/reports/bushfires/2019-20-NSW-Bushfires-Coronial-Inquiry-Vol1.pdf | Part 1 Introduction, para 25, p.15 | ""Twenty-five deaths were reported to the Coroner in connection with the 2019/2020 bushfire season.""",,,,,4.0,"council figure, see DL_homes_destroyed_sourced_source",0.02892974411641329,13222.0,,2015-16,0.4073,26900.0,0.046546937359014405,-1.5843429636533068,-1.5037593984962405,7.816091954022997,-3.5363457760314354,-1.3234441534555441,9.108996074635689,2.063467250273554,3.9289374786470876,3038.0,3254.0,90.0,,,100000.0,5345933.0,1546311.0,,,1275000.0,8267244.0,453.6919113248137,3049.4539147861565,69044.94491778951,1031116.0896938028,229.66030223403044,2074.0994981742397,32701.234884641286,2016,,0.0,,2019Q3,1.3797533503031634,1.462563884625755,1.2722038597518723,1.31062870926372,1.1933152075181959,1.4329562500290267,-10.388276160730747,15.06252629318967,12.635741437579595,9.572243020865912,5.490283272323758,1.3799796246631608,1.462563884625755,1.272226074618846,1.4372618517826903,1.2594434951048947,1.4327451024813114,-1.7299779591876785,26.11806439297435,12.617177957978587,9.572319693612075,16.545744699362274,,,,,98.13460356975261,101.57120935382132,,,,,,182694,183161,183892,177102,0.6557412941859075,0.15748634298120567,False,0.45555555555555555,0.46060606060606063,0.2073732718894009,0.9346733668341709,0.0051813471502590676,0.9547738693467337,0.7464788732394366,0.45555555555555555,0.33398966624773074,0.6315428611103879,0.7464788732394366,4,0.5418917390382777,2,2,2,Moderate,0.5300284486935428,from composite Y
871,11720,Cessnock,9,"Little L Complex; Crumps Complex; Owendale; Leggetts Dr, Pelaw Main; Thompson Creek; Gospers Mountain; Harper St, Greta; Ironbark Lane, Lovedale",2019-10-21,2020-02-09,58019.10159959285,0.2952386689445115,479513.8568877548,110.0,90.01341073038688,-2.32828835862524,43.0,10,38.9,21624.78870236596,0.3797543610153498,14.48780147999722,Eucalypt Open Forests,67.97616320368964,28.08375341736899,90.0,0.007104010980039134,30.35326449107714,1822738405.0,925.0,2,7.01,68.12,2.38332469809892,12,-365,-1.25,0.1720578114246387,-0.3814948322488265,3.613063423256597,2.544190239463084,6.55501349561602,4.09992398606297,16.699724787799,-16.18542740451695,0.0321589746651254,-1.470000000000001,-0.1350000000000002,2319164486.0,2.416165189889095,1.77,-11.15864576335273,43.15000000000001,423.7416041888429,0.0,0.0,21415,,,,,,,,,,,,,,21.0,council_total,official,"National Bushfire Recovery Agency (Australian Government), NSW - LGA profiles - data as at 31 December 2020 | https://www.bushfirerecovery.gov.au/sites/default/files/video-gallery/NSW%20-%20LGA%20profiles%20-%20data%20as%20at%2031%20December%202020.docx | Cessnock Profile > 2019-20 bushfire impact, Destroyed/Damaged table | ""Destroyed | Damaged | 63 outbuildings | 25 outbuildings | 0 facilities | 3 facilities | 21 houses | 13 houses""",13.0,council_total,official,"National Bushfire Recovery Agency (Australian Government), NSW - LGA profiles - data as at 31 December 2020 | https://www.bushfirerecovery.gov.au/sites/default/files/video-gallery/NSW%20-%20LGA%20profiles%20-%20data%20as%20at%2031%20December%202020.docx | Cessnock Profile > 2019-20 bushfire impact, Destroyed/Damaged table | ""Destroyed | Damaged | 63 outbuildings | 25 outbuildings | 0 facilities | 3 facilities | 21 houses | 13 houses""",0.0,council_total,official,"National Bushfire Recovery Agency (Australian Government), NSW - LGA profiles - data as at 31 December 2020 | https://www.bushfirerecovery.gov.au/sites/default/files/video-gallery/NSW%20-%20LGA%20profiles%20-%20data%20as%20at%2031%20December%202020.docx | Cessnock Profile > 2019-20 bushfire impact, Destroyed/Damaged table | ""Destroyed | Damaged | 63 outbuildings | 25 outbuildings | 0 facilities | 3 facilities | 21 houses | 13 houses""",3.0,council_total,official,"National Bushfire Recovery Agency (Australian Government), NSW - LGA profiles - data as at 31 December 2020 | https://www.bushfirerecovery.gov.au/sites/default/files/video-gallery/NSW%20-%20LGA%20profiles%20-%20data%20as%20at%2031%20December%202020.docx | Cessnock Profile > 2019-20 bushfire impact, Destroyed/Damaged table | ""Destroyed | Damaged | 63 outbuildings | 25 outbuildings | 0 facilities | 3 facilities | 21 houses | 13 houses""",63.0,council_total,official,"National Bushfire Recovery Agency (Australian Government), NSW - LGA profiles - data as at 31 December 2020 | https://www.bushfirerecovery.gov.au/sites/default/files/video-gallery/NSW%20-%20LGA%20profiles%20-%20data%20as%20at%2031%20December%202020.docx | Cessnock Profile > 2019-20 bushfire impact, Destroyed/Damaged table | ""Destroyed | Damaged | 63 outbuildings | 25 outbuildings | 0 facilities | 3 facilities | 21 houses | 13 houses""",25.0,council_total,official,"National Bushfire Recovery Agency (Australian Government), NSW - LGA profiles - data as at 31 December 2020 | https://www.bushfirerecovery.gov.au/sites/default/files/video-gallery/NSW%20-%20LGA%20profiles%20-%20data%20as%20at%2031%20December%202020.docx | Cessnock Profile > 2019-20 bushfire impact, Destroyed/Damaged table | ""Destroyed | Damaged | 63 outbuildings | 25 outbuildings | 0 facilities | 3 facilities | 21 houses | 13 houses""",,,,,,,,,,,,,,,,,0.0,season_zero,official,"2019/2020 NSW Bushfires Coronial Inquiry, Volume 1 (NSW State Coroner, 2023) | https://coroners.nsw.gov.au/documents/reports/bushfires/2019-20-NSW-Bushfires-Coronial-Inquiry-Vol1.pdf | Part 1 Introduction, para 25, p.15 | ""Twenty-five deaths were reported to the Coroner in connection with the 2019/2020 bushfire season.""",,,,,21.0,"council figure, see DL_homes_destroyed_sourced_source",0.9806210600046695,3660.9,,2015-16,0.3678,24997.0,0.0698554714384033,2.9556650246305383,8.212560386473422,-9.999999999999998,-2.5547445255474477,0.38914198936979005,5.406746031746024,-14.660831509846828,14.864864864864868,424.0,388.0,13.0,,,250000.0,1967825.0,1801260.0,566900.0,233278.0,1416000.0,6235263.0,252.1454019625898,4097.572962715754,31355.068890914845,1031116.0896938028,124.64558761973768,1756.5625306099212,12852.88135842799,2016,,0.0,,2019Q4,0.43317999906688653,0.4911533644754978,0.567707321520354,0.47989095543404275,0.6226732639514565,0.49633220281640716,-2.2930534240526157,10.726115558711369,-12.572520381241514,5.743760827134848,4.982354731576521,0.4331788246022241,0.49112850493095356,0.5999995897967537,0.523625755425011,0.6226732639514565,0.49633220281640716,6.616852853740629,20.801237908540937,-17.277909642482136,5.743760827134848,15.05747708140609,,,,98.5481933724761,95.35174523022776,104.64870350182139,,,,,,183161,183892,181696,182353,-0.7998427612865178,1.2760567258708555,False,0.7222222222222222,0.1393939393939394,0.4608294930875576,0.3065326633165829,0.9948186528497409,0.8592964824120602,0.812206572769953,0.7222222222222222,0.3001117162407485,0.7202159328594613,0.812206572769953,4,0.6386891110230962,3,3,3,Severe,0.6590618860499047,from composite Y
871,11730,Clarence Valley,28,"Liberation Trail; Kaloe Mountain Trail; Washpool State Forest, Coombadjha; Bees Nest; Myall Creek Road; Long Gully Rd, Drake; Old Glen Innes Rd, Newton Boyd; Banyabba",2019-08-27,2020-02-09,526594.8460360342,0.5049486855844519,174909.5664137549,124.0,55.67207458953582,-2.291830918974125,40.4,7,37.8,161024.8511537653,0.4117657083605622,12.34815723949525,Eucalypt Open Forests,73.35760617200991,764.1754447134514,219.0,148.9291977518384,5.015111979076471,1301315403.0,926.0,2,13.9,72.32,10.72813409979028,16,-957,-3.750000000000001,1.317175974710221,0.7636233310367562,0.2008713119244515,-0.8680018718690606,5.468346685531825,3.013257175978776,0.8813773532302243,-0.3670799699481719,-0.1698533242705426,0.8399999999999999,-1.845000000000001,,-2.677249900731606,-0.2599999999999998,-4.000393191001257,-15.92999999999999,374.1981658814172,-2.702702702702702,-2.702702702702702,22680,880,,,,,,,,,,,,,168.0,council_total,official,"National Bushfire Recovery Agency (Australian Government), NSW - LGA profiles - data as at 31 December 2020 | https://www.bushfirerecovery.gov.au/sites/default/files/video-gallery/NSW%20-%20LGA%20profiles%20-%20data%20as%20at%2031%20December%202020.docx | Clarence Valley Profile > 2019-20 bushfire impact, Destroyed/Damaged table | ""Destroyed | Damaged | 418 outbuildings | 192 outbuildings | 5 facilities | 7 facilities | 168 houses | 58 houses""",58.0,council_total,official,"National Bushfire Recovery Agency (Australian Government), NSW - LGA profiles - data as at 31 December 2020 | https://www.bushfirerecovery.gov.au/sites/default/files/video-gallery/NSW%20-%20LGA%20profiles%20-%20data%20as%20at%2031%20December%202020.docx | Clarence Valley Profile > 2019-20 bushfire impact, Destroyed/Damaged table | ""Destroyed | Damaged | 418 outbuildings | 192 outbuildings | 5 facilities | 7 facilities | 168 houses | 58 houses""",5.0,council_total,official,"National Bushfire Recovery Agency (Australian Government), NSW - LGA profiles - data as at 31 December 2020 | https://www.bushfirerecovery.gov.au/sites/default/files/video-gallery/NSW%20-%20LGA%20profiles%20-%20data%20as%20at%2031%20December%202020.docx | Clarence Valley Profile > 2019-20 bushfire impact, Destroyed/Damaged table | ""Destroyed | Damaged | 418 outbuildings | 192 outbuildings | 5 facilities | 7 facilities | 168 houses | 58 houses""",7.0,council_total,official,"National Bushfire Recovery Agency (Australian Government), NSW - LGA profiles - data as at 31 December 2020 | https://www.bushfirerecovery.gov.au/sites/default/files/video-gallery/NSW%20-%20LGA%20profiles%20-%20data%20as%20at%2031%20December%202020.docx | Clarence Valley Profile > 2019-20 bushfire impact, Destroyed/Damaged table | ""Destroyed | Damaged | 418 outbuildings | 192 outbuildings | 5 facilities | 7 facilities | 168 houses | 58 houses""",418.0,council_total,official,"National Bushfire Recovery Agency (Australian Government), NSW - LGA profiles - data as at 31 December 2020 | https://www.bushfirerecovery.gov.au/sites/default/files/video-gallery/NSW%20-%20LGA%20profiles%20-%20data%20as%20at%2031%20December%202020.docx | Clarence Valley Profile > 2019-20 bushfire impact, Destroyed/Damaged table | ""Destroyed | Damaged | 418 outbuildings | 192 outbuildings | 5 facilities | 7 facilities | 168 houses | 58 houses""",192.0,council_total,official,"National Bushfire Recovery Agency (Australian Government), NSW - LGA profiles - data as at 31 December 2020 | https://www.bushfirerecovery.gov.au/sites/default/files/video-gallery/NSW%20-%20LGA%20profiles%20-%20data%20as%20at%2031%20December%202020.docx | Clarence Valley Profile > 2019-20 bushfire impact, Destroyed/Damaged table | ""Destroyed | Damaged | 418 outbuildings | 192 outbuildings | 5 facilities | 7 facilities | 168 houses | 58 houses""",,,,,,,,,,,,,365.0,council_total,official,"Clarence Valley REDS fire impact addendum (NSW Government, Regional NSW), May 2020 | https://www.nsw.gov.au/sites/default/files/2020-05/Clarence%20Valley%20REDS%20fire%20impact%20addendum.pdf | Slide 6 (PDF p.7) Key physical impacts | ""Cattle Farming : 365 head of cattle reported lost""",2.0,fire_in_council,official,"NSW RFS Bush Fire Bulletin Vol 42 No 1 (2020), ""Spring fires torment northern NSW"" | https://www.rfs.nsw.gov.au/__data/assets/pdf_file/0007/174823/Bush-Fire-Bulletin-Vol-42-No1.pdf | p.6 (PDF p.8), ""Early start to the season"" | ""the Long Gully Road fire claiming two lives near Coongbar on 8 October""",,,,,168.0,"council figure, see DL_homes_destroyed_sourced_source",7.407407407407407,2140.3,,2015-16,0.3135,2659.0,0.057692307692307696,-0.45662100456621557,-2.34375,6.896551724137923,2.4096385542168752,-0.909327097947521,3.091721058055641,-13.636363636363624,-4.0000000000000036,387.0,415.0,15.0,,5200000.0,250000.0,37436514.0,7343444.0,,1000000.0,1416000.0,47445958.0,1863.9929403809479,4280.037579582625,21406.96575223243,1031116.0896938028,916.6614682640987,2137.8219261044183,11699.7656971184,2016,civilian,0.0,"RFS Bush Fire Bulletin 42(1) p.6: Long Gully Road fire claimed two lives near Coongbar (at their property); Coroner lists them under Tenterfield LGA, council attribution uncertain",2019Q3,0.19805218168914118,0.23758913234871784,0.19518523136978008,0.24997237299019445,0.20436618821018712,0.24007281832407146,5.212040011704455,67.39216060299604,22.997429999840225,9.572243020865912,57.81991758213013,0.17958176631992825,0.23758913234871784,0.15324904221645239,0.25067668859267894,0.20832025723398306,0.23817546519629637,5.508482696402139,67.96288779766877,55.41726183181752,9.572319693612075,58.3905681040567,,,,,96.49264909526867,98.49959293117065,,,,,,182694,183161,183892,177102,0.6557412941859075,0.15748634298120567,False,0.9222222222222223,0.7484848484848485,0.21889400921658986,0.6206030150753769,0.5207253886010362,0.46984924623115576,0.7136150234741784,0.9222222222222223,0.4836894288507192,0.5370592166358562,0.7136150234741784,4,0.664146472795744,3,4,4,Extreme,0.6929972174353929,raised: >=100 homes destroyed
871,11800,Coffs Harbour,4,"Liberation Trail; Colletts Crossing, Wooli; Jersey Bull Rd, Upper Orara; Sherwood Rd, Nana Glen",2019-08-24,2020-01-03,4389.270805046905,0.03739548551320533,174909.5664137549,51.0,46.9226094155133,-1.935345035015871,37.5,10,34.9,1625.177473116199,0.5764210844299895,11.99349009231588,Eucalypt Open Forests,73.35760617200991,28.31972632133176,124.0,3.007210782487257,65.50579406829516,2309825962.0,967.0,2,9.88,77.63,13.31587775188349,6,-1333,-3.150000000000001,3.321097710190526,2.767545066517061,1.028631494644108,-0.0402416891494037,5.748696138488952,3.293606628935903,-4.615136195106306,5.129433578388358,0.846475004340336,2.42,-1.655000000000002,,0.621674197604563,-1.520000000000001,-0.3169766600855608,-26.64999999999999,-9.522546043192214,3.703703703703703,3.703703703703703,29974,,,,,,,,,,,,,,17.0,council_total,official,"National Bushfire Recovery Agency (Australian Government), NSW - LGA profiles - data as at 31 December 2020 | https://www.bushfirerecovery.gov.au/sites/default/files/video-gallery/NSW%20-%20LGA%20profiles%20-%20data%20as%20at%2031%20December%202020.docx | Coffs Harbour Profile > 2019-20 bushfire impact, Destroyed/Damaged table | ""Destroyed | Damaged | 27 outbuildings | 7 outbuildings | 2 facilities | 0 facilities | 17 houses | 7 houses""",7.0,council_total,official,"National Bushfire Recovery Agency (Australian Government), NSW - LGA profiles - data as at 31 December 2020 | https://www.bushfirerecovery.gov.au/sites/default/files/video-gallery/NSW%20-%20LGA%20profiles%20-%20data%20as%20at%2031%20December%202020.docx | Coffs Harbour Profile > 2019-20 bushfire impact, Destroyed/Damaged table | ""Destroyed | Damaged | 27 outbuildings | 7 outbuildings | 2 facilities | 0 facilities | 17 houses | 7 houses""",2.0,council_total,official,"National Bushfire Recovery Agency (Australian Government), NSW - LGA profiles - data as at 31 December 2020 | https://www.bushfirerecovery.gov.au/sites/default/files/video-gallery/NSW%20-%20LGA%20profiles%20-%20data%20as%20at%2031%20December%202020.docx | Coffs Harbour Profile > 2019-20 bushfire impact, Destroyed/Damaged table | ""Destroyed | Damaged | 27 outbuildings | 7 outbuildings | 2 facilities | 0 facilities | 17 houses | 7 houses""",0.0,council_total,official,"National Bushfire Recovery Agency (Australian Government), NSW - LGA profiles - data as at 31 December 2020 | https://www.bushfirerecovery.gov.au/sites/default/files/video-gallery/NSW%20-%20LGA%20profiles%20-%20data%20as%20at%2031%20December%202020.docx | Coffs Harbour Profile > 2019-20 bushfire impact, Destroyed/Damaged table | ""Destroyed | Damaged | 27 outbuildings | 7 outbuildings | 2 facilities | 0 facilities | 17 houses | 7 houses""",27.0,council_total,official,"National Bushfire Recovery Agency (Australian Government), NSW - LGA profiles - data as at 31 December 2020 | https://www.bushfirerecovery.gov.au/sites/default/files/video-gallery/NSW%20-%20LGA%20profiles%20-%20data%20as%20at%2031%20December%202020.docx | Coffs Harbour Profile > 2019-20 bushfire impact, Destroyed/Damaged table | ""Destroyed | Damaged | 27 outbuildings | 7 outbuildings | 2 facilities | 0 facilities | 17 houses | 7 houses""",7.0,council_total,official,"National Bushfire Recovery Agency (Australian Government), NSW - LGA profiles - data as at 31 December 2020 | https://www.bushfirerecovery.gov.au/sites/default/files/video-gallery/NSW%20-%20LGA%20profiles%20-%20data%20as%20at%2031%20December%202020.docx | Coffs Harbour Profile > 2019-20 bushfire impact, Destroyed/Damaged table | ""Destroyed | Damaged | 27 outbuildings | 7 outbuildings | 2 facilities | 0 facilities | 17 houses | 7 houses""",,,,,,,,,,,,,,,,,0.0,season_zero,official,"2019/2020 NSW Bushfires Coronial Inquiry, Volume 1 (NSW State Coroner, 2023) | https://coroners.nsw.gov.au/documents/reports/bushfires/2019-20-NSW-Bushfires-Coronial-Inquiry-Vol1.pdf | Part 1 Introduction, para 25, p.15 | ""Twenty-five deaths were reported to the Coroner in connection with the 2019/2020 bushfire season.""",,,,,17.0,"council figure, see DL_homes_destroyed_sourced_source",0.5671582037766064,3106.0,,2015-16,0.3776,5053.0,0.05838140185282293,-1.7964071856287456,0.0,-3.8461538461538436,3.9867109634551534,1.50546607694233,7.146443514644352,4.089635854341744,-8.513708513708519,632.0,764.0,9.0,,,100000.0,6368568.0,22086.0,,,1300000.0,7790654.0,146.0776075889658,406.03588551766705,1874.789204772672,1031116.0896938028,57.774881078533696,161.80781130117379,765.2406106646695,2016,,0.0,,2019Q3,0.534831726763484,0.5743824725278719,0.4853515565672393,0.4926386470850273,0.5126628751051839,0.5647084845550087,-14.231601650915271,12.524721370458591,16.350401459313236,9.572243020865912,2.9524783495926794,0.534831726763484,0.5743824725278719,0.4855074381350448,0.4933231252650592,0.5128275097012261,0.5649807652158428,-14.112433986028227,12.681064598802493,16.369126575295102,9.572319693612075,3.1087449051904184,,,,,97.65,100.96153846153847,,,,,,182694,183161,183892,177102,0.6557412941859075,0.15748634298120567,False,0.6555555555555556,0.3090909090909091,0.03225806451612903,0.7185929648241206,0.06735751295336788,0.32663316582914576,0.7417840375586855,0.6555555555555556,0.17067448680351904,0.37086121453554477,0.7417840375586855,4,0.4847188236133262,1,3,3,Severe,0.4538154518972757,raised: >=10 homes destroyed
871,12160,Cootamundra-Gundagai Regional,1,Dunns Road,2019-12-27,2020-02-14,2543.993965115986,0.0063896693999211,334073.5545276796,50.0,48.49531040542409,-1.317686169033917,36.8,10,27.4,380.7307239680491,0.6111938098567701,11.20702698049364,Eucalypt Open Forests,55.07074733322779,1.514473782850899,193.0,1.469708777043292,2.844213362015918,280260118.0,,2,10.6,54.9,1.6,5,8,0.1499999999999997,-0.9515570934256056,-1.505109737099071,2.272618534998325,1.203745351204813,1.059696220416814,-1.395393289136235,-1.395821329186972,1.910118712469025,0.0,,-2.825,2319164486.0,11.72612997654558,-4.279999999999999,-1.221146533881408,13.77000000000001,390.1199742790832,3.846153846153846,3.846153846153846,5037,,,,,,,,,,,,,,0.0,council_total,official,"National Bushfire Recovery Agency (Australian Government), NSW - LGA profiles - data as at 31 December 2020 | https://www.bushfirerecovery.gov.au/sites/default/files/video-gallery/NSW%20-%20LGA%20profiles%20-%20data%20as%20at%2031%20December%202020.docx | Cootamundra-Gundagai Profile > 2019-20 bushfire impact, Destroyed/Damaged table | ""Destroyed | Damaged | 0 outbuildings | 3 outbuildings | 0 facilities | 0 facilities | 0 houses | 0 houses""",0.0,council_total,official,"National Bushfire Recovery Agency (Australian Government), NSW - LGA profiles - data as at 31 December 2020 | https://www.bushfirerecovery.gov.au/sites/default/files/video-gallery/NSW%20-%20LGA%20profiles%20-%20data%20as%20at%2031%20December%202020.docx | Cootamundra-Gundagai Profile > 2019-20 bushfire impact, Destroyed/Damaged table | ""Destroyed | Damaged | 0 outbuildings | 3 outbuildings | 0 facilities | 0 facilities | 0 houses | 0 houses""",0.0,council_total,official,"National Bushfire Recovery Agency (Australian Government), NSW - LGA profiles - data as at 31 December 2020 | https://www.bushfirerecovery.gov.au/sites/default/files/video-gallery/NSW%20-%20LGA%20profiles%20-%20data%20as%20at%2031%20December%202020.docx | Cootamundra-Gundagai Profile > 2019-20 bushfire impact, Destroyed/Damaged table | ""Destroyed | Damaged | 0 outbuildings | 3 outbuildings | 0 facilities | 0 facilities | 0 houses | 0 houses""",0.0,council_total,official,"National Bushfire Recovery Agency (Australian Government), NSW - LGA profiles - data as at 31 December 2020 | https://www.bushfirerecovery.gov.au/sites/default/files/video-gallery/NSW%20-%20LGA%20profiles%20-%20data%20as%20at%2031%20December%202020.docx | Cootamundra-Gundagai Profile > 2019-20 bushfire impact, Destroyed/Damaged table | ""Destroyed | Damaged | 0 outbuildings | 3 outbuildings | 0 facilities | 0 facilities | 0 houses | 0 houses""",0.0,council_total,official,"National Bushfire Recovery Agency (Australian Government), NSW - LGA profiles - data as at 31 December 2020 | https://www.bushfirerecovery.gov.au/sites/default/files/video-gallery/NSW%20-%20LGA%20profiles%20-%20data%20as%20at%2031%20December%202020.docx | Cootamundra-Gundagai Profile > 2019-20 bushfire impact, Destroyed/Damaged table | ""Destroyed | Damaged | 0 outbuildings | 3 outbuildings | 0 facilities | 0 facilities | 0 houses | 0 houses""",3.0,council_total,official,"National Bushfire Recovery Agency (Australian Government), NSW - LGA profiles - data as at 31 December 2020 | https://www.bushfirerecovery.gov.au/sites/default/files/video-gallery/NSW%20-%20LGA%20profiles%20-%20data%20as%20at%2031%20December%202020.docx | Cootamundra-Gundagai Profile > 2019-20 bushfire impact, Destroyed/Damaged table | ""Destroyed | Damaged | 0 outbuildings | 3 outbuildings | 0 facilities | 0 facilities | 0 houses | 0 houses""",,,,,,,,,,,,,,,,,0.0,season_zero,official,"2019/2020 NSW Bushfires Coronial Inquiry, Volume 1 (NSW State Coroner, 2023) | https://coroners.nsw.gov.au/documents/reports/bushfires/2019-20-NSW-Bushfires-Coronial-Inquiry-Vol1.pdf | Part 1 Introduction, para 25, p.15 | ""Twenty-five deaths were reported to the Coroner in connection with the 2019/2020 bushfire season.""",,,,,0.0,"council figure, see DL_homes_destroyed_sourced_source",0.0,663.7,,2015-16,0.2873,2755.0,0.04325259515570934,-4.0000000000000036,-4.61538461538461,-25.0,-1.3015184381778733,6.046627602543331,0.5970149253731405,25.139664804469277,12.631578947368416,107.0,87.0,,,,,500712.0,1331500.0,,,,1832212.0,9.619660130385085,28.385481682059442,148.73425617665245,1031116.0896938028,4.96167049628658,15.03998546973265,73.11196028547958,2016,,0.0,,2019Q4,0.15840221247611055,0.16385265505268268,0.1668004424644189,0.1961834806807691,0.3237361360730323,0.2293346607768606,19.731645860539302,50.110258592885245,37.49043910706724,5.743760827134848,44.366497765750395,0.15840221247611055,0.16385265505268268,0.16610843584393836,0.19493020267239117,0.3237361360730323,0.22933489969674326,18.96676474953445,49.1513099328168,38.06336718034429,5.743760827134848,43.40754910568195,,,,96.62538461538462,93.88307692307693,101.40615384615384,,,,,,183161,183892,181696,182353,-0.7998427612865178,1.2760567258708555,False,0.21666666666666667,0.012121212121212121,0.7603686635944701,0.8844221105527639,0.27461139896373055,0.7437185929648241,0.1784037558685446,0.21666666666666667,0.3862449378578411,0.6342507008271062,0.1784037558685446,4,0.3538915153050396,1,1,1,Light,0.27941921628721883,from composite Y
871,12700,Dungog,2,"Mt Royal 1; Carters Rd, Stewarts Brook",2019-11-22,2020-01-27,8905.523723898063,0.039580135344538,9708.246074057008,67.0,41.83020420999735,-1.678371319836967,39.0,14,35.7,3651.832297317045,0.08805566099061882,17.36661697767346,Eucalypt Tall Open Forests,80.52656046900285,3.114859625225272,,,4.115114220308522,296886616.0,989.0,2,18.09,47.82,1.532822392535821,10,-41,-0.6500000000000001,-0.9633911368015412,-1.516943780475007,3.634456230329875,2.565583046536363,3.888108867048277,1.433019357495228,-5.59853664398473,6.112834027266782,1.487960594414396,9.27,-1.945000000000001,2319164486.0,2.610199299289474,0.8399999999999999,8.365204700201783,89.84000000000003,644.5737550137757,5.797101449275362,5.797101449275362,3783,,,,,,,,,,,,,,0.0,council_total,official,"National Bushfire Recovery Agency (Australian Government), NSW - LGA profiles - data as at 31 December 2020 | https://www.bushfirerecovery.gov.au/sites/default/files/video-gallery/NSW%20-%20LGA%20profiles%20-%20data%20as%20at%2031%20December%202020.docx | Dungog Profile > 2019-20 bushfire impact, Destroyed/Damaged table | ""Destroyed | Damaged | 0 outbuildings | 0 outbuildings | 0 facilities | 0 facilities | 0 houses | 0 houses""",0.0,council_total,official,"National Bushfire Recovery Agency (Australian Government), NSW - LGA profiles - data as at 31 December 2020 | https://www.bushfirerecovery.gov.au/sites/default/files/video-gallery/NSW%20-%20LGA%20profiles%20-%20data%20as%20at%2031%20December%202020.docx | Dungog Profile > 2019-20 bushfire impact, Destroyed/Damaged table | ""Destroyed | Damaged | 0 outbuildings | 0 outbuildings | 0 facilities | 0 facilities | 0 houses | 0 houses""",0.0,council_total,official,"National Bushfire Recovery Agency (Australian Government), NSW - LGA profiles - data as at 31 December 2020 | https://www.bushfirerecovery.gov.au/sites/default/files/video-gallery/NSW%20-%20LGA%20profiles%20-%20data%20as%20at%2031%20December%202020.docx | Dungog Profile > 2019-20 bushfire impact, Destroyed/Damaged table | ""Destroyed | Damaged | 0 outbuildings | 0 outbuildings | 0 facilities | 0 facilities | 0 houses | 0 houses""",0.0,council_total,official,"National Bushfire Recovery Agency (Australian Government), NSW - LGA profiles - data as at 31 December 2020 | https://www.bushfirerecovery.gov.au/sites/default/files/video-gallery/NSW%20-%20LGA%20profiles%20-%20data%20as%20at%2031%20December%202020.docx | Dungog Profile > 2019-20 bushfire impact, Destroyed/Damaged table | ""Destroyed | Damaged | 0 outbuildings | 0 outbuildings | 0 facilities | 0 facilities | 0 houses | 0 houses""",0.0,council_total,official,"National Bushfire Recovery Agency (Australian Government), NSW - LGA profiles - data as at 31 December 2020 | https://www.bushfirerecovery.gov.au/sites/default/files/video-gallery/NSW%20-%20LGA%20profiles%20-%20data%20as%20at%2031%20December%202020.docx | Dungog Profile > 2019-20 bushfire impact, Destroyed/Damaged table | ""Destroyed | Damaged | 0 outbuildings | 0 outbuildings | 0 facilities | 0 facilities | 0 houses | 0 houses""",0.0,council_total,official,"National Bushfire Recovery Agency (Australian Government), NSW - LGA profiles - data as at 31 December 2020 | https://www.bushfirerecovery.gov.au/sites/default/files/video-gallery/NSW%20-%20LGA%20profiles%20-%20data%20as%20at%2031%20December%202020.docx | Dungog Profile > 2019-20 bushfire impact, Destroyed/Damaged table | ""Destroyed | Damaged | 0 outbuildings | 0 outbuildings | 0 facilities | 0 facilities | 0 houses | 0 houses""",,,,,,,,,,,,,,,,,0.0,season_zero,official,"2019/2020 NSW Bushfires Coronial Inquiry, Volume 1 (NSW State Coroner, 2023) | https://coroners.nsw.gov.au/documents/reports/bushfires/2019-20-NSW-Bushfires-Coronial-Inquiry-Vol1.pdf | Part 1 Introduction, para 25, p.15 | ""Twenty-five deaths were reported to the Coroner in connection with the 2019/2020 bushfire season.""",,,,,0.0,"council figure, see DL_homes_destroyed_sourced_source",0.0,550.5,,2015-16,0.3826,24997.0,0.031791907514450865,-21.212121212121215,9.80392156862746,-11.111111111111116,0.4901960784313708,1.624029893647605,6.10079575596818,-56.41025641025641,9.375,107.0,90.0,3.0,,,100000.0,836126.0,837000.0,,,,1773126.0,1.4820413769818164,3.070969613787657,17.431548062871514,1031116.0896938028,0.4446124192519848,0.921290908421906,9.120815175440882,2016,,0.0,,2019Q4,0.14185459432727454,0.1583560028025602,0.1726175722299427,0.20074151613178026,0.3217644534707269,0.22056794073984856,26.76596565907685,48.29089659737284,27.77838194018365,5.743760827134848,42.54713577023799,0.14185459432727454,0.1583560028025602,0.15641018811896323,0.19708126603074083,0.3217644534707269,0.22056794073984856,24.45455969008239,45.63612397331982,41.01890892944129,5.743760827134848,39.89236314618497,,,,98.54846153846152,95.35076923076923,104.64615384615385,,,,,,183161,183892,181696,182353,-0.7998427612865178,1.2760567258708555,False,0.21666666666666667,0.12727272727272726,0.7788018433179723,0.542713567839196,0.03626943005181347,0.949748743718593,0.5164319248826291,0.21666666666666667,0.4530372852953498,0.5095772472032009,0.5164319248826291,4,0.42392828101196156,1,1,1,Light,0.3727800631282225,from composite Y
871,12750,Eurobodalla,6,"Badja Forest Rd, Countegany; Clyde Mountain Fire; Jinden; Currowan 2; Charleys Forest; Good Good Fire",2019-11-25,2020-03-03,261390.6076490449,0.762478657047281,315470.7851771298,83.0,84.45160659978882,-2.028714486892877,44.7,9,40.4,60923.94964927027,0.665838964482567,15.01798545659026,Eucalypt Woodlands,77.24588843984526,643.0899272079041,1201.0,717.7184080156208,11.32266067940923,1007183719.0,962.0,2,14.07,68.91,9.19552600859364,7,-314,-2.350000000000001,0.9639414494823276,0.4103888058088624,-0.513380666302567,-1.582253850096079,6.414880461665292,3.959790952112242,-1.442199619109061,1.956497002391114,-1.470570326683511,-1.13,2.475000000000001,2319164486.0,0.1524591705473437,2.370000000000001,0.4761813136481203,-5.509999999999991,643.2058890399204,6.849315068493151,6.849315068493151,21960,,,,3.0,,,,,,,,,,510.0,council_total,official,"National Bushfire Recovery Agency (Australian Government), NSW - LGA profiles - data as at 31 December 2020 | https://www.bushfirerecovery.gov.au/sites/default/files/video-gallery/NSW%20-%20LGA%20profiles%20-%20data%20as%20at%2031%20December%202020.docx | Eurobodalla Profile > 2019-20 bushfire impact, Destroyed/Damaged table | ""Destroyed | Damaged | 882 outbuildings | 292 outbuildings | 80 facilities | 37 facilities | 510 houses | 274 houses""",274.0,council_total,official,"National Bushfire Recovery Agency (Australian Government), NSW - LGA profiles - data as at 31 December 2020 | https://www.bushfirerecovery.gov.au/sites/default/files/video-gallery/NSW%20-%20LGA%20profiles%20-%20data%20as%20at%2031%20December%202020.docx | Eurobodalla Profile > 2019-20 bushfire impact, Destroyed/Damaged table | ""Destroyed | Damaged | 882 outbuildings | 292 outbuildings | 80 facilities | 37 facilities | 510 houses | 274 houses""",80.0,council_total,official,"National Bushfire Recovery Agency (Australian Government), NSW - LGA profiles - data as at 31 December 2020 | https://www.bushfirerecovery.gov.au/sites/default/files/video-gallery/NSW%20-%20LGA%20profiles%20-%20data%20as%20at%2031%20December%202020.docx | Eurobodalla Profile > 2019-20 bushfire impact, Destroyed/Damaged table | ""Destroyed | Damaged | 882 outbuildings | 292 outbuildings | 80 facilities | 37 facilities | 510 houses | 274 houses""",37.0,council_total,official,"National Bushfire Recovery Agency (Australian Government), NSW - LGA profiles - data as at 31 December 2020 | https://www.bushfirerecovery.gov.au/sites/default/files/video-gallery/NSW%20-%20LGA%20profiles%20-%20data%20as%20at%2031%20December%202020.docx | Eurobodalla Profile > 2019-20 bushfire impact, Destroyed/Damaged table | ""Destroyed | Damaged | 882 outbuildings | 292 outbuildings | 80 facilities | 37 facilities | 510 houses | 274 houses""",882.0,council_total,official,"National Bushfire Recovery Agency (Australian Government), NSW - LGA profiles - data as at 31 December 2020 | https://www.bushfirerecovery.gov.au/sites/default/files/video-gallery/NSW%20-%20LGA%20profiles%20-%20data%20as%20at%2031%20December%202020.docx | Eurobodalla Profile > 2019-20 bushfire impact, Destroyed/Damaged table | ""Destroyed | Damaged | 882 outbuildings | 292 outbuildings | 80 facilities | 37 facilities | 510 houses | 274 houses""",292.0,council_total,official,"National Bushfire Recovery Agency (Australian Government), NSW - LGA profiles - data as at 31 December 2020 | https://www.bushfirerecovery.gov.au/sites/default/files/video-gallery/NSW%20-%20LGA%20profiles%20-%20data%20as%20at%2031%20December%202020.docx | Eurobodalla Profile > 2019-20 bushfire impact, Destroyed/Damaged table | ""Destroyed | Damaged | 882 outbuildings | 292 outbuildings | 80 facilities | 37 facilities | 510 houses | 274 houses""",,,,,,,,,,,,,,,,,3.0,council_total,official,"Eurobodalla Shire Council Bushfire Recovery Action Plan (Updated April 2020) | https://www.esc.nsw.gov.au/__data/assets/pdf_file/0007/160477/Eurobodalla-Recovery-Plan.pdf | p.3, Event Summary | ""the sad and tragic loss of three lives, one each at Belowra, Nerrigundah and Bodalla rural areas""",,,,,510.0,"council figure, see DL_homes_destroyed_sourced_source",23.224043715847,1482.9,,2015-16,0.2966,3684.0,0.07961442342020707,-0.8968609865470878,-0.8000000000000007,12.12121212121211,-0.9302325581395321,0.37463632378142986,12.241124260355019,-7.776560788608977,0.31250000000000444,323.0,308.0,13.0,10000000.0,6800000.0,250000.0,28674665.0,12963795.0,2999800.0,7842539.0,1416000.0,54146799.0,2739.6630071978707,19154.59713129376,32807.31000447631,1031116.0896938028,1413.7931127196625,11759.863083352235,20746.67598087973,2016,resident,0.0,Coronial Inquiry Vol 1 p.36 para 19: 'three residents',2019Q4,0.17288950842077175,0.17961226567279212,1.3520371709391854,0.3730246666102625,0.3283541143040592,0.24479489762003703,107.68329223674434,151.1672008300949,-81.89436630281463,5.743760827134848,145.42344000296006,0.1728888873082445,0.1796147454478023,0.2595489550612204,0.42035949386883226,0.3283541143040592,0.24479489762003703,134.03395574278875,183.75651275439634,-5.684498879104827,5.743760827134848,178.0127519272615,,,,96.59692307692308,91.79153846153847,101.77999999999999,,,,,,183161,183892,181696,182353,-0.7998427612865178,1.2760567258708555,False,0.9777777777777777,0.38181818181818183,0.2857142857142857,0.17587939698492464,0.2694300518134715,0.5778894472361809,0.7981220657276995,0.9777777777777777,0.33376623376623377,0.3410662986781923,0.7981220657276995,4,0.6126830939874759,2,4,4,Extreme,0.6243951827991131,raised: >=100 homes destroyed
871,13010,Glen Innes Severn,20,"Kingsgate, Red Range; Kaloe Mountain Trail; Mt Spirabo; Kangawalla; Moggs Swamp; Washpool State Forest, Coombadjha; Gulf Rd; Carrot Farm Rd, Deepwater",2019-08-30,2020-02-06,158785.5299288376,0.2897558327869573,174909.5664137549,124.0,55.4831109561431,-3.181743724916855,40.4,6,46.1,44043.90710713685,0.3553519205558386,14.14049794366468,Eucalypt Open Forests,71.98238741523173,88.24610442284472,237.0,76.12949215043476,1.631576190921969,172955055.0,915.0,2,12.35,60.84,8.553108245181857,4,-103,-3.399999999999999,-0.2811621368322399,-0.8347147805057051,-6.968630356922318,-8.03750354071583,2.572419192484062,3.067966716609402,,,-0.2279915686552023,-1.959999999999999,-1.094999999999999,13500000.0,-7.776278596951407,-4.479999999999999,,17.61000000000001,426.2964003924715,-0.8695652173913043,-0.8695652173913043,4032,,,,,,,,,,,,,,75.0,council_total,official,"National Bushfire Recovery Agency (Australian Government), NSW - LGA profiles - data as at 31 December 2020 | https://www.bushfirerecovery.gov.au/sites/default/files/video-gallery/NSW%20-%20LGA%20profiles%20-%20data%20as%20at%2031%20December%202020.docx | Glen Innes Severn Profile > 2019-20 bushfire impact, Destroyed/Damaged table | ""Destroyed | Damaged | 70 outbuildings | 19 outbuildings | 3 facilities | 4 facilities | 75 houses | 17 houses""",17.0,council_total,official,"National Bushfire Recovery Agency (Australian Government), NSW - LGA profiles - data as at 31 December 2020 | https://www.bushfirerecovery.gov.au/sites/default/files/video-gallery/NSW%20-%20LGA%20profiles%20-%20data%20as%20at%2031%20December%202020.docx | Glen Innes Severn Profile > 2019-20 bushfire impact, Destroyed/Damaged table | ""Destroyed | Damaged | 70 outbuildings | 19 outbuildings | 3 facilities | 4 facilities | 75 houses | 17 houses""",3.0,council_total,official,"National Bushfire Recovery Agency (Australian Government), NSW - LGA profiles - data as at 31 December 2020 | https://www.bushfirerecovery.gov.au/sites/default/files/video-gallery/NSW%20-%20LGA%20profiles%20-%20data%20as%20at%2031%20December%202020.docx | Glen Innes Severn Profile > 2019-20 bushfire impact, Destroyed/Damaged table | ""Destroyed | Damaged | 70 outbuildings | 19 outbuildings | 3 facilities | 4 facilities | 75 houses | 17 houses""",4.0,council_total,official,"National Bushfire Recovery Agency (Australian Government), NSW - LGA profiles - data as at 31 December 2020 | https://www.bushfirerecovery.gov.au/sites/default/files/video-gallery/NSW%20-%20LGA%20profiles%20-%20data%20as%20at%2031%20December%202020.docx | Glen Innes Severn Profile > 2019-20 bushfire impact, Destroyed/Damaged table | ""Destroyed | Damaged | 70 outbuildings | 19 outbuildings | 3 facilities | 4 facilities | 75 houses | 17 houses""",70.0,council_total,official,"National Bushfire Recovery Agency (Australian Government), NSW - LGA profiles - data as at 31 December 2020 | https://www.bushfirerecovery.gov.au/sites/default/files/video-gallery/NSW%20-%20LGA%20profiles%20-%20data%20as%20at%2031%20December%202020.docx | Glen Innes Severn Profile > 2019-20 bushfire impact, Destroyed/Damaged table | ""Destroyed | Damaged | 70 outbuildings | 19 outbuildings | 3 facilities | 4 facilities | 75 houses | 17 houses""",19.0,council_total,official,"National Bushfire Recovery Agency (Australian Government), NSW - LGA profiles - data as at 31 December 2020 | https://www.bushfirerecovery.gov.au/sites/default/files/video-gallery/NSW%20-%20LGA%20profiles%20-%20data%20as%20at%2031%20December%202020.docx | Glen Innes Severn Profile > 2019-20 bushfire impact, Destroyed/Damaged table | ""Destroyed | Damaged | 70 outbuildings | 19 outbuildings | 3 facilities | 4 facilities | 75 houses | 17 houses""",,,,,,,,,,,,,,,,,2.0,council_total,official,"NSW RFS Bush Fire Bulletin Vol 42 No 1 (2020), ""Spring fires torment northern NSW"" | https://www.rfs.nsw.gov.au/__data/assets/pdf_file/0007/174823/Bush-Fire-Bulletin-Vol-42-No1.pdf | Incidents, p.9 (PDF p.11), Kangawalla fire paragraph | ""The town lost its school, more than half of its buildings and two of its residents.""",,,,,75.0,"council figure, see DL_homes_destroyed_sourced_source",18.60119047619047,479.9,,2015-16,0.2973,779.0,0.04029990627928772,-6.976744186046513,-5.1724137931034475,-40.0,0.0,2.797319932998321,-10.239651416122008,-273.84615384615387,25.806451612903224,77.0,72.0,,,1300000.0,250000.0,9337956.0,3427782.0,,50000.0,1300000.0,14365738.0,182.11711039078725,385.30907933566345,855.223791450224,1031116.0896938028,91.40977351568021,140.93227499537318,379.1156066018889,2016,resident,0.0,"NSW RFS Bush Fire Bulletin Vol 42 No 1 (2020), ""Spring fires torment northern NSW"" Incidents, p.9 (PDF p.11), Kangawalla fire paragraph: 'The town lost its school, more than half of its buildings and two of its residents.' (Wytaliba)",2019Q3,0.15960205439888897,0.22305726532299786,0.15679205920024666,0.19615455263580014,0.1881388390235242,0.22451367849555906,-12.060899539963987,53.596390770468915,43.19199559004572,9.572243020865912,44.024147749603,0.15806673023776915,0.22305726532299786,0.1346001324913264,0.16412029412687676,0.18496284321707637,0.22451367849555906,-26.42234993367173,28.49970682845324,66.80048848393716,9.572319693612075,18.92738713484117,,,,,98.08384615384615,100.18846153846154,,,,,,182694,183161,183892,177102,0.6557412941859075,0.15748634298120567,False,0.9666666666666667,0.8909090909090909,0.5944700460829493,0.8241206030150754,,0.7738693467336684,0.7183098591549296,0.9666666666666667,0.7426895684960201,0.7989949748743719,0.7183098591549296,4,0.806665267297997,4,4,4,Extreme,0.8829785109915327,from composite Y
871,13310,Goulburn Mulwaree,4,"Morton Fire; Jacqua Creek, Bungonia; Charleys Forest; Currowan 2",2019-11-25,2020-02-09,10328.82426389122,0.03207630104513928,315470.7851771298,76.0,71.53012340543465,-2.146006137593151,44.3,11,41.3,2828.868359224245,0.7528325688438745,10.89483749138273,Eucalypt Woodlands,80.31806125469393,2.731128139475732,312.0,0.0003209081242959156,9.779261357390046,990634872.0,960.0,1,22.14,70.33,4.737157705376774,5,-85,-1.15,1.437282229965157,0.8837295862916916,3.197723440134907,2.128850256341395,28.0088917116545,1.463310153847999,,,-0.0156952035774358,3.17,0.614999999999998,2319164486.0,0.5188851593564121,0.3099999999999987,,-2.86999999999999,669.2041855391163,0.0,0.0,12876,,,,,,,,,,,,,,1.0,council_total,official,"National Bushfire Recovery Agency (Australian Government), NSW - LGA profiles - data as at 31 December 2020 | https://www.bushfirerecovery.gov.au/sites/default/files/video-gallery/NSW%20-%20LGA%20profiles%20-%20data%20as%20at%2031%20December%202020.docx | Goulburn Mulwaree Profile > 2019-20 bushfire impact, Destroyed/Damaged table | ""Destroyed | Damaged | 11 outbuildings | 2 outbuildings | 0 facilities | 0 facilities | 1 houses | 2 houses""",2.0,council_total,official,"National Bushfire Recovery Agency (Australian Government), NSW - LGA profiles - data as at 31 December 2020 | https://www.bushfirerecovery.gov.au/sites/default/files/video-gallery/NSW%20-%20LGA%20profiles%20-%20data%20as%20at%2031%20December%202020.docx | Goulburn Mulwaree Profile > 2019-20 bushfire impact, Destroyed/Damaged table | ""Destroyed | Damaged | 11 outbuildings | 2 outbuildings | 0 facilities | 0 facilities | 1 houses | 2 houses""",0.0,council_total,official,"National Bushfire Recovery Agency (Australian Government), NSW - LGA profiles - data as at 31 December 2020 | https://www.bushfirerecovery.gov.au/sites/default/files/video-gallery/NSW%20-%20LGA%20profiles%20-%20data%20as%20at%2031%20December%202020.docx | Goulburn Mulwaree Profile > 2019-20 bushfire impact, Destroyed/Damaged table | ""Destroyed | Damaged | 11 outbuildings | 2 outbuildings | 0 facilities | 0 facilities | 1 houses | 2 houses""",0.0,council_total,official,"National Bushfire Recovery Agency (Australian Government), NSW - LGA profiles - data as at 31 December 2020 | https://www.bushfirerecovery.gov.au/sites/default/files/video-gallery/NSW%20-%20LGA%20profiles%20-%20data%20as%20at%2031%20December%202020.docx | Goulburn Mulwaree Profile > 2019-20 bushfire impact, Destroyed/Damaged table | ""Destroyed | Damaged | 11 outbuildings | 2 outbuildings | 0 facilities | 0 facilities | 1 houses | 2 houses""",11.0,council_total,official,"National Bushfire Recovery Agency (Australian Government), NSW - LGA profiles - data as at 31 December 2020 | https://www.bushfirerecovery.gov.au/sites/default/files/video-gallery/NSW%20-%20LGA%20profiles%20-%20data%20as%20at%2031%20December%202020.docx | Goulburn Mulwaree Profile > 2019-20 bushfire impact, Destroyed/Damaged table | ""Destroyed | Damaged | 11 outbuildings | 2 outbuildings | 0 facilities | 0 facilities | 1 houses | 2 houses""",2.0,council_total,official,"National Bushfire Recovery Agency (Australian Government), NSW - LGA profiles - data as at 31 December 2020 | https://www.bushfirerecovery.gov.au/sites/default/files/video-gallery/NSW%20-%20LGA%20profiles%20-%20data%20as%20at%2031%20December%202020.docx | Goulburn Mulwaree Profile > 2019-20 bushfire impact, Destroyed/Damaged table | ""Destroyed | Damaged | 11 outbuildings | 2 outbuildings | 0 facilities | 0 facilities | 1 houses | 2 houses""",,,,,,,,,,,,,,,,,0.0,season_zero,official,"2019/2020 NSW Bushfires Coronial Inquiry, Volume 1 (NSW State Coroner, 2023) | https://coroners.nsw.gov.au/documents/reports/bushfires/2019-20-NSW-Bushfires-Coronial-Inquiry-Vol1.pdf | Part 1 Introduction, para 25, p.15 | ""Twenty-five deaths were reported to the Coroner in connection with the 2019/2020 bushfire season.""",,,,,1.0,"council figure, see DL_homes_destroyed_sourced_source",0.07766387076731904,1170.1,,2015-16,0.3543,2727.0,0.039198606271777,2.2222222222222143,-1.851851851851849,9.523809523809534,2.079002079002068,-0.7441039223105017,6.609914872308464,-2.6936026936026924,-3.688524590163933,233.0,254.0,5.0,,,100000.0,3143620.0,1494851.0,,,,4738471.0,22.0597005814074,52.30004242721519,465.7630143434629,1031116.0896938028,21.517087946387022,48.917539148706254,313.0781759191157,2016,,0.0,,2019Q4,0.27310126244399274,0.30041514111212403,0.31026668134288027,0.32654043069860833,0.4478618139995359,0.34244439558432743,8.696395757474008,40.6498452470099,10.370986050508947,5.743760827134848,34.90608441987505,0.27310126244399274,0.30041514111212403,0.3110262159908165,0.32642959149397405,0.4478618139995359,0.34244439558432743,8.65950041184529,40.60210378680003,10.101457040662654,5.743760827134848,34.85834295966518,,,,98.77189694924074,96.33787278023114,102.35494156505901,,,,,,183161,183892,181696,182353,-0.7998427612865178,1.2760567258708555,False,0.4666666666666667,0.3393939393939394,0.1935483870967742,0.3869346733668342,,0.5879396984924623,0.5305164319248826,0.4666666666666667,0.2664711632453568,0.48743718592964824,0.5305164319248826,4,0.43777286194163856,1,1,1,Light,0.3912352528661705,from composite Y
871,13340,Greater Hume Shire,1,"Green Valley, Talmalmo",2019-12-28,2020-02-18,31408.34834293623,0.0546290336891299,208738.3002967127,53.0,47.33760888098195,-1.046729841901897,37.1,10,21.2,5328.809590688249,0.6618024469770679,13.29585243960791,Eucalypt Open Forests,47.0613552344269,35.71187858432485,14.0,2.106546216846971,1.861241740968059,294306441.0,987.0,2,12.24,55.26,2.839424450405881,5,-17,-0.2500000000000006,-0.4573170731707316,-1.010869716844197,0.6709250494003033,-0.3979481343932088,4.579011307354452,2.123921797801403,-1.265832918007931,1.780130301289983,-0.3172787811145423,4.26,-5.955,2319164486.0,9.457814412534097,-1.820000000000001,9.039905226420853,-0.3199999999999932,1380.658281355537,0.0,0.0,4317,,,,,,,,,,,,,,8.0,council_total,official,"National Bushfire Recovery Agency (Australian Government), NSW - LGA profiles - data as at 31 December 2020 | https://www.bushfirerecovery.gov.au/sites/default/files/video-gallery/NSW%20-%20LGA%20profiles%20-%20data%20as%20at%2031%20December%202020.docx | Greater Hume Profile > 2019-20 bushfire impact, Destroyed/Damaged table | ""Destroyed | Damaged | 22 outbuildings | 7 outbuildings | 0 facilities | 0 facilities | 8 houses | 4 houses""",4.0,council_total,official,"National Bushfire Recovery Agency (Australian Government), NSW - LGA profiles - data as at 31 December 2020 | https://www.bushfirerecovery.gov.au/sites/default/files/video-gallery/NSW%20-%20LGA%20profiles%20-%20data%20as%20at%2031%20December%202020.docx | Greater Hume Profile > 2019-20 bushfire impact, Destroyed/Damaged table | ""Destroyed | Damaged | 22 outbuildings | 7 outbuildings | 0 facilities | 0 facilities | 8 houses | 4 houses""",0.0,council_total,official,"National Bushfire Recovery Agency (Australian Government), NSW - LGA profiles - data as at 31 December 2020 | https://www.bushfirerecovery.gov.au/sites/default/files/video-gallery/NSW%20-%20LGA%20profiles%20-%20data%20as%20at%2031%20December%202020.docx | Greater Hume Profile > 2019-20 bushfire impact, Destroyed/Damaged table | ""Destroyed | Damaged | 22 outbuildings | 7 outbuildings | 0 facilities | 0 facilities | 8 houses | 4 houses""",0.0,council_total,official,"National Bushfire Recovery Agency (Australian Government), NSW - LGA profiles - data as at 31 December 2020 | https://www.bushfirerecovery.gov.au/sites/default/files/video-gallery/NSW%20-%20LGA%20profiles%20-%20data%20as%20at%2031%20December%202020.docx | Greater Hume Profile > 2019-20 bushfire impact, Destroyed/Damaged table | ""Destroyed | Damaged | 22 outbuildings | 7 outbuildings | 0 facilities | 0 facilities | 8 houses | 4 houses""",22.0,council_total,official,"National Bushfire Recovery Agency (Australian Government), NSW - LGA profiles - data as at 31 December 2020 | https://www.bushfirerecovery.gov.au/sites/default/files/video-gallery/NSW%20-%20LGA%20profiles%20-%20data%20as%20at%2031%20December%202020.docx | Greater Hume Profile > 2019-20 bushfire impact, Destroyed/Damaged table | ""Destroyed | Damaged | 22 outbuildings | 7 outbuildings | 0 facilities | 0 facilities | 8 houses | 4 houses""",7.0,council_total,official,"National Bushfire Recovery Agency (Australian Government), NSW - LGA profiles - data as at 31 December 2020 | https://www.bushfirerecovery.gov.au/sites/default/files/video-gallery/NSW%20-%20LGA%20profiles%20-%20data%20as%20at%2031%20December%202020.docx | Greater Hume Profile > 2019-20 bushfire impact, Destroyed/Damaged table | ""Destroyed | Damaged | 22 outbuildings | 7 outbuildings | 0 facilities | 0 facilities | 8 houses | 4 houses""",,,,,,,,,,,,,,,,,1.0,council_total,official,"2019/2020 NSW Bushfires Coronial Inquiry, Volume 1 (NSW State Coroner, 2023) | https://coroners.nsw.gov.au/documents/reports/bushfires/2019-20-NSW-Bushfires-Coronial-Inquiry-Vol1.pdf | Part 4, Southern Region, 'Greater Hume LGA', para 24, p.36 | ""Samuel McPaul, an RFS firefighter of the Morven Brigade, died on duty at the Green Valley, Talmalmo Fire, at a private property in Jingellic""",,,,,8.0,"council figure, see DL_homes_destroyed_sourced_source",1.853138753764188,551.2,,2015-16,0.3677,5040.0,0.025914634146341462,-17.647058823529417,0.0,0.0,0.0,5.485986881335725,25.396825396825395,14.16666666666666,-14.634146341463417,105.0,110.0,,,,250000.0,451054.0,1217782.0,156310.0,,,2075146.0,52.118359695202145,71.15764324445577,128.67305038826603,1031116.0896938028,33.34303910669624,46.974643218075016,84.96769628842972,2016,responder,1.0,"Coronial Inquiry Vol 1 p.36 para 24: Samuel McPaul, RFS firefighter, died on duty",2019Q4,0.14473717172711034,0.16417383851291556,0.2066331312641727,0.1800085857355158,0.31570484873441734,0.20723808093649343,9.645109943235287,46.999359746618886,0.2927650898089995,5.743760827134848,41.25559891948404,0.14473808632477536,0.16417383851291556,0.15816732065774639,0.17276459021291926,0.31570484873441734,0.20724024078294997,5.232716599562148,41.08310724552708,31.025953984129906,5.743760827134848,35.33934641839223,,,,98.08703383456051,94.66281586629033,102.4484092995011,,,,,,183161,183892,181696,182353,-0.7998427612865178,1.2760567258708555,False,0.7777777777777778,0.01818181818181818,0.6728110599078341,0.9095477386934674,0.29533678756476683,0.6180904522613065,0.6197183098591549,0.7777777777777778,0.34549643904482613,0.6076583261731803,0.6197183098591549,4,0.5876627132137348,2,3,2,Severe,0.5910423585539756,raised one level: one death
871,13660,Gwydir,5,"Kaputar Fire; Bora Link Rd, Bingara; Mt Waa Wilderness; Bates in Bullala; Bamboo Road Bullala",2019-10-16,2020-02-05,4906.837425216618,0.005299158276594535,19808.36682372261,49.0,50.75137277679231,-1.815511275904851,37.6,6,38.9,3035.739587242956,0.4573956842153677,15.79673819005537,Eucalypt Woodlands,54.60269138894304,0.012300914365533,,,0.5606040761089313,89995397.0,941.0,2,1.97,55.16,6.057895301821305,7,-11,-0.8500000000000003,-0.4137931034482758,-0.967345747121741,-16.2621434078643,-17.33101659165781,11.55846657676748,9.103377067214431,-1.184427087208618,1.698724470490671,0.5234133674222061,4.07,0.1849999999999998,,-35.46636540617359,-0.3899999999999999,10.0317700315111,-16.91999999999999,-43.61811483107288,4.545454545454546,4.545454545454546,2347,,,,,,,,,,,,,,0.0,council_total,official,"National Bushfire Recovery Agency (Australian Government), NSW - LGA profiles - data as at 31 December 2020 | https://www.bushfirerecovery.gov.au/sites/default/files/video-gallery/NSW%20-%20LGA%20profiles%20-%20data%20as%20at%2031%20December%202020.docx | Gwydir Profile > 2019-20 bushfire impact, Destroyed/Damaged table | ""Destroyed | Damaged | 0 outbuildings | 0 outbuildings | 0 facilities | 0 facilities | 0 houses | 0 houses""",0.0,council_total,official,"National Bushfire Recovery Agency (Australian Government), NSW - LGA profiles - data as at 31 December 2020 | https://www.bushfirerecovery.gov.au/sites/default/files/video-gallery/NSW%20-%20LGA%20profiles%20-%20data%20as%20at%2031%20December%202020.docx | Gwydir Profile > 2019-20 bushfire impact, Destroyed/Damaged table | ""Destroyed | Damaged | 0 outbuildings | 0 outbuildings | 0 facilities | 0 facilities | 0 houses | 0 houses""",0.0,council_total,official,"National Bushfire Recovery Agency (Australian Government), NSW - LGA profiles - data as at 31 December 2020 | https://www.bushfirerecovery.gov.au/sites/default/files/video-gallery/NSW%20-%20LGA%20profiles%20-%20data%20as%20at%2031%20December%202020.docx | Gwydir Profile > 2019-20 bushfire impact, Destroyed/Damaged table | ""Destroyed | Damaged | 0 outbuildings | 0 outbuildings | 0 facilities | 0 facilities | 0 houses | 0 houses""",0.0,council_total,official,"National Bushfire Recovery Agency (Australian Government), NSW - LGA profiles - data as at 31 December 2020 | https://www.bushfirerecovery.gov.au/sites/default/files/video-gallery/NSW%20-%20LGA%20profiles%20-%20data%20as%20at%2031%20December%202020.docx | Gwydir Profile > 2019-20 bushfire impact, Destroyed/Damaged table | ""Destroyed | Damaged | 0 outbuildings | 0 outbuildings | 0 facilities | 0 facilities | 0 houses | 0 houses""",0.0,council_total,official,"National Bushfire Recovery Agency (Australian Government), NSW - LGA profiles - data as at 31 December 2020 | https://www.bushfirerecovery.gov.au/sites/default/files/video-gallery/NSW%20-%20LGA%20profiles%20-%20data%20as%20at%2031%20December%202020.docx | Gwydir Profile > 2019-20 bushfire impact, Destroyed/Damaged table | ""Destroyed | Damaged | 0 outbuildings | 0 outbuildings | 0 facilities | 0 facilities | 0 houses | 0 houses""",0.0,council_total,official,"National Bushfire Recovery Agency (Australian Government), NSW - LGA profiles - data as at 31 December 2020 | https://www.bushfirerecovery.gov.au/sites/default/files/video-gallery/NSW%20-%20LGA%20profiles%20-%20data%20as%20at%2031%20December%202020.docx | Gwydir Profile > 2019-20 bushfire impact, Destroyed/Damaged table | ""Destroyed | Damaged | 0 outbuildings | 0 outbuildings | 0 facilities | 0 facilities | 0 houses | 0 houses""",,,,,,,,,,,,,,,,,0.0,season_zero,official,"2019/2020 NSW Bushfires Coronial Inquiry, Volume 1 (NSW State Coroner, 2023) | https://coroners.nsw.gov.au/documents/reports/bushfires/2019-20-NSW-Bushfires-Coronial-Inquiry-Vol1.pdf | Part 1 Introduction, para 25, p.15 | ""Twenty-five deaths were reported to the Coroner in connection with the 2019/2020 bushfire season.""",,,,,0.0,"council figure, see DL_homes_destroyed_sourced_source",0.0,264.8,,2015-16,0.226,4042.0,0.03310344827586207,-20.833333333333336,-8.333333333333337,0.0,0.22675736961450532,-1.0681293302540418,-12.73885350318471,221.58273381294964,-6.349206349206349,54.0,57.0,,,,,0.0,1600000.0,,,,1600000.0,9.47065601256128,24.53395189139971,129.97681495916757,1031116.0896938028,3.5691620996361277,9.640134700485875,62.17976915499329,2016,,0.0,,2019Q4,0.11399614695494638,0.10803122743715877,0.13936309760849017,0.1665881279648135,0.2683887466982195,0.1911581449387992,54.20367972928659,101.55924014238234,37.165539672357006,5.743760827134848,95.81547931524749,0.11399614695494638,0.10803122743715877,0.12184700235715279,0.1663951536344618,0.2683887466982195,0.1911570054535434,54.025051442883054,101.32540579676252,56.88281349198239,5.743760827134848,95.58164496962767,,,,98.0729187737538,94.77604610987217,102.69108600056538,,,,,,183161,183892,181696,182353,-0.7998427612865178,1.2760567258708555,False,0.21666666666666667,1.0,0.6543778801843319,0.46733668341708545,0.30569948186528495,0.4321608040201005,0.9671361502347418,0.21666666666666667,0.8271889400921659,0.40173232310082363,0.9671361502347418,4,0.6031810200235995,2,2,2,Moderate,0.6117286688180759,from composite Y
871,13800,Hawkesbury,7,"Gospers Mountain; Three Mile; Thompson Creek; Little L Complex; Grose Valley; Cabbage Tree Ck, Grose Vale; Kurts Rd, Bilpin",2019-10-23,2020-02-09,203353.4740394917,0.7327689242656404,479513.8568877548,110.0,90.01341073038688,-2.153056158108491,43.9,8,38.9,70106.9971249329,0.2718998180023475,15.02770512846972,Eucalypt Open Forests,72.67025077689088,160.9283814773429,90.0,33.58016345846443,24.1389814949009,2666694813.0,1028.0,2,12.7,67.6,1.330768387858717,8,410,1.15,0.0868809730668983,-0.4666716706065669,2.588990616571059,1.520117432777547,3.89616205645703,1.441072546903981,7.462201102297087,-6.947903719015034,0.8163813875074071,-5.32,-4.374999999999998,,-0.4429347815020703,-2.379999999999999,10.55088541878688,-23.11999999999999,-205.6299484555222,-1.19047619047619,-1.19047619047619,22825,,,,,,,,,,,,,,19.0,council_total,official,"National Bushfire Recovery Agency (Australian Government), NSW - LGA profiles - data as at 31 December 2020 | https://www.bushfirerecovery.gov.au/sites/default/files/video-gallery/NSW%20-%20LGA%20profiles%20-%20data%20as%20at%2031%20December%202020.docx | Hawkesbury Profile > 2019-20 bushfire impact, Destroyed/Damaged table | ""Destroyed | Damaged | 65 outbuildings | 29 outbuildings | 7 facilities | 5 facilities | 19 houses | 13 houses""",13.0,council_total,official,"National Bushfire Recovery Agency (Australian Government), NSW - LGA profiles - data as at 31 December 2020 | https://www.bushfirerecovery.gov.au/sites/default/files/video-gallery/NSW%20-%20LGA%20profiles%20-%20data%20as%20at%2031%20December%202020.docx | Hawkesbury Profile > 2019-20 bushfire impact, Destroyed/Damaged table | ""Destroyed | Damaged | 65 outbuildings | 29 outbuildings | 7 facilities | 5 facilities | 19 houses | 13 houses""",7.0,council_total,official,"National Bushfire Recovery Agency (Australian Government), NSW - LGA profiles - data as at 31 December 2020 | https://www.bushfirerecovery.gov.au/sites/default/files/video-gallery/NSW%20-%20LGA%20profiles%20-%20data%20as%20at%2031%20December%202020.docx | Hawkesbury Profile > 2019-20 bushfire impact, Destroyed/Damaged table | ""Destroyed | Damaged | 65 outbuildings | 29 outbuildings | 7 facilities | 5 facilities | 19 houses | 13 houses""",5.0,council_total,official,"National Bushfire Recovery Agency (Australian Government), NSW - LGA profiles - data as at 31 December 2020 | https://www.bushfirerecovery.gov.au/sites/default/files/video-gallery/NSW%20-%20LGA%20profiles%20-%20data%20as%20at%2031%20December%202020.docx | Hawkesbury Profile > 2019-20 bushfire impact, Destroyed/Damaged table | ""Destroyed | Damaged | 65 outbuildings | 29 outbuildings | 7 facilities | 5 facilities | 19 houses | 13 houses""",65.0,council_total,official,"National Bushfire Recovery Agency (Australian Government), NSW - LGA profiles - data as at 31 December 2020 | https://www.bushfirerecovery.gov.au/sites/default/files/video-gallery/NSW%20-%20LGA%20profiles%20-%20data%20as%20at%2031%20December%202020.docx | Hawkesbury Profile > 2019-20 bushfire impact, Destroyed/Damaged table | ""Destroyed | Damaged | 65 outbuildings | 29 outbuildings | 7 facilities | 5 facilities | 19 houses | 13 houses""",29.0,council_total,official,"National Bushfire Recovery Agency (Australian Government), NSW - LGA profiles - data as at 31 December 2020 | https://www.bushfirerecovery.gov.au/sites/default/files/video-gallery/NSW%20-%20LGA%20profiles%20-%20data%20as%20at%2031%20December%202020.docx | Hawkesbury Profile > 2019-20 bushfire impact, Destroyed/Damaged table | ""Destroyed | Damaged | 65 outbuildings | 29 outbuildings | 7 facilities | 5 facilities | 19 houses | 13 houses""",,,,,,,,,,,,,,,,,0.0,season_zero,official,"2019/2020 NSW Bushfires Coronial Inquiry, Volume 1 (NSW State Coroner, 2023) | https://coroners.nsw.gov.au/documents/reports/bushfires/2019-20-NSW-Bushfires-Coronial-Inquiry-Vol1.pdf | Part 1 Introduction, para 25, p.15 | ""Twenty-five deaths were reported to the Coroner in connection with the 2019/2020 bushfire season.""",,,,,19.0,"council figure, see DL_homes_destroyed_sourced_source",0.8324205914567361,2832.6,,2015-16,0.4383,,0.03243556327830872,-0.44642857142856984,0.5540166204986097,-4.1666666666666625,-3.11804008908686,-1.471353199078551,0.2846299810246755,-3.0021443888491928,1.7639077340569909,753.0,738.0,14.0,,,250000.0,5551886.0,7095885.0,1502508.0,,1300000.0,15700279.0,1307.3339718428754,3096.945898218161,13620.698096399883,1031116.0896938028,580.0068074765945,1347.3245274396386,4982.643308599697,2016,,0.0,,2019Q4,0.30391122590557007,0.3533249301872015,0.5559702648082697,0.3577177336507719,0.5056054728958523,0.3974664939318211,1.2432758314685044,15.370524395013119,-28.50939715833719,5.743760827134848,9.626763567878271,0.30392505250885665,0.3533336904657583,0.8825007397075012,0.5960326162557125,0.5056054728958523,0.3974664939318211,68.68830579671943,92.26166382097492,-54.96134155495908,5.743760827134848,86.51790299384007,,,,97.54900247503785,95.568600481728,103.59455267297218,,,,,,183161,183892,181696,182353,-0.7998427612865178,1.2760567258708555,False,0.7,0.4909090909090909,0.48847926267281105,0.8693467336683417,0.9378238341968912,0.3869346733668342,0.5258215962441315,0.7,0.48969417679095095,0.7313684137440223,0.5258215962441315,4,0.6117210466947762,2,3,3,Severe,0.6231127485084808,raised: >=10 homes destroyed
871,14220,Inverell,19,"Bedwell Downs Rd, Yetman; Dthinna Dthinnawan NP; Campbells Creek; Staggs Lane, Inverell; Wandsworth; Yetman Rd, Wallangra; Aston Rd, Stanborough; Rocky Creek Rd, Yellow Dam",2019-10-16,2020-01-14,10321.08620678401,0.01097432593446408,74177.83456784421,43.0,54.67784868447752,-2.672047084338665,41.7,6,31.8,6006.483186230806,0.3738753569530038,3.805337120858813,Callitris Forests and Woodlands,39.64271469722389,4.895996912256509,22.0,0.0104961177325752,1.911160612304642,388909185.0,916.0,2,22.71,67.59,1.785935755922113,4,3,-0.6499999999999995,-1.698754246885617,-2.252306890559082,0.2014574576566269,-0.8674157261368852,23.97908089462557,-2.566500663180925,2.935461960733047,-2.421164577450995,0.4584650671036889,1.779999999999999,-2.365000000000002,2319164486.0,-1.781344574467203,0.0999999999999978,5.049447504391954,-24.63999999999998,494.9171813258554,0.0,0.0,6765,,,,,,,,,,,,,,1.0,council_total,official,"National Bushfire Recovery Agency (Australian Government), NSW - LGA profiles - data as at 31 December 2020 | https://www.bushfirerecovery.gov.au/sites/default/files/video-gallery/NSW%20-%20LGA%20profiles%20-%20data%20as%20at%2031%20December%202020.docx | Inverell Profile > 2019-20 bushfire impact, Destroyed/Damaged table | ""Destroyed | Damaged | 1 outbuildings | 0 outbuildings | 1 facilities | 1 facilities | 1 houses | 0 houses""",0.0,council_total,official,"National Bushfire Recovery Agency (Australian Government), NSW - LGA profiles - data as at 31 December 2020 | https://www.bushfirerecovery.gov.au/sites/default/files/video-gallery/NSW%20-%20LGA%20profiles%20-%20data%20as%20at%2031%20December%202020.docx | Inverell Profile > 2019-20 bushfire impact, Destroyed/Damaged table | ""Destroyed | Damaged | 1 outbuildings | 0 outbuildings | 1 facilities | 1 facilities | 1 houses | 0 houses""",1.0,council_total,official,"National Bushfire Recovery Agency (Australian Government), NSW - LGA profiles - data as at 31 December 2020 | https://www.bushfirerecovery.gov.au/sites/default/files/video-gallery/NSW%20-%20LGA%20profiles%20-%20data%20as%20at%2031%20December%202020.docx | Inverell Profile > 2019-20 bushfire impact, Destroyed/Damaged table | ""Destroyed | Damaged | 1 outbuildings | 0 outbuildings | 1 facilities | 1 facilities | 1 houses | 0 houses""",1.0,council_total,official,"National Bushfire Recovery Agency (Australian Government), NSW - LGA profiles - data as at 31 December 2020 | https://www.bushfirerecovery.gov.au/sites/default/files/video-gallery/NSW%20-%20LGA%20profiles%20-%20data%20as%20at%2031%20December%202020.docx | Inverell Profile > 2019-20 bushfire impact, Destroyed/Damaged table | ""Destroyed | Damaged | 1 outbuildings | 0 outbuildings | 1 facilities | 1 facilities | 1 houses | 0 houses""",1.0,council_total,official,"National Bushfire Recovery Agency (Australian Government), NSW - LGA profiles - data as at 31 December 2020 | https://www.bushfirerecovery.gov.au/sites/default/files/video-gallery/NSW%20-%20LGA%20profiles%20-%20data%20as%20at%2031%20December%202020.docx | Inverell Profile > 2019-20 bushfire impact, Destroyed/Damaged table | ""Destroyed | Damaged | 1 outbuildings | 0 outbuildings | 1 facilities | 1 facilities | 1 houses | 0 houses""",0.0,council_total,official,"National Bushfire Recovery Agency (Australian Government), NSW - LGA profiles - data as at 31 December 2020 | https://www.bushfirerecovery.gov.au/sites/default/files/video-gallery/NSW%20-%20LGA%20profiles%20-%20data%20as%20at%2031%20December%202020.docx | Inverell Profile > 2019-20 bushfire impact, Destroyed/Damaged table | ""Destroyed | Damaged | 1 outbuildings | 0 outbuildings | 1 facilities | 1 facilities | 1 houses | 0 houses""",,,,,,,,,,,,,,,,,0.0,season_zero,official,"2019/2020 NSW Bushfires Coronial Inquiry, Volume 1 (NSW State Coroner, 2023) | https://coroners.nsw.gov.au/documents/reports/bushfires/2019-20-NSW-Bushfires-Coronial-Inquiry-Vol1.pdf | Part 1 Introduction, para 25, p.15 | ""Twenty-five deaths were reported to the Coroner in connection with the 2019/2020 bushfire season.""",,,,,1.0,"council figure, see DL_homes_destroyed_sourced_source",0.147819660014782,965.2,,2015-16,0.3422,4042.0,0.03227633069082673,-7.017543859649122,0.0,-5.882352941176472,-1.8181818181818188,5.5361203428371475,4.675324675324677,-311.340206185567,-13.690476190476186,146.0,132.0,6.0,,,,840887.0,1564471.0,,325373.0,1275000.0,4005731.0,80.31766829055698,336.08423425121697,11656.570217006689,1031116.0896938028,35.48742441367388,148.04880330056676,5234.039835139203,2016,,0.0,,2019Q4,0.12087069026896317,0.12159658515159379,0.13149632725472177,0.17137264242437297,0.27806617697559965,0.1998325723374572,40.93540719973645,39.248237288629625,51.968177750212874,5.743760827134848,33.504476461494775,0.1208712854595088,0.12159658515159379,0.1302484240640904,0.17048039231111264,0.27806617697559965,0.19983197761754526,40.201628276464916,64.49803246382402,53.42372013592684,5.743760827134848,58.75427163668917,,,,98.08384615384615,94.69538461538461,102.7623076923077,,,,,,183161,183892,181696,182353,-0.7998427612865178,1.2760567258708555,False,0.5444444444444444,0.6727272727272727,0.8986175115207373,0.6582914572864321,0.694300518134715,0.35175879396984927,0.07042253521126761,0.5444444444444444,0.785672392124005,0.5681169231303321,0.07042253521126761,4,0.49216407372751225,2,2,2,Moderate,0.4637401657041954,from composite Y
871,14350,Kempsey,17,"Carrai East; Gilmores Gully Fire; Old Station Rd, Verges Creek; Kian Road; Carrai Creek; Stockyard East; Granite Creek; Burnt Bridge Rd, South Kempsey",2019-08-04,2020-01-28,158148.236288261,0.4684943064591288,238717.6613517903,95.0,49.13028477358927,-1.929661814790109,39.8,10,34.0,48622.25942402323,0.3550740090655793,16.3140042710158,Eucalypt Tall Open Forests,71.65702955000019,305.5847643984161,65.0,1.476309607576892,8.91082257319909,628789955.0,888.0,2,11.33,73.69,9.475393028024609,14,138,1.45,-1.582278481012658,-2.135831124686123,1.280644984369001,0.2117718005754891,6.582446808510639,4.127357298957589,-1.679396079561062,2.193693462843115,-0.915671877504426,12.56,-2.465,,0.0875714307211512,-1.119999999999999,-9.364317040741415,-25.98999999999999,452.1604830732487,0.0,0.0,12423,880,,,,,,,,,,,,,68.0,council_total,official,"National Bushfire Recovery Agency (Australian Government), NSW - LGA profiles - data as at 31 December 2020 | https://www.bushfirerecovery.gov.au/sites/default/files/video-gallery/NSW%20-%20LGA%20profiles%20-%20data%20as%20at%2031%20December%202020.docx | Kempsey Profile > 2019-20 bushfire impact, Destroyed/Damaged table | ""Destroyed | Damaged | 173 outbuildings | 67 outbuildings | 3 facilities | 7 facilities | 68 houses | 24 houses""",24.0,council_total,official,"National Bushfire Recovery Agency (Australian Government), NSW - LGA profiles - data as at 31 December 2020 | https://www.bushfirerecovery.gov.au/sites/default/files/video-gallery/NSW%20-%20LGA%20profiles%20-%20data%20as%20at%2031%20December%202020.docx | Kempsey Profile > 2019-20 bushfire impact, Destroyed/Damaged table | ""Destroyed | Damaged | 173 outbuildings | 67 outbuildings | 3 facilities | 7 facilities | 68 houses | 24 houses""",3.0,council_total,official,"National Bushfire Recovery Agency (Australian Government), NSW - LGA profiles - data as at 31 December 2020 | https://www.bushfirerecovery.gov.au/sites/default/files/video-gallery/NSW%20-%20LGA%20profiles%20-%20data%20as%20at%2031%20December%202020.docx | Kempsey Profile > 2019-20 bushfire impact, Destroyed/Damaged table | ""Destroyed | Damaged | 173 outbuildings | 67 outbuildings | 3 facilities | 7 facilities | 68 houses | 24 houses""",7.0,council_total,official,"National Bushfire Recovery Agency (Australian Government), NSW - LGA profiles - data as at 31 December 2020 | https://www.bushfirerecovery.gov.au/sites/default/files/video-gallery/NSW%20-%20LGA%20profiles%20-%20data%20as%20at%2031%20December%202020.docx | Kempsey Profile > 2019-20 bushfire impact, Destroyed/Damaged table | ""Destroyed | Damaged | 173 outbuildings | 67 outbuildings | 3 facilities | 7 facilities | 68 houses | 24 houses""",173.0,council_total,official,"National Bushfire Recovery Agency (Australian Government), NSW - LGA profiles - data as at 31 December 2020 | https://www.bushfirerecovery.gov.au/sites/default/files/video-gallery/NSW%20-%20LGA%20profiles%20-%20data%20as%20at%2031%20December%202020.docx | Kempsey Profile > 2019-20 bushfire impact, Destroyed/Damaged table | ""Destroyed | Damaged | 173 outbuildings | 67 outbuildings | 3 facilities | 7 facilities | 68 houses | 24 houses""",67.0,council_total,official,"National Bushfire Recovery Agency (Australian Government), NSW - LGA profiles - data as at 31 December 2020 | https://www.bushfirerecovery.gov.au/sites/default/files/video-gallery/NSW%20-%20LGA%20profiles%20-%20data%20as%20at%2031%20December%202020.docx | Kempsey Profile > 2019-20 bushfire impact, Destroyed/Damaged table | ""Destroyed | Damaged | 173 outbuildings | 67 outbuildings | 3 facilities | 7 facilities | 68 houses | 24 houses""",,,,,,,,,,,,,,,,,1.0,council_total,official,"Kempsey Shire Council Annual Report 2019-2020 Part A | https://www.kempsey.nsw.gov.au/files/sharedassets/public/docs/departments/corporate-performance/planning-amp-reporting/annual-report/2019-2020-annual-report-part-a.pdf | Governance / November 2019 bushfires section (PDF p.20) | ""Tragically, one of our Willawarrin residents lost his life in the fire.""",2.0,fire_in_council,official,"2019/2020 NSW Bushfires Coronial Inquiry, Findings Volume 1 (NSW State Coroner, 2024) | https://coroners.nsw.gov.au/documents/reports/bushfires/2019-20-NSW-Bushfires-Coronial-Inquiry-Vol1.pdf | Part 5 Northern Region intro, Kempsey LGA, para 23, p.184 | ""Two NPWS officers were also injured in connection with the Carrai East Fire when part of a tree fell on their vehicle""",68.0,"council figure, see DL_homes_destroyed_sourced_source",5.473718103517669,1066.1,,2015-16,0.3076,6110.0,0.045207956600361664,3.0000000000000027,1.342281879194629,-18.181818181818176,-2.2399999999999975,-0.8001333555592627,2.614379084967311,-9.433962264150942,18.26923076923077,247.0,207.0,3.0,,,250000.0,18893660.0,5536159.0,716750.0,866000.0,1416000.0,27678569.0,909.5447475840307,2572.5480334882486,10843.286331230833,1031116.0896938028,514.1193548741859,1301.485699284846,5126.597332061811,2016,resident,0.0,Kempsey Shire Council Annual Report 2019-20: 'one of our Willawarrin residents',2019Q3,0.20034903364022918,0.28615518620663516,0.1883896906189847,0.3070766856147588,0.2439945551150858,0.28699537155660715,7.311242436478516,76.74468397742504,52.34133599011581,9.572243020865912,67.17244095655913,0.20011995494484883,0.2861018947202563,0.1857408110801706,0.2979544285785883,0.2653976439078866,0.28699595912157555,4.142766642605111,71.61378291479859,54.51421658630562,9.572319693612075,62.04146322118652,,,,,98.40615384615384,101.66,,,,,,182694,183161,183892,177102,0.6557412941859075,0.15748634298120567,False,0.8666666666666667,0.403030303030303,0.8778801843317973,0.7462311557788944,0.24611398963730569,0.3442211055276382,0.8169014084507042,0.8666666666666667,0.6404552436810501,0.4455220836479461,0.8169014084507042,4,0.6923863506115918,3,3,3,Severe,0.7306417157351403,from composite Y
871,14500,Ku-ring-gai,2,"Canoon Rd, South Turramurra; Gibberagong Track, North Wahroonga",2019-11-11,2019-11-21,1.582199320256556,0.0001852490677544389,1.532020177811764,1.0,20.51429165123214,-1.358174720860443,28.2,25,22.4,0.0,,6.035968429628676,Eucalypt Woodlands,65.12820512820512,0.0,,,1469.722852195253,9392565994.0,1121.0,0,16.35,85.2,1.318097342160456,5,-69,0.05,1.716893654013329,1.163341010339864,0.4223548778662764,-0.6465183059272357,0.6373080109616978,-1.817781498591351,5.647301332130027,-5.133003948847975,-0.4154873765635209,-0.7900000000000009,-2.535000000000002,2319164486.0,-3.892192054971338,-1.110000000000001,1.9580816557434,21.02000000000001,0.668605191005021,0.0,0.0,41266,,,,,,,,,,,,,,0.0,council_total,official,"National Bushfire Recovery Agency (Australian Government), NSW - LGA profiles - data as at 31 December 2020 | https://www.bushfirerecovery.gov.au/sites/default/files/video-gallery/NSW%20-%20LGA%20profiles%20-%20data%20as%20at%2031%20December%202020.docx | Ku-ring-gai Profile > 2019-20 bushfire impact, Destroyed/Damaged table | ""Destroyed | Damaged | 0 outbuildings | 0 outbuildings | 0 facilities | 0 facilities | 0 houses | 0 houses""",0.0,council_total,official,"National Bushfire Recovery Agency (Australian Government), NSW - LGA profiles - data as at 31 December 2020 | https://www.bushfirerecovery.gov.au/sites/default/files/video-gallery/NSW%20-%20LGA%20profiles%20-%20data%20as%20at%2031%20December%202020.docx | Ku-ring-gai Profile > 2019-20 bushfire impact, Destroyed/Damaged table | ""Destroyed | Damaged | 0 outbuildings | 0 outbuildings | 0 facilities | 0 facilities | 0 houses | 0 houses""",0.0,council_total,official,"National Bushfire Recovery Agency (Australian Government), NSW - LGA profiles - data as at 31 December 2020 | https://www.bushfirerecovery.gov.au/sites/default/files/video-gallery/NSW%20-%20LGA%20profiles%20-%20data%20as%20at%2031%20December%202020.docx | Ku-ring-gai Profile > 2019-20 bushfire impact, Destroyed/Damaged table | ""Destroyed | Damaged | 0 outbuildings | 0 outbuildings | 0 facilities | 0 facilities | 0 houses | 0 houses""",0.0,council_total,official,"National Bushfire Recovery Agency (Australian Government), NSW - LGA profiles - data as at 31 December 2020 | https://www.bushfirerecovery.gov.au/sites/default/files/video-gallery/NSW%20-%20LGA%20profiles%20-%20data%20as%20at%2031%20December%202020.docx | Ku-ring-gai Profile > 2019-20 bushfire impact, Destroyed/Damaged table | ""Destroyed | Damaged | 0 outbuildings | 0 outbuildings | 0 facilities | 0 facilities | 0 houses | 0 houses""",0.0,council_total,official,"National Bushfire Recovery Agency (Australian Government), NSW - LGA profiles - data as at 31 December 2020 | https://www.bushfirerecovery.gov.au/sites/default/files/video-gallery/NSW%20-%20LGA%20profiles%20-%20data%20as%20at%2031%20December%202020.docx | Ku-ring-gai Profile > 2019-20 bushfire impact, Destroyed/Damaged table | ""Destroyed | Damaged | 0 outbuildings | 0 outbuildings | 0 facilities | 0 facilities | 0 houses | 0 houses""",0.0,council_total,official,"National Bushfire Recovery Agency (Australian Government), NSW - LGA profiles - data as at 31 December 2020 | https://www.bushfirerecovery.gov.au/sites/default/files/video-gallery/NSW%20-%20LGA%20profiles%20-%20data%20as%20at%2031%20December%202020.docx | Ku-ring-gai Profile > 2019-20 bushfire impact, Destroyed/Damaged table | ""Destroyed | Damaged | 0 outbuildings | 0 outbuildings | 0 facilities | 0 facilities | 0 houses | 0 houses""",,,,,,,,,,,,,,,,,0.0,season_zero,official,"2019/2020 NSW Bushfires Coronial Inquiry, Volume 1 (NSW State Coroner, 2023) | https://coroners.nsw.gov.au/documents/reports/bushfires/2019-20-NSW-Bushfires-Coronial-Inquiry-Vol1.pdf | Part 1 Introduction, para 25, p.15 | ""Twenty-five deaths were reported to the Coroner in connection with the 2019/2020 bushfire season.""",,,,,0.0,"council figure, see DL_homes_destroyed_sourced_source",0.0,12230.1,,2015-16,0.5408,,0.031512605042016806,3.218390804597693,2.929427430093212,2.39520958083832,-8.287292817679559,-2.5016567263088096,1.0943313635368712,1.2226954251957745,3.2019704433497553,1678.0,1918.0,18.0,,,,331300.0,277714.0,,,,609014.0,0.0,3514.1739386233457,77312.82981901258,1031116.0896938028,0.0,1219.15257685117,27945.006778252806,2016,,0.0,,2019Q4,5.0563025207830075,5.5788935689198205,5.346008404755459,4.674502801619657,5.274901960368584,5.011932777047825,-16.210934231449592,-2.6791273224194723,-6.249066638400002,5.743760827134848,-8.42288814955432,5.0563025207830075,5.5788935689198205,5.351334827149812,4.674502801619657,5.274901960368584,5.013498382251927,-16.210934231449592,-2.6791273224194723,-6.313124777464562,5.743760827134848,-8.42288814955432,,,,96.54200932295686,94.75540937406194,101.46966771771139,,,,,,183161,183892,181696,182353,-0.7998427612865178,1.2760567258708555,False,0.21666666666666667,0.806060606060606,0.15668202764976957,0.7537688442211056,0.9015544041450777,0.8090452261306532,0.14084507042253522,0.21666666666666667,0.4813713168551878,0.8214561581656121,0.14084507042253522,4,0.41508480302750045,1,1,1,Light,0.3609914748729619,from composite Y
871,14550,Kyogle,9,"Bangala Creek; Border Trail, Woodenbong; Taylings Ridge; Murray Scrub Rd, Toonumbar; Cunjevoi Ridge, Peacock Creek; Grahams Road, Yabbra; South Yabbra Rd; Blue Gum Rd",2019-09-07,2020-01-17,21186.0357050596,0.05910980632450299,58795.53296029392,72.0,48.15256275222272,-2.33334325791918,38.0,8,28.7,8832.817130000803,0.0917796700688812,14.2538078548675,Eucalypt Open Forests,56.68081958311278,37.95999126772105,,,2.569065323089399,188231425.0,910.0,2,9.73,56.77,1.43895509722171,9,6,0.2499999999999993,-1.149425287356322,-1.702977931029787,-0.1635926222935044,-1.232465806087017,8.036490008688098,5.581400499135048,-1.06356726456476,1.577864647846813,0.98236930442507,2.079999999999999,-1.855000000000001,2319164486.0,-1.370039173982795,0.7099999999999991,-1.011593198944193,-135.61,955.3386140529234,0.0,0.0,4134,,,,,,,,,,,,,,6.0,council_total,official,"National Bushfire Recovery Agency (Australian Government), NSW - LGA profiles - data as at 31 December 2020 | https://www.bushfirerecovery.gov.au/sites/default/files/video-gallery/NSW%20-%20LGA%20profiles%20-%20data%20as%20at%2031%20December%202020.docx | Kyogle Profile > 2019-20 bushfire impact, Destroyed/Damaged table | ""Destroyed | Damaged | 6 outbuildings | 2 outbuildings | 0 facilities | 0 facilities | 6 houses | 2 houses""",2.0,council_total,official,"National Bushfire Recovery Agency (Australian Government), NSW - LGA profiles - data as at 31 December 2020 | https://www.bushfirerecovery.gov.au/sites/default/files/video-gallery/NSW%20-%20LGA%20profiles%20-%20data%20as%20at%2031%20December%202020.docx | Kyogle Profile > 2019-20 bushfire impact, Destroyed/Damaged table | ""Destroyed | Damaged | 6 outbuildings | 2 outbuildings | 0 facilities | 0 facilities | 6 houses | 2 houses""",0.0,council_total,official,"National Bushfire Recovery Agency (Australian Government), NSW - LGA profiles - data as at 31 December 2020 | https://www.bushfirerecovery.gov.au/sites/default/files/video-gallery/NSW%20-%20LGA%20profiles%20-%20data%20as%20at%2031%20December%202020.docx | Kyogle Profile > 2019-20 bushfire impact, Destroyed/Damaged table | ""Destroyed | Damaged | 6 outbuildings | 2 outbuildings | 0 facilities | 0 facilities | 6 houses | 2 houses""",0.0,council_total,official,"National Bushfire Recovery Agency (Australian Government), NSW - LGA profiles - data as at 31 December 2020 | https://www.bushfirerecovery.gov.au/sites/default/files/video-gallery/NSW%20-%20LGA%20profiles%20-%20data%20as%20at%2031%20December%202020.docx | Kyogle Profile > 2019-20 bushfire impact, Destroyed/Damaged table | ""Destroyed | Damaged | 6 outbuildings | 2 outbuildings | 0 facilities | 0 facilities | 6 houses | 2 houses""",6.0,council_total,official,"National Bushfire Recovery Agency (Australian Government), NSW - LGA profiles - data as at 31 December 2020 | https://www.bushfirerecovery.gov.au/sites/default/files/video-gallery/NSW%20-%20LGA%20profiles%20-%20data%20as%20at%2031%20December%202020.docx | Kyogle Profile > 2019-20 bushfire impact, Destroyed/Damaged table | ""Destroyed | Damaged | 6 outbuildings | 2 outbuildings | 0 facilities | 0 facilities | 6 houses | 2 houses""",2.0,council_total,official,"National Bushfire Recovery Agency (Australian Government), NSW - LGA profiles - data as at 31 December 2020 | https://www.bushfirerecovery.gov.au/sites/default/files/video-gallery/NSW%20-%20LGA%20profiles%20-%20data%20as%20at%2031%20December%202020.docx | Kyogle Profile > 2019-20 bushfire impact, Destroyed/Damaged table | ""Destroyed | Damaged | 6 outbuildings | 2 outbuildings | 0 facilities | 0 facilities | 6 houses | 2 houses""",,,,,,,,,,,,,,,,,0.0,season_zero,official,"2019/2020 NSW Bushfires Coronial Inquiry, Volume 1 (NSW State Coroner, 2023) | https://coroners.nsw.gov.au/documents/reports/bushfires/2019-20-NSW-Bushfires-Coronial-Inquiry-Vol1.pdf | Part 1 Introduction, para 25, p.15 | ""Twenty-five deaths were reported to the Coroner in connection with the 2019/2020 bushfire season.""",,,,,6.0,"council figure, see DL_homes_destroyed_sourced_source",1.451378809869376,349.5,,2015-16,0.2928,8844.0,0.02564102564102564,-6.896551724137934,-17.307692307692314,25.0,-1.3136288998357948,0.06504065040651152,35.88516746411483,-161.9047619047619,29.47368421052632,124.0,99.0,,,,250000.0,7523173.0,939797.0,,,1300000.0,10012970.0,49.51518504997808,111.9231665249966,1978.8681785055214,1031116.0896938028,27.419849447905694,56.48777286974805,986.8088632261896,2016,,0.0,,2019Q3,0.14643968438337465,0.22358096610316683,0.13915804752723102,0.16187711109529926,0.16427118914252936,0.21525402058362705,-27.597991046963987,16.392394699599166,54.683127859713075,9.572243020865912,6.820151678733254,0.14638407652594315,0.22358096610316683,0.13803135313291412,0.15743807530921705,0.16453347638978402,0.21526227036484005,-29.583417563116488,13.222584614248412,55.951720735185575,9.572319693612075,3.650264920636337,,,,,97.92846153846153,99.9,,,,,,182694,183161,183892,177102,0.6557412941859075,0.15748634298120567,False,0.7555555555555555,0.6393939393939394,0.8225806451612904,0.550251256281407,0.3238341968911917,0.03768844221105527,0.892018779342723,0.7555555555555555,0.7309872922776148,0.30392463179455137,0.892018779342723,4,0.6706215647426113,3,3,3,Severe,0.7016286849429386,from composite Y
871,14650,Lake Macquarie,4,"Watagan Rd, Martinsville; Burwood Road; German Point Rd, Watagan Forest; Yuelarbah Management Trl, Highfields",2019-10-25,2020-02-02,230.598148762237,0.003555106031383386,217.352847256672,68.0,63.20722835668254,-1.453460591083706,41.5,8,45.7,91.0,0.1978783286425633,12.60041572067437,Eucalypt Tall Open Forests,78.22157836644591,0.0,,,319.0910572331957,7455629971.0,996.0,1,8.2,75.85,3.215898525700625,3,-224,-0.3500000000000003,0.3112033195020747,-0.2423493241713905,2.487027728230907,1.418154544437394,4.609252325160043,2.154162815606994,-2.493990339810132,3.008287723092185,1.764611096391206,4.84,1.995000000000001,,-0.0562522135649312,1.610000000000001,0.8517349958512321,-22.17,38.98356983256452,1.463414634146342,1.463414634146342,80105,,,,,,,,,,,,,,0.0,council_total,official,"National Bushfire Recovery Agency (Australian Government), NSW - LGA profiles - data as at 31 December 2020 | https://www.bushfirerecovery.gov.au/sites/default/files/video-gallery/NSW%20-%20LGA%20profiles%20-%20data%20as%20at%2031%20December%202020.docx | Lake Macquarie Profile > 2019-20 bushfire impact, Destroyed/Damaged table | ""Destroyed | Damaged | 0 outbuildings | 0 outbuildings | 0 facilities | 0 facilities | 0 houses | 0 houses""",0.0,council_total,official,"National Bushfire Recovery Agency (Australian Government), NSW - LGA profiles - data as at 31 December 2020 | https://www.bushfirerecovery.gov.au/sites/default/files/video-gallery/NSW%20-%20LGA%20profiles%20-%20data%20as%20at%2031%20December%202020.docx | Lake Macquarie Profile > 2019-20 bushfire impact, Destroyed/Damaged table | ""Destroyed | Damaged | 0 outbuildings | 0 outbuildings | 0 facilities | 0 facilities | 0 houses | 0 houses""",0.0,council_total,official,"National Bushfire Recovery Agency (Australian Government), NSW - LGA profiles - data as at 31 December 2020 | https://www.bushfirerecovery.gov.au/sites/default/files/video-gallery/NSW%20-%20LGA%20profiles%20-%20data%20as%20at%2031%20December%202020.docx | Lake Macquarie Profile > 2019-20 bushfire impact, Destroyed/Damaged table | ""Destroyed | Damaged | 0 outbuildings | 0 outbuildings | 0 facilities | 0 facilities | 0 houses | 0 houses""",0.0,council_total,official,"National Bushfire Recovery Agency (Australian Government), NSW - LGA profiles - data as at 31 December 2020 | https://www.bushfirerecovery.gov.au/sites/default/files/video-gallery/NSW%20-%20LGA%20profiles%20-%20data%20as%20at%2031%20December%202020.docx | Lake Macquarie Profile > 2019-20 bushfire impact, Destroyed/Damaged table | ""Destroyed | Damaged | 0 outbuildings | 0 outbuildings | 0 facilities | 0 facilities | 0 houses | 0 houses""",0.0,council_total,official,"National Bushfire Recovery Agency (Australian Government), NSW - LGA profiles - data as at 31 December 2020 | https://www.bushfirerecovery.gov.au/sites/default/files/video-gallery/NSW%20-%20LGA%20profiles%20-%20data%20as%20at%2031%20December%202020.docx | Lake Macquarie Profile > 2019-20 bushfire impact, Destroyed/Damaged table | ""Destroyed | Damaged | 0 outbuildings | 0 outbuildings | 0 facilities | 0 facilities | 0 houses | 0 houses""",0.0,council_total,official,"National Bushfire Recovery Agency (Australian Government), NSW - LGA profiles - data as at 31 December 2020 | https://www.bushfirerecovery.gov.au/sites/default/files/video-gallery/NSW%20-%20LGA%20profiles%20-%20data%20as%20at%2031%20December%202020.docx | Lake Macquarie Profile > 2019-20 bushfire impact, Destroyed/Damaged table | ""Destroyed | Damaged | 0 outbuildings | 0 outbuildings | 0 facilities | 0 facilities | 0 houses | 0 houses""",,,,,,,,,,,,,,,,,0.0,season_zero,official,"2019/2020 NSW Bushfires Coronial Inquiry, Volume 1 (NSW State Coroner, 2023) | https://coroners.nsw.gov.au/documents/reports/bushfires/2019-20-NSW-Bushfires-Coronial-Inquiry-Vol1.pdf | Part 1 Introduction, para 25, p.15 | ""Twenty-five deaths were reported to the Coroner in connection with the 2019/2020 bushfire season.""",,,,,0.0,"council figure, see DL_homes_destroyed_sourced_source",0.0,12280.6,,2015-16,0.3932,26900.0,0.036466645387807216,1.7505470459518557,-0.8771929824561431,5.188679245283012,-7.878787878787874,-1.507922598066902,-0.0269323996768156,-2.790432801822329,6.934984520123844,1730.0,1661.0,30.0,,,,2419000.0,1230000.0,,,,3649000.0,14.427316371474596,3243.609110655059,43227.15341639201,1031116.0896938028,7.017564554029842,1381.6360368173057,17747.08572940787,2016,,0.0,,2019Q4,1.7360754924084383,1.8808085860898025,1.812351744734692,1.7137033937755517,2.0188130263963937,1.7895244721477308,-8.884752736144307,-3.992590457915335,-1.2595387541783576,5.743760827134848,-9.736351285050183,1.7360754924084383,1.8808085860898025,1.819815819347598,1.7132347508257502,2.0188130263963937,1.7895244721477308,-8.909669835803868,-4.2575718565953995,-1.6645281834469672,5.743760827134848,-10.001332683730247,,,,98.2681352374223,95.59814797888619,103.83392746801039,,,,,,183161,183892,181696,182353,-0.7998427612865178,1.2760567258708555,False,0.21666666666666667,0.4303030303030303,0.4147465437788018,0.21105527638190955,0.12953367875647667,0.40703517587939697,0.6291079812206573,0.21666666666666667,0.42252478704091606,0.2492080436725944,0.6291079812206573,4,0.37937686965020856,1,1,1,Light,0.3133918625065583,from composite Y
871,14850,Lismore,1,"MT Nardi Np, continuation 2",2019-11-07,2020-01-17,3040.756926743997,0.023613784336061,6591.397765357906,72.0,40.32609053718112,-1.738265930506514,34.4,10,25.5,778.7115684809777,0.1031558900879659,16.99043649884413,Eucalypt Tall Open Forests,85.49381393179947,0.0,,,34.32154682729155,1247469434.0,954.0,1,10.49,71.64,7.071263643996642,10,101,0.55,0.2020712301086133,-0.3514814135648519,2.855962276991882,1.78708909319837,5.837632364919902,3.382542855366853,3.48769156469168,-2.973394181409628,2.857820371980611,-8.43,1.535,2319164486.0,-0.3535307709592983,-1.15,5.382295564102514,-29.57999999999998,270.0212674790779,-2.777777777777778,-2.777777777777778,17703,,,,,,,,,,,,,,2.0,council_total,official,"National Bushfire Recovery Agency (Australian Government), NSW - LGA profiles - data as at 31 December 2020 | https://www.bushfirerecovery.gov.au/sites/default/files/video-gallery/NSW%20-%20LGA%20profiles%20-%20data%20as%20at%2031%20December%202020.docx | Lismore Profile > 2019-20 bushfire impact, Destroyed/Damaged table | ""Destroyed | Damaged | 2 outbuildings | 3 outbuildings | 0 facilities | 0 facilities | 2 houses | 0 houses""",0.0,council_total,official,"National Bushfire Recovery Agency (Australian Government), NSW - LGA profiles - data as at 31 December 2020 | https://www.bushfirerecovery.gov.au/sites/default/files/video-gallery/NSW%20-%20LGA%20profiles%20-%20data%20as%20at%2031%20December%202020.docx | Lismore Profile > 2019-20 bushfire impact, Destroyed/Damaged table | ""Destroyed | Damaged | 2 outbuildings | 3 outbuildings | 0 facilities | 0 facilities | 2 houses | 0 houses""",0.0,council_total,official,"National Bushfire Recovery Agency (Australian Government), NSW - LGA profiles - data as at 31 December 2020 | https://www.bushfirerecovery.gov.au/sites/default/files/video-gallery/NSW%20-%20LGA%20profiles%20-%20data%20as%20at%2031%20December%202020.docx | Lismore Profile > 2019-20 bushfire impact, Destroyed/Damaged table | ""Destroyed | Damaged | 2 outbuildings | 3 outbuildings | 0 facilities | 0 facilities | 2 houses | 0 houses""",0.0,council_total,official,"National Bushfire Recovery Agency (Australian Government), NSW - LGA profiles - data as at 31 December 2020 | https://www.bushfirerecovery.gov.au/sites/default/files/video-gallery/NSW%20-%20LGA%20profiles%20-%20data%20as%20at%2031%20December%202020.docx | Lismore Profile > 2019-20 bushfire impact, Destroyed/Damaged table | ""Destroyed | Damaged | 2 outbuildings | 3 outbuildings | 0 facilities | 0 facilities | 2 houses | 0 houses""",2.0,council_total,official,"National Bushfire Recovery Agency (Australian Government), NSW - LGA profiles - data as at 31 December 2020 | https://www.bushfirerecovery.gov.au/sites/default/files/video-gallery/NSW%20-%20LGA%20profiles%20-%20data%20as%20at%2031%20December%202020.docx | Lismore Profile > 2019-20 bushfire impact, Destroyed/Damaged table | ""Destroyed | Damaged | 2 outbuildings | 3 outbuildings | 0 facilities | 0 facilities | 2 houses | 0 houses""",3.0,council_total,official,"National Bushfire Recovery Agency (Australian Government), NSW - LGA profiles - data as at 31 December 2020 | https://www.bushfirerecovery.gov.au/sites/default/files/video-gallery/NSW%20-%20LGA%20profiles%20-%20data%20as%20at%2031%20December%202020.docx | Lismore Profile > 2019-20 bushfire impact, Destroyed/Damaged table | ""Destroyed | Damaged | 2 outbuildings | 3 outbuildings | 0 facilities | 0 facilities | 2 houses | 0 houses""",,,,,,,,,,,,,,,,,0.0,season_zero,official,"2019/2020 NSW Bushfires Coronial Inquiry, Volume 1 (NSW State Coroner, 2023) | https://coroners.nsw.gov.au/documents/reports/bushfires/2019-20-NSW-Bushfires-Coronial-Inquiry-Vol1.pdf | Part 1 Introduction, para 25, p.15 | ""Twenty-five deaths were reported to the Coroner in connection with the 2019/2020 bushfire season.""",,,,,2.0,"council figure, see DL_homes_destroyed_sourced_source",0.1129752019431735,1656.4,,2015-16,0.3564,8844.0,0.039909067946451125,5.063291139240511,-0.34482758620689724,-8.888888888888891,1.1727078891258014,-1.6993190777684908,3.3127208480565384,-0.3640776699029291,15.95092024539877,375.0,383.0,6.0,,,,3206793.0,,,,1300000.0,4506793.0,101.57644740413218,293.91210529722025,1527.5570532713389,1031116.0896938028,56.710200057211196,162.33862409189473,838.9018288967293,2016,,0.0,,2019Q4,0.3180164285002328,0.326819772402331,0.34919801709654363,0.3578555460095288,0.46786866931289456,0.38147127444868456,9.496296193790643,21.987112731989477,9.242107850577597,5.743760827134848,16.243351904854627,0.3180164285002328,0.326819772402331,0.3519339955848703,0.36054306314383494,0.46786866931289456,0.38147127444868456,10.31862010478024,22.90324344251655,8.392846168420576,5.743760827134848,17.159482615381705,,,,97.92702457518111,95.09148997776308,101.00224702249209,,,,,,183161,183892,181696,182353,-0.7998427612865178,1.2760567258708555,False,0.5111111111111111,0.48484848484848486,0.4470046082949309,0.4321608040201005,0.7512953367875648,0.2914572864321608,0.755868544600939,0.5111111111111111,0.46592654657170784,0.491637809079942,0.755868544600939,4,0.556136002840925,2,2,2,Moderate,0.5490164261910585,from composite Y
871,14870,Lithgow,10,"Gospers Mountain; Upper Turon Rd, Palmers Oaky; Grose Valley; View St, Lidsdale; Green Wattle Creek; Kerry Ridge; Mount Airly; Mount Walker Rd, Bowenfels",2019-09-05,2020-02-09,234454.1901582429,0.5195941563650227,479513.8568877548,110.0,65.89869689551632,-2.153056158108491,42.8,9,44.3,84125.02242146432,0.3080410682496418,14.85834760331788,Eucalypt Open Forests,72.67025077689088,131.2235437746659,137.0,46.39862177565105,4.730227967335454,609054572.0,923.0,2,8.93,77.28,6.405653774074827,8,-283,-2.75,1.484375,0.9308223563265348,1.900699912510936,0.8318267287174239,4.966266866566716,2.511177357013667,-0.3099629894286906,0.8242603727107429,1.17857440676524,4.470000000000001,-1.665,,0.0911831164672341,-8.7,8.638489311712412,-31.7,159.142530511754,0.0,0.0,8913,,,,,,,,,,,,,,54.0,council_total,official,"National Bushfire Recovery Agency (Australian Government), NSW - LGA profiles - data as at 31 December 2020 | https://www.bushfirerecovery.gov.au/sites/default/files/video-gallery/NSW%20-%20LGA%20profiles%20-%20data%20as%20at%2031%20December%202020.docx | Lithgow Profile > 2019-20 bushfire impact, Destroyed/Damaged table | ""Destroyed | Damaged | 122 outbuildings | 64 outbuildings | 3 facilities | 10 facilities | 54 houses | 21 houses""",21.0,council_total,official,"National Bushfire Recovery Agency (Australian Government), NSW - LGA profiles - data as at 31 December 2020 | https://www.bushfirerecovery.gov.au/sites/default/files/video-gallery/NSW%20-%20LGA%20profiles%20-%20data%20as%20at%2031%20December%202020.docx | Lithgow Profile > 2019-20 bushfire impact, Destroyed/Damaged table | ""Destroyed | Damaged | 122 outbuildings | 64 outbuildings | 3 facilities | 10 facilities | 54 houses | 21 houses""",3.0,council_total,official,"National Bushfire Recovery Agency (Australian Government), NSW - LGA profiles - data as at 31 December 2020 | https://www.bushfirerecovery.gov.au/sites/default/files/video-gallery/NSW%20-%20LGA%20profiles%20-%20data%20as%20at%2031%20December%202020.docx | Lithgow Profile > 2019-20 bushfire impact, Destroyed/Damaged table | ""Destroyed | Damaged | 122 outbuildings | 64 outbuildings | 3 facilities | 10 facilities | 54 houses | 21 houses""",10.0,council_total,official,"National Bushfire Recovery Agency (Australian Government), NSW - LGA profiles - data as at 31 December 2020 | https://www.bushfirerecovery.gov.au/sites/default/files/video-gallery/NSW%20-%20LGA%20profiles%20-%20data%20as%20at%2031%20December%202020.docx | Lithgow Profile > 2019-20 bushfire impact, Destroyed/Damaged table | ""Destroyed | Damaged | 122 outbuildings | 64 outbuildings | 3 facilities | 10 facilities | 54 houses | 21 houses""",122.0,council_total,official,"National Bushfire Recovery Agency (Australian Government), NSW - LGA profiles - data as at 31 December 2020 | https://www.bushfirerecovery.gov.au/sites/default/files/video-gallery/NSW%20-%20LGA%20profiles%20-%20data%20as%20at%2031%20December%202020.docx | Lithgow Profile > 2019-20 bushfire impact, Destroyed/Damaged table | ""Destroyed | Damaged | 122 outbuildings | 64 outbuildings | 3 facilities | 10 facilities | 54 houses | 21 houses""",64.0,council_total,official,"National Bushfire Recovery Agency (Australian Government), NSW - LGA profiles - data as at 31 December 2020 | https://www.bushfirerecovery.gov.au/sites/default/files/video-gallery/NSW%20-%20LGA%20profiles%20-%20data%20as%20at%2031%20December%202020.docx | Lithgow Profile > 2019-20 bushfire impact, Destroyed/Damaged table | ""Destroyed | Damaged | 122 outbuildings | 64 outbuildings | 3 facilities | 10 facilities | 54 houses | 21 houses""",,,,,,,,,,,,,,,,,0.0,season_zero,official,"2019/2020 NSW Bushfires Coronial Inquiry, Volume 1 (NSW State Coroner, 2023) | https://coroners.nsw.gov.au/documents/reports/bushfires/2019-20-NSW-Bushfires-Coronial-Inquiry-Vol1.pdf | Part 1 Introduction, para 25, p.15 | ""Twenty-five deaths were reported to the Coroner in connection with the 2019/2020 bushfire season.""",,,,,54.0,"council figure, see DL_homes_destroyed_sourced_source",6.058566139347022,1183.2,,2015-16,0.3092,1900.0,0.06015625,10.389610389610393,4.3010752688172005,-5.882352941176472,-4.81927710843374,-2.269007588156524,-3.5795887281035776,9.580838323353301,-1.526717557251911,132.0,139.0,8.0,,,250000.0,7675922.0,7894573.0,2161202.0,231784.0,1416000.0,19629481.0,1322.079993713945,9011.133944799067,19500.916588944125,1031116.0896938028,510.61281048259093,4217.477598813481,8852.265192708603,2016,,0.0,,2019Q3,0.21743818222699474,0.3149136208692645,0.20843588837330673,0.4433727113902282,0.24800631141041704,0.31152261235331097,40.791849576520264,141.88846694397458,49.45728146171109,9.572243020865912,132.31622392310868,0.2174399955234166,0.3149136208692645,0.20835558204488072,0.30624160125211647,0.2642713366297635,0.31152261235331097,-2.753777239996935,67.07201572060073,49.514886664379176,9.572319693612075,57.49969602698866,,,,,100.28885162932488,103.57297792050198,,,,,,182694,183161,183892,177102,0.6557412941859075,0.15748634298120567,False,0.8888888888888888,0.3939393939393939,0.17972350230414746,0.9597989949748744,0.44559585492227977,0.2613065326633166,0.676056338028169,0.8888888888888888,0.2868314481217707,0.5555671275201569,0.676056338028169,4,0.6018359506397464,2,3,3,Severe,0.6099356560273093,raised: >=10 homes destroyed
871,15240,Mid-Coast,27,"Rumba Complex; Hillville Rd Fire, Hillville; Bills Crossing Crowdy; Coombes Gap Complex; Ridge 400; Minimbah Road; Failford Rd, Darawank; Thunderbolts Way",2019-08-07,2020-02-05,206215.6665179474,0.2051108716765093,153128.8127647221,99.0,48.30958204526098,-2.609766341132253,41.1,9,47.5,69167.54938921171,0.2541904971351828,13.90130478946113,Eucalypt Tall Open Forests,70.39327357385588,594.2764341305982,2.0,1.756995221770565,9.339693329627824,2169905692.0,928.0,2,11.9,73.1,14.0,19,353,1.249999999999999,0.4239212717638153,-0.1296313719096499,1.819642164737163,0.7507689809436509,5.676251331203408,3.221161821650358,-1.943697580126308,2.45799496340836,-0.2463720076642594,-2.52,-2.625,,-0.6443513652957815,0.3900000000000005,-2.858889916729995,12.09,80.68575894116833,6.060606060606061,6.060606060606061,44645,880,,,,,,,,,,,,,125.0,council_total,official,"National Bushfire Recovery Agency (Australian Government), NSW - LGA profiles - data as at 31 December 2020 | https://www.bushfirerecovery.gov.au/sites/default/files/video-gallery/NSW%20-%20LGA%20profiles%20-%20data%20as%20at%2031%20December%202020.docx | Mid-Coast Profile > 2019-20 bushfire impact, Destroyed/Damaged table | ""Destroyed | Damaged | 271 outbuildings | 129 outbuildings | 9 facilities | 16 facilities | 125 houses | 67 houses""",67.0,council_total,official,"National Bushfire Recovery Agency (Australian Government), NSW - LGA profiles - data as at 31 December 2020 | https://www.bushfirerecovery.gov.au/sites/default/files/video-gallery/NSW%20-%20LGA%20profiles%20-%20data%20as%20at%2031%20December%202020.docx | Mid-Coast Profile > 2019-20 bushfire impact, Destroyed/Damaged table | ""Destroyed | Damaged | 271 outbuildings | 129 outbuildings | 9 facilities | 16 facilities | 125 houses | 67 houses""",9.0,council_total,official,"National Bushfire Recovery Agency (Australian Government), NSW - LGA profiles - data as at 31 December 2020 | https://www.bushfirerecovery.gov.au/sites/default/files/video-gallery/NSW%20-%20LGA%20profiles%20-%20data%20as%20at%2031%20December%202020.docx | Mid-Coast Profile > 2019-20 bushfire impact, Destroyed/Damaged table | ""Destroyed | Damaged | 271 outbuildings | 129 outbuildings | 9 facilities | 16 facilities | 125 houses | 67 houses""",16.0,council_total,official,"National Bushfire Recovery Agency (Australian Government), NSW - LGA profiles - data as at 31 December 2020 | https://www.bushfirerecovery.gov.au/sites/default/files/video-gallery/NSW%20-%20LGA%20profiles%20-%20data%20as%20at%2031%20December%202020.docx | Mid-Coast Profile > 2019-20 bushfire impact, Destroyed/Damaged table | ""Destroyed | Damaged | 271 outbuildings | 129 outbuildings | 9 facilities | 16 facilities | 125 houses | 67 houses""",271.0,council_total,official,"National Bushfire Recovery Agency (Australian Government), NSW - LGA profiles - data as at 31 December 2020 | https://www.bushfirerecovery.gov.au/sites/default/files/video-gallery/NSW%20-%20LGA%20profiles%20-%20data%20as%20at%2031%20December%202020.docx | Mid-Coast Profile > 2019-20 bushfire impact, Destroyed/Damaged table | ""Destroyed | Damaged | 271 outbuildings | 129 outbuildings | 9 facilities | 16 facilities | 125 houses | 67 houses""",129.0,council_total,official,"National Bushfire Recovery Agency (Australian Government), NSW - LGA profiles - data as at 31 December 2020 | https://www.bushfirerecovery.gov.au/sites/default/files/video-gallery/NSW%20-%20LGA%20profiles%20-%20data%20as%20at%2031%20December%202020.docx | Mid-Coast Profile > 2019-20 bushfire impact, Destroyed/Damaged table | ""Destroyed | Damaged | 271 outbuildings | 129 outbuildings | 9 facilities | 16 facilities | 125 houses | 67 houses""",,,,,,,,,20000.0,council_total,official,"MidCoast Council Annual Report 2019-20 | https://www.midcoast.nsw.gov.au/files/assets/public/v/3/document-resources/council/plans-amp-publications/mcc-2019-20-annual-report.pdf | p.18 infographic ""Black Summer impact on the MidCoast (November 2019)"" | ""APPROXIMATELY 20,000 KM OF FENCING LOST INTERNAL & BOUNDARY""",52.0,council_total,official,"MidCoast REDS fire impact addendum (NSW Government, Regional NSW), May 2020 | https://www.nsw.gov.au/sites/default/files/2020-05/MidCoast%C2%A0REDS%20fire%20impact%20addendum%C2%A0.pdf | Slide 6 (PDF p.7) Key physical impacts | ""52 livestock reported dead, of which 29 are cattle""",1.0,council_total,official,"MidCoast Council Annual Report 2019-20 | https://www.midcoast.nsw.gov.au/files/assets/public/v/3/document-resources/council/plans-amp-publications/mcc-2019-20-annual-report.pdf | p.19 ""Hope and resilience as we dig deep to recover from bushfires"" | ""125 homes destroyed and 62 damaged, with one life tragically lost.""",,,,,125.0,"council figure, see DL_homes_destroyed_sourced_source",2.79986560645089,3485.0,,2015-16,0.3043,4317.0,0.054806964420893264,0.0,-1.342281879194629,7.8947368421052655,0.7112375533428139,0.07410620684669134,3.2190476190476103,-13.309090909090903,5.007153075822601,734.0,666.0,16.0,,,250000.0,12828741.0,10309792.0,,500000.0,1416000.0,25304533.0,3405.684550852576,24904.35665923093,63554.697272341466,1031116.0896938028,1541.1149108337909,12205.264941364449,32873.86353782339,2016,unknown,0.0,MidCoast Council Annual Report 2019-20 p.19: 'one life tragically lost' (no detail),2019Q3,0.19706397743624296,0.2848929086522511,0.18182121325439016,0.24518596243322863,0.20911945269852597,0.277898215029651,-13.937498973514273,45.01401579382931,52.84146995589418,9.572243020865912,35.4417727729634,0.19706447123207105,0.2848844526558507,0.18078440622106032,0.19922887359550126,0.21011971257690565,0.277899930353984,-30.06677909651464,17.832341672308495,53.71897176472864,9.572319693612075,8.26002197869642,,,,,97.81683874527111,101.57884958506885,,,,,,182694,183161,183892,177102,0.6557412941859075,0.15748634298120567,False,0.8111111111111111,0.5303030303030303,0.3986175115207373,0.6457286432160804,0.20984455958549222,0.7311557788944724,0.7370892018779343,0.8111111111111111,0.4644602709118838,0.5289096605653483,0.7370892018779343,4,0.6353925611165694,3,4,4,Extreme,0.6546674985047277,raised: >=100 homes destroyed
871,15270,Mid-Western Regional,12,"Kerry Ridge; Upper Turon Rd, Palmers Oaky; Meads Creek West; Gospers Mountain; Kellys Gap; Upper Bylong; Barneys Reef Rd, Merotherie; Windeyer Road",2019-09-12,2020-02-09,74327.3160223604,0.08492358015410204,479513.8568877548,110.0,75.57599205531791,-2.085959689527295,43.1,7,39.2,40743.70873097893,0.4766983575181423,15.60853272435473,Eucalypt Open Forests,67.54488901466195,74.3980814822523,100.0,6.13678034480057,2.877085822952518,827821934.0,960.0,2,16.19,61.38,3.934710253955227,7,-235,-1.750000000000001,0.1953888237592809,-0.3581638199141843,0.5875726182324226,-0.4813005655610896,5.162622612287041,2.707533102733992,1.783242033422063,-1.268944650140011,-0.3378975833371909,9.65,0.734999999999999,2319164486.0,-0.3395484074592287,-0.3200000000000003,1.032007051397721,-43.89999999999999,540.2696075434352,-1.36986301369863,-1.36986301369863,10426,,,,,,,,,,,,,,10.0,council_total,official,"National Bushfire Recovery Agency (Australian Government), NSW - LGA profiles - data as at 31 December 2020 | https://www.bushfirerecovery.gov.au/sites/default/files/video-gallery/NSW%20-%20LGA%20profiles%20-%20data%20as%20at%2031%20December%202020.docx | Mid-Western Profile > 2019-20 bushfire impact, Destroyed/Damaged table | ""Destroyed | Damaged | 13 outbuildings | 4 outbuildings | 0 facilities | 0 facilities | 10 houses | 3 houses""",3.0,council_total,official,"National Bushfire Recovery Agency (Australian Government), NSW - LGA profiles - data as at 31 December 2020 | https://www.bushfirerecovery.gov.au/sites/default/files/video-gallery/NSW%20-%20LGA%20profiles%20-%20data%20as%20at%2031%20December%202020.docx | Mid-Western Profile > 2019-20 bushfire impact, Destroyed/Damaged table | ""Destroyed | Damaged | 13 outbuildings | 4 outbuildings | 0 facilities | 0 facilities | 10 houses | 3 houses""",0.0,council_total,official,"National Bushfire Recovery Agency (Australian Government), NSW - LGA profiles - data as at 31 December 2020 | https://www.bushfirerecovery.gov.au/sites/default/files/video-gallery/NSW%20-%20LGA%20profiles%20-%20data%20as%20at%2031%20December%202020.docx | Mid-Western Profile > 2019-20 bushfire impact, Destroyed/Damaged table | ""Destroyed | Damaged | 13 outbuildings | 4 outbuildings | 0 facilities | 0 facilities | 10 houses | 3 houses""",0.0,council_total,official,"National Bushfire Recovery Agency (Australian Government), NSW - LGA profiles - data as at 31 December 2020 | https://www.bushfirerecovery.gov.au/sites/default/files/video-gallery/NSW%20-%20LGA%20profiles%20-%20data%20as%20at%2031%20December%202020.docx | Mid-Western Profile > 2019-20 bushfire impact, Destroyed/Damaged table | ""Destroyed | Damaged | 13 outbuildings | 4 outbuildings | 0 facilities | 0 facilities | 10 houses | 3 houses""",13.0,council_total,official,"National Bushfire Recovery Agency (Australian Government), NSW - LGA profiles - data as at 31 December 2020 | https://www.bushfirerecovery.gov.au/sites/default/files/video-gallery/NSW%20-%20LGA%20profiles%20-%20data%20as%20at%2031%20December%202020.docx | Mid-Western Profile > 2019-20 bushfire impact, Destroyed/Damaged table | ""Destroyed | Damaged | 13 outbuildings | 4 outbuildings | 0 facilities | 0 facilities | 10 houses | 3 houses""",4.0,council_total,official,"National Bushfire Recovery Agency (Australian Government), NSW - LGA profiles - data as at 31 December 2020 | https://www.bushfirerecovery.gov.au/sites/default/files/video-gallery/NSW%20-%20LGA%20profiles%20-%20data%20as%20at%2031%20December%202020.docx | Mid-Western Profile > 2019-20 bushfire impact, Destroyed/Damaged table | ""Destroyed | Damaged | 13 outbuildings | 4 outbuildings | 0 facilities | 0 facilities | 10 houses | 3 houses""",,,,,,,,,,,,,,,,,0.0,season_zero,official,"2019/2020 NSW Bushfires Coronial Inquiry, Volume 1 (NSW State Coroner, 2023) | https://coroners.nsw.gov.au/documents/reports/bushfires/2019-20-NSW-Bushfires-Coronial-Inquiry-Vol1.pdf | Part 1 Introduction, para 25, p.15 | ""Twenty-five deaths were reported to the Coroner in connection with the 2019/2020 bushfire season.""",,,,,10.0,"council figure, see DL_homes_destroyed_sourced_source",0.959140610013428,1461.0,,2015-16,0.3288,2795.0,0.05001953888237593,0.0,-5.298013245033117,-10.344827586206895,1.0834236186348933,-0.35570677389421546,-4.029304029304026,-107.6923076923077,15.348837209302335,256.0,264.0,3.0,,,250000.0,2209302.0,1549651.0,353000.0,,1275000.0,5636953.0,147.33909973287362,241.73963772439657,823.8398220695142,1031116.0896938028,85.4610844659109,146.8260213221675,497.7620308142756,2016,,0.0,,2019Q3,0.19909837162319344,0.27397631090749425,0.17359556506861165,0.21160072993940035,0.21844967809878282,0.2819410527294892,-22.76677890927383,26.70485553919164,62.41258964078678,9.572243020865912,17.13261251832573,0.19909837162319344,0.27397631090749425,0.1735977986369046,0.18394893071595728,0.2114606758289228,0.2819410527294892,-32.85954902208095,10.147175293908584,62.41049998519523,9.572319693612075,0.5748556002965088,,,,,100.28999999999999,103.57461538461538,,,,,,182694,183161,183892,177102,0.6557412941859075,0.15748634298120567,False,0.7111111111111111,0.47878787878787876,0.45161290322580644,0.4271356783919598,0.6321243523316062,0.23115577889447236,0.6995305164319249,0.7111111111111111,0.46520039100684263,0.43013860320601277,0.6995305164319249,4,0.5764951554389729,2,3,3,Severe,0.5761557109414837,raised: >=10 homes destroyed
871,15650,Muswellbrook,6,"Kerry Ridge; Woodlands; Gospers Mountain; Spring Gully; Little L Complex; Baerami Creek Rd, Baerami",2019-10-23,2020-02-09,88949.00786925455,0.2612394585450191,479513.8568877548,110.0,90.01341073038688,-2.012613454706564,43.0,11,38.9,49115.14432938615,0.4567424059898569,16.52318275225195,Eucalypt Open Forests,67.54488901466195,0.0,90.0,0.036119806771392,4.851853841368638,617784865.0,930.0,2,8.39,68.4,12.57631019484699,10,-110,-1.15,2.044989775051125,1.49143713137766,1.314765979244531,0.2458927954510192,6.35593220338983,3.900842693836782,6.074372203035143,-5.56007481975309,2.648437772056504,6.56,-1.715,2319164486.0,1.089421092528386,-3.170000000000001,-1.816127176963849,-26.81999999999999,334.5809807467154,5.0,5.0,6831,,,,,,,,,,,,,,0.0,council_total,official,"National Bushfire Recovery Agency (Australian Government), NSW - LGA profiles - data as at 31 December 2020 | https://www.bushfirerecovery.gov.au/sites/default/files/video-gallery/NSW%20-%20LGA%20profiles%20-%20data%20as%20at%2031%20December%202020.docx | Muswellbrook Profile > 2019-20 bushfire impact, Destroyed/Damaged table | ""Destroyed | Damaged | 0 outbuildings | 0 outbuildings | 0 facilities | 0 facilities | 0 houses | 0 houses""",0.0,council_total,official,"National Bushfire Recovery Agency (Australian Government), NSW - LGA profiles - data as at 31 December 2020 | https://www.bushfirerecovery.gov.au/sites/default/files/video-gallery/NSW%20-%20LGA%20profiles%20-%20data%20as%20at%2031%20December%202020.docx | Muswellbrook Profile > 2019-20 bushfire impact, Destroyed/Damaged table | ""Destroyed | Damaged | 0 outbuildings | 0 outbuildings | 0 facilities | 0 facilities | 0 houses | 0 houses""",0.0,council_total,official,"National Bushfire Recovery Agency (Australian Government), NSW - LGA profiles - data as at 31 December 2020 | https://www.bushfirerecovery.gov.au/sites/default/files/video-gallery/NSW%20-%20LGA%20profiles%20-%20data%20as%20at%2031%20December%202020.docx | Muswellbrook Profile > 2019-20 bushfire impact, Destroyed/Damaged table | ""Destroyed | Damaged | 0 outbuildings | 0 outbuildings | 0 facilities | 0 facilities | 0 houses | 0 houses""",0.0,council_total,official,"National Bushfire Recovery Agency (Australian Government), NSW - LGA profiles - data as at 31 December 2020 | https://www.bushfirerecovery.gov.au/sites/default/files/video-gallery/NSW%20-%20LGA%20profiles%20-%20data%20as%20at%2031%20December%202020.docx | Muswellbrook Profile > 2019-20 bushfire impact, Destroyed/Damaged table | ""Destroyed | Damaged | 0 outbuildings | 0 outbuildings | 0 facilities | 0 facilities | 0 houses | 0 houses""",0.0,council_total,official,"National Bushfire Recovery Agency (Australian Government), NSW - LGA profiles - data as at 31 December 2020 | https://www.bushfirerecovery.gov.au/sites/default/files/video-gallery/NSW%20-%20LGA%20profiles%20-%20data%20as%20at%2031%20December%202020.docx | Muswellbrook Profile > 2019-20 bushfire impact, Destroyed/Damaged table | ""Destroyed | Damaged | 0 outbuildings | 0 outbuildings | 0 facilities | 0 facilities | 0 houses | 0 houses""",0.0,council_total,official,"National Bushfire Recovery Agency (Australian Government), NSW - LGA profiles - data as at 31 December 2020 | https://www.bushfirerecovery.gov.au/sites/default/files/video-gallery/NSW%20-%20LGA%20profiles%20-%20data%20as%20at%2031%20December%202020.docx | Muswellbrook Profile > 2019-20 bushfire impact, Destroyed/Damaged table | ""Destroyed | Damaged | 0 outbuildings | 0 outbuildings | 0 facilities | 0 facilities | 0 houses | 0 houses""",,,,,,,,,,,,,,,,,0.0,season_zero,official,"2019/2020 NSW Bushfires Coronial Inquiry, Volume 1 (NSW State Coroner, 2023) | https://coroners.nsw.gov.au/documents/reports/bushfires/2019-20-NSW-Bushfires-Coronial-Inquiry-Vol1.pdf | Part 1 Introduction, para 25, p.15 | ""Twenty-five deaths were reported to the Coroner in connection with the 2019/2020 bushfire season.""",,,,,0.0,"council figure, see DL_homes_destroyed_sourced_source",0.0,941.1,,2015-16,0.3222,24997.0,0.05623721881390593,-10.909090909090914,-6.122448979591832,16.666666666666675,0.6825938566553003,1.281224818694593,6.009070294784591,-155.55555555555557,-15.652173913043477,100.0,119.0,3.0,,,,456000.0,699284.0,,,,1155284.0,125.51664237701468,162.450195786961,353.4854925671118,1031116.0896938028,47.71430658238308,63.090505792538586,141.78581141863845,2016,,0.0,,2019Q4,0.3430573053893094,0.40380732036646955,0.5360879198889471,0.453340069247953,0.5551863863829797,0.4614774441629315,12.266431632921048,28.49143833915877,-13.917581978245563,5.743760827134848,22.74767751202392,0.3431075404051902,0.4038128192426565,0.4780452871391178,0.4915252956248189,0.5551863863829797,0.4614774441629315,21.721072784827754,39.36047506641624,-3.4657475812254646,5.743760827134848,33.61671423928139,,,,98.58076923076922,96.04076923076923,101.42461538461538,,,,,,183161,183892,181696,182353,-0.7998427612865178,1.2760567258708555,False,0.21666666666666667,0.24848484848484848,0.11059907834101383,0.8090452261306532,0.9067357512953368,0.3165829145728643,0.7934272300469484,0.21666666666666667,0.17954196341293116,0.6774546306662849,0.7934272300469484,4,0.46677262269820774,1,1,1,Light,0.4298926950694477,from composite Y
871,15700,Nambucca Valley,9,"Kian Road; Carrai East; Andersons Creek; Thumb Fire; Magpie Road Fire; Peppertree Gr, Talarm; McHughes Creek Road Fire; Brushbox Rd, Eungai Rail",2019-10-16,2020-01-18,35624.91646353125,0.2388780721453784,154145.4595627284,95.0,51.16617490547639,-1.797483366057332,39.8,9,34.6,15092.38969520103,0.4343641547913395,14.74768878559222,Eucalypt Tall Open Forests,74.9519117385422,93.3976128782233,64.0,63.52369039242325,13.38390877323937,417480879.0,907.0,1,10.72,68.7,15.83152385724626,10,108,1.75,0.1386001386001386,-0.4149525050733266,0.4658568227385305,-0.6030163610549817,7.364729458917835,4.909639949364786,2.093453180945847,-1.579155797663795,-1.021420758998129,-6.159999999999998,3.414999999999999,,-0.7157136158632191,1.85,0.3219911955342356,-57.48,305.0769582333645,3.03030303030303,3.03030303030303,8765,,,,,,,,,,,,,,64.0,council_total,official,"National Bushfire Recovery Agency (Australian Government), NSW - LGA profiles - data as at 31 December 2020 | https://www.bushfirerecovery.gov.au/sites/default/files/video-gallery/NSW%20-%20LGA%20profiles%20-%20data%20as%20at%2031%20December%202020.docx | Nambucca Profile > 2019-20 bushfire impact, Destroyed/Damaged table | ""Destroyed | Damaged | 136 outbuildings | 26 outbuildings | 2 facilities | 2 facilities | 64 houses | 19 houses""",19.0,council_total,official,"National Bushfire Recovery Agency (Australian Government), NSW - LGA profiles - data as at 31 December 2020 | https://www.bushfirerecovery.gov.au/sites/default/files/video-gallery/NSW%20-%20LGA%20profiles%20-%20data%20as%20at%2031%20December%202020.docx | Nambucca Profile > 2019-20 bushfire impact, Destroyed/Damaged table | ""Destroyed | Damaged | 136 outbuildings | 26 outbuildings | 2 facilities | 2 facilities | 64 houses | 19 houses""",2.0,council_total,official,"National Bushfire Recovery Agency (Australian Government), NSW - LGA profiles - data as at 31 December 2020 | https://www.bushfirerecovery.gov.au/sites/default/files/video-gallery/NSW%20-%20LGA%20profiles%20-%20data%20as%20at%2031%20December%202020.docx | Nambucca Profile > 2019-20 bushfire impact, Destroyed/Damaged table | ""Destroyed | Damaged | 136 outbuildings | 26 outbuildings | 2 facilities | 2 facilities | 64 houses | 19 houses""",2.0,council_total,official,"National Bushfire Recovery Agency (Australian Government), NSW - LGA profiles - data as at 31 December 2020 | https://www.bushfirerecovery.gov.au/sites/default/files/video-gallery/NSW%20-%20LGA%20profiles%20-%20data%20as%20at%2031%20December%202020.docx | Nambucca Profile > 2019-20 bushfire impact, Destroyed/Damaged table | ""Destroyed | Damaged | 136 outbuildings | 26 outbuildings | 2 facilities | 2 facilities | 64 houses | 19 houses""",136.0,council_total,official,"National Bushfire Recovery Agency (Australian Government), NSW - LGA profiles - data as at 31 December 2020 | https://www.bushfirerecovery.gov.au/sites/default/files/video-gallery/NSW%20-%20LGA%20profiles%20-%20data%20as%20at%2031%20December%202020.docx | Nambucca Profile > 2019-20 bushfire impact, Destroyed/Damaged table | ""Destroyed | Damaged | 136 outbuildings | 26 outbuildings | 2 facilities | 2 facilities | 64 houses | 19 houses""",26.0,council_total,official,"National Bushfire Recovery Agency (Australian Government), NSW - LGA profiles - data as at 31 December 2020 | https://www.bushfirerecovery.gov.au/sites/default/files/video-gallery/NSW%20-%20LGA%20profiles%20-%20data%20as%20at%2031%20December%202020.docx | Nambucca Profile > 2019-20 bushfire impact, Destroyed/Damaged table | ""Destroyed | Damaged | 136 outbuildings | 26 outbuildings | 2 facilities | 2 facilities | 64 houses | 19 houses""",,,,,,,,,1400.0,council_total,official,"Nambucca REDS fire impact addendum (NSW Government, Regional NSW), May 2020 | https://www.nsw.gov.au/sites/default/files/2020-05/Nambucca%20REDS%20fire%20impact%20addendum%C2%A0%C2%A0.pdf | Slide 6 (PDF p.7) Key physical impacts | ""Agriculture : At least 1,400km of fencing reported as destroyed""",,,,,1.0,council_total,official,"Nambucca Valley Council Annual Report 2019/2020 | https://www.nambucca.nsw.gov.au/files/assets/public/finance/2019-2020-annual-report.pdf | Forward, p.3 | ""the Kian Road bush fire which reached its climax on 8 November 2019 resulting in the death of one resident""",2.0,council_total,official,"2019/2020 NSW Bushfires Coronial Inquiry, Findings Volume 1 (NSW State Coroner, 2024) | https://coroners.nsw.gov.au/documents/reports/bushfires/2019-20-NSW-Bushfires-Coronial-Inquiry-Vol1.pdf | Part 5 Northern Region intro, Nambucca Valley LGA, para 30, p.185 | ""Two FRNSW firefighters, Daryl Aldridge and Irene Pachos, sustained multiple injuries after a tree fell on their vehicle""",64.0,"council figure, see DL_homes_destroyed_sourced_source",7.301768397033657,708.2,,2015-16,0.2974,920.0,0.042966042966042964,-3.2258064516129004,-8.080808080808078,100.0,2.2332506203474045,1.633333333333331,7.802690582959637,-8.053691275167797,2.8368794326241176,146.0,129.0,,,,250000.0,9182869.0,7377227.0,,,1416000.0,18226096.0,593.9841831070189,1781.6861725030335,7445.8928396692445,1031116.0896938028,293.55107556026525,795.6162455324434,3278.80942281921,2016,resident,0.0,Nambucca Valley Council Annual Report 2019-20 p.3: 'the death of one resident',2019Q4,0.18733555884270917,0.1847947576590511,0.2584343059482824,0.2532558527059959,0.36088155290054175,0.26074142740091183,37.0470980422813,63.43737165552099,0.8927303378565954,5.743760827134848,57.69361082838614,0.18733555884270917,0.18479991100605941,0.24601744964989927,0.25267771999457045,0.36088155290054175,0.26074142740091183,36.73043380756032,63.06427666160928,5.984932276944521,5.743760827134848,57.32051583447443,,,,98.40615384615384,94.49538461538462,103.00538461538463,,,,,,183161,183892,181696,182353,-0.7998427612865178,1.2760567258708555,False,0.9111111111111111,0.5666666666666667,0.47235023041474655,0.16331658291457288,0.6606217616580311,0.17336683417085427,0.8732394366197183,0.9111111111111111,0.5195084485407067,0.33243505958115277,0.8732394366197183,4,0.6590735139631723,3,3,3,Severe,0.6862348301689627,from composite Y
871,15750,Narrabri,7,"Kaputar Fire; Mt Waa Wilderness; Spring Creek South; Edenhope Rd Pilliga North; Z-Line Road; Etoo Crossing Rd, Gwabegar; Squires Lane, Gwabegar",2019-10-16,2020-02-05,12774.87603924635,0.009815506894364568,19808.36682372261,49.0,50.46594070938416,-1.961221890575246,38.5,6,36.3,8791.364638218323,0.4707185985622058,15.85352971362518,Eucalypt Woodlands,54.60269138894304,7.69947337580357,,,1.016750396121974,387706317.0,954.0,2,16.2,59.8,2.6,10,-38,-0.95,-1.241534988713318,-1.795087632386784,-1.865039732511182,-2.933912916304694,5.667649059170256,3.212559549617207,-0.7370495911690753,1.251346974451128,-0.1268169755357817,4.42,-9.325,,-7.454172128207636,-6.909999999999998,2.548877483974613,265.53,177.7106103803522,3.333333333333333,3.333333333333333,5362,,,,,,,,,,,,,,0.0,council_total,official,"National Bushfire Recovery Agency (Australian Government), NSW - LGA profiles - data as at 31 December 2020 | https://www.bushfirerecovery.gov.au/sites/default/files/video-gallery/NSW%20-%20LGA%20profiles%20-%20data%20as%20at%2031%20December%202020.docx | Narrabri Profile > 2019-20 bushfire impact, Destroyed/Damaged table | ""Destroyed | Damaged | 0 outbuildings | 0 outbuildings | 0 facilities | 0 facilities | 0 houses | 0 houses""",0.0,council_total,official,"National Bushfire Recovery Agency (Australian Government), NSW - LGA profiles - data as at 31 December 2020 | https://www.bushfirerecovery.gov.au/sites/default/files/video-gallery/NSW%20-%20LGA%20profiles%20-%20data%20as%20at%2031%20December%202020.docx | Narrabri Profile > 2019-20 bushfire impact, Destroyed/Damaged table | ""Destroyed | Damaged | 0 outbuildings | 0 outbuildings | 0 facilities | 0 facilities | 0 houses | 0 houses""",0.0,council_total,official,"National Bushfire Recovery Agency (Australian Government), NSW - LGA profiles - data as at 31 December 2020 | https://www.bushfirerecovery.gov.au/sites/default/files/video-gallery/NSW%20-%20LGA%20profiles%20-%20data%20as%20at%2031%20December%202020.docx | Narrabri Profile > 2019-20 bushfire impact, Destroyed/Damaged table | ""Destroyed | Damaged | 0 outbuildings | 0 outbuildings | 0 facilities | 0 facilities | 0 houses | 0 houses""",0.0,council_total,official,"National Bushfire Recovery Agency (Australian Government), NSW - LGA profiles - data as at 31 December 2020 | https://www.bushfirerecovery.gov.au/sites/default/files/video-gallery/NSW%20-%20LGA%20profiles%20-%20data%20as%20at%2031%20December%202020.docx | Narrabri Profile > 2019-20 bushfire impact, Destroyed/Damaged table | ""Destroyed | Damaged | 0 outbuildings | 0 outbuildings | 0 facilities | 0 facilities | 0 houses | 0 houses""",0.0,council_total,official,"National Bushfire Recovery Agency (Australian Government), NSW - LGA profiles - data as at 31 December 2020 | https://www.bushfirerecovery.gov.au/sites/default/files/video-gallery/NSW%20-%20LGA%20profiles%20-%20data%20as%20at%2031%20December%202020.docx | Narrabri Profile > 2019-20 bushfire impact, Destroyed/Damaged table | ""Destroyed | Damaged | 0 outbuildings | 0 outbuildings | 0 facilities | 0 facilities | 0 houses | 0 houses""",0.0,council_total,official,"National Bushfire Recovery Agency (Australian Government), NSW - LGA profiles - data as at 31 December 2020 | https://www.bushfirerecovery.gov.au/sites/default/files/video-gallery/NSW%20-%20LGA%20profiles%20-%20data%20as%20at%2031%20December%202020.docx | Narrabri Profile > 2019-20 bushfire impact, Destroyed/Damaged table | ""Destroyed | Damaged | 0 outbuildings | 0 outbuildings | 0 facilities | 0 facilities | 0 houses | 0 houses""",,,,,,,,,,,,,,,,,0.0,season_zero,official,"2019/2020 NSW Bushfires Coronial Inquiry, Volume 1 (NSW State Coroner, 2023) | https://coroners.nsw.gov.au/documents/reports/bushfires/2019-20-NSW-Bushfires-Coronial-Inquiry-Vol1.pdf | Part 1 Introduction, para 25, p.15 | ""Twenty-five deaths were reported to the Coroner in connection with the 2019/2020 bushfire season.""",,,,,0.0,"council figure, see DL_homes_destroyed_sourced_source",0.0,685.3,,2015-16,0.3386,4042.0,0.027652370203160272,6.1224489795918435,-5.797101449275366,-37.5,-3.0264817150063017,1.0913781129080258,-0.14064697609000865,545.9999999999999,3.4965034965035002,152.0,136.0,3.0,,,,264460.0,300000.0,,,,564460.0,6.522741665425071,22.371916414813146,149.55505542295538,1031116.0896938028,4.728790827203617,13.113877359151477,76.06610698147833,2016,,0.0,,2019Q4,0.17059408234246973,0.1508455687484361,0.1816356098784808,0.2031278989396851,0.31150588674348867,0.22394802560024848,34.659506822132656,59.91074466169097,23.295220441672114,5.743760827134848,54.16698383455612,0.17059408234246973,0.1508455687484361,0.16350089831570616,0.20203580859319356,0.31150588674348867,0.22393810096857383,33.93552775164843,59.042248121341935,36.964446847361444,5.743760827134848,53.298487294207085,,,,98.01241742634829,95.46933661888058,101.9425808135371,,,,,,183161,183892,181696,182353,-0.7998427612865178,1.2760567258708555,False,0.21666666666666667,0.8787878787878788,0.8433179723502304,0.9949748743718593,0.36787564766839376,1.0,0.7230046948356808,0.21666666666666667,0.8610529255690547,0.7876168406800844,0.7230046948356808,4,0.6470852819378716,3,3,3,Severe,0.6702542022414527,from composite Y
871,16100,Oberon,4,"Green Wattle Creek; Ruined Castle; Middle Trail, Abercrombie River National Park; Queahgong Pit Fire",2019-10-28,2020-02-09,69101.34164533415,0.1906219192339689,277894.3020072987,77.0,53.55871505557261,-1.635131996079823,40.6,11,37.6,29207.41784274665,0.4983242569658003,15.91454566956363,Eucalypt Woodlands,71.25099388184944,58.51745433852635,37.0,9.19985959449849,1.504808075591848,167284189.0,969.0,1,14.49,61.52,3.230934440788566,5,-36,-1.15,2.098950524737631,1.545397881064166,2.138981197156438,1.070108013362926,4.582951420714941,2.127861911161891,0.2191193164696727,0.2951780668123795,0.2730317750420568,-2.1,7.034999999999998,2319164486.0,1.780541658876921,-1.119999999999999,1.558669094793287,2.560000000000016,1380.775841410404,-1.639344262295082,-1.639344262295082,2378,,,,,,,,,,,,,,4.0,council_total,official,"National Bushfire Recovery Agency (Australian Government), NSW - LGA profiles - data as at 31 December 2020 | https://www.bushfirerecovery.gov.au/sites/default/files/video-gallery/NSW%20-%20LGA%20profiles%20-%20data%20as%20at%2031%20December%202020.docx | Oberon Profile > 2019-20 bushfire impact, Destroyed/Damaged table | ""Destroyed | Damaged | 5 outbuildings | 0 outbuildings | 1 facilities | 4 facilities | 4 houses | 2 houses""",2.0,council_total,official,"National Bushfire Recovery Agency (Australian Government), NSW - LGA profiles - data as at 31 December 2020 | https://www.bushfirerecovery.gov.au/sites/default/files/video-gallery/NSW%20-%20LGA%20profiles%20-%20data%20as%20at%2031%20December%202020.docx | Oberon Profile > 2019-20 bushfire impact, Destroyed/Damaged table | ""Destroyed | Damaged | 5 outbuildings | 0 outbuildings | 1 facilities | 4 facilities | 4 houses | 2 houses""",1.0,council_total,official,"National Bushfire Recovery Agency (Australian Government), NSW - LGA profiles - data as at 31 December 2020 | https://www.bushfirerecovery.gov.au/sites/default/files/video-gallery/NSW%20-%20LGA%20profiles%20-%20data%20as%20at%2031%20December%202020.docx | Oberon Profile > 2019-20 bushfire impact, Destroyed/Damaged table | ""Destroyed | Damaged | 5 outbuildings | 0 outbuildings | 1 facilities | 4 facilities | 4 houses | 2 houses""",4.0,council_total,official,"National Bushfire Recovery Agency (Australian Government), NSW - LGA profiles - data as at 31 December 2020 | https://www.bushfirerecovery.gov.au/sites/default/files/video-gallery/NSW%20-%20LGA%20profiles%20-%20data%20as%20at%2031%20December%202020.docx | Oberon Profile > 2019-20 bushfire impact, Destroyed/Damaged table | ""Destroyed | Damaged | 5 outbuildings | 0 outbuildings | 1 facilities | 4 facilities | 4 houses | 2 houses""",5.0,council_total,official,"National Bushfire Recovery Agency (Australian Government), NSW - LGA profiles - data as at 31 December 2020 | https://www.bushfirerecovery.gov.au/sites/default/files/video-gallery/NSW%20-%20LGA%20profiles%20-%20data%20as%20at%2031%20December%202020.docx | Oberon Profile > 2019-20 bushfire impact, Destroyed/Damaged table | ""Destroyed | Damaged | 5 outbuildings | 0 outbuildings | 1 facilities | 4 facilities | 4 houses | 2 houses""",0.0,council_total,official,"National Bushfire Recovery Agency (Australian Government), NSW - LGA profiles - data as at 31 December 2020 | https://www.bushfirerecovery.gov.au/sites/default/files/video-gallery/NSW%20-%20LGA%20profiles%20-%20data%20as%20at%2031%20December%202020.docx | Oberon Profile > 2019-20 bushfire impact, Destroyed/Damaged table | ""Destroyed | Damaged | 5 outbuildings | 0 outbuildings | 1 facilities | 4 facilities | 4 houses | 2 houses""",,,,,,,,,,,,,,,,,0.0,season_zero,official,"2019/2020 NSW Bushfires Coronial Inquiry, Volume 1 (NSW State Coroner, 2023) | https://coroners.nsw.gov.au/documents/reports/bushfires/2019-20-NSW-Bushfires-Coronial-Inquiry-Vol1.pdf | Part 1 Introduction, para 25, p.15 | ""Twenty-five deaths were reported to the Coroner in connection with the 2019/2020 bushfire season.""",,,,,4.0,"council figure, see DL_homes_destroyed_sourced_source",1.682085786375105,318.2,,2015-16,0.3397,3104.0,0.031484257871064465,4.761904761904767,44.99999999999999,0.0,1.8575851393188847,-4.402372262773724,-2.155172413793105,9.999999999999986,-4.761904761904767,63.0,80.0,,,,250000.0,5730314.0,808572.0,,,,6788886.0,14.005948786133569,33.091043276594505,232.07070707301727,1031116.0896938028,9.543958471592536,21.44683953582819,101.71376452638168,2016,,0.0,,2019Q4,0.14867944618450674,0.16400425987156567,0.37995117598302447,0.1989728843700652,0.3392569839400175,0.2257045957527397,21.321778181788687,57.40330063508776,-40.59642132471679,5.743760827134848,51.65953980795291,0.14867944618450674,0.16400425987156567,0.20829197235820654,0.19794256618022663,0.3392569839400175,0.2257045957527397,20.693551701180567,56.58823739519758,8.359718906779623,5.743760827134848,50.84447656806273,,,,97.90230769230769,95.18615384615386,102.55846153846154,,,,,,183161,183892,181696,182353,-0.7998427612865178,1.2760567258708555,False,0.7666666666666667,0.17575757575757575,0.0967741935483871,0.12562814070351758,0.47150259067357514,0.6482412060301508,0.6244131455399061,0.7666666666666667,0.13626588465298142,0.4151239791357478,0.6244131455399061,4,0.4856174189988255,1,1,1,Light,0.4550133031302795,from composite Y
871,16350,Penrith,2,"The Northern Rd, Berkshire Park; Fairlight Rd, Mulgoa",2019-10-26,2019-11-04,13.29207844039726,0.0003284410543062959,13.28618646715078,4.0,33.63838816971011,-1.358174720860443,33.9,14,28.5,3.0,,1.274959142595124,Eucalypt Woodlands,46.05668016194332,0.0,,,517.8574561387253,7882858432.0,999.0,0,8.32,71.23,5.396709742649316,8,2482,2.05,1.233529576675077,0.6799769330016117,2.563213777502098,1.494340593708586,7.214497704911775,4.759408195358725,1.350631573596004,-0.8363341903139521,-0.709792599001422,-10.19,-2.815000000000001,,-0.1184319026164759,-7.95,-2.571947648005906,-22.89,-98.53127400432362,0.0,0.0,67638,,,,,,,,,,,,,,0.0,council_total,official,"National Bushfire Recovery Agency (Australian Government), NSW - LGA profiles - data as at 31 December 2020 | https://www.bushfirerecovery.gov.au/sites/default/files/video-gallery/NSW%20-%20LGA%20profiles%20-%20data%20as%20at%2031%20December%202020.docx | Penrith Profile > 2019-20 bushfire impact, Destroyed/Damaged table | ""Destroyed | Damaged | 0 outbuildings | 0 outbuildings | 0 facilities | 0 facilities | 0 houses | 0 houses""",0.0,council_total,official,"National Bushfire Recovery Agency (Australian Government), NSW - LGA profiles - data as at 31 December 2020 | https://www.bushfirerecovery.gov.au/sites/default/files/video-gallery/NSW%20-%20LGA%20profiles%20-%20data%20as%20at%2031%20December%202020.docx | Penrith Profile > 2019-20 bushfire impact, Destroyed/Damaged table | ""Destroyed | Damaged | 0 outbuildings | 0 outbuildings | 0 facilities | 0 facilities | 0 houses | 0 houses""",0.0,council_total,official,"National Bushfire Recovery Agency (Australian Government), NSW - LGA profiles - data as at 31 December 2020 | https://www.bushfirerecovery.gov.au/sites/default/files/video-gallery/NSW%20-%20LGA%20profiles%20-%20data%20as%20at%2031%20December%202020.docx | Penrith Profile > 2019-20 bushfire impact, Destroyed/Damaged table | ""Destroyed | Damaged | 0 outbuildings | 0 outbuildings | 0 facilities | 0 facilities | 0 houses | 0 houses""",0.0,council_total,official,"National Bushfire Recovery Agency (Australian Government), NSW - LGA profiles - data as at 31 December 2020 | https://www.bushfirerecovery.gov.au/sites/default/files/video-gallery/NSW%20-%20LGA%20profiles%20-%20data%20as%20at%2031%20December%202020.docx | Penrith Profile > 2019-20 bushfire impact, Destroyed/Damaged table | ""Destroyed | Damaged | 0 outbuildings | 0 outbuildings | 0 facilities | 0 facilities | 0 houses | 0 houses""",0.0,council_total,official,"National Bushfire Recovery Agency (Australian Government), NSW - LGA profiles - data as at 31 December 2020 | https://www.bushfirerecovery.gov.au/sites/default/files/video-gallery/NSW%20-%20LGA%20profiles%20-%20data%20as%20at%2031%20December%202020.docx | Penrith Profile > 2019-20 bushfire impact, Destroyed/Damaged table | ""Destroyed | Damaged | 0 outbuildings | 0 outbuildings | 0 facilities | 0 facilities | 0 houses | 0 houses""",0.0,council_total,official,"National Bushfire Recovery Agency (Australian Government), NSW - LGA profiles - data as at 31 December 2020 | https://www.bushfirerecovery.gov.au/sites/default/files/video-gallery/NSW%20-%20LGA%20profiles%20-%20data%20as%20at%2031%20December%202020.docx | Penrith Profile > 2019-20 bushfire impact, Destroyed/Damaged table | ""Destroyed | Damaged | 0 outbuildings | 0 outbuildings | 0 facilities | 0 facilities | 0 houses | 0 houses""",,,,,,,,,,,,,,,,,0.0,season_zero,official,"2019/2020 NSW Bushfires Coronial Inquiry, Volume 1 (NSW State Coroner, 2023) | https://coroners.nsw.gov.au/documents/reports/bushfires/2019-20-NSW-Bushfires-Coronial-Inquiry-Vol1.pdf | Part 1 Introduction, para 25, p.15 | ""Twenty-five deaths were reported to the Coroner in connection with the 2019/2020 bushfire season.""",,,,,0.0,"council figure, see DL_homes_destroyed_sourced_source",0.0,8786.6,,2015-16,0.4597,,0.03062797869358004,1.3729977116704761,4.621309370988436,5.586592178770955,5.179282868525892,-1.9750826641473762,-0.14113662024840545,-5.385684503127175,4.212168486739465,1997.0,2146.0,45.0,,,,,,,,,,0.0,106.81822666964077,10771.479175872819,1031116.0896938028,0.0,34.97264552279104,3118.11366909809,2016,,0.0,,2019Q4,4.932738671621003,6.0884565476894865,5.904409034046009,4.720678766660851,5.78021248411214,5.307824991534589,-22.465098836053855,-5.947756150442252,-10.104043250923112,5.743760827134848,-11.691516977577098,4.932738671621003,6.0884565476894865,5.90818124925721,4.720678766660851,5.78021248411214,5.307366756893452,-22.465098836053855,-5.947756150442252,-10.169195341447834,5.743760827134848,-11.691516977577098,,,,98.15421521714222,95.65982442547799,102.58937285619517,,,,,,183161,183892,181696,182353,-0.7998427612865178,1.2760567258708555,False,0.21666666666666667,0.43636363636363634,0.2350230414746544,0.964824120603015,0.6062176165803109,0.39195979899497485,0.863849765258216,0.21666666666666667,0.3356933389191454,0.654333845392767,0.863849765258216,4,0.5176359040591987,2,2,2,Moderate,0.4976947840586175,from composite Y
871,16380,Port Macquarie-Hastings,23,"Stockyard East; Coombes Gap Complex; Rumba Complex; Crestwood Dr, Port Macquarie; Gum Scrub; Bills Crossing Crowdy; O'Learys; Lindfield Park Road",2019-07-17,2020-02-11,143289.5552481679,0.3891209157097166,238717.6613517903,210.0,60.30883843347984,-2.390676868288615,39.8,8,47.5,55644.49934265781,0.4791911500516936,15.47609523461254,Eucalypt Tall Open Forests,83.36813649905461,301.2771396130493,2.0,0.2429645588769482,22.4799563001381,2365926861.0,976.0,2,28.42,65.42,8.233497349592337,14,277,0.95,1.412293371850425,0.8587407281769601,2.281693680110567,1.212820496317055,5.83474269147137,3.379653181918321,1.893863160644109,-1.379565777362057,-0.9359112884454808,2.430000000000001,0.6249999999999996,,0.3941119043299701,-0.4500000000000028,-1.920818894207481,44.90000000000001,-401.1922631822455,1.282051282051282,1.282051282051282,34422,880,,,,,,,,,,,,,26.0,council_total,official,"National Bushfire Recovery Agency (Australian Government), NSW - LGA profiles - data as at 31 December 2020 | https://www.bushfirerecovery.gov.au/sites/default/files/video-gallery/NSW%20-%20LGA%20profiles%20-%20data%20as%20at%2031%20December%202020.docx | Port Macquarie-Hastings Profile > 2019-20 bushfire impact, Destroyed/Damaged table | ""Destroyed | Damaged | 50 outbuildings | 18 outbuildings | 4 facilities | 2 facilities | 26 houses | 11 houses""",11.0,council_total,official,"National Bushfire Recovery Agency (Australian Government), NSW - LGA profiles - data as at 31 December 2020 | https://www.bushfirerecovery.gov.au/sites/default/files/video-gallery/NSW%20-%20LGA%20profiles%20-%20data%20as%20at%2031%20December%202020.docx | Port Macquarie-Hastings Profile > 2019-20 bushfire impact, Destroyed/Damaged table | ""Destroyed | Damaged | 50 outbuildings | 18 outbuildings | 4 facilities | 2 facilities | 26 houses | 11 houses""",4.0,council_total,official,"National Bushfire Recovery Agency (Australian Government), NSW - LGA profiles - data as at 31 December 2020 | https://www.bushfirerecovery.gov.au/sites/default/files/video-gallery/NSW%20-%20LGA%20profiles%20-%20data%20as%20at%2031%20December%202020.docx | Port Macquarie-Hastings Profile > 2019-20 bushfire impact, Destroyed/Damaged table | ""Destroyed | Damaged | 50 outbuildings | 18 outbuildings | 4 facilities | 2 facilities | 26 houses | 11 houses""",2.0,council_total,official,"National Bushfire Recovery Agency (Australian Government), NSW - LGA profiles - data as at 31 December 2020 | https://www.bushfirerecovery.gov.au/sites/default/files/video-gallery/NSW%20-%20LGA%20profiles%20-%20data%20as%20at%2031%20December%202020.docx | Port Macquarie-Hastings Profile > 2019-20 bushfire impact, Destroyed/Damaged table | ""Destroyed | Damaged | 50 outbuildings | 18 outbuildings | 4 facilities | 2 facilities | 26 houses | 11 houses""",50.0,council_total,official,"National Bushfire Recovery Agency (Australian Government), NSW - LGA profiles - data as at 31 December 2020 | https://www.bushfirerecovery.gov.au/sites/default/files/video-gallery/NSW%20-%20LGA%20profiles%20-%20data%20as%20at%2031%20December%202020.docx | Port Macquarie-Hastings Profile > 2019-20 bushfire impact, Destroyed/Damaged table | ""Destroyed | Damaged | 50 outbuildings | 18 outbuildings | 4 facilities | 2 facilities | 26 houses | 11 houses""",18.0,council_total,official,"National Bushfire Recovery Agency (Australian Government), NSW - LGA profiles - data as at 31 December 2020 | https://www.bushfirerecovery.gov.au/sites/default/files/video-gallery/NSW%20-%20LGA%20profiles%20-%20data%20as%20at%2031%20December%202020.docx | Port Macquarie-Hastings Profile > 2019-20 bushfire impact, Destroyed/Damaged table | ""Destroyed | Damaged | 50 outbuildings | 18 outbuildings | 4 facilities | 2 facilities | 26 houses | 11 houses""",30.0,council_total,official,"Port Macquarie-Hastings Council Annual Report 2019-2020 Part A: Community Report Card | https://www.pmhc.nsw.gov.au/files/assets/public/document-files/your-council/annualreports/2019-2020-annual-report-part-a-community-report-card-final.pdf | ""2019-2020 overview"" (PDF p.6) | ""Almost 30 properties were lost to fire with over 70 facilities and outbuildings destroyed or damaged.""",,,,,,,,,,,,,0.0,season_zero,official,"2019/2020 NSW Bushfires Coronial Inquiry, Volume 1 (NSW State Coroner, 2023) | https://coroners.nsw.gov.au/documents/reports/bushfires/2019-20-NSW-Bushfires-Coronial-Inquiry-Vol1.pdf | Part 1 Introduction, para 25, p.15 | ""Twenty-five deaths were reported to the Coroner in connection with the 2019/2020 bushfire season.""",,,,,26.0,"council figure, see DL_homes_destroyed_sourced_source",0.7553308930335251,3014.3,,2015-16,0.3622,6110.0,0.05520783180869844,-0.5813953488372103,-1.4634146341463428,14.634146341463406,0.789889415481837,-1.4982067454638592,5.820433436532513,-3.3623188405797144,1.0218978102189746,695.0,701.0,18.0,,,250000.0,10692499.0,3024088.0,,,1416000.0,15382587.0,922.1762028196096,13195.674734381462,63429.545400811214,1031116.0896938028,400.27604202437317,5841.082191336062,30369.269771959902,2016,,0.0,,2019Q3,0.2780440333404178,0.35979226754683147,0.2513727247296258,0.37833897002276523,0.2937103355689227,0.3540059350607725,5.154836317742628,59.940300992707684,40.82909569506319,9.572243020865912,50.36805797184177,0.27512999729036497,0.35977364713070364,0.24458586252202705,0.36868686588728417,0.2923988475007801,0.3534013589721792,2.4774518166257975,55.86089844655617,44.48969181133779,9.572319693612075,46.2885787529441,,,,,97.62076923076923,101.69461538461539,,,,,,182694,183161,183892,177102,0.6557412941859075,0.15748634298120567,False,0.6888888888888889,0.35454545454545455,0.20046082949308755,0.4547738693467337,0.6502590673575129,0.871859296482412,0.7511737089201878,0.6888888888888889,0.27750314201927107,0.6589640777288862,0.7511737089201878,4,0.5941324543893085,2,3,3,Severe,0.5996666933429531,raised: >=10 homes destroyed
871,16490,Queanbeyan-Palerang Regional,7,"Charleys Forest; North Black Range, Palerang; Jinden; Badja Forest Rd, Countegany; Clyde Mountain Fire; Currowan 2; Good Good Fire",2019-11-25,2020-03-03,117038.5449010018,0.2200383152326854,315470.7851771298,83.0,84.45160659978882,-2.028714486892877,44.7,9,40.4,38906.53581909395,0.7165935322396666,8.681803756769632,Eucalypt Woodlands,62.1787844450932,208.5318628483649,1201.0,0.3655265750790976,11.32015700297471,3001340220.0,1053.0,2,14.3,57.87,4.05933463076758,7,-158,-0.4500000000000002,3.146551724137931,2.592999080464466,3.237454862408168,2.168581678614657,2.923005380987179,0.4679158714341294,-0.8554172504728115,1.369714633754864,2.274066773368777,-4.57,-7.505000000000001,2319164486.0,2.830291862668212,-7.2,-3.751917015802997,73.53,433.4500288893622,5.0,5.0,22470,,,,,,,,,,,,,,57.0,council_total,official,"National Bushfire Recovery Agency (Australian Government), NSW - LGA profiles - data as at 31 December 2020 | https://www.bushfirerecovery.gov.au/sites/default/files/video-gallery/NSW%20-%20LGA%20profiles%20-%20data%20as%20at%2031%20December%202020.docx | Queanbeyan-Palerang Profile > 2019-20 bushfire impact, Destroyed/Damaged table | ""Destroyed | Damaged | 154 outbuildings | 51 outbuildings | 4 facilities | 3 facilities | 57 houses | 20 houses""",20.0,council_total,official,"National Bushfire Recovery Agency (Australian Government), NSW - LGA profiles - data as at 31 December 2020 | https://www.bushfirerecovery.gov.au/sites/default/files/video-gallery/NSW%20-%20LGA%20profiles%20-%20data%20as%20at%2031%20December%202020.docx | Queanbeyan-Palerang Profile > 2019-20 bushfire impact, Destroyed/Damaged table | ""Destroyed | Damaged | 154 outbuildings | 51 outbuildings | 4 facilities | 3 facilities | 57 houses | 20 houses""",4.0,council_total,official,"National Bushfire Recovery Agency (Australian Government), NSW - LGA profiles - data as at 31 December 2020 | https://www.bushfirerecovery.gov.au/sites/default/files/video-gallery/NSW%20-%20LGA%20profiles%20-%20data%20as%20at%2031%20December%202020.docx | Queanbeyan-Palerang Profile > 2019-20 bushfire impact, Destroyed/Damaged table | ""Destroyed | Damaged | 154 outbuildings | 51 outbuildings | 4 facilities | 3 facilities | 57 houses | 20 houses""",3.0,council_total,official,"National Bushfire Recovery Agency (Australian Government), NSW - LGA profiles - data as at 31 December 2020 | https://www.bushfirerecovery.gov.au/sites/default/files/video-gallery/NSW%20-%20LGA%20profiles%20-%20data%20as%20at%2031%20December%202020.docx | Queanbeyan-Palerang Profile > 2019-20 bushfire impact, Destroyed/Damaged table | ""Destroyed | Damaged | 154 outbuildings | 51 outbuildings | 4 facilities | 3 facilities | 57 houses | 20 houses""",154.0,council_total,official,"National Bushfire Recovery Agency (Australian Government), NSW - LGA profiles - data as at 31 December 2020 | https://www.bushfirerecovery.gov.au/sites/default/files/video-gallery/NSW%20-%20LGA%20profiles%20-%20data%20as%20at%2031%20December%202020.docx | Queanbeyan-Palerang Profile > 2019-20 bushfire impact, Destroyed/Damaged table | ""Destroyed | Damaged | 154 outbuildings | 51 outbuildings | 4 facilities | 3 facilities | 57 houses | 20 houses""",51.0,council_total,official,"National Bushfire Recovery Agency (Australian Government), NSW - LGA profiles - data as at 31 December 2020 | https://www.bushfirerecovery.gov.au/sites/default/files/video-gallery/NSW%20-%20LGA%20profiles%20-%20data%20as%20at%2031%20December%202020.docx | Queanbeyan-Palerang Profile > 2019-20 bushfire impact, Destroyed/Damaged table | ""Destroyed | Damaged | 154 outbuildings | 51 outbuildings | 4 facilities | 3 facilities | 57 houses | 20 houses""",,,,,,,,,,,,,,,,,0.0,season_zero,official,"2019/2020 NSW Bushfires Coronial Inquiry, Volume 1 (NSW State Coroner, 2023) | https://coroners.nsw.gov.au/documents/reports/bushfires/2019-20-NSW-Bushfires-Coronial-Inquiry-Vol1.pdf | Part 1 Introduction, para 25, p.15 | ""Twenty-five deaths were reported to the Coroner in connection with the 2019/2020 bushfire season.""",,,,,57.0,"council figure, see DL_homes_destroyed_sourced_source",2.536715620827771,2318.6,,2015-16,0.5064,2554.0,0.03599137931034483,1.1976047904191711,-3.862660944206009,-5.882352941176472,0.0,2.0233477903666586,5.2678838671056605,-1.718213058419249,-0.5474452554744547,547.0,659.0,4.0,,,250000.0,5037530.0,5027834.0,,,1275000.0,11590364.0,506.64348079635823,929.094686537125,3314.6664514188255,1031116.0896938028,341.5897738654646,596.1677896247312,1865.2484740292657,2016,,0.0,,2019Q4,0.23050565194875203,0.24925994148892494,0.316251137666439,0.2977157960683318,0.40324441681590817,0.3030145047642679,19.4398884513739,43.58459706632512,-4.185481513154976,5.743760827134848,37.84083623919027,0.23050565194875203,0.24925994148892494,0.2875099945438355,0.3071819189170911,0.40324441681590817,0.3030145047642679,23.237579645640636,48.14895678728182,5.392685650817763,5.743760827134848,42.40519596014697,,,,97.66649503614225,94.69854372024878,101.14290441306106,,,,,,183161,183892,181696,182353,-0.7998427612865178,1.2760567258708555,False,0.8,0.10909090909090909,0.03686635944700461,0.9899497487437185,0.3626943005181347,0.9095477386934674,0.38967136150234744,0.8,0.07297863426895684,0.7540639293184402,0.38967136150234744,4,0.5041784812724361,2,3,3,Severe,0.4797556862863542,raised: >=10 homes destroyed
871,16610,Richmond Valley,10,"Myall Creek Road; Busbys Flat Rd, Busbys Flat; Washpool State Forest, Coombadjha; Benauds Rd, Bora Ridge; Banyabba; Tuckerbox Rd, Bora Ridge; Oil Rig Rd, Tullymorgan; Hogarth Range Rd, Hogarth Range",2019-10-03,2020-02-09,133296.0585156208,0.4374127479022951,121952.2424103969,70.0,55.67207458953582,-2.028071830391684,40.4,8,34.9,9092.212031910547,0.2847072282303527,4.624506917634456,Eucalypt Open Forests,66.70254772494594,309.6248560056271,54.0,36.05026568375576,7.693835362817858,537672194.0,902.0,2,9.08,60.52,6.771760154738877,12,49,0.4499999999999995,0.8495145631067961,0.2959619194333308,2.332951415128836,1.264078231335324,6.738889362791094,4.283799853238046,-2.272223199054384,2.786520582336436,-0.2766704154906554,4.170000000000001,0.9250000000000004,2319164486.0,1.628540157018327,-1.24,-1.827471078038523,-46.13999999999999,-152.620464688297,0.0,0.0,9390,,,,,,,,,,,,,,62.0,council_total,official,"National Bushfire Recovery Agency (Australian Government), NSW - LGA profiles - data as at 31 December 2020 | https://www.bushfirerecovery.gov.au/sites/default/files/video-gallery/NSW%20-%20LGA%20profiles%20-%20data%20as%20at%2031%20December%202020.docx | Richmond Valley Profile > 2019-20 bushfire impact, Destroyed/Damaged table | ""Destroyed | Damaged | 178 outbuildings | 63 outbuildings | 8 facilities | 12 facilities | 62 houses | 25 houses""",25.0,council_total,official,"National Bushfire Recovery Agency (Australian Government), NSW - LGA profiles - data as at 31 December 2020 | https://www.bushfirerecovery.gov.au/sites/default/files/video-gallery/NSW%20-%20LGA%20profiles%20-%20data%20as%20at%2031%20December%202020.docx | Richmond Valley Profile > 2019-20 bushfire impact, Destroyed/Damaged table | ""Destroyed | Damaged | 178 outbuildings | 63 outbuildings | 8 facilities | 12 facilities | 62 houses | 25 houses""",8.0,council_total,official,"National Bushfire Recovery Agency (Australian Government), NSW - LGA profiles - data as at 31 December 2020 | https://www.bushfirerecovery.gov.au/sites/default/files/video-gallery/NSW%20-%20LGA%20profiles%20-%20data%20as%20at%2031%20December%202020.docx | Richmond Valley Profile > 2019-20 bushfire impact, Destroyed/Damaged table | ""Destroyed | Damaged | 178 outbuildings | 63 outbuildings | 8 facilities | 12 facilities | 62 houses | 25 houses""",12.0,council_total,official,"National Bushfire Recovery Agency (Australian Government), NSW - LGA profiles - data as at 31 December 2020 | https://www.bushfirerecovery.gov.au/sites/default/files/video-gallery/NSW%20-%20LGA%20profiles%20-%20data%20as%20at%2031%20December%202020.docx | Richmond Valley Profile > 2019-20 bushfire impact, Destroyed/Damaged table | ""Destroyed | Damaged | 178 outbuildings | 63 outbuildings | 8 facilities | 12 facilities | 62 houses | 25 houses""",178.0,council_total,official,"National Bushfire Recovery Agency (Australian Government), NSW - LGA profiles - data as at 31 December 2020 | https://www.bushfirerecovery.gov.au/sites/default/files/video-gallery/NSW%20-%20LGA%20profiles%20-%20data%20as%20at%2031%20December%202020.docx | Richmond Valley Profile > 2019-20 bushfire impact, Destroyed/Damaged table | ""Destroyed | Damaged | 178 outbuildings | 63 outbuildings | 8 facilities | 12 facilities | 62 houses | 25 houses""",63.0,council_total,official,"National Bushfire Recovery Agency (Australian Government), NSW - LGA profiles - data as at 31 December 2020 | https://www.bushfirerecovery.gov.au/sites/default/files/video-gallery/NSW%20-%20LGA%20profiles%20-%20data%20as%20at%2031%20December%202020.docx | Richmond Valley Profile > 2019-20 bushfire impact, Destroyed/Damaged table | ""Destroyed | Damaged | 178 outbuildings | 63 outbuildings | 8 facilities | 12 facilities | 62 houses | 25 houses""",,,,,,,,,3219.0,fire_in_council,official,"2019/2020 NSW Bushfires Coronial Inquiry, Findings Volume 1 (NSW State Coroner, 2024) | https://coroners.nsw.gov.au/documents/reports/bushfires/2019-20-NSW-Bushfires-Coronial-Inquiry-Vol1.pdf | Part 5, s.4 Busbys Flat, Rappville Fire, para 4, p.200 | ""approximately 3,219 kilometres of private and public boundary and internal fencing""",1033.0,fire_in_council,official,"2019/2020 NSW Bushfires Coronial Inquiry, Findings Volume 1 (NSW State Coroner, 2024) | https://coroners.nsw.gov.au/documents/reports/bushfires/2019-20-NSW-Bushfires-Coronial-Inquiry-Vol1.pdf | Part 5, s.4 Busbys Flat, Rappville Fire, para 4, p.200 | ""it was estimated that approximately 1,033 livestock including cattle were lost to the Busbys Flat Fire""",0.0,fire_in_council,official,"2019/2020 NSW Bushfires Coronial Inquiry, Findings Volume 1 (NSW State Coroner, 2024) | https://coroners.nsw.gov.au/documents/reports/bushfires/2019-20-NSW-Bushfires-Coronial-Inquiry-Vol1.pdf | Part 5, s.4 Busbys Flat, Rappville Fire, para 4, p.200 | ""Fortunately, no lives were lost.""",21.0,council_total,official,"2019/2020 NSW Bushfires Coronial Inquiry, Findings Volume 1 (NSW State Coroner, 2024) | https://coroners.nsw.gov.au/documents/reports/bushfires/2019-20-NSW-Bushfires-Coronial-Inquiry-Vol1.pdf | Part 5 Northern Region intro, Richmond Valley LGA, para 33, p.186 | ""At least 21 people sustained injuries on the fireground in connection with the Fire.""",62.0,"council figure, see DL_homes_destroyed_sourced_source",6.602768903088392,881.5,,2015-16,0.3524,8844.0,0.03519417475728155,-10.344827586206895,-1.0204081632653073,100.0,-0.16366612111292644,-0.8009453781512632,3.2653061224489743,-5.36585365853659,-1.7751479289940808,162.0,169.0,3.0,,,250000.0,23801473.0,908762.0,968945.0,,1416000.0,27345180.0,786.3409153558403,1159.8816524658969,2727.6543432614344,1031116.0896938028,364.788435440712,525.3000992472964,1176.3456286842663,2016,,0.0,,2019Q4,0.15894527485977714,0.1607391685994832,0.2950798629337531,0.19911402282953272,0.3156480288764677,0.2458579891345122,23.873990741901153,58.957079750151856,-16.680865074920902,5.743760827134848,53.213318923017006,0.15894473288393673,0.1593156373670298,0.3203882034088891,0.21004319440101726,0.3156480288764677,0.24588493613015036,31.84091522486383,67.53761344315264,-23.254060694505483,5.743760827134848,61.79385261601779,,,,97.80704542711666,94.0598119244958,101.5752232214209,,,,,,183161,183892,181696,182353,-0.7998427612865178,1.2760567258708555,False,0.9,0.19090909090909092,0.29723502304147464,0.4899497487437186,0.14248704663212436,0.2185929648241206,0.8309859154929577,0.9,0.24407205697528278,0.2836765867333212,0.8309859154929577,4,0.5646836398003905,2,3,3,Severe,0.5604106505954886,raised: >=10 homes destroyed
871,16950,Shoalhaven,5,"Currowan 2; Forest Rd, Comberton; Charleys Forest; Clyde Mountain Fire; Morton Fire",2019-11-25,2020-02-15,317966.8971959457,0.6961964017655052,315470.7851771298,83.0,84.45160659978882,-2.063679867862522,44.3,10,41.0,64253.04554736785,0.5598778482185138,10.64960349501473,Eucalypt Woodlands,76.47338049917995,675.4267161932353,802.0,312.0097971648345,22.87812551104877,2823116091.0,964.0,1,9.3,82.84,7.488074771786242,9,1681,3.85,3.025977733371396,2.472425089697931,2.325697834522468,1.256824650728956,4.086554565552355,1.631465055999306,2.470100896585819,-1.955803513303767,0.4135476236328772,-2.49,-3.005000000000001,2319164486.0,1.351497776276082,-2.290000000000001,-3.198619543657824,16.28000000000001,-1.865247861517041,0.0,0.0,51639,,,,3.0,,,,,,,,,,285.0,council_total,official,"National Bushfire Recovery Agency (Australian Government), NSW - LGA profiles - data as at 31 December 2020 | https://www.bushfirerecovery.gov.au/sites/default/files/video-gallery/NSW%20-%20LGA%20profiles%20-%20data%20as%20at%2031%20December%202020.docx | Shoalhaven Profile > 2019-20 bushfire impact, Destroyed/Damaged table | ""Destroyed | Damaged | 586 outbuildings | 263 outbuildings | 48 facilities | 24 facilities | 285 houses | 168 houses""",168.0,council_total,official,"National Bushfire Recovery Agency (Australian Government), NSW - LGA profiles - data as at 31 December 2020 | https://www.bushfirerecovery.gov.au/sites/default/files/video-gallery/NSW%20-%20LGA%20profiles%20-%20data%20as%20at%2031%20December%202020.docx | Shoalhaven Profile > 2019-20 bushfire impact, Destroyed/Damaged table | ""Destroyed | Damaged | 586 outbuildings | 263 outbuildings | 48 facilities | 24 facilities | 285 houses | 168 houses""",48.0,council_total,official,"National Bushfire Recovery Agency (Australian Government), NSW - LGA profiles - data as at 31 December 2020 | https://www.bushfirerecovery.gov.au/sites/default/files/video-gallery/NSW%20-%20LGA%20profiles%20-%20data%20as%20at%2031%20December%202020.docx | Shoalhaven Profile > 2019-20 bushfire impact, Destroyed/Damaged table | ""Destroyed | Damaged | 586 outbuildings | 263 outbuildings | 48 facilities | 24 facilities | 285 houses | 168 houses""",24.0,council_total,official,"National Bushfire Recovery Agency (Australian Government), NSW - LGA profiles - data as at 31 December 2020 | https://www.bushfirerecovery.gov.au/sites/default/files/video-gallery/NSW%20-%20LGA%20profiles%20-%20data%20as%20at%2031%20December%202020.docx | Shoalhaven Profile > 2019-20 bushfire impact, Destroyed/Damaged table | ""Destroyed | Damaged | 586 outbuildings | 263 outbuildings | 48 facilities | 24 facilities | 285 houses | 168 houses""",586.0,council_total,official,"National Bushfire Recovery Agency (Australian Government), NSW - LGA profiles - data as at 31 December 2020 | https://www.bushfirerecovery.gov.au/sites/default/files/video-gallery/NSW%20-%20LGA%20profiles%20-%20data%20as%20at%2031%20December%202020.docx | Shoalhaven Profile > 2019-20 bushfire impact, Destroyed/Damaged table | ""Destroyed | Damaged | 586 outbuildings | 263 outbuildings | 48 facilities | 24 facilities | 285 houses | 168 houses""",263.0,council_total,official,"National Bushfire Recovery Agency (Australian Government), NSW - LGA profiles - data as at 31 December 2020 | https://www.bushfirerecovery.gov.au/sites/default/files/video-gallery/NSW%20-%20LGA%20profiles%20-%20data%20as%20at%2031%20December%202020.docx | Shoalhaven Profile > 2019-20 bushfire impact, Destroyed/Damaged table | ""Destroyed | Damaged | 586 outbuildings | 263 outbuildings | 48 facilities | 24 facilities | 285 houses | 168 houses""",,,,,,,,,,,,,,,,,3.0,council_total,official,"2019/2020 NSW Bushfires Coronial Inquiry, Findings Volume 1 (Stage 1 Southern Region) | https://coroners.nsw.gov.au/documents/reports/bushfires/2019-20-NSW-Bushfires-Coronial-Inquiry-Vol1.pdf | Part 4, Southern Region introduction, para 29, p.37 | ""The Currowan Fire resulted in the deaths of three Shoalhaven residents""",,,,,285.0,"council figure, see DL_homes_destroyed_sourced_source",5.519084412943705,4041.2,,2015-16,0.2915,5645.0,0.07079646017699115,-0.20161290322581182,-1.0600706713780883,11.578947368421044,0.42918454935623185,-0.18141057785906467,6.32638389647735,-2.32126276694522,-1.9280205655527016,762.0,878.0,14.0,,,250000.0,29206657.0,9588754.0,503585.0,800000.0,1416000.0,41764996.0,3687.8950893157685,13681.586974213898,61240.796345315815,1031116.0896938028,2435.4014732006276,8115.188501041409,32652.301080062494,2016,resident,0.0,Coronial Inquiry Vol 1 p.37 para 29: 'three Shoalhaven residents',2019Q4,0.26345312305554947,0.2836516610770649,0.5266335771794289,0.3209485701583321,0.4218766194116432,0.32481646767808003,13.148842118408766,36.55582407390685,-38.32211204273213,5.743760827134848,30.812063246772,0.2634579566449759,0.2836753761132512,0.5515185813778781,0.4903149918391179,0.4218766194116432,0.3248182382586923,72.84369146068228,108.56634057788028,-41.104751639158266,5.743760827134848,102.82257975074543,,,,98.10800454650591,94.23936759011065,105.2820541579102,,,,,,183161,183892,181696,182353,-0.7998427612865178,1.2760567258708555,False,0.8777777777777778,0.22424242424242424,0.041474654377880185,0.8140703517587939,0.6839378238341969,0.7487437185929648,0.5539906103286385,0.8777777777777778,0.1328585393101522,0.7489172980619853,0.5539906103286385,4,0.5783860563696385,2,4,4,Extreme,0.5786763315098024,raised: >=100 homes destroyed
871,17000,Singleton,11,"Little L Complex; Gospers Mountain; Kerry Ridge; Owendale; Mt Royal 1; Youngville; Rusty Lane, Branxton; Bell Rd, Lower Belford",2019-09-25,2020-02-09,179645.2998868969,0.3671688087217654,479513.8568877548,110.0,90.01341073038688,-2.000912620045611,43.0,9,38.9,71733.303044969,0.3769630066100781,15.07048214816961,Eucalypt Open Forests,67.97616320368964,95.15736463906855,90.0,9.805969009789623,4.912608062661628,1023720375.0,994.0,2,19.83,77.61,2.651494626569132,11,-117,-0.7500000000000007,0.6060606060606061,0.0525079623871408,1.50378752454877,0.434914340755258,1.955400232983857,-0.4996892765691918,0.6873614119765037,-0.1730640286944513,1.232127686249114,4.13,-7.004999999999997,2319164486.0,-0.4660937425809055,-0.009999999999998,-0.6912152961915217,47.06000000000002,521.1472356970462,0.0,0.0,8706,,,,,,,,,,,,,,1.0,council_total,official,"National Bushfire Recovery Agency (Australian Government), NSW - LGA profiles - data as at 31 December 2020 | https://www.bushfirerecovery.gov.au/sites/default/files/video-gallery/NSW%20-%20LGA%20profiles%20-%20data%20as%20at%2031%20December%202020.docx | Singleton Profile > 2019-20 bushfire impact, Destroyed/Damaged table | ""Destroyed | Damaged | 5 outbuildings | 7 outbuildings | 0 facilities | 0 facilities | 1 houses | 6 houses""",6.0,council_total,official,"National Bushfire Recovery Agency (Australian Government), NSW - LGA profiles - data as at 31 December 2020 | https://www.bushfirerecovery.gov.au/sites/default/files/video-gallery/NSW%20-%20LGA%20profiles%20-%20data%20as%20at%2031%20December%202020.docx | Singleton Profile > 2019-20 bushfire impact, Destroyed/Damaged table | ""Destroyed | Damaged | 5 outbuildings | 7 outbuildings | 0 facilities | 0 facilities | 1 houses | 6 houses""",0.0,council_total,official,"National Bushfire Recovery Agency (Australian Government), NSW - LGA profiles - data as at 31 December 2020 | https://www.bushfirerecovery.gov.au/sites/default/files/video-gallery/NSW%20-%20LGA%20profiles%20-%20data%20as%20at%2031%20December%202020.docx | Singleton Profile > 2019-20 bushfire impact, Destroyed/Damaged table | ""Destroyed | Damaged | 5 outbuildings | 7 outbuildings | 0 facilities | 0 facilities | 1 houses | 6 houses""",0.0,council_total,official,"National Bushfire Recovery Agency (Australian Government), NSW - LGA profiles - data as at 31 December 2020 | https://www.bushfirerecovery.gov.au/sites/default/files/video-gallery/NSW%20-%20LGA%20profiles%20-%20data%20as%20at%2031%20December%202020.docx | Singleton Profile > 2019-20 bushfire impact, Destroyed/Damaged table | ""Destroyed | Damaged | 5 outbuildings | 7 outbuildings | 0 facilities | 0 facilities | 1 houses | 6 houses""",5.0,council_total,official,"National Bushfire Recovery Agency (Australian Government), NSW - LGA profiles - data as at 31 December 2020 | https://www.bushfirerecovery.gov.au/sites/default/files/video-gallery/NSW%20-%20LGA%20profiles%20-%20data%20as%20at%2031%20December%202020.docx | Singleton Profile > 2019-20 bushfire impact, Destroyed/Damaged table | ""Destroyed | Damaged | 5 outbuildings | 7 outbuildings | 0 facilities | 0 facilities | 1 houses | 6 houses""",7.0,council_total,official,"National Bushfire Recovery Agency (Australian Government), NSW - LGA profiles - data as at 31 December 2020 | https://www.bushfirerecovery.gov.au/sites/default/files/video-gallery/NSW%20-%20LGA%20profiles%20-%20data%20as%20at%2031%20December%202020.docx | Singleton Profile > 2019-20 bushfire impact, Destroyed/Damaged table | ""Destroyed | Damaged | 5 outbuildings | 7 outbuildings | 0 facilities | 0 facilities | 1 houses | 6 houses""",,,,,,,,,,,,,,,,,0.0,season_zero,official,"2019/2020 NSW Bushfires Coronial Inquiry, Volume 1 (NSW State Coroner, 2023) | https://coroners.nsw.gov.au/documents/reports/bushfires/2019-20-NSW-Bushfires-Coronial-Inquiry-Vol1.pdf | Part 1 Introduction, para 25, p.15 | ""Twenty-five deaths were reported to the Coroner in connection with the 2019/2020 bushfire season.""",,,,,1.0,"council figure, see DL_homes_destroyed_sourced_source",0.1148633126579371,1415.8,,2015-16,0.4113,24997.0,0.04141414141414142,9.756097560975618,-4.1666666666666625,-11.111111111111116,2.0560747663551426,0.25371511417180415,22.072391767210785,409.090909090909,-1.4634146341463428,204.0,214.0,3.0,,,250000.0,487000.0,449833.0,,,1225000.0,2411833.0,293.63051386226687,966.0937968357123,3643.986723390106,1031116.0896938028,151.79690629464645,434.2307639604142,1473.72503405884,2016,,0.0,,2019Q3,0.5422650327684982,0.624407169286918,0.4861326395790984,0.6392554863924645,0.5075557280080528,0.6304354887650381,2.3779863262145984,42.936166143103804,29.683842934487892,9.572243020865912,33.36392312223789,0.5419472882960917,0.624407169286918,0.4861374851490725,0.658273920891706,0.5718721895268072,0.6304354887650381,5.4238249127511295,47.1886476176177,29.682550312226397,9.572319693612075,37.616327924005624,,,,,98.54846153846154,102.92692307692307,,,,,,182694,183161,183892,177102,0.6557412941859075,0.15748634298120567,False,0.5333333333333333,0.49696969696969695,0.35944700460829493,0.8743718592964824,0.49222797927461137,0.8844221105527639,0.24882629107981222,0.5333333333333333,0.42820835078899594,0.7503406497079524,0.24882629107981222,4,0.4901771562275235,2,2,2,Moderate,0.46109155252896106,from composite Y
871,17040,Snowy Monaro Regional,21,"Adaminaby Complex; Good Good Fire; Rockton; Clear Range; Creewah Rd, Glen Allen; Kydra Complex; Calabash; Scabby Range",2019-12-26,2020-03-05,180452.0303833618,0.1189940814370643,334073.5545276796,69.0,81.15806455084382,-2.031800265245038,44.7,9,38.9,47343.8803892116,0.6949887588411129,10.15267902062017,Eucalypt Woodlands,42.86817767529103,329.6892918738413,705.0,5.493000730604463,1.382940314163525,680544835.0,1008.0,2,16.14,61.6,2.712776693803404,5,-94,-0.8499999999999999,0.1887504718761797,-0.3648021717972856,0.6358867213226445,-0.4329864624708677,0.8582872401296967,-1.596802269423352,,,-1.869762136190905,-20.19,-4.425000000000001,2319164486.0,6.720705319999148,-2.6,,76.36000000000001,22.55679749929761,13.33333333333333,13.33333333333333,9909,,,,,,,,,,,,,,31.0,council_total,official,"National Bushfire Recovery Agency (Australian Government), NSW - LGA profiles - data as at 31 December 2020 | https://www.bushfirerecovery.gov.au/sites/default/files/video-gallery/NSW%20-%20LGA%20profiles%20-%20data%20as%20at%2031%20December%202020.docx | Snowy Monaro Profile > 2019-20 bushfire impact, Destroyed/Damaged table | ""Destroyed | Damaged | 102 outbuildings | 24 outbuildings | 13 facilities | 3 facilities | 31 houses | 15 houses""",15.0,council_total,official,"National Bushfire Recovery Agency (Australian Government), NSW - LGA profiles - data as at 31 December 2020 | https://www.bushfirerecovery.gov.au/sites/default/files/video-gallery/NSW%20-%20LGA%20profiles%20-%20data%20as%20at%2031%20December%202020.docx | Snowy Monaro Profile > 2019-20 bushfire impact, Destroyed/Damaged table | ""Destroyed | Damaged | 102 outbuildings | 24 outbuildings | 13 facilities | 3 facilities | 31 houses | 15 houses""",13.0,council_total,official,"National Bushfire Recovery Agency (Australian Government), NSW - LGA profiles - data as at 31 December 2020 | https://www.bushfirerecovery.gov.au/sites/default/files/video-gallery/NSW%20-%20LGA%20profiles%20-%20data%20as%20at%2031%20December%202020.docx | Snowy Monaro Profile > 2019-20 bushfire impact, Destroyed/Damaged table | ""Destroyed | Damaged | 102 outbuildings | 24 outbuildings | 13 facilities | 3 facilities | 31 houses | 15 houses""",3.0,council_total,official,"National Bushfire Recovery Agency (Australian Government), NSW - LGA profiles - data as at 31 December 2020 | https://www.bushfirerecovery.gov.au/sites/default/files/video-gallery/NSW%20-%20LGA%20profiles%20-%20data%20as%20at%2031%20December%202020.docx | Snowy Monaro Profile > 2019-20 bushfire impact, Destroyed/Damaged table | ""Destroyed | Damaged | 102 outbuildings | 24 outbuildings | 13 facilities | 3 facilities | 31 houses | 15 houses""",102.0,council_total,official,"National Bushfire Recovery Agency (Australian Government), NSW - LGA profiles - data as at 31 December 2020 | https://www.bushfirerecovery.gov.au/sites/default/files/video-gallery/NSW%20-%20LGA%20profiles%20-%20data%20as%20at%2031%20December%202020.docx | Snowy Monaro Profile > 2019-20 bushfire impact, Destroyed/Damaged table | ""Destroyed | Damaged | 102 outbuildings | 24 outbuildings | 13 facilities | 3 facilities | 31 houses | 15 houses""",24.0,council_total,official,"National Bushfire Recovery Agency (Australian Government), NSW - LGA profiles - data as at 31 December 2020 | https://www.bushfirerecovery.gov.au/sites/default/files/video-gallery/NSW%20-%20LGA%20profiles%20-%20data%20as%20at%2031%20December%202020.docx | Snowy Monaro Profile > 2019-20 bushfire impact, Destroyed/Damaged table | ""Destroyed | Damaged | 102 outbuildings | 24 outbuildings | 13 facilities | 3 facilities | 31 houses | 15 houses""",,,,,,,,,,,,,,,,,3.0,council_total,official,"2019/2020 NSW Bushfires Coronial Inquiry, Findings Volume 1 (Stage 1 Southern Region) | https://coroners.nsw.gov.au/documents/reports/bushfires/2019-20-NSW-Bushfires-Coronial-Inquiry-Vol1.pdf | Part 4, Southern Region introduction, para 34, p.38 | ""Three United States residents and employees of Coulson Aviation""",,,,,31.0,"council figure, see DL_homes_destroyed_sourced_source",3.128469068523565,791.4,,2015-16,0.3574,1444.0,0.09022272555681389,5.857740585774063,2.7210884353741527,-2.7027027027026973,-1.383647798742138,6.320830007980849,8.584509729111023,-9.36768149882904,9.871244635193133,255.0,246.0,5.0,,,250000.0,8181927.0,2884929.0,,69500.0,1225000.0,12611356.0,329.59272234512116,790.8116162102697,2134.282233502676,1031116.0896938028,202.79973023768687,436.8571166864365,1464.0916132803657,2016,responder,3.0,Coronial Inquiry Vol 1 p.38 para 34: three US Coulson Aviation C-130 air-tanker crew,2019Q4,0.13446829119858536,0.14229643476488865,0.15936160762487186,0.2111207107429334,0.298333637623229,0.20836148597815238,48.366830899003666,97.6212330537559,30.747605451259897,5.743760827134848,91.87747222662105,0.13446812249571335,0.14229643476488865,0.14990301572327325,0.18995039866525132,0.298333637623229,0.2083619177283235,33.48921846081359,77.79629975305744,38.9978158364523,5.743760827134848,72.05253892592259,,,,97.45495508011484,93.02642892256395,101.66075662042877,,,,,,183161,183892,181696,182353,-0.7998427612865178,1.2760567258708555,False,0.8222222222222222,0.030303030303030304,0.45622119815668205,0.8793969849246231,,0.914572864321608,0.1596244131455399,0.8222222222222222,0.24326211422985616,0.8969849246231156,0.1596244131455399,4,0.5305234185551835,2,3,3,Severe,0.5148741791217155,raised: >=10 homes destroyed
871,17080,Snowy Valleys,12,"Dunns Road; Adaminaby Complex; Pilot Lookout; Mount Youngal; Green Valley, Talmalmo; Rolling Ground; Mary's Hill; Geehi",2019-12-20,2020-03-04,409959.6454859123,0.4575993276488825,334073.5545276796,53.0,48.49531040542409,-1.609409788708637,40.4,10,36.8,63965.02906677411,0.6122952610464426,11.84524147861455,Eucalypt Open Forests,55.07074733322779,1124.976841523378,209.0,188.1810911303477,1.646515152521428,434837110.0,951.0,2,13.84,60.94,3.402381089762083,5,66,0.8499999999999994,1.351351351351351,0.7977987076778861,3.558532985125468,2.489659801331956,4.677648972950987,2.222559463397938,-1.238258813391674,1.752556196673726,0.3355334441752782,-2.38,-7.685,2319164486.0,5.397909365235643,-4.26,-3.233257452657578,84.95000000000002,1002.439725094491,7.547169811320755,7.547169811320755,6424,,,,1.0,,,,,,,,,,193.0,council_total,official,"National Bushfire Recovery Agency (Australian Government), NSW - LGA profiles - data as at 31 December 2020 | https://www.bushfirerecovery.gov.au/sites/default/files/video-gallery/NSW%20-%20LGA%20profiles%20-%20data%20as%20at%2031%20December%202020.docx | Snowy Valleys Profile > 2019-20 bushfire impact, Destroyed/Damaged table | ""Destroyed | Damaged | 612 outbuildings | 186 outbuildings | 35 facilities | 15 facilities | 193 houses | 49 houses""",49.0,council_total,official,"National Bushfire Recovery Agency (Australian Government), NSW - LGA profiles - data as at 31 December 2020 | https://www.bushfirerecovery.gov.au/sites/default/files/video-gallery/NSW%20-%20LGA%20profiles%20-%20data%20as%20at%2031%20December%202020.docx | Snowy Valleys Profile > 2019-20 bushfire impact, Destroyed/Damaged table | ""Destroyed | Damaged | 612 outbuildings | 186 outbuildings | 35 facilities | 15 facilities | 193 houses | 49 houses""",35.0,council_total,official,"National Bushfire Recovery Agency (Australian Government), NSW - LGA profiles - data as at 31 December 2020 | https://www.bushfirerecovery.gov.au/sites/default/files/video-gallery/NSW%20-%20LGA%20profiles%20-%20data%20as%20at%2031%20December%202020.docx | Snowy Valleys Profile > 2019-20 bushfire impact, Destroyed/Damaged table | ""Destroyed | Damaged | 612 outbuildings | 186 outbuildings | 35 facilities | 15 facilities | 193 houses | 49 houses""",15.0,council_total,official,"National Bushfire Recovery Agency (Australian Government), NSW - LGA profiles - data as at 31 December 2020 | https://www.bushfirerecovery.gov.au/sites/default/files/video-gallery/NSW%20-%20LGA%20profiles%20-%20data%20as%20at%2031%20December%202020.docx | Snowy Valleys Profile > 2019-20 bushfire impact, Destroyed/Damaged table | ""Destroyed | Damaged | 612 outbuildings | 186 outbuildings | 35 facilities | 15 facilities | 193 houses | 49 houses""",612.0,council_total,official,"National Bushfire Recovery Agency (Australian Government), NSW - LGA profiles - data as at 31 December 2020 | https://www.bushfirerecovery.gov.au/sites/default/files/video-gallery/NSW%20-%20LGA%20profiles%20-%20data%20as%20at%2031%20December%202020.docx | Snowy Valleys Profile > 2019-20 bushfire impact, Destroyed/Damaged table | ""Destroyed | Damaged | 612 outbuildings | 186 outbuildings | 35 facilities | 15 facilities | 193 houses | 49 houses""",186.0,council_total,official,"National Bushfire Recovery Agency (Australian Government), NSW - LGA profiles - data as at 31 December 2020 | https://www.bushfirerecovery.gov.au/sites/default/files/video-gallery/NSW%20-%20LGA%20profiles%20-%20data%20as%20at%2031%20December%202020.docx | Snowy Valleys Profile > 2019-20 bushfire impact, Destroyed/Damaged table | ""Destroyed | Damaged | 612 outbuildings | 186 outbuildings | 35 facilities | 15 facilities | 193 houses | 49 houses""",,,,,,,,,,,,,,,,,1.0,council_total,official,"2019/2020 NSW Bushfires Coronial Inquiry, Volume 1 (NSW State Coroner, 2023) | https://coroners.nsw.gov.au/documents/reports/bushfires/2019-20-NSW-Bushfires-Coronial-Inquiry-Vol1.pdf | Part 4, Southern Region, 'Snowy Valleys LGA', para 39, p.38 | ""The Dunns Road, Ellerslie Range Fire also took the life of David Harrison""",,,,,193.0,"council figure, see DL_homes_destroyed_sourced_source",30.04358655043587,865.8,,2015-16,0.3179,1011.0,0.04247104247104247,25.757575757575758,1.2345679012345734,0.0,-0.15220700152207556,3.870378822455489,1.8276762402088753,53.04347826086957,5.645161290322576,139.0,154.0,,,,250000.0,71530242.0,9947443.0,7484023.0,999600.0,1275000.0,91486308.0,1426.0803911871078,3640.0462896269964,12361.171849106055,1031116.0896938028,686.0687921589181,1914.8653898550117,5972.851329389245,2016,unknown,0.0,Coronial Inquiry Vol 1 p.38 para 39: 'took the life of David Harrison' (residency not stated in the quote),2019Q4,0.14075366685039087,0.16027785353090143,0.3219681177649704,0.21936241507765245,0.32116936995554907,0.20648825984975253,36.8638338018169,78.97072675223262,-35.866861202547895,5.743760827134848,73.22696592509777,0.14075366685039087,0.16027785353090143,0.1653316519532607,0.19562929311437807,0.32116969928951616,0.20648825984975253,22.05634702779502,59.37508019960427,24.89336277129006,5.743760827134848,53.63131937246942,,,,97.05461538461539,94.62384615384615,102.61846153846153,,,,,,183161,183892,181696,182353,-0.7998427612865178,1.2760567258708555,False,1.0,0.048484848484848485,0.2119815668202765,0.9748743718592965,0.3005181347150259,0.9447236180904522,0.6525821596244131,1.0,0.1302332076525625,0.7400387082215915,0.6525821596244131,4,0.6307135188746418,2,4,4,Extreme,0.648430212392185,raised: >=100 homes destroyed
871,17150,Sutherland Shire,3,"Farnell Av, Loftus; Parklands Trl, Royal National Park; Potters Point Rd, Kurnell",2019-10-25,2020-01-30,4.209519989872755,0.0001261919904776144,3.680323827148894,5.0,45.70719211641038,-1.773309128929679,34.5,12,31.1,0.0,,5.18603653428709,Eucalypt Woodlands,79.15294117647059,0.0074258823990577,,,684.2094534274476,11548268902.0,1080.0,1,8.74,85.73,0.6793252007873511,8,738,0.6499999999999997,0.0890388490557195,-0.4645137946177456,2.425533376850929,1.356660193057417,1.774455724043656,-0.6806337855093931,0.9439208793311096,-0.4296234960490572,1.202039602648149,4.950000000000001,1.574999999999999,2319164486.0,0.0,0.4599999999999991,-2.808489943888266,32.23,-32.46322974248439,-1.818181818181818,-1.818181818181818,81640,,,,,,,,,,,,,,0.0,council_total,official,"National Bushfire Recovery Agency (Australian Government), NSW - LGA profiles - data as at 31 December 2020 | https://www.bushfirerecovery.gov.au/sites/default/files/video-gallery/NSW%20-%20LGA%20profiles%20-%20data%20as%20at%2031%20December%202020.docx | Sutherland Profile > 2019-20 bushfire impact, Destroyed/Damaged table | ""Destroyed | Damaged | 0 outbuildings | 0 outbuildings | 0 facilities | 0 facilities | 0 houses | 0 houses""",0.0,council_total,official,"National Bushfire Recovery Agency (Australian Government), NSW - LGA profiles - data as at 31 December 2020 | https://www.bushfirerecovery.gov.au/sites/default/files/video-gallery/NSW%20-%20LGA%20profiles%20-%20data%20as%20at%2031%20December%202020.docx | Sutherland Profile > 2019-20 bushfire impact, Destroyed/Damaged table | ""Destroyed | Damaged | 0 outbuildings | 0 outbuildings | 0 facilities | 0 facilities | 0 houses | 0 houses""",0.0,council_total,official,"National Bushfire Recovery Agency (Australian Government), NSW - LGA profiles - data as at 31 December 2020 | https://www.bushfirerecovery.gov.au/sites/default/files/video-gallery/NSW%20-%20LGA%20profiles%20-%20data%20as%20at%2031%20December%202020.docx | Sutherland Profile > 2019-20 bushfire impact, Destroyed/Damaged table | ""Destroyed | Damaged | 0 outbuildings | 0 outbuildings | 0 facilities | 0 facilities | 0 houses | 0 houses""",0.0,council_total,official,"National Bushfire Recovery Agency (Australian Government), NSW - LGA profiles - data as at 31 December 2020 | https://www.bushfirerecovery.gov.au/sites/default/files/video-gallery/NSW%20-%20LGA%20profiles%20-%20data%20as%20at%2031%20December%202020.docx | Sutherland Profile > 2019-20 bushfire impact, Destroyed/Damaged table | ""Destroyed | Damaged | 0 outbuildings | 0 outbuildings | 0 facilities | 0 facilities | 0 houses | 0 houses""",0.0,council_total,official,"National Bushfire Recovery Agency (Australian Government), NSW - LGA profiles - data as at 31 December 2020 | https://www.bushfirerecovery.gov.au/sites/default/files/video-gallery/NSW%20-%20LGA%20profiles%20-%20data%20as%20at%2031%20December%202020.docx | Sutherland Profile > 2019-20 bushfire impact, Destroyed/Damaged table | ""Destroyed | Damaged | 0 outbuildings | 0 outbuildings | 0 facilities | 0 facilities | 0 houses | 0 houses""",0.0,council_total,official,"National Bushfire Recovery Agency (Australian Government), NSW - LGA profiles - data as at 31 December 2020 | https://www.bushfirerecovery.gov.au/sites/default/files/video-gallery/NSW%20-%20LGA%20profiles%20-%20data%20as%20at%2031%20December%202020.docx | Sutherland Profile > 2019-20 bushfire impact, Destroyed/Damaged table | ""Destroyed | Damaged | 0 outbuildings | 0 outbuildings | 0 facilities | 0 facilities | 0 houses | 0 houses""",,,,,,,,,,,,,,,,,0.0,season_zero,official,"2019/2020 NSW Bushfires Coronial Inquiry, Volume 1 (NSW State Coroner, 2023) | https://coroners.nsw.gov.au/documents/reports/bushfires/2019-20-NSW-Bushfires-Coronial-Inquiry-Vol1.pdf | Part 1 Introduction, para 25, p.15 | ""Twenty-five deaths were reported to the Coroner in connection with the 2019/2020 bushfire season.""",,,,,0.0,"council figure, see DL_homes_destroyed_sourced_source",0.0,8501.8,,2015-16,0.553,,0.035709264726557007,0.9186351706036655,-1.3212221304706895,2.678571428571419,-4.580152671755721,-1.0376869779187947,0.9068261086198293,1.8999612252811326,3.6397748592870593,2763.0,2762.0,34.0,,,,,,,,,,0.0,2731.8174501555154,126652.89501543465,1031116.0896938028,0.00020141402292616714,982.0856372850592,47189.328170555076,2016,,0.0,,2019Q4,2.7993773304656906,3.2015841716154685,3.1424445607559846,2.8366240870239934,3.2048341327468957,2.9255916276774507,-11.399359349259964,-3.304157516264261,-6.900771959087959,5.743760827134848,-9.04791834339911,2.7999602219275097,3.2031222937311283,3.1434496384817545,2.836968166113703,3.2048341327468957,2.912144146593276,-11.43116291045242,-3.2924284268820214,-7.358332993691485,5.743760827134848,-9.036189254016868,,,,97.59097349898447,94.98800102824396,101.72885730875532,,,,,,183161,183892,181696,182353,-0.7998427612865178,1.2760567258708555,False,0.21666666666666667,0.4121212121212121,0.4838709677419355,0.2964824120603015,0.5284974093264249,0.8341708542713567,0.2300469483568075,0.21666666666666667,0.4479960899315738,0.5530502252193611,0.2300469483568075,4,0.36193998254360227,1,1,1,Light,0.2901480343526998,from composite Y
871,17310,Tamworth Regional,11,"Pearson Trail Complex, Dungowan; Kaputar Fire; Warrabah Complex Fire; Pages Creek Rd, Pages Creek; Den Mountain; Cowsby Rd, Niangala; Wallabadah South; Top Gowrie",2019-10-16,2020-01-28,46356.07621750229,0.04689845449885858,23053.52144157905,49.0,49.54090378052612,-2.523481195067373,37.6,9,36.9,29312.24886127115,0.3055853499291933,15.60534479116727,Eucalypt Open Forests,72.56251306002812,15.82636636115043,,,6.324239513764713,1896141058.0,962.0,2,15.01,69.02,7.346198345926952,7,-307,-1.45,0.5198663200891199,-0.0336863235843453,2.853405994550409,1.784532810756896,6.270896322247284,3.815806812694235,0.8070929434689127,-0.2927955601868603,0.9060215685330668,-2.109999999999999,2.125000000000001,2319164486.0,-1.460435510809177,1.229999999999999,4.369610382708204,27.28,76.30158463383196,3.225806451612903,3.225806451612903,24329,,,,,,,,,,,,,,0.0,council_total,official,"National Bushfire Recovery Agency (Australian Government), NSW - LGA profiles - data as at 31 December 2020 | https://www.bushfirerecovery.gov.au/sites/default/files/video-gallery/NSW%20-%20LGA%20profiles%20-%20data%20as%20at%2031%20December%202020.docx | Tamworth Profile > 2019-20 bushfire impact, Destroyed/Damaged table | ""Destroyed | Damaged | 0 outbuildings | 0 outbuildings | 0 facilities | 0 facilities | 0 houses | 0 houses""",0.0,council_total,official,"National Bushfire Recovery Agency (Australian Government), NSW - LGA profiles - data as at 31 December 2020 | https://www.bushfirerecovery.gov.au/sites/default/files/video-gallery/NSW%20-%20LGA%20profiles%20-%20data%20as%20at%2031%20December%202020.docx | Tamworth Profile > 2019-20 bushfire impact, Destroyed/Damaged table | ""Destroyed | Damaged | 0 outbuildings | 0 outbuildings | 0 facilities | 0 facilities | 0 houses | 0 houses""",0.0,council_total,official,"National Bushfire Recovery Agency (Australian Government), NSW - LGA profiles - data as at 31 December 2020 | https://www.bushfirerecovery.gov.au/sites/default/files/video-gallery/NSW%20-%20LGA%20profiles%20-%20data%20as%20at%2031%20December%202020.docx | Tamworth Profile > 2019-20 bushfire impact, Destroyed/Damaged table | ""Destroyed | Damaged | 0 outbuildings | 0 outbuildings | 0 facilities | 0 facilities | 0 houses | 0 houses""",0.0,council_total,official,"National Bushfire Recovery Agency (Australian Government), NSW - LGA profiles - data as at 31 December 2020 | https://www.bushfirerecovery.gov.au/sites/default/files/video-gallery/NSW%20-%20LGA%20profiles%20-%20data%20as%20at%2031%20December%202020.docx | Tamworth Profile > 2019-20 bushfire impact, Destroyed/Damaged table | ""Destroyed | Damaged | 0 outbuildings | 0 outbuildings | 0 facilities | 0 facilities | 0 houses | 0 houses""",0.0,council_total,official,"National Bushfire Recovery Agency (Australian Government), NSW - LGA profiles - data as at 31 December 2020 | https://www.bushfirerecovery.gov.au/sites/default/files/video-gallery/NSW%20-%20LGA%20profiles%20-%20data%20as%20at%2031%20December%202020.docx | Tamworth Profile > 2019-20 bushfire impact, Destroyed/Damaged table | ""Destroyed | Damaged | 0 outbuildings | 0 outbuildings | 0 facilities | 0 facilities | 0 houses | 0 houses""",0.0,council_total,official,"National Bushfire Recovery Agency (Australian Government), NSW - LGA profiles - data as at 31 December 2020 | https://www.bushfirerecovery.gov.au/sites/default/files/video-gallery/NSW%20-%20LGA%20profiles%20-%20data%20as%20at%2031%20December%202020.docx | Tamworth Profile > 2019-20 bushfire impact, Destroyed/Damaged table | ""Destroyed | Damaged | 0 outbuildings | 0 outbuildings | 0 facilities | 0 facilities | 0 houses | 0 houses""",,,,,,,,,,,,,,,,,0.0,season_zero,official,"2019/2020 NSW Bushfires Coronial Inquiry, Volume 1 (NSW State Coroner, 2023) | https://coroners.nsw.gov.au/documents/reports/bushfires/2019-20-NSW-Bushfires-Coronial-Inquiry-Vol1.pdf | Part 1 Introduction, para 25, p.15 | ""Twenty-five deaths were reported to the Coroner in connection with the 2019/2020 bushfire season.""",,,,,0.0,"council figure, see DL_homes_destroyed_sourced_source",0.0,3404.2,,2015-16,0.3307,5395.0,0.04251763832157445,1.3100436681222627,1.4925373134328401,7.272727272727275,0.13986013986013734,-2.05353868720205,1.0905401978189122,-57.05394190871369,-2.851711026615966,521.0,536.0,15.0,,,,643963.0,,,,,643963.0,86.2849323077234,163.25117473367794,594.0478021492177,1031116.0896938028,51.58844027780418,94.41833772757496,342.9704316379176,2016,,0.0,,2019Q4,0.1711945597553793,0.18159971947511813,0.23925020328766836,0.22162585282362035,0.34642290059738096,0.24996356228991956,22.04085637587474,38.387678901838115,4.477889195090778,5.743760827134848,32.643918074703265,0.17087705924508398,0.18159971947511813,0.20832178572768312,0.22065152639967647,0.34642290059738096,0.24995702676400142,21.504332185881502,38.496306320743855,19.98602349287828,5.743760827134848,32.752545493609006,,,,98.55130285880452,94.31418770022505,101.38740172324896,,,,,,183161,183892,181696,182353,-0.7998427612865178,1.2760567258708555,False,0.21666666666666667,0.6545454545454545,0.3778801843317972,0.23115577889447236,0.5077720207253886,0.8291457286432161,0.784037558685446,0.21666666666666667,0.5162128194386258,0.5226911760876923,0.784037558685446,4,0.5099020552196077,2,2,2,Moderate,0.4873853605762998,from composite Y
871,17400,Tenterfield,18,"Gulf Rd; Long Gully Rd, Drake; Bangala Creek; Mt Spirabo; Washpool State Forest, Coombadjha; Hortons Creek; Blue Gum Rd; Border Trail, Woodenbong",2019-09-05,2020-01-17,223321.9901370217,0.3049052750504803,112479.3384666813,72.0,55.4831109561431,-3.181743724916855,40.4,6,39.0,73498.88199735947,0.4856819397206437,11.57596828073716,Eucalypt Open Forests,41.90071509064472,209.6813474900069,63.0,44.15933969454306,0.923909909185677,116670376.0,910.0,2,12.26,39.08,4.122810666888546,11,-43,-2.150000000000001,-1.886792452830189,-2.440345096503654,-8.83384399571782,-9.902717179511331,3.103295404167282,0.6482058946142333,3.622877768127342,-3.10858038484529,0.4431702663778853,1.74,-5.685,,2.849586045136652,-3.83,-2.302952231108992,-108.2,1821.792577263238,-7.407407407407407,-7.407407407407407,3322,,,,,,,,,,,,,,54.0,council_total,official,"National Bushfire Recovery Agency (Australian Government), NSW - LGA profiles - data as at 31 December 2020 | https://www.bushfirerecovery.gov.au/sites/default/files/video-gallery/NSW%20-%20LGA%20profiles%20-%20data%20as%20at%2031%20December%202020.docx | Tenterfield Profile > 2019-20 bushfire impact, Destroyed/Damaged table | ""Destroyed | Damaged | 117 outbuildings | 57 outbuildings | 5 facilities | 1 facilities | 54 houses | 23 houses""",23.0,council_total,official,"National Bushfire Recovery Agency (Australian Government), NSW - LGA profiles - data as at 31 December 2020 | https://www.bushfirerecovery.gov.au/sites/default/files/video-gallery/NSW%20-%20LGA%20profiles%20-%20data%20as%20at%2031%20December%202020.docx | Tenterfield Profile > 2019-20 bushfire impact, Destroyed/Damaged table | ""Destroyed | Damaged | 117 outbuildings | 57 outbuildings | 5 facilities | 1 facilities | 54 houses | 23 houses""",5.0,council_total,official,"National Bushfire Recovery Agency (Australian Government), NSW - LGA profiles - data as at 31 December 2020 | https://www.bushfirerecovery.gov.au/sites/default/files/video-gallery/NSW%20-%20LGA%20profiles%20-%20data%20as%20at%2031%20December%202020.docx | Tenterfield Profile > 2019-20 bushfire impact, Destroyed/Damaged table | ""Destroyed | Damaged | 117 outbuildings | 57 outbuildings | 5 facilities | 1 facilities | 54 houses | 23 houses""",1.0,council_total,official,"National Bushfire Recovery Agency (Australian Government), NSW - LGA profiles - data as at 31 December 2020 | https://www.bushfirerecovery.gov.au/sites/default/files/video-gallery/NSW%20-%20LGA%20profiles%20-%20data%20as%20at%2031%20December%202020.docx | Tenterfield Profile > 2019-20 bushfire impact, Destroyed/Damaged table | ""Destroyed | Damaged | 117 outbuildings | 57 outbuildings | 5 facilities | 1 facilities | 54 houses | 23 houses""",117.0,council_total,official,"National Bushfire Recovery Agency (Australian Government), NSW - LGA profiles - data as at 31 December 2020 | https://www.bushfirerecovery.gov.au/sites/default/files/video-gallery/NSW%20-%20LGA%20profiles%20-%20data%20as%20at%2031%20December%202020.docx | Tenterfield Profile > 2019-20 bushfire impact, Destroyed/Damaged table | ""Destroyed | Damaged | 117 outbuildings | 57 outbuildings | 5 facilities | 1 facilities | 54 houses | 23 houses""",57.0,council_total,official,"National Bushfire Recovery Agency (Australian Government), NSW - LGA profiles - data as at 31 December 2020 | https://www.bushfirerecovery.gov.au/sites/default/files/video-gallery/NSW%20-%20LGA%20profiles%20-%20data%20as%20at%2031%20December%202020.docx | Tenterfield Profile > 2019-20 bushfire impact, Destroyed/Damaged table | ""Destroyed | Damaged | 117 outbuildings | 57 outbuildings | 5 facilities | 1 facilities | 54 houses | 23 houses""",,,,,,,,,,,,,,,,,0.0,season_zero,official,"2019/2020 NSW Bushfires Coronial Inquiry, Volume 1 (NSW State Coroner, 2023) | https://coroners.nsw.gov.au/documents/reports/bushfires/2019-20-NSW-Bushfires-Coronial-Inquiry-Vol1.pdf | Part 1 Introduction, para 25, p.15 | ""Twenty-five deaths were reported to the Coroner in connection with the 2019/2020 bushfire season.""",1.0,fire_in_council,official,"2019/2020 NSW Bushfires Coronial Inquiry, Findings Volume 1 (NSW State Coroner, 2024) | https://coroners.nsw.gov.au/documents/reports/bushfires/2019-20-NSW-Bushfires-Coronial-Inquiry-Vol1.pdf | Part 5 Northern Region intro, Tenterfield LGA, para 36, p.186 | ""One RFS firefighter sustained serious burns while fighting the Mount Mackenzie Fire""",54.0,"council figure, see DL_homes_destroyed_sourced_source",16.25526791089705,369.3,,2015-16,0.2424,779.0,0.04612159329140461,-4.545454545454541,18.36734693877551,0.0,-2.3121387283236983,7.815820543093266,34.95145631067962,4949.999999999999,-4.705882352941182,79.0,57.0,,,,250000.0,6926545.0,3738300.0,,773692.0,1416000.0,13104537.0,780.3222963417173,2569.9338755878703,5520.366352236133,1031116.0896938028,466.3606215502465,1503.2461508427104,3048.8387981010824,2016,,0.0,,2019Q3,0.14504733376351375,0.21035382880965212,0.15439866141919759,0.16810315252985567,0.16901602273513272,0.2156195206578314,-20.085527569849383,25.316141512647583,39.65115932735785,9.572243020865912,15.743898491781671,0.14308010606733665,0.21035382880965212,0.12372419740565001,0.1485613246855788,0.1688867236497004,0.21561124360936246,-29.37550719839236,11.057483370027942,74.267643783896,9.572319693612075,1.4851636764158673,,,,,98.08384615384615,100.18846153846152,,,,,,182694,183161,183892,177102,0.6557412941859075,0.15748634298120567,False,0.9555555555555556,0.10303030303030303,0.9078341013824884,0.949748743718593,0.7668393782383419,0.05025125628140704,0.4272300469483568,0.9555555555555556,0.5054322022063957,0.5889464594127807,0.4272300469483568,4,0.6192910660307722,2,3,3,Severe,0.6332037829627104,raised: >=10 homes destroyed
871,17550,Tweed,2,"MT Nardi Np, continuation 2; Byrrill Creek Rd, Byrrill Creek",2019-11-07,2020-01-17,1295.434131515111,0.009905556604093197,6591.397765357906,72.0,40.32609053718112,-1.922729225662128,37.4,10,25.5,331.6703896302435,0.1031558900879659,16.98833089607467,Eucalypt Tall Open Forests,85.49381393179947,1.671376610714355,,,72.91334441517273,2810029026.0,973.0,1,23.43,77.4,10.12446655424952,4,122,0.3499999999999994,1.99371842141199,1.440165777738524,0.4330825579093249,-0.6357906258841872,4.824078443710345,2.368988934157296,-1.964571154108803,2.478868537390856,0.3555398887899859,-0.6399999999999988,-1.655000000000002,2319164486.0,-0.6896509089118448,1.280000000000001,-2.13617323197685,-9.61999999999999,69.73559600657865,6.521739130434782,6.521739130434782,39298,,,,,,,,,,,,,,1.0,council_total,official,"National Bushfire Recovery Agency (Australian Government), NSW - LGA profiles - data as at 31 December 2020 | https://www.bushfirerecovery.gov.au/sites/default/files/video-gallery/NSW%20-%20LGA%20profiles%20-%20data%20as%20at%2031%20December%202020.docx | Tweed Profile > 2019-20 bushfire impact, Destroyed/Damaged table | ""Destroyed | Damaged | 1 outbuildings | 0 outbuildings | 0 facilities | 0 facilities | 1 houses | 0 houses""",0.0,council_total,official,"National Bushfire Recovery Agency (Australian Government), NSW - LGA profiles - data as at 31 December 2020 | https://www.bushfirerecovery.gov.au/sites/default/files/video-gallery/NSW%20-%20LGA%20profiles%20-%20data%20as%20at%2031%20December%202020.docx | Tweed Profile > 2019-20 bushfire impact, Destroyed/Damaged table | ""Destroyed | Damaged | 1 outbuildings | 0 outbuildings | 0 facilities | 0 facilities | 1 houses | 0 houses""",0.0,council_total,official,"National Bushfire Recovery Agency (Australian Government), NSW - LGA profiles - data as at 31 December 2020 | https://www.bushfirerecovery.gov.au/sites/default/files/video-gallery/NSW%20-%20LGA%20profiles%20-%20data%20as%20at%2031%20December%202020.docx | Tweed Profile > 2019-20 bushfire impact, Destroyed/Damaged table | ""Destroyed | Damaged | 1 outbuildings | 0 outbuildings | 0 facilities | 0 facilities | 1 houses | 0 houses""",0.0,council_total,official,"National Bushfire Recovery Agency (Australian Government), NSW - LGA profiles - data as at 31 December 2020 | https://www.bushfirerecovery.gov.au/sites/default/files/video-gallery/NSW%20-%20LGA%20profiles%20-%20data%20as%20at%2031%20December%202020.docx | Tweed Profile > 2019-20 bushfire impact, Destroyed/Damaged table | ""Destroyed | Damaged | 1 outbuildings | 0 outbuildings | 0 facilities | 0 facilities | 1 houses | 0 houses""",1.0,council_total,official,"National Bushfire Recovery Agency (Australian Government), NSW - LGA profiles - data as at 31 December 2020 | https://www.bushfirerecovery.gov.au/sites/default/files/video-gallery/NSW%20-%20LGA%20profiles%20-%20data%20as%20at%2031%20December%202020.docx | Tweed Profile > 2019-20 bushfire impact, Destroyed/Damaged table | ""Destroyed | Damaged | 1 outbuildings | 0 outbuildings | 0 facilities | 0 facilities | 1 houses | 0 houses""",0.0,council_total,official,"National Bushfire Recovery Agency (Australian Government), NSW - LGA profiles - data as at 31 December 2020 | https://www.bushfirerecovery.gov.au/sites/default/files/video-gallery/NSW%20-%20LGA%20profiles%20-%20data%20as%20at%2031%20December%202020.docx | Tweed Profile > 2019-20 bushfire impact, Destroyed/Damaged table | ""Destroyed | Damaged | 1 outbuildings | 0 outbuildings | 0 facilities | 0 facilities | 1 houses | 0 houses""",,,,,,,,,,,,,,,,,0.0,season_zero,official,"2019/2020 NSW Bushfires Coronial Inquiry, Volume 1 (NSW State Coroner, 2023) | https://coroners.nsw.gov.au/documents/reports/bushfires/2019-20-NSW-Bushfires-Coronial-Inquiry-Vol1.pdf | Part 1 Introduction, para 25, p.15 | ""Twenty-five deaths were reported to the Coroner in connection with the 2019/2020 bushfire season.""",,,,,1.0,"council figure, see DL_homes_destroyed_sourced_source",0.02544658761260115,3639.9,,2015-16,0.39,4307.0,0.04683872729755564,-0.5830903790087438,3.6832412523020164,2.8037383177569986,-1.0135135135135087,-0.35559423247160105,9.292173370751478,1.5037593984962516,8.24053452115814,977.0,988.0,27.0,,,,0.0,211390.0,,,1275000.0,1486390.0,40.16498602087994,109.20967308532077,532.935480046527,1031116.0896938028,18.385209244413943,50.77581953303371,234.98904784448905,2016,,0.0,,2019Q4,0.5046473532645571,0.5052113963177038,0.512684731365687,0.5363193046713436,0.6494004035400242,0.5407302778420401,6.157404322304205,19.616791722215375,5.47032996314234,5.743760827134848,13.873030895080527,0.5051968940800808,0.5051603984341853,0.5149569024363198,0.5382143632312352,0.6494004035400242,0.5398836396518033,6.543261288791702,20.03945192311727,4.840548227929808,5.743760827134848,14.295691095982422,,,,97.8223076923077,92.0123076923077,103.0323076923077,,,,,,183161,183892,181696,182353,-0.7998427612865178,1.2760567258708555,False,0.4444444444444444,0.5575757575757576,0.11981566820276497,0.49748743718592964,0.20207253886010362,0.507537688442211,0.6619718309859155,0.4444444444444444,0.3386957128892613,0.4023658881627481,0.6619718309859155,4,0.46186946912059235,1,1,1,Light,0.4233566626645072,from composite Y
871,17620,Upper Hunter Shire,11,"Meads Creek West; Carters Rd, Stewarts Brook; Pages Creek Rd, Pages Creek; Wallabadah South; Upper Moonan Brook; Kenneth Gully, Stewartsbrook; Cowsby Rd, Niangala; Polblue Ridge",2019-08-24,2020-01-28,20328.02123495391,0.02510844617201956,14128.03272390842,67.0,61.02958016317627,-2.491559865528657,43.1,7,36.4,10280.83383570145,0.4590526665119742,12.78305318683528,Eucalypt Woodlands,43.88311195965944,0.4625140559923734,,,1.766037919865233,469780993.0,976.0,2,6.91,61.84,4.33334907665423,12,-36,-0.2500000000000002,1.91044776119403,1.356895117520565,-0.3407522429261559,-1.409625426719668,2.657714365645545,0.2026248560924957,,,1.434332954706801,-3.919999999999999,1.714999999999999,2319164486.0,27.10942866589437,4.19,,44.0,648.397656704103,-3.448275862068965,-3.448275862068965,6029,,,,,,,,,,,,,,0.0,council_total,official,"National Bushfire Recovery Agency (Australian Government), NSW - LGA profiles - data as at 31 December 2020 | https://www.bushfirerecovery.gov.au/sites/default/files/video-gallery/NSW%20-%20LGA%20profiles%20-%20data%20as%20at%2031%20December%202020.docx | Upper Hunter Profile > 2019-20 bushfire impact, Destroyed/Damaged table | ""Destroyed | Damaged | 0 outbuildings | 0 outbuildings | 0 facilities | 0 facilities | 0 houses | 0 houses""",0.0,council_total,official,"National Bushfire Recovery Agency (Australian Government), NSW - LGA profiles - data as at 31 December 2020 | https://www.bushfirerecovery.gov.au/sites/default/files/video-gallery/NSW%20-%20LGA%20profiles%20-%20data%20as%20at%2031%20December%202020.docx | Upper Hunter Profile > 2019-20 bushfire impact, Destroyed/Damaged table | ""Destroyed | Damaged | 0 outbuildings | 0 outbuildings | 0 facilities | 0 facilities | 0 houses | 0 houses""",0.0,council_total,official,"National Bushfire Recovery Agency (Australian Government), NSW - LGA profiles - data as at 31 December 2020 | https://www.bushfirerecovery.gov.au/sites/default/files/video-gallery/NSW%20-%20LGA%20profiles%20-%20data%20as%20at%2031%20December%202020.docx | Upper Hunter Profile > 2019-20 bushfire impact, Destroyed/Damaged table | ""Destroyed | Damaged | 0 outbuildings | 0 outbuildings | 0 facilities | 0 facilities | 0 houses | 0 houses""",0.0,council_total,official,"National Bushfire Recovery Agency (Australian Government), NSW - LGA profiles - data as at 31 December 2020 | https://www.bushfirerecovery.gov.au/sites/default/files/video-gallery/NSW%20-%20LGA%20profiles%20-%20data%20as%20at%2031%20December%202020.docx | Upper Hunter Profile > 2019-20 bushfire impact, Destroyed/Damaged table | ""Destroyed | Damaged | 0 outbuildings | 0 outbuildings | 0 facilities | 0 facilities | 0 houses | 0 houses""",0.0,council_total,official,"National Bushfire Recovery Agency (Australian Government), NSW - LGA profiles - data as at 31 December 2020 | https://www.bushfirerecovery.gov.au/sites/default/files/video-gallery/NSW%20-%20LGA%20profiles%20-%20data%20as%20at%2031%20December%202020.docx | Upper Hunter Profile > 2019-20 bushfire impact, Destroyed/Damaged table | ""Destroyed | Damaged | 0 outbuildings | 0 outbuildings | 0 facilities | 0 facilities | 0 houses | 0 houses""",0.0,council_total,official,"National Bushfire Recovery Agency (Australian Government), NSW - LGA profiles - data as at 31 December 2020 | https://www.bushfirerecovery.gov.au/sites/default/files/video-gallery/NSW%20-%20LGA%20profiles%20-%20data%20as%20at%2031%20December%202020.docx | Upper Hunter Profile > 2019-20 bushfire impact, Destroyed/Damaged table | ""Destroyed | Damaged | 0 outbuildings | 0 outbuildings | 0 facilities | 0 facilities | 0 houses | 0 houses""",,,,,,,,,,,,,,,,,0.0,season_zero,official,"2019/2020 NSW Bushfires Coronial Inquiry, Volume 1 (NSW State Coroner, 2023) | https://coroners.nsw.gov.au/documents/reports/bushfires/2019-20-NSW-Bushfires-Coronial-Inquiry-Vol1.pdf | Part 1 Introduction, para 25, p.15 | ""Twenty-five deaths were reported to the Coroner in connection with the 2019/2020 bushfire season.""",,,,,0.0,"council figure, see DL_homes_destroyed_sourced_source",0.0,817.5,,2015-16,0.3631,24997.0,0.04,-1.4925373134328401,6.060606060606055,45.45454545454546,-0.6377551020408156,5.122861856386218,-1.96629213483146,739.0243902439024,-22.023809523809522,138.0,176.0,,,,,922674.0,1404493.0,,,,2327167.0,30.350953747924326,57.486172912323354,190.3481509268603,1031116.0896938028,17.622372043754467,32.53574012791928,109.99234504246998,2016,,0.0,,2019Q3,0.15784124649140052,0.24369915754543825,0.14763450537220157,0.15146622012726338,0.17527410616622321,0.2596201629757292,-37.8470481175044,21.573154792279215,75.85330903585204,9.572243020865912,12.000911771413303,0.15784124649140052,0.24369915754543825,0.14688593224977295,0.13969381737945594,0.17418975891570432,0.2596201629757292,-42.67775942007115,12.124129522263672,76.74950827439129,9.572319693612075,2.5518098286515976,,,,,98.58113000557452,100.43835443174991,,,,,,182694,183161,183892,177102,0.6557412941859075,0.15748634298120567,False,0.21666666666666667,0.006060606060606061,0.1336405529953917,0.1306532663316583,,0.864321608040201,0.352112676056338,0.21666666666666667,0.06985057952799889,0.49748743718592964,0.352112676056338,4,0.2840293398592333,1,1,1,Light,0.1862911028465003,from composite Y
871,17640,Upper Lachlan Shire,1,Green Wattle Creek,2019-11-25,2020-02-09,22918.59032864331,0.0321556306024138,277894.3020072987,77.0,48.2935750363151,-1.532793523789063,40.6,12,33.7,9687.282247773705,0.4983353892291674,15.91443401185413,Eucalypt Woodlands,71.25099388184944,24.97334434783964,37.0,3.051476176497961,1.1360390724483,239098027.0,998.0,1,15.32,63.34,1.284605344507797,6,-14,-0.3500000000000003,-0.3676470588235294,-0.9211997024969948,-0.2765349940421322,-1.345408177835644,2.470050636038039,0.0149611264849895,-4.127489359984299,4.641786743266351,0.6446437649338848,-6.57,-3.145,2319164486.0,8.357966338966165,3.34,-0.4405193851429017,-4.569999999999993,603.7590834689794,-5.714285714285714,-5.714285714285714,4037,,,,,,,,,,,,,,3.0,council_total,official,"National Bushfire Recovery Agency (Australian Government), NSW - LGA profiles - data as at 31 December 2020 | https://www.bushfirerecovery.gov.au/sites/default/files/video-gallery/NSW%20-%20LGA%20profiles%20-%20data%20as%20at%2031%20December%202020.docx | Upper Lachlan Profile > 2019-20 bushfire impact, Destroyed/Damaged table | ""Destroyed | Damaged | 2 outbuildings | 0 outbuildings | 0 facilities | 0 facilities | 3 houses | 1 houses""",1.0,council_total,official,"National Bushfire Recovery Agency (Australian Government), NSW - LGA profiles - data as at 31 December 2020 | https://www.bushfirerecovery.gov.au/sites/default/files/video-gallery/NSW%20-%20LGA%20profiles%20-%20data%20as%20at%2031%20December%202020.docx | Upper Lachlan Profile > 2019-20 bushfire impact, Destroyed/Damaged table | ""Destroyed | Damaged | 2 outbuildings | 0 outbuildings | 0 facilities | 0 facilities | 3 houses | 1 houses""",0.0,council_total,official,"National Bushfire Recovery Agency (Australian Government), NSW - LGA profiles - data as at 31 December 2020 | https://www.bushfirerecovery.gov.au/sites/default/files/video-gallery/NSW%20-%20LGA%20profiles%20-%20data%20as%20at%2031%20December%202020.docx | Upper Lachlan Profile > 2019-20 bushfire impact, Destroyed/Damaged table | ""Destroyed | Damaged | 2 outbuildings | 0 outbuildings | 0 facilities | 0 facilities | 3 houses | 1 houses""",0.0,council_total,official,"National Bushfire Recovery Agency (Australian Government), NSW - LGA profiles - data as at 31 December 2020 | https://www.bushfirerecovery.gov.au/sites/default/files/video-gallery/NSW%20-%20LGA%20profiles%20-%20data%20as%20at%2031%20December%202020.docx | Upper Lachlan Profile > 2019-20 bushfire impact, Destroyed/Damaged table | ""Destroyed | Damaged | 2 outbuildings | 0 outbuildings | 0 facilities | 0 facilities | 3 houses | 1 houses""",2.0,council_total,official,"National Bushfire Recovery Agency (Australian Government), NSW - LGA profiles - data as at 31 December 2020 | https://www.bushfirerecovery.gov.au/sites/default/files/video-gallery/NSW%20-%20LGA%20profiles%20-%20data%20as%20at%2031%20December%202020.docx | Upper Lachlan Profile > 2019-20 bushfire impact, Destroyed/Damaged table | ""Destroyed | Damaged | 2 outbuildings | 0 outbuildings | 0 facilities | 0 facilities | 3 houses | 1 houses""",0.0,council_total,official,"National Bushfire Recovery Agency (Australian Government), NSW - LGA profiles - data as at 31 December 2020 | https://www.bushfirerecovery.gov.au/sites/default/files/video-gallery/NSW%20-%20LGA%20profiles%20-%20data%20as%20at%2031%20December%202020.docx | Upper Lachlan Profile > 2019-20 bushfire impact, Destroyed/Damaged table | ""Destroyed | Damaged | 2 outbuildings | 0 outbuildings | 0 facilities | 0 facilities | 3 houses | 1 houses""",,,,,,,,,,,,,,,,,0.0,season_zero,official,"2019/2020 NSW Bushfires Coronial Inquiry, Volume 1 (NSW State Coroner, 2023) | https://coroners.nsw.gov.au/documents/reports/bushfires/2019-20-NSW-Bushfires-Coronial-Inquiry-Vol1.pdf | Part 1 Introduction, para 25, p.15 | ""Twenty-five deaths were reported to the Coroner in connection with the 2019/2020 bushfire season.""",,,,,3.0,"council figure, see DL_homes_destroyed_sourced_source",0.7431260837255388,309.8,,2015-16,0.3142,2727.0,0.025735294117647058,-2.857142857142858,0.0,44.44444444444444,-0.8120649651972123,9.141274238227147,2.659574468085113,2.5316455696202667,22.549019607843146,131.0,124.0,,,,100000.0,3048447.0,875000.0,,,,4023447.0,26.993938896010377,31.743669113717754,60.94438857463713,1031116.0896938028,21.613759236048868,25.929616151018646,66.38409822401766,2016,,0.0,,2019Q4,0.12680956863339243,0.1360638632727262,0.15354930009875453,0.17661015127899216,0.29746044795246646,0.20573246612934584,29.799453749887306,76.12514107071486,33.98463294657152,5.743760827134848,70.38138024358001,0.12680956863339243,0.1360638632727262,0.13787596370410604,0.1741378699211337,0.29746044795246646,0.20573246612934584,27.982453042724508,73.65964913966803,49.215614239234505,5.743760827134848,67.91588831253318,,,,98.60426930812001,96.0640264266669,102.40736907242763,,,,,,183161,183892,181696,182353,-0.7998427612865178,1.2760567258708555,False,0.6777777777777778,0.024242424242424242,0.6129032258064516,0.4472361809045226,0.08808290155440414,0.5829145728643216,0.3286384976525822,0.6777777777777778,0.31857282502443796,0.3727445517744161,0.3286384976525822,4,0.42443341305730353,1,1,1,Light,0.37345341740213345,from composite Y
871,17650,Uralla,8,"Box Forest Rd, Kingstown; El Dorado Road; Bakers Creek Rd, Bundarra; Mt Brown, Yarrowyck; Harden Rd, Camerons Creek; Camerons Creek; Gwydir River Road, Abington; Retreat Rd, Balala",2019-11-20,2020-01-15,6489.201250449913,0.02011199592196867,3153.116591552722,15.0,48.74675676557165,-2.523481195067373,38.3,8,38.3,2627.014001631474,0.4058418714546615,9.025471367870386,Eucalypt Open Forests,32.74184074457084,1.18655448282922,,,1.896463036001464,164429754.0,983.0,2,11.5,57.81,1.723201501012196,2,11,-0.1500000000000003,-4.103343465045593,-4.656896108719058,-2.32990457305738,-3.398777756850892,27.29204118319987,0.7464596253933742,-0.9264178807553024,1.440715264037355,0.2203721666994027,-4.470000000000001,-10.565,2319164486.0,-7.482800699947568,-1.85,-4.681412778194658,-36.64999999999999,1045.123140395374,5.263157894736842,5.263157894736842,2582,,,,,,,,,,,,,,0.0,council_total,official,"National Bushfire Recovery Agency (Australian Government), NSW - LGA profiles - data as at 31 December 2020 | https://www.bushfirerecovery.gov.au/sites/default/files/video-gallery/NSW%20-%20LGA%20profiles%20-%20data%20as%20at%2031%20December%202020.docx | Uralla Profile > 2019-20 bushfire impact, Destroyed/Damaged table | ""Destroyed | Damaged | 0 outbuildings | 0 outbuildings | 0 facilities | 0 facilities | 0 houses | 0 houses""",0.0,council_total,official,"National Bushfire Recovery Agency (Australian Government), NSW - LGA profiles - data as at 31 December 2020 | https://www.bushfirerecovery.gov.au/sites/default/files/video-gallery/NSW%20-%20LGA%20profiles%20-%20data%20as%20at%2031%20December%202020.docx | Uralla Profile > 2019-20 bushfire impact, Destroyed/Damaged table | ""Destroyed | Damaged | 0 outbuildings | 0 outbuildings | 0 facilities | 0 facilities | 0 houses | 0 houses""",0.0,council_total,official,"National Bushfire Recovery Agency (Australian Government), NSW - LGA profiles - data as at 31 December 2020 | https://www.bushfirerecovery.gov.au/sites/default/files/video-gallery/NSW%20-%20LGA%20profiles%20-%20data%20as%20at%2031%20December%202020.docx | Uralla Profile > 2019-20 bushfire impact, Destroyed/Damaged table | ""Destroyed | Damaged | 0 outbuildings | 0 outbuildings | 0 facilities | 0 facilities | 0 houses | 0 houses""",0.0,council_total,official,"National Bushfire Recovery Agency (Australian Government), NSW - LGA profiles - data as at 31 December 2020 | https://www.bushfirerecovery.gov.au/sites/default/files/video-gallery/NSW%20-%20LGA%20profiles%20-%20data%20as%20at%2031%20December%202020.docx | Uralla Profile > 2019-20 bushfire impact, Destroyed/Damaged table | ""Destroyed | Damaged | 0 outbuildings | 0 outbuildings | 0 facilities | 0 facilities | 0 houses | 0 houses""",0.0,council_total,official,"National Bushfire Recovery Agency (Australian Government), NSW - LGA profiles - data as at 31 December 2020 | https://www.bushfirerecovery.gov.au/sites/default/files/video-gallery/NSW%20-%20LGA%20profiles%20-%20data%20as%20at%2031%20December%202020.docx | Uralla Profile > 2019-20 bushfire impact, Destroyed/Damaged table | ""Destroyed | Damaged | 0 outbuildings | 0 outbuildings | 0 facilities | 0 facilities | 0 houses | 0 houses""",0.0,council_total,official,"National Bushfire Recovery Agency (Australian Government), NSW - LGA profiles - data as at 31 December 2020 | https://www.bushfirerecovery.gov.au/sites/default/files/video-gallery/NSW%20-%20LGA%20profiles%20-%20data%20as%20at%2031%20December%202020.docx | Uralla Profile > 2019-20 bushfire impact, Destroyed/Damaged table | ""Destroyed | Damaged | 0 outbuildings | 0 outbuildings | 0 facilities | 0 facilities | 0 houses | 0 houses""",,,,,,,,,,,,,,,,,0.0,season_zero,official,"2019/2020 NSW Bushfires Coronial Inquiry, Volume 1 (NSW State Coroner, 2023) | https://coroners.nsw.gov.au/documents/reports/bushfires/2019-20-NSW-Bushfires-Coronial-Inquiry-Vol1.pdf | Part 1 Introduction, para 25, p.15 | ""Twenty-five deaths were reported to the Coroner in connection with the 2019/2020 bushfire season.""",,,,,0.0,"council figure, see DL_homes_destroyed_sourced_source",0.0,322.9,,2015-16,0.3477,2509.0,0.025835866261398176,-5.882352941176472,-10.71428571428571,200.0,-0.9646302250803873,-0.7144358058415623,23.28767123287672,-270.9090909090909,37.5,79.0,50.0,,,,,925000.0,200735.0,,,,1125735.0,14.481688269525657,33.60626297252145,204.28529480029118,1031116.0896938028,7.307751087723837,16.750269106150906,95.90395317673034,2016,,0.0,,2019Q4,0.11615996799331886,0.11958433521368399,0.1488010992887097,0.17473472278721439,0.2932760793630542,0.19962536738862321,46.11840461794829,72.3957756428998,34.15584182029616,5.743760827134848,66.65201481576496,0.11615996799331886,0.11958433521368399,0.1382167249363673,0.17256104600732783,0.2932760793630542,0.19962456275090237,44.30071104127502,70.25119505532054,44.428659297784854,5.743760827134848,64.50743422818569,,,,97.05049882122567,95.00792290944695,101.02011787743324,,,,,,183161,183892,181696,182353,-0.7998427612865178,1.2760567258708555,False,0.21666666666666667,0.8848484848484849,0.9953917050691244,0.9798994974874372,0.35751295336787564,0.24120603015075376,0.4413145539906103,0.21666666666666667,0.9401200949588047,0.5262061603353555,0.4413145539906103,4,0.5310768689878593,2,2,2,Moderate,0.5156119430740854,from composite Y
871,17750,Wagga Wagga,1,Dunns Road,2019-12-27,2020-02-14,8441.315801363065,0.0174968087838924,334073.5545276796,50.0,48.49531040542409,-1.317686169033917,36.8,10,27.4,1263.315998530438,0.6111938098567701,11.20702698049364,Eucalypt Open Forests,55.07074733322779,1.765336672189762,193.0,4.876692355868841,13.60102649632019,2321207558.0,995.0,2,8.79,65.57,17.76064422170822,4,353,0.849999999999999,1.442030378773313,0.8884777350998476,2.000196290116793,0.9313231063232804,8.534243652656285,6.079154143103235,-0.4835961703282407,0.9978935536102932,-11.82066416690084,2.45,2.685,2319164486.0,0.973424246160396,2.630000000000001,-1.535531864536297,10.58000000000001,159.5647003760458,3.125,3.125,24929,,,,,,,,,,,,,,0.0,council_total,official,"National Bushfire Recovery Agency (Australian Government), NSW - LGA profiles - data as at 31 December 2020 | https://www.bushfirerecovery.gov.au/sites/default/files/video-gallery/NSW%20-%20LGA%20profiles%20-%20data%20as%20at%2031%20December%202020.docx | Wagga Wagga Profile > 2019-20 bushfire impact, Destroyed/Damaged table | ""Destroyed | Damaged | 1 outbuildings | 2 outbuildings | 0 facilities | 0 facilities | 0 houses | 0 houses""",0.0,council_total,official,"National Bushfire Recovery Agency (Australian Government), NSW - LGA profiles - data as at 31 December 2020 | https://www.bushfirerecovery.gov.au/sites/default/files/video-gallery/NSW%20-%20LGA%20profiles%20-%20data%20as%20at%2031%20December%202020.docx | Wagga Wagga Profile > 2019-20 bushfire impact, Destroyed/Damaged table | ""Destroyed | Damaged | 1 outbuildings | 2 outbuildings | 0 facilities | 0 facilities | 0 houses | 0 houses""",0.0,council_total,official,"National Bushfire Recovery Agency (Australian Government), NSW - LGA profiles - data as at 31 December 2020 | https://www.bushfirerecovery.gov.au/sites/default/files/video-gallery/NSW%20-%20LGA%20profiles%20-%20data%20as%20at%2031%20December%202020.docx | Wagga Wagga Profile > 2019-20 bushfire impact, Destroyed/Damaged table | ""Destroyed | Damaged | 1 outbuildings | 2 outbuildings | 0 facilities | 0 facilities | 0 houses | 0 houses""",0.0,council_total,official,"National Bushfire Recovery Agency (Australian Government), NSW - LGA profiles - data as at 31 December 2020 | https://www.bushfirerecovery.gov.au/sites/default/files/video-gallery/NSW%20-%20LGA%20profiles%20-%20data%20as%20at%2031%20December%202020.docx | Wagga Wagga Profile > 2019-20 bushfire impact, Destroyed/Damaged table | ""Destroyed | Damaged | 1 outbuildings | 2 outbuildings | 0 facilities | 0 facilities | 0 houses | 0 houses""",1.0,council_total,official,"National Bushfire Recovery Agency (Australian Government), NSW - LGA profiles - data as at 31 December 2020 | https://www.bushfirerecovery.gov.au/sites/default/files/video-gallery/NSW%20-%20LGA%20profiles%20-%20data%20as%20at%2031%20December%202020.docx | Wagga Wagga Profile > 2019-20 bushfire impact, Destroyed/Damaged table | ""Destroyed | Damaged | 1 outbuildings | 2 outbuildings | 0 facilities | 0 facilities | 0 houses | 0 houses""",2.0,council_total,official,"National Bushfire Recovery Agency (Australian Government), NSW - LGA profiles - data as at 31 December 2020 | https://www.bushfirerecovery.gov.au/sites/default/files/video-gallery/NSW%20-%20LGA%20profiles%20-%20data%20as%20at%2031%20December%202020.docx | Wagga Wagga Profile > 2019-20 bushfire impact, Destroyed/Damaged table | ""Destroyed | Damaged | 1 outbuildings | 2 outbuildings | 0 facilities | 0 facilities | 0 houses | 0 houses""",,,,,,,,,,,,,,,,,0.0,season_zero,official,"2019/2020 NSW Bushfires Coronial Inquiry, Volume 1 (NSW State Coroner, 2023) | https://coroners.nsw.gov.au/documents/reports/bushfires/2019-20-NSW-Bushfires-Coronial-Inquiry-Vol1.pdf | Part 1 Introduction, para 25, p.15 | ""Twenty-five deaths were reported to the Coroner in connection with the 2019/2020 bushfire season.""",,,,,0.0,"council figure, see DL_homes_destroyed_sourced_source",0.0,3937.1,,2015-16,0.4261,5752.0,0.04345318208036916,-1.7699115044247815,3.7931034482758585,-1.9230769230769273,0.6960556844547661,1.0034085251426683,12.557310239429453,-0.13995801259623075,3.6832412523020164,567.0,617.0,16.0,,,,0.0,710420.0,,2000000.0,,2710420.0,30.483765261288333,48.663612882395874,121.26856293706034,1031116.0896938028,16.500475594320065,26.230814520579482,64.56684908546839,2016,,0.0,,2019Q4,0.29612745298653437,0.3185960320848691,0.3187417132446364,0.34147232425478574,0.456505108547174,0.3534244751081442,7.180344343969347,24.441340876422068,10.88114935144635,5.743760827134848,18.697580049287218,0.2961319757976502,0.3185960320848691,0.3134295419631108,0.3417061921961231,0.456505108547174,0.3534518118980452,7.253750136190584,24.52656839894982,12.769144122236199,5.743760827134848,18.78280757181497,,,,96.62538461538462,93.88307692307693,101.40615384615384,,,,,,183161,183892,181696,182353,-0.7998427612865178,1.2760567258708555,False,0.21666666666666667,0.2545454545454545,0.1889400921658986,0.1507537688442211,0.41968911917098445,0.7236180904522613,0.9295774647887324,0.21666666666666667,0.22174277335567655,0.4313536594891556,0.9295774647887324,4,0.44983514107505784,1,1,1,Light,0.40731458753220995,from composite Y
871,17850,Walcha,11,"Carrai Creek; Mummel fire; Rumba Complex; Stockyard East; Jacky Barker; Coombes Gap Complex; Carrai East; Pearson Trail Complex, Dungowan",2019-09-06,2020-01-28,235960.713403108,0.3768723807749921,238717.6613517903,99.0,49.13028477358927,-2.491559865528657,39.8,9,38.2,105077.8834554383,0.1615953175498998,17.11284894470111,Eucalypt Open Forests,65.04287954410988,165.647293159664,,,0.4967238347885025,73362312.0,981.0,2,7.25,52.77,0.6620388224707545,6,-22,-1.55,0.0,-0.5535526436734652,-15.21926277619805,-16.28813595999157,7.395498392282959,4.94040888272991,6.956832200425101,-6.442534817143049,0.5437398147718802,4.82,-4.475,,-10.3699533795504,-1.59,-0.1136605272582675,144.23,2533.774746316295,9.090909090909092,9.090909090909092,1443,,,,,,,,,,,,,,22.0,council_total,official,"National Bushfire Recovery Agency (Australian Government), NSW - LGA profiles - data as at 31 December 2020 | https://www.bushfirerecovery.gov.au/sites/default/files/video-gallery/NSW%20-%20LGA%20profiles%20-%20data%20as%20at%2031%20December%202020.docx | Walcha Profile > 2019-20 bushfire impact, Destroyed/Damaged table | ""Destroyed | Damaged | 22 outbuildings | 1 outbuildings | 0 facilities | 0 facilities | 22 houses | 1 houses""",1.0,council_total,official,"National Bushfire Recovery Agency (Australian Government), NSW - LGA profiles - data as at 31 December 2020 | https://www.bushfirerecovery.gov.au/sites/default/files/video-gallery/NSW%20-%20LGA%20profiles%20-%20data%20as%20at%2031%20December%202020.docx | Walcha Profile > 2019-20 bushfire impact, Destroyed/Damaged table | ""Destroyed | Damaged | 22 outbuildings | 1 outbuildings | 0 facilities | 0 facilities | 22 houses | 1 houses""",0.0,council_total,official,"National Bushfire Recovery Agency (Australian Government), NSW - LGA profiles - data as at 31 December 2020 | https://www.bushfirerecovery.gov.au/sites/default/files/video-gallery/NSW%20-%20LGA%20profiles%20-%20data%20as%20at%2031%20December%202020.docx | Walcha Profile > 2019-20 bushfire impact, Destroyed/Damaged table | ""Destroyed | Damaged | 22 outbuildings | 1 outbuildings | 0 facilities | 0 facilities | 22 houses | 1 houses""",0.0,council_total,official,"National Bushfire Recovery Agency (Australian Government), NSW - LGA profiles - data as at 31 December 2020 | https://www.bushfirerecovery.gov.au/sites/default/files/video-gallery/NSW%20-%20LGA%20profiles%20-%20data%20as%20at%2031%20December%202020.docx | Walcha Profile > 2019-20 bushfire impact, Destroyed/Damaged table | ""Destroyed | Damaged | 22 outbuildings | 1 outbuildings | 0 facilities | 0 facilities | 22 houses | 1 houses""",22.0,council_total,official,"National Bushfire Recovery Agency (Australian Government), NSW - LGA profiles - data as at 31 December 2020 | https://www.bushfirerecovery.gov.au/sites/default/files/video-gallery/NSW%20-%20LGA%20profiles%20-%20data%20as%20at%2031%20December%202020.docx | Walcha Profile > 2019-20 bushfire impact, Destroyed/Damaged table | ""Destroyed | Damaged | 22 outbuildings | 1 outbuildings | 0 facilities | 0 facilities | 22 houses | 1 houses""",1.0,fire_in_council,official,"2019/2020 NSW Bushfires Coronial Inquiry, Findings Volume 1 (NSW State Coroner, 2024) | https://coroners.nsw.gov.au/documents/reports/bushfires/2019-20-NSW-Bushfires-Coronial-Inquiry-Vol1.pdf | Part 5, s.17 Stockyard Flat, Yarrowitch Fire, para 3, p.278 | ""It destroyed at least 24 residential homes and 22 outbuildings, and damaged at least one residential home and one outbuilding.""",,,,,,,,,,,,,,,,,1.0,council_total,official,"2019/2020 NSW Bushfires Coronial Inquiry, Volume 1 (NSW State Coroner, 2023) | https://coroners.nsw.gov.au/documents/reports/bushfires/2019-20-NSW-Bushfires-Coronial-Inquiry-Vol1.pdf | Part 5, Northern Region, 'Walcha LGA', para 39, p.186 | ""He was subsequently conveyed to Port Macquarie Hospital and then transferred to the Royal North Shore Hospital where he died on 29 December 2019.""",1.0,council_total,official,"2019/2020 NSW Bushfires Coronial Inquiry, Findings Volume 1 (NSW State Coroner, 2024) | https://coroners.nsw.gov.au/documents/reports/bushfires/2019-20-NSW-Bushfires-Coronial-Inquiry-Vol1.pdf | Part 5 Northern Region intro, Walcha LGA, para 40, p.186 | ""One firefighter also sustained head injuries from a falling object while attending to duties at a property on Kangaroo Flat Road, Yarrowitch.""",22.0,"council figure, see DL_homes_destroyed_sourced_source",15.24601524601525,163.9,,2015-16,0.2258,2509.0,0.024469820554649267,13.33333333333333,-7.14285714285714,66.66666666666667,-1.4563106796116498,7.449856733524363,6.363636363636371,-276.2711864406779,-5.405405405405405,32.0,32.0,,,,250000.0,2377518.0,1774905.0,804195.0,,1275000.0,6481618.0,147.07166720746787,239.08589697135713,474.0849633548038,1031116.0896938028,90.39650538527006,144.65820418974113,283.88440440839867,2016,resident,0.0,"Coronial Inquiry Vol 1 p.186 para 39: Russell Bratby, resident of Yarrowitch",2019Q3,0.13979417121346552,0.2305267887216308,0.12260980482761645,0.2549207373876208,0.17447575240077073,0.23366563068354199,10.581828168979769,115.73833140375763,90.57662722166857,9.572243020865912,106.16608838289172,0.1390367918167019,0.2305267887216308,0.12259780942867322,0.17539651249188806,0.17257619622821962,0.23366563068354199,-23.914910946126298,48.48787600254929,90.59527390616833,9.572319693612075,38.91555630893722,,,,,96.95461538461538,98.29384615384615,,,,,,182694,183161,183892,177102,0.6557412941859075,0.15748634298120567,False,0.9444444444444444,0.9454545454545454,0.5161290322580645,0.8542713567839196,0.9222797927461139,0.9849246231155779,0.8779342723004695,0.9444444444444444,0.7307917888563049,0.9204919242152038,0.8779342723004695,4,0.8684156074541056,4,4,4,Extreme,0.9652933350914776,from composite Y
871,18350,Wingecarribee,3,Green Wattle Creek; Morton Fire; Currowan 2,2019-11-25,2020-02-09,62180.88635125917,0.2312123110852941,315470.7851771298,77.0,71.53012340543465,-2.036527050683061,44.3,11,41.0,23638.69628568166,0.5548526941210222,15.1825516525939,Eucalypt Woodlands,71.25099388184944,83.01267311265863,349.0,6.180863454869472,18.8008849006346,1998396427.0,1034.0,1,22.85,67.81,6.459387597564113,7,310,1.349999999999999,2.268154380830437,1.714601737156972,0.532130777903044,-0.5367424058904682,1.621771290692615,-0.833318218860434,3.348207752578148,-2.833910369296095,-2.003423964768221,0.4699999999999997,-1.745000000000001,2319164486.0,1.968625250023038,0.9399999999999976,3.25367539674295,45.43000000000001,-181.3776993436562,-2.040816326530612,-2.040816326530612,20546,,,,,,,,,,,,,,68.0,council_total,official,"National Bushfire Recovery Agency (Australian Government), NSW - LGA profiles - data as at 31 December 2020 | https://www.bushfirerecovery.gov.au/sites/default/files/video-gallery/NSW%20-%20LGA%20profiles%20-%20data%20as%20at%2031%20December%202020.docx | Wingecarribee Profile > 2019-20 bushfire impact, Destroyed/Damaged table | ""Destroyed | Damaged | 197 outbuildings | 69 outbuildings | 0 facilities | 2 facilities | 68 houses | 18 houses""",18.0,council_total,official,"National Bushfire Recovery Agency (Australian Government), NSW - LGA profiles - data as at 31 December 2020 | https://www.bushfirerecovery.gov.au/sites/default/files/video-gallery/NSW%20-%20LGA%20profiles%20-%20data%20as%20at%2031%20December%202020.docx | Wingecarribee Profile > 2019-20 bushfire impact, Destroyed/Damaged table | ""Destroyed | Damaged | 197 outbuildings | 69 outbuildings | 0 facilities | 2 facilities | 68 houses | 18 houses""",0.0,council_total,official,"National Bushfire Recovery Agency (Australian Government), NSW - LGA profiles - data as at 31 December 2020 | https://www.bushfirerecovery.gov.au/sites/default/files/video-gallery/NSW%20-%20LGA%20profiles%20-%20data%20as%20at%2031%20December%202020.docx | Wingecarribee Profile > 2019-20 bushfire impact, Destroyed/Damaged table | ""Destroyed | Damaged | 197 outbuildings | 69 outbuildings | 0 facilities | 2 facilities | 68 houses | 18 houses""",2.0,council_total,official,"National Bushfire Recovery Agency (Australian Government), NSW - LGA profiles - data as at 31 December 2020 | https://www.bushfirerecovery.gov.au/sites/default/files/video-gallery/NSW%20-%20LGA%20profiles%20-%20data%20as%20at%2031%20December%202020.docx | Wingecarribee Profile > 2019-20 bushfire impact, Destroyed/Damaged table | ""Destroyed | Damaged | 197 outbuildings | 69 outbuildings | 0 facilities | 2 facilities | 68 houses | 18 houses""",197.0,council_total,official,"National Bushfire Recovery Agency (Australian Government), NSW - LGA profiles - data as at 31 December 2020 | https://www.bushfirerecovery.gov.au/sites/default/files/video-gallery/NSW%20-%20LGA%20profiles%20-%20data%20as%20at%2031%20December%202020.docx | Wingecarribee Profile > 2019-20 bushfire impact, Destroyed/Damaged table | ""Destroyed | Damaged | 197 outbuildings | 69 outbuildings | 0 facilities | 2 facilities | 68 houses | 18 houses""",69.0,council_total,official,"National Bushfire Recovery Agency (Australian Government), NSW - LGA profiles - data as at 31 December 2020 | https://www.bushfirerecovery.gov.au/sites/default/files/video-gallery/NSW%20-%20LGA%20profiles%20-%20data%20as%20at%2031%20December%202020.docx | Wingecarribee Profile > 2019-20 bushfire impact, Destroyed/Damaged table | ""Destroyed | Damaged | 197 outbuildings | 69 outbuildings | 0 facilities | 2 facilities | 68 houses | 18 houses""",,,,,,,,,,,,,,,,,0.0,season_zero,official,"2019/2020 NSW Bushfires Coronial Inquiry, Volume 1 (NSW State Coroner, 2023) | https://coroners.nsw.gov.au/documents/reports/bushfires/2019-20-NSW-Bushfires-Coronial-Inquiry-Vol1.pdf | Part 1 Introduction, para 25, p.15 | ""Twenty-five deaths were reported to the Coroner in connection with the 2019/2020 bushfire season.""",,,,,68.0,"council figure, see DL_homes_destroyed_sourced_source",3.309646646549207,1967.3,,2015-16,0.346,2883.0,0.0466434973477227,0.0,-1.7766497461928932,-0.9708737864077666,-1.0810810810810811,2.075949367088614,6.643757159221075,-6.559999999999999,0.33222591362125353,604.0,633.0,6.0,,,250000.0,13161119.0,1734241.0,4592054.0,,1225000.0,20962414.0,940.1251063613814,6257.1468972860075,11700.624843109286,1031116.0896938028,416.9490836004545,2676.5646543521,5108.975233460519,2016,,0.0,,2019Q4,0.25447084903502876,0.288029315743714,0.36486691700324164,0.32651833379696554,0.4364685227915972,0.33011256648354315,13.362882161445944,45.53106123685113,-9.52521286532254,5.743760827134848,39.78730040971628,0.25447084903502876,0.288029315743714,0.31856599485789716,0.3299310135315523,0.4364685227915972,0.33011256648354315,14.547719797078607,47.05012708429452,3.6245461888663177,5.743760827134848,41.306366257159674,,,,97.67369416168188,94.89850858781965,102.61483719289654,,,,,,183161,183892,181696,182353,-0.7998427612865178,1.2760567258708555,False,0.8333333333333334,0.15757575757575756,0.08755760368663594,0.5175879396984925,0.7357512953367875,0.8793969849246231,0.215962441314554,0.8333333333333334,0.12256668063119674,0.7109120733199678,0.215962441314554,4,0.470693632149763,1,3,3,Severe,0.435119503577434,raised: >=10 homes destroyed
871,18400,Wollondilly,4,"Green Wattle Creek; Erskine Creek Fire; Ruined Castle; Burragorang Rd, Nattai",2019-09-30,2020-02-09,152714.5438081298,0.5976070516086865,277894.3020072987,77.0,53.55871505557261,-1.823526781884399,40.6,11,33.7,62330.84490887196,0.4975976478650014,15.81598132407527,Eucalypt Woodlands,71.25099388184944,125.9077715740677,37.0,18.55749286272556,20.33783614298643,2110690358.0,1043.0,1,12.5,66.35,3.743265980272602,7,113,0.3499999999999998,0.2477477477477477,-0.3058048959257174,2.918839784060756,1.849966600267244,2.693758177480182,0.2386686679271323,3.992623161332879,-3.478325778050827,2.556734019727398,-10.06,-2.174999999999999,2319164486.0,0.1440823486381459,-1.23,-1.048395781894878,23.87,422.9134552503841,0.0,0.0,16048,,,,,,,,,,,,,,19.0,council_total,official,"Wollondilly Shire Council, Activate Wollondilly 2021: Long Term Community Recovery and Resilience Plan | https://www.wollondilly.nsw.gov.au/assets/Documents-NEW/Resident-Services/Emergency-Information/Activate-Wollondilly-Long-Term-Recovery-Resiliance-Plan-2.pdf | Social Recovery, pp.30-31 (PDF p.16) | ""Loss of shelter - 19 homes were destroyed and a further eighteen damaged resulting in a number of people being displaced from their homes.""",18.0,council_total,official,"Wollondilly Shire Council, Activate Wollondilly 2021: Long Term Community Recovery and Resilience Plan | https://www.wollondilly.nsw.gov.au/assets/Documents-NEW/Resident-Services/Emergency-Information/Activate-Wollondilly-Long-Term-Recovery-Resiliance-Plan-2.pdf | Social Recovery, pp.30-31 (PDF p.16) | ""Loss of shelter - 19 homes were destroyed and a further eighteen damaged resulting in a number of people being displaced from their homes.""",8.0,council_total,official,"Wollondilly Shire Council, Activate Wollondilly 2021: Long Term Community Recovery and Resilience Plan | https://www.wollondilly.nsw.gov.au/assets/Documents-NEW/Resident-Services/Emergency-Information/Activate-Wollondilly-Long-Term-Recovery-Resiliance-Plan-2.pdf | Introduction, 'Significant Impacts of the Green Wattle Creek Bushfire' infographic, pp.14-15 (PDF p.8) | ""8 facilities destroyed""",3.0,council_total,official,"Wollondilly Shire Council, Activate Wollondilly 2021: Long Term Community Recovery and Resilience Plan | https://www.wollondilly.nsw.gov.au/assets/Documents-NEW/Resident-Services/Emergency-Information/Activate-Wollondilly-Long-Term-Recovery-Resiliance-Plan-2.pdf | Introduction, 'Significant Impacts of the Green Wattle Creek Bushfire' infographic, pp.14-15 (PDF p.8) | ""3 facilities damaged""",66.0,council_total,official,"Wollondilly Shire Council, Activate Wollondilly 2021: Long Term Community Recovery and Resilience Plan | https://www.wollondilly.nsw.gov.au/assets/Documents-NEW/Resident-Services/Emergency-Information/Activate-Wollondilly-Long-Term-Recovery-Resiliance-Plan-2.pdf | Introduction, 'Significant Impacts of the Green Wattle Creek Bushfire' infographic, pp.14-15 (PDF p.8) | ""66 outbuildings destroyed""",45.0,council_total,official,"Wollondilly Shire Council, Activate Wollondilly 2021: Long Term Community Recovery and Resilience Plan | https://www.wollondilly.nsw.gov.au/assets/Documents-NEW/Resident-Services/Emergency-Information/Activate-Wollondilly-Long-Term-Recovery-Resiliance-Plan-2.pdf | Introduction, 'Significant Impacts of the Green Wattle Creek Bushfire' infographic, pp.14-15 (PDF p.8) | ""45 outbuildings damaged""",,,,,,,,,1276.7,council_total,official,"Wollondilly Shire Council, Activate Wollondilly 2021: Long Term Community Recovery and Resilience Plan | https://www.wollondilly.nsw.gov.au/assets/Documents-NEW/Resident-Services/Emergency-Information/Activate-Wollondilly-Long-Term-Recovery-Resiliance-Plan-2.pdf | Introduction, 'Significant Impacts of the Green Wattle Creek Bushfire' infographic, pp.14-15 (PDF p.8) | ""1,276.7km of fencing lost""",,,,,2.0,council_total,official,"Wollondilly Shire Council, Activate Wollondilly 2021: Long Term Community Recovery and Resilience Plan | https://www.wollondilly.nsw.gov.au/assets/Documents-NEW/Resident-Services/Emergency-Information/Activate-Wollondilly-Long-Term-Recovery-Resiliance-Plan-2.pdf | Introduction, p.14 (PDF p.8) | ""two RFS volunteers from Horsley Park; Deputy Captain Geoffrey Keaton and Firefighter Andrew O’Dwyer were killed when their truck rolled over""",18.0,council_total,official,"Wollondilly Shire Council, Activate Wollondilly 2021: Long Term Community Recovery and Resilience Plan | https://www.wollondilly.nsw.gov.au/assets/Documents-NEW/Resident-Services/Emergency-Information/Activate-Wollondilly-Long-Term-Recovery-Resiliance-Plan-2.pdf | Introduction, p.14 (PDF p.8) | ""A further eighteen people were injured and seventeen people were rescued in Wollondilly""",19.0,"council figure, see DL_homes_destroyed_sourced_source",1.1839481555334,2052.8,,2015-16,0.508,,0.022972972972972974,15.686274509803933,1.8867924528301883,7.594936708860756,-1.9543973941368087,0.18439297831538415,-1.9151846785225746,-11.00000000000001,5.927342256214141,557.0,556.0,12.0,,,250000.0,3488417.0,4330924.0,581055.0,,1300000.0,9950396.0,1665.6131207484452,9963.09154525434,30362.165067793074,1031116.0896938028,580.9913252403645,3407.681953901387,10703.973975213205,2016,responder,2.0,Activate Wollondilly 2021 p.14: two RFS volunteers from Horsley Park killed when their truck rolled over,2019Q3,0.33966599463636094,0.41739981015668165,0.3289576524310069,0.500284402987126,0.36077301090463304,0.42800662889197616,19.85736236902731,74.46815902705144,30.10994750509508,9.572243020865912,64.89591600618553,0.33966599463636094,0.41739981015668165,0.3289669010173386,0.5013290859553433,0.47808952772743957,0.42800662889197616,20.10764589642642,74.81654105097782,30.10628958972914,9.572319693612075,65.24422135736575,,,,,97.59119163982376,101.63528699835098,,,,,,182694,183161,183892,177102,0.6557412941859075,0.15748634298120567,False,0.7444444444444445,0.3878787878787879,0.43317972350230416,0.7386934673366834,0.7823834196891192,0.8190954773869347,0.3615023474178404,0.7444444444444445,0.410529255690546,0.7800574548042457,0.3615023474178404,4,0.5741333755892691,2,3,3,Severe,0.5730073964156094,raised: >=10 homes destroyed
880,11730,Clarence Valley,29,"Bees Nest; Middle Ck Rd; 1732 Old GI, Chambigne; Clarence Way, Whiteman Creek; Dinner Creek; Barretts Creek Rd, Barretts Creek; Old Glen Innes Rd (2); Rockview",2019-07-12,2019-11-12,82667.93663637328,0.07926979585679156,114584.9897333394,75.0,37.86013332664371,-1.690225159328374,30.3,10,36.7,18380.46396187317,0.4607412851459998,14.44803356252855,Eucalypt Open Forests,62.79109853683012,119.9825565639398,9.0,4.730078405991962,5.015111979076471,1301315403.0,926.0,2,13.9,72.32,10.72813409979028,15,-1099,-4.1,1.317175974710221,0.7636233310367562,0.2008713119244515,-0.8680018718690606,-2.848893902602244,-2.353346378476904,0.8813773532302243,-0.3670799699481719,-0.1698533242705426,0.8399999999999999,-1.845000000000001,,-2.677249900731606,-0.2599999999999998,-4.000393191001257,-15.92999999999999,374.1981658814172,-2.702702702702702,-2.702702702702702,22680,871,,,,,,,,,,,,,,,,,,,,,,,,,,,,,,,,,,,,,,,,,,,,,,,,,,,,,0.0,season_zero,official,"2019/2020 NSW Bushfires Coronial Inquiry, Volume 1 (NSW State Coroner, 2023) | https://coroners.nsw.gov.au/documents/reports/bushfires/2019-20-NSW-Bushfires-Coronial-Inquiry-Vol1.pdf | Part 1 Introduction, para 25, p.15 | ""Twenty-five deaths were reported to the Coroner in connection with the 2019/2020 bushfire season.""",,,,,,,,2140.3,,2015-16,0.3135,2659.0,0.057692307692307696,-0.45662100456621557,-2.34375,6.896551724137923,2.4096385542168752,-0.909327097947521,3.091721058055641,-13.636363636363624,-4.0000000000000036,387.0,415.0,15.0,,,,,,,,,,510.83580721598025,1505.3522839045152,5785.772919363409,75830.58530916364,244.65505002394016,773.250480177397,2841.7999551372604,2016,,0.0,,2019Q3,0.19805218168914118,0.23758913234871784,0.19518523136978008,0.24997237299019445,0.20436618821018712,0.24007281832407146,5.212040011704455,67.39216060299604,22.997429999840225,9.572243020865912,57.81991758213013,0.17958176631992825,0.23758913234871784,0.15324904221645239,0.25067668859267894,0.20832025723398306,0.23817546519629637,5.508482696402139,67.96288779766877,55.41726183181752,9.572319693612075,58.3905681040567,,,,,96.49264909526867,98.49959293117065,,,,,,182694,183161,183892,177102,0.6557412941859075,0.15748634298120567,False,,0.7484848484848485,0.21889400921658986,0.6206030150753769,0.5207253886010362,0.46984924623115576,0.07981220657276995,,0.4836894288507192,0.5370592166358562,0.07981220657276995,3,0.36685361735311517,1,1,1,Light,0.2966980385148455,from composite Y
880,14350,Kempsey,16,"Gilmores Gully Fire; Old Station Rd, Verges Creek; Racing Trk, Turners Flat; Jocks Rd, Collombatti; Yammacoona Way, Dondingalong; Sundowner Creek Road, Millbank; Lemon Tree Creek; Bunghole Creek Fire",2019-07-14,2019-10-12,9556.543246054869,0.02831006026552461,4311.849667880279,67.0,39.91925014584275,-1.11699608311325,36.8,10,35.4,1472.497105308622,0.2052026018964566,10.95400239458733,Eucalypt Tall Open Forests,70.20559227550311,11.56109408656997,2.0,2.000000000000002,8.91082257319909,628789955.0,888.0,2,11.33,73.69,9.475393028024609,13,153,1.900000000000001,-1.582278481012658,-2.135831124686123,1.280644984369001,0.2117718005754891,-5.98404255319149,-5.48849502906615,-1.679396079561062,2.193693462843115,-0.915671877504426,12.56,-2.465,,0.0875714307211512,-1.119999999999999,-9.364317040741415,-25.98999999999999,452.1604830732487,3.125,3.125,12423,871,,,,,,,,,,,,,1.0,fire_in_council,official,"NSW RFS media release: Initial assessment of fire affected areas – Northern NSW (14 Aug 2019) | https://www.rfs.nsw.gov.au/news-and-media/media-releases/initial-assessment-of-fire-affected-areas-northern-nsw | Summary, per-fire list | ""Racing Track, Turners Flat fire (Kempsey) 1 house destroyed 1 outbuilding destroyed 1 outbuilding damaged""",,,,,,,,,,,,,5.0,fire_in_council,official,"NSW RFS media release: Initial assessment of fire affected areas – Northern NSW (14 Aug 2019) | https://www.rfs.nsw.gov.au/news-and-media/media-releases/initial-assessment-of-fire-affected-areas-northern-nsw | Summary, per-fire list | ""Gilmores Gully fire (Kempsey) 1 house destroyed 5 outbuildings destroyed 1 outbuilding damaged""",1.0,fire_in_council,official,"NSW RFS media release: Initial assessment of fire affected areas – Northern NSW (14 Aug 2019) | https://www.rfs.nsw.gov.au/news-and-media/media-releases/initial-assessment-of-fire-affected-areas-northern-nsw | Summary, per-fire list | ""Racing Track, Turners Flat fire (Kempsey) 1 house destroyed 1 outbuilding destroyed 1 outbuilding damaged""",,,,,,,,,,,,,,,,,0.0,season_zero,official,"2019/2020 NSW Bushfires Coronial Inquiry, Volume 1 (NSW State Coroner, 2023) | https://coroners.nsw.gov.au/documents/reports/bushfires/2019-20-NSW-Bushfires-Coronial-Inquiry-Vol1.pdf | Part 1 Introduction, para 25, p.15 | ""Twenty-five deaths were reported to the Coroner in connection with the 2019/2020 bushfire season.""",,,,,1.0,"one fire in the council (lower bound), see DL_homes_destroyed_sourced_source",0.08049585446349512,1066.1,,2015-16,0.3076,6110.0,0.045207956600361664,3.0000000000000027,1.342281879194629,-18.181818181818176,-2.2399999999999975,-0.8001333555592627,2.614379084967311,-9.433962264150942,18.26923076923077,247.0,207.0,3.0,,,,,,,,,,156.00291343259948,1922.3080848479701,15484.024991550734,75830.58530916364,71.89765297396835,851.298463964743,6915.137717265825,2016,,0.0,,2019Q3,0.20034903364022918,0.28615518620663516,0.1883896906189847,0.3070766856147588,0.2439945551150858,0.28699537155660715,7.311242436478516,76.74468397742504,52.34133599011581,9.572243020865912,67.17244095655913,0.20011995494484883,0.2861018947202563,0.1857408110801706,0.2979544285785883,0.2653976439078866,0.28699595912157555,4.142766642605111,71.61378291479859,54.51421658630562,9.572319693612075,62.04146322118652,,,,,98.40615384615384,101.66,,,,,,182694,183161,183892,177102,0.6557412941859075,0.15748634298120567,False,0.4777777777777778,0.403030303030303,0.8778801843317973,0.7462311557788944,0.24611398963730569,0.3442211055276382,0.04225352112676056,0.4777777777777778,0.6404552436810501,0.4455220836479461,0.04225352112676056,4,0.4015021565583836,1,1,1,Light,0.3428854506455554,from composite Y
880,14550,Kyogle,3,"Findon Creek Rd, Findon Creek; Lynches Creek Rd, Lynchs Creek; Yabbra Rd, Yabbra",2019-08-07,2019-08-27,653.1984923388513,0.0018224474324086,397.8345230024522,20.0,23.11400399391045,-1.060643299481526,26.2,14,27.9,57.00000000000001,0.01430882995622132,16.17973390428358,Eucalypt Open Forests,73.52823286146015,0.0,,,2.569065323089399,188231425.0,910.0,2,9.73,56.77,1.43895509722171,8,-38,-0.4999999999999995,-1.149425287356322,-1.702977931029787,-0.1635926222935044,-1.232465806087017,-8.688097306689835,-8.192549782564495,-1.06356726456476,1.577864647846813,0.98236930442507,2.079999999999999,-1.855000000000001,,-1.370039173982795,0.7099999999999991,-1.011593198944193,-135.61,955.3386140529234,1.785714285714286,1.785714285714286,4134,,,,,,,,,,,,,,,,,,,,,,,,,,,,,,,,,,,,,,,,,,,,,,,,,,,,,,0.0,season_zero,official,"2019/2020 NSW Bushfires Coronial Inquiry, Volume 1 (NSW State Coroner, 2023) | https://coroners.nsw.gov.au/documents/reports/bushfires/2019-20-NSW-Bushfires-Coronial-Inquiry-Vol1.pdf | Part 1 Introduction, para 25, p.15 | ""Twenty-five deaths were reported to the Coroner in connection with the 2019/2020 bushfire season.""",,,,,,,,349.5,,2015-16,0.2928,8844.0,0.02564102564102564,-6.896551724137934,-17.307692307692314,25.0,-1.3136288998357948,0.06504065040651152,35.88516746411483,-161.9047619047619,29.47368421052632,124.0,99.0,,,,,,,,,,,6.937360920009125,51.10669226146907,486.0169306555072,75830.58530916364,3.647960351913894,28.125923193738515,286.27465454772846,2016,,0.0,,2019Q3,0.14643968438337465,0.22358096610316683,0.13915804752723102,0.16187711109529926,0.16427118914252936,0.21525402058362705,-27.597991046963987,16.392394699599166,54.683127859713075,9.572243020865912,6.820151678733254,0.14638407652594315,0.22358096610316683,0.13803135313291412,0.15743807530921705,0.16453347638978402,0.21526227036484005,-29.583417563116488,13.222584614248412,55.951720735185575,9.572319693612075,3.650264920636337,,,,,97.92846153846153,99.9,,,,,,182694,183161,183892,177102,0.6557412941859075,0.15748634298120567,False,,0.6393939393939394,0.8225806451612904,0.550251256281407,0.3238341968911917,0.03768844221105527,0.018779342723004695,,0.7309872922776148,0.30392463179455137,0.018779342723004695,3,0.351230422265057,1,1,1,Light,0.27587190942306244,from composite Y
880,15240,Mid-Coast,4,"Kerriki Forest; TERREEL RD, TERREEL; Big Island. Forster; UFO Surfboards",2019-07-25,2019-09-23,2970.56481577269,0.002954650095324601,1834.875020119008,48.0,35.7574619140637,-1.442248610496776,29.1,11,33.5,595.9999999999995,0.04626547115396659,17.3857065865886,Eucalypt Tall Open Forests,87.02450361909821,12.89701607677059,,,9.339693329627824,2169905692.0,928.0,2,11.9,73.1,14.0,18,336,1.5,0.4239212717638153,-0.1296313719096499,1.819642164737163,0.7507689809436509,-0.7135250266240681,-0.2179775024987281,-1.943697580126308,2.45799496340836,-0.2463720076642594,-2.52,-2.625,,-0.6443513652957815,0.3900000000000005,-2.858889916729995,12.09,80.68575894116833,6.060606060606061,6.060606060606061,44645,871,,,,,,,,,,,,,,,,,,,,,,,,,,,,,,,,,,,,,,,,,,,,,,,,,,,,,0.0,season_zero,official,"2019/2020 NSW Bushfires Coronial Inquiry, Volume 1 (NSW State Coroner, 2023) | https://coroners.nsw.gov.au/documents/reports/bushfires/2019-20-NSW-Bushfires-Coronial-Inquiry-Vol1.pdf | Part 1 Introduction, para 25, p.15 | ""Twenty-five deaths were reported to the Coroner in connection with the 2019/2020 bushfire season.""",,,,,,,,3485.0,,2015-16,0.3043,4317.0,0.054806964420893264,0.0,-1.342281879194629,7.8947368421052655,0.7112375533428139,0.07410620684669134,3.2190476190476103,-13.309090909090903,5.007153075822601,734.0,666.0,16.0,,,,,,,,,,1.7173896509799003,3510.306457041263,20939.681002860045,75830.58530916364,0.9260363827743958,1868.1724260326096,12196.30763502132,2016,,0.0,,2019Q3,0.19706397743624296,0.2848929086522511,0.18182121325439016,0.24518596243322863,0.20911945269852597,0.277898215029651,-13.937498973514273,45.01401579382931,52.84146995589418,9.572243020865912,35.4417727729634,0.19706447123207105,0.2848844526558507,0.18078440622106032,0.19922887359550126,0.21011971257690565,0.277899930353984,-30.06677909651464,17.832341672308495,53.71897176472864,9.572319693612075,8.26002197869642,,,,,97.81683874527111,101.57884958506885,,,,,,182694,183161,183892,177102,0.6557412941859075,0.15748634298120567,False,,0.5303030303030303,0.3986175115207373,0.6457286432160804,0.20984455958549222,0.7311557788944724,0.3051643192488263,,0.4644602709118838,0.5289096605653483,0.3051643192488263,3,0.43284475024201946,1,1,1,Light,0.3846659506295594,from composite Y
880,15700,Nambucca Valley,1,"Hackenburgs Rd, Collombatti",2019-08-16,2019-08-27,1.763937774962792,1.182784682453549e-05,1.763937774962792,12.0,26.65451800386798,-0.967830424812347,26.9,15,26.9,1.0,,6.696808282300346,Eucalypt Tall Open Forests,83.925,0.0,,,13.38390877323937,417480879.0,907.0,1,10.72,68.7,15.83152385724626,9,96,1.9,0.1386001386001386,-0.4149525050733266,0.4658568227385305,-0.6030163610549817,,,2.093453180945847,-1.579155797663795,-1.021420758998129,-6.159999999999998,3.414999999999999,,-0.7157136158632191,1.85,0.3219911955342356,-57.48,305.0769582333645,4.477611940298507,4.477611940298507,8765,,,,,,,,,,,,,,,,,,,,,,,,,,,,,,,,,,,,,,,,,,,,,,,,,,,,,,0.0,season_zero,official,"2019/2020 NSW Bushfires Coronial Inquiry, Volume 1 (NSW State Coroner, 2023) | https://coroners.nsw.gov.au/documents/reports/bushfires/2019-20-NSW-Bushfires-Coronial-Inquiry-Vol1.pdf | Part 1 Introduction, para 25, p.15 | ""Twenty-five deaths were reported to the Coroner in connection with the 2019/2020 bushfire season.""",,,,,,,,708.2,,2015-16,0.2974,920.0,0.042966042966042964,-3.2258064516129004,-8.080808080808078,100.0,2.2332506203474045,1.633333333333331,7.802690582959637,-8.053691275167797,2.8368794326241176,146.0,129.0,,,,,,,,,,,0.0,0.737422557813932,92.67900272952738,75830.58530916364,0.0,0.3606957920523843,44.993034849042814,2016,,0.0,,2019Q3,0.20541707887871583,0.2956408668672399,0.1847947576590511,0.2584343059482824,0.2532558527059959,0.2784751069679349,-12.585053383592415,37.952616975012845,50.69426778963362,9.572243020865912,28.380373954146933,0.20541707887871583,0.2943070468734916,0.18479991100605941,0.24601744964989927,0.25267771999457045,0.2743554957773589,-16.40789703698453,31.324480610998485,48.46083760741804,9.572319693612075,21.752160917386412,,,,,98.40615384615384,101.66,,,,,,182694,183161,183892,177102,0.6557412941859075,0.15748634298120567,False,,0.5666666666666667,0.47235023041474655,0.16331658291457288,0.6606217616580311,0.17336683417085427,,,0.5195084485407067,0.33243505958115277,,2,0.4259717540609297,1,1,1,Light,0.3755040663345781,from composite Y
880,16380,Port Macquarie-Hastings,5,"Lindfield Park Road; Kindee Rd, Kindee; Ballengara Road; LORNE STATE FOREST Boundary Road; Grey Gum Ridge Rd, Middle Brother",2019-07-17,2020-02-11,2252.42211184289,0.006116737212332708,912.9400902259332,210.0,44.12674997077141,-1.190708491051239,30.0,8,33.6,610.500282267002,0.1048876978686904,9.75221342249883,"Cleared, non-native vegetation, buildings",51.15741053913279,5.496289946045962,,,22.4799563001381,2365926861.0,976.0,1,28.42,65.42,8.233497349592337,12,257,1.1,1.412293371850425,0.8587407281769601,2.281693680110567,1.212820496317055,0.3140855279052911,0.8096330520306312,1.893863160644109,-1.379565777362057,-0.9359112884454808,2.430000000000001,0.6249999999999996,,0.3941119043299701,-0.4500000000000028,-1.920818894207481,44.90000000000001,-401.1922631822455,1.298701298701299,1.298701298701299,34422,871,,,,,,,,,,,,,,,,,,,,,,,,,,,,,,,,,,,,,,,,,,,,,,,,,,,,,0.0,season_zero,official,"2019/2020 NSW Bushfires Coronial Inquiry, Volume 1 (NSW State Coroner, 2023) | https://coroners.nsw.gov.au/documents/reports/bushfires/2019-20-NSW-Bushfires-Coronial-Inquiry-Vol1.pdf | Part 1 Introduction, para 25, p.15 | ""Twenty-five deaths were reported to the Coroner in connection with the 2019/2020 bushfire season.""",,,,,,,,3014.3,,2015-16,0.3622,6110.0,0.05520783180869844,-0.5813953488372103,-1.4634146341463428,14.634146341463406,0.789889415481837,-1.4982067454638592,5.820433436532513,-3.3623188405797144,1.0218978102189746,695.0,701.0,18.0,,,,,,,,,,127.0901289947407,2588.5561457965064,31920.316499819895,75830.58530916364,59.156165672762945,1317.078050466086,15561.170567086145,2016,,0.0,,2019Q3,0.2780440333404178,0.35979226754683147,0.2513727247296258,0.37833897002276523,0.2937103355689227,0.3540059350607725,5.154836317742628,59.940300992707684,40.82909569506319,9.572243020865912,50.36805797184177,0.27512999729036497,0.35977364713070364,0.24458586252202705,0.36868686588728417,0.2923988475007801,0.3534013589721792,2.4774518166257975,55.86089844655617,44.48969181133779,9.572319693612075,46.2885787529441,,,,,97.62076923076923,101.69461538461539,,,,,,182694,183161,183892,177102,0.6557412941859075,0.15748634298120567,False,,0.35454545454545455,0.20046082949308755,0.4547738693467337,0.6502590673575129,0.871859296482412,0.4460093896713615,,0.27750314201927107,0.6589640777288862,0.4460093896713615,3,0.460825536473173,1,1,1,Light,0.42196507304690717,from composite Y
880,16610,Richmond Valley,3,"Clearfield Rd, Rappville; Brewers Rd, Kippenduff; Barretts Creek Rd, Barretts Creek",2019-08-08,2019-08-27,7248.645973075039,0.02378652594054071,6306.040929508559,19.0,28.87740629530225,-0.6264589444994939,27.6,12,30.4,1203.432589603364,0.4516441542219648,2.581318084888623,Eucalypt Open Forests,50.79068319704563,8.209702009518166,2.0,2.000000000000002,7.693835362817858,537672194.0,902.0,2,9.08,60.52,6.771760154738877,11,-72,-0.3999999999999999,0.8495145631067961,0.2959619194333308,2.332951415128836,1.264078231335324,-2.942932696408769,-2.447385172283429,-2.272223199054384,2.786520582336436,-0.2766704154906554,4.170000000000001,0.9250000000000004,,1.628540157018327,-1.24,-1.827471078038523,-46.13999999999999,-152.620464688297,3.125,3.125,9390,,,,,,,,,,,,,,2.0,fire_in_council,official,"NSW RFS media release: Initial assessment of fire affected areas – Northern NSW (14 Aug 2019) | https://www.rfs.nsw.gov.au/news-and-media/media-releases/initial-assessment-of-fire-affected-areas-northern-nsw | Summary, per-fire list | ""Clearfield Road, Rappville fire (Richmond Valley) 2 houses destroyed 2 outbuildings destroyed 11 houses untouched""",1.0,fire_in_council,official,"NSW RFS media release: Initial assessment of fire affected areas – Northern NSW (14 Aug 2019) | https://www.rfs.nsw.gov.au/news-and-media/media-releases/initial-assessment-of-fire-affected-areas-northern-nsw | Summary, per-fire list | ""Brewers Road, Kippenduff fire (Richmond Valley) 1 house damaged 1 outbuilding destroyed 5 houses untouched""",,,,,,,,,2.0,fire_in_council,official,"NSW RFS media release: Initial assessment of fire affected areas – Northern NSW (14 Aug 2019) | https://www.rfs.nsw.gov.au/news-and-media/media-releases/initial-assessment-of-fire-affected-areas-northern-nsw | Summary, per-fire list | ""Clearfield Road, Rappville fire (Richmond Valley) 2 houses destroyed 2 outbuildings destroyed 11 houses untouched""",,,,,,,,,,,,,,,,,,,,,0.0,season_zero,official,"2019/2020 NSW Bushfires Coronial Inquiry, Volume 1 (NSW State Coroner, 2023) | https://coroners.nsw.gov.au/documents/reports/bushfires/2019-20-NSW-Bushfires-Coronial-Inquiry-Vol1.pdf | Part 1 Introduction, para 25, p.15 | ""Twenty-five deaths were reported to the Coroner in connection with the 2019/2020 bushfire season.""",,,,,2.0,"one fire in the council (lower bound), see DL_homes_destroyed_sourced_source",0.2129925452609158,881.5,,2015-16,0.3524,8844.0,0.03519417475728155,-10.344827586206895,-1.0204081632653073,100.0,-0.16366612111292644,-0.8009453781512632,3.2653061224489743,-5.36585365853659,-1.7751479289940808,162.0,169.0,3.0,,,,,,,,,,22.617314651192604,48.40470547706589,141.01305016168786,75830.58530916364,10.946513018065666,24.900219222801503,72.51044399407809,2016,,0.0,,2019Q3,0.18985770235256286,0.26013983694514886,0.1607391685994832,0.2950798629337531,0.19911402282953272,0.2351856636431997,13.431247746945974,85.6487166378963,46.31509276324319,9.572243020865912,76.07647361703039,0.18130306604078708,0.26013983694514886,0.1593156373670298,0.3203882034088891,0.21004319440101726,0.2352235895976907,23.15999239918174,101.57207954971383,47.64626591913568,9.572319693612075,91.99975985610176,,,,,97.80704542711666,100.04234370260194,,,,,,182694,183161,183892,177102,0.6557412941859075,0.15748634298120567,False,0.6,0.19090909090909092,0.29723502304147464,0.4899497487437186,0.14248704663212436,0.2185929648241206,0.07511737089201878,0.6,0.24407205697528278,0.2836765867333212,0.07511737089201878,4,0.3007165036501557,1,1,1,Light,0.20853553014364878,from composite Y
NSW1718-05,12700,Dungog,4,Chichester Dam; Upper Chichester; Main Creek Rd; Little Losy (Carters Rd),2017-09-25,2017-11-15,1277.288934475954,0.005676843997952933,859.1868579189978,20.0,36.99378824206329,-1.798393729633932,32.5,15,33.5,61.152093429431,0.02030817368015279,20.0421931964213,Eucalypt Tall Open Forests,86.80239089730664,0.0,,,4.04489194502947,257587278.0,989.0,2,8.305900000000001,40.49,1.82328190743338,8,5,0.2000000000000001,2.613746369796709,0.1305596134594093,-0.6270197270052573,1.571900302566787,-0.1098780353807273,1.992244817020956,5.977268625943537,-6.474886418210541,-0.2745317275154981,3.630000000000001,8.977599999999999,,0.7648502455016999,1.530199999999997,-11.13055516561985,51.655,-305.9997149001689,3.03,-0.1,3783,,,,,,,,,,,,,,,,,,,,,,,,,,,,,,,,,,,,,,,,,,,,,,,,,,,,,,0.0,statewide_zero,official,"NSW RFS Annual Report 2017/18 | https://www.rfs.nsw.gov.au/__data/assets/pdf_file/0003/92262/NSW-RFS-Annual-Report-2017-18-web.pdf | p.28, Summary review of operations - Fire season overview 2017/18 | ""Human lives lost 0""",,,,,,,,550.5,,2015-16,0.3826,24997.0,0.0377541142303969,-12.82051282051282,14.583333333333325,-25.0,3.015075376884413,6.158631415241067,-6.349206349206349,-40.56603773584906,26.027397260273965,92.0,108.0,,,,,,,,,,,2.2136019835271457,24.258688675765995,346.41851626543865,38005.31344571914,1.9062873787290728,16.80832499402118,199.08067036715028,2016,,0.0,,2017Q3,0.21574835675692974,0.26940147589170077,0.2167946342867565,0.1554575454374734,0.2247581493388299,0.16520268301144092,-42.295213891119424,-16.294993047727168,-23.79761447742953,-2.233699640950715,-14.061293406776453,0.21574835675692974,0.26940147589170077,0.21487802580332596,0.1554575454374734,0.2247581493388299,0.16520268301144092,-42.295213891119424,-15.453547434922111,-23.1179259052538,-2.233699640950715,-13.219847793971397,,,,,,,,,,,,174603,176184,178504,182873,2.2342113251204054,2.8595448548042413,True,,0.28484848484848485,0.34101382488479265,0.08040201005025126,0.927461139896373,0.8894472361809045,0.596244131455399,,0.31293115486663875,0.6324367953758429,0.596244131455399,3,0.5138706938992935,2,2,2,Moderate,0.49267566009543945,from composite Y
NSW1718-05,15240,Mid-Coast,17,"Aerodrome Lakes Way; Belbora Creek Rd, Belbora; Old Inn Rd; Christmas Box Creek; Fords Rd, Limeburners Creek; Masons Bend; Sharpes Ck Gloucester Tops; Innes View Rd",2017-09-05,2018-02-25,6632.994513355302,0.006597458425116145,2560.620693647996,33.0,46.80368101018869,-1.798393729633932,40.8,11,36.2,724.7251932124033,0.3362728906467729,9.71874573503173,"Cleared, non-native vegetation, buildings",58.44042658730159,11.07749823646669,,,9.130917863185983,1934651360.0,928.0,1,,,,15,-64,-0.3999999999999994,1.86018601860186,-0.6230007377354392,-4.48019801980198,-2.281277990229936,-2.352915545582292,-0.2507926931806086,,,,,,,-1.087334541557174,,,,,4.84,1.71,44645,772,,,,,,,,,,,,,,,,,,,,,,,,,,,,,,,,,,,,,,,,,,,,,,,,,,,,,0.0,statewide_zero,official,"NSW RFS Annual Report 2017/18 | https://www.rfs.nsw.gov.au/__data/assets/pdf_file/0003/92262/NSW-RFS-Annual-Report-2017-18-web.pdf | p.28, Summary review of operations - Fire season overview 2017/18 | ""Human lives lost 0""",,,,,,,,3485.0,,2015-16,0.3043,4317.0,0.052205220522052204,2.298850574712641,2.7272727272727337,-12.987012987012992,0.5702066999287325,4.2022548684660155,10.232088799192729,-2.3163467902051593,8.636363636363642,717.0,725.0,21.0,,,,,,,,,,97.80747372204598,1510.4562220923028,25618.885352259313,38005.31344571914,47.18461144891824,718.1502152426982,14849.578065523618,2016,,0.0,,2017Q3,0.24478575732575591,0.2982527137115248,0.24371388085196366,0.19323317678102767,0.24451923549857693,0.19706397743624296,-35.2115947659319,-17.088355591443605,-19.141258287235896,-2.233699640950715,-14.85465595049289,0.24478575732575591,0.2984265051087223,0.24167252471110315,0.19321670247272252,0.2438168013755364,0.19706447123207105,-35.254845275110505,-15.029218303226799,-18.45805746116852,-2.233699640950715,-12.795518662276084,,,,,,,,,,,,174603,176184,178504,182873,2.2342113251204054,2.8595448548042413,True,,0.5909090909090909,0.5460829493087558,,,,0.2934272300469484,,0.5684960201089233,,0.2934272300469484,2,0.43096162507793584,1,1,1,Light,0.3821556953621738,from composite Y
NSW1718-05,16380,Port Macquarie-Hastings,5,"Innes View Rd; Skink Trail Fire; Roseneath Rd, Bobs Creek; Skink trail 2; Corama Pl, Bonny Hills",2017-09-24,2017-11-05,2699.676167527693,0.007331312185376412,2056.802351553582,14.0,36.35136349277469,-1.401244316824402,35.1,12,25.5,238.2748067875963,0.1727114362287082,16.77652746400658,Eucalypt Tall Open Forests,80.27770677378126,10.05207163869731,,,21.74483620223434,2075889540.0,976.0,2,25.3053,56.28,8.94221096166027,11,-72,-0.4000000000000003,0.8534850640113799,-1.62970169232592,-3.384414081175612,-1.185494051603568,-2.522698038040288,-0.4205751856386048,-1.546708317164821,1.049090524897817,-0.1731511431529568,0.9300000000000006,2.308199999999999,,-0.671729859385005,0.4807999999999968,-2.398905734336727,-6.234999999999999,-376.4288632096589,8.33,5.199999999999999,34422,,,,,,,,,,,,,,6.0,fire_in_council,official,"Bush Fire Bulletin Vol. 39 No. 1 (2017), NSW RFS | https://www.rfs.nsw.gov.au/__data/assets/pdf_file/0010/79138/Bush-Fire-Bulletin-Vol39-No1.pdf | PDF p.9 (printed p.7), Incidents | ""Six homes were destroyed and two were damaged by the Innes View Road fire at Port Macquarie on Sunday 24 September.""",2.0,fire_in_council,official,"Bush Fire Bulletin Vol. 39 No. 1 (2017), NSW RFS | https://www.rfs.nsw.gov.au/__data/assets/pdf_file/0010/79138/Bush-Fire-Bulletin-Vol39-No1.pdf | PDF p.9 (printed p.7), Incidents | ""Six homes were destroyed and two were damaged by the Innes View Road fire at Port Macquarie on Sunday 24 September.""",,,,,,,,,,,,,,,,,,,,,,,,,,,,,,,,,0.0,statewide_zero,official,"NSW RFS Annual Report 2017/18 | https://www.rfs.nsw.gov.au/__data/assets/pdf_file/0003/92262/NSW-RFS-Annual-Report-2017-18-web.pdf | p.28, Summary review of operations - Fire season overview 2017/18 | ""Human lives lost 0""",,,,,6.0,"one fire in the council (lower bound), see DL_homes_destroyed_sourced_source",0.1743071291615827,3014.3,,2015-16,0.3622,6110.0,0.05215742057847321,-0.303030303030305,-5.607476635514019,0.0,2.358490566037741,3.346575860764278,3.946530872056009,0.0,10.65182829888711,696.0,708.0,36.0,,,,,,,,,,23.08031405086662,410.30324022812744,11895.112609002299,38005.31344571914,10.790802592389069,194.9398687296236,5508.609664688823,2016,,0.0,,2017Q3,0.29864484876882924,0.37176696881655585,0.3141521604546026,0.2951840249167311,0.3101276569346973,0.2780440333404178,-20.599717114086513,3.9611106292077203,-11.493833772122898,-2.233699640950715,6.194810270158435,0.29864484876882924,0.37176696881655585,0.31057382697115393,0.2828301409768468,0.31004686996510594,0.27512999729036497,-23.92273528840426,-0.14951687100396294,-11.41236852649563,-2.233699640950715,2.084182769946752,,,,,,,,,,,,174603,176184,178504,182873,2.2342113251204054,2.8595448548042413,True,0.5777777777777777,0.5454545454545454,0.8064516129032258,0.2562814070351759,0.40414507772020725,0.5628140703517588,0.2652582159624413,0.5777777777777777,0.6759530791788856,0.4077468517023806,0.2652582159624413,4,0.4816839811553713,1,1,1,Light,0.449769927249702,from composite Y
NSW1718-05,17620,Upper Hunter Shire,6,Little Losy (Carters Rd); Cameron Gorge; Meehans Trail Fire; Meehans Ridge; Scrub Creek; Moonan Brook,2017-10-29,2018-02-20,293.6965921467176,0.0003627635464164584,2845.694503908507,50.0,30.89945874307878,-1.320536755062541,33.6,13,33.5,7.015692574668019,0.1039491052818234,18.16335161090726,Eucalypt Open Forests,80.66589434661724,0.0,,,1.771719675657218,453151395.0,976.0,2,10.1461,66.61,4.15408031846388,8,37,0.6999999999999997,3.658536585365854,1.175349829028554,-2.52624243216168,-0.3273224025896355,1.115448968209704,1.87552828083363,-3.277427132245101,2.779809339978097,-0.4473737366169708,-8.179999999999998,-4.0426,,0.7390109484196081,-0.1600000000000019,-8.712743122724737,-26.34499999999999,369.9085368451985,15.38,13.34,6029,NSW1718-15,,,,,,,,,,,,,,,,,,,,,,,,,,,,,,,,,,,,,,,,,,,,,,,,,,,,,0.0,statewide_zero,official,"NSW RFS Annual Report 2017/18 | https://www.rfs.nsw.gov.au/__data/assets/pdf_file/0003/92262/NSW-RFS-Annual-Report-2017-18-web.pdf | p.28, Summary review of operations - Fire season overview 2017/18 | ""Human lives lost 0""",,,,,,,,817.5,,2015-16,0.3631,24997.0,0.04573170731707317,-17.333333333333336,-2.777777777777779,-10.526315789473683,3.753351206434319,19.87698916333105,14.92007104795736,-39.26940639269406,5.8064516129032295,164.0,199.0,7.0,,,,,,,,,,1.5165853690354538,7.5814669301220246,89.47565524344262,38005.31344571914,0.6832874872387897,3.3930540730906866,40.054285562556174,2016,,0.0,,2017Q4,0.17124172014397596,0.19651050579718543,0.14283585116002906,0.20933444260586112,0.24749093364038566,0.12458854126641665,6.525827592093747,69.98086401447861,-12.775020938663829,23.722289052362,46.25857496211661,0.17124172014397596,0.19651021322681794,0.14189843246564354,0.2054064083989667,0.24749093364038566,0.12458854126641665,4.527090488615215,66.8510832477339,-12.1987895838229,23.72598242039605,43.125100827337846,,,,,,,,,,,,176184,178504,180003,181575,2.1676202152295376,3.2680570420294375,True,,0.29393939393939394,0.1497695852534562,0.7914572864321608,0.15284974093264247,0.3341708542713568,0.5821596244131455,,0.22185448959642506,0.42615929387872004,0.5821596244131455,3,0.4100578026294302,1,1,1,Light,0.35429035140592674,from composite Y
NSW1718-06,14350,Kempsey,6,"Big Hill Trail, Crescent Head; South West Rocks Rd, South; Belmore St, Crescent Head; Armidale Rd, Bellbrook; Mason Street, Hat Head; Korogoro Trk",2017-12-05,2018-04-15,2877.169348863452,0.008523253185095975,10045.82639870594,23.0,24.4104372042078,-0.2771421737083668,38.8,26,27.2,267.1970925395877,0.6250824057437704,2.002025461853589,Heathlands,65.22713118823052,1.988865072073648,,,8.718564466483457,557371830.0,888.0,1,9.2752,72.59,10.5940794809408,11,8,-0.1,1.788990825688074,-0.6941959306492258,-5.032480881506455,-2.833560851934411,-2.106622269036051,-1.346542956412124,2.140355849579588,-2.637973641846592,-1.269827380791421,-2.5,1.2483,,-0.505087226463182,1.400899999999998,10.241571044086,-1.724999999999998,26.74991889313912,3.45,1.41,12423,,,,,,,,,,,,,,,,,,,,,,,,,,,,,,,,,,,,,,,,,,,,,,,,,,,,,,0.0,statewide_zero,official,"NSW RFS Annual Report 2017/18 | https://www.rfs.nsw.gov.au/__data/assets/pdf_file/0003/92262/NSW-RFS-Annual-Report-2017-18-web.pdf | p.28, Summary review of operations - Fire season overview 2017/18 | ""Human lives lost 0""",,,,,,,,1066.1,,2015-16,0.3076,6110.0,0.047706422018348627,-4.807692307692313,1.298701298701288,11.764705882352944,0.660066006600668,3.1149053991693654,9.052031361368496,-11.704834605597947,-2.714932126696834,215.0,233.0,7.0,,,,,,,,,,26.44430340405891,593.3878561711275,7180.461189288681,30547.480598390208,10.461897242531128,353.1492821038355,4457.648894703111,2016,,0.0,,2017Q4,0.2479711410392839,0.30743679138630214,0.20912006533976768,0.2555961522665468,0.3004405126633172,0.1737402668665161,-16.862210565623638,37.93698930909517,-16.918414029647643,23.722289052362,14.214700256733167,0.22519548213240756,0.25878944553830213,0.20529534819982218,0.25558752523949757,0.3004405126633172,0.17361917179257932,-1.2372685030273667,38.02163275284822,-15.429563643308253,23.72598242039605,14.295650332452169,,,,,,,,,,,,176184,178504,180003,181575,2.1676202152295376,3.2680570420294375,True,,0.5060606060606061,0.5645161290322581,0.26884422110552764,0.7124352331606217,0.6055276381909548,0.18309859154929578,,0.5352883675464322,0.5289356974857014,0.18309859154929578,3,0.41577421886047644,1,1,1,Light,0.361910484272419,from composite Y
NSW1718-06,16380,Port Macquarie-Hastings,4,"Big Hill Trail, Crescent Head; Molly Milligan Rd, Marlo Merrican; Shoreline Drive; Roseneath Road",2017-12-05,2018-02-23,7291.82110577352,0.01980186274537473,10045.82639870594,23.0,30.93394784578329,-0.8112072469480333,39.5,20,27.2,668.8029074604127,0.6257746439749885,2.05442964490977,Heathlands,65.22713118823052,8.214740873549633,,,21.74483620223434,2075889540.0,976.0,1,25.3053,56.28,8.94221096166027,11,-58,4.440892098500626e-16,0.8534850640113799,-1.62970169232592,-3.384414081175612,-1.185494051603568,-0.7368276447741436,0.0232516678497822,-1.546708317164821,1.049090524897817,-0.1731511431529568,0.9300000000000006,2.308199999999999,,-0.671729859385005,0.4807999999999968,-2.398905734336727,-6.234999999999999,-376.4288632096589,1.32,-0.72,34422,,,,,,,,,,,,,,,,,,,,,,,,,,,,,,,,,,,,,,,,,,,,,,,,,,,,,,0.0,statewide_zero,official,"NSW RFS Annual Report 2017/18 | https://www.rfs.nsw.gov.au/__data/assets/pdf_file/0003/92262/NSW-RFS-Annual-Report-2017-18-web.pdf | p.28, Summary review of operations - Fire season overview 2017/18 | ""Human lives lost 0""",,,,,,,,3014.3,,2015-16,0.3622,6110.0,0.05215742057847321,-0.303030303030305,-5.607476635514019,0.0,2.358490566037741,3.346575860764278,3.946530872056009,0.0,10.65182829888711,696.0,708.0,36.0,,,,,,,,,,46.43117599982239,772.7221883486368,23367.019409101526,30547.480598390208,23.79825411365196,361.24618134256986,12567.329645013173,2016,,0.0,,2017Q4,0.28393696751619696,0.3141521604546026,0.2951840249167311,0.3101276569346973,0.35977253942139303,0.23655011755918554,-1.2810682295106735,31.472070256096686,-19.863509678101888,23.722289052362,7.749781203734685,0.2832536529757806,0.31057382697115393,0.2828301409768468,0.31004686996510594,0.35977253942139303,0.23654865945335535,-0.16967205871373237,31.437822326560582,-16.363702031064697,23.72598242039605,7.711839906164531,,,,,,,,,,,,176184,178504,180003,181575,2.1676202152295376,3.2680570420294375,True,,0.5454545454545454,0.8064516129032258,0.2562814070351759,0.40414507772020725,0.5628140703517588,0.3333333333333333,,0.6759530791788856,0.4077468517023806,0.3333333333333333,3,0.4723444214048665,1,1,1,Light,0.4373200489803646,from composite Y
NSW1718-08,17310,Tamworth Regional,2,Bald Rock; Watsons Creek,2017-12-17,2018-01-13,2896.675545981441,0.002930567411567811,2894.878895378916,28.0,18.17776775221138,-0.4244483390001939,33.6,25,29.7,268.0000000000003,0.1960594788150514,9.014647959415978,Callitris Forests and Woodlands,35.14297902914365,2.473266194687302,,,6.170359903769094,1723234578.0,962.0,2,19.3598,68.7,7.462151310376834,0,-309,-0.6000000000000001,1.345794392523364,-1.137392363813935,-2.468973380695523,-0.2700533511234786,1.049352352844729,1.809431665468654,0.8815736243916383,-1.379191416658642,-0.1667179731553254,0.5800000000000001,-5.1563,,0.1551479380973877,-2.553700000000001,-6.012974011295674,-23.785,24.03033906480903,0.0,-2.04,24329,NSW1718-09,,,,,,,,,,,,,,,,,,,,,,,,,,,,,,,,,,,,,,,,,,,,,,,,,,,,,0.0,statewide_zero,official,"NSW RFS Annual Report 2017/18 | https://www.rfs.nsw.gov.au/__data/assets/pdf_file/0003/92262/NSW-RFS-Annual-Report-2017-18-web.pdf | p.28, Summary review of operations - Fire season overview 2017/18 | ""Human lives lost 0""",,,,,,,,3404.2,,2015-16,0.3307,5395.0,0.041308411214953274,-4.524886877828049,-4.778156996587035,-16.666666666666664,2.062643239113826,6.528343352078081,6.072452436799591,-17.100694444444443,8.720930232558132,561.0,593.0,19.0,,,,,,,,,,0.0,1.2210240951759315,37.40291550250885,48.750355297938135,0.0,0.6998364026020528,20.218486737693635,2016,,0.0,,2017Q4,0.21959266789366952,0.23778245412044505,0.21552244943398338,0.24541338447250868,0.29492603879513596,0.1711945597553793,3.2092066592088964,47.98355302280844,-20.56764378607442,23.722289052362,24.261263970446436,0.21959266789366952,0.2375919004842633,0.21446978785025167,0.23682289419933703,0.29492603879513596,0.17087705924508398,-0.32366687726259613,42.80364861914276,-20.325813272872384,23.72598242039605,19.077666198746712,,,,,,,,,,,,176184,178504,180003,181575,2.1676202152295376,3.2680570420294375,True,,0.37272727272727274,0.6981566820276498,0.9020100502512562,0.6398963730569949,0.3693467336683417,0.5774647887323944,,0.5354419773774612,0.6370843856588643,0.5774647887323944,3,0.5833303839229066,2,2,2,Moderate,0.5852672499049217,from composite Y
NSW1718-09,13660,Gwydir,2,"Bobbiwaa Creek Fire; Bonnay, Tamworth",2018-01-18,2018-03-01,2953.805414541267,0.003189973714938218,12548.35744763731,19.0,47.63170768672566,-1.23368598935514,35.3,8,23.8,486.487374744787,0.2528812773393251,15.84119752898556,Eucalypt Woodlands,47.68445604261878,2.129569468274365,,,0.5663278318465104,118263691.0,941.0,2,5.1212,52.0,6.449035912705617,5,-3,-0.1999999999999993,2.465753424657534,-0.017433331679765,-5.958653218927192,-3.759733189355148,4.576659038901602,6.092831545640147,-9.841386961953903,9.3437691696869,-0.2830162053302816,-14.96,-3.9577,,-10.7690343504348,-0.3951000000000011,-9.35308473060527,-70.925,238.3843959644827,13.64,11.9,2347,NSW1718-19,,,,,,,,,,,,,,,,,,,,,,,,,,,,,,,,,,,,,,,,,,,,,,,,,,,,,0.0,statewide_zero,official,"NSW RFS Annual Report 2017/18 | https://www.rfs.nsw.gov.au/__data/assets/pdf_file/0003/92262/NSW-RFS-Annual-Report-2017-18-web.pdf | p.28, Summary review of operations - Fire season overview 2017/18 | ""Human lives lost 0""",,,,,,,,264.8,,2015-16,0.226,4042.0,0.024657534246575342,-11.111111111111116,-27.27272727272727,0.0,2.997858672376874,17.703656189865292,44.62809917355373,-45.22968197879859,-17.391304347826086,57.0,69.0,,,,,,,,,,,4.794145587448019,11.848412345924674,49.23792598463409,233.4371891163182,1.9682401677278942,4.799319291583784,20.47015032301307,2016,,0.0,,2018Q1,0.11256922486734611,0.1614517595713939,0.18187734528369456,0.23182485204366887,0.13698867572575066,0.08264971025249694,43.58769000665863,-0.4774234102689734,-54.55744632539095,-0.7547483336443894,0.27732492337541603,0.11256944797026196,0.1614517595713939,0.17439508928711292,0.23182485204366887,0.13698867572575066,0.08264985384032321,43.58769000665863,-0.4774234102689734,-52.60769430023699,-0.7547483336443894,0.27732492337541603,,,,,,,,,,,,178504,180003,180438,182665,1.0834491103840715,4.080464422420871,True,,0.9545454545454546,0.3663594470046083,0.8015075376884422,0.012953367875647668,0.13819095477386933,0.9366197183098591,,0.6604524507750315,0.31755062011265306,0.9366197183098591,3,0.6382075963991812,3,3,3,Severe,0.6584200144186082,from composite Y
NSW1718-09,17310,Tamworth Regional,4,"Bonnay, Tamworth; Bald Rock; Scrub Creek; Den Mountain",2017-12-17,2018-02-20,17002.29468882255,0.01720122600753827,12548.35744763731,50.0,30.89945874307878,-1.240179812290453,33.6,13,31.4,2389.803282445359,0.3509603951446627,8.978178873445303,Callitris Forests and Woodlands,25.47711422592157,27.30810416474894,,,6.248058483964121,1723234578.0,962.0,2,19.3598,68.7,7.462151310376834,2,-1,-0.2000000000000001,1.345794392523364,-1.137392363813935,-2.468973380695523,-0.2700533511234786,0.0485767026134266,1.564749209351971,0.8815736243916383,-1.379191416658642,-0.1667179731553254,0.5800000000000001,-5.1563,,0.1551479380973877,-2.553700000000001,-6.012974011295674,-23.785,24.03033906480903,-1.59,-3.33,24329,NSW1718-08,,,,,,,,,,,,,,,,,,,,,,,,,,,,,,,,,,,,,,,,,,,,,,,,,,,,,0.0,statewide_zero,official,"NSW RFS Annual Report 2017/18 | https://www.rfs.nsw.gov.au/__data/assets/pdf_file/0003/92262/NSW-RFS-Annual-Report-2017-18-web.pdf | p.28, Summary review of operations - Fire season overview 2017/18 | ""Human lives lost 0""",,,,,,,,3404.2,,2015-16,0.3307,5395.0,0.041308411214953274,-4.524886877828049,-4.778156996587035,-16.666666666666664,2.062643239113826,6.528343352078081,6.072452436799591,-17.100694444444443,8.720930232558132,561.0,593.0,19.0,,,,,,,,,,18.615758784309403,28.809976491466866,99.27941003962692,233.4371891163182,12.650974290122003,18.725474841965212,59.16522120276849,2016,,0.0,,2017Q4,0.21959266789366952,0.23778245412044505,0.21552244943398338,0.24541338447250868,0.29492603879513596,0.1711945597553793,3.2092066592088964,47.98355302280844,-20.56764378607442,23.722289052362,24.261263970446436,0.21959266789366952,0.2375919004842633,0.21446978785025167,0.23682289419933703,0.29492603879513596,0.17087705924508398,-0.32366687726259613,42.80364861914276,-20.325813272872384,23.72598242039605,19.077666198746712,,,,,,,,,,,,176184,178504,180003,181575,2.1676202152295376,3.2680570420294375,True,,0.37272727272727274,0.6981566820276498,0.9020100502512562,0.6398963730569949,0.3693467336683417,0.539906103286385,,0.5354419773774612,0.6370843856588643,0.539906103286385,3,0.5708108221075702,2,2,2,Moderate,0.5685783454222497,from composite Y
NSW1718-09,17650,Uralla,1,"Bonnay, Tamworth",2018-01-18,2018-02-04,1263.835585407967,0.003917008451233,12548.35744763731,18.0,29.39276233430459,-0.9506939397496318,33.4,13,22.4,169.0034828194881,0.440352329513035,6.466936424815453,Callitris Forests and Woodlands,25.47711422592157,0.0,,,1.90731059381484,159200797.0,983.0,2,10.5394,57.46,1.886246321578465,1,-5,-0.2999999999999989,0.6106870229007634,-1.872499733436536,-3.813653272893005,-1.614733243320961,-0.4874878128046799,1.028684693933865,6.256774549188059,-6.754392341455063,-0.1492234979064797,-6.719999999999999,0.1540999999999996,,-0.0544072872335483,-0.633300000000002,5.394886139351422,37.02500000000001,80.93823771224959,1.01,-0.7299999999999998,2582,,,,,,,,,,,,,,,,,,,,,,,,,,,,,,,,,,,,,,,,,,,,,,,,,,,,,,0.0,statewide_zero,official,"NSW RFS Annual Report 2017/18 | https://www.rfs.nsw.gov.au/__data/assets/pdf_file/0003/92262/NSW-RFS-Annual-Report-2017-18-web.pdf | p.28, Summary review of operations - Fire season overview 2017/18 | ""Human lives lost 0""",,,,,,,,322.9,,2015-16,0.3477,2509.0,0.030534351145038167,-9.999999999999998,9.090909090909083,0.0,0.6329113924050667,13.125141434713727,15.450643776824036,16.35220125786163,3.2786885245901676,63.0,69.0,4.0,,,,,,,,,,1.2513849635217762,3.8089284394252867,31.849896901757212,233.4371891163182,0.7039040570868108,2.04230529683186,15.952466573007033,2016,,0.0,,2018Q1,0.12313408901791745,0.16648860685919775,0.1965416619807477,0.2397095314034552,0.14551547785832084,0.10135673112382955,43.97954065780707,-3.497961605849109,-48.42990025506248,-0.7547483336443894,-2.74321327220472,0.12313408901791745,0.16648860685919775,0.19375526797863948,0.2397095314034552,0.14551547785832084,0.10135673112382955,43.97954065780707,-3.497961605849109,-47.68827078549235,-0.7547483336443894,-2.74321327220472,,,,,,,,,,,,178504,180003,180438,182665,1.0834491103840715,4.080464422420871,True,,0.42424242424242425,0.847926267281106,0.5125628140703518,0.9326424870466321,0.8542713567839196,0.4647887323943662,,0.6360843457617651,0.7664922193003011,0.4647887323943662,3,0.6224550991521441,2,2,2,Moderate,0.6374215221552996,from composite Y
NSW1718-10,16400,Port Stephens,4,"Masonite Road; Taylor Rd, Fern Bay; Connection Trk, Shoal Bay; Anna Bay Boreline, Nelson Bay",2018-01-08,2018-05-12,2525.934051440653,0.02942484861056746,2513.715201436864,22.0,44.16206465456519,-1.25863204196694,41.4,19,40.9,68.00000000000014,0.5910795188251836,1.721255958544783,"Cleared, non-native vegetation, buildings",47.45947649788178,2.593007448998348,,,83.67429266979461,2001265550.0,980.0,0,5.754099999999999,76.57,3.195485416837136,8,552,1.3,3.159252095422308,0.6760653390850089,-1.822839237929694,0.3760807916423503,-1.461805120494508,0.0543673862440365,-1.274484742322016,0.7768669500550125,2.238089389568074,1.820000000000001,-1.340599999999999,,0.5488898401582727,-0.5780000000000003,-10.15389501944049,12.375,21.67216983804422,3.95,2.21,31090,,,,,,,,,,,,,,0.0,fire_in_council,official,"NSW Legislative Assembly Hansard, 7 February 2018 - Port Stephens Electorate Bushfire (Ms Kate Washington, Port Stephens) | https://api.parliament.nsw.gov.au/api/hansard/search/daily/fragment/HANSARD-1323879322-100235 | Legislative Assembly 7 Feb 2018, members' statement 'Port Stephens Electorate Bushfire' | ""Fortunately, no lives or properties were lost""",,,,,,,,,,,,,,,,,,,,,0.0,fire_in_council,official,"NSW Legislative Assembly Hansard, 7 February 2018 - Port Stephens Electorate Bushfire (Ms Kate Washington, Port Stephens) | https://api.parliament.nsw.gov.au/api/hansard/search/daily/fragment/HANSARD-1323879322-100235 | Legislative Assembly 7 Feb 2018, members' statement 'Port Stephens Electorate Bushfire' | ""Fortunately, no lives or properties were lost""",,,,,,,,,,,,,0.0,statewide_zero,official,"NSW RFS Annual Report 2017/18 | https://www.rfs.nsw.gov.au/__data/assets/pdf_file/0003/92262/NSW-RFS-Annual-Report-2017-18-web.pdf | p.28, Summary review of operations - Fire season overview 2017/18 | ""Human lives lost 0""",,,,,0.0,"one fire in the council (lower bound), see DL_homes_destroyed_sourced_source",0.0,4326.3,,2015-16,0.3452,24997.0,0.049000644745325596,-2.631578947368418,-2.166064981949456,17.999999999999993,-0.7220216606498187,4.00418628990058,4.714959279897135,1.5539305301645268,-2.1621621621621623,543.0,607.0,18.0,,,,,,,,,,129.14611828063713,5931.749105457874,38443.22459070004,41730.89440625881,35.22713003564835,3129.3661013829314,18899.57354796003,2016,,0.0,,2018Q1,0.9158370245192028,1.0840919635533042,1.0568389231570243,1.1839640018515327,1.2096744699844062,1.108811079809754,9.21250610242328,4.993506409921911,4.917698952407679,-0.7547483336443894,5.7482547435663,0.9158988664694053,1.0840919635533042,1.052203627114635,1.1839139524233813,1.1536742478334057,1.1078143556929103,9.207889388174495,4.989068044441858,5.285167922369882,-0.7547483336443894,5.7438163780862475,,,,,,,,,,,,178504,180003,180438,182665,1.0834491103840715,4.080464422420871,True,0.21666666666666667,0.3151515151515151,0.23963133640552994,0.6080402010050251,0.45077720207253885,0.7386934673366834,0.3380281690140845,0.21666666666666667,0.27739142577852255,0.5991702901380824,0.3380281690140845,4,0.357814137899339,1,1,1,Light,0.28464817515682084,from composite Y
NSW1718-11,11720,Cessnock,6,"Knights Arm; Powerline Rd, Kitchener; Pademelon Rd, Laguna; Boree Rd, Laguna; Mad Arm; Moores Trig",2018-01-26,2018-02-13,68.61299417468774,0.0003491472379601926,60.81851469815455,17.0,52.26352282175151,-1.120371113037897,36.8,11,25.2,0.999999999999999,,11.45913098039788,Eucalypt Open Forests,76.60620756547041,0.0,,,29.47394646327145,1504926683.0,925.0,1,6.3072,63.37,2.138875742756481,9,648,1.700000000000001,5.687544996400288,3.204358240062988,-2.421084234002402,-0.2221642044303577,-1.329396937207576,0.1867755695309687,-3.276110587126084,2.77849279485908,0.156000902731392,1.61,-0.1036999999999999,,3.209332043237824,-0.3111000000000015,-3.323654851132185,-58.565,-113.443306031381,6.25,4.51,21415,,,,,,,,,,,,,,,,,,,,,,,,,,,,,,,,,,,,,,,,,,,,,,,,,,,,,,0.0,statewide_zero,official,"NSW RFS Annual Report 2017/18 | https://www.rfs.nsw.gov.au/__data/assets/pdf_file/0003/92262/NSW-RFS-Annual-Report-2017-18-web.pdf | p.28, Summary review of operations - Fire season overview 2017/18 | ""Human lives lost 0""",,,,,,,,3660.9,,2015-16,0.3678,24997.0,0.06695464362850972,0.5376344086021501,-0.9433962264150941,-2.127659574468088,0.7220216606498298,4.568462372811322,5.109296813273634,-11.111111111111105,1.7857142857142794,342.0,414.0,19.0,,,,,,,,,,0.044039707608882116,19.443272318597074,7545.599688122087,7675.430053542275,0.0020533958716282253,8.058435453756683,3079.069373146472,2016,,0.0,,2018Q1,0.3707788876218893,0.4552432883201099,0.5159620029851282,0.5724606740071188,0.4821427047337768,0.43340358596756295,25.748295185098048,6.131420450892078,-16.000871486644108,-0.7547483336443894,6.886168784536467,0.36647638805887733,0.4557314836831777,0.5162156125540246,0.5724606740071188,0.4796057856739003,0.43346058740014737,25.6135892522823,6.131420450892078,-16.031096917902012,-0.7547483336443894,6.886168784536467,,,,,,,,,,,,178504,180003,180438,182665,1.0834491103840715,4.080464422420871,True,,0.09393939393939393,0.020737327188940093,0.5050251256281407,0.16321243523316062,0.16331658291457288,0.3474178403755869,,0.05733836056416701,0.2771847145919581,0.3474178403755869,3,0.22731363851057065,1,1,1,Light,0.11068758441376268,from composite Y
NSW1718-11,15650,Muswellbrook,1,Martindale Creek 2,2018-01-08,2018-01-21,36.0301568332311,0.0001058190404578,36.0301568332311,14.0,34.04552730700673,-1.266880988108282,35.9,14,29.6,0.0,,21.89438731155084,Eucalypt Open Forests,83.24960254372019,0.0,,,4.851560145615529,540208879.0,930.0,2,10.2844,70.28,6.959463942148212,5,139,1.2,-1.438159156279962,-3.921345912617261,-1.223473575693918,0.9754464538781265,-10.29117985350203,-8.775007346763484,3.343121962931882,-3.840739755198886,9.11864802868585,4.580000000000002,-2.700899999999999,,1.091529186018592,-2.938300000000001,-0.919520903210218,2.995000000000001,333.3194865790229,32.0,30.26,6831,,,,,,,,,,,,,,,,,,,,,,,,,,,,,,,,,,,,,,,,,,,,,,,,,,,,,,0.0,statewide_zero,official,"NSW RFS Annual Report 2017/18 | https://www.rfs.nsw.gov.au/__data/assets/pdf_file/0003/92262/NSW-RFS-Annual-Report-2017-18-web.pdf | p.28, Summary review of operations - Fire season overview 2017/18 | ""Human lives lost 0""",,,,,,,,941.1,,2015-16,0.3222,24997.0,0.045062320230105465,-4.255319148936165,1.8867924528301883,-40.0,-4.402515723270439,6.070612141224285,22.46575342465753,-21.42857142857144,39.99999999999999,126.0,124.0,4.0,,,,,,,,,,0.0,0.0,7.069529449691326,7675.430053542275,0.0,0.0,2.139428274655109,2016,,0.0,,2018Q1,0.33044952570089214,0.3727162986124126,0.4475568556686797,0.48043375047499737,0.41623841188679633,0.35281733561993606,28.900655072935265,1.8123143425610388,-21.16815301760857,-0.7547483336443894,2.5670626762054285,0.3304236685734883,0.37251955490859257,0.44763800317033464,0.48043375047499737,0.41623841188679633,0.35270064585426275,28.9687330891621,1.8123143425610388,-21.208511485551075,-0.7547483336443894,2.5670626762054285,,,,,,,,,,,,178504,180003,180438,182665,1.0834491103840715,4.080464422420871,True,,0.23939393939393938,0.9654377880184332,0.8417085427135679,0.810880829015544,0.6557788944723618,0.011737089201877934,,0.6024158637061863,0.7694560887338245,0.011737089201877934,3,0.4612030138806296,1,1,1,Light,0.4224682603381503,from composite Y
NSW1718-11,17000,Singleton,11,695; South Wollemi Creek; Gospers North; North Wollemi Creek; Ovens Creek | Ovens Creek East; Hunter Main South; Wirraba Creek; Wambo Creek South,2018-01-22,2018-03-07,20139.11350685884,0.04116141262633229,19125.50192578438,41.0,40.49095708562885,-1.266880988108282,35.2,9,27.1,2246.845148866558,0.2816339664846468,18.44132106921451,Eucalypt Open Forests,80.33632000859733,5.05512832541927,,,4.865599415032564,891182047.0,994.0,2,21.1612,63.99,4.089402405530826,9,142,0.8000000000000007,2.664655605832076,0.1814688494947769,-0.1800352409407798,2.018884788631264,-1.176174073762917,0.3399984329756276,0.0796530551720664,-0.5772708474390704,-1.122729378050468,12.01,-2.137699999999999,,0.881917816114294,-6.425099999999999,-0.9587093650667508,-31.395,-433.0696905165197,6.05999999999999,4.31999999999999,8706,,,,,,,,,,,,,,,,,,,,,,,,,,,,,,,,,,,,,,,,,,,,,,,,,,,,,,0.0,statewide_zero,official,"NSW RFS Annual Report 2017/18 | https://www.rfs.nsw.gov.au/__data/assets/pdf_file/0003/92262/NSW-RFS-Annual-Report-2017-18-web.pdf | p.28, Summary review of operations - Fire season overview 2017/18 | ""Human lives lost 0""",,,,,,,,1415.8,,2015-16,0.4113,24997.0,0.043237807943690296,-3.488372093023251,-9.999999999999998,23.076923076923084,1.1173184357541999,5.493608920315474,2.3562023562023526,-101.78571428571428,-8.780487804878046,187.0,244.0,5.0,,,,,,,,,,3.5165689109421687,7.788247901444426,122.76083588315429,7675.430053542275,2.260651442748537,5.006730793785702,58.58084032349709,2016,,0.0,,2018Q1,0.42951948622368746,0.5102063033167203,0.6438626863828906,0.6191402182509149,0.5422650327684982,0.4393112147259009,21.350954354354922,8.65706431270512,-31.769424752057695,-0.7547483336443894,9.41181264634951,0.4128739020880281,0.5101266849398723,0.6143451131889025,0.6191402182509149,0.5419472882960917,0.43927191296591545,21.369894288884694,8.65706431270512,-28.497532814126004,-0.7547483336443894,9.41181264634951,,,,,,,,,,,,178504,180003,180438,182665,1.0834491103840715,4.080464422420871,True,,0.2696969696969697,0.315668202764977,0.9271356783919598,0.5880829015544041,0.27386934673366836,0.36619718309859156,,0.2926825862309733,0.5963626422266773,0.36619718309859156,3,0.41841413718541404,1,1,1,Light,0.3654295646856783,from composite Y
NSW1718-12,15750,Narrabri,4,Dipper Road; Bobbiwaa Creek Fire; Doyles Peak; Doyles Peak No2,2018-01-17,2018-03-01,41507.98589662193,0.031892436410954,59708.05107142965,19.0,58.80477135245278,-1.23368598935514,38.5,6,25.1,6565.548831884014,0.7545734688873857,2.518502774008021,Eucalypt Open Woodlands,42.32554538094493,73.02199090494008,,,1.02189830487586,399868385.0,954.0,2,19.4766,58.82,2.899763000139412,7,-17,-0.4000000000000003,0.5096262740656852,-1.973560482271614,-2.955304254173398,-0.7563842246013537,0.5263157894736842,2.042488296212229,-1.635181018878154,1.13756322661115,-0.2232507998176873,-11.33,-4.083100000000002,,-1.245706505137315,-2.650500000000003,-17.74496906127238,-74.295,-116.050832951434,10.71,8.97,5362,NSW1718-19,,,,,,,,,,,,,,,,,,,,,,,,,,,,,,,,,,,,,,,,,,,,,,,,,,,,,0.0,statewide_zero,official,"NSW RFS Annual Report 2017/18 | https://www.rfs.nsw.gov.au/__data/assets/pdf_file/0003/92262/NSW-RFS-Annual-Report-2017-18-web.pdf | p.28, Summary review of operations - Fire season overview 2017/18 | ""Human lives lost 0""",,,,,,,,685.3,,2015-16,0.3386,4042.0,0.02944507361268403,1.9230769230769162,-5.555555555555558,0.0,-0.12870012870013214,14.336954293912685,33.33333333333333,-34.76297968397291,3.076923076923066,134.0,139.0,3.0,,,,,,,,,,0.2123530455983011,5.483457457546422,40.64129984746221,99.74269132733933,0.12028585756967239,2.6013711779685784,19.26050034171474,2016,,0.0,,2018Q1,0.15462497324788385,0.21141880500396362,0.2835246487759726,0.2816423377116795,0.19297931932544418,0.12702579765320013,33.21536733991064,-5.140657899275814,-55.19761749054498,-0.7547483336443894,-4.385909565631424,0.1546321243530239,0.21142516028506692,0.2430195402105599,0.2816423377116795,0.19297931932544418,0.12703279221697716,33.21136298628697,-5.140657899275814,-47.7273341448544,-0.7547483336443894,-4.385909565631424,,,,,,,,,,,,178504,180003,180438,182665,1.0834491103840715,4.080464422420871,True,,0.6272727272727273,0.8548387096774194,0.8618090452261307,0.3860103626943005,0.11809045226130653,0.607981220657277,,0.7410557184750733,0.4553032867272459,0.607981220657277,3,0.6014467419531987,2,2,2,Moderate,0.6094168306331438,from composite Y
NSW1718-12,18020,Warrumbungle Shire,3,Dipper Road; Badhams; Cooper Creek,2018-01-17,2018-02-22,20209.67010963446,0.01633484811789274,59708.05107142965,17.0,58.80477135245278,-0.9164048378881644,38.5,5,28.1,3157.526928562153,0.7757220605181051,1.951103036217641,Eucalypt Open Woodlands,42.32554538094493,43.56594565368999,,,0.7669663727800894,207555722.0,913.0,2,6.5,46.46,2.694013563935888,4,-12,-0.0999999999999996,3.115577889447236,0.632391133109937,-9.263418790178918,-7.064498760606874,-3.056170302455475,-1.53999779571693,-0.5142268438420103,0.0166090515750063,0.0495558074018811,-12.7,-0.3365,,-7.339421404350456,-1.093900000000001,-1.287934044210703,17.595,-266.9304384714848,-3.53,-5.27,4280,,,,,,,,,,,,,,,,,,,,,,,,,,,,,,,,,,,,,,,,,,,,,,,,,,,,,,0.0,statewide_zero,official,"NSW RFS Annual Report 2017/18 | https://www.rfs.nsw.gov.au/__data/assets/pdf_file/0003/92262/NSW-RFS-Annual-Report-2017-18-web.pdf | p.28, Summary review of operations - Fire season overview 2017/18 | ""Human lives lost 0""",,,,,,,,499.1,,2015-16,0.2514,678.0,0.05125628140703518,-7.843137254901967,16.981132075471695,-42.85714285714286,4.844961240310086,31.793372319688107,28.57142857142858,-33.06451612903226,-1.8867924528301883,104.0,129.0,,,,,,,,,,,0.0,1.0174736669957494,29.33160696475699,99.74269132733933,0.0,0.5311612414737443,14.767017819924302,2016,,0.0,,2018Q1,0.10946608298491405,0.1475651378602907,0.19739942230516827,0.22979776020476342,0.14045170015026837,0.09273933092433112,55.7263209568696,-3.0860524420351143,-53.01945170793794,-0.7547483336443894,-2.331304108390725,0.10914199301784545,0.1475651378602907,0.18264730220526793,0.22979776020476342,0.14045170015026837,0.09273462591747972,55.7263209568696,-3.0860524420351143,-49.227486638012294,-0.7547483336443894,-2.331304108390725,,,,,,,,,,,,178504,180003,180438,182665,1.0834491103840715,4.080464422420871,True,,0.8727272727272727,0.24423963133640553,0.5678391959798995,0.48704663212435234,0.7688442211055276,0.1643192488262911,,0.5584834520318391,0.6079100164032599,0.1643192488262911,3,0.44357090575379665,1,1,1,Light,0.39896419744064593,from composite Y
NSW1718-13,17640,Upper Lachlan Shire,2,"Long Gully Rd; Tarlo River Rd, Greenwich Park",2018-01-19,2018-03-26,2489.476811460262,0.003492828118775905,2476.086322360296,19.0,32.94089656605308,-0.9572708469456296,33.8,13,35.9,545.1895933905041,0.8377765961552945,14.8831064242104,Eucalypt Open Forests,54.40213451469996,0.4555459613555621,,,1.122850524491014,238790280.0,998.0,1,19.2902,52.13,1.404939950147292,3,14,0.0,4.481327800829876,1.998141044492576,1.431792297143388,3.630712326715432,-0.2499062851430713,1.266266221595473,-3.121213339261548,2.623595546994544,-0.0573965975461361,-9.239999999999998,-4.776699999999998,,-3.129774116616847,-1.1641,3.536455053247794,-49.49499999999999,-809.6402579333006,12.27999999999999,10.53999999999999,4037,,,,,,,,,,,,,,,,,,,,,,,,,,,,,,,,,,,,,,,,,,,,,,,,,,,,,,0.0,statewide_zero,official,"NSW RFS Annual Report 2017/18 | https://www.rfs.nsw.gov.au/__data/assets/pdf_file/0003/92262/NSW-RFS-Annual-Report-2017-18-web.pdf | p.28, Summary review of operations - Fire season overview 2017/18 | ""Human lives lost 0""",,,,,,,,309.8,,2015-16,0.3142,2727.0,0.024896265560165973,13.33333333333333,16.216216216216207,0.0,3.0026109660574507,25.872193436960277,25.093632958801493,4.558404558404572,-21.29629629629629,85.0,111.0,,,,,,,,,,,12.005715053456523,28.17817378236351,159.8172264478577,327.96570020198203,9.47138567984882,21.30173848545844,117.85420107547117,2016,,0.0,,2018Q1,0.12405040872991675,0.15845149456430052,0.20646923518428398,0.24975424570201651,0.15247534204197535,0.10027537818015575,57.621893304808694,-3.3754084389131744,-51.43325925014687,-0.7547483336443894,-2.620660105268785,0.12405040872991675,0.1584509596361028,0.20448687780474387,0.24975424570201651,0.15247534204197535,0.10027537818015575,57.6224254340902,-3.3754084389131744,-50.962438638285334,-0.7547483336443894,-2.620660105268785,,,,,,,,,,,,178504,180003,180438,182665,1.0834491103840715,4.080464422420871,True,,0.7757575757575758,0.06912442396313365,0.8492462311557789,0.18652849740932642,0.20100502512562815,0.49295774647887325,,0.4224409998603547,0.41225991789691113,0.49295774647887325,3,0.442552888078713,1,1,1,Light,0.3976071531613222,from composite Y
NSW1718-14,17150,Sutherland Shire,2,"Sir Bertram Stevens Drive; Mount Bass Firetrail, Sutherland",2018-01-21,2018-02-20,2272.079134112535,0.06811184865404443,2270.560439524211,31.0,57.65509767468601,-1.187772033997623,35.6,13,33.5,150.8838991080569,0.7077588320517106,6.674642397522359,Heathlands,73.46498506471954,8.039676076377699,,,681.7782568890397,10092252603.0,1080.0,1,6.103,76.39,0.7668132131918544,5,-72,-0.1999999999999997,2.935078099801871,0.4518913434645712,0.1396848137535816,2.338604843325626,-0.7958562709956558,0.7203162357428887,3.465439965504437,-3.963057757771441,-0.0562300312109711,-0.6699999999999999,1.830500000000001,,0.5390524936883025,1.263099999999999,10.39678328499685,-10.175,-118.7594345368878,3.7,1.96,81640,,,,,,,,,,,,,,0.0,fire_in_council,news,"Royal National Park bushfire regeneration sees welcome green shoots at world's second oldest reserve (ABC News) | https://www.abc.net.au/news/2018-05-23/royal-national-park-recovering-from-bushfire/9786674 | Article body | ""Luckily there was no loss of life or property in the January bushfire""",,,,,,,,,,,,,,,,,,,,,,,,,,,,,,,,,,,,,0.0,statewide_zero,official,"NSW RFS Annual Report 2017/18 | https://www.rfs.nsw.gov.au/__data/assets/pdf_file/0003/92262/NSW-RFS-Annual-Report-2017-18-web.pdf | p.28, Summary review of operations - Fire season overview 2017/18 | ""Human lives lost 0""",,,,,0.0,"one fire in the council (lower bound), see DL_homes_destroyed_sourced_source",0.0,8501.8,,2015-16,0.553,,0.03441920471824172,-0.9370816599732268,1.1666666666666714,8.247422680412363,-15.686274509803921,0.9559281318354262,1.0974627466774134,3.7221337579617986,3.7236243276789427,2507.0,3243.0,43.0,,,,,,,,,,5.1346021115725335,8.98219831518267,5762.46783145345,7882.919505016507,3.178563211925854,5.691050747618613,1955.485067534653,2016,,0.0,,2018Q1,2.7151463558001576,2.993906334795934,3.9212541943992605,3.544685111538895,3.4638584349301134,2.9335533091829817,18.396660254252815,8.66201105561235,-25.188392189086205,-0.7547483336443894,9.41675938925674,2.7156920661849657,2.993906334795934,3.641491777734919,3.5043901194486367,3.4633300787385704,2.9335533091829817,17.05076002945487,7.426771608885718,-19.440891584060893,-0.7547483336443894,8.181519942530107,,,,,,,,,,,,178504,180003,180438,182665,1.0834491103840715,4.080464422420871,True,0.21666666666666667,0.3242424242424242,0.27880184331797236,0.24371859296482412,0.8316062176165803,0.4949748743718593,0.43661971830985913,0.21666666666666667,0.3015221337801983,0.5234332283177546,0.43661971830985913,4,0.3695604367686197,1,1,1,Light,0.30030629983768664,from composite Y
NSW1718-15,17620,Upper Hunter Shire,8,"Woolooma Range, Stewarts Brook; Middle Ridge Fire; Heaven Ridge Fire; Meehans Trail Fire; East Bluff Fire; Coggan north; Poggy Gully; Scrub Creek",2018-01-02,2018-03-02,2474.508602579118,0.003056424692395523,2845.694503908507,50.0,36.5535631096714,-1.418871831775386,38.3,8,27.4,443.1677860040998,0.09465353727077931,20.62350222156057,Eucalypt Tall Open Forests,60.24018099547511,0.0,,,1.768508248470444,453151395.0,976.0,2,10.1461,66.61,4.15408031846388,8,84,0.8000000000000003,3.658536585365854,1.175349829028554,-2.52624243216168,-0.3273224025896355,-0.2793686269031988,1.236803879835346,-3.277427132245101,2.779809339978097,-0.4473737366169708,-8.179999999999998,-4.0426,,0.7390109484196081,-0.1600000000000019,-8.712743122724737,-26.34499999999999,369.9085368451985,2.75,1.01,6029,NSW1718-05,,,,,,,,,,,,,,,,,,,,,,,,,,,,,,,,,,,,,,,,,,,,,,,,,,,,,0.0,statewide_zero,official,"NSW RFS Annual Report 2017/18 | https://www.rfs.nsw.gov.au/__data/assets/pdf_file/0003/92262/NSW-RFS-Annual-Report-2017-18-web.pdf | p.28, Summary review of operations - Fire season overview 2017/18 | ""Human lives lost 0""",,,,,,,,817.5,,2015-16,0.3631,24997.0,0.04573170731707317,-17.333333333333336,-2.777777777777779,-10.526315789473683,3.753351206434319,19.87698916333105,14.92007104795736,-39.26940639269406,5.8064516129032295,164.0,199.0,7.0,,,,,,,,,,1.0047778861925305,9.721560282811412,121.93028749336978,156.67202131677547,0.7299416171560419,5.929548971677321,69.30858915616865,2016,,0.0,,2018Q1,0.12315176994748683,0.14283585116002906,0.20933444260586112,0.24749093364038566,0.15784124649140052,0.1139680933690842,73.26947795697605,-1.5082628737989157,-45.556931792793655,-0.7547483336443894,-0.7535145401545262,0.12310762651387008,0.14189843246564354,0.2054064083989667,0.24749093364038566,0.15784124649140052,0.11397151972903503,74.41414210146976,-1.5082628737989157,-44.514136332268215,-0.7547483336443894,-0.7535145401545262,,,,,,,,,,,,178504,180003,180438,182665,1.0834491103840715,4.080464422420871,True,,0.29393939393939394,0.1497695852534562,0.7914572864321608,0.15284974093264247,0.3341708542713568,0.4835680751173709,,0.22185448959642506,0.42615929387872004,0.4835680751173709,3,0.37719395286417196,1,1,1,Light,0.31048197713891235,from composite Y
NSW1718-16,15270,Mid-Western Regional,9,"Puzzle 1 | Puzzle 2 | Puzzle 3; Barigan Rd, Barigan; Avisford; Razorback Creek; Ruggers Gully; Murrumbline Creek; Mt Durrambong; Murrumbo North",2018-01-23,2018-02-13,796.677909262622,0.0009102540479721512,382.8276761189263,22.0,33.5017832026788,-1.116659077779999,37.1,13,26.7,37.00000000000001,0.4268674772323475,15.28493967914915,Eucalypt Woodlands,70.09405473419314,0.0,,,2.843723007325571,694757847.0,960.0,2,16.7349,55.2,4.10784267434723,5,46,0.4000000000000003,1.555023923444976,-0.9281628328923232,0.5543779553236589,2.753297984895703,-1.56695729036924,-0.0507847836306949,-1.530757152131223,1.033139359864219,-0.2834884308047947,3.23,-1.351399999999998,,4.35320577074255,-1.488800000000001,-5.931094179589282,57.76500000000001,-208.1980794188709,3.13,1.390000000000001,10426,,,,,,,,,,,,,,,,,,,,,,,,,,,,,,,,,,,,,,,,,,,,,,,,,,,,,,0.0,statewide_zero,official,"NSW RFS Annual Report 2017/18 | https://www.rfs.nsw.gov.au/__data/assets/pdf_file/0003/92262/NSW-RFS-Annual-Report-2017-18-web.pdf | p.28, Summary review of operations - Fire season overview 2017/18 | ""Human lives lost 0""",,,,,,,,1461.0,,2015-16,0.3288,2795.0,0.05263157894736842,-14.393939393939393,1.9607843137254832,33.33333333333333,4.8387096774193505,5.493387589013232,1.0752688172043001,-2.3323615160349753,-5.415162454873645,262.0,294.0,11.0,,,,,,,,,,0.39884213426560333,4.265241192517534,434.1302027281304,573.6220575651633,0.3125030105462076,2.8651576052318752,206.6439615439416,2016,,0.0,,2018Q1,0.16824866577870537,0.2085462247428523,0.249104707063543,0.29159804466756906,0.19909837162319344,0.16097303993459436,39.824178081921026,-2.2795073317407044,-35.379366439056305,-0.7547483336443894,-1.524758998096315,0.16850254010378007,0.2085462247428523,0.2488475311665933,0.29159804466756906,0.19909837162319344,0.1609730073930088,39.824178081921026,-2.2795073317407044,-35.31259617550961,-0.7547483336443894,-1.524758998096315,,,,,,,,,,,,178504,180003,180438,182665,1.0834491103840715,4.080464422420871,True,,0.06666666666666667,0.6175115207373272,0.7035175879396985,0.41450777202072536,0.8994974874371859,0.323943661971831,,0.3420890937019969,0.6725076157992033,0.323943661971831,3,0.4461801238243437,1,1,1,Light,0.4024423536090574,from composite Y
NSW1718-16,15650,Muswellbrook,15,"Gunyawarilda; Backpack Creek; Elyl Peak; Tindale Head; Ross Castle; Baerami Creek Rd, Baerami; James Range; Corner Hill East",2018-01-23,2018-02-06,502.6794727611102,0.00147634826325235,150.9600879769912,15.0,37.08967642244944,-1.266880988108282,37.8,14,30.2,8.0,0.07652231154803889,22.59352799327289,Eucalypt Open Forests,61.31117340808971,0.0,,,4.851560145615529,540208879.0,930.0,2,10.2844,70.28,6.959463942148212,6,139,1.2,-1.438159156279962,-3.921345912617261,-1.223473575693918,0.9754464538781265,-10.29117985350203,-8.775007346763484,3.343121962931882,-3.840739755198886,9.11864802868585,4.580000000000002,-2.700899999999999,,1.091529186018592,-2.938300000000001,-0.919520903210218,2.995000000000001,333.3194865790229,32.0,30.26,6831,,,,,,,,,,,,,,,,,,,,,,,,,,,,,,,,,,,,,,,,,,,,,,,,,,,,,,0.0,statewide_zero,official,"NSW RFS Annual Report 2017/18 | https://www.rfs.nsw.gov.au/__data/assets/pdf_file/0003/92262/NSW-RFS-Annual-Report-2017-18-web.pdf | p.28, Summary review of operations - Fire season overview 2017/18 | ""Human lives lost 0""",,,,,,,,941.1,,2015-16,0.3222,24997.0,0.045062320230105465,-4.255319148936165,1.8867924528301883,-40.0,-4.402515723270439,6.070612141224285,22.46575342465753,-21.42857142857144,39.99999999999999,126.0,124.0,4.0,,,,,,,,,,0.6351074871091392,12.060393860989317,139.36767461690346,573.6220575651633,0.20576785498956432,4.372201534401401,53.44202152328464,2016,,0.0,,2018Q1,0.33044952570089214,0.3727162986124126,0.4475568556686797,0.48043375047499737,0.41623841188679633,0.35281733561993606,28.900655072935265,1.8123143425610388,-21.16815301760857,-0.7547483336443894,2.5670626762054285,0.3304236685734883,0.37251955490859257,0.44763800317033464,0.48043375047499737,0.41623841188679633,0.35270064585426275,28.9687330891621,1.8123143425610388,-21.208511485551075,-0.7547483336443894,2.5670626762054285,,,,,,,,,,,,178504,180003,180438,182665,1.0834491103840715,4.080464422420871,True,,0.23939393939393938,0.9654377880184332,0.8417085427135679,0.810880829015544,0.6557788944723618,0.011737089201877934,,0.6024158637061863,0.7694560887338245,0.011737089201877934,3,0.4612030138806296,1,1,1,Light,0.4224682603381503,from composite Y
NSW1718-17,10470,Bathurst Regional,1,Belerada Creek,2018-02-09,2018-02-21,279.4004157458302,0.0007318238134062,1274.347196750155,13.0,33.28406211821632,-0.9299457874070034,33.5,13,26.1,44.50771700290685,0.8086267561491337,12.06561871649742,Tussock Grasslands,15.0988220217852,0.0,,,11.1536174214669,1238441585.0,986.0,1,10.022,62.4,5.547246770904147,5,97,0.5,1.538006506950606,-0.945180249386693,-2.8900419655593,-0.6911219359872556,-0.93934199093535,0.5768305158031947,-0.979462520184633,0.481844727917629,0.1683706415134738,-4.19,-1.9285,,0.538545023515347,0.0940999999999991,-0.8494426615984896,-6.214999999999993,-212.8469658473484,4.92,3.18,16443,,,,,,,,,,,,,,,,,,,,,,,,,,,,,,,,,,,,,,,,,,,,,,,,,,,,,,0.0,statewide_zero,official,"NSW RFS Annual Report 2017/18 | https://www.rfs.nsw.gov.au/__data/assets/pdf_file/0003/92262/NSW-RFS-Annual-Report-2017-18-web.pdf | p.28, Summary review of operations - Fire season overview 2017/18 | ""Human lives lost 0""",,,,,,,,2480.8,,2015-16,0.3751,3104.0,0.0437740313516711,-5.405405405405405,-1.538461538461533,2.3809523809523725,-1.244167962674958,4.677835051546397,8.344609833107807,-1.2278308321964415,2.147239263803691,333.0,373.0,9.0,,,,,,,,,,0.6714318034685122,2.639950910338586,13.59297888398634,1390.3442605604596,0.7673505164860172,3.017086594927234,15.39125777514817,2016,,0.0,,2018Q1,0.24655006401196689,0.2790959392952275,0.33466894911862594,0.3706625722953501,0.2781098190786581,0.22467301271938167,32.808299981485376,-1.0648123065205684,-32.86708751706014,-0.7547483336443894,-0.31006397287617893,0.24655006401196689,0.27910992315757405,0.3239612945193005,0.3706625722953501,0.2781098190786581,0.22467455319618157,32.80164606906118,-1.0648123065205684,-30.647717181906675,-0.7547483336443894,-0.31006397287617893,,,,,,,,,,,,178504,180003,180438,182665,1.0834491103840715,4.080464422420871,True,,0.3333333333333333,0.6405529953917051,0.5979899497487438,0.46113989637305697,0.5728643216080402,0.4225352112676056,,0.48694316436251917,0.543998055909947,0.4225352112676056,3,0.48449214384669065,1,1,1,Light,0.4535132818190147,from composite Y
NSW1718-17,11400,Cabonne,4,"Mt Canobolas SCA, S44 Fire; Belerada Creek; West Baldry; Lookout Rd, Mullion Creek",2018-02-09,2018-03-07,2775.997227397631,0.004609491995279675,1778.281930253667,14.0,38.20852534737062,-1.613518952966072,33.7,12,31.4,337.4922829970934,0.5594446152798594,13.16142205366029,"Regrowth, modified native vegetation",69.99142837068784,7.918300649168099,,,2.272036814335721,421942797.0,1010.0,1,18.3772,56.49,0.8568744701812266,4,8,0.1000000000000005,3.721204961606615,1.238018205269316,-3.517305050777995,-1.318385021205951,-3.215669078418475,-1.699496571679931,-7.322240453997495,6.824622661730491,0.0945653943021161,-12.8,0.5762999999999998,,-2.559052594354723,5.558899999999996,-16.43761188583964,-80.475,139.2370757854436,7.139999999999989,5.39999999999999,5384,,,,,,,,,,,,,,0.0,fire_in_council,official,"Bush Fire Bulletin Vol. 40 No. 1 (2018), NSW RFS - ""A long, drawn out season"" | https://www.rfs.nsw.gov.au/__data/assets/pdf_file/0018/92070/Bush-Fire-Bulletin-Vol40-No1.pdf | PDF p.9 (printed p.7), Incidents - Mt Canobolas | ""burnt out 1671 hectares of bushland, however no homes were lost.""",,,,,,,,,,,,,,,,,,,,,,,,,,,,,,,,,,,,,0.0,statewide_zero,official,"NSW RFS Annual Report 2017/18 | https://www.rfs.nsw.gov.au/__data/assets/pdf_file/0003/92262/NSW-RFS-Annual-Report-2017-18-web.pdf | p.28, Summary review of operations - Fire season overview 2017/18 | ""Human lives lost 0""",,,,,0.0,"one fire in the council (lower bound), see DL_homes_destroyed_sourced_source",0.0,782.3,,2015-16,0.3668,4339.0,0.028942705256940343,18.36734693877551,3.3898305084745672,36.36363636363635,1.338199513381988,15.075525718234761,5.827067669172936,-17.16417910447762,22.222222222222232,165.0,210.0,,,,,,,,,,,52.34450817903092,226.53023378704452,968.2757685506128,1390.3442605604596,22.03972918633791,91.55240854485378,384.333930575226,2016,,0.0,,2018Q1,0.13536349448212726,0.16434821532640642,0.22230324199461873,0.2515513013199387,0.16206376219834295,0.11141461131596037,53.059953112567214,-5.070582795911271,-49.88169748839859,-0.7547483336443894,-4.315834462266881,0.13536349448212726,0.16434821532640642,0.20974496373640186,0.2515513013199387,0.16206376219834295,0.111389013326609,53.059953112567214,-5.070582795911271,-46.893116601074745,-0.7547483336443894,-4.315834462266881,,,,,,,,,,,,178504,180003,180438,182665,1.0834491103840715,4.080464422420871,True,0.21666666666666667,0.7212121212121212,0.14285714285714285,0.12060301507537688,0.025906735751295335,0.08542713567839195,0.14553990610328638,0.21666666666666667,0.432034632034632,0.07731229550168806,0.14553990610328638,4,0.21788837507656827,1,1,1,Light,0.09812346088498242,from composite Y
NSW1718-18,14870,Lithgow,2,"Myrtle Creek; Wolgan Road, Wolgan Valley",2018-02-12,2018-05-03,281.5441318045336,0.0006239542383343873,252.6558377584282,26.0,31.66701663116194,-0.9931004402199552,29.0,12,36.3,9.000000000000004,0.0302851854967611,11.50564823754884,Eucalypt Woodlands,82.73226821592834,0.2191586238667673,,,4.746849364334618,546681191.0,923.0,2,9.0577,64.9,5.81400270910938,6,121,1.299999999999999,-0.8487654320987654,-3.331952188436065,-2.995989097436125,-0.7970690678640806,-4.808814603856389,-2.094701214230333,4.228915687473254,-4.726533479740258,0.2654634148464136,-1.539999999999999,-0.9342000000000006,,-0.7713843973642458,3.538399999999998,-8.277217455440484,25.755,-427.1635760208681,3.448275862068965,3.041771797028315,8913,,,,,,,,,,,,,,,,,,,,,,,,,,,,,,,,,,,,,,,,,,,,,,,,,,,,,,0.0,statewide_zero,official,"NSW RFS Annual Report 2017/18 | https://www.rfs.nsw.gov.au/__data/assets/pdf_file/0003/92262/NSW-RFS-Annual-Report-2017-18-web.pdf | p.28, Summary review of operations - Fire season overview 2017/18 | ""Human lives lost 0""",,,,,,,,1183.2,,2015-16,0.3092,1900.0,0.0625,0.0,-14.432989690721653,55.55555555555556,-1.6806722689075682,2.6321901370287115,27.845528455284562,-3.669724770642202,1.2658227848101333,160.0,143.0,6.0,,,,,,,,,,0.34538150857839245,5.397688187810489,34.26767515506637,34.26767515506637,0.0800884657573084,1.4325060455142462,11.141431324178138,2016,,0.0,,2018Q1,0.19494650182857098,0.2222636332753571,0.27385041740434174,0.3129369034080636,0.21743818222699474,0.18170014462495088,40.79536935328218,-4.646007384541284,-33.64985660888383,-0.7547483336443894,-3.8912590508968945,0.19494971453110355,0.2222636332753571,0.2705318973321738,0.312573415572527,0.2174399955234166,0.18170683629629913,40.6318303027501,-4.756764588335738,-32.83348910491336,-0.7547483336443894,-4.002016254691348,,,,,,,,,,,,178504,180003,180438,182665,1.0834491103840715,4.080464422420871,True,,0.5757575757575758,0.9539170506912442,0.27638190954773867,0.8756476683937824,0.8241206030150754,0.09859154929577464,,0.76483731322441,0.6587167269855322,0.09859154929577464,3,0.5073818631685724,2,2,2,Moderate,0.4840258784284345,from composite Y
NSW1718-19,13660,Gwydir,2,"Bobbiwaa Creek Fire; Yetman Rd, Warialda",2018-02-11,2018-03-01,2954.417526271802,0.00319063476739665,4699.794233937254,19.0,47.63170768672566,-1.38088035584224,35.3,8,23.8,483.9242395538328,0.2516568130120057,15.84413672195419,Eucalypt Woodlands,47.68445604261878,2.129569468274365,,,0.5663278318465104,118263691.0,941.0,2,5.1212,52.0,6.449035912705617,5,-3,-0.1999999999999993,2.465753424657534,-0.017433331679765,-5.958653218927192,-3.759733189355148,4.576659038901602,6.092831545640147,-9.841386961953903,9.3437691696869,-0.2830162053302816,-14.96,-3.9577,,-10.7690343504348,-0.3951000000000011,-9.35308473060527,-70.925,238.3843959644827,13.64,11.9,2347,NSW1718-09,,,,,,,,,,,,,,,,,,,,,,,,,,,,,,,,,,,,,,,,,,,,,,,,,,,,,0.0,statewide_zero,official,"NSW RFS Annual Report 2017/18 | https://www.rfs.nsw.gov.au/__data/assets/pdf_file/0003/92262/NSW-RFS-Annual-Report-2017-18-web.pdf | p.28, Summary review of operations - Fire season overview 2017/18 | ""Human lives lost 0""",,,,,,,,264.8,,2015-16,0.226,4042.0,0.024657534246575342,-11.111111111111116,-27.27272727272727,0.0,2.997858672376874,17.703656189865292,44.62809917355373,-45.22968197879859,-17.391304347826086,57.0,69.0,,,,,,,,,,,4.805221516129638,12.970305932385969,58.7253488845389,99.36663600816384,1.9696940052261396,5.3638330718135325,25.897231873626016,2016,,0.0,,2018Q1,0.11256922486734611,0.1614517595713939,0.18187734528369456,0.23182485204366887,0.13698867572575066,0.08264971025249694,43.58769000665863,-0.4774234102689734,-54.55744632539095,-0.7547483336443894,0.27732492337541603,0.11256944797026196,0.1614517595713939,0.17439508928711292,0.23182485204366887,0.13698867572575066,0.08264985384032321,43.58769000665863,-0.4774234102689734,-52.60769430023699,-0.7547483336443894,0.27732492337541603,,,,,,,,,,,,178504,180003,180438,182665,1.0834491103840715,4.080464422420871,True,,0.9545454545454546,0.3663594470046083,0.8015075376884422,0.012953367875647668,0.13819095477386933,0.9366197183098591,,0.6604524507750315,0.31755062011265306,0.9366197183098591,3,0.6382075963991812,3,3,3,Severe,0.6584200144186082,from composite Y
NSW1718-19,15750,Narrabri,1,Bobbiwaa Creek Fire,2018-02-11,2018-03-01,1765.156362043605,0.0013562483415136,4699.794233937254,19.0,47.63170768672566,-1.23368598935514,35.3,8,23.8,291.0757604461663,0.2516568130120057,15.90242537287902,Eucalypt Woodlands,47.68445604261878,5.297205261024216,,,1.02189830487586,399868385.0,954.0,2,19.4766,58.82,2.899763000139412,8,-17,-0.4000000000000003,0.5096262740656852,-1.973560482271614,-2.955304254173398,-0.7563842246013537,0.5263157894736842,2.042488296212229,-1.635181018878154,1.13756322661115,-0.2232507998176873,-11.33,-4.083100000000002,,-1.245706505137315,-2.650500000000003,-17.74496906127238,-74.295,-116.050832951434,10.71,8.97,5362,NSW1718-12,,,,,,,,,,,,,,,,,,,,,,,,,,,,,,,,,,,,,,,,,,,,,,,,,,,,,0.0,statewide_zero,official,"NSW RFS Annual Report 2017/18 | https://www.rfs.nsw.gov.au/__data/assets/pdf_file/0003/92262/NSW-RFS-Annual-Report-2017-18-web.pdf | p.28, Summary review of operations - Fire season overview 2017/18 | ""Human lives lost 0""",,,,,,,,685.3,,2015-16,0.3386,4042.0,0.02944507361268403,1.9230769230769162,-5.555555555555558,0.0,-0.12870012870013214,14.336954293912685,33.33333333333333,-34.76297968397291,3.076923076923066,134.0,139.0,3.0,,,,,,,,,,0.21235304559830112,5.483457457546422,40.64128650538894,99.36663600816384,0.1202858575696724,2.6013711779685784,19.260484775962592,2016,,0.0,,2018Q1,0.15462497324788385,0.21141880500396362,0.2835246487759726,0.2816423377116795,0.19297931932544418,0.12702579765320013,33.21536733991064,-5.140657899275814,-55.19761749054498,-0.7547483336443894,-4.385909565631424,0.1546321243530239,0.21142516028506692,0.2430195402105599,0.2816423377116795,0.19297931932544418,0.12703279221697716,33.21136298628697,-5.140657899275814,-47.7273341448544,-0.7547483336443894,-4.385909565631424,,,,,,,,,,,,178504,180003,180438,182665,1.0834491103840715,4.080464422420871,True,,0.6272727272727273,0.8548387096774194,0.8618090452261307,0.3860103626943005,0.11809045226130653,0.607981220657277,,0.7410557184750733,0.4553032867272459,0.607981220657277,3,0.6014467419531987,2,2,2,Moderate,0.6094168306331438,from composite Y
NSW1718-20,10550,Bega Valley,3,"Reedy Swamp; Wangarabell Rd, Nungatta; Wandella Rd, Wandella",2018-03-18,2018-08-16,1396.152143843956,0.002223702882475941,1395.489992443342,38.0,21.3621157611467,-1.309617719977103,34.7,23,34.1,198.9261321877098,0.6489643696326586,10.51153387233136,Eucalypt Open Forests,71.11517838294279,10.60746378967353,65.0,64.9758723226188,5.461016628283568,887567368.0,976.0,2,9.9787,71.67,6.336091209546836,5,139,0.3000000000000007,3.736413043478261,1.253226287140961,-2.173098538778569,0.0258214907934752,-3.558199900837052,-2.042027394098508,-8.365904556904486,7.868286764637482,-5.436531282029363,-1.289999999999999,1.4148,82489235.0,-2.621963599025418,2.497399999999999,21.27133873641512,19.145,248.2492755184669,9.68,7.94,16270,820,,,,,,,,,,,,,65.0,council_total,official,"NSW RFS Annual Report 2017/18 | https://www.rfs.nsw.gov.au/__data/assets/pdf_file/0003/92262/NSW-RFS-Annual-Report-2017-18-web.pdf | PDF p.29, Fire season operations (Reedy Swamp S44) | ""of Tathra destroying 65 homes and 35 caravans or cabins, and damaging a further 48 homes""",48.0,council_total,official,"NSW RFS Annual Report 2017/18 | https://www.rfs.nsw.gov.au/__data/assets/pdf_file/0003/92262/NSW-RFS-Annual-Report-2017-18-web.pdf | PDF p.29, Fire season operations (Reedy Swamp S44) | ""of Tathra destroying 65 homes and 35 caravans or cabins, and damaging a further 48 homes""",,,,,,,,,,,,,,,,,,,,,,,,,,,,,,,,,0.0,council_total,official,"NSW RFS Annual Report 2017/18 | https://www.rfs.nsw.gov.au/__data/assets/pdf_file/0003/92262/NSW-RFS-Annual-Report-2017-18-web.pdf | PDF p.28, Summary review of operations (introduction) | ""no lives were lost in the extreme fires that hit Tathra""",0.0,council_total,official,"AIDR Major Incidents Report 2017-18 | https://knowledge.aidr.org.au/media/6196/major-incidents-report-1718.pdf | PDF p.28 (printed p.26), Tathra bushfire | ""No deaths or significant injuries were reported.""",65.0,"council figure, see DL_homes_destroyed_sourced_source",3.995082974800246,1313.0,,2015-16,0.3121,3684.0,0.07167119565217392,6.635071090047395,-1.6666666666666718,-2.631578947368418,2.389705882352944,5.772552985294732,2.4927745664739875,2.8423772609818876,-10.197368421052634,273.0,324.0,9.0,,,,,,,,,,537.1308841806225,2081.4655301959415,4251.745096461991,4251.745096461991,302.5224545169222,1149.2058017210081,2049.9140864847705,2016,,0.0,,2018Q1,0.15167926255427913,0.18851734195930622,0.2374608437189313,0.2538887373107652,0.17920956575947902,0.11724041623361586,34.67659509307648,-8.919226588433048,-50.627474240600876,-0.7547483336443894,-8.164478254788659,0.1516797148179904,0.18851496699446407,0.23371993802068028,0.25373363765420714,0.164350812465785,0.11724465780462438,34.59601733461211,-8.974867483830028,-49.835406085787085,-0.7547483336443894,-8.220119150185639,,,,,,,,,,,,178504,180003,180438,182665,1.0834491103840715,4.080464422420871,True,0.8444444444444444,0.7393939393939394,0.1382488479262673,0.19597989949748743,0.02072538860103627,0.7889447236180904,0.11737089201877934,0.8444444444444444,0.4388213936601033,0.33521667057220467,0.11737089201877934,4,0.4339633501738829,1,3,3,Severe,0.3861570736970075,raised: >=10 homes destroyed
NSW1718-21,14900,Liverpool,2,"Moorebank Ave, Holsworthy; Bellbird Walking Track, Casula",2018-04-14,2018-04-30,2337.618342565736,0.07645769536170537,4071.428384975983,17.0,27.74835326808845,-1.105591742461742,32.8,24,39.2,400.1837544086735,0.5895329065546595,4.500121844922161,Eucalypt Woodlands,47.8039802068721,1.120338116459264,,,711.2740527003164,5796990879.0,952.0,0,8.4575,54.52,5.037872316191127,3,100,-0.1,6.724149025159257,4.240962268821957,-1.188307218915746,1.010612810656299,-2.188857977145747,0.5252554124803082,2.434720127763953,-2.932337920030957,-1.019375863530895,9.71,1.026,,2.380021389699191,6.348599999999999,5.185581730025975,-83.36500000000001,-95.47487172400236,0.0,-0.4065040650406504,61741,,,,,,,,,,,,,,0.0,council_total,official,"NSW RFS Annual Report 2017/18 | https://www.rfs.nsw.gov.au/__data/assets/pdf_file/0003/92262/NSW-RFS-Annual-Report-2017-18-web.pdf | PDF p.6, Commissioner's foreword (April 2018 Holsworthy fire) | ""An effective interagency response helped save 800 homes with remarkably no homes lost.""",,,,,,,,,,,,,,,,,,,,,,,,,,,,,,,,,,,,,0.0,council_total,official,"AIDR Major Incidents Report 2017-18 | https://knowledge.aidr.org.au/media/6196/major-incidents-report-1718.pdf | PDF p.30 (printed p.28), Holsworthy bushfire, New South Wales, April 2018 | ""No lives were lost in the fire.""",,,,,0.0,"council figure, see DL_homes_destroyed_sourced_source",0.0,8883.4,,2015-16,0.5118,,0.03127211891126697,6.172839506172845,0.9193054136874323,2.3622047244094446,-1.6666666666666718,5.301605721036551,11.223965029570593,2.6028277634961405,10.009354536950422,2352.0,3454.0,54.0,,,,,,,,,,433.41217455246397,16544.15729473148,121851.98622008477,387443.2981878288,68.10534906973217,5161.225092264941,41451.96092843232,2016,,0.0,,2018Q2,6.973114216653603,6.56338181441575,7.54420592610009,7.518489430070686,6.1986969152878295,7.825064961539698,14.552065423912207,1.0535957743990743,3.7228442355734526,-11.063123991941593,12.116719766340667,6.973114216653603,6.56338181441575,7.605282531251109,7.518489430070686,6.1986969152878295,7.825064961539698,14.552065423912207,1.0535957743990743,2.8898654242689004,-11.063123991941593,12.116719766340667,,,,,,,,,,,,180003,180438,182873,182694,1.5944178708132695,3.341866978230623,True,0.21666666666666667,0.14545454545454545,0.004608294930875576,0.11557788944723618,0.7461139896373057,0.08040201005025126,0.4084507042253521,0.21666666666666667,0.07503142019271052,0.3140312963782644,0.4084507042253521,4,0.25354502186574845,1,1,1,Light,0.1456547068833882,from composite Y
NSW1718-21,17150,Sutherland Shire,3,"Moorebank Ave, Holsworthy; Audley Rd, Royal National Park; Auburn St, Kirrawee",2018-04-14,2018-10-01,1733.839578054791,0.05197663107671097,4071.428384975983,17.0,33.5802909476158,-1.108390295746391,32.8,16,39.2,296.8162455913264,0.5895329065546595,4.50022760611532,Eucalypt Woodlands,47.8039802068721,6.546546941007159,,,681.7782568890397,10092252603.0,1080.0,0,6.103,76.39,0.7668132131918544,5,-277,-0.2000000000000001,2.935078099801871,0.4518913434645712,0.1396848137535816,2.338604843325626,-1.521360606433684,1.192752783192371,3.465439965504437,-3.963057757771441,-0.0562300312109711,-0.6699999999999999,1.830500000000001,,0.5390524936883025,1.263099999999999,10.39678328499685,-10.175,-118.7594345368878,0.0,-0.4065040650406504,81640,,,,,,,,,,,,,,0.0,council_total,official,"NSW RFS Annual Report 2017/18 | https://www.rfs.nsw.gov.au/__data/assets/pdf_file/0003/92262/NSW-RFS-Annual-Report-2017-18-web.pdf | PDF p.6, Commissioner's foreword (April 2018 Holsworthy fire) | ""An effective interagency response helped save 800 homes with remarkably no homes lost.""",,,,,,,,,,,,,,,,,,,,,,,,,,,,,,,,,,,,,0.0,council_total,official,"AIDR Major Incidents Report 2017-18 | https://knowledge.aidr.org.au/media/6196/major-incidents-report-1718.pdf | PDF p.30 (printed p.28), Holsworthy bushfire, New South Wales, April 2018 | ""No lives were lost in the fire.""",,,,,0.0,"council figure, see DL_homes_destroyed_sourced_source",0.0,8501.8,,2015-16,0.553,,0.03441920471824172,-0.9370816599732268,1.1666666666666714,8.247422680412363,-15.686274509803921,0.9559281318354262,1.0974627466774134,3.7221337579617986,3.7236243276789427,2507.0,3243.0,43.0,,,,,,,,,,139.3868250493579,25139.89286130762,149475.66950530725,387443.2981878288,40.29741988646783,8900.774594925202,55010.03659838043,2016,,0.0,,2018Q2,3.2621199231484437,3.9212541943992605,3.544685111538895,3.4638584349301134,2.7993773304656906,3.4092176658254534,-11.664527133243407,0.9669695151696356,-3.8217060599391117,-11.063123991941593,12.030093507111228,3.2621199231484437,3.641491777734919,3.5043901194486367,3.4633300787385704,2.7999602219275097,3.4092176658254534,-4.892547062324237,1.0394745586511434,-2.715806470717852,-11.063123991941593,12.102598550592736,,,,,,,,,,,,180003,180438,182873,182694,1.5944178708132695,3.341866978230623,True,0.21666666666666667,0.3242424242424242,0.27880184331797236,0.24371859296482412,0.8316062176165803,0.4949748743718593,0.4788732394366197,0.21666666666666667,0.3015221337801983,0.5234332283177546,0.4788732394366197,4,0.38012381705030984,1,1,1,Light,0.3143875629949412,from composite Y
RAA-raa_2015_p15_r01,15750,Narrabri,2,Brigalow Road; Bline,2015-03-04,2015-03-24,250.0174570218324,0.0001920995605412482,225.0761815374169,8.0,39.70347309409168,-0.5396751610887625,38.2,11,21.4,21.99999999999998,0.2850111539634675,0.8709610630134137,Callitris Forests and Woodlands,36.52646162371848,0.0,,,1.03572850749824,364000000.0,954.0,2,12.0367,59.58,5.885851538373556,5,145,1.6,,,1.100613849990409,-1.836972609444858,,,-0.3852062849306499,-0.8284432800984547,3.227801938757295,6.690000000000001,0.9510999999999994,,-2.889352027283062,4.05775,1.714540347530435,-29.92,-186.5392070685316,,,5362,,,,,,,,,,,,,,0.0,fire_in_council,official,"Bush Fire Bulletin Vol. 37 No. 2 (2015), NSW RFS - ""Pilliga Forest flares"" | https://www.rfs.nsw.gov.au/__data/assets/pdf_file/0003/32952/Bush-Fire-Bulletin-2015-Vol-37-No-2.pdf | PDF p.8 (printed p.6), Incidents - Pilliga Forest flares | ""A total of approximately 35,000ha of forest was burned but there was no damage to property.""",0.0,fire_in_council,official,"Bush Fire Bulletin Vol. 37 No. 2 (2015), NSW RFS - ""Pilliga Forest flares"" | https://www.rfs.nsw.gov.au/__data/assets/pdf_file/0003/32952/Bush-Fire-Bulletin-2015-Vol-37-No-2.pdf | PDF p.8 (printed p.6), Incidents - Pilliga Forest flares | ""A total of approximately 35,000ha of forest was burned but there was no damage to property.""",,,,,,,,,,,,,,,,,,,,,,,,,,,,,,,,,,,,,,,,,0.0,"one fire in the council (lower bound), see DL_homes_destroyed_sourced_source",0.0,,,,0.3386,4042.0,,,,,,,,,,,,4.0,,,,,,,,,,0.154858099887117,1.9575406846694472,27.121580970291635,27.12158179372364,0.08983194427050387,1.1016460680631601,15.443575245070177,2016,,,,2015Q1,0.23323736762056496,0.24817070550490306,0.26819003686896425,0.3180731059837187,0.21008964093625784,0.21768578419778795,28.16706360913923,-2.1999801958731746,-18.83151710660017,-8.62949251588655,6.429512320013376,0.23323736762056496,0.24817070550490306,0.2681757675860403,0.3180731059837187,0.21008964093625784,0.21768141366456642,28.16706360913923,-2.1999801958731746,-18.828827964582405,-8.62949251588655,6.429512320013376,,,,,,,,,,,,159949,160596,162439,168542,1.5567462128553533,1.8790362485250567,False,0.21666666666666667,0.7696969696969697,,0.1708542713567839,0.6010362694300518,0.2864321608040201,,0.21666666666666667,0.7696969696969697,0.3527742338636186,,3,0.44637929007575167,1,1,1,Light,0.4027078474494128,from composite Y
RAA-raa_2015_p15_r05,10900,Blue Mountains,1,Hordern Rd Fire,2015-07-31,2015-08-12,590.8006271740015,0.004128169804091,590.8006271740018,13.0,4.750929757027334,-0.9946558582319518,16.5,36,22.3,24.99999999999999,0.4917864476386037,11.62265323015835,Eucalypt Woodlands,78.35301999587713,3.646762889441915,,,55.10765442084732,2560000000.0,1045.0,1,3.9229,76.89,9.505049271113284,4,-900,-2.1,2.693474962063733,1.123607119880988,2.452591113115564,-0.2873286761325131,,,-6.146608795665884,6.131124685778792,0.6419757250529496,-1.42,-1.194500000000001,,0.4944359504888851,-0.6822000000000017,0.6853802521165155,3.959999999999998,-246.2829151024021,,,32827,,,,,,,,,,,,,,0.0,council_total,official,"Bush Fire Bulletin Vol. 37 No. 3 (2015), NSW RFS - ""Fire and Ice: Hordern Road, Wentworth Falls"" | https://www.rfs.nsw.gov.au/__data/assets/pdf_file/0015/36015/Bush-Fire-Bulletin-2015-Vol-37-No-3.pdf | PDF p.13 (printed p.11), Incidents - Sunday 2 August | ""they stood their ground and as a result there has been no serious damage or losses to homes in the area.""",1.0,council_total,official,"Bush Fire Bulletin Vol. 37 No. 3 (2015), NSW RFS - ""Fire and Ice: Hordern Road, Wentworth Falls"" | https://www.rfs.nsw.gov.au/__data/assets/pdf_file/0015/36015/Bush-Fire-Bulletin-2015-Vol-37-No-3.pdf | PDF p.13 (printed p.11), Incidents - Sunday 2 August | ""One dwelling on Tablelands Road sustained minor damage to its roof as a result of ember attack during this period.""",,,,,,,,,,,,,,,,,,,,,,,,,,,,,,,,,0.0,season_zero,official,"NSW RFS Annual Report 2015/16 - Summary Review of Operations | https://www.rfs.nsw.gov.au/resources/publications/annual-reports/general/nsw-rural-fire-service-2015-16-annual-report/3-NSW-RFS-Annual-Report-2015-16-Summary-Review-of-Operations.pdf | PDF p.6 (printed p.28), Fire season overview 2015/16 | ""Human lives lost 1 firefighter fatality""",,,,,0.0,"council figure, see DL_homes_destroyed_sourced_source",0.0,3154.1,,2015-16,0.4133,,0.05614567526555387,1.3513513513513598,0.0,2.3622047244094446,6.060606060606055,0.15583447668410244,-5.046895935685569,4.587155963302747,,,,15.0,,,,,,,,,,17.268031192208383,361.5167580469504,13083.277336903442,13083.277336903442,6.981809864689171,138.8460522702147,6571.276053280526,2016,,0.0,,2015Q3,0.5556679122703557,0.6184707338379324,0.5055803236047068,0.5305603988834372,0.5044906600313891,0.524069323471754,-14.214146303894747,-0.5321574028970821,3.6569856467560946,-8.215270258963747,7.683112856066664,0.5556679122703557,0.6184707338379324,0.505802663228805,0.5305808155847819,0.5045023638985706,0.5241280463848487,-14.21084514504799,-0.528329742106759,3.6230301831673195,-8.212559464672765,7.6842297225660054,,,,,,,,,,,,162439,163407,165272,171286,1.7440393009068078,2.479727568625245,False,0.21666666666666667,0.34545454545454546,0.16129032258064516,0.6030150753768844,0.031088082901554404,0.678391959798995,,0.21666666666666667,0.2533724340175953,0.43749837269247793,,3,0.30251249112557993,1,1,1,Light,0.21092962858507455,from composite Y
RAA-raa_2015_p15_r09,16950,Shoalhaven,1,Bomaderry Creek Regional Park,2015-12-10,2015-12-10,0.1344241336567783,2.943249721514963e-07,0.1344241336567783,1.0,12.69597486026106,-0.6553082150655968,32.1,39,19.8,0.0,,3.698112585412051,Eucalypt Woodlands,62.16666666666666,0.0,,,21.74022948102723,2270000000.0,964.0,1,9.2024,77.75,6.935771186101437,6,143,0.200000000000001,3.278436201323688,1.708568359140943,2.216073781291173,-0.5238460079569043,,,0.3496507760924068,-0.3651348859794989,-0.6829095590451955,-12.11,-0.9934000000000012,,0.2122222941012204,-0.6717000000000013,-3.137048409787368,-14.94000000000001,-186.5887334037099,,,51639,,,,,,,,,,,,,,,,,,,,,,,,,,,,,,,,,,,,,,,,,,,,,,,,,,,,,,0.0,season_zero,official,"NSW RFS Annual Report 2015/16 - Summary Review of Operations | https://www.rfs.nsw.gov.au/resources/publications/annual-reports/general/nsw-rural-fire-service-2015-16-annual-report/3-NSW-RFS-Annual-Report-2015-16-Summary-Review-of-Operations.pdf | PDF p.6 (printed p.28), Fire season overview 2015/16 | ""Human lives lost 1 firefighter fatality""",,,,,,,,4041.2,,2015-16,0.2915,5645.0,0.06972448822533477,4.415011037527594,-1.7094017094017144,4.545454545454541,-1.6806722689075682,2.535775804955609,3.7222043184015563,5.850191361399659,,,,25.0,,,,,,,,,,0.0,1354.958973796048,21409.504467664265,21409.504467664265,0.0,630.5592284282664,9664.34512035276,2016,,0.0,,2015Q4,0.3433684211006962,0.2940660513097049,0.308647684910658,0.3245872770063316,0.4501241504438905,0.29390357060210276,10.379037485181275,-10.679722394789293,-4.777004665634587,-11.885484089161146,1.2057616943718532,0.3433684211006962,0.293983158790647,0.3084973688924461,0.3245872770063316,0.4501241504438905,0.2929220822939511,10.410160344415708,-10.680654475097795,-5.048758326339287,-11.88559940892015,1.2049449338223557,,,,,,,,,,,,163407,165272,168542,172855,3.1424602373215427,3.3279357795297226,False,,0.36363636363636365,0.09216589861751152,0.5879396984924623,0.5129533678756477,0.47738693467336685,,,0.22790113112693758,0.5260933336804923,,2,0.3769972324037149,1,1,1,Light,0.31021974360208576,from composite Y
RAA-raa_2015_p15_r11,13800,Hawkesbury,3,Terraborra North; Putty Rd; Wheelbarrow Ridge Rd 2,2015-12-09,2016-01-02,5453.033817227415,0.01964959656139383,5451.510356134026,18.0,25.07727246643347,-0.0454240416336709,34.5,16,24.6,479.000000000001,0.0789492925821664,14.40152480949676,Eucalypt Open Forests,76.39497755616611,0.0,,,23.603512589537,2160000000.0,1028.0,2,9.5204,60.4,1.28125485323808,4,-544,-0.9000000000000004,2.486016159105034,0.916148316922289,3.411633109619687,0.6717133203716097,,,0.6695710955757264,-0.6850552054628185,0.3381423875695455,-8.290000000000001,-2.294,,0.8995285430814777,-1.469700000000001,2.381608753675548,52.77999999999999,-449.9066823043955,,,22825,,,,,,,,,,,,,,0.0,fire_in_council,official,"Bush Fire Bulletin Vol. 38 No. 1 (2016), NSW RFS - ""The Terraborra North Fire proved testing in more ways than one"" | https://www.rfs.nsw.gov.au/__data/assets/pdf_file/0003/39576/BFB_march_2016_low_res_single.pdf | PDF p.17 (printed p.15), Incidents - Terraborra North Fire | ""the fire saw the implementation of a number of initiatives, and successfully saw no loss of life or property.""",,,,,,,,,,,,,,,,,,,,,,,,,,,,,,,,,,,,,0.0,fire_in_council,official,"Bush Fire Bulletin Vol. 38 No. 1 (2016), NSW RFS - ""The Terraborra North Fire proved testing in more ways than one"" | https://www.rfs.nsw.gov.au/__data/assets/pdf_file/0003/39576/BFB_march_2016_low_res_single.pdf | PDF p.17 (printed p.15), Incidents - Terraborra North Fire | ""the fire saw the implementation of a number of initiatives, and successfully saw no loss of life or property.""",,,,,0.0,"one fire in the council (lower bound), see DL_homes_destroyed_sourced_source",0.0,2832.6,,2015-16,0.4383,,0.031696706028589185,-6.8627450980392135,6.705539358600587,9.433962264150942,1.298701298701288,2.0307072939690585,15.761689291101067,4.083147735708992,,,,25.0,,,,,,,,,,0.0,20.29907236736876,331.1397326322905,331.1397326322905,0.0,8.71173549267343,129.89737803135122,2016,,0.0,,2015Q4,0.38141348828834315,0.33618185764812364,0.37698190056784503,0.3617860374137827,0.5240920060750701,0.3560157294208744,7.616169398545747,-4.72988972542614,-5.56158561336485,-11.885484089161146,7.155594363735006,0.38141348828834315,0.33618185764812364,0.36508696943859403,0.36179127633542074,0.5240920060750701,0.35608554023567507,7.6177277579631,-4.743610143536403,-2.465557512710126,-11.88559940892015,7.141989265383748,,,,,,,,,,,,163407,165272,168542,172855,3.1424602373215427,3.3279357795297226,False,0.21666666666666667,0.2606060606060606,0.18433179723502305,0.7738693467336684,0.5958549222797928,0.8944723618090452,,0.21666666666666667,0.22246892892054182,0.7547322102741688,,3,0.39795593528712575,1,1,1,Light,0.3381582446184289,from composite Y
RAA-raa_2016_p13_r06,14350,Kempsey,7,"Ravenswood Road; Double Head; Fifes Trail; Five Day Creek Rd, Comara; Smoky Creek; Robinsons Knob Fire; Pacific Hwy, South Kempsey",2016-11-05,2016-12-08,4952.348305156552,0.01467071046141391,4854.97869756317,22.0,27.36991965506457,-1.152923710763654,33.8,17,25.7,421.0950526399479,0.1037134303838401,3.201936410520567,Eucalypt Tall Open Forests,73.73598337578764,39.69713454026184,,,8.703160118950002,542000000.0,888.0,1,8.41,72.67,12.38412133405556,7,-374,-2.799999999999999,1.44253140995812,-0.8975217436038165,0.8904621000525428,-0.518834082828697,-0.6467204465774873,3.78838692970636,5.437246564163758,-4.34837716565103,-1.790041853114765,3.924999999999999,0.7749999999999986,1000000.0,-1.809402095627106,-0.3033500000000009,-0.0005638264489746,-34.57999999999999,882.8504057762525,,,12423,,,,,,,,,,,,,,0.0,fire_in_council,official,"NSW Legislative Assembly Hansard, 16 November 2016 - Rural Fire Service Volunteers (Mrs Melinda Pavey, Oxley) | https://api.parliament.nsw.gov.au/api/hansard/search/daily/fragment/HANSARD-1323879322-95356 | Legislative Assembly 16 Nov 2016, members' statement 'Rural Fire Service Volunteers' | ""The fire ultimately burnt 4,700 hectares and had a 60‑kilometre perimeter; there were no reports of property or livestock loss.""",,,,,,,,,,,,,,,,,,,,,0.0,fire_in_council,official,"NSW Legislative Assembly Hansard, 16 November 2016 - Rural Fire Service Volunteers (Mrs Melinda Pavey, Oxley) | https://api.parliament.nsw.gov.au/api/hansard/search/daily/fragment/HANSARD-1323879322-95356 | Legislative Assembly 16 Nov 2016, members' statement 'Rural Fire Service Volunteers' | ""The fire ultimately burnt 4,700 hectares and had a 60‑kilometre perimeter; there were no reports of property or livestock loss.""",,,,,,,,,,,,,0.0,season_zero,official,"NSW RFS Annual Report 2016/17 | https://www.rfs.nsw.gov.au/__data/assets/pdf_file/0008/73673/NSW-RFS-Annual-Report-2016-17.pdf | p.28, Summary review of operations - Fire season overview 2016/17 | ""Human lives lost 2 (1 firefighter, 1 civilian fatality)""",,,,,0.0,"one fire in the council (lower bound), see DL_homes_destroyed_sourced_source",0.0,1066.1,,2015-16,0.3076,6110.0,0.05072126570497906,-4.587155963302747,-9.411764705882353,-21.739130434782606,0.8375209380234505,5.283614721243768,-6.52898067954697,9.166666666666657,,221.0,225.0,12.0,,,,,,,,,,113.39515074954629,338.5566534596571,6927.481836525701,6952.5269579785445,49.89781332306144,141.27125458716918,3033.9217704040875,2016,,0.0,,2016Q4,0.2570514568916514,0.25510790442079456,0.2479711410392839,0.18529921056475715,0.32198656931298403,0.20912006533976768,-27.3643790122981,-27.881389553323977,-15.66757951618304,-17.58383234317291,-10.297557210151066,0.2570514568916514,0.24905056319604302,0.22519548213240756,0.1851793230827602,0.32198656931298403,0.20529534819982218,-25.645892662770585,-27.928049863344828,-8.836826451467072,-17.617644050292792,-10.310405813052036,,,,,,,,,,,,171286,172855,172946,178504,0.9691393342129428,4.5881940074543826,True,0.21666666666666667,0.6818181818181818,0.6059907834101382,0.41959798994974873,0.8419689119170984,0.2537688442211055,0.7793427230046949,0.21666666666666667,0.64390448261416,0.5051119153626509,0.7793427230046949,4,0.5362564469120431,2,2,2,Moderate,0.5225164563879116,from composite Y
RAA-raa_2016_p13_r07,17400,Tenterfield,3,"Demon Creek; Nightshade; Grasstree Trail, Boorook",2016-11-05,2016-12-08,7544.830706270684,0.0103010844578864,6706.640014304464,26.0,37.12683760683579,-0.7383353257912753,33.7,10,23.7,616.9999999999991,0.05719329378946308,14.21317504129806,Eucalypt Open Forests,51.37237852168408,10.78605017197532,,,0.916537198221287,109000000.0,910.0,2,10.76,51.43,4.545222409478576,4,-83,-2.399999999999999,-0.2132196162046908,-2.553272769766628,-2.600213077640166,-4.009509260521405,-0.5958587814687919,3.839248594815055,8.869607712323955,-7.780738313811227,-0.7410757971127855,3.425,2.475,1000000.0,-1.382390890102208,0.6465499999999986,-3.888968869778914,-21.39000000000001,58.9125602395996,,,3322,,,,,,,,,,,,,,,,,,,,,,,,,,,,,,,,,,,,,,,,,,,,,,,,,,,,,,0.0,season_zero,official,"NSW RFS Annual Report 2016/17 | https://www.rfs.nsw.gov.au/__data/assets/pdf_file/0008/73673/NSW-RFS-Annual-Report-2016-17.pdf | p.28, Summary review of operations - Fire season overview 2016/17 | ""Human lives lost 2 (1 firefighter, 1 civilian fatality)""",,,,,,,,369.3,,2015-16,0.2424,779.0,0.03304904051172708,25.806451612903224,-2.127659574468088,0.0,-3.346456692913391,10.837988826815636,2.066115702479343,56.14035087719298,,82.0,83.0,,,,,,,,,,,16.045230816364352,26.987364557922565,137.27696692236293,139.18683357706797,11.545964443271592,19.72431674456963,93.21670203844344,2016,,0.0,,2016Q4,0.19316670511629305,0.18650089193248107,0.18130229545467205,0.13505817478261753,0.2407681803675058,0.16604087203676202,-27.5830944382225,-30.224857931602312,-8.417666957628555,-17.58383234317291,-12.6410255884294,0.1925212273240342,0.18650526802634185,0.15948783499325983,0.1344037648018377,0.2407681803675058,0.16604087203676202,-27.935673761850733,-30.56291061333881,4.108800551326763,-17.617644050292792,-12.945266563046019,,,,,,,,,,,,171286,172855,172946,178504,0.9691393342129428,4.5881940074543826,True,,0.6484848484848484,0.9170506912442397,0.23618090452261306,0.9533678756476683,0.4120603015075377,0.7887323943661971,,0.7827677698645441,0.5338696938926063,0.7887323943661971,3,0.7017899527077825,3,3,3,Severe,0.7431769641321038,from composite Y
RAA-raa_2016_p13_r08,11720,Cessnock,5,"Racecourse; Olney Arm Road, Laguna; Cedar Creek Rd; Nowlands Creek; Pelton Rd",2016-11-05,2016-12-07,1134.596545351647,0.005773560165588773,1042.068051941453,7.0,29.00877997977005,-0.9402485123896362,36.9,18,27.2,191.0000000000001,0.2655572556789151,3.421258343139055,Eucalypt Tall Open Forests,35.4989520260829,3.604899615275442,,,28.43942473264127,1440000000.0,925.0,1,6.65,64.08,2.452221466703317,4,-1307,-4.6,1.399116347569956,-0.9409368059919808,3.380849978938967,1.971553796057727,-6.495133123389636,-2.060025747105789,-3.63451810089672,4.723387499409448,-0.3133457239468358,0.1649999999999991,-2.145000000000002,1000000.0,-0.1367356613815147,-1.511350000000001,-6.698605784359057,-16.78,102.0687452079004,,,21415,,,,,,,,,,,,,,0.0,fire_in_council,official,"Bush Fire Bulletin Vol. 38 No. 3 (2017), NSW RFS - ""Recent fire activity"" | https://www.rfs.nsw.gov.au/__data/assets/pdf_file/0011/59555/Bush-Fire-Bulletin-Vol38-No3.pdf | PDF p.8 (printed p.6, repeated on PDF p.9), Incidents - Racecourse Road | ""While two houses were damaged, there were no other losses.""",2.0,fire_in_council,official,"Bush Fire Bulletin Vol. 38 No. 3 (2017), NSW RFS - ""Recent fire activity"" | https://www.rfs.nsw.gov.au/__data/assets/pdf_file/0011/59555/Bush-Fire-Bulletin-Vol38-No3.pdf | PDF p.8 (printed p.6, repeated on PDF p.9), Incidents - Racecourse Road | ""While two houses were damaged, there were no other losses.""",,,,,,,,,,,,,,,,,,,,,,,,,,,,,,,,,0.0,season_zero,official,"NSW RFS Annual Report 2016/17 | https://www.rfs.nsw.gov.au/__data/assets/pdf_file/0008/73673/NSW-RFS-Annual-Report-2016-17.pdf | p.28, Summary review of operations - Fire season overview 2016/17 | ""Human lives lost 2 (1 firefighter, 1 civilian fatality)""",,,,,0.0,"one fire in the council (lower bound), see DL_homes_destroyed_sourced_source",0.0,3660.9,,2015-16,0.3678,24997.0,0.07069219440353461,-3.125,-2.336448598130836,0.0,3.435114503816794,7.582029839135385,6.150405367626499,14.146341463414625,,336.0,372.0,15.0,,,,,,,,,,115.17368724667153,10368.706562341189,24946.90756715545,38459.34373798294,38.96609902983972,4460.861178505122,10145.314847338948,2016,,0.0,,2016Q4,0.4644344666505488,0.4691539142098074,0.44805950123883065,0.3707788876218893,0.5393884973696373,0.4552432883201099,-20.968604035545656,-22.046279298620664,1.6033109579011162,-17.58383234317291,-4.462446955447753,0.46435274178768565,0.46914080706059275,0.44175796575946835,0.36647638805887733,0.5393884973696373,0.4557314836831777,-21.88349797259389,-22.955574187668905,3.1631615062528873,-17.617644050292792,-5.337930137376112,,,,,,,,,,,,171286,172855,172946,178504,0.9691393342129428,4.5881940074543826,True,0.21666666666666667,0.4484848484848485,0.6267281105990783,0.7638190954773869,0.07772020725388601,0.44221105527638194,0.11032863849765258,0.21666666666666667,0.5376064795419634,0.4279167860025517,0.11032863849765258,4,0.32312964267720856,1,1,1,Light,0.23841283271194824,from composite Y
RAA-raa_2016_p13_r08,12700,Dungog,1,Lone Pine,2016-11-04,2016-11-15,400.4512212527551,0.0017797845502939,9252.22693391072,12.0,36.02657151850675,-0.8738631585476553,35.4,15,28.0,62.10910158197034,0.4432672317287701,3.364646191646169,Eucalypt Open Forests,70.85375464224667,5.896375520742179,,,4.003558580466483,248000000.0,989.0,1,9.38,40.57,1.429877252546357,6,-105,-1.999999999999999,4.766734279918864,2.426681126356927,0.7630248833592536,-0.6462712995219863,1.33214920071048,5.767256576994327,-4.795436046954784,5.884305445467511,0.3934046548870233,-11.405,-1.035000000000002,1000000.0,-0.7796951887112633,-2.24265,-7.192697771933318,-68.07,-507.3610947099501,,,3783,,,,,,,,,,,,,,0.0,fire_in_council,official,"NSW Legislative Assembly Hansard, 9 November 2016 - Lone Pine Bushfire (Ms Kate Washington, Port Stephens) | https://api.parliament.nsw.gov.au/api/hansard/search/daily/fragment/HANSARD-1323879322-95028 | Legislative Assembly 9 Nov 2016, members' statement 'Lone Pine Bushfire' | ""emergency service workers, no lives have been lost and no houses destroyed.""",,,,,,,,,,,,,,,,,,,,,,,,,,,,,,,,,,,,,0.0,season_zero,official,"NSW RFS Annual Report 2016/17 | https://www.rfs.nsw.gov.au/__data/assets/pdf_file/0008/73673/NSW-RFS-Annual-Report-2016-17.pdf | p.28, Summary review of operations - Fire season overview 2016/17 | ""Human lives lost 2 (1 firefighter, 1 civilian fatality)""",,,,,0.0,"one fire in the council (lower bound), see DL_homes_destroyed_sourced_source",0.0,550.5,,2015-16,0.3826,24997.0,0.03955375253549696,0.0,0.0,-16.666666666666664,1.0178117048346147,4.89396411092986,6.779661016949157,-3.6363636363636376,,73.0,124.0,5.0,,,,,,,,,,8.452358558887444e-06,8.452358558887444e-06,408.15370149544356,38459.34373798294,4.8824182979908835e-06,4.8824182979908835e-06,160.88088671305775,2016,,0.0,,2016Q4,0.21242548623869958,0.21574835675692974,0.1857207245990824,0.14711763928283947,0.26940147589170077,0.1554575454374734,-31.81054006886932,-32.24477225619541,-16.294993047727168,-17.58383234317291,-14.6609399130225,0.21242548623869958,0.21574835675692974,0.18387234558163532,0.14186073565816945,0.26940147589170077,0.1554575454374734,-34.2471304112897,-34.665846330338034,-15.453547434922111,-17.617644050292792,-17.048202280045242,,,,,,,,,,,,171286,172855,172946,178504,0.9691393342129428,4.5881940074543826,True,0.21666666666666667,0.5818181818181818,0.04608294930875576,0.7236180904522613,0.04145077720207254,0.15577889447236182,0.9014084507042254,0.21666666666666667,0.3139505655634688,0.3069492540422319,0.9014084507042254,4,0.43474373424414814,1,1,1,Light,0.3871973461442829,from composite Y
RAA-raa_2016_p13_r08,15240,Mid-Coast,4,Lone Pine; Pidgeon Top; Fords Rd Limeburners Creek; Carramar Drive,2016-11-04,2016-12-06,2409.554958682845,0.002396645833331316,9252.22693391072,12.0,36.02657151850675,-1.398320207696964,36.4,15,28.1,273.0234315173806,0.3491133285111546,7.257444472275196,Eucalypt Open Forests,70.85375464224667,1.713857367153851,,,9.055026638366964,1870000000.0,928.0,1,,,,12,-1172,-2.699999999999998,1.837109614206981,-0.5029435393549555,1.746138347884486,0.3368421650032465,-4.086205760231991,0.3489016160518563,,,,,,1000000.0,-1.188241113327444,,,,,,,44645,,,,,,,,,,,,,,0.0,fire_in_council,official,"NSW Legislative Assembly Hansard, 9 November 2016 - Lone Pine Bushfire (Ms Kate Washington, Port Stephens) | https://api.parliament.nsw.gov.au/api/hansard/search/daily/fragment/HANSARD-1323879322-95028 | Legislative Assembly 9 Nov 2016, members' statement 'Lone Pine Bushfire' | ""emergency service workers, no lives have been lost and no houses destroyed.""",,,,,,,,,,,,,,,,,,,,,,,,,,,,,,,,,,,,,0.0,season_zero,official,"NSW RFS Annual Report 2016/17 | https://www.rfs.nsw.gov.au/__data/assets/pdf_file/0008/73673/NSW-RFS-Annual-Report-2016-17.pdf | p.28, Summary review of operations - Fire season overview 2016/17 | ""Human lives lost 2 (1 firefighter, 1 civilian fatality)""",,,,,0.0,"one fire in the council (lower bound), see DL_homes_destroyed_sourced_source",0.0,3485.0,,2015-16,0.3043,4317.0,0.05235762400489896,1.7543859649122862,0.0,-2.5974025974025983,2.0633750921149607,3.144087705559917,4.978813559322037,5.369595536959548,,660.0,725.0,16.0,,,,,,,,,,52.56349152198751,267.0846737656527,2990.5394571657307,38459.34373798294,19.440491336487987,104.40649387340824,1475.7670835104545,2016,,0.0,,2016Q4,0.2356822840561794,0.24478575732575591,0.23305915370445385,0.17858411729626908,0.2982527137115248,0.19323317678102767,-27.04472709226584,-27.831367922006077,-17.088355591443605,-17.58383234317291,-10.247535578833165,0.23568840993857143,0.24478575732575591,0.22739193239652167,0.1725986890993453,0.2984265051087223,0.19321670247272252,-29.489897212583948,-30.25017297540523,-15.029218303226799,-17.617644050292792,-12.632528925112439,,,,,,,,,,,,171286,172855,172946,178504,0.9691393342129428,4.5881940074543826,True,0.21666666666666667,0.6151515151515151,0.5,,,,0.37089201877934275,0.21666666666666667,0.5575757575757576,,0.37089201877934275,3,0.38171148100725566,1,1,1,Light,0.3165039607186692,from composite Y
RAA-raa_2016_p13_r08,16400,Port Stephens,1,Lone Pine,2016-11-04,2016-11-15,7091.44487873892,0.0826089231696552,9252.22693391072,12.0,36.02657151850675,-0.8738631585476553,35.4,15,28.0,1099.86746690065,0.4432672317287702,3.364646191646169,Eucalypt Open Forests,70.85375464224667,55.50703488413918,,,81.84305475645992,1900000000.0,980.0,1,3.42,80.45,3.275205954919918,7,-1139,-3.1,2.308707124010554,-0.0313460295513827,2.369413031771674,0.9601168488904346,-3.44449663378738,0.9906107424964667,-1.679409220439453,2.768278618952181,-0.0797205380827823,-3.805000000000001,0.2649999999999997,1000000.0,0.6842326975366149,1.165549999999999,-2.914956690024045,-21.05000000000002,0.4728409455784685,,,31090,,,,,,,,,,,,,,0.0,fire_in_council,official,"NSW Legislative Assembly Hansard, 9 November 2016 - Lone Pine Bushfire (Ms Kate Washington, Port Stephens) | https://api.parliament.nsw.gov.au/api/hansard/search/daily/fragment/HANSARD-1323879322-95028 | Legislative Assembly 9 Nov 2016, members' statement 'Lone Pine Bushfire' | ""emergency service workers, no lives have been lost and no houses destroyed.""",,,,,,,,,,,,,,,,,,,,,,,,,,,,,,,,,,,,,0.0,season_zero,official,"NSW RFS Annual Report 2016/17 | https://www.rfs.nsw.gov.au/__data/assets/pdf_file/0008/73673/NSW-RFS-Annual-Report-2016-17.pdf | p.28, Summary review of operations - Fire season overview 2016/17 | ""Human lives lost 2 (1 firefighter, 1 civilian fatality)""",,,,,0.0,"one fire in the council (lower bound), see DL_homes_destroyed_sourced_source",0.0,4326.3,,2015-16,0.3452,24997.0,0.04859278803869833,4.072398190045257,-1.4134275618374548,-1.9607843137254943,1.454545454545464,4.030572249804032,3.87355298308103,3.598484848484862,,555.0,627.0,28.0,,,,,,,,,,194.38076404793287,774.7899495716752,10113.74301144242,38459.34373798294,106.41522779510655,370.18073796674173,3822.8696576762068,2016,,0.0,,2016Q4,1.0865438383036332,1.1221219145868437,1.2482633760000807,0.9158370245192028,1.1276545020118005,1.0840919635533042,-18.383465057234304,-13.809177767547887,-13.151985038033033,-17.58383234317291,3.774654575625025,1.0605039617073835,1.1221219145868437,1.1430734973271894,0.9158988664694053,1.1276545020118005,1.0840919635533042,-18.377953895800005,-13.803357727089038,-5.159907382316165,-17.617644050292792,3.8142863232037545,,,,,,,,,,,,171286,172855,172946,178504,0.9691393342129428,4.5881940074543826,True,0.21666666666666667,0.30303030303030304,0.37327188940092165,0.34673366834170855,0.17098445595854922,0.41708542713567837,0.460093896713615,0.21666666666666667,0.33815109621561235,0.3116011838119787,0.460093896713615,4,0.3316282108519682,1,1,1,Light,0.24974164713852798,from composite Y
RAA-raa_2016_p13_r12,16350,Penrith,1,"The Northern Rd, Londonderry",2016-11-13,2016-11-17,273.2602094621257,0.0067521322341081,273.2602094621258,5.0,8.747534147980842,-0.8464692451797141,32.3,24,26.1,32.99999999999999,0.2181396888447534,1.56153163694877,Eucalypt Woodlands,44.12935883014623,0.4695425553791961,,,488.4531115603305,6320000000.0,999.0,0,5.25,67.6,7.070079706608698,5,-245,8.881784197001252e-16,4.493167605960009,2.153114452398072,1.909851924218914,0.5005557413376747,-4.724855573204909,-0.289748196921062,-0.0763027441925814,1.165172142705309,-0.595583591306367,6.095,0.4849999999999994,,1.87496190806293,0.0681499999999992,-0.3420045103992883,5.689999999999998,-141.6319274511143,,,67638,,,,,,,,,,0.0,,,,,,,,,,,,,,,,,,,,,,,,,,,,,,,,,,,,,,,,,,,,0.0,season_zero,official,"NSW RFS Annual Report 2016/17 | https://www.rfs.nsw.gov.au/__data/assets/pdf_file/0008/73673/NSW-RFS-Annual-Report-2016-17.pdf | p.28, Summary review of operations - Fire season overview 2016/17 | ""Human lives lost 2 (1 firefighter, 1 civilian fatality)""",,,,,,,,8786.6,,2015-16,0.4597,,0.028950822203350574,1.6000000000000014,1.4864864864864824,4.575163398692816,-2.9090909090909056,4.820744639274643,6.051597834164979,7.09139173302995,,1616.0,2231.0,43.0,,,,,,,,,,6.838149687837588,936.563226888896,24811.45673054566,32454.275880193458,1.9418991252761375,277.71708260646864,7870.149849867522,2016,,0.0,,2016Q4,5.030398408070557,5.322561600225609,5.417082786294006,4.683293494900121,5.329384681792215,5.10457724481887,-12.010534651179828,-3.8191215012121305,-5.768889895236962,-17.58383234317291,13.764710841960781,5.030398408070557,5.322561600225609,5.4435790066109435,4.683293494900121,5.329384681792215,5.131482634059786,-12.010534651179828,-3.8191215012121305,-5.733293705705977,-17.617644050292792,13.798522549080662,,,,,,,,,,,,171286,172855,172946,178504,0.9691393342129428,4.5881940074543826,True,,0.1696969696969697,0.055299539170506916,0.4020100502512563,0.37823834196891193,0.6834170854271356,0.2863849765258216,,0.11249825443373832,0.4878884925491012,0.2863849765258216,3,0.29559057450288706,1,1,1,Light,0.20170253205749236,from composite Y
RAA-raa_2016_p13_r16,11720,Cessnock,5,Forbes Street; George Downes Dr; Cave Arm; Finchley Track; Cessnock St,2016-12-13,2017-01-09,1194.018490983105,0.006075937411196543,1167.007022077043,8.0,32.23039191240485,-1.216862684057741,37.3,20,25.7,41.00000000000002,0.3465226851478765,3.349044016480389,Eucalypt Tall Open Forests,49.45107560568087,6.953652260995005,,,28.43942473264127,1440000000.0,925.0,0,6.65,64.08,2.452221466703317,5,-1307,-4.6,1.399116347569956,-0.9409368059919808,3.380849978938967,1.971553796057727,-6.495133123389636,-2.060025747105789,-3.63451810089672,4.723387499409448,-0.3133457239468358,0.1649999999999991,-2.145000000000002,,-0.1367356613815147,-1.511350000000001,-6.698605784359057,-16.78,102.0687452079004,,,21415,,,,,,,,,,,,,,,,,,,,,,,,,,,,,,,,,,,,,,,,,,,,,,,,,,,,,,0.0,season_zero,official,"NSW RFS Annual Report 2016/17 | https://www.rfs.nsw.gov.au/__data/assets/pdf_file/0008/73673/NSW-RFS-Annual-Report-2016-17.pdf | p.28, Summary review of operations - Fire season overview 2016/17 | ""Human lives lost 2 (1 firefighter, 1 civilian fatality)""",,,,,,,,3660.9,,2015-16,0.3678,24997.0,0.07069219440353461,-3.125,-2.336448598130836,0.0,3.435114503816794,7.582029839135385,6.150405367626499,14.146341463414625,,336.0,372.0,15.0,,,,,,,,,,74.76764901663009,4459.089252140415,32043.335090473556,32043.33557542694,31.895762862440662,1772.29516049797,13391.22300645859,2016,,0.0,,2016Q4,0.4644344666505488,0.4691539142098074,0.44805950123883065,0.3707788876218893,0.5393884973696373,0.4552432883201099,-20.968604035545656,-22.046279298620664,1.6033109579011162,-17.58383234317291,-4.462446955447753,0.46435274178768565,0.46914080706059275,0.44175796575946835,0.36647638805887733,0.5393884973696373,0.4557314836831777,-21.88349797259389,-22.955574187668905,3.1631615062528873,-17.617644050292792,-5.337930137376112,,,,,,,,,,,,171286,172855,172946,178504,0.9691393342129428,4.5881940074543826,True,,0.4484848484848485,0.6267281105990783,0.7638190954773869,0.07772020725388601,0.44221105527638194,0.11032863849765258,,0.5376064795419634,0.4279167860025517,0.11032863849765258,3,0.35861730134738923,1,1,1,Light,0.28571881311254094,from composite Y
RAA-raa_2016_p13_r17,15270,Mid-Western Regional,3,"Sir Ivan Fire; Growee Rd, Growee; Spring Log Ridge",2017-01-11,2017-03-06,1234.37967064432,0.001410355526210784,55324.47530285611,24.0,73.66285484645279,-1.5085328177928,40.7,11,33.8,73.1390752640742,0.6084179211297245,4.455912433656831,"Cleared, non-native vegetation, buildings",11.47299460303684,0.3517414101009445,35.0,0.7743096292324855,2.8045331245857,668000000.0,960.0,2,14.4,60.23,4.196900402398229,4,-295,-1.5,1.747967479674797,-0.5920856738871401,2.541381039959873,1.132084857078633,-4.644341236861403,-1.426570840349051,-2.531362982186025,3.620232380698752,-0.0890577280509985,6.994999999999999,-0.6450000000000014,33500000.0,-0.6398673733741953,1.166349999999999,-8.799170422611294,78.24000000000001,-239.94470280014,,,10426,RAA-raa_2016_p13_r23,,,,,,,,,,,,4.0,,,,,,,,,,,,,,,,,,,,,,,,,,,,,,,,,,,,,,,,,0.0,season_zero,official,"NSW RFS Annual Report 2016/17 | https://www.rfs.nsw.gov.au/__data/assets/pdf_file/0008/73673/NSW-RFS-Annual-Report-2016-17.pdf | p.28, Summary review of operations - Fire season overview 2016/17 | ""Human lives lost 2 (1 firefighter, 1 civilian fatality)""",,,,,,,,1461.0,,2015-16,0.3288,2795.0,0.04796747967479675,11.864406779661007,0.0,5.000000000000004,5.109489051094895,9.594301641375047,1.8248175182481674,17.465753424657528,,277.0,298.0,21.0,,,,,,,,,,8.076442431203352,25.221114649056997,119.81464644821224,632.1401448962079,4.048110518286941,12.2508259228927,57.14627019838867,2016,,0.0,,2017Q1,0.23463829506878842,0.2086245224933665,0.16824866577870537,0.2984000967509278,0.23524215834422627,0.249104707063543,43.03212929362887,-14.305227979542357,48.0574635826154,-10.343603651875966,-3.9616243276663905,0.23463944207429546,0.2086245224933665,0.16850254010378007,0.2984000967509278,0.23524359217163174,0.2488475311665933,43.03212929362887,-14.304401014357438,47.68176848451606,-10.343603651875966,-3.960797362481472,,,,,,,,,,,,172855,172946,174603,180003,1.0112522056058504,2.6129985404231615,True,,0.5181818181818182,0.5276497695852534,0.40954773869346733,0.12176165803108809,0.9371859296482412,0.17136150234741784,,0.5229157938835358,0.4894984421242656,0.17136150234741784,3,0.39459191278507305,1,1,1,Light,0.33367391433256033,from composite Y
RAA-raa_2016_p13_r22,11720,Cessnock,3,Kurri Kurri; Lang St; Neath Rd,2017-01-14,2017-01-27,746.2312503152244,0.003797306662697526,706.6367720661789,8.0,43.48424407652111,-1.216862684057741,39.8,22,30.7,7.999999999999988,0.4924118071081834,2.375928023753739,Eucalypt Tall Open Forests,29.94644223412394,14.88262754993812,,,28.86280007936252,1440000000.0,925.0,0,6.65,64.08,2.452221466703317,6,-910,-2.600000000000001,1.399116347569956,-0.9409368059919808,3.380849978938967,1.971553796057727,-2.309590973201693,0.9081794233106596,-3.63451810089672,4.723387499409448,-0.3133457239468358,0.1649999999999991,-2.145000000000002,,-0.1367356613815147,-1.511350000000001,-6.698605784359057,-16.78,102.0687452079004,,,21415,,,suspected arson (unconfirmed),,,,,,,,,,,0.0,council_total,news,"Kurri Kurri fires: properties lost as NSW firefighters tackle blazes (ABC News) | http://www.abc.net.au/news/2017-01-18/properties-lost-as-nsw-firefighters-tackle-kurri-kurri-blazes/8191438 | Article body | ""The RFS confirmed that although some sheds and outbuildings had been damaged, no homes were destroyed in the fires.""",,,,,,,,,,,,,,,,,,,,,,,,,,,,,,,,,,,,,0.0,season_zero,official,"NSW RFS Annual Report 2016/17 | https://www.rfs.nsw.gov.au/__data/assets/pdf_file/0008/73673/NSW-RFS-Annual-Report-2016-17.pdf | p.28, Summary review of operations - Fire season overview 2016/17 | ""Human lives lost 2 (1 firefighter, 1 civilian fatality)""",,,,,0.0,"council figure, see DL_homes_destroyed_sourced_source",0.0,3660.9,,2015-16,0.3678,24997.0,0.07069219440353461,-3.125,-2.336448598130836,0.0,3.435114503816794,7.582029839135385,6.150405367626499,14.146341463414625,,336.0,372.0,15.0,,,,,,,,,,53.45248796284006,10713.11525616752,21901.565952896235,25281.341894470654,15.599399669514451,4476.92142926471,8804.180637799453,2016,,0.0,,2017Q1,0.4756397568786331,0.44805950123883065,0.3707788876218893,0.5393884973696373,0.5085237789392187,0.5159620029851282,20.38322943231714,-8.494797394571274,39.156251936138496,-10.343603651875966,1.8488062573046928,0.47566891984056053,0.44175796575946835,0.36647638805887733,0.5393884973696373,0.507642255591641,0.5162156125540246,22.100457530476668,-8.495767073526716,40.85917384426154,-10.343603651875966,1.8478365783492503,,,,,,,,,,,,172855,172946,174603,180003,1.0112522056058504,2.6129985404231615,True,0.21666666666666667,0.4484848484848485,0.6267281105990783,0.7638190954773869,0.07772020725388601,0.44221105527638194,0.4507042253521127,0.21666666666666667,0.5376064795419634,0.4279167860025517,0.4507042253521127,4,0.4082235393908236,1,1,1,Light,0.3518452303676103,from composite Y
RAA-raa_2016_p13_r23,14350,Kempsey,1,"Hickeys Creek Rd, Millbank",2017-02-16,,385.7767936677925,0.001142815346154,385.7767936677925,,14.34925017883495,-1.240048149146138,32.4,37,16.5,0.0,0.0465512347431166,13.87521643486446,Eucalypt Tall Open Forests,61.68858863747355,0.0,,,8.718564466483457,542000000.0,888.0,2,8.41,72.67,12.38412133405556,9,-360,-2.400000000000001,1.44253140995812,-0.8975217436038165,0.8904621000525428,-0.518834082828697,-1.189222248649383,2.028548147862969,5.437246564163758,-4.34837716565103,-1.790041853114765,3.924999999999999,0.7749999999999986,33500000.0,-1.809402095627106,-0.3033500000000009,-0.0005638264489746,-34.57999999999999,882.8504057762525,,,12423,,,,,,,,,2.0,,,,7.0,2.0,council_total,official,"Assessment of last week's fire affected areas completed (NSW RFS media release) | https://www.rfs.nsw.gov.au/news-and-media/media-releases/assessment-of-last-weeks-fire-affected-areas-completed | Spring Hill Road Dondingalong Fire (Kempsey LGA) | ""Spring Hill Road Dondingalong Fire (Kempsey LGA) 2 homes destroyed (one uninhabited)""",,,,,,,,,,,,,7.0,council_total,official,"Assessment of last week's fire affected areas completed (NSW RFS media release) | https://www.rfs.nsw.gov.au/news-and-media/media-releases/assessment-of-last-weeks-fire-affected-areas-completed | Spring Hill Road Dondingalong Fire (Kempsey LGA) | ""2 homes destroyed (one uninhabited) 7 outbuildings destroyed""",,,,,,,,,,,,,,,,,,,,,0.0,council_total,official,"Major Incidents Report 2016-17 (AIDR) | https://knowledge.aidr.org.au/media/5929/major-incidents-report-1617.pdf | p.13, Heatwave and associated bushfires NSW February 2017 | ""no lives were lost in these fires""",,,,,2.0,"council figure, see DL_homes_destroyed_sourced_source",0.1609917089269902,1066.1,,2015-16,0.3076,6110.0,0.05072126570497906,-4.587155963302747,-9.411764705882353,-21.739130434782606,0.8375209380234505,5.283614721243768,-6.52898067954697,9.166666666666657,,221.0,225.0,12.0,,,,,,,,,,10.93338916501266,48.156230320782015,249.70364001672618,1836.009066649119,6.679331276507891,28.673707944224617,142.173281932691,2016,,0.0,,2017Q1,0.2569367454767671,0.2479711410392839,0.18529921056475715,0.32198656931298403,0.30743679138630214,0.2555961522665468,29.84840411811249,-7.081653178523739,37.93698930909517,-10.343603651875966,3.2619504733522273,0.2569367454767671,0.22519548213240756,0.1851793230827602,0.32198656931298403,0.25878944553830213,0.25558752523949757,42.980918739598195,-7.127489886892202,38.02163275284822,-10.343603651875966,3.2161137649837643,,,,,,,,,,,,172855,172946,174603,180003,1.0112522056058504,2.6129985404231615,True,0.5555555555555556,0.6818181818181818,0.6059907834101382,0.41959798994974873,0.8419689119170984,0.2537688442211055,0.6009389671361502,0.5555555555555556,0.64390448261416,0.5051119153626509,0.6009389671361502,4,0.5763777301671291,2,2,2,Moderate,0.5759991799722247,from composite Y
RAA-raa_2016_p13_r23,15240,Mid-Coast,7,"Barnards, Giro; Howes Creek, Tereel; Wardells, Gloucester Tops Rd, Berrico; Mount Pleasant Rd, Wherrol Flat; Cells Rd 3; Goochs Rd, Myall River; Caparra Rd, Caparra",2017-02-04,2017-04-07,18498.01761127037,0.01839891498352685,16481.13791410466,60.0,62.40832421408771,-1.481677984150836,43.7,12,26.3,1255.800232550557,0.231692858588486,16.14612261344173,Eucalypt Open Forests,43.43437649438308,50.59641421836199,,,9.130917863185983,1870000000.0,928.0,2,,,,13,-1094,-2.3,1.837109614206981,-0.5029435393549555,1.746138347884486,0.3368421650032465,-3.09364821733968,0.1241221791726716,,,,,,,-1.188241113327444,,,,,,,44645,,,,,,,,,,,,,,,,,,,,,,,,,,,,,,,,,,,,,,,,,,,,,,,,,,,,,,0.0,council_total,official,"Major Incidents Report 2016-17 (AIDR) | https://knowledge.aidr.org.au/media/5929/major-incidents-report-1617.pdf | p.13, Heatwave and associated bushfires NSW February 2017 | ""no lives were lost in these fires""",,,,,,,,3485.0,,2015-16,0.3043,4317.0,0.05235762400489896,1.7543859649122862,0.0,-2.5974025974025983,2.0633750921149607,3.144087705559917,4.978813559322037,5.369595536959548,,660.0,725.0,16.0,,,,,,,,,,17.4190299195617,57.55641402831024,526.5187264904068,1836.009066649119,11.48136020524118,35.17212833507844,310.11227027423337,2016,,0.0,,2017Q1,0.2474539313746034,0.23305915370445385,0.17858411729626908,0.2982527137115248,0.24371388085196366,0.24451923549857693,27.972966936001132,-10.014698172364145,36.921042699963195,-10.343603651875966,0.32890547951182114,0.2474539313746034,0.22739193239652167,0.1725986890993453,0.2984265051087223,0.24167252471110315,0.2438168013755364,31.23882714903532,-9.962263875498056,41.262255610295504,-10.343603651875966,0.38133977637791006,,,,,,,,,,,,172855,172946,174603,180003,1.0112522056058504,2.6129985404231615,True,,0.6151515151515151,0.5,,,,0.3427230046948357,,0.5575757575757576,,0.3427230046948357,2,0.4501493811352967,1,1,1,Light,0.4077334777799126,from composite Y
RAA-raa_2016_p13_r23,15270,Mid-Western Regional,2,White Cedars Rd Kains Flat; Sir Ivan Fire,2017-02-11,2017-03-06,7800.142981771827,0.0089121483618037,55324.47530285611,24.0,74.44485629430648,-1.550995772750495,40.7,11,38.5,932.1390752640735,0.3976721304687275,7.992681814811817,Eucalypt Woodlands,31.90939765181313,3.574623586988638,36.0,1.774309629232485,2.8045331245857,668000000.0,960.0,2,14.4,60.23,4.196900402398229,5,-295,-1.5,1.747967479674797,-0.5920856738871401,2.541381039959873,1.132084857078633,-4.644341236861403,-1.426570840349051,-2.531362982186025,3.620232380698752,-0.0890577280509985,6.994999999999999,-0.6450000000000014,33500000.0,-0.6398673733741953,1.166349999999999,-8.799170422611294,78.24000000000001,-239.94470280014,,,10426,RAA-raa_2016_p13_r17,,,,,,,,1.0,,,,,1.0,council_total,official,"Assessment of last week's fire affected areas completed (NSW RFS media release) | https://www.rfs.nsw.gov.au/news-and-media/media-releases/assessment-of-last-weeks-fire-affected-areas-completed | White Cedars Road (Mid Western LGA) | ""White Cedars Road (Mid Western LGA) 1 home (uninhabited) 2 outbuildings destroyed""",,,,,,,,,,,,,2.0,council_total,official,"Assessment of last week's fire affected areas completed (NSW RFS media release) | https://www.rfs.nsw.gov.au/news-and-media/media-releases/assessment-of-last-weeks-fire-affected-areas-completed | White Cedars Road (Mid Western LGA) | ""1 home (uninhabited) 2 outbuildings destroyed""",,,,,,,,,,,,,,,,,,,,,0.0,council_total,official,"Major Incidents Report 2016-17 (AIDR) | https://knowledge.aidr.org.au/media/5929/major-incidents-report-1617.pdf | p.13, Heatwave and associated bushfires NSW February 2017 | ""no lives were lost in these fires""",,,,,1.0,"council figure, see DL_homes_destroyed_sourced_source",0.0959140610013428,1461.0,,2015-16,0.3288,2795.0,0.04796747967479675,11.864406779661007,0.0,5.000000000000004,5.109489051094895,9.594301641375047,1.8248175182481674,17.465753424657528,,277.0,298.0,21.0,,,,,,,,,,40.355750396445366,107.00440392133234,378.06789088313695,1836.009066649119,25.785691737345168,68.41321227966522,220.90055834723458,2016,,0.0,,2017Q1,0.23463829506878842,0.2086245224933665,0.16824866577870537,0.2984000967509278,0.23524215834422627,0.249104707063543,43.03212929362887,-14.305227979542357,48.0574635826154,-10.343603651875966,-3.9616243276663905,0.23463944207429546,0.2086245224933665,0.16850254010378007,0.2984000967509278,0.23524359217163174,0.2488475311665933,43.03212929362887,-14.304401014357438,47.68176848451606,-10.343603651875966,-3.960797362481472,,,,,,,,,,,,172855,172946,174603,180003,1.0112522056058504,2.6129985404231615,True,0.5,0.5181818181818182,0.5276497695852534,0.40954773869346733,0.12176165803108809,0.9371859296482412,0.17136150234741784,0.5,0.5229157938835358,0.4894984421242656,0.17136150234741784,4,0.4209439345888048,1,1,1,Light,0.3688018510203311,from composite Y
RAA-raa_2016_p13_r23,17620,Upper Hunter Shire,1,Sir Ivan Fire,2017-02-11,2017-03-06,14042.20323652446,0.0173444281676853,55324.47530285611,24.0,73.66285484645279,-1.5085328177928,40.7,11,33.8,839.1136770085784,0.6084179211297245,4.460829886013435,"Cleared, non-native vegetation, buildings",11.47299460303684,34.67454495699702,35.0,8.883538625317678,1.771719675657218,457000000.0,976.0,2,10.2,68.53,4.710070160957491,6,-135,-0.9000000000000004,2.506265664160401,0.1662125105984642,1.664969224638002,0.2556730417567623,-2.161182375906302,1.05658802060605,-1.391396991061605,2.480266389574332,-0.5559898424936112,9.404999999999998,-1.705,33500000.0,-5.487678606160265,-1.222449999999999,1.329897994524913,-6.990000000000016,166.1369586651194,,,6029,,,,,,,,,,,,,,,,,,,,,,,,,,,,,,,,,,,,,,,,,,,,,,,,,,,,,,0.0,council_total,official,"Major Incidents Report 2016-17 (AIDR) | https://knowledge.aidr.org.au/media/5929/major-incidents-report-1617.pdf | p.13, Heatwave and associated bushfires NSW February 2017 | ""no lives were lost in these fires""",,,,,,,,817.5,,2015-16,0.3631,24997.0,0.042606516290726815,10.294117647058831,2.857142857142847,-17.391304347826086,1.6393442622950838,5.391501183249314,-17.20588235294118,-16.09195402298852,,155.0,192.0,4.0,,,,,,,,,,43.327073040034335,64.53378291272823,184.70548137180518,1836.009066649119,14.245508151298779,22.103180053224833,88.15832157572423,2016,,0.0,,2017Q1,0.19858525924127104,0.17124172014397596,0.12315176994748683,0.25128091031968136,0.19651050579718543,0.20933444260586112,46.740473120925415,-13.168351243551225,69.98086401447861,-10.343603651875966,-2.8247475916752585,0.19858525924127104,0.17124172014397596,0.12310762651387008,0.25128091031968136,0.19651021322681794,0.2054064083989667,46.740473120925415,-13.168351243551225,66.8510832477339,-10.343603651875966,-2.8247475916752585,,,,,,,,,,,,172855,172946,174603,180003,1.0112522056058504,2.6129985404231615,True,,0.8484848484848485,0.3317972350230415,0.7085427135678392,0.19689119170984457,0.5477386934673367,0.4694835680751174,,0.590141041753945,0.4843908662483402,0.4694835680751174,3,0.5146718253591342,2,2,2,Moderate,0.4937435893575457,from composite Y
RAA-raa_2016_p13_r23,18020,Warrumbungle Shire,2,Sir Ivan Fire; Timor Fire Trail,2017-02-11,2017-03-06,40058.41850160706,0.03237797443090353,55324.47530285611,24.0,73.66285484645279,-1.5085328177928,40.7,11,33.8,2393.747247727347,0.6084179211297245,4.460838951801993,"Cleared, non-native vegetation, buildings",11.47299460303684,71.40162127272255,35.0,25.34215174544984,0.7728667358544857,192000000.0,913.0,2,5.88,45.94,4.441895625879777,3,-52,-0.8000000000000003,-0.6256517205422315,-2.965704874104168,3.285245726780619,1.875949543899379,-4.392386530014641,-1.174616133502289,-0.4215881954145573,1.510457593927285,-1.747882061943889,-6.815,-1.965000000000001,33500000.0,3.456405449729598,-0.5485500000000005,-2.544166959589155,20.65,-262.5967762064467,,,4280,,55000.0,lightning strike,,1.0,,Catastrophic,6.0,31.0,,,,104.0,35.0,council_total,official,"Assessment of last week's fire affected areas completed (NSW RFS media release) | https://www.rfs.nsw.gov.au/news-and-media/media-releases/assessment-of-last-weeks-fire-affected-areas-completed | Sir Ivan Fire (Warrumbungle LGA) | ""Sir Ivan Fire (Warrumbungle LGA) 35 homes destroyed""",11.0,council_total,official,"Assessment of last week's fire affected areas completed (NSW RFS media release) | https://www.rfs.nsw.gov.au/news-and-media/media-releases/assessment-of-last-weeks-fire-affected-areas-completed | Sir Ivan Fire (Warrumbungle LGA) | ""35 homes destroyed 11 homes damaged""",2.0,council_total,official,"Assessment of last week's fire affected areas completed (NSW RFS media release) | https://www.rfs.nsw.gov.au/news-and-media/media-releases/assessment-of-last-weeks-fire-affected-areas-completed | Sir Ivan Fire (Warrumbungle LGA) | ""1 church destroyed 1 community hall destroyed""",,,,,131.0,council_total,official,"Assessment of last week's fire affected areas completed (NSW RFS media release) | https://www.rfs.nsw.gov.au/news-and-media/media-releases/assessment-of-last-weeks-fire-affected-areas-completed | Sir Ivan Fire (Warrumbungle LGA) | ""131 outbuildings destroyed, 42 damaged""",42.0,council_total,official,"Assessment of last week's fire affected areas completed (NSW RFS media release) | https://www.rfs.nsw.gov.au/news-and-media/media-releases/assessment-of-last-weeks-fire-affected-areas-completed | Sir Ivan Fire (Warrumbungle LGA) | ""131 outbuildings destroyed, 42 damaged""",,,,,,,,,5700.0,council_total,official,"Sir Ivan fire, NSW 2017 (AIDR Australian Disasters Knowledge Hub) | https://knowledge.aidr.org.au/resources/bushfire-sir-ivan-2017/ | Event summary | ""the fire damaged approximately 5,700 kilometres of fencing""",2000.0,council_total,official,"Sir Ivan fire, NSW 2017 (AIDR Australian Disasters Knowledge Hub) | https://knowledge.aidr.org.au/resources/bushfire-sir-ivan-2017/ | Event summary | ""killed 2,000 sheep, 56 cattle, 90 goats, 26 dogs and cats, 36 poultry and three alpacas""",0.0,council_total,official,"Major Incidents Report 2016-17 (AIDR) | https://knowledge.aidr.org.au/media/5929/major-incidents-report-1617.pdf | p.13, Heatwave and associated bushfires NSW February 2017 | ""no lives were lost in these fires""",,,,,35.0,"council figure, see DL_homes_destroyed_sourced_source",8.177570093457943,499.1,,2015-16,0.2514,678.0,0.05735140771637122,-7.272727272727275,-1.851851851851849,39.99999999999999,2.5369978858351017,10.322580645161295,7.8947368421052655,19.23076923076925,,106.0,86.0,,,,,,,,,,,121.78603564981178,178.6387723689928,492.5159798932859,1836.009066649119,48.789622757316934,73.4162938024302,226.58347375787974,2016,,0.0,,2017Q1,0.17244669222245249,0.16185712621765544,0.10946608298491405,0.23711526152344567,0.18157888024544913,0.19739942230516827,46.496646186951175,-16.525745762357,80.3293010241105,-10.343603651875966,-6.182142110481035,0.17212584733397907,0.16160811428776037,0.10914199301784545,0.23711526152344567,0.18157888024544913,0.18264730220526793,46.72237379197237,-16.525745762357,67.34832959794299,-10.343603651875966,-6.182142110481035,,,,,,,,,,,,172855,172946,174603,180003,1.0112522056058504,2.6129985404231615,True,0.9333333333333333,0.08484848484848485,0.9308755760368663,0.6733668341708543,0.35233160621761656,0.8040201005025126,0.19248826291079812,0.9333333333333333,0.5078620304426756,0.6099061802969944,0.19248826291079812,4,0.5608974517459503,2,3,3,Severe,0.5553635625483189,raised: >=10 homes destroyed
RAA-raa_2016_p13_r26,17000,Singleton,3,"Brinawa, Carrowbrook; Little Burrendoo Creek; Kindarun Hut, Putty",2017-02-11,2017-03-02,2403.368563998096,0.004912135041206714,2661.360596565448,12.0,69.95405485556003,-1.395672953024953,41.9,12,32.2,453.9633552250069,0.1273509307513344,17.83140848756678,Eucalypt Tall Open Forests,52.83573424551937,2.585805004362555,,,4.8185907674035,884000000.0,994.0,1,15.43,40.3,4.029319371727748,6,-193,-0.7000000000000006,0.1006036217303823,-2.239449531831554,-0.9165955024195844,-2.325891685300824,1.314896504920258,4.53266690143261,-0.7659923471067742,1.854861745619502,0.0600830338030782,6.714999999999999,-2.185,,-3.833084336280962,4.562649999999997,-11.87168622928396,-27.62,-1643.708735142734,,,8706,,,,,,,,,,,,,,,,,,,,,,,,,,,,,,,,,,,,,,,,,,,,,,,,,,,,,,0.0,season_zero,official,"NSW RFS Annual Report 2016/17 | https://www.rfs.nsw.gov.au/__data/assets/pdf_file/0008/73673/NSW-RFS-Annual-Report-2016-17.pdf | p.28, Summary review of operations - Fire season overview 2016/17 | ""Human lives lost 2 (1 firefighter, 1 civilian fatality)""",,,,,,,,1415.8,,2015-16,0.4113,24997.0,0.04124748490945674,4.878048780487809,0.0,-7.14285714285714,-0.18867924528301883,6.592068645640081,5.79178885630498,-18.840579710144933,,205.0,215.0,3.0,,,,,,,,,,11.38672427693146,18.852838961666333,60.512375128485274,78.32856200549128,6.832034537953593,11.256299664955085,33.389054722749506,2016,,0.0,,2017Q1,0.5346290963399803,0.4795734917581112,0.42951948622368746,0.5698112885408774,0.5560160172189993,0.6438626863828906,18.816260350828685,-6.778757710096562,49.903021174591444,-10.343603651875966,3.5648459417794047,0.5338133891019842,0.4792066858253899,0.4128739020880281,0.5698112885408774,0.556046483987066,0.6143451131889025,18.90720755688733,-6.778757710096562,48.797274441899475,-10.343603651875966,3.5648459417794047,,,,,,,,,,,,172855,172946,174603,180003,1.0112522056058504,2.6129985404231615,True,,0.8,0.8940092165898618,0.2814070351758794,0.2849740932642487,0.3015075376884422,0.8544600938967136,,0.847004608294931,0.28929622204285677,0.8544600938967136,3,0.6635869747448337,3,3,3,Severe,0.6922513918491935,from composite Y
