agrn,region_id,region_name,season,actual,pred_mean,pred_ridge,pred_size_line,pred_rf,target,xset,pred_poisson
1052,10470,Bathurst Regional,2022,0.4438642205517822,0.5048110082817407,0.5042875379558568,0.5001006850844534,0.4406706330728402,Y_comp,PRE,
1052,10950,Bogan,2022,0.4683091870418849,0.5048110082817407,0.5087632724419258,0.49997041331760267,0.5211538944707845,Y_comp,PRE,
1052,11200,Brewarrina,2022,0.340255553375306,0.5048110082817407,0.4995682839251106,0.4372539474592493,0.5055422451725132,Y_comp,PRE,
1052,11400,Cabonne,2022,0.5152101646463223,0.5048110082817407,0.5120112750253537,0.47167057455219386,0.5563926260966985,Y_comp,PRE,
1052,12150,Coonamble,2022,0.4181339407322451,0.5048110082817407,0.5074783813949434,0.45612508693775616,0.5218102688058953,Y_comp,PRE,
1052,12350,Cowra,2022,0.5980615490850248,0.5048110082817407,0.5056729804070942,0.48924763210302397,0.525291375819437,Y_comp,PRE,
1052,12390,Dubbo Regional,2022,0.2751966952725333,0.5048110082817407,0.5053194344417394,0.49387830585265485,0.4823198760673479,Y_comp,PRE,
1052,15270,Mid-Western Regional,2022,0.4382287093827401,0.5048110082817407,0.5060048288570113,0.5146677817054962,0.4365840820347855,Y_comp,PRE,
1052,17620,Upper Hunter Shire,2022,0.501302228736274,0.5048110082817407,0.506747360203889,0.47913162259221276,0.5847671368305999,Y_comp,PRE,
1052,17900,Walgett,2022,0.6422508188824356,0.5048110082817407,0.5049865557913739,0.49083717470321586,0.5305539768953633,Y_comp,PRE,
1052,17950,Warren,2022,0.619949620538766,0.5048110082817407,0.5105631181640418,0.43382727141932526,0.5221800248371176,Y_comp,PRE,
1053,13660,Gwydir,2022,0.5716472595124704,0.5048110082817407,0.5082546942249642,0.4958638642804079,0.5615710680385232,Y_comp,PRE,
1053,15750,Narrabri,2022,0.3876318648838218,0.5048110082817407,0.5031860982735946,0.4689431587702335,0.5464335078296274,Y_comp,PRE,
1054,13660,Gwydir,2022,0.5710685558087667,0.5048110082817407,0.5082546942249642,0.42939632399619965,0.5615710680385232,Y_comp,PRE,
1054,15300,Moree Plains,2022,0.4956015741594217,0.5048110082817407,0.5034762774847691,0.4647074689000383,0.4590519897791783,Y_comp,PRE,
1054,15750,Narrabri,2022,0.3882105685875255,0.5048110082817407,0.5031860982735946,0.4980749200701347,0.5464335078296274,Y_comp,PRE,
1055,10850,Blayney,2022,0.4515107123033886,0.5048110082817407,0.5101967336183788,0.4483728094233773,0.5232567145543949,Y_comp,PRE,
1055,11400,Cabonne,2022,0.5152101646463223,0.5048110082817407,0.5120112750253537,0.47215025194370286,0.5563926260966985,Y_comp,PRE,
1055,12350,Cowra,2022,0.5980615490850248,0.5048110082817407,0.5056729804070942,0.49031383728290245,0.525291375819437,Y_comp,PRE,
1055,14920,Liverpool Plains,2022,0.1834051537503168,0.5048110082817407,0.504810804054201,0.49437361549599224,0.5187625637840771,Y_comp,PRE,
1055,17620,Upper Hunter Shire,2022,0.4804688954029406,0.5048110082817407,0.506747360203889,0.47969751016761425,0.5847671368305999,Y_comp,PRE,
1056,11750,Cobar,2022,0.5217278110889252,0.5048110082817407,0.505652702910002,0.49354412652665186,0.5137556626266159,Y_comp,PRE,
1056,17640,Upper Lachlan Shire,2022,0.5386673491819275,0.5048110082817407,0.5129023633324545,0.5042425685527652,0.5679862977740284,Y_comp,PRE,
1065,12160,Cootamundra-Gundagai Regional,2022,0.4739468568761701,0.5048110082817407,0.5089833138114641,0.48919298202117895,0.502804648372589,Y_comp,PRE,
1066,17640,Upper Lachlan Shire,2022,0.4274239629385412,0.5048110082817407,0.5129023633324545,0.48929068405866166,0.5679862977740284,Y_comp,PRE,
1066,18710,Yass Valley,2022,0.4173274536087182,0.5048110082817407,0.5049108430234437,0.5017188710943172,0.5288797058324296,Y_comp,PRE,
1070,10550,Bega Valley,2023,0.5254642716071976,0.502355744244722,0.5168782082930568,0.5107106322222922,0.5798988180336051,Y_comp,PRE,
1071,10180,Armidale Regional,2023,0.4612195686150611,0.502355744244722,0.4940791702099078,0.4956093074648635,0.5481191559216585,Y_comp,PRE,
1071,11730,Clarence Valley,2023,0.495081934623974,0.502355744244722,0.5095766843837286,0.5129732222181522,0.5204837068065371,Y_comp,PRE,
1071,14350,Kempsey,2023,0.4855906130059187,0.502355744244722,0.5093532757940322,0.5142628607478336,0.5167322690125628,Y_comp,PRE,
1071,15700,Nambucca Valley,2023,0.2910401592807957,0.502355744244722,0.515194042394661,0.4932584592567606,0.5621483801461579,Y_comp,PRE,
1075,11730,Clarence Valley,2023,0.5522142287457583,0.502355744244722,0.5095766843837286,0.5163654279942622,0.5204837068065371,Y_comp,PRE,
1075,14220,Inverell,2023,0.5382397185175366,0.502355744244722,0.5058549792879893,0.5123897518519452,0.5544777286102063,Y_comp,PRE,
1075,14550,Kyogle,2023,0.5116141036665885,0.502355744244722,0.5278238375792882,0.504541876424129,0.5458014539166833,Y_comp,PRE,
1075,17400,Tenterfield,2023,0.4923531879367256,0.502355744244722,0.5246562935938303,0.5266202193507858,0.5559562706971728,Y_comp,PRE,
1076,14350,Kempsey,2023,0.5748576422941216,0.502355744244722,0.5093532757940322,0.531119490525044,0.5167322690125628,Y_comp,PRE,
1076,15240,Mid-Coast,2023,0.4878136711555637,0.502355744244722,0.5119875410663581,0.5023036239255048,0.49797417437606045,Y_comp,PRE,
1076,16380,Port Macquarie-Hastings,2023,0.4779326712558239,0.502355744244722,0.5052407294383504,0.4989985825932189,0.4868203984282532,Y_comp,PRE,
1081,17900,Walgett,2023,0.6037533493707472,0.502355744244722,0.4977265151310221,0.507167673896926,0.5365658038935588,Y_comp,PRE,
1083,15270,Mid-Western Regional,2023,0.3058237755015233,0.502355744244722,0.5062363758174359,0.49217692114327294,0.482996646438885,Y_comp,PRE,
1084,17040,Snowy Monaro Regional,2023,0.4837608648649972,0.502355744244722,0.5079516218351381,0.492633229082831,0.5325363110968391,Y_comp,PRE,
1089,15240,Mid-Coast,2023,0.4878136711555637,0.502355744244722,0.5119875410663581,0.5027731328446952,0.49797417437606045,Y_comp,PRE,
1090,11720,Cessnock,2023,0.497087711240615,0.502355744244722,0.4921240116859552,0.49613094737049923,0.39499956220353116,Y_comp,PRE,
1090,12700,Dungog,2023,0.2777037582101718,0.502355744244722,0.5129863350623709,0.5082003801681194,0.47518505639162434,Y_comp,PRE,
1090,16400,Port Stephens,2023,0.5463982234674519,0.502355744244722,0.5006755309207203,0.4625858731337246,0.4646432562778526,Y_comp,PRE,
1091,15650,Muswellbrook,2023,0.4592425301326753,0.502355744244722,0.48474145646923733,0.503197247706224,0.5114335147485809,Y_comp,PRE,
1091,17620,Upper Hunter Shire,2023,0.7161113456322123,0.502355744244722,0.4985681782891678,0.48928144722581074,0.5213514489713771,Y_comp,PRE,
1092,11720,Cessnock,2023,0.5709300754435629,0.502355744244722,0.4921240116859552,0.4992087203190706,0.39499956220353116,Y_comp,PRE,
1093,15750,Narrabri,2023,0.3238539242490645,0.502355744244722,0.4930588843401559,0.5303567523509705,0.5436815091640343,Y_comp,PRE,
1099,17000,Singleton,2023,0.7760730310327814,0.502355744244722,0.497458677153556,0.4950403999841748,0.5364092758661907,Y_comp,PRE,
1112,10180,Armidale Regional,2023,0.4886036704039249,0.502355744244722,0.4940791702099078,0.5079855223886567,0.5481191559216585,Y_comp,PRE,
1114,14220,Inverell,2023,0.5281616132013359,0.502355744244722,0.5058549792879893,0.5118342223347021,0.5544777286102063,Y_comp,PRE,
1114,17400,Tenterfield,2023,0.4524585715699551,0.502355744244722,0.5246562935938303,0.5044504838961025,0.5559562706971728,Y_comp,PRE,
1121,11730,Clarence Valley,2023,0.5176159482294161,0.502355744244722,0.5095766843837286,0.49987031642578617,0.5204837068065371,Y_comp,PRE,
1131,17620,Upper Hunter Shire,2023,0.8421639559298736,0.502355744244722,0.4985681782891678,0.49356892385272494,0.5213514489713771,Y_comp,PRE,
1132,17040,Snowy Monaro Regional,2023,0.4837608648649972,0.502355744244722,0.5079516218351381,0.49427017067387924,0.5325363110968391,Y_comp,PRE,
1133,14650,Lake Macquarie,2023,0.3892900614598998,0.502355744244722,0.4954084461728902,0.49176825685130326,0.4749847877560465,Y_comp,PRE,
1134,17310,Tamworth Regional,2023,0.5631475579854259,0.502355744244722,0.49500617643951833,0.4826260739889562,0.45664896422439466,Y_comp,PRE,
1135,11350,Byron,2023,0.2431438916474946,0.502355744244722,0.5045981868654612,0.5107582465476094,0.5085132506460277,Y_comp,PRE,
1136,14870,Lithgow,2023,0.3747112448871708,0.502355744244722,0.5019601360931795,0.4601971075966641,0.5080604954971496,Y_comp,PRE,
1137,16200,Parkes,2023,0.4627993620586325,0.502355744244722,0.4942146068854013,0.4835337492315628,0.5058086129996205,Y_comp,PRE,
1138,16610,Richmond Valley,2023,0.3910195280733972,0.502355744244722,0.5011476115477369,0.48954566121618137,0.4958133585804677,Y_comp,PRE,
1139,15270,Mid-Western Regional,2023,0.3035089606867086,0.502355744244722,0.5062363758174359,0.46363685561240026,0.482996646438885,Y_comp,PRE,
1140,17000,Singleton,2023,0.799992784119201,0.502355744244722,0.497458677153556,0.4764948571157074,0.5364092758661907,Y_comp,PRE,
1156,17400,Tenterfield,2024,0.4075963718820862,0.5008501025489165,0.532747509845001,0.49265513140092154,0.5457928800545377,Y_comp,PRE,
1189,15650,Muswellbrook,2024,0.5088813303099018,0.5008501025489165,0.4662149928185629,0.5037303879226501,0.4983581048478152,Y_comp,PRE,
1189,17000,Singleton,2024,0.7958947467876039,0.5008501025489165,0.4930908107447777,0.4973214412168145,0.5437186684190148,Y_comp,PRE,
1190,18710,Yass Valley,2024,0.7149234693877551,0.5008501025489165,0.480052423907014,0.46663888401651094,0.4702103884464542,Y_comp,PRE,
1191,17000,Singleton,2024,0.7958947467876039,0.5008501025489165,0.4930908107447777,0.49696730896004976,0.5437186684190148,Y_comp,PRE,
1192,17310,Tamworth Regional,2024,0.4608843537414966,0.5008501025489165,0.4948521926364859,0.4945435679559096,0.4805093876624459,Y_comp,PRE,
1192,17650,Uralla,2024,0.360969387755102,0.5008501025489165,0.5105819824430448,0.48914219032098344,0.4903591408897182,Y_comp,PRE,
1193,10470,Bathurst Regional,2024,0.2114040060468631,0.5008501025489165,0.4835046555262139,0.4877288649395105,0.4550384898602791,Y_comp,PRE,
1193,14870,Lithgow,2024,0.3578750944822373,0.5008501025489165,0.4942465435525884,0.5003170747003173,0.49914179517230345,Y_comp,PRE,
1196,15270,Mid-Western Regional,2024,0.2757936507936508,0.5008501025489165,0.5054245350499625,0.4610165607197924,0.4558020012186738,Y_comp,PRE,
1197,13800,Hawkesbury,2024,0.389786470143613,0.5008501025489165,0.4891435818959242,0.4863865579850164,0.4957726856627275,Y_comp,PRE,
1199,13660,Gwydir,2024,0.6521636432350718,0.5008501025489165,0.525796048342147,0.4759287002629644,0.5667624542453309,Y_comp,PRE,
1199,15750,Narrabri,2024,0.8095238095238095,0.5008501025489165,0.48229561191258524,0.440398397939486,0.46755685419234533,Y_comp,PRE,
1203,15750,Narrabri,2024,0.6072089947089947,0.5008501025489165,0.48229561191258524,0.4689494419375769,0.46755685419234533,Y_comp,PRE,
1203,18020,Warrumbungle Shire,2024,0.1850151171579743,0.5008501025489165,0.5170701057715406,0.4982284290121948,0.5197206319243037,Y_comp,PRE,
770,11720,Cessnock,2017,0.3371604467300884,0.5055023506287687,0.5046223446702006,0.5109262335128173,0.4171215876290957,Y_comp,PRE,
771,14350,Kempsey,2017,0.3819404355428055,0.5055023506287687,0.5019997795351542,0.5232742751094452,0.550282047491265,Y_comp,PRE,
772,15240,Mid-Coast,2017,0.6131762481273281,0.5055023506287687,0.5056638262213171,0.5012667158394781,0.44696012007666525,Y_comp,PRE,
772,16380,Port Macquarie-Hastings,2017,0.4067091506090929,0.5055023506287687,0.5072069205619391,0.5068571176294101,0.5314637983657374,Y_comp,PRE,
776,17400,Tenterfield,2017,0.5668709357906376,0.5055023506287687,0.5068105193253808,0.516837219490055,0.5292131720056432,Y_comp,PRE,
792,17000,Singleton,2017,0.3016934951907433,0.5055023506287687,0.5078083011071864,0.4706434124112914,0.6071165718889685,Y_comp,PRE,
818,16950,Shoalhaven,2018,0.4870123731587407,0.5024352188662249,0.50440768986127,0.5000375232786665,0.4558857276895172,Y_comp,PRE,
819,11720,Cessnock,2018,0.3262474924451738,0.5024352188662249,0.5009998231615098,0.4966060048712463,0.41856990459043936,Y_comp,PRE,
819,16400,Port Stephens,2018,0.4477767713399532,0.5024352188662249,0.5006002639198462,0.5234622054893759,0.45939452753956045,Y_comp,PRE,
820,10550,Bega Valley,2018,0.5799574538948403,0.5024352188662249,0.5054902666320259,0.5188448808605898,0.5632042635651743,Y_comp,PRE,
820,12750,Eurobodalla,2018,0.3379343141236641,0.5024352188662249,0.5081611834144749,0.4853904657024544,0.5267277214864472,Y_comp,PRE,
823,14550,Kyogle,2018,0.4450665612763124,0.5024352188662249,0.50759165239095,0.47486284943265655,0.544798941412591,Y_comp,PRE,
823,16610,Richmond Valley,2018,0.3499735184114805,0.5024352188662249,0.5009425050810036,0.5215859067001372,0.48898860770192876,Y_comp,PRE,
824,11730,Clarence Valley,2018,0.3754163365772927,0.5024352188662249,0.5036826860672556,0.5198258139297106,0.5496040936879014,Y_comp,PRE,
824,13010,Glen Innes Severn,2018,0.3842166465491401,0.5024352188662249,0.5013189310208123,0.4945293034528458,0.537589771681696,Y_comp,PRE,
841,17310,Tamworth Regional,2018,0.4497235251498072,0.5024352188662249,0.5012305347331141,0.4861764040676385,0.46043655028589536,Y_comp,PRE,
842,11720,Cessnock,2018,0.310516199928167,0.5024352188662249,0.5009998231615098,0.4770361618219262,0.41856990459043936,Y_comp,PRE,
842,16400,Port Stephens,2018,0.4723303427685246,0.5024352188662249,0.5006002639198462,0.5162977153743148,0.45939452753956045,Y_comp,PRE,
843,10180,Armidale Regional,2018,0.5591556552129506,0.5024352188662249,0.5004372600764284,0.43346362338167266,0.5054639143868067,Y_comp,PRE,
843,14220,Inverell,2018,0.7349775771277949,0.5024352188662249,0.5040587940488249,0.5165007614590031,0.5339642369255341,Y_comp,PRE,
843,17400,Tenterfield,2018,0.7327702826640017,0.5024352188662249,0.5062629107370026,0.5227848348913521,0.5007747126135614,Y_comp,PRE,
847,10180,Armidale Regional,2018,0.6034205834064502,0.5024352188662249,0.5004372600764284,0.4983641403727438,0.5054639143868067,Y_comp,PRE,
851,13010,Glen Innes Severn,2018,0.4701482414093064,0.5024352188662249,0.5013189310208123,0.5056482437911419,0.537589771681696,Y_comp,PRE,
853,11400,Cabonne,2018,0.5841066217804822,0.5024352188662249,0.5051219627463689,0.47318894530701155,0.5170045625642896,Y_comp,PRE,
853,16200,Parkes,2018,0.5448051268245993,0.5024352188662249,0.498995720884901,0.49760619877328116,0.4966326288934486,Y_comp,PRE,
855,17310,Tamworth Regional,2018,0.5574864219752039,0.5024352188662249,0.5012305347331141,0.49314500092517544,0.46043655028589536,Y_comp,PRE,
860,17080,Snowy Valleys,2018,0.4544814819974904,0.5024352188662249,0.5040503880307696,0.5062193887211788,0.5157278229326319,Y_comp,PRE,
862,17310,Tamworth Regional,2018,0.5574864219752039,0.5024352188662249,0.5012305347331141,0.46558228537340135,0.46043655028589536,Y_comp,PRE,
862,17620,Upper Hunter Shire,2018,0.584255466913175,0.5024352188662249,0.5014286830008886,0.44662673459174485,0.5556019244819494,Y_comp,PRE,
864,17400,Tenterfield,2018,0.5819632468867277,0.5024352188662249,0.5062629107370026,0.50602045118311,0.5007747126135614,Y_comp,PRE,
866,15900,Newcastle,2018,0.3288512430529555,0.5024352188662249,0.4981440397501127,0.5009485509264929,0.464783638741263,Y_comp,PRE,
867,15650,Muswellbrook,2018,0.5295345446073494,0.5024352188662249,0.49684308299606056,0.4628782204830019,0.5015097984519674,Y_comp,PRE,
867,17000,Singleton,2018,0.4516447552680638,0.5024352188662249,0.5025988857667505,0.4317265672651734,0.5687184059701835,Y_comp,PRE,
871,10180,Armidale Regional,2019,0.5826628276222223,0.4777182957738163,0.4786354139510907,0.4536191574128632,0.5054217315284442,Y_comp,PRE,
871,10250,Ballina,2019,0.5066495841968452,0.4777182957738163,0.48244547393561577,0.4675116181220519,0.4619900747400948,Y_comp,PRE,
871,10550,Bega Valley,2019,0.757381265602641,0.4777182957738163,0.4728270646324901,0.4496081517431457,0.49836947994060043,Y_comp,PRE,
871,10600,Bellingen,2019,0.5564702229973558,0.4777182957738163,0.4726705708620736,0.45800064709318145,0.48734169228074137,Y_comp,PRE,
871,10900,Blue Mountains,2019,0.5699442003462798,0.4777182957738163,0.47409360956047536,0.45050062874312324,0.47543841742402587,Y_comp,PRE,
871,11350,Byron,2019,0.454589217171805,0.4777182957738163,0.4758881680505782,0.46344912746178984,0.454205988482762,Y_comp,PRE,
871,11650,Central Coast (NSW),2019,0.4080524776285559,0.4777182957738163,0.4769401807383904,0.4558031425186012,0.46610087502276576,Y_comp,PRE,
871,11720,Cessnock,2019,0.4464450905862321,0.4777182957738163,0.4740803944805312,0.45293539872504335,0.38553794613992903,Y_comp,PRE,
871,11730,Clarence Valley,2019,0.6573081064764981,0.4777182957738163,0.47233065572596616,0.45011743847702207,0.4454341252929774,Y_comp,PRE,
871,11800,Coffs Harbour,2019,0.6004846555014569,0.4777182957738163,0.47648185138345234,0.46378477702067117,0.4604411140707046,Y_comp,PRE,
871,12160,Cootamundra-Gundagai Regional,2019,0.479875618517773,0.4777182957738163,0.4855651827751848,0.4730622415519168,0.4885052105989799,Y_comp,PRE,
871,12700,Dungog,2019,0.5290994448064752,0.4777182957738163,0.47595955435506965,0.46348665050264487,0.39773737222729844,Y_comp,PRE,
871,12750,Eurobodalla,2019,0.6894506472241284,0.4777182957738163,0.4722897777642232,0.4479534915550448,0.4326969061792278,Y_comp,PRE,
871,13010,Glen Innes Severn,2019,0.6818946220345562,0.4777182957738163,0.4733449827931472,0.45303382737469483,0.4195793107106112,Y_comp,PRE,
871,13310,Goulburn Mulwaree,2019,0.5208663427682632,0.4777182957738163,0.4802724834117148,0.4645904202080089,0.5109109991896207,Y_comp,PRE,
871,13340,Greater Hume Shire,2019,0.6478427705218672,0.4777182957738163,0.4832645172130327,0.46179464307661183,0.4986915091904024,Y_comp,PRE,
871,13660,Gwydir,2019,0.3891367803440396,0.4777182957738163,0.4763599116501675,0.4740448472519855,0.5642193950375554,Y_comp,PRE,
871,13800,Hawkesbury,2019,0.6177052195343055,0.4777182957738163,0.4743719137477259,0.4481621798665985,0.4230117118276883,Y_comp,PRE,
871,14220,Inverell,2019,0.6210393433287669,0.4777182957738163,0.48180247722107566,0.47022221076045556,0.536016532913073,Y_comp,PRE,
871,14350,Kempsey,2019,0.6381454982470381,0.4777182957738163,0.46863393486361316,0.4505108958190471,0.4532119374675379,Y_comp,PRE,
871,14500,Ku-ring-gai,2019,0.5140685116821815,0.4777182957738163,0.48412897849378816,0.4916539349139971,0.49730493467318687,Y_comp,PRE,
871,14550,Kyogle,2019,0.7039858601386109,0.4777182957738163,0.47329441127649335,0.46138071559308486,0.442576185933167,Y_comp,PRE,
871,14650,Lake Macquarie,2019,0.4412335428818749,0.4777182957738163,0.478239702160424,0.4761407721699836,0.4493946982010607,Y_comp,PRE,
871,14850,Lismore,2019,0.537045146110824,0.4777182957738163,0.47550704952440664,0.46619867065196396,0.4581929471428448,Y_comp,PRE,
871,14870,Lithgow,2019,0.7614563088865741,0.4777182957738163,0.4735007083193313,0.44996731171326715,0.4101254079760228,Y_comp,PRE,
871,15240,Mid-Coast,2019,0.556776601759354,0.4777182957738163,0.4761772587449058,0.45484791485024223,0.46223970929060526,Y_comp,PRE,
871,15270,Mid-Western Regional,2019,0.6446166148409812,0.4777182957738163,0.47677698274518526,0.4594780628263642,0.41590513426165826,Y_comp,PRE,
871,15650,Muswellbrook,2019,0.5101795834647513,0.4777182957738163,0.4744353866056341,0.45357781616270604,0.4887634536668249,Y_comp,PRE,
871,15700,Nambucca Valley,2019,0.6061592168989979,0.4777182957738163,0.47156576687885793,0.45404767958432524,0.4602912731171651,Y_comp,PRE,
871,15750,Narrabri,2019,0.5383715545370362,0.4777182957738163,0.4780811680525255,0.4708081739438943,0.5197719952730022,Y_comp,PRE,
871,16100,Oberon,2019,0.5605581285710237,0.4777182957738163,0.4801793946700451,0.4552325814216129,0.4402105132585186,Y_comp,PRE,
871,16350,Penrith,2019,0.4633759924723313,0.4777182957738163,0.4805441025122091,0.4886470330079,0.4520734623975677,Y_comp,PRE,
871,16380,Port Macquarie-Hastings,2019,0.585066716668931,0.4777182957738163,0.47716452583030183,0.45148562153354266,0.44072615117721753,Y_comp,PRE,
871,16490,Queanbeyan-Palerang Regional,2019,0.6898472508709075,0.4777182957738163,0.4806647265661598,0.4544790409135745,0.5049689245358527,Y_comp,PRE,
871,16610,Richmond Valley,2019,0.5498701070369045,0.4777182957738163,0.4742822334594982,0.4508713457709863,0.42735498573930797,Y_comp,PRE,
871,16950,Shoalhaven,2019,0.4903027555676961,0.4777182957738163,0.4750908547638723,0.44843101337789154,0.41874118616962186,Y_comp,PRE,
871,17000,Singleton,2019,0.5649355896281821,0.4777182957738163,0.4776676018232558,0.45179052709616574,0.5392237130130253,Y_comp,PRE,
871,17040,Snowy Monaro Regional,2019,0.622135012216799,0.4777182957738163,0.47976885945690984,0.4577068532698331,0.45434751782612437,Y_comp,PRE,
871,17080,Snowy Valleys,2019,0.6293137399177371,0.4777182957738163,0.477775477220352,0.45063444698666666,0.44439305061529766,Y_comp,PRE,
871,17150,Sutherland Shire,2019,0.4579844762298009,0.4777182957738163,0.48145022509891566,0.49366969929364607,0.5084483504512182,Y_comp,PRE,
871,17310,Tamworth Regional,2019,0.4285407187606602,0.4777182957738163,0.4813091166775947,0.4625958139255128,0.4767504859718075,Y_comp,PRE,
871,17400,Tenterfield,2019,0.6857164433316003,0.4777182957738163,0.4724217608027421,0.4527662333474627,0.5030943556631399,Y_comp,PRE,
871,17550,Tweed,2019,0.5674734641747852,0.4777182957738163,0.4789120230644151,0.4707602215458951,0.4720111954294666,Y_comp,PRE,
871,17620,Upper Hunter Shire,2019,0.4409753408070082,0.4777182957738163,0.4821087975695194,0.465876409910512,0.5723057486787062,Y_comp,PRE,
871,17640,Upper Lachlan Shire,2019,0.6078629152929618,0.4777182957738163,0.4858866184391341,0.4645774502193988,0.5061055161709271,Y_comp,PRE,
871,17650,Uralla,2019,0.6353061587970494,0.4777182957738163,0.4796771027815522,0.46704149819564855,0.4212592939874685,Y_comp,PRE,
871,17750,Wagga Wagga,2019,0.3269697377968228,0.4777182957738163,0.4828209970240452,0.46777292357276845,0.463483030595283,Y_comp,PRE,
871,17850,Walcha,2019,0.7393924889231863,0.4777182957738163,0.4793764020727304,0.4516535605176472,0.47491066029624357,Y_comp,PRE,
871,18350,Wingecarribee,2019,0.6867350429445368,0.4777182957738163,0.4816940366745188,0.4542189442367737,0.5010823770588709,Y_comp,PRE,
871,18400,Wollondilly,2019,0.5814534686955606,0.4777182957738163,0.4744385751781454,0.4492328017267916,0.49158912521647224,Y_comp,PRE,
880,11730,Clarence Valley,2019,0.5123277062585777,0.4777182957738163,0.47233065572596616,0.45983981459384343,0.4454341252929774,Y_comp,PRE,
880,14350,Kempsey,2019,0.6147438227620294,0.4777182957738163,0.46863393486361316,0.46524624619046695,0.4532119374675379,Y_comp,PRE,
880,14550,Kyogle,2019,0.6106201827127393,0.4777182957738163,0.47329441127649335,0.4796493794296993,0.442576185933167,Y_comp,PRE,
880,15240,Mid-Coast,2019,0.5029865062174773,0.4777182957738163,0.4761772587449058,0.47711219429081364,0.46223970929060526,Y_comp,PRE,
880,15700,Nambucca Valley,2019,0.568417420633954,0.4777182957738163,0.47156576687885793,0.5061001650934162,0.4602912731171651,Y_comp,PRE,
880,16380,Port Macquarie-Hastings,2019,0.4949084944852562,0.4777182957738163,0.47716452583030183,0.47329145837961006,0.44072615117721753,Y_comp,PRE,
880,16610,Richmond Valley,2019,0.506983832156582,0.4777182957738163,0.4742822334594982,0.46616039936969983,0.42735498573930797,Y_comp,PRE,
NSW1718-05,12700,Dungog,2017,0.3127154856298865,0.5055023506287687,0.5078337135259051,0.5051151442648354,0.46470898510344294,Y_comp,PRE,
NSW1718-05,15240,Mid-Coast,2017,0.6131762481273281,0.5055023506287687,0.5056638262213171,0.506720700988518,0.44696012007666525,Y_comp,PRE,
NSW1718-05,16380,Port Macquarie-Hastings,2017,0.5081993799636225,0.5055023506287687,0.5072069205619391,0.5078474505392078,0.5314637983657374,Y_comp,PRE,
NSW1718-05,17620,Upper Hunter Shire,2017,0.5837532016342736,0.5055023506287687,0.505991388700981,0.4757322811820585,0.5587624496227225,Y_comp,PRE,
NSW1718-06,14350,Kempsey,2017,0.3321640435045086,0.5055023506287687,0.5019997795351542,0.5094567948365027,0.550282047491265,Y_comp,PRE,
NSW1718-06,16380,Port Macquarie-Hastings,2017,0.361735605635548,0.5055023506287687,0.5072069205619391,0.5184624337398959,0.5314637983657374,Y_comp,PRE,
NSW1718-08,17310,Tamworth Regional,2017,0.4057573313151801,0.5055023506287687,0.505857464574331,0.498051468222961,0.4964919224526454,Y_comp,PRE,
NSW1718-09,13660,Gwydir,2017,0.768552094728176,0.5055023506287687,0.5060969907305276,0.49895757479034036,0.4960143688742498,Y_comp,PRE,
NSW1718-09,17310,Tamworth Regional,2017,0.3930022292743637,0.5055023506287687,0.505857464574331,0.5169582993314241,0.4964919224526454,Y_comp,PRE,
NSW1718-09,17650,Uralla,2017,0.3490173847316704,0.5055023506287687,0.5063393873633041,0.5011509864342722,0.4969003066748756,Y_comp,PRE,
NSW1718-10,16400,Port Stephens,2017,0.4385005994602711,0.5055023506287687,0.5037724257207088,0.5226936298079983,0.46017128619227854,Y_comp,PRE,
NSW1718-11,11720,Cessnock,2017,0.3256527044836553,0.5055023506287687,0.5046223446702006,0.4753235713324373,0.4171215876290957,Y_comp,PRE,
NSW1718-11,15650,Muswellbrook,2017,0.5755654262845288,0.5055023506287687,0.5011406943483829,0.4625704486535546,0.48838737388147796,Y_comp,PRE,
NSW1718-11,17000,Singleton,2017,0.3989472114920787,0.5055023506287687,0.5078083011071864,0.5262795461365372,0.6071165718889685,Y_comp,PRE,
NSW1718-12,15750,Narrabri,2017,0.571710831177809,0.5055023506287687,0.5023651989628822,0.523553935183112,0.5001352535367701,Y_comp,PRE,
NSW1718-12,18020,Warrumbungle Shire,2017,0.3436315517758339,0.5055023506287687,0.5049922923025405,0.5164061963239306,0.4742432413741387,Y_comp,PRE,
NSW1718-13,17640,Upper Lachlan Shire,2017,0.5454533509221501,0.5055023506287687,0.5110780567794772,0.49992652445412744,0.5410164531554541,Y_comp,PRE,
NSW1718-14,17150,Sutherland Shire,2017,0.5097307069804488,0.5055023506287687,0.5072910310240573,0.5316601018597082,0.5270338128415428,Y_comp,PRE,
NSW1718-15,17620,Upper Hunter Shire,2017,0.5379135694851177,0.5055023506287687,0.505991388700981,0.49850069121251805,0.5587624496227225,Y_comp,PRE,
NSW1718-16,15270,Mid-Western Regional,2017,0.568529889621957,0.5055023506287687,0.5064423993283279,0.48556046290769117,0.43438840895636455,Y_comp,PRE,
NSW1718-16,15650,Muswellbrook,2017,0.5755654262845288,0.5055023506287687,0.5011406943483829,0.49072685655073134,0.48838737388147796,Y_comp,PRE,
NSW1718-17,10470,Bathurst Regional,2017,0.3590040147829092,0.5055023506287687,0.5034641435684731,0.48322957646778963,0.442044264470301,Y_comp,PRE,
NSW1718-17,11400,Cabonne,2017,0.4090280982577285,0.5055023506287687,0.5099212170991403,0.5028900864880262,0.5555047581940875,Y_comp,PRE,
NSW1718-18,14870,Lithgow,2017,0.4550728257057523,0.5055023506287687,0.503513748837004,0.4815260157454316,0.5014230441909733,Y_comp,PRE,
NSW1718-19,13660,Gwydir,2017,0.7754965391726205,0.5055023506287687,0.5060969907305276,0.49895978840569133,0.4960143688742498,Y_comp,PRE,
NSW1718-19,15750,Narrabri,2017,0.634210831177809,0.5055023506287687,0.5023651989628822,0.48982040046594444,0.5001352535367701,Y_comp,PRE,
NSW1718-20,10550,Bega Valley,2017,0.5965767932281155,0.5055023506287687,0.5071516909420741,0.495102687455132,0.5521361924830706,Y_comp,PRE,
NSW1718-21,14900,Liverpool,2017,0.3341133755631662,0.5055023506287687,0.49839411066194644,0.5328949258735468,0.46584162206417334,Y_comp,PRE,
NSW1718-21,17150,Sutherland Shire,2017,0.5091283827174102,0.5055023506287687,0.5072910310240573,0.5287718443824194,0.5270338128415428,Y_comp,PRE,
RAA-raa_2015_p15_r01,15750,Narrabri,2014,0.4913409640796575,0.5009909909958257,0.4923160326018987,0.46956024524183,0.5284797323627622,Y_comp,PRE,
RAA-raa_2015_p15_r05,10900,Blue Mountains,2015,0.5878682960711742,0.5026222061632893,0.5070959592829456,0.4995176008303957,0.5247310995768126,Y_comp,PRE,
RAA-raa_2015_p15_r09,16950,Shoalhaven,2015,0.3070826593659159,0.5026222061632893,0.5071251819654056,0.42717518034047436,0.48222370522986546,Y_comp,PRE,
RAA-raa_2015_p15_r11,13800,Hawkesbury,2015,0.2476607296295181,0.5026222061632893,0.5005149521747035,0.5130746328495536,0.5179635069760177,Y_comp,PRE,
RAA-raa_2016_p13_r06,14350,Kempsey,2016,0.4784138436612002,0.507263602725331,0.5004676142461317,0.5164170933178989,0.48936300991624304,Y_comp,PRE,
RAA-raa_2016_p13_r07,17400,Tenterfield,2016,0.3329305366631442,0.507263602725331,0.5172271107852326,0.5130570471155609,0.5493840528465136,Y_comp,PRE,
RAA-raa_2016_p13_r08,11720,Cessnock,2016,0.3785900572059768,0.507263602725331,0.5033397680212505,0.507555598804892,0.4174343747515178,Y_comp,PRE,
RAA-raa_2016_p13_r08,12700,Dungog,2016,0.406286430837376,0.507263602725331,0.5122962508906186,0.4963733365952807,0.44399734044107003,Y_comp,PRE,
RAA-raa_2016_p13_r08,15240,Mid-Coast,2016,0.2889347297468554,0.507263602725331,0.5125544803170132,0.4992010077832242,0.5445597624941702,Y_comp,PRE,
RAA-raa_2016_p13_r08,16400,Port Stephens,2016,0.3462650086681547,0.507263602725331,0.5014856536949938,0.5328395652123131,0.4703907410749873,Y_comp,PRE,
RAA-raa_2016_p13_r12,16350,Penrith,2016,0.5324248270950599,0.507263602725331,0.48917603219852845,0.5090433669828398,0.4291050758684515,Y_comp,PRE,
RAA-raa_2016_p13_r16,11720,Cessnock,2016,0.3892538631227083,0.507263602725331,0.5033397680212505,0.5080406658072669,0.4174343747515178,Y_comp,PRE,
RAA-raa_2016_p13_r17,15270,Mid-Western Regional,2016,0.3889819467708915,0.507263602725331,0.5090857084421557,0.4941626241284166,0.4571551163728326,Y_comp,PRE,
RAA-raa_2016_p13_r22,11720,Cessnock,2016,0.3617722189595672,0.507263602725331,0.5033397680212505,0.5035741692009555,0.4174343747515178,Y_comp,PRE,
RAA-raa_2016_p13_r23,14350,Kempsey,2016,0.5688380689068541,0.507263602725331,0.5004676142461317,0.4921638459819519,0.48936300991624304,Y_comp,PRE,
RAA-raa_2016_p13_r23,15240,Mid-Coast,2016,0.2792354279536165,0.507263602725331,0.5125544803170132,0.5185687792242903,0.5445597624941702,Y_comp,PRE,
RAA-raa_2016_p13_r23,15270,Mid-Western Regional,2016,0.4975929027855326,0.507263602725331,0.5090857084421557,0.5116807939319641,0.4571551163728326,Y_comp,PRE,
RAA-raa_2016_p13_r23,17620,Upper Hunter Shire,2016,0.5211599063597149,0.507263602725331,0.5056156511700939,0.5180079504414534,0.5665300885320426,Y_comp,PRE,
RAA-raa_2016_p13_r23,18020,Warrumbungle Shire,2016,0.5793565817777042,0.507263602725331,0.5090394926188265,0.5239393470050328,0.46427327168925114,Y_comp,PRE,
RAA-raa_2016_p13_r26,17000,Singleton,2016,0.3891019091425887,0.507263602725331,0.5062692168227754,0.5060202167186154,0.575100971265448,Y_comp,PRE,
1052,10470,Bathurst Regional,2022,0.4438642205517822,0.5048110082817407,0.4875166972908893,0.5001006850844534,0.45381362372364387,Y_comp,PRE+FIRE,
1052,10950,Bogan,2022,0.4683091870418849,0.5048110082817407,0.5216666073718319,0.49997041331760267,0.5097905457606997,Y_comp,PRE+FIRE,
1052,11200,Brewarrina,2022,0.340255553375306,0.5048110082817407,0.5100514885221458,0.4372539474592493,0.518266756314253,Y_comp,PRE+FIRE,
1052,11400,Cabonne,2022,0.5152101646463223,0.5048110082817407,0.5557869436738574,0.47167057455219386,0.5452884066511638,Y_comp,PRE+FIRE,
1052,12150,Coonamble,2022,0.4181339407322451,0.5048110082817407,0.492908655887177,0.45612508693775616,0.5074218633641204,Y_comp,PRE+FIRE,
1052,12350,Cowra,2022,0.5980615490850248,0.5048110082817407,0.4866026942252751,0.48924763210302397,0.4954470727235943,Y_comp,PRE+FIRE,
1052,12390,Dubbo Regional,2022,0.2751966952725333,0.5048110082817407,0.4892483642883016,0.49387830585265485,0.4927148422501113,Y_comp,PRE+FIRE,
1052,15270,Mid-Western Regional,2022,0.4382287093827401,0.5048110082817407,0.5427511474454323,0.5146677817054962,0.44294712258221386,Y_comp,PRE+FIRE,
1052,17620,Upper Hunter Shire,2022,0.501302228736274,0.5048110082817407,0.5008286950610398,0.47913162259221276,0.5502528470144401,Y_comp,PRE+FIRE,
1052,17900,Walgett,2022,0.6422508188824356,0.5048110082817407,0.4759036091783793,0.49083717470321586,0.5133630490138363,Y_comp,PRE+FIRE,
1052,17950,Warren,2022,0.619949620538766,0.5048110082817407,0.5855739610671543,0.43382727141932526,0.5139508481864442,Y_comp,PRE+FIRE,
1053,13660,Gwydir,2022,0.5716472595124704,0.5048110082817407,0.5345746194579671,0.4958638642804079,0.4752528730043944,Y_comp,PRE+FIRE,
1053,15750,Narrabri,2022,0.3876318648838218,0.5048110082817407,0.48295754946675223,0.4689431587702335,0.5293892079798791,Y_comp,PRE+FIRE,
1054,13660,Gwydir,2022,0.5710685558087667,0.5048110082817407,0.542844922449031,0.42939632399619965,0.5079618780497706,Y_comp,PRE+FIRE,
1054,15300,Moree Plains,2022,0.4956015741594217,0.5048110082817407,0.4916219852769623,0.4647074689000383,0.46918859633173976,Y_comp,PRE+FIRE,
1054,15750,Narrabri,2022,0.3882105685875255,0.5048110082817407,0.4915008812252135,0.4980749200701347,0.5749131296736967,Y_comp,PRE+FIRE,
1055,10850,Blayney,2022,0.4515107123033886,0.5048110082817407,0.5765690162935767,0.4483728094233773,0.5193356025709235,Y_comp,PRE+FIRE,
1055,11400,Cabonne,2022,0.5152101646463223,0.5048110082817407,0.5515333649300782,0.47215025194370286,0.5387609473016883,Y_comp,PRE+FIRE,
1055,12350,Cowra,2022,0.5980615490850248,0.5048110082817407,0.47567127029497647,0.49031383728290245,0.48518167645904325,Y_comp,PRE+FIRE,
1055,14920,Liverpool Plains,2022,0.1834051537503168,0.5048110082817407,0.46019479545725606,0.49437361549599224,0.5324593940161043,Y_comp,PRE+FIRE,
1055,17620,Upper Hunter Shire,2022,0.4804688954029406,0.5048110082817407,0.49409293203412663,0.47969751016761425,0.5405782487541526,Y_comp,PRE+FIRE,
1056,11750,Cobar,2022,0.5217278110889252,0.5048110082817407,0.5061940349748079,0.49354412652665186,0.5265450712803291,Y_comp,PRE+FIRE,
1056,17640,Upper Lachlan Shire,2022,0.5386673491819275,0.5048110082817407,0.6385093107719857,0.5042425685527652,0.5659984836886103,Y_comp,PRE+FIRE,
1065,12160,Cootamundra-Gundagai Regional,2022,0.4739468568761701,0.5048110082817407,0.504140350988381,0.48919298202117895,0.46806930197522845,Y_comp,PRE+FIRE,
1066,17640,Upper Lachlan Shire,2022,0.4274239629385412,0.5048110082817407,0.5465928908096132,0.48929068405866166,0.5195997626979438,Y_comp,PRE+FIRE,
1066,18710,Yass Valley,2022,0.4173274536087182,0.5048110082817407,0.5206087529939513,0.5017188710943172,0.5053561401690779,Y_comp,PRE+FIRE,
1070,10550,Bega Valley,2023,0.5254642716071976,0.502355744244722,0.5200721650913527,0.5107106322222922,0.5261950997543373,Y_comp,PRE+FIRE,
1071,10180,Armidale Regional,2023,0.4612195686150611,0.502355744244722,0.3621078066672912,0.4956093074648635,0.4624691155306949,Y_comp,PRE+FIRE,
1071,11730,Clarence Valley,2023,0.495081934623974,0.502355744244722,0.4868835859252385,0.5129732222181522,0.4586152536027521,Y_comp,PRE+FIRE,
1071,14350,Kempsey,2023,0.4855906130059187,0.502355744244722,0.4818894307831344,0.5142628607478336,0.4796493668624418,Y_comp,PRE+FIRE,
1071,15700,Nambucca Valley,2023,0.2910401592807957,0.502355744244722,0.4534404890605391,0.4932584592567606,0.46713037145168057,Y_comp,PRE+FIRE,
1075,11730,Clarence Valley,2023,0.5522142287457583,0.502355744244722,0.5111543430100266,0.5163654279942622,0.48898457226913594,Y_comp,PRE+FIRE,
1075,14220,Inverell,2023,0.5382397185175366,0.502355744244722,0.4877782222265741,0.5123897518519452,0.510062252098252,Y_comp,PRE+FIRE,
1075,14550,Kyogle,2023,0.5116141036665885,0.502355744244722,0.5465328005408407,0.504541876424129,0.48648719030202625,Y_comp,PRE+FIRE,
1075,17400,Tenterfield,2023,0.4923531879367256,0.502355744244722,0.6555956236456418,0.5266202193507858,0.6044606718240699,Y_comp,PRE+FIRE,
1076,14350,Kempsey,2023,0.5748576422941216,0.502355744244722,0.5637657792855755,0.531119490525044,0.6214670752258712,Y_comp,PRE+FIRE,
1076,15240,Mid-Coast,2023,0.4878136711555637,0.502355744244722,0.460014444865814,0.5023036239255048,0.48785258319599967,Y_comp,PRE+FIRE,
1076,16380,Port Macquarie-Hastings,2023,0.4779326712558239,0.502355744244722,0.46741612186238346,0.4989985825932189,0.47412676910268253,Y_comp,PRE+FIRE,
1081,17900,Walgett,2023,0.6037533493707472,0.502355744244722,0.6590410734321022,0.507167673896926,0.5837787533975828,Y_comp,PRE+FIRE,
1083,15270,Mid-Western Regional,2023,0.3058237755015233,0.502355744244722,0.48228107308979545,0.49217692114327294,0.4637869650442559,Y_comp,PRE+FIRE,
1084,17040,Snowy Monaro Regional,2023,0.4837608648649972,0.502355744244722,0.5051427420823019,0.492633229082831,0.4698736763939198,Y_comp,PRE+FIRE,
1089,15240,Mid-Coast,2023,0.4878136711555637,0.502355744244722,0.4954226810590428,0.5027731328446952,0.4916598127341755,Y_comp,PRE+FIRE,
1090,11720,Cessnock,2023,0.497087711240615,0.502355744244722,0.42186535623056715,0.49613094737049923,0.4299012613370441,Y_comp,PRE+FIRE,
1090,12700,Dungog,2023,0.2777037582101718,0.502355744244722,0.5272480691751218,0.5082003801681194,0.4474258508521506,Y_comp,PRE+FIRE,
1090,16400,Port Stephens,2023,0.5463982234674519,0.502355744244722,0.4753053034262942,0.4625858731337246,0.48012280048269285,Y_comp,PRE+FIRE,
1091,15650,Muswellbrook,2023,0.4592425301326753,0.502355744244722,0.4021068827120269,0.503197247706224,0.45592116584337455,Y_comp,PRE+FIRE,
1091,17620,Upper Hunter Shire,2023,0.7161113456322123,0.502355744244722,0.5207125843360838,0.48928144722581074,0.5022574623491648,Y_comp,PRE+FIRE,
1092,11720,Cessnock,2023,0.5709300754435629,0.502355744244722,0.47932465553047665,0.4992087203190706,0.48224765137441616,Y_comp,PRE+FIRE,
1093,15750,Narrabri,2023,0.3238539242490645,0.502355744244722,0.49819366951762056,0.5303567523509705,0.48683908070753396,Y_comp,PRE+FIRE,
1099,17000,Singleton,2023,0.7760730310327814,0.502355744244722,0.4715968683615747,0.4950403999841748,0.491821680508724,Y_comp,PRE+FIRE,
1112,10180,Armidale Regional,2023,0.4886036704039249,0.502355744244722,0.41198504880759945,0.5079855223886567,0.46884516377115293,Y_comp,PRE+FIRE,
1114,14220,Inverell,2023,0.5281616132013359,0.502355744244722,0.39360812403986695,0.5118342223347021,0.46144485511979433,Y_comp,PRE+FIRE,
1114,17400,Tenterfield,2023,0.4524585715699551,0.502355744244722,0.4786387549929617,0.5044504838961025,0.494899058118591,Y_comp,PRE+FIRE,
1121,11730,Clarence Valley,2023,0.5176159482294161,0.502355744244722,0.39850881004514666,0.49987031642578617,0.4236812832224612,Y_comp,PRE+FIRE,
1131,17620,Upper Hunter Shire,2023,0.8421639559298736,0.502355744244722,0.48756947757825936,0.49356892385272494,0.4738728915747003,Y_comp,PRE+FIRE,
1132,17040,Snowy Monaro Regional,2023,0.4837608648649972,0.502355744244722,0.508679257367497,0.49427017067387924,0.46076426057080194,Y_comp,PRE+FIRE,
1133,14650,Lake Macquarie,2023,0.3892900614598998,0.502355744244722,0.4741031956912348,0.49176825685130326,0.4719935247928151,Y_comp,PRE+FIRE,
1134,17310,Tamworth Regional,2023,0.5631475579854259,0.502355744244722,0.4752915712542524,0.4826260739889562,0.48248420968268446,Y_comp,PRE+FIRE,
1135,11350,Byron,2023,0.2431438916474946,0.502355744244722,0.41090441021111107,0.5107582465476094,0.4547891051466263,Y_comp,PRE+FIRE,
1136,14870,Lithgow,2023,0.3747112448871708,0.502355744244722,0.45984351867031065,0.4601971075966641,0.4562000374073518,Y_comp,PRE+FIRE,
1137,16200,Parkes,2023,0.4627993620586325,0.502355744244722,0.48630315796923457,0.4835337492315628,0.5031333808129548,Y_comp,PRE+FIRE,
1138,16610,Richmond Valley,2023,0.3910195280733972,0.502355744244722,0.42654645204599084,0.48954566121618137,0.4525482505565349,Y_comp,PRE+FIRE,
1139,15270,Mid-Western Regional,2023,0.3035089606867086,0.502355744244722,0.4704575154441693,0.46363685561240026,0.47344722504041953,Y_comp,PRE+FIRE,
1140,17000,Singleton,2023,0.799992784119201,0.502355744244722,0.4796655319317439,0.4764948571157074,0.46713677357025235,Y_comp,PRE+FIRE,
1156,17400,Tenterfield,2024,0.4075963718820862,0.5008501025489165,0.4992093269289176,0.49265513140092154,0.5033407725709574,Y_comp,PRE+FIRE,
1189,15650,Muswellbrook,2024,0.5088813303099018,0.5008501025489165,0.428642657868606,0.5037303879226501,0.45623479634646863,Y_comp,PRE+FIRE,
1189,17000,Singleton,2024,0.7958947467876039,0.5008501025489165,0.47619903475653724,0.4973214412168145,0.5066714300537525,Y_comp,PRE+FIRE,
1190,18710,Yass Valley,2024,0.7149234693877551,0.5008501025489165,0.5067546341724714,0.46663888401651094,0.48193352098210523,Y_comp,PRE+FIRE,
1191,17000,Singleton,2024,0.7958947467876039,0.5008501025489165,0.4790288343836104,0.49696730896004976,0.5108569573549081,Y_comp,PRE+FIRE,
1192,17310,Tamworth Regional,2024,0.4608843537414966,0.5008501025489165,0.485822950398528,0.4945435679559096,0.4958166362058018,Y_comp,PRE+FIRE,
1192,17650,Uralla,2024,0.360969387755102,0.5008501025489165,0.48984876254938475,0.48914219032098344,0.484045058040381,Y_comp,PRE+FIRE,
1193,10470,Bathurst Regional,2024,0.2114040060468631,0.5008501025489165,0.4596210229810264,0.4877288649395105,0.48645937293995617,Y_comp,PRE+FIRE,
1193,14870,Lithgow,2024,0.3578750944822373,0.5008501025489165,0.43007488835118907,0.5003170747003173,0.42845394506601875,Y_comp,PRE+FIRE,
1196,15270,Mid-Western Regional,2024,0.2757936507936508,0.5008501025489165,0.47051647342985625,0.4610165607197924,0.4627555584059035,Y_comp,PRE+FIRE,
1197,13800,Hawkesbury,2024,0.389786470143613,0.5008501025489165,0.436587064426782,0.4863865579850164,0.4363754689515122,Y_comp,PRE+FIRE,
1199,13660,Gwydir,2024,0.6521636432350718,0.5008501025489165,0.4789661784654266,0.4759287002629644,0.5042516092846379,Y_comp,PRE+FIRE,
1199,15750,Narrabri,2024,0.8095238095238095,0.5008501025489165,0.47405824781863326,0.440398397939486,0.46450999028761064,Y_comp,PRE+FIRE,
1203,15750,Narrabri,2024,0.6072089947089947,0.5008501025489165,0.43436217949406586,0.4689494419375769,0.46196502394993477,Y_comp,PRE+FIRE,
1203,18020,Warrumbungle Shire,2024,0.1850151171579743,0.5008501025489165,0.4053615059712677,0.4982284290121948,0.45949882090746696,Y_comp,PRE+FIRE,
770,11720,Cessnock,2017,0.3371604467300884,0.5055023506287687,0.45058999935170624,0.5109262335128173,0.45075251443761344,Y_comp,PRE+FIRE,
771,14350,Kempsey,2017,0.3819404355428055,0.5055023506287687,0.43784707800185846,0.5232742751094452,0.512475211904576,Y_comp,PRE+FIRE,
772,15240,Mid-Coast,2017,0.6131762481273281,0.5055023506287687,0.43978262126069445,0.5012667158394781,0.45717753099077213,Y_comp,PRE+FIRE,
772,16380,Port Macquarie-Hastings,2017,0.4067091506090929,0.5055023506287687,0.4392663651617245,0.5068571176294101,0.4734242149738999,Y_comp,PRE+FIRE,
776,17400,Tenterfield,2017,0.5668709357906376,0.5055023506287687,0.5012843370425926,0.516837219490055,0.49554367329746857,Y_comp,PRE+FIRE,
792,17000,Singleton,2017,0.3016934951907433,0.5055023506287687,0.5357048086572809,0.4706434124112914,0.550017301557322,Y_comp,PRE+FIRE,
818,16950,Shoalhaven,2018,0.4870123731587407,0.5024352188662249,0.45227811084933844,0.5000375232786665,0.4340061267694947,Y_comp,PRE+FIRE,
819,11720,Cessnock,2018,0.3262474924451738,0.5024352188662249,0.46201040749377786,0.4966060048712463,0.4343520251244086,Y_comp,PRE+FIRE,
819,16400,Port Stephens,2018,0.4477767713399532,0.5024352188662249,0.45194925082941073,0.5234622054893759,0.42807178129097057,Y_comp,PRE+FIRE,
820,10550,Bega Valley,2018,0.5799574538948403,0.5024352188662249,0.4744125232919284,0.5188448808605898,0.45949584528870896,Y_comp,PRE+FIRE,
820,12750,Eurobodalla,2018,0.3379343141236641,0.5024352188662249,0.4608792098968905,0.4853904657024544,0.4427034520928828,Y_comp,PRE+FIRE,
823,14550,Kyogle,2018,0.4450665612763124,0.5024352188662249,0.4796416743505483,0.47486284943265655,0.48002933722629526,Y_comp,PRE+FIRE,
823,16610,Richmond Valley,2018,0.3499735184114805,0.5024352188662249,0.5116954615683588,0.5215859067001372,0.4796785286054793,Y_comp,PRE+FIRE,
824,11730,Clarence Valley,2018,0.3754163365772927,0.5024352188662249,0.48559238165165586,0.5198258139297106,0.4636030513037807,Y_comp,PRE+FIRE,
824,13010,Glen Innes Severn,2018,0.3842166465491401,0.5024352188662249,0.4451155475461753,0.4945293034528458,0.4412459726292061,Y_comp,PRE+FIRE,
841,17310,Tamworth Regional,2018,0.4497235251498072,0.5024352188662249,0.48066504412659417,0.4861764040676385,0.4873015083209985,Y_comp,PRE+FIRE,
842,11720,Cessnock,2018,0.310516199928167,0.5024352188662249,0.4297143093619148,0.4770361618219262,0.42118241351961344,Y_comp,PRE+FIRE,
842,16400,Port Stephens,2018,0.4723303427685246,0.5024352188662249,0.45582286379055614,0.5162977153743148,0.41015943910673447,Y_comp,PRE+FIRE,
843,10180,Armidale Regional,2018,0.5591556552129506,0.5024352188662249,0.5092121601592361,0.43346362338167266,0.4755061728065947,Y_comp,PRE+FIRE,
843,14220,Inverell,2018,0.7349775771277949,0.5024352188662249,0.6020861368745795,0.5165007614590031,0.5385622531585245,Y_comp,PRE+FIRE,
843,17400,Tenterfield,2018,0.7327702826640017,0.5024352188662249,0.5407849304281216,0.5227848348913521,0.5279180621138998,Y_comp,PRE+FIRE,
847,10180,Armidale Regional,2018,0.6034205834064502,0.5024352188662249,0.45099587697857857,0.4983641403727438,0.440459653764066,Y_comp,PRE+FIRE,
851,13010,Glen Innes Severn,2018,0.4701482414093064,0.5024352188662249,0.4411561536878002,0.5056482437911419,0.45539617369814506,Y_comp,PRE+FIRE,
853,11400,Cabonne,2018,0.5841066217804822,0.5024352188662249,0.49144919021831585,0.47318894530701155,0.5030229677829993,Y_comp,PRE+FIRE,
853,16200,Parkes,2018,0.5448051268245993,0.5024352188662249,0.4329184580542833,0.49760619877328116,0.45459921940646947,Y_comp,PRE+FIRE,
855,17310,Tamworth Regional,2018,0.5574864219752039,0.5024352188662249,0.47144444115718365,0.49314500092517544,0.44143592855169844,Y_comp,PRE+FIRE,
860,17080,Snowy Valleys,2018,0.4544814819974904,0.5024352188662249,0.4558131590817497,0.5062193887211788,0.45189468880094397,Y_comp,PRE+FIRE,
862,17310,Tamworth Regional,2018,0.5574864219752039,0.5024352188662249,0.48347358064904217,0.46558228537340135,0.46981606022311856,Y_comp,PRE+FIRE,
862,17620,Upper Hunter Shire,2018,0.584255466913175,0.5024352188662249,0.5507973579519094,0.44662673459174485,0.5271104707441949,Y_comp,PRE+FIRE,
864,17400,Tenterfield,2018,0.5819632468867277,0.5024352188662249,0.49311269074139863,0.50602045118311,0.4632216851371391,Y_comp,PRE+FIRE,
866,15900,Newcastle,2018,0.3288512430529555,0.5024352188662249,0.42525803172010557,0.5009485509264929,0.449637194922087,Y_comp,PRE+FIRE,
867,15650,Muswellbrook,2018,0.5295345446073494,0.5024352188662249,0.4692115183634089,0.4628782204830019,0.4899399916519866,Y_comp,PRE+FIRE,
867,17000,Singleton,2018,0.4516447552680638,0.5024352188662249,0.5155841298906443,0.4317265672651734,0.4926169255508381,Y_comp,PRE+FIRE,
871,10180,Armidale Regional,2019,0.5826628276222223,0.4777182957738163,0.5332620145678082,0.4536191574128632,0.5245530549961739,Y_comp,PRE+FIRE,
871,10250,Ballina,2019,0.5066495841968452,0.4777182957738163,0.5072854771757306,0.4675116181220519,0.48222531484941183,Y_comp,PRE+FIRE,
871,10550,Bega Valley,2019,0.757381265602641,0.4777182957738163,0.579922122925522,0.4496081517431457,0.5431459732059981,Y_comp,PRE+FIRE,
871,10600,Bellingen,2019,0.5564702229973558,0.4777182957738163,0.4689760567135049,0.45800064709318145,0.5134401239061225,Y_comp,PRE+FIRE,
871,10900,Blue Mountains,2019,0.5699442003462798,0.4777182957738163,0.536116620087916,0.45050062874312324,0.5281889105373527,Y_comp,PRE+FIRE,
871,11350,Byron,2019,0.454589217171805,0.4777182957738163,0.4972531115783998,0.46344912746178984,0.46724913557652226,Y_comp,PRE+FIRE,
871,11650,Central Coast (NSW),2019,0.4080524776285559,0.4777182957738163,0.5114254857743054,0.4558031425186012,0.46252389927396426,Y_comp,PRE+FIRE,
871,11720,Cessnock,2019,0.4464450905862321,0.4777182957738163,0.4978556914445877,0.45293539872504335,0.4871466953753347,Y_comp,PRE+FIRE,
871,11730,Clarence Valley,2019,0.6573081064764981,0.4777182957738163,0.5568093868808912,0.45011743847702207,0.5228755422513817,Y_comp,PRE+FIRE,
871,11800,Coffs Harbour,2019,0.6004846555014569,0.4777182957738163,0.4707832835206684,0.46378477702067117,0.47709727731686424,Y_comp,PRE+FIRE,
871,12160,Cootamundra-Gundagai Regional,2019,0.479875618517773,0.4777182957738163,0.5263954093709665,0.4730622415519168,0.5043353061202089,Y_comp,PRE+FIRE,
871,12700,Dungog,2019,0.5290994448064752,0.4777182957738163,0.4560803255403115,0.46348665050264487,0.41715215821644086,Y_comp,PRE+FIRE,
871,12750,Eurobodalla,2019,0.6894506472241284,0.4777182957738163,0.5596193290689773,0.4479534915550448,0.5212202833026035,Y_comp,PRE+FIRE,
871,13010,Glen Innes Severn,2019,0.6818946220345562,0.4777182957738163,0.5421141284838659,0.45303382737469483,0.5192599224083863,Y_comp,PRE+FIRE,
871,13310,Goulburn Mulwaree,2019,0.5208663427682632,0.4777182957738163,0.4842314981439009,0.4645904202080089,0.4863889177531401,Y_comp,PRE+FIRE,
871,13340,Greater Hume Shire,2019,0.6478427705218672,0.4777182957738163,0.5496191171442543,0.46179464307661183,0.5206145248409609,Y_comp,PRE+FIRE,
871,13660,Gwydir,2019,0.3891367803440396,0.4777182957738163,0.4876376076709701,0.4740448472519855,0.5417524439614108,Y_comp,PRE+FIRE,
871,13800,Hawkesbury,2019,0.6177052195343055,0.4777182957738163,0.5766699393160359,0.4481621798665985,0.5116162381518744,Y_comp,PRE+FIRE,
871,14220,Inverell,2019,0.6210393433287669,0.4777182957738163,0.529729614462832,0.47022221076045556,0.5372977377971391,Y_comp,PRE+FIRE,
871,14350,Kempsey,2019,0.6381454982470381,0.4777182957738163,0.537371086647294,0.4505108958190471,0.5238763792521854,Y_comp,PRE+FIRE,
871,14500,Ku-ring-gai,2019,0.5140685116821815,0.4777182957738163,0.525234464697788,0.4916539349139971,0.4968620453026941,Y_comp,PRE+FIRE,
871,14550,Kyogle,2019,0.7039858601386109,0.4777182957738163,0.49442858336368256,0.46138071559308486,0.5029520870813614,Y_comp,PRE+FIRE,
871,14650,Lake Macquarie,2019,0.4412335428818749,0.4777182957738163,0.495292015911759,0.4761407721699836,0.5013630220009889,Y_comp,PRE+FIRE,
871,14850,Lismore,2019,0.537045146110824,0.4777182957738163,0.5010872112114125,0.46619867065196396,0.4605269035100665,Y_comp,PRE+FIRE,
871,14870,Lithgow,2019,0.7614563088865741,0.4777182957738163,0.5906525462500428,0.44996731171326715,0.5124153680806208,Y_comp,PRE+FIRE,
871,15240,Mid-Coast,2019,0.556776601759354,0.4777182957738163,0.5740250094653166,0.45484791485024223,0.5467930891198309,Y_comp,PRE+FIRE,
871,15270,Mid-Western Regional,2019,0.6446166148409812,0.4777182957738163,0.5322476071946242,0.4594780628263642,0.5070128373485686,Y_comp,PRE+FIRE,
871,15650,Muswellbrook,2019,0.5101795834647513,0.4777182957738163,0.5226170803656894,0.45357781616270604,0.5018711459814489,Y_comp,PRE+FIRE,
871,15700,Nambucca Valley,2019,0.6061592168989979,0.4777182957738163,0.5395222845935829,0.45404767958432524,0.5484483836631472,Y_comp,PRE+FIRE,
871,15750,Narrabri,2019,0.5383715545370362,0.4777182957738163,0.4797410622321665,0.4708081739438943,0.4974113945776648,Y_comp,PRE+FIRE,
871,16100,Oberon,2019,0.5605581285710237,0.4777182957738163,0.5165298681246797,0.4552325814216129,0.48291585552213884,Y_comp,PRE+FIRE,
871,16350,Penrith,2019,0.4633759924723313,0.4777182957738163,0.49090983534513255,0.4886470330079,0.472383084694924,Y_comp,PRE+FIRE,
871,16380,Port Macquarie-Hastings,2019,0.585066716668931,0.4777182957738163,0.5296064939610318,0.45148562153354266,0.5198666310822151,Y_comp,PRE+FIRE,
871,16490,Queanbeyan-Palerang Regional,2019,0.6898472508709075,0.4777182957738163,0.5788918370458846,0.4544790409135745,0.5290756520990715,Y_comp,PRE+FIRE,
871,16610,Richmond Valley,2019,0.5498701070369045,0.4777182957738163,0.5691344737643634,0.4508713457709863,0.5221810385159044,Y_comp,PRE+FIRE,
871,16950,Shoalhaven,2019,0.4903027555676961,0.4777182957738163,0.5858297404767291,0.44843101337789154,0.5182943338389073,Y_comp,PRE+FIRE,
871,17000,Singleton,2019,0.5649355896281821,0.4777182957738163,0.5819453413736831,0.45179052709616574,0.5445890883422301,Y_comp,PRE+FIRE,
871,17040,Snowy Monaro Regional,2019,0.622135012216799,0.4777182957738163,0.5843715383820863,0.4577068532698331,0.5122456325959367,Y_comp,PRE+FIRE,
871,17080,Snowy Valleys,2019,0.6293137399177371,0.4777182957738163,0.6245804244459251,0.45063444698666666,0.5219634712635672,Y_comp,PRE+FIRE,
871,17150,Sutherland Shire,2019,0.4579844762298009,0.4777182957738163,0.5281081149804577,0.49366969929364607,0.5076756540836355,Y_comp,PRE+FIRE,
871,17310,Tamworth Regional,2019,0.4285407187606602,0.4777182957738163,0.5078673689974242,0.4625958139255128,0.49407329879844153,Y_comp,PRE+FIRE,
871,17400,Tenterfield,2019,0.6857164433316003,0.4777182957738163,0.6014552446266113,0.4527662333474627,0.5584457265816071,Y_comp,PRE+FIRE,
871,17550,Tweed,2019,0.5674734641747852,0.4777182957738163,0.4869263634189136,0.4707602215458951,0.4632798847571603,Y_comp,PRE+FIRE,
871,17620,Upper Hunter Shire,2019,0.4409753408070082,0.4777182957738163,0.5361000434939068,0.465876409910512,0.5279480722898997,Y_comp,PRE+FIRE,
871,17640,Upper Lachlan Shire,2019,0.6078629152929618,0.4777182957738163,0.5686241730766164,0.4645774502193988,0.5295201782148954,Y_comp,PRE+FIRE,
871,17650,Uralla,2019,0.6353061587970494,0.4777182957738163,0.5167316808240284,0.46704149819564855,0.47504999658977,Y_comp,PRE+FIRE,
871,17750,Wagga Wagga,2019,0.3269697377968228,0.4777182957738163,0.4961203030834588,0.46777292357276845,0.47191857015989636,Y_comp,PRE+FIRE,
871,17850,Walcha,2019,0.7393924889231863,0.4777182957738163,0.6375159119004267,0.4516535605176472,0.5371394165599843,Y_comp,PRE+FIRE,
871,18350,Wingecarribee,2019,0.6867350429445368,0.4777182957738163,0.5957477135496188,0.4542189442367737,0.5429614438534729,Y_comp,PRE+FIRE,
871,18400,Wollondilly,2019,0.5814534686955606,0.4777182957738163,0.5752627452526495,0.4492328017267916,0.5347897280747318,Y_comp,PRE+FIRE,
880,11730,Clarence Valley,2019,0.5123277062585777,0.4777182957738163,0.5014745975159818,0.45983981459384343,0.5009502218068485,Y_comp,PRE+FIRE,
880,14350,Kempsey,2019,0.6147438227620294,0.4777182957738163,0.4752190640531586,0.46524624619046695,0.48223822177865205,Y_comp,PRE+FIRE,
880,14550,Kyogle,2019,0.6106201827127393,0.4777182957738163,0.44682425376902557,0.4796493794296993,0.42389124332424816,Y_comp,PRE+FIRE,
880,15240,Mid-Coast,2019,0.5029865062174773,0.4777182957738163,0.4474301472365772,0.47711219429081364,0.4207712868894583,Y_comp,PRE+FIRE,
880,15700,Nambucca Valley,2019,0.568417420633954,0.4777182957738163,0.45822315876586056,0.5061001650934162,0.43645502622983723,Y_comp,PRE+FIRE,
880,16380,Port Macquarie-Hastings,2019,0.4949084944852562,0.4777182957738163,0.5083483464805566,0.47329145837961006,0.4518990284009938,Y_comp,PRE+FIRE,
880,16610,Richmond Valley,2019,0.506983832156582,0.4777182957738163,0.4371724530105325,0.46616039936969983,0.43890713714716073,Y_comp,PRE+FIRE,
NSW1718-05,12700,Dungog,2017,0.3127154856298865,0.5055023506287687,0.49257664295771747,0.5051151442648354,0.4280227002270769,Y_comp,PRE+FIRE,
NSW1718-05,15240,Mid-Coast,2017,0.6131762481273281,0.5055023506287687,0.45465173090390154,0.506720700988518,0.4669124574566656,Y_comp,PRE+FIRE,
NSW1718-05,16380,Port Macquarie-Hastings,2017,0.5081993799636225,0.5055023506287687,0.46415210665767825,0.5078474505392078,0.47098023620034574,Y_comp,PRE+FIRE,
NSW1718-05,17620,Upper Hunter Shire,2017,0.5837532016342736,0.5055023506287687,0.5312794334700283,0.4757322811820585,0.547205029053348,Y_comp,PRE+FIRE,
NSW1718-06,14350,Kempsey,2017,0.3321640435045086,0.5055023506287687,0.3743004622165098,0.5094567948365027,0.4759484333501373,Y_comp,PRE+FIRE,
NSW1718-06,16380,Port Macquarie-Hastings,2017,0.361735605635548,0.5055023506287687,0.43731257601142637,0.5184624337398959,0.49135866120296373,Y_comp,PRE+FIRE,
NSW1718-08,17310,Tamworth Regional,2017,0.4057573313151801,0.5055023506287687,0.4855229003765184,0.498051468222961,0.48737783184275274,Y_comp,PRE+FIRE,
NSW1718-09,13660,Gwydir,2017,0.768552094728176,0.5055023506287687,0.4835276558065189,0.49895757479034036,0.47307796587525486,Y_comp,PRE+FIRE,
NSW1718-09,17310,Tamworth Regional,2017,0.3930022292743637,0.5055023506287687,0.4834512020316866,0.5169582993314241,0.4926035733630288,Y_comp,PRE+FIRE,
NSW1718-09,17650,Uralla,2017,0.3490173847316704,0.5055023506287687,0.47201370055439934,0.5011509864342722,0.4415930277568189,Y_comp,PRE+FIRE,
NSW1718-10,16400,Port Stephens,2017,0.4385005994602711,0.5055023506287687,0.432313422682576,0.5226936298079983,0.48004360928076495,Y_comp,PRE+FIRE,
NSW1718-11,11720,Cessnock,2017,0.3256527044836553,0.5055023506287687,0.44838644696341506,0.4753235713324373,0.42487352266316175,Y_comp,PRE+FIRE,
NSW1718-11,15650,Muswellbrook,2017,0.5755654262845288,0.5055023506287687,0.4680356282173476,0.4625704486535546,0.4791727956987643,Y_comp,PRE+FIRE,
NSW1718-11,17000,Singleton,2017,0.3989472114920787,0.5055023506287687,0.47541283507749066,0.5262795461365372,0.5619449648443685,Y_comp,PRE+FIRE,
NSW1718-12,15750,Narrabri,2017,0.571710831177809,0.5055023506287687,0.38998693259422235,0.523553935183112,0.46669165298582826,Y_comp,PRE+FIRE,
NSW1718-12,18020,Warrumbungle Shire,2017,0.3436315517758339,0.5055023506287687,0.36598853790276076,0.5164061963239306,0.43796800324803015,Y_comp,PRE+FIRE,
NSW1718-13,17640,Upper Lachlan Shire,2017,0.5454533509221501,0.5055023506287687,0.557651947874858,0.49992652445412744,0.4835569256930208,Y_comp,PRE+FIRE,
NSW1718-14,17150,Sutherland Shire,2017,0.5097307069804488,0.5055023506287687,0.446707595180425,0.5316601018597082,0.5227304926868125,Y_comp,PRE+FIRE,
NSW1718-15,17620,Upper Hunter Shire,2017,0.5379135694851177,0.5055023506287687,0.506484913611907,0.49850069121251805,0.5312042096857024,Y_comp,PRE+FIRE,
NSW1718-16,15270,Mid-Western Regional,2017,0.568529889621957,0.5055023506287687,0.45925739792594905,0.48556046290769117,0.4238657030912992,Y_comp,PRE+FIRE,
NSW1718-16,15650,Muswellbrook,2017,0.5755654262845288,0.5055023506287687,0.4597835818322754,0.49072685655073134,0.4553623543166988,Y_comp,PRE+FIRE,
NSW1718-17,10470,Bathurst Regional,2017,0.3590040147829092,0.5055023506287687,0.4576047672016661,0.48322957646778963,0.4671161970596684,Y_comp,PRE+FIRE,
NSW1718-17,11400,Cabonne,2017,0.4090280982577285,0.5055023506287687,0.6082383921756328,0.5028900864880262,0.5390401522600283,Y_comp,PRE+FIRE,
NSW1718-18,14870,Lithgow,2017,0.4550728257057523,0.5055023506287687,0.4609323399096124,0.4815260157454316,0.42642018822745287,Y_comp,PRE+FIRE,
NSW1718-19,13660,Gwydir,2017,0.7754965391726205,0.5055023506287687,0.4829401652908731,0.49895978840569133,0.47763092568529536,Y_comp,PRE+FIRE,
NSW1718-19,15750,Narrabri,2017,0.634210831177809,0.5055023506287687,0.46071850811793863,0.48982040046594444,0.49548365912610015,Y_comp,PRE+FIRE,
NSW1718-20,10550,Bega Valley,2017,0.5965767932281155,0.5055023506287687,0.614470875361887,0.495102687455132,0.5491577625157859,Y_comp,PRE+FIRE,
NSW1718-21,14900,Liverpool,2017,0.3341133755631662,0.5055023506287687,0.40741646476935955,0.5328949258735468,0.4637868723465412,Y_comp,PRE+FIRE,
NSW1718-21,17150,Sutherland Shire,2017,0.5091283827174102,0.5055023506287687,0.44639088981537417,0.5287718443824194,0.5218958065137589,Y_comp,PRE+FIRE,
RAA-raa_2015_p15_r01,15750,Narrabri,2014,0.4913409640796575,0.5009909909958257,0.4886759273473349,0.46956024524183,0.5396517773161069,Y_comp,PRE+FIRE,
RAA-raa_2015_p15_r05,10900,Blue Mountains,2015,0.5878682960711742,0.5026222061632893,0.4261575376947549,0.4995176008303957,0.4246079282021644,Y_comp,PRE+FIRE,
RAA-raa_2015_p15_r09,16950,Shoalhaven,2015,0.3070826593659159,0.5026222061632893,0.5144620737354094,0.42717518034047436,0.4511275782063968,Y_comp,PRE+FIRE,
RAA-raa_2015_p15_r11,13800,Hawkesbury,2015,0.2476607296295181,0.5026222061632893,0.4350264689436257,0.5130746328495536,0.43718496745563046,Y_comp,PRE+FIRE,
RAA-raa_2016_p13_r06,14350,Kempsey,2016,0.4784138436612002,0.507263602725331,0.4996074610446467,0.5164170933178989,0.454431961389237,Y_comp,PRE+FIRE,
RAA-raa_2016_p13_r07,17400,Tenterfield,2016,0.3329305366631442,0.507263602725331,0.543762049707487,0.5130570471155609,0.4874113091741685,Y_comp,PRE+FIRE,
RAA-raa_2016_p13_r08,11720,Cessnock,2016,0.3785900572059768,0.507263602725331,0.45352114196492854,0.507555598804892,0.4508412988080995,Y_comp,PRE+FIRE,
RAA-raa_2016_p13_r08,12700,Dungog,2016,0.406286430837376,0.507263602725331,0.47157222070965765,0.4963733365952807,0.45499186059884467,Y_comp,PRE+FIRE,
RAA-raa_2016_p13_r08,15240,Mid-Coast,2016,0.2889347297468554,0.507263602725331,0.4826592727275583,0.4992010077832242,0.5112742838095542,Y_comp,PRE+FIRE,
RAA-raa_2016_p13_r08,16400,Port Stephens,2016,0.3462650086681547,0.507263602725331,0.5071622863594955,0.5328395652123131,0.4788092062836303,Y_comp,PRE+FIRE,
RAA-raa_2016_p13_r12,16350,Penrith,2016,0.5324248270950599,0.507263602725331,0.4228102709467342,0.5090433669828398,0.4388060427145988,Y_comp,PRE+FIRE,
RAA-raa_2016_p13_r16,11720,Cessnock,2016,0.3892538631227083,0.507263602725331,0.45080323663916255,0.5080406658072669,0.43847594639825394,Y_comp,PRE+FIRE,
RAA-raa_2016_p13_r17,15270,Mid-Western Regional,2016,0.3889819467708915,0.507263602725331,0.5047774721398294,0.4941626241284166,0.5130580401791848,Y_comp,PRE+FIRE,
RAA-raa_2016_p13_r22,11720,Cessnock,2016,0.3617722189595672,0.507263602725331,0.4253144233985613,0.5035741692009555,0.472932110829423,Y_comp,PRE+FIRE,
RAA-raa_2016_p13_r23,14350,Kempsey,2016,0.5688380689068541,0.507263602725331,0.451183350467638,0.4921638459819519,0.44562393778214254,Y_comp,PRE+FIRE,
RAA-raa_2016_p13_r23,15240,Mid-Coast,2016,0.2792354279536165,0.507263602725331,0.5000812145776474,0.5185687792242903,0.5303531030404732,Y_comp,PRE+FIRE,
RAA-raa_2016_p13_r23,15270,Mid-Western Regional,2016,0.4975929027855326,0.507263602725331,0.5511109031844021,0.5116807939319641,0.5164520709676631,Y_comp,PRE+FIRE,
RAA-raa_2016_p13_r23,17620,Upper Hunter Shire,2016,0.5211599063597149,0.507263602725331,0.5558568108508324,0.5180079504414534,0.5079368079862168,Y_comp,PRE+FIRE,
RAA-raa_2016_p13_r23,18020,Warrumbungle Shire,2016,0.5793565817777042,0.507263602725331,0.5828491090928339,0.5239393470050328,0.5836261918176402,Y_comp,PRE+FIRE,
RAA-raa_2016_p13_r26,17000,Singleton,2016,0.3891019091425887,0.507263602725331,0.5522900907779894,0.5060202167186154,0.562860451442922,Y_comp,PRE+FIRE,
1052,10470,Bathurst Regional,2022,0.5051626026204564,0.49908373474242307,0.4627275099652597,0.4929651861075778,0.49228423848952163,Y_v1,PRE,
1052,10950,Bogan,2022,0.5714427314797129,0.49908373474242307,0.48002901917228036,0.4927959675406475,0.4346248919600834,Y_v1,PRE,
1052,11200,Brewarrina,2022,0.7081690958199524,0.49908373474242307,0.48361450698356545,0.4113294246968474,0.5063487372358886,Y_v1,PRE,
1052,11400,Cabonne,2022,0.3920520337841209,0.49908373474242307,0.49030649145607075,0.4560354454719803,0.45497441375125136,Y_v1,PRE,
1052,12150,Coonamble,2022,0.8944516026374661,0.49908373474242307,0.5087382290463265,0.43584238906427986,0.5038301622776025,Y_v1,PRE,
1052,12350,Cowra,2022,0.5826181215470213,0.49908373474242307,0.5181955103305749,0.4788674417019132,0.4899500727226606,Y_v1,PRE,
1052,12390,Dubbo Regional,2022,0.6029646040884125,0.49908373474242307,0.45801854212285253,0.4848825284300458,0.43629728285226016,Y_v1,PRE,
1052,15270,Mid-Western Regional,2022,0.3457988551299384,0.49908373474242307,0.5084198120194124,0.5118873460977184,0.4706960454561827,Y_v1,PRE,
1052,17620,Upper Hunter Shire,2022,0.5098675920673562,0.49908373474242307,0.4749758008077525,0.46572709154120623,0.4371213117881564,Y_v1,PRE,
1052,17900,Walgett,2022,0.5829621151129835,0.49908373474242307,0.5230678485330258,0.480932203141645,0.5325815054450105,Y_v1,PRE,
1052,17950,Warren,2022,0.8033177923517171,0.49908373474242307,0.49953520046598837,0.40687828978996704,0.45797358584867004,Y_v1,PRE,
1053,13660,Gwydir,2022,0.6616011671899584,0.49908373474242307,0.5457177071782273,0.48746170087717866,0.6109440779461134,Y_v1,PRE,
1053,15750,Narrabri,2022,0.5959954736895162,0.49908373474242307,0.481322205198709,0.4524926257098503,0.44996063275258946,Y_v1,PRE,
1054,13660,Gwydir,2022,0.6616011671899584,0.49908373474242307,0.5457177071782273,0.40112264072485626,0.6109440779461134,Y_v1,PRE,
1054,15300,Moree Plains,2022,0.7543974862033601,0.49908373474242307,0.48572657787841833,0.4469906095238194,0.4482926882244592,Y_v1,PRE,
1054,15750,Narrabri,2022,0.5959954736895162,0.49908373474242307,0.481322205198709,0.49033378668046085,0.44996063275258946,Y_v1,PRE,
1055,10850,Blayney,2022,0.3736494579252152,0.49908373474242307,0.4845362058189537,0.42577244587442376,0.4341586317144447,Y_v1,PRE,
1055,11400,Cabonne,2022,0.3920520337841209,0.49908373474242307,0.49030649145607075,0.45665852998785256,0.45497441375125136,Y_v1,PRE,
1055,12350,Cowra,2022,0.5786302578269327,0.49908373474242307,0.5181955103305749,0.48025240574250544,0.4899500727226606,Y_v1,PRE,
1055,14920,Liverpool Plains,2022,0.6040149588298331,0.49908373474242307,0.5248636845828657,0.4855259187060704,0.5071328896527423,Y_v1,PRE,
1055,17620,Upper Hunter Shire,2022,0.5098675920673562,0.49908373474242307,0.4749758008077525,0.4664621601356378,0.4371213117881564,Y_v1,PRE,
1056,11750,Cobar,2022,0.7106499778622317,0.49908373474242307,0.4542013911564805,0.48444844092197703,0.40256769446600743,Y_v1,PRE,
1056,17640,Upper Lachlan Shire,2022,0.5679384889504224,0.49908373474242307,0.5125642143661129,0.49834535098783944,0.5374842828565712,Y_v1,PRE,
1065,12160,Cootamundra-Gundagai Regional,2022,0.4460948421385209,0.49908373474242307,0.4999050730470459,0.47879645311585195,0.44126695180220005,Y_v1,PRE,
1066,17640,Upper Lachlan Shire,2022,0.5535476148968596,0.49908373474242307,0.5125642143661129,0.47892336471894653,0.5374842828565712,Y_v1,PRE,
1066,18710,Yass Valley,2022,0.2811951626621099,0.49908373474242307,0.4418862900454355,0.49506715435622783,0.43556050218647097,Y_v1,PRE,
1070,10550,Bega Valley,2023,0.412877659257693,0.49351180031717123,0.508001474826722,0.49798615895934945,0.5410575009847197,Y_v1,PRE,
1071,10180,Armidale Regional,2023,0.637786706625899,0.49351180031717123,0.4723881516018227,0.48989882815154717,0.5641446204367522,Y_v1,PRE,
1071,11730,Clarence Valley,2023,0.580301173057063,0.49351180031717123,0.5038753037020763,0.4991978615134543,0.47065221565235144,Y_v1,PRE,
1071,14350,Kempsey,2023,0.7372849391017223,0.49351180031717123,0.5240362954408153,0.49988851174312304,0.5155945074730273,Y_v1,PRE,
1071,15700,Nambucca Valley,2023,0.4611882722474027,0.49351180031717123,0.5314968698192317,0.48863985998529375,0.5969233246144792,Y_v1,PRE,
1075,11730,Clarence Valley,2023,0.6220020926253481,0.49351180031717123,0.5038753037020763,0.5010145160600061,0.47065221565235144,Y_v1,PRE,
1075,14220,Inverell,2023,0.7679674561707864,0.49351180031717123,0.5095827453845918,0.4988853910551428,0.5335307711008538,Y_v1,PRE,
1075,14550,Kyogle,2023,0.6169358096775017,0.49351180031717123,0.5596927307863584,0.4946825568175735,0.5820368883336238,Y_v1,PRE,
1075,17400,Tenterfield,2023,0.7287545567983458,0.49351180031717123,0.5484342234664236,0.506506344849689,0.6387966514516463,Y_v1,PRE,
1076,14350,Kempsey,2023,0.8173612004139287,0.49351180031717123,0.5240362954408153,0.5089158748058167,0.5155945074730273,Y_v1,PRE,
1076,15240,Mid-Coast,2023,0.5194398501193167,0.49351180031717123,0.516847975983054,0.4934838879141146,0.5362009645071596,Y_v1,PRE,
1076,16380,Port Macquarie-Hastings,2023,0.4555155182442204,0.49351180031717123,0.4766655505670074,0.4917139132253373,0.4913884427966527,Y_v1,PRE,
1081,17900,Walgett,2023,0.7106531302388351,0.49351180031717123,0.5440612014419001,0.4960887707185331,0.5595296236055542,Y_v1,PRE,
1083,15270,Mid-Western Regional,2023,0.4801466089163743,0.49351180031717123,0.5027530425464107,0.4880606554025489,0.44810519477492344,Y_v1,PRE,
1084,17040,Snowy Monaro Regional,2023,0.3903107449371077,0.49351180031717123,0.49133388903233827,0.48830502556984945,0.5024547932253324,Y_v1,PRE,
1089,15240,Mid-Coast,2023,0.548142022381311,0.49351180031717123,0.516847975983054,0.4937353277055037,0.5362009645071596,Y_v1,PRE,
1090,11720,Cessnock,2023,0.6371708524268801,0.49351180031717123,0.4568315759662218,0.49017818605869706,0.3703410661098707,Y_v1,PRE,
1090,12700,Dungog,2023,0.1442788259680702,0.49351180031717123,0.5144912727835755,0.49664182400204215,0.4937039644632014,Y_v1,PRE,
1090,16400,Port Stephens,2023,0.4386235965962997,0.49351180031717123,0.49178481901652793,0.47221352953466417,0.4326124041010779,Y_v1,PRE,
1091,15650,Muswellbrook,2023,0.7670466641431005,0.49351180031717123,0.45110755787917534,0.4939624572614058,0.4505268366710138,Y_v1,PRE,
1091,17620,Upper Hunter Shire,2023,0.4029713147007845,0.49351180031717123,0.48260940240480465,0.4865100195615204,0.44849049870813606,Y_v1,PRE,
1092,11720,Cessnock,2023,0.6251003615423822,0.49351180031717123,0.4568315759662218,0.4918264499286703,0.3703410661098707,Y_v1,PRE,
1093,15750,Narrabri,2023,0.4551006653200665,0.49351180031717123,0.48716301947976026,0.5085073996533014,0.4816075224902088,Y_v1,PRE,
1099,17000,Singleton,2023,0.6322423452298662,0.49351180031717123,0.45005101015921206,0.4895941566694575,0.5306154052375384,Y_v1,PRE,
1112,10180,Armidale Regional,2023,0.6409165970797331,0.49351180031717123,0.4723881516018227,0.49652675953140424,0.5641446204367522,Y_v1,PRE,
1114,14220,Inverell,2023,0.7679674561707864,0.49351180031717123,0.5095827453845918,0.49858788397867027,0.5335307711008538,Y_v1,PRE,
1114,17400,Tenterfield,2023,0.7605616312866833,0.49351180031717123,0.5484342234664236,0.4946336126607275,0.6387966514516463,Y_v1,PRE,
1121,11730,Clarence Valley,2023,0.606905241914653,0.49351180031717123,0.5038753037020763,0.4921807596771267,0.47065221565235144,Y_v1,PRE,
1131,17620,Upper Hunter Shire,2023,0.5480149610720946,0.49351180031717123,0.48260940240480465,0.4888061255237154,0.44849049870813606,Y_v1,PRE,
1132,17040,Snowy Monaro Regional,2023,0.3903107449371077,0.49351180031717123,0.49133388903233827,0.4891816697300477,0.5024547932253324,Y_v1,PRE,
1133,14650,Lake Macquarie,2023,0.325650854035764,0.49351180031717123,0.45474799004802813,0.4878418002112605,0.4319872636501686,Y_v1,PRE,
1134,17310,Tamworth Regional,2023,0.5621391956219512,0.49351180031717123,0.4762896244496946,0.48294581536881476,0.5303608105948456,Y_v1,PRE,
1135,11350,Byron,2023,0.4866308906879208,0.49351180031717123,0.521166042304177,0.4980116582321758,0.4521527752218914,Y_v1,PRE,
1136,14870,Lithgow,2023,0.703434543865438,0.49351180031717123,0.4911482814978561,0.4709342552040474,0.5282749577634199,Y_v1,PRE,
1137,16200,Parkes,2023,0.6701971091798229,0.49351180031717123,0.5089164422489831,0.4834319098056224,0.509156988567835,Y_v1,PRE,
1138,16610,Richmond Valley,2023,0.6136707682609667,0.49351180031717123,0.4970247573611618,0.4866515161506276,0.45428336745541675,Y_v1,PRE,
1139,15270,Mid-Western Regional,2023,0.4801466089163743,0.49351180031717123,0.5027530425464107,0.47277637041881065,0.44810519477492344,Y_v1,PRE,
1140,17000,Singleton,2023,0.6322423452298662,0.49351180031717123,0.45005101015921206,0.47966231674171916,0.5306154052375384,Y_v1,PRE,
1156,17400,Tenterfield,2024,0.6747257739988317,0.5056319813344873,0.5679538631234986,0.5018311997304923,0.6573305894231916,Y_v1,PRE,
1189,15650,Muswellbrook,2024,0.3818502412323403,0.5056319813344873,0.46467125940980547,0.5069678415181342,0.5191676601161327,Y_v1,PRE,
1189,17000,Singleton,2024,0.7339737348824127,0.5056319813344873,0.4268530020248353,0.5039954080219549,0.5156195403567366,Y_v1,PRE,
1190,18710,Yass Valley,2024,0.3559961922070055,0.5056319813344873,0.43355354586472283,0.4897650102738228,0.4532814423635505,Y_v1,PRE,
1191,17000,Singleton,2024,0.7339737348824127,0.5056319813344873,0.4268530020248353,0.5038311634697062,0.5156195403567366,Y_v1,PRE,
1192,17310,Tamworth Regional,2024,0.5577875857294303,0.5056319813344873,0.4966235513663869,0.5027070460011978,0.5350730629306056,Y_v1,PRE,
1192,17650,Uralla,2024,0.6138876268362865,0.5056319813344873,0.516409168978133,0.500201917382645,0.5030406557555703,Y_v1,PRE,
1193,10470,Bathurst Regional,2024,0.6504402760649921,0.5056319813344873,0.46946957685084756,0.49954642500648505,0.4677299753278253,Y_v1,PRE,
1193,14870,Lithgow,2024,0.6074403409705545,0.5056319813344873,0.5067055588970014,0.5053847660112376,0.5469995411815284,Y_v1,PRE,
1196,15270,Mid-Western Regional,2024,0.4411522900845936,0.5056319813344873,0.510671305851289,0.487157408297932,0.45644806160841367,Y_v1,PRE,
1197,13800,Hawkesbury,2024,0.2833019623115034,0.5056319813344873,0.4409839678012186,0.49892387057799215,0.4836210794832253,Y_v1,PRE,
1199,13660,Gwydir,2024,0.720462560308085,0.5056319813344873,0.5551147773075796,0.49407357488697,0.6185577644648308,Y_v1,PRE,
1199,15750,Narrabri,2024,0.3245061768460223,0.5056319813344873,0.5034172322830636,0.4775948201706103,0.552812673538119,Y_v1,PRE,
1203,15750,Narrabri,2024,0.2885596734529038,0.5056319813344873,0.5034172322830636,0.4908366340639201,0.552812673538119,Y_v1,PRE,
1203,18020,Warrumbungle Shire,2024,0.5987649913819837,0.5056319813344873,0.5550991477419248,0.5044160638687509,0.5671269919253104,Y_v1,PRE,
770,11720,Cessnock,2017,0.1976565903852754,0.5187687020366452,0.5042193317354269,0.5221263274517579,0.43446128438965315,Y_v1,PRE,
771,14350,Kempsey,2017,0.4220339997681447,0.5187687020366452,0.5427955063169382,0.5297703159334488,0.5958089164263103,Y_v1,PRE,
772,15240,Mid-Coast,2017,0.4309616250779358,0.5187687020366452,0.5470406268412925,0.5161466551890845,0.5068403262886076,Y_v1,PRE,
772,16380,Port Macquarie-Hastings,2017,0.4496527156145692,0.5187687020366452,0.5082805793497943,0.519607363233827,0.5028278733442049,Y_v1,PRE,
776,17400,Tenterfield,2017,0.4718160534333075,0.5187687020366452,0.5664663105627065,0.5257854914067758,0.6835634233067265,Y_v1,PRE,
792,17000,Singleton,2017,0.4403233703622529,0.5187687020366452,0.46251307042834894,0.49718946454111096,0.5640238920235772,Y_v1,PRE,
818,16950,Shoalhaven,2018,0.3335285204267149,0.5164311763384959,0.523037751479506,0.5151109602241822,0.4945378024316336,Y_v1,PRE,
819,11720,Cessnock,2018,0.2202717348089294,0.5164311763384959,0.5063607193364047,0.5132215018952984,0.43224157868393626,Y_v1,PRE,
819,16400,Port Stephens,2018,0.329748522815272,0.5164311763384959,0.5062151253761598,0.5280090291399065,0.4335126644711342,Y_v1,PRE,
820,10550,Bega Valley,2018,0.4220832888665271,0.5164311763384959,0.5262405934295998,0.5254666436879866,0.5102469855390034,Y_v1,PRE,
820,12750,Eurobodalla,2018,0.3735939436190615,0.5164311763384959,0.5437185399572672,0.5070460158919089,0.5388513447831906,Y_v1,PRE,
823,14550,Kyogle,2018,0.5369769466894089,0.5164311763384959,0.5702329365381928,0.5012493131257952,0.544111867052802,Y_v1,PRE,
823,16610,Richmond Valley,2018,0.2915944006641401,0.5164311763384959,0.536926804216427,0.5269759038717641,0.5096838260241541,Y_v1,PRE,
824,11730,Clarence Valley,2018,0.290637503046161,0.5164311763384959,0.5353677612217076,0.5260067638148436,0.5589842865743193,Y_v1,PRE,
824,13010,Glen Innes Severn,2018,0.4008747801741934,0.5164311763384959,0.5516372409819815,0.5120780311847474,0.5888484373501929,Y_v1,PRE,
841,17310,Tamworth Regional,2018,0.4724278768944001,0.5164311763384959,0.5088681762803217,0.5074787682813104,0.5600125184961701,Y_v1,PRE,
842,11720,Cessnock,2018,0.2218366800358464,0.5164311763384959,0.5063607193364047,0.5024459796470334,0.43224157868393626,Y_v1,PRE,
842,16400,Port Stephens,2018,0.3470981869148853,0.5164311763384959,0.5062151253761598,0.5240641266469354,0.4335126644711342,Y_v1,PRE,
843,10180,Armidale Regional,2018,0.6324147695508399,0.5164311763384959,0.5020816893272723,0.4784541235962181,0.5696409389372344,Y_v1,PRE,
843,14220,Inverell,2018,0.6801177912882184,0.5164311763384959,0.5513263360276112,0.5241759276254853,0.5928571927593446,Y_v1,PRE,
843,17400,Tenterfield,2018,0.7698433852043809,0.5164311763384959,0.5649323050845242,0.5276360561972553,0.6336688644255136,Y_v1,PRE,
847,10180,Armidale Regional,2018,0.7169218118043611,0.5164311763384959,0.5020816893272723,0.5141895642432747,0.5696409389372344,Y_v1,PRE,
851,13010,Glen Innes Severn,2018,0.4040046706280276,0.5164311763384959,0.5516372409819815,0.5182003280621669,0.5888484373501929,Y_v1,PRE,
853,11400,Cabonne,2018,0.4866767480618193,0.5164311763384959,0.5046633148345065,0.5003276301515429,0.461432428610165,Y_v1,PRE,
853,16200,Parkes,2018,0.4249694095062078,0.5164311763384959,0.538108001799131,0.5137722273976335,0.5825217042877419,Y_v1,PRE,
855,17310,Tamworth Regional,2018,0.484164966096278,0.5164311763384959,0.5088681762803217,0.5113158082763853,0.5600125184961701,Y_v1,PRE,
860,17080,Snowy Valleys,2018,0.426399253735278,0.5164311763384959,0.5005774405641266,0.5185148111617546,0.5182882009954816,Y_v1,PRE,
862,17310,Tamworth Regional,2018,0.484164966096278,0.5164311763384959,0.5088681762803217,0.496139260671878,0.5600125184961701,Y_v1,PRE,
862,17620,Upper Hunter Shire,2018,0.4795773769843505,0.5164311763384959,0.4960960707575675,0.48570197925571695,0.442949348806909,Y_v1,PRE,
864,17400,Tenterfield,2018,0.7412726617539894,0.5164311763384959,0.5649323050845242,0.5184052724259521,0.6336688644255136,Y_v1,PRE,
866,15900,Newcastle,2018,0.2110621667030726,0.5164311763384959,0.49166289434908994,0.5156125891163097,0.5352287401728973,Y_v1,PRE,
867,15650,Muswellbrook,2018,0.4514105387602804,0.5164311763384959,0.4837506433265108,0.49465035187921075,0.5025697259887595,Y_v1,PRE,
867,17000,Singleton,2018,0.3380877903086421,0.5164311763384959,0.46027278269367244,0.4774976679525703,0.5685474288932478,Y_v1,PRE,
871,10180,Armidale Regional,2019,0.6729678976374772,0.503446033612519,0.47272986168318937,0.48747443488084086,0.5679048043620686,Y_v1,PRE,
871,10250,Ballina,2019,0.4028439615784524,0.503446033612519,0.5280628446317012,0.4966816025612538,0.4795585906731795,Y_v1,PRE,
871,10550,Bega Valley,2019,0.65580400504347,0.503446033612519,0.485254851565761,0.48481615838532055,0.4342386198839696,Y_v1,PRE,
871,10600,Bellingen,2019,0.3521616127053711,0.503446033612519,0.503251781032061,0.4903782480368505,0.5387296623419776,Y_v1,PRE,
871,10900,Blue Mountains,2019,0.5105076947811032,0.503446033612519,0.40563656394434267,0.4854076436204935,0.40131193930481995,Y_v1,PRE,
871,11350,Byron,2019,0.2100293521501227,0.503446033612519,0.5731593070615926,0.493989204613034,0.5023566284311959,Y_v1,PRE,
871,11650,Central Coast (NSW),2019,0.5418917390382777,0.503446033612519,0.4133057741443699,0.48892186147437117,0.4766307332232607,Y_v1,PRE,
871,11720,Cessnock,2019,0.6386891110230962,0.503446033612519,0.45881523183950024,0.48702127679578455,0.35416947958185907,Y_v1,PRE,
871,11730,Clarence Valley,2019,0.664146472795744,0.503446033612519,0.49974097071903945,0.4851536859446469,0.49812903459466945,Y_v1,PRE,
871,11800,Coffs Harbour,2019,0.4847188236133262,0.503446033612519,0.4592373713700012,0.4942116548927338,0.4662626253744382,Y_v1,PRE,
871,12160,Cootamundra-Gundagai Regional,2019,0.3538915153050396,0.503446033612519,0.5434270909192181,0.5003602540053276,0.5248655926820684,Y_v1,PRE,
871,12700,Dungog,2019,0.4239282810119616,0.503446033612519,0.5179956550867683,0.49401407284453475,0.45841402338915327,Y_v1,PRE,
871,12750,Eurobodalla,2019,0.6126830939874759,0.503446033612519,0.5307945557726875,0.4837195395699172,0.4736353313335513,Y_v1,PRE,
871,13010,Glen Innes Severn,2019,0.806665267297997,0.503446033612519,0.543485584025703,0.48708650995360075,0.4934709445715645,Y_v1,PRE,
871,13310,Goulburn Mulwaree,2019,0.4377728619416386,0.503446033612519,0.5093702682253107,0.4947455913976968,0.5015611187643155,Y_v1,PRE,
871,13340,Greater Hume Shire,2019,0.5876627132137348,0.503446033612519,0.5311032931621096,0.4928927023102502,0.4908179611941954,Y_v1,PRE,
871,13660,Gwydir,2019,0.6031810200235995,0.503446033612519,0.5767972067274968,0.5010114716429832,0.5939553232650491,Y_v1,PRE,
871,13800,Hawkesbury,2019,0.6117210466947762,0.503446033612519,0.413747641045737,0.4838578468372644,0.4248546180631714,Y_v1,PRE,
871,14220,Inverell,2019,0.4921640737275123,0.503446033612519,0.5786358709296445,0.4984780359978853,0.6138533614538125,Y_v1,PRE,
871,14350,Kempsey,2019,0.6923863506115918,0.503446033612519,0.5317647420266319,0.4854144480802358,0.5573340958232277,Y_v1,PRE,
871,14500,Ku-ring-gai,2019,0.4150848030275004,0.503446033612519,0.390727457860401,0.5126818176095547,0.4596372092366415,Y_v1,PRE,
871,14550,Kyogle,2019,0.6706215647426113,0.503446033612519,0.6223203107374825,0.49261837367775363,0.5406161896675538,Y_v1,PRE,
871,14650,Lake Macquarie,2019,0.3793768696502086,0.503446033612519,0.40339717408697934,0.5024005367315605,0.4239895388014743,Y_v1,PRE,
871,14850,Lismore,2019,0.556136002840925,0.503446033612519,0.5619968258928801,0.4958114523577929,0.536857011311132,Y_v1,PRE,
871,14870,Lithgow,2019,0.6018359506397464,0.503446033612519,0.4782603341905547,0.485054190087423,0.5281537013229262,Y_v1,PRE,
871,15240,Mid-Coast,2019,0.6353925611165694,0.503446033612519,0.5271916392542109,0.4882887885076984,0.47735245002393306,Y_v1,PRE,
871,15270,Mid-Western Regional,2019,0.5764951554389729,0.503446033612519,0.5232786426062047,0.49135739886360774,0.43382384861073103,Y_v1,PRE,
871,15650,Muswellbrook,2019,0.4667726226982077,0.503446033612519,0.438171435776751,0.4874470361477955,0.4891883095411383,Y_v1,PRE,
871,15700,Nambucca Valley,2019,0.6590735139631723,0.503446033612519,0.5511093964211111,0.4877584360790459,0.5226596454105215,Y_v1,PRE,
871,15750,Narrabri,2019,0.6470852819378716,0.503446033612519,0.5008028459904359,0.49886638053938903,0.519505591278441,Y_v1,PRE,
871,16100,Oberon,2019,0.4856174189988255,0.503446033612519,0.4644443062695738,0.4885437245984168,0.45855847946037676,Y_v1,PRE,
871,16350,Penrith,2019,0.5176359040591987,0.503446033612519,0.4633951931524813,0.5106890064994482,0.46625288085884864,Y_v1,PRE,
871,16380,Port Macquarie-Hastings,2019,0.5941324543893085,0.503446033612519,0.44807456874259066,0.486060443291857,0.4696878309733016,Y_v1,PRE,
871,16490,Queanbeyan-Palerang Regional,2019,0.5041784812724361,0.503446033612519,0.40194920040520254,0.4880443189166786,0.5060095530429775,Y_v1,PRE,
871,16610,Richmond Valley,2019,0.5646836398003905,0.503446033612519,0.5148472000867276,0.48565333471215605,0.49073260491078596,Y_v1,PRE,
871,16950,Shoalhaven,2019,0.5783860563696385,0.503446033612519,0.4660999654885895,0.4840360150731445,0.4110418472303444,Y_v1,PRE,
871,17000,Singleton,2019,0.4901771562275235,0.503446033612519,0.41255725849396907,0.4862625181222652,0.5433368256286568,Y_v1,PRE,
871,17040,Snowy Monaro Regional,2019,0.5305234185551835,0.503446033612519,0.48001599774836556,0.49018353746313276,0.4421809873028684,Y_v1,PRE,
871,17080,Snowy Valleys,2019,0.6307135188746418,0.503446033612519,0.4374937136399786,0.4854963310771503,0.4606765307369134,Y_v1,PRE,
871,17150,Sutherland Shire,2019,0.3619399825436023,0.503446033612519,0.34569972285757705,0.5140177566513225,0.4438204430917222,Y_v1,PRE,
871,17310,Tamworth Regional,2019,0.5099020552196077,0.503446033612519,0.4988693172214811,0.49342367479244054,0.5424443700175796,Y_v1,PRE,
871,17400,Tenterfield,2019,0.6192910660307722,0.503446033612519,0.5703515594959353,0.4869091631803704,0.6574670889194925,Y_v1,PRE,
871,17550,Tweed,2019,0.4618694691205923,0.503446033612519,0.5193578626945872,0.4988346002969757,0.4835943771804565,Y_v1,PRE,
871,17620,Upper Hunter Shire,2019,0.2840293398592333,0.503446033612519,0.48305030858254244,0.49559787545838874,0.46774684893157087,Y_v1,PRE,
871,17640,Upper Lachlan Shire,2019,0.4244334130573035,0.503446033612519,0.5278866551455299,0.4947369955943725,0.48739493379841026,Y_v1,PRE,
871,17650,Uralla,2019,0.5310768689878593,0.503446033612519,0.532826329719219,0.4963700326325776,0.49679165162229666,Y_v1,PRE,
871,17750,Wagga Wagga,2019,0.4498351410750578,0.503446033612519,0.4929587117203908,0.4968547816078544,0.4917359923188445,Y_v1,PRE,
871,17850,Walcha,2019,0.8684156074541056,0.503446033612519,0.510449325743419,0.48617174412034925,0.528041805700365,Y_v1,PRE,
871,18350,Wingecarribee,2019,0.470693632149763,0.503446033612519,0.42533700261319946,0.4878719409797132,0.4667788451725446,Y_v1,PRE,
871,18400,Wollondilly,2019,0.5741333755892691,0.503446033612519,0.35318740035137974,0.4845673968007632,0.4588666654339575,Y_v1,PRE,
880,11730,Clarence Valley,2019,0.3668536173531152,0.503446033612519,0.49974097071903945,0.49159714826809325,0.49812903459466945,Y_v1,PRE,
880,14350,Kempsey,2019,0.4015021565583836,0.503446033612519,0.5317647420266319,0.49518023720422905,0.5573340958232277,Y_v1,PRE,
880,14550,Kyogle,2019,0.351230422265057,0.503446033612519,0.6223203107374825,0.5047258508743279,0.5406161896675538,Y_v1,PRE,
880,15240,Mid-Coast,2019,0.4328447502420195,0.503446033612519,0.5271916392542109,0.5030443425009032,0.47735245002393306,Y_v1,PRE,
880,15700,Nambucca Valley,2019,0.4259717540609297,0.503446033612519,0.5511093964211111,0.5222559935886005,0.5226596454105215,Y_v1,PRE,
880,16380,Port Macquarie-Hastings,2019,0.460825536473173,0.503446033612519,0.44807456874259066,0.5005121664571187,0.4696878309733016,Y_v1,PRE,
880,16610,Richmond Valley,2019,0.3007165036501557,0.503446033612519,0.5148472000867276,0.4957860882325651,0.49073260491078596,Y_v1,PRE,
NSW1718-05,12700,Dungog,2017,0.5138706938992935,0.5187687020366452,0.5152042765703397,0.5185290040276304,0.44941933027208614,Y_v1,PRE,
NSW1718-05,15240,Mid-Coast,2017,0.4309616250779358,0.5187687020366452,0.5470406268412925,0.519522915248814,0.5068403262886076,Y_v1,PRE,
NSW1718-05,16380,Port Macquarie-Hastings,2017,0.4816839811553713,0.5187687020366452,0.5082805793497943,0.5202204234746994,0.5028278733442049,Y_v1,PRE,
NSW1718-05,17620,Upper Hunter Shire,2017,0.4100578026294302,0.5187687020366452,0.4971653404595219,0.5003397012781822,0.4665757434406305,Y_v1,PRE,
NSW1718-06,14350,Kempsey,2017,0.4157742188604764,0.5187687020366452,0.5427955063169382,0.5212166793728782,0.5958089164263103,Y_v1,PRE,
NSW1718-06,16380,Port Macquarie-Hastings,2017,0.4723444214048665,0.5187687020366452,0.5082805793497943,0.5267915715133941,0.5028278733442049,Y_v1,PRE,
NSW1718-08,17310,Tamworth Regional,2017,0.5833303839229066,0.5187687020366452,0.5084349215629902,0.5141562735116246,0.5269463754572771,Y_v1,PRE,
NSW1718-09,13660,Gwydir,2017,0.6382075963991812,0.5187687020366452,0.5511305300663126,0.5147171938899723,0.5682253367794005,Y_v1,PRE,
NSW1718-09,17310,Tamworth Regional,2017,0.5708108221075702,0.5187687020366452,0.5084349215629902,0.5258604452288493,0.5269463754572771,Y_v1,PRE,
NSW1718-09,17650,Uralla,2017,0.6224550991521441,0.5187687020366452,0.5230627768166373,0.5160750135256301,0.4997086072515517,Y_v1,PRE,
NSW1718-10,16400,Port Stephens,2017,0.357814137899339,0.5187687020366452,0.5060232078014274,0.5294108705945685,0.41036421536540163,Y_v1,PRE,
NSW1718-11,11720,Cessnock,2017,0.2273136385105707,0.5187687020366452,0.5042193317354269,0.5000866916524525,0.43446128438965315,Y_v1,PRE,
NSW1718-11,15650,Muswellbrook,2017,0.4612030138806296,0.5187687020366452,0.47991659497347405,0.49219193991387783,0.5129500771773267,Y_v1,PRE,
NSW1718-11,17000,Singleton,2017,0.418414137185414,0.5187687020366452,0.46251307042834894,0.5316307127369163,0.5640238920235772,Y_v1,PRE,
NSW1718-12,15750,Narrabri,2017,0.6014467419531987,0.5187687020366452,0.5091660145584476,0.5299434379921307,0.509775588075874,Y_v1,PRE,
NSW1718-12,18020,Warrumbungle Shire,2017,0.4435709057537967,0.5187687020366452,0.5520524159561494,0.5255186688429373,0.5721293294548119,Y_v1,PRE,
NSW1718-13,17640,Upper Lachlan Shire,2017,0.442552888078713,0.5187687020366452,0.525638309234589,0.5153170169478528,0.5048968160874623,Y_v1,PRE,
NSW1718-14,17150,Sutherland Shire,2017,0.3695604367686197,0.5187687020366452,0.45066146306785515,0.5349615167070169,0.46349478933238514,Y_v1,PRE,
NSW1718-15,17620,Upper Hunter Shire,2017,0.377193952864172,0.5187687020366452,0.4971653404595219,0.5144343625778959,0.4665757434406305,Y_v1,PRE,
NSW1718-16,15270,Mid-Western Regional,2017,0.4461801238243437,0.5187687020366452,0.5207816989985387,0.5064237841117885,0.45312890651393706,Y_v1,PRE,
NSW1718-16,15650,Muswellbrook,2017,0.4612030138806296,0.5187687020366452,0.47991659497347405,0.5096220122024733,0.5129500771773267,Y_v1,PRE,
NSW1718-17,10470,Bathurst Regional,2017,0.4844921438466906,0.5187687020366452,0.48409760926932816,0.50498086144593,0.4864722750177738,Y_v1,PRE,
NSW1718-17,11400,Cabonne,2017,0.2178883750765683,0.5187687020366452,0.5092853779269527,0.5171515940242765,0.5077062663538895,Y_v1,PRE,
NSW1718-18,14870,Lithgow,2017,0.5073818631685724,0.5187687020366452,0.5213528521252712,0.5039262813785028,0.570134582709536,Y_v1,PRE,
NSW1718-19,13660,Gwydir,2017,0.6382075963991812,0.5187687020366452,0.5511305300663126,0.5147185642166037,0.5682253367794005,Y_v1,PRE,
NSW1718-19,15750,Narrabri,2017,0.6014467419531987,0.5187687020366452,0.5091660145584476,0.5090608754572616,0.509775588075874,Y_v1,PRE,
NSW1718-20,10550,Bega Valley,2017,0.4339633501738829,0.5187687020366452,0.5279491475530672,0.5123308466981555,0.4882334173196892,Y_v1,PRE,
NSW1718-21,14900,Liverpool,2017,0.2535450218657485,0.5187687020366452,0.48757913435823164,0.5357259278458063,0.5054128094086775,Y_v1,PRE,
NSW1718-21,17150,Sutherland Shire,2017,0.3801238170503098,0.5187687020366452,0.45066146306785515,0.5331735565097835,0.46349478933238514,Y_v1,PRE,
RAA-raa_2015_p15_r01,15750,Narrabri,2014,0.4463792900757517,0.5076669865530623,0.5002976085985315,0.4879652049232267,0.5415246567747785,Y_v1,PRE,
RAA-raa_2015_p15_r05,10900,Blue Mountains,2015,0.3025124911255799,0.5094541847129016,0.469346209182029,0.5075194906042145,0.4660572105630923,Y_v1,PRE,
RAA-raa_2015_p15_r09,16950,Shoalhaven,2015,0.3769972324037149,0.5094541847129016,0.5105563287752005,0.4624379295931834,0.47353601228330133,Y_v1,PRE,
RAA-raa_2015_p15_r11,13800,Hawkesbury,2015,0.3979559352871258,0.5094541847129016,0.46232604003387,0.5159678140354897,0.48628609977654025,Y_v1,PRE,
RAA-raa_2016_p13_r06,14350,Kempsey,2016,0.5362564469120431,0.511174283554072,0.5372842730779619,0.5170299585642507,0.5551746266462845,Y_v1,PRE,
RAA-raa_2016_p13_r07,17400,Tenterfield,2016,0.7017899527077825,0.511174283554072,0.5605461964026406,0.5148804683363314,0.6552802599566712,Y_v1,PRE,
RAA-raa_2016_p13_r08,11720,Cessnock,2016,0.3231296426772086,0.511174283554072,0.4948516506608878,0.5113610794139535,0.41311834004280873,Y_v1,PRE,
RAA-raa_2016_p13_r08,12700,Dungog,2016,0.4347437342441481,0.511174283554072,0.5096523097351147,0.5042075577365234,0.4523118049248283,Y_v1,PRE,
RAA-raa_2016_p13_r08,15240,Mid-Coast,2016,0.3817114810072557,0.511174283554072,0.5403278798876051,0.506016476787108,0.5079703985733314,Y_v1,PRE,
RAA-raa_2016_p13_r08,16400,Port Stephens,2016,0.3316282108519682,0.511174283554072,0.5000855294273518,0.5275357494759237,0.4147279720755418,Y_v1,PRE,
RAA-raa_2016_p13_r12,16350,Penrith,2016,0.2955905745028871,0.511174283554072,0.47284126950100586,0.5123128351242419,0.48778567628992814,Y_v1,PRE,
RAA-raa_2016_p13_r16,11720,Cessnock,2016,0.3586173013473892,0.511174283554072,0.4948516506608878,0.5116713866891229,0.41311834004280873,Y_v1,PRE,
RAA-raa_2016_p13_r17,15270,Mid-Western Regional,2016,0.3945919127850731,0.511174283554072,0.5154037282912047,0.5027933197891531,0.46521757811383735,Y_v1,PRE,
RAA-raa_2016_p13_r22,11720,Cessnock,2016,0.4082235393908236,0.511174283554072,0.4948516506608878,0.5088140775242607,0.41311834004280873,Y_v1,PRE,
RAA-raa_2016_p13_r23,14350,Kempsey,2016,0.5763777301671291,0.511174283554072,0.5372842730779619,0.5015146605580344,0.5551746266462845,Y_v1,PRE,
RAA-raa_2016_p13_r23,15240,Mid-Coast,2016,0.4501493811352967,0.511174283554072,0.5403278798876051,0.5184064360145079,0.5079703985733314,Y_v1,PRE,
RAA-raa_2016_p13_r23,15270,Mid-Western Regional,2016,0.4209439345888048,0.511174283554072,0.5154037282912047,0.5140000510470614,0.46521757811383735,Y_v1,PRE,
RAA-raa_2016_p13_r23,17620,Upper Hunter Shire,2016,0.5146718253591342,0.511174283554072,0.49179906929771877,0.5180476623799652,0.43672485345558504,Y_v1,PRE,
RAA-raa_2016_p13_r23,18020,Warrumbungle Shire,2016,0.5608974517459503,0.511174283554072,0.5488641366439676,0.5218420979869687,0.5531358145635092,Y_v1,PRE,
RAA-raa_2016_p13_r26,17000,Singleton,2016,0.6635869747448337,0.511174283554072,0.4524180385327604,0.5103788641133788,0.5237845225668623,Y_v1,PRE,
1052,10470,Bathurst Regional,2022,0.5051626026204564,0.49908373474242307,0.4498794867678088,0.4929651861075778,0.5363564178056601,Y_v1,PRE+FIRE,
1052,10950,Bogan,2022,0.5714427314797129,0.49908373474242307,0.489030087360592,0.4927959675406475,0.46388773566180613,Y_v1,PRE+FIRE,
1052,11200,Brewarrina,2022,0.7081690958199524,0.49908373474242307,0.483193762530257,0.4113294246968474,0.5026075283352835,Y_v1,PRE+FIRE,
1052,11400,Cabonne,2022,0.3920520337841209,0.49908373474242307,0.4702845083390874,0.4560354454719803,0.46713573672184217,Y_v1,PRE+FIRE,
1052,12150,Coonamble,2022,0.8944516026374661,0.49908373474242307,0.5051616621609276,0.43584238906427986,0.4716340373915084,Y_v1,PRE+FIRE,
1052,12350,Cowra,2022,0.5826181215470213,0.49908373474242307,0.5173144090786627,0.4788674417019132,0.4721641110106253,Y_v1,PRE+FIRE,
1052,12390,Dubbo Regional,2022,0.6029646040884125,0.49908373474242307,0.4594100109387432,0.4848825284300458,0.48284229091298136,Y_v1,PRE+FIRE,
1052,15270,Mid-Western Regional,2022,0.3457988551299384,0.49908373474242307,0.5328530819045828,0.5118873460977184,0.4489227488185062,Y_v1,PRE+FIRE,
1052,17620,Upper Hunter Shire,2022,0.5098675920673562,0.49908373474242307,0.4550675286821674,0.46572709154120623,0.4786604028372047,Y_v1,PRE+FIRE,
1052,17900,Walgett,2022,0.5829621151129835,0.49908373474242307,0.5294854072951054,0.480932203141645,0.5082206903058657,Y_v1,PRE+FIRE,
1052,17950,Warren,2022,0.8033177923517171,0.49908373474242307,0.47741168579087073,0.40687828978996704,0.4642672228874703,Y_v1,PRE+FIRE,
1053,13660,Gwydir,2022,0.6616011671899584,0.49908373474242307,0.5571738172794547,0.48746170087717866,0.582821341628373,Y_v1,PRE+FIRE,
1053,15750,Narrabri,2022,0.5959954736895162,0.49908373474242307,0.46612446923364553,0.4524926257098503,0.47639087161764604,Y_v1,PRE+FIRE,
1054,13660,Gwydir,2022,0.6616011671899584,0.49908373474242307,0.5105252427911197,0.40112264072485626,0.5734354296995816,Y_v1,PRE+FIRE,
1054,15300,Moree Plains,2022,0.7543974862033601,0.49908373474242307,0.4854517750045495,0.4469906095238194,0.4744203497340915,Y_v1,PRE+FIRE,
1054,15750,Narrabri,2022,0.5959954736895162,0.49908373474242307,0.47906137527728365,0.49033378668046085,0.5274663410158611,Y_v1,PRE+FIRE,
1055,10850,Blayney,2022,0.3736494579252152,0.49908373474242307,0.4640943733838987,0.42577244587442376,0.45715545757417503,Y_v1,PRE+FIRE,
1055,11400,Cabonne,2022,0.3920520337841209,0.49908373474242307,0.4668310936060256,0.45665852998785256,0.464602375468119,Y_v1,PRE+FIRE,
1055,12350,Cowra,2022,0.5786302578269327,0.49908373474242307,0.5062702738900671,0.48025240574250544,0.4563125399115346,Y_v1,PRE+FIRE,
1055,14920,Liverpool Plains,2022,0.6040149588298331,0.49908373474242307,0.5183830250058327,0.4855259187060704,0.49038246330597707,Y_v1,PRE+FIRE,
1055,17620,Upper Hunter Shire,2022,0.5098675920673562,0.49908373474242307,0.4502416215548972,0.4664621601356378,0.4692373496830306,Y_v1,PRE+FIRE,
1056,11750,Cobar,2022,0.7106499778622317,0.49908373474242307,0.4533042639199431,0.48444844092197703,0.4561442321444513,Y_v1,PRE+FIRE,
1056,17640,Upper Lachlan Shire,2022,0.5679384889504224,0.49908373474242307,0.5450291276527106,0.49834535098783944,0.5648497798292302,Y_v1,PRE+FIRE,
1065,12160,Cootamundra-Gundagai Regional,2022,0.4460948421385209,0.49908373474242307,0.48628523095042336,0.47879645311585195,0.42354466782892886,Y_v1,PRE+FIRE,
1066,17640,Upper Lachlan Shire,2022,0.5535476148968596,0.49908373474242307,0.4946273815357573,0.47892336471894653,0.5573722607116282,Y_v1,PRE+FIRE,
1066,18710,Yass Valley,2022,0.2811951626621099,0.49908373474242307,0.42831493658340986,0.49506715435622783,0.49551047103148244,Y_v1,PRE+FIRE,
1070,10550,Bega Valley,2023,0.412877659257693,0.49351180031717123,0.50427974495248,0.49798615895934945,0.5107158848138253,Y_v1,PRE+FIRE,
1071,10180,Armidale Regional,2023,0.637786706625899,0.49351180031717123,0.34286995519520763,0.48989882815154717,0.4626251125137429,Y_v1,PRE+FIRE,
1071,11730,Clarence Valley,2023,0.580301173057063,0.49351180031717123,0.4843537143890047,0.4991978615134543,0.3777464726279479,Y_v1,PRE+FIRE,
1071,14350,Kempsey,2023,0.7372849391017223,0.49351180031717123,0.47834487933581266,0.49988851174312304,0.44516636820765954,Y_v1,PRE+FIRE,
1071,15700,Nambucca Valley,2023,0.4611882722474027,0.49351180031717123,0.46755095115315837,0.48863985998529375,0.5688193842060263,Y_v1,PRE+FIRE,
1075,11730,Clarence Valley,2023,0.6220020926253481,0.49351180031717123,0.5169387134347657,0.5010145160600061,0.3921816573408352,Y_v1,PRE+FIRE,
1075,14220,Inverell,2023,0.7679674561707864,0.49351180031717123,0.49471308328940994,0.4988853910551428,0.49909509329547735,Y_v1,PRE+FIRE,
1075,14550,Kyogle,2023,0.6169358096775017,0.49351180031717123,0.5580770726476727,0.4946825568175735,0.5773524630154044,Y_v1,PRE+FIRE,
1075,17400,Tenterfield,2023,0.7287545567983458,0.49351180031717123,0.6253407379907231,0.506506344849689,0.6324577310200971,Y_v1,PRE+FIRE,
1076,14350,Kempsey,2023,0.8173612004139287,0.49351180031717123,0.5841683793676951,0.5089158748058167,0.5712130806424501,Y_v1,PRE+FIRE,
1076,15240,Mid-Coast,2023,0.5194398501193167,0.49351180031717123,0.4703883625296558,0.4934838879141146,0.5251664349758116,Y_v1,PRE+FIRE,
1076,16380,Port Macquarie-Hastings,2023,0.4555155182442204,0.49351180031717123,0.4583252065706089,0.4917139132253373,0.4856786954917051,Y_v1,PRE+FIRE,
1081,17900,Walgett,2023,0.7106531302388351,0.49351180031717123,0.686396243518219,0.4960887707185331,0.5632522245778262,Y_v1,PRE+FIRE,
1083,15270,Mid-Western Regional,2023,0.4801466089163743,0.49351180031717123,0.48654876661631175,0.4880606554025489,0.4281695079714491,Y_v1,PRE+FIRE,
1084,17040,Snowy Monaro Regional,2023,0.3903107449371077,0.49351180031717123,0.4719871834952807,0.48830502556984945,0.457520312593042,Y_v1,PRE+FIRE,
1089,15240,Mid-Coast,2023,0.548142022381311,0.49351180031717123,0.504896995206872,0.4937353277055037,0.5242694543304736,Y_v1,PRE+FIRE,
1090,11720,Cessnock,2023,0.6371708524268801,0.49351180031717123,0.3706446811447049,0.49017818605869706,0.355409586764615,Y_v1,PRE+FIRE,
1090,12700,Dungog,2023,0.1442788259680702,0.49351180031717123,0.5039060293163575,0.49664182400204215,0.46723067934766277,Y_v1,PRE+FIRE,
1090,16400,Port Stephens,2023,0.4386235965962997,0.49351180031717123,0.43102717093609355,0.47221352953466417,0.43258914613157134,Y_v1,PRE+FIRE,
1091,15650,Muswellbrook,2023,0.7670466641431005,0.49351180031717123,0.41891720122140175,0.4939624572614058,0.46586858629893013,Y_v1,PRE+FIRE,
1091,17620,Upper Hunter Shire,2023,0.4029713147007845,0.49351180031717123,0.44939304557273785,0.4865100195615204,0.4259910774015615,Y_v1,PRE+FIRE,
1092,11720,Cessnock,2023,0.6251003615423822,0.49351180031717123,0.42607851472337116,0.4918264499286703,0.4071685124890967,Y_v1,PRE+FIRE,
1093,15750,Narrabri,2023,0.4551006653200665,0.49351180031717123,0.5124563581325503,0.5085073996533014,0.41964569185530864,Y_v1,PRE+FIRE,
1099,17000,Singleton,2023,0.6322423452298662,0.49351180031717123,0.4061587477492384,0.4895941566694575,0.4999708580061717,Y_v1,PRE+FIRE,
1112,10180,Armidale Regional,2023,0.6409165970797331,0.49351180031717123,0.4271545924433795,0.49652675953140424,0.4861692364241833,Y_v1,PRE+FIRE,
1114,14220,Inverell,2023,0.7679674561707864,0.49351180031717123,0.45010197208726743,0.49858788397867027,0.47785908654166165,Y_v1,PRE+FIRE,
1114,17400,Tenterfield,2023,0.7605616312866833,0.49351180031717123,0.5197859299746166,0.4946336126607275,0.6042290746496375,Y_v1,PRE+FIRE,
1121,11730,Clarence Valley,2023,0.606905241914653,0.49351180031717123,0.3993098952477995,0.4921807596771267,0.389472047820943,Y_v1,PRE+FIRE,
1131,17620,Upper Hunter Shire,2023,0.5480149610720946,0.49351180031717123,0.445692380532901,0.4888061255237154,0.47633990045733643,Y_v1,PRE+FIRE,
1132,17040,Snowy Monaro Regional,2023,0.3903107449371077,0.49351180031717123,0.46846922917047695,0.4891816697300477,0.4533158982830772,Y_v1,PRE+FIRE,
1133,14650,Lake Macquarie,2023,0.325650854035764,0.49351180031717123,0.40314560234114494,0.4878418002112605,0.42957493873818964,Y_v1,PRE+FIRE,
1134,17310,Tamworth Regional,2023,0.5621391956219512,0.49351180031717123,0.460784437033524,0.48294581536881476,0.5059639853115601,Y_v1,PRE+FIRE,
1135,11350,Byron,2023,0.4866308906879208,0.49351180031717123,0.438224575794878,0.4980116582321758,0.40612624359822597,Y_v1,PRE+FIRE,
1136,14870,Lithgow,2023,0.703434543865438,0.49351180031717123,0.4668523831133865,0.4709342552040474,0.4870772954258304,Y_v1,PRE+FIRE,
1137,16200,Parkes,2023,0.6701971091798229,0.49351180031717123,0.5185373383649707,0.4834319098056224,0.5006084576679108,Y_v1,PRE+FIRE,
1138,16610,Richmond Valley,2023,0.6136707682609667,0.49351180031717123,0.45430427112396454,0.4866515161506276,0.45012551385936306,Y_v1,PRE+FIRE,
1139,15270,Mid-Western Regional,2023,0.4801466089163743,0.49351180031717123,0.4832801050566177,0.47277637041881065,0.44490004033933683,Y_v1,PRE+FIRE,
1140,17000,Singleton,2023,0.6322423452298662,0.49351180031717123,0.4220097114362341,0.47966231674171916,0.47651805616076975,Y_v1,PRE+FIRE,
1156,17400,Tenterfield,2024,0.6747257739988317,0.5056319813344873,0.5239575175709971,0.5018311997304923,0.5997371109102847,Y_v1,PRE+FIRE,
1189,15650,Muswellbrook,2024,0.3818502412323403,0.5056319813344873,0.3947541677765732,0.5069678415181342,0.4641372006660708,Y_v1,PRE+FIRE,
1189,17000,Singleton,2024,0.7339737348824127,0.5056319813344873,0.40046211022918704,0.5039954080219549,0.47782978274688076,Y_v1,PRE+FIRE,
1190,18710,Yass Valley,2024,0.3559961922070055,0.5056319813344873,0.40607876731829157,0.4897650102738228,0.47509309071240136,Y_v1,PRE+FIRE,
1191,17000,Singleton,2024,0.7339737348824127,0.5056319813344873,0.4087470703692884,0.5038311634697062,0.5136014503608508,Y_v1,PRE+FIRE,
1192,17310,Tamworth Regional,2024,0.5577875857294303,0.5056319813344873,0.46194544338877375,0.5027070460011978,0.48986651028949435,Y_v1,PRE+FIRE,
1192,17650,Uralla,2024,0.6138876268362865,0.5056319813344873,0.46580539898203716,0.500201917382645,0.495079951368723,Y_v1,PRE+FIRE,
1193,10470,Bathurst Regional,2024,0.6504402760649921,0.5056319813344873,0.45489768764409677,0.49954642500648505,0.5148845164365639,Y_v1,PRE+FIRE,
1193,14870,Lithgow,2024,0.6074403409705545,0.5056319813344873,0.4854015310463997,0.5053847660112376,0.5071914135142761,Y_v1,PRE+FIRE,
1196,15270,Mid-Western Regional,2024,0.4411522900845936,0.5056319813344873,0.4640073276517077,0.487157408297932,0.45301093710998325,Y_v1,PRE+FIRE,
1197,13800,Hawkesbury,2024,0.2833019623115034,0.5056319813344873,0.42921549358555566,0.49892387057799215,0.428792556001268,Y_v1,PRE+FIRE,
1199,13660,Gwydir,2024,0.720462560308085,0.5056319813344873,0.5176175561308207,0.49407357488697,0.5919945933586491,Y_v1,PRE+FIRE,
1199,15750,Narrabri,2024,0.3245061768460223,0.5056319813344873,0.5324815822560444,0.4775948201706103,0.5478497024408808,Y_v1,PRE+FIRE,
1203,15750,Narrabri,2024,0.2885596734529038,0.5056319813344873,0.5354219227539065,0.4908366340639201,0.5584728596639287,Y_v1,PRE+FIRE,
1203,18020,Warrumbungle Shire,2024,0.5987649913819837,0.5056319813344873,0.47419165159218996,0.5044160638687509,0.5444633242416566,Y_v1,PRE+FIRE,
770,11720,Cessnock,2017,0.1976565903852754,0.5187687020366452,0.4858682005372797,0.5221263274517579,0.4424766693624261,Y_v1,PRE+FIRE,
771,14350,Kempsey,2017,0.4220339997681447,0.5187687020366452,0.511621027117929,0.5297703159334488,0.5109021637786644,Y_v1,PRE+FIRE,
772,15240,Mid-Coast,2017,0.4309616250779358,0.5187687020366452,0.5238029128549537,0.5161466551890845,0.5329551112168788,Y_v1,PRE+FIRE,
772,16380,Port Macquarie-Hastings,2017,0.4496527156145692,0.5187687020366452,0.39626040323657147,0.519607363233827,0.42357564002923076,Y_v1,PRE+FIRE,
776,17400,Tenterfield,2017,0.4718160534333075,0.5187687020366452,0.5776380493341343,0.5257854914067758,0.6537939195110123,Y_v1,PRE+FIRE,
792,17000,Singleton,2017,0.4403233703622529,0.5187687020366452,0.41838887057413326,0.49718946454111096,0.5130722266376875,Y_v1,PRE+FIRE,
818,16950,Shoalhaven,2018,0.3335285204267149,0.5164311763384959,0.46406839157888435,0.5151109602241822,0.46182131541766924,Y_v1,PRE+FIRE,
819,11720,Cessnock,2018,0.2202717348089294,0.5164311763384959,0.4869117808299594,0.5132215018952984,0.462002959492222,Y_v1,PRE+FIRE,
819,16400,Port Stephens,2018,0.329748522815272,0.5164311763384959,0.47321615143255663,0.5280090291399065,0.4194343497041096,Y_v1,PRE+FIRE,
820,10550,Bega Valley,2018,0.4220832888665271,0.5164311763384959,0.5065315488438927,0.5254666436879866,0.44813344582454456,Y_v1,PRE+FIRE,
820,12750,Eurobodalla,2018,0.3735939436190615,0.5164311763384959,0.5100422706010407,0.5070460158919089,0.5036051008176486,Y_v1,PRE+FIRE,
823,14550,Kyogle,2018,0.5369769466894089,0.5164311763384959,0.5423026815100737,0.5012493131257952,0.5102307448610247,Y_v1,PRE+FIRE,
823,16610,Richmond Valley,2018,0.2915944006641401,0.5164311763384959,0.5613827207051106,0.5269759038717641,0.4647397949250464,Y_v1,PRE+FIRE,
824,11730,Clarence Valley,2018,0.290637503046161,0.5164311763384959,0.5275499494213973,0.5260067638148436,0.4944476723809803,Y_v1,PRE+FIRE,
824,13010,Glen Innes Severn,2018,0.4008747801741934,0.5164311763384959,0.547869994685998,0.5120780311847474,0.5346910526641744,Y_v1,PRE+FIRE,
841,17310,Tamworth Regional,2018,0.4724278768944001,0.5164311763384959,0.5080653625174345,0.5074787682813104,0.5230720828427737,Y_v1,PRE+FIRE,
842,11720,Cessnock,2018,0.2218366800358464,0.5164311763384959,0.4717348971931062,0.5024459796470334,0.41041692255272233,Y_v1,PRE+FIRE,
842,16400,Port Stephens,2018,0.3470981869148853,0.5164311763384959,0.47778592541735593,0.5240641266469354,0.41644578200554117,Y_v1,PRE+FIRE,
843,10180,Armidale Regional,2018,0.6324147695508399,0.5164311763384959,0.5219834116097928,0.4784541235962181,0.484287631719016,Y_v1,PRE+FIRE,
843,14220,Inverell,2018,0.6801177912882184,0.5164311763384959,0.6303585482291414,0.5241759276254853,0.5667540211051819,Y_v1,PRE+FIRE,
843,17400,Tenterfield,2018,0.7698433852043809,0.5164311763384959,0.6194067447839537,0.5276360561972553,0.6070668262069103,Y_v1,PRE+FIRE,
847,10180,Armidale Regional,2018,0.7169218118043611,0.5164311763384959,0.5081443339783028,0.5141895642432747,0.5437448484053361,Y_v1,PRE+FIRE,
851,13010,Glen Innes Severn,2018,0.4040046706280276,0.5164311763384959,0.5357438446754891,0.5182003280621669,0.543643246554091,Y_v1,PRE+FIRE,
853,11400,Cabonne,2018,0.4866767480618193,0.5164311763384959,0.5014344897199218,0.5003276301515429,0.47571119110349247,Y_v1,PRE+FIRE,
853,16200,Parkes,2018,0.4249694095062078,0.5164311763384959,0.5655238168410225,0.5137722273976335,0.5908607798549327,Y_v1,PRE+FIRE,
855,17310,Tamworth Regional,2018,0.484164966096278,0.5164311763384959,0.5044610036557651,0.5113158082763853,0.5538878922407177,Y_v1,PRE+FIRE,
860,17080,Snowy Valleys,2018,0.426399253735278,0.5164311763384959,0.470266256707306,0.5185148111617546,0.47990888587615993,Y_v1,PRE+FIRE,
862,17310,Tamworth Regional,2018,0.484164966096278,0.5164311763384959,0.5168889436899659,0.496139260671878,0.5086725899995213,Y_v1,PRE+FIRE,
862,17620,Upper Hunter Shire,2018,0.4795773769843505,0.5164311763384959,0.4876017921251867,0.48570197925571695,0.44185830463881803,Y_v1,PRE+FIRE,
864,17400,Tenterfield,2018,0.7412726617539894,0.5164311763384959,0.5827894576147333,0.5184052724259521,0.5997067018037595,Y_v1,PRE+FIRE,
866,15900,Newcastle,2018,0.2110621667030726,0.5164311763384959,0.492656682653285,0.5156125891163097,0.5265275631266959,Y_v1,PRE+FIRE,
867,15650,Muswellbrook,2018,0.4514105387602804,0.5164311763384959,0.49293343666009704,0.49465035187921075,0.4925845004563558,Y_v1,PRE+FIRE,
867,17000,Singleton,2018,0.3380877903086421,0.5164311763384959,0.458775778231867,0.4774976679525703,0.4889913555484251,Y_v1,PRE+FIRE,
871,10180,Armidale Regional,2019,0.6729678976374772,0.503446033612519,0.49755450928137507,0.48747443488084086,0.49917071543222824,Y_v1,PRE+FIRE,
871,10250,Ballina,2019,0.4028439615784524,0.503446033612519,0.498866909241024,0.4966816025612538,0.49106619310916083,Y_v1,PRE+FIRE,
871,10550,Bega Valley,2019,0.65580400504347,0.503446033612519,0.5598945748580135,0.48481615838532055,0.4962660030960142,Y_v1,PRE+FIRE,
871,10600,Bellingen,2019,0.3521616127053711,0.503446033612519,0.5002557119793244,0.4903782480368505,0.5248967343677251,Y_v1,PRE+FIRE,
871,10900,Blue Mountains,2019,0.5105076947811032,0.503446033612519,0.4208572389780691,0.4854076436204935,0.455132277638737,Y_v1,PRE+FIRE,
871,11350,Byron,2019,0.2100293521501227,0.503446033612519,0.5384852408010861,0.493989204613034,0.4609633222460797,Y_v1,PRE+FIRE,
871,11650,Central Coast (NSW),2019,0.5418917390382777,0.503446033612519,0.41808114360671006,0.48892186147437117,0.4425681327887785,Y_v1,PRE+FIRE,
871,11720,Cessnock,2019,0.6386891110230962,0.503446033612519,0.46820906473416274,0.48702127679578455,0.4298484067947178,Y_v1,PRE+FIRE,
871,11730,Clarence Valley,2019,0.664146472795744,0.503446033612519,0.5480468528368476,0.4851536859446469,0.5534326750148266,Y_v1,PRE+FIRE,
871,11800,Coffs Harbour,2019,0.4847188236133262,0.503446033612519,0.48876378425639605,0.4942116548927338,0.4423225132781205,Y_v1,PRE+FIRE,
871,12160,Cootamundra-Gundagai Regional,2019,0.3538915153050396,0.503446033612519,0.5485897933330395,0.5003602540053276,0.5487874809253224,Y_v1,PRE+FIRE,
871,12700,Dungog,2019,0.4239282810119616,0.503446033612519,0.49643833052735115,0.49401407284453475,0.4637462716797064,Y_v1,PRE+FIRE,
871,12750,Eurobodalla,2019,0.6126830939874759,0.503446033612519,0.5705024293902591,0.4837195395699172,0.5398662910489161,Y_v1,PRE+FIRE,
871,13010,Glen Innes Severn,2019,0.806665267297997,0.503446033612519,0.577878730844704,0.48708650995360075,0.5571655448847384,Y_v1,PRE+FIRE,
871,13310,Goulburn Mulwaree,2019,0.4377728619416386,0.503446033612519,0.5358809802867474,0.4947455913976968,0.503926342792777,Y_v1,PRE+FIRE,
871,13340,Greater Hume Shire,2019,0.5876627132137348,0.503446033612519,0.5547819505506373,0.4928927023102502,0.49636992397175106,Y_v1,PRE+FIRE,
871,13660,Gwydir,2019,0.6031810200235995,0.503446033612519,0.5760999204935566,0.5010114716429832,0.5912622114433537,Y_v1,PRE+FIRE,
871,13800,Hawkesbury,2019,0.6117210466947762,0.503446033612519,0.4666101409623403,0.4838578468372644,0.45982410693937686,Y_v1,PRE+FIRE,
871,14220,Inverell,2019,0.4921640737275123,0.503446033612519,0.5684122121302054,0.4984780359978853,0.6043822590887522,Y_v1,PRE+FIRE,
871,14350,Kempsey,2019,0.6923863506115918,0.503446033612519,0.5645923591033095,0.4854144480802358,0.5939194461451017,Y_v1,PRE+FIRE,
871,14500,Ku-ring-gai,2019,0.4150848030275004,0.503446033612519,0.3704978650533922,0.5126818176095547,0.4237669338945196,Y_v1,PRE+FIRE,
871,14550,Kyogle,2019,0.6706215647426113,0.503446033612519,0.5973856902979052,0.49261837367775363,0.5501997216400779,Y_v1,PRE+FIRE,
871,14650,Lake Macquarie,2019,0.3793768696502086,0.503446033612519,0.3954390003239253,0.5024005367315605,0.4846566264425829,Y_v1,PRE+FIRE,
871,14850,Lismore,2019,0.556136002840925,0.503446033612519,0.5376298855245996,0.4958114523577929,0.48028587046565147,Y_v1,PRE+FIRE,
871,14870,Lithgow,2019,0.6018359506397464,0.503446033612519,0.5103319848679809,0.485054190087423,0.5375754169444568,Y_v1,PRE+FIRE,
871,15240,Mid-Coast,2019,0.6353925611165694,0.503446033612519,0.5360006346320718,0.4882887885076984,0.5440709816776392,Y_v1,PRE+FIRE,
871,15270,Mid-Western Regional,2019,0.5764951554389729,0.503446033612519,0.5504782102962812,0.49135739886360774,0.4724659046630326,Y_v1,PRE+FIRE,
871,15650,Muswellbrook,2019,0.4667726226982077,0.503446033612519,0.4916310911211944,0.4874470361477955,0.48258236429724377,Y_v1,PRE+FIRE,
871,15700,Nambucca Valley,2019,0.6590735139631723,0.503446033612519,0.5816970260400106,0.4877584360790459,0.5821750292073551,Y_v1,PRE+FIRE,
871,15750,Narrabri,2019,0.6470852819378716,0.503446033612519,0.510976330958077,0.49886638053938903,0.5432438822113109,Y_v1,PRE+FIRE,
871,16100,Oberon,2019,0.4856174189988255,0.503446033612519,0.48611972836743844,0.4885437245984168,0.46077533933614834,Y_v1,PRE+FIRE,
871,16350,Penrith,2019,0.5176359040591987,0.503446033612519,0.4717321243829969,0.5106890064994482,0.4562772747255375,Y_v1,PRE+FIRE,
871,16380,Port Macquarie-Hastings,2019,0.5941324543893085,0.503446033612519,0.461982719359651,0.486060443291857,0.48186211180192995,Y_v1,PRE+FIRE,
871,16490,Queanbeyan-Palerang Regional,2019,0.5041784812724361,0.503446033612519,0.46315157385622396,0.4880443189166786,0.4944850546603591,Y_v1,PRE+FIRE,
871,16610,Richmond Valley,2019,0.5646836398003905,0.503446033612519,0.5571232927463776,0.48565333471215605,0.5441678212280184,Y_v1,PRE+FIRE,
871,16950,Shoalhaven,2019,0.5783860563696385,0.503446033612519,0.5353609071995373,0.4840360150731445,0.4867389415000738,Y_v1,PRE+FIRE,
871,17000,Singleton,2019,0.4901771562275235,0.503446033612519,0.45568828523182303,0.4862625181222652,0.5032277028980888,Y_v1,PRE+FIRE,
871,17040,Snowy Monaro Regional,2019,0.5305234185551835,0.503446033612519,0.531613475229597,0.49018353746313276,0.480878305114317,Y_v1,PRE+FIRE,
871,17080,Snowy Valleys,2019,0.6307135188746418,0.503446033612519,0.5108831176066427,0.4854963310771503,0.48982357658300246,Y_v1,PRE+FIRE,
871,17150,Sutherland Shire,2019,0.3619399825436023,0.503446033612519,0.36953172328388784,0.5140177566513225,0.44147118717613426,Y_v1,PRE+FIRE,
871,17310,Tamworth Regional,2019,0.5099020552196077,0.503446033612519,0.5009988706857849,0.49342367479244054,0.5108410082846189,Y_v1,PRE+FIRE,
871,17400,Tenterfield,2019,0.6192910660307722,0.503446033612519,0.6147908668959438,0.4869091631803704,0.6586702326969134,Y_v1,PRE+FIRE,
871,17550,Tweed,2019,0.4618694691205923,0.503446033612519,0.5091763217793461,0.4988346002969757,0.49181169306764855,Y_v1,PRE+FIRE,
871,17620,Upper Hunter Shire,2019,0.2840293398592333,0.503446033612519,0.5026650419062562,0.49559787545838874,0.4705878416121049,Y_v1,PRE+FIRE,
871,17640,Upper Lachlan Shire,2019,0.4244334130573035,0.503446033612519,0.5458044290845355,0.4947369955943725,0.49979564670190507,Y_v1,PRE+FIRE,
871,17650,Uralla,2019,0.5310768689878593,0.503446033612519,0.5332431474501075,0.4963700326325776,0.4859365971977634,Y_v1,PRE+FIRE,
871,17750,Wagga Wagga,2019,0.4498351410750578,0.503446033612519,0.4981045490783926,0.4968547816078544,0.5489942498122209,Y_v1,PRE+FIRE,
871,17850,Walcha,2019,0.8684156074541056,0.503446033612519,0.5447378078776599,0.48617174412034925,0.5406522207480787,Y_v1,PRE+FIRE,
871,18350,Wingecarribee,2019,0.470693632149763,0.503446033612519,0.46802007309083377,0.4878719409797132,0.480562750369227,Y_v1,PRE+FIRE,
871,18400,Wollondilly,2019,0.5741333755892691,0.503446033612519,0.40325200456937893,0.4845673968007632,0.46370569407291784,Y_v1,PRE+FIRE,
880,11730,Clarence Valley,2019,0.3668536173531152,0.503446033612519,0.5301120199666087,0.49159714826809325,0.511511268055721,Y_v1,PRE+FIRE,
880,14350,Kempsey,2019,0.4015021565583836,0.503446033612519,0.5165874337281813,0.49518023720422905,0.5365862238079626,Y_v1,PRE+FIRE,
880,14550,Kyogle,2019,0.351230422265057,0.503446033612519,0.5668201768305757,0.5047258508743279,0.5096163750204253,Y_v1,PRE+FIRE,
880,15240,Mid-Coast,2019,0.4328447502420195,0.503446033612519,0.46263168743977623,0.5030443425009032,0.4663184511619775,Y_v1,PRE+FIRE,
880,15700,Nambucca Valley,2019,0.4259717540609297,0.503446033612519,0.5843929323172444,0.5222559935886005,0.5264806917695373,Y_v1,PRE+FIRE,
880,16380,Port Macquarie-Hastings,2019,0.460825536473173,0.503446033612519,0.43559156689683604,0.5005121664571187,0.43924034303538984,Y_v1,PRE+FIRE,
880,16610,Richmond Valley,2019,0.3007165036501557,0.503446033612519,0.5255258978041213,0.4957860882325651,0.5164405945549355,Y_v1,PRE+FIRE,
NSW1718-05,12700,Dungog,2017,0.5138706938992935,0.5187687020366452,0.4465890850161328,0.5185290040276304,0.430675086169859,Y_v1,PRE+FIRE,
NSW1718-05,15240,Mid-Coast,2017,0.4309616250779358,0.5187687020366452,0.5181778643149065,0.519522915248814,0.520320142885251,Y_v1,PRE+FIRE,
NSW1718-05,16380,Port Macquarie-Hastings,2017,0.4816839811553713,0.5187687020366452,0.43929128096495923,0.5202204234746994,0.44468347779386247,Y_v1,PRE+FIRE,
NSW1718-05,17620,Upper Hunter Shire,2017,0.4100578026294302,0.5187687020366452,0.4618845601884188,0.5003397012781822,0.49400480976537614,Y_v1,PRE+FIRE,
NSW1718-06,14350,Kempsey,2017,0.4157742188604764,0.5187687020366452,0.5179589790856973,0.5212166793728782,0.5575811422049525,Y_v1,PRE+FIRE,
NSW1718-06,16380,Port Macquarie-Hastings,2017,0.4723444214048665,0.5187687020366452,0.4704781642833999,0.5267915715133941,0.4604427335599488,Y_v1,PRE+FIRE,
NSW1718-08,17310,Tamworth Regional,2017,0.5833303839229066,0.5187687020366452,0.4663630728273185,0.5141562735116246,0.48256206117686207,Y_v1,PRE+FIRE,
NSW1718-09,13660,Gwydir,2017,0.6382075963991812,0.5187687020366452,0.5404435462141457,0.5147171938899723,0.5721295953352971,Y_v1,PRE+FIRE,
NSW1718-09,17310,Tamworth Regional,2017,0.5708108221075702,0.5187687020366452,0.4856537775334526,0.5258604452288493,0.5154775644814293,Y_v1,PRE+FIRE,
NSW1718-09,17650,Uralla,2017,0.6224550991521441,0.5187687020366452,0.5023225455479353,0.5160750135256301,0.5108408432540037,Y_v1,PRE+FIRE,
NSW1718-10,16400,Port Stephens,2017,0.357814137899339,0.5187687020366452,0.4532488266790704,0.5294108705945685,0.44110698767892687,Y_v1,PRE+FIRE,
NSW1718-11,11720,Cessnock,2017,0.2273136385105707,0.5187687020366452,0.5140139548269951,0.5000866916524525,0.489916871936416,Y_v1,PRE+FIRE,
NSW1718-11,15650,Muswellbrook,2017,0.4612030138806296,0.5187687020366452,0.49821531626260257,0.49219193991387783,0.473113855677627,Y_v1,PRE+FIRE,
NSW1718-11,17000,Singleton,2017,0.418414137185414,0.5187687020366452,0.40934350800052594,0.5316307127369163,0.5341619088908945,Y_v1,PRE+FIRE,
NSW1718-12,15750,Narrabri,2017,0.6014467419531987,0.5187687020366452,0.5162499026556663,0.5299434379921307,0.5440474824092315,Y_v1,PRE+FIRE,
NSW1718-12,18020,Warrumbungle Shire,2017,0.4435709057537967,0.5187687020366452,0.56720661232218,0.5255186688429373,0.5614854603028008,Y_v1,PRE+FIRE,
NSW1718-13,17640,Upper Lachlan Shire,2017,0.442552888078713,0.5187687020366452,0.5561358840139295,0.5153170169478528,0.478011889001666,Y_v1,PRE+FIRE,
NSW1718-14,17150,Sutherland Shire,2017,0.3695604367686197,0.5187687020366452,0.42033602854584134,0.5349615167070169,0.519396416676437,Y_v1,PRE+FIRE,
NSW1718-15,17620,Upper Hunter Shire,2017,0.377193952864172,0.5187687020366452,0.44407516871163133,0.5144343625778959,0.48556969512663706,Y_v1,PRE+FIRE,
NSW1718-16,15270,Mid-Western Regional,2017,0.4461801238243437,0.5187687020366452,0.5123291529522679,0.5064237841117885,0.49770551001720803,Y_v1,PRE+FIRE,
NSW1718-16,15650,Muswellbrook,2017,0.4612030138806296,0.5187687020366452,0.44570029470628975,0.5096220122024733,0.5069213833995673,Y_v1,PRE+FIRE,
NSW1718-17,10470,Bathurst Regional,2017,0.4844921438466906,0.5187687020366452,0.507074169059898,0.50498086144593,0.5296102833343385,Y_v1,PRE+FIRE,
NSW1718-17,11400,Cabonne,2017,0.2178883750765683,0.5187687020366452,0.5246936227605763,0.5171515940242765,0.48265057812677314,Y_v1,PRE+FIRE,
NSW1718-18,14870,Lithgow,2017,0.5073818631685724,0.5187687020366452,0.48338582886457643,0.5039262813785028,0.4826908440869544,Y_v1,PRE+FIRE,
NSW1718-19,13660,Gwydir,2017,0.6382075963991812,0.5187687020366452,0.5391033870338258,0.5147185642166037,0.5711650488476296,Y_v1,PRE+FIRE,
NSW1718-19,15750,Narrabri,2017,0.6014467419531987,0.5187687020366452,0.49327195623540926,0.5090608754572616,0.5514193743230168,Y_v1,PRE+FIRE,
NSW1718-20,10550,Bega Valley,2017,0.4339633501738829,0.5187687020366452,0.608499095755473,0.5123308466981555,0.5368907808069581,Y_v1,PRE+FIRE,
NSW1718-21,14900,Liverpool,2017,0.2535450218657485,0.5187687020366452,0.4410686165414589,0.5357259278458063,0.4599718023048449,Y_v1,PRE+FIRE,
NSW1718-21,17150,Sutherland Shire,2017,0.3801238170503098,0.5187687020366452,0.3425493308439356,0.5331735565097835,0.4342385249564643,Y_v1,PRE+FIRE,
RAA-raa_2015_p15_r01,15750,Narrabri,2014,0.4463792900757517,0.5076669865530623,0.512899984425981,0.4879652049232267,0.520452703457329,Y_v1,PRE+FIRE,
RAA-raa_2015_p15_r05,10900,Blue Mountains,2015,0.3025124911255799,0.5094541847129016,0.4051412497996587,0.5075194906042145,0.44391249726259385,Y_v1,PRE+FIRE,
RAA-raa_2015_p15_r09,16950,Shoalhaven,2015,0.3769972324037149,0.5094541847129016,0.4911747080302368,0.4624379295931834,0.44190450714489515,Y_v1,PRE+FIRE,
RAA-raa_2015_p15_r11,13800,Hawkesbury,2015,0.3979559352871258,0.5094541847129016,0.40412180106839674,0.5159678140354897,0.4162984735127064,Y_v1,PRE+FIRE,
RAA-raa_2016_p13_r06,14350,Kempsey,2016,0.5362564469120431,0.511174283554072,0.5431341243564842,0.5170299585642507,0.46057500426352305,Y_v1,PRE+FIRE,
RAA-raa_2016_p13_r07,17400,Tenterfield,2016,0.7017899527077825,0.511174283554072,0.5693202744777753,0.5148804683363314,0.5707097536012657,Y_v1,PRE+FIRE,
RAA-raa_2016_p13_r08,11720,Cessnock,2016,0.3231296426772086,0.511174283554072,0.4223982467773243,0.5113610794139535,0.4280793218612474,Y_v1,PRE+FIRE,
RAA-raa_2016_p13_r08,12700,Dungog,2016,0.4347437342441481,0.511174283554072,0.49826142280975205,0.5042075577365234,0.4733315585333795,Y_v1,PRE+FIRE,
RAA-raa_2016_p13_r08,15240,Mid-Coast,2016,0.3817114810072557,0.511174283554072,0.5274276872578814,0.506016476787108,0.5207780705954325,Y_v1,PRE+FIRE,
RAA-raa_2016_p13_r08,16400,Port Stephens,2016,0.3316282108519682,0.511174283554072,0.5045263107103807,0.5275357494759237,0.3941975517990207,Y_v1,PRE+FIRE,
RAA-raa_2016_p13_r12,16350,Penrith,2016,0.2955905745028871,0.511174283554072,0.41061503503521746,0.5123128351242419,0.48164551960942703,Y_v1,PRE+FIRE,
RAA-raa_2016_p13_r16,11720,Cessnock,2016,0.3586173013473892,0.511174283554072,0.43920128414498427,0.5116713866891229,0.41773342677265735,Y_v1,PRE+FIRE,
RAA-raa_2016_p13_r17,15270,Mid-Western Regional,2016,0.3945919127850731,0.511174283554072,0.5476268473429508,0.5027933197891531,0.53130069077207,Y_v1,PRE+FIRE,
RAA-raa_2016_p13_r22,11720,Cessnock,2016,0.4082235393908236,0.511174283554072,0.4214604083710467,0.5088140775242607,0.4538239491856516,Y_v1,PRE+FIRE,
RAA-raa_2016_p13_r23,14350,Kempsey,2016,0.5763777301671291,0.511174283554072,0.5097398618439201,0.5015146605580344,0.4823844734895435,Y_v1,PRE+FIRE,
RAA-raa_2016_p13_r23,15240,Mid-Coast,2016,0.4501493811352967,0.511174283554072,0.533196511163084,0.5184064360145079,0.5365922538647008,Y_v1,PRE+FIRE,
RAA-raa_2016_p13_r23,15270,Mid-Western Regional,2016,0.4209439345888048,0.511174283554072,0.5505489547584458,0.5140000510470614,0.494608292596842,Y_v1,PRE+FIRE,
RAA-raa_2016_p13_r23,17620,Upper Hunter Shire,2016,0.5146718253591342,0.511174283554072,0.538890345349834,0.5180476623799652,0.45685296072863096,Y_v1,PRE+FIRE,
RAA-raa_2016_p13_r23,18020,Warrumbungle Shire,2016,0.5608974517459503,0.511174283554072,0.6426470695368823,0.5218420979869687,0.5840666803407619,Y_v1,PRE+FIRE,
RAA-raa_2016_p13_r26,17000,Singleton,2016,0.6635869747448337,0.511174283554072,0.44646428474041405,0.5103788641133788,0.5141327811000487,Y_v1,PRE+FIRE,
1052,10950,Bogan,2022,0.3037037037037037,0.5357357357357357,0.3625819481932868,0.4625671310778216,0.4149736126191438,DL,PRE,0.5405405405405406
1052,11200,Brewarrina,2022,0.3037037037037037,0.5357357357357357,0.26631397824609726,0.08672673118495111,0.44744886556467156,DL,PRE,0.5405405405405406
1052,11400,Cabonne,2022,0.3037037037037037,0.5357357357357357,0.47135379295907354,0.2929749422813872,0.44082969265095606,DL,PRE,0.5405405405405406
1052,12150,Coonamble,2022,0.3037037037037037,0.5357357357357357,0.4219106271878502,0.1998156387145118,0.46412426265846757,DL,PRE,0.5405405405405406
1052,12350,Cowra,2022,0.7074074074074074,0.5357357357357357,0.4490356697644269,0.39830881670224777,0.4750559876702291,DL,PRE,0.5405405405405406
1052,12390,Dubbo Regional,2022,0.3037037037037037,0.5357357357357357,0.3281885243176125,0.42605901356068376,0.3576916553451878,DL,PRE,0.5405405405405406
1052,17620,Upper Hunter Shire,2022,0.3037037037037037,0.5357357357357357,0.4360645981681495,0.33768669764901094,0.3525968841892079,DL,PRE,0.5405405405405406
1052,17900,Walgett,2022,0.3037037037037037,0.5357357357357357,0.3890346480243234,0.40783445432111737,0.47845718861041686,DL,PRE,0.5405405405405406
1052,17950,Warren,2022,0.3037037037037037,0.5357357357357357,0.4327483373404559,0.06619172055381861,0.4289068262151644,DL,PRE,0.5405405405405406
1053,13660,Gwydir,2022,0.3037037037037037,0.5357357357357357,0.5944666118789085,0.4379578516613955,0.5249971649870336,DL,PRE,0.6036036036036037
1053,15750,Narrabri,2022,0.3037037037037037,0.5357357357357357,0.42077150622085824,0.27663038229802894,0.3338479130274204,DL,PRE,0.5405405405405406
1054,13660,Gwydir,2022,0.3037037037037037,0.5357357357357357,0.5944666118789085,0.03963842185275679,0.5249971649870336,DL,PRE,0.5405405405405406
1054,15300,Moree Plains,2022,0.3037037037037037,0.5357357357357357,0.2761903703387337,0.2512472017752009,0.3630616153176259,DL,PRE,0.5405405405405406
1054,15750,Narrabri,2022,0.3037037037037037,0.5357357357357357,0.42077150622085824,0.45120802577154395,0.3338479130274204,DL,PRE,0.5675675675675675
1055,10850,Blayney,2022,0.3037037037037037,0.5357357357357357,0.3075340707069963,0.1533586350997811,0.41209321375874486,DL,PRE,0.5405405405405406
1055,11400,Cabonne,2022,0.3037037037037037,0.5357357357357357,0.47135379295907354,0.2958495006637341,0.44082969265095606,DL,PRE,0.5405405405405406
1055,12350,Cowra,2022,0.7074074074074074,0.5357357357357357,0.4490356697644269,0.4046982548775176,0.4750559876702291,DL,PRE,0.5405405405405406
1055,14920,Liverpool Plains,2022,0.3037037037037037,0.5357357357357357,0.48388958605195526,0.42902725119772095,0.5679822411096781,DL,PRE,0.5675675675675675
1055,17620,Upper Hunter Shire,2022,0.3037037037037037,0.5357357357357357,0.4360645981681495,0.34107788702364256,0.3525968841892079,DL,PRE,0.5405405405405406
1056,11750,Cobar,2022,0.3037037037037037,0.5357357357357357,0.3243515620296645,0.4240563801246008,0.33209394059099734,DL,PRE,0.5405405405405406
1056,17640,Upper Lachlan Shire,2022,0.7407407407407407,0.5357357357357357,0.5474939448905433,0.48816883726474664,0.5831125497698544,DL,PRE,0.5765765765765766
1065,12160,Cootamundra-Gundagai Regional,2022,0.3037037037037037,0.5357357357357357,0.41512319698829037,0.39798131564915595,0.428052033738883,DL,PRE,0.5405405405405406
1066,17640,Upper Lachlan Shire,2022,0.3037037037037037,0.5357357357357357,0.5474939448905433,0.3985668137689126,0.5831125497698544,DL,PRE,0.5405405405405406
1066,18710,Yass Valley,2022,0.3037037037037037,0.5357357357357357,0.3328916285432346,0.4730450982432604,0.3750408547056883,DL,PRE,0.5765765765765766
1070,10550,Bega Valley,2023,0.674074074074074,0.49682539682539684,0.665744323291376,0.525995864424556,0.6969700909388232,DL,PRE,0.746031746031746
1075,11730,Clarence Valley,2023,0.6518518518518519,0.49682539682539684,0.6306941606507575,0.557561611821084,0.6597949628765336,DL,PRE,0.746031746031746
1075,17400,Tenterfield,2023,0.7555555555555555,0.49682539682539684,0.6937706625350611,0.6148050856117138,0.6785412471055932,DL,PRE,0.8333333333333334
1076,14350,Kempsey,2023,0.762962962962963,0.49682539682539684,0.6041342826669367,0.639920556281601,0.6469752739841598,DL,PRE,0.8492063492063492
1076,15240,Mid-Coast,2023,0.6111111111111112,0.49682539682539684,0.6034110339206954,0.4790669370223802,0.6329775580263229,DL,PRE,0.6428571428571429
1089,15240,Mid-Coast,2023,0.6111111111111112,0.49682539682539684,0.6034110339206954,0.4816877920525558,0.6329775580263229,DL,PRE,0.6428571428571429
1091,17620,Upper Hunter Shire,2023,0.3037037037037037,0.49682539682539684,0.4211259998646011,0.4063755867364804,0.3373722777349398,DL,PRE,0.626984126984127
1092,11720,Cessnock,2023,0.725925925925926,0.49682539682539684,0.5477117172653017,0.4617908143476138,0.46486470740486485,DL,PRE,0.6428571428571429
1093,15750,Narrabri,2023,0.3037037037037037,0.49682539682539684,0.4148553805818337,0.6356628604242476,0.3229623457684873,DL,PRE,0.753968253968254
1203,15750,Narrabri,2024,0.3037037037037037,0.5067112225006962,0.4187963298605717,0.323387557620704,0.324580969709683,DL,PRE,0.5939849624060151
1203,18020,Warrumbungle Shire,2024,0.3037037037037037,0.5067112225006962,0.6073481633274498,0.47464682275773407,0.6476508285415298,DL,PRE,0.7142857142857143
770,11720,Cessnock,2017,0.3037037037037037,0.5083697871099445,0.5668402649036262,0.5187189982027101,0.5059140717720353,DL,PRE,0.6220472440944882
818,16950,Shoalhaven,2018,0.3037037037037037,0.538888888888889,0.7312747361373193,0.4896319824378805,0.6775703325337813,DL,PRE,0.5648148148148148
819,11720,Cessnock,2018,0.3037037037037037,0.538888888888889,0.670587661862509,0.47025177532055457,0.5616466335913127,DL,PRE,0.5648148148148148
819,16400,Port Stephens,2018,0.3037037037037037,0.538888888888889,0.4648635956153173,0.6219277008345638,0.3560500817280135,DL,PRE,0.7129629629629629
820,10550,Bega Valley,2018,0.7481481481481481,0.538888888888889,0.7426606996291389,0.5958504087995543,0.7645410629055617,DL,PRE,0.7314814814814815
820,12750,Eurobodalla,2018,0.3037037037037037,0.538888888888889,0.8476874267749875,0.4069097074028477,0.7458169844987056,DL,PRE,0.5648148148148148
823,14550,Kyogle,2018,0.3037037037037037,0.538888888888889,0.7896229503709429,0.34745282577306114,0.7383601975973832,DL,PRE,0.5648148148148148
823,16610,Richmond Valley,2018,0.3037037037037037,0.538888888888889,0.6464773674492117,0.6113309168946014,0.7222927246713864,DL,PRE,0.7222222222222222
824,11730,Clarence Valley,2018,0.3037037037037037,0.538888888888889,0.7208831998243135,0.6013904303849517,0.7554608111959131,DL,PRE,0.7222222222222222
824,13010,Glen Innes Severn,2018,0.3037037037037037,0.538888888888889,0.6316005342402667,0.45852317624837174,0.736647004116391,DL,PRE,0.5648148148148148
841,17310,Tamworth Regional,2018,0.3037037037037037,0.538888888888889,0.5131305156740291,0.41134845622779465,0.399224427209992,DL,PRE,0.5277777777777778
842,11720,Cessnock,2018,0.3037037037037037,0.538888888888889,0.670587661862509,0.3597270552056121,0.5616466335913127,DL,PRE,0.5277777777777778
842,16400,Port Stephens,2018,0.3037037037037037,0.538888888888889,0.4648635956153173,0.5814647669858986,0.3560500817280135,DL,PRE,0.6481481481481481
843,10180,Armidale Regional,2018,0.3037037037037037,0.538888888888889,0.5067856863439156,0.11364216818481843,0.5241247995917555,DL,PRE,0.5277777777777778
843,14220,Inverell,2018,0.8592592592592593,0.538888888888889,0.6529704672649044,0.5826115115777715,0.570457639761848,DL,PRE,0.6944444444444444
843,17400,Tenterfield,2018,0.9037037037037036,0.538888888888889,0.76905607994846,0.6181021108402039,0.7481493131723796,DL,PRE,0.8055555555555556
847,10180,Armidale Regional,2018,0.3037037037037037,0.538888888888889,0.5067856863439156,0.48018120775071954,0.5241247995917555,DL,PRE,0.5648148148148148
851,13010,Glen Innes Severn,2018,0.3037037037037037,0.538888888888889,0.6316005342402667,0.5213196823709705,0.736647004116391,DL,PRE,0.6018518518518519
853,11400,Cabonne,2018,0.3037037037037037,0.538888888888889,0.4321164783218866,0.337999107390144,0.39179921150397656,DL,PRE,0.5277777777777778
853,16200,Parkes,2018,0.3037037037037037,0.538888888888889,0.3859472060243327,0.47590057642767,0.3862762791253882,DL,PRE,0.5277777777777778
855,17310,Tamworth Regional,2018,0.3037037037037037,0.538888888888889,0.5131305156740291,0.4507050425495178,0.399224427209992,DL,PRE,0.5277777777777778
860,17080,Snowy Valleys,2018,0.3037037037037037,0.538888888888889,0.6277546305150244,0.5245453410223093,0.721440309715437,DL,PRE,0.5648148148148148
862,17310,Tamworth Regional,2018,0.3037037037037037,0.538888888888889,0.5131305156740291,0.29503892840183976,0.399224427209992,DL,PRE,0.5277777777777778
862,17620,Upper Hunter Shire,2018,0.3037037037037037,0.538888888888889,0.43359337039923107,0.18798355041606918,0.35540414944911025,DL,PRE,0.5277777777777778
864,17400,Tenterfield,2018,0.3037037037037037,0.538888888888889,0.76905607994846,0.5234218002938537,0.7481493131723796,DL,PRE,0.7129629629629629
866,15900,Newcastle,2018,0.3037037037037037,0.538888888888889,0.3031203980085674,0.4947771987556219,0.36663406225445627,DL,PRE,0.5462962962962963
867,15650,Muswellbrook,2018,0.3037037037037037,0.538888888888889,0.48092284409829744,0.27976716488126174,0.44037003300786254,DL,PRE,0.5277777777777778
867,17000,Singleton,2018,0.3037037037037037,0.538888888888889,0.5304121552985628,0.10383178592389886,0.6557924324444806,DL,PRE,0.5277777777777778
871,10180,Armidale Regional,2019,0.8222222222222222,0.399107541276216,0.3527740572863747,0.5129434064741843,0.311719099608934,DL,PRE,0.8192771084337349
871,10250,Ballina,2019,0.3037037037037037,0.399107541276216,0.3594236797985951,0.4490634004531636,0.3181658108195339,DL,PRE,0.8072289156626506
871,10550,Bega Valley,2019,0.9925925925925926,0.399107541276216,0.4882328641555753,0.5313867241624921,0.577890738327731,DL,PRE,0.9518072289156626
871,10600,Bellingen,2019,0.3037037037037037,0.399107541276216,0.48870714963256146,0.4927965373903908,0.5153967765614859,DL,PRE,0.9518072289156626
871,10900,Blue Mountains,2019,0.7777777777777778,0.399107541276216,0.3940562399154169,0.5272829561313557,0.40529042956807343,DL,PRE,0.9518072289156626
871,11350,Byron,2019,0.3037037037037037,0.399107541276216,0.40500697729174523,0.46774345528795847,0.41246408505345455,DL,PRE,0.9518072289156626
871,11650,Central Coast (NSW),2019,0.6296296296296297,0.399107541276216,0.3606729219240584,0.5029010543938154,0.329497766653072,DL,PRE,0.8192771084337349
871,11720,Cessnock,2019,0.8148148148148148,0.399107541276216,0.39613567723081744,0.5160874505718557,0.3908267350729147,DL,PRE,0.9036144578313253
871,11730,Clarence Valley,2019,0.9481481481481482,0.399107541276216,0.48535667781078934,0.5290449331502683,0.4691764563055888,DL,PRE,0.9518072289156626
871,11800,Coffs Harbour,2019,0.7703703703703704,0.399107541276216,0.38778415717631365,0.4662000788990578,0.3586887780214323,DL,PRE,0.8072289156626506
871,12160,Cootamundra-Gundagai Regional,2019,0.3037037037037037,0.399107541276216,0.3777722289885925,0.4235406463822689,0.37282450265280587,DL,PRE,0.7831325301204819
871,12700,Dungog,2019,0.3037037037037037,0.399107541276216,0.418795013674693,0.46757091767018705,0.38835495281222326,DL,PRE,0.9518072289156626
871,12750,Eurobodalla,2019,0.9851851851851852,0.399107541276216,0.5335906043707449,0.5389951460966074,0.5265666696135393,DL,PRE,0.9879518072289156
871,13010,Glen Innes Severn,2019,0.9777777777777776,0.399107541276216,0.47126503125524233,0.5156348581288036,0.41851748956417323,DL,PRE,0.927710843373494
871,13310,Goulburn Mulwaree,2019,0.6370370370370371,0.399107541276216,0.3652699625824727,0.4624955881874959,0.34871218760528927,DL,PRE,0.8072289156626506
871,13340,Greater Hume Shire,2019,0.8518518518518519,0.399107541276216,0.3751301398455263,0.4753510688489566,0.35876025127183353,DL,PRE,0.8072289156626506
871,13660,Gwydir,2019,0.3037037037037037,0.399107541276216,0.47097069915067524,0.41902245055284604,0.45437049499936805,DL,PRE,0.9518072289156626
871,13800,Hawkesbury,2019,0.8,0.399107541276216,0.35330184659777364,0.5380355601112573,0.36436869413097644,DL,PRE,0.9518072289156626
871,14220,Inverell,2019,0.6888888888888889,0.399107541276216,0.4285893099162853,0.4365996132461042,0.4504300496476418,DL,PRE,0.8072289156626506
871,14350,Kempsey,2019,0.9111111111111112,0.399107541276216,0.4897430619534631,0.5272357462895889,0.5129928022412469,DL,PRE,0.9518072289156626
871,14500,Ku-ring-gai,2019,0.3037037037037037,0.399107541276216,0.29864832777567873,0.3380527325582522,0.3225184761673789,DL,PRE,0.7831325301204819
871,14550,Kyogle,2019,0.837037037037037,0.399107541276216,0.5359246821678585,0.4772543810622119,0.5145030151065842,DL,PRE,1.0
871,14650,Lake Macquarie,2019,0.3037037037037037,0.399107541276216,0.34852580391374166,0.40938501488295276,0.3319291159368064,DL,PRE,0.7831325301204819
871,14850,Lismore,2019,0.6666666666666666,0.399107541276216,0.38151604476472134,0.45510056651396263,0.4042078732330352,DL,PRE,0.8433734939759037
871,14870,Lithgow,2019,0.925925925925926,0.399107541276216,0.4404668901015079,0.5297352427198495,0.4302411115286606,DL,PRE,0.927710843373494
871,15240,Mid-Coast,2019,0.8740740740740741,0.399107541276216,0.48071541232118586,0.5072933611624685,0.48966775846276683,DL,PRE,0.891566265060241
871,15270,Mid-Western Regional,2019,0.8074074074074075,0.399107541276216,0.4062674279374267,0.48600311699447446,0.4418180964834889,DL,PRE,0.9518072289156626
871,15650,Muswellbrook,2019,0.3037037037037037,0.399107541276216,0.3108720693063579,0.5131335008976443,0.3230370490663741,DL,PRE,0.8313253012048193
871,15700,Nambucca Valley,2019,0.9407407407407408,0.399107541276216,0.5101880337030102,0.5109729852891864,0.5473081947593919,DL,PRE,0.9518072289156626
871,15750,Narrabri,2019,0.3037037037037037,0.399107541276216,0.3478147761061123,0.43390525027688565,0.30827601470787525,DL,PRE,0.8072289156626506
871,16100,Oberon,2019,0.8444444444444444,0.399107541276216,0.3835484497732419,0.5055245958292695,0.38236668805737883,DL,PRE,0.9036144578313253
871,16350,Penrith,2019,0.3037037037037037,0.399107541276216,0.25001729110680054,0.3518790024960938,0.3117402070599433,DL,PRE,0.7831325301204819
871,16380,Port Macquarie-Hastings,2019,0.7925925925925926,0.399107541276216,0.4249093929929444,0.5227537840358006,0.4276962838858144,DL,PRE,0.8554216867469879
871,16490,Queanbeyan-Palerang Regional,2019,0.8666666666666667,0.399107541276216,0.25631958943873684,0.5089895091515535,0.36181281340262156,DL,PRE,0.9156626506024096
871,16610,Richmond Valley,2019,0.9333333333333332,0.399107541276216,0.43982377423210306,0.5255783332810404,0.4101455674408572,DL,PRE,0.891566265060241
871,16950,Shoalhaven,2019,0.9185185185185184,0.399107541276216,0.4656568309145509,0.5367994157967593,0.4326794213804583,DL,PRE,0.9156626506024096
871,17000,Singleton,2019,0.6814814814814815,0.399107541276216,0.3129052824702508,0.5213517740115201,0.3569161402150682,DL,PRE,0.9518072289156626
871,17040,Snowy Monaro Regional,2019,0.8814814814814815,0.399107541276216,0.3701388115342682,0.49414745366053836,0.37287840914757436,DL,PRE,0.9518072289156626
871,17080,Snowy Valleys,2019,1.0,0.399107541276216,0.4117218603422774,0.5266676360392412,0.35544924457073895,DL,PRE,0.8433734939759037
871,17150,Sutherland Shire,2019,0.3037037037037037,0.399107541276216,0.30219023927252137,0.32878388930546787,0.32636698252434665,DL,PRE,0.7831325301204819
871,17310,Tamworth Regional,2019,0.3037037037037037,0.399107541276216,0.3468397990807521,0.4716671427452239,0.3189120425984637,DL,PRE,0.8072289156626506
871,17400,Tenterfield,2019,0.9703703703703704,0.399107541276216,0.5451838119235918,0.5168653030750666,0.5715689424995608,DL,PRE,0.963855421686747
871,17550,Tweed,2019,0.6222222222222222,0.399107541276216,0.4027504735921,0.4341257439343471,0.364495658298369,DL,PRE,0.8072289156626506
871,17620,Upper Hunter Shire,2019,0.3037037037037037,0.399107541276216,0.32660360885201045,0.4565823787382489,0.311869840524938,DL,PRE,0.8072289156626506
871,17640,Upper Lachlan Shire,2019,0.7851851851851852,0.399107541276216,0.4022684540632682,0.4625552265026837,0.41974935134937985,DL,PRE,0.8433734939759037
871,17650,Uralla,2019,0.3037037037037037,0.399107541276216,0.393548324734534,0.45122509551625517,0.36066288515930994,DL,PRE,0.9036144578313253
871,17750,Wagga Wagga,2019,0.3037037037037037,0.399107541276216,0.2367143452521519,0.4478618715005527,0.31884036309853064,DL,PRE,0.7831325301204819
871,17850,Walcha,2019,0.9629629629629628,0.399107541276216,0.4626331448021961,0.5219815707079869,0.4306237265283746,DL,PRE,0.9518072289156626
871,18350,Wingecarribee,2019,0.8888888888888888,0.399107541276216,0.3892979379000349,0.5101854799466402,0.3859341916332215,DL,PRE,0.8433734939759037
871,18400,Wollondilly,2019,0.8296296296296296,0.399107541276216,0.3023014270617286,0.5331126503181681,0.39486896284434997,DL,PRE,0.9518072289156626
880,14350,Kempsey,2019,0.6444444444444445,0.399107541276216,0.4897430619534631,0.4594799836387314,0.5129928022412469,DL,PRE,0.9518072289156626
880,16610,Richmond Valley,2019,0.7333333333333333,0.399107541276216,0.43982377423210306,0.4552765446788568,0.4101455674408572,DL,PRE,0.8072289156626506
NSW1718-05,16380,Port Macquarie-Hastings,2017,0.7185185185185186,0.5083697871099445,0.5850492446002359,0.501716384322476,0.6663251747417009,DL,PRE,0.6220472440944882
NSW1718-10,16400,Port Stephens,2017,0.3037037037037037,0.5083697871099445,0.4533991908276925,0.5837045776663039,0.34295635431394295,DL,PRE,0.6771653543307087
NSW1718-14,17150,Sutherland Shire,2017,0.3037037037037037,0.5083697871099445,0.45867585262518823,0.633222021237327,0.4173444432443162,DL,PRE,0.7244094488188977
NSW1718-17,11400,Cabonne,2017,0.3037037037037037,0.5083697871099445,0.4290740387749951,0.47433928514124507,0.3796910755170292,DL,PRE,0.5905511811023622
NSW1718-20,10550,Bega Valley,2017,0.8962962962962963,0.5083697871099445,0.6535045593495512,0.43133328568543416,0.6996094680434871,DL,PRE,0.6062992125984252
NSW1718-21,14900,Liverpool,2017,0.3037037037037037,0.5083697871099445,0.3174945827555542,0.6400413508546803,0.32889995640502556,DL,PRE,0.7401574803149606
NSW1718-21,17150,Sutherland Shire,2017,0.3037037037037037,0.5083697871099445,0.45867585262518823,0.6172715865707785,0.4173444432443162,DL,PRE,0.6929133858267716
RAA-raa_2015_p15_r01,15750,Narrabri,2014,0.3037037037037037,0.5051962410171367,0.41548057815441036,0.2894335408033338,0.3258581515977277,DL,PRE,0.5970149253731343
RAA-raa_2015_p15_r05,10900,Blue Mountains,2015,0.3037037037037037,0.5082491582491584,0.6043368504950679,0.4610863871272006,0.6243479466387815,DL,PRE,0.6515151515151515
RAA-raa_2015_p15_r09,16950,Shoalhaven,2015,0.3037037037037037,0.5082491582491584,0.6425857284479366,-0.031724053714474953,0.6549483463243628,DL,PRE,0.5909090909090909
RAA-raa_2015_p15_r11,13800,Hawkesbury,2015,0.3037037037037037,0.5082491582491584,0.5633988164326285,0.5534394889534892,0.5889900703730018,DL,PRE,0.75
RAA-raa_2016_p13_r06,14350,Kempsey,2016,0.3037037037037037,0.5068783068783069,0.6082241868012388,0.5366285854106969,0.6820536418203144,DL,PRE,0.753968253968254
RAA-raa_2016_p13_r08,11720,Cessnock,2016,0.3037037037037037,0.5068783068783069,0.5820420197616257,0.48369296540417894,0.5443705398162211,DL,PRE,0.626984126984127
RAA-raa_2016_p13_r08,12700,Dungog,2016,0.3037037037037037,0.5068783068783069,0.5332370673493937,0.4168938512962387,0.5125972066010019,DL,PRE,0.626984126984127
RAA-raa_2016_p13_r08,15240,Mid-Coast,2016,0.3037037037037037,0.5068783068783069,0.6088141859132982,0.43378541820841715,0.682165290420348,DL,PRE,0.6111111111111112
RAA-raa_2016_p13_r08,16400,Port Stephens,2016,0.3037037037037037,0.5068783068783069,0.4529714062673057,0.6347309687608681,0.33207045575644906,DL,PRE,0.753968253968254
RAA-raa_2016_p13_r22,11720,Cessnock,2016,0.3037037037037037,0.5068783068783069,0.5820420197616257,0.4599092295696278,0.5443705398162211,DL,PRE,0.626984126984127
RAA-raa_2016_p13_r23,14350,Kempsey,2016,0.6962962962962963,0.5068783068783069,0.6082241868012388,0.3917477548673456,0.6820536418203144,DL,PRE,0.6190476190476191
RAA-raa_2016_p13_r23,15270,Mid-Western Regional,2016,0.6592592592592592,0.5068783068783069,0.5327182959568658,0.5083355086432346,0.6316568928292654,DL,PRE,0.6825396825396826
RAA-raa_2016_p13_r23,18020,Warrumbungle Shire,2016,0.9555555555555556,0.5068783068783069,0.5747983524383098,0.581564026288111,0.5435901620969449,DL,PRE,0.7936507936507936
1052,10950,Bogan,2022,0.3037037037037037,0.5357357357357357,0.3685063897502502,0.4625671310778216,0.3481777179345428,DL,PRE+FIRE,0.5405405405405406
1052,11200,Brewarrina,2022,0.3037037037037037,0.5357357357357357,0.20545684417241183,0.08672673118495111,0.35585783860897985,DL,PRE+FIRE,0.5405405405405406
1052,11400,Cabonne,2022,0.3037037037037037,0.5357357357357357,0.3278333894144483,0.2929749422813872,0.3176826515701656,DL,PRE+FIRE,0.5405405405405406
1052,12150,Coonamble,2022,0.3037037037037037,0.5357357357357357,0.3661633236067541,0.1998156387145118,0.3631577977372394,DL,PRE+FIRE,0.5405405405405406
1052,12350,Cowra,2022,0.7074074074074074,0.5357357357357357,0.3821521156823423,0.39830881670224777,0.3738303143488498,DL,PRE+FIRE,0.5405405405405406
1052,12390,Dubbo Regional,2022,0.3037037037037037,0.5357357357357357,0.2843316673182246,0.42605901356068376,0.30708400291066756,DL,PRE+FIRE,0.5405405405405406
1052,17620,Upper Hunter Shire,2022,0.3037037037037037,0.5357357357357357,0.28925835253380894,0.33768669764901094,0.3085280417113728,DL,PRE+FIRE,0.5405405405405406
1052,17900,Walgett,2022,0.3037037037037037,0.5357357357357357,0.38341454675696496,0.40783445432111737,0.4063516199130062,DL,PRE+FIRE,0.5405405405405406
1052,17950,Warren,2022,0.3037037037037037,0.5357357357357357,0.29213895862414524,0.06619172055381861,0.3158755336433092,DL,PRE+FIRE,0.5405405405405406
1053,13660,Gwydir,2022,0.3037037037037037,0.5357357357357357,0.5405308429011277,0.4379578516613955,0.44544347575194093,DL,PRE+FIRE,0.6036036036036037
1053,15750,Narrabri,2022,0.3037037037037037,0.5357357357357357,0.29719768025903714,0.27663038229802894,0.3119980085757843,DL,PRE+FIRE,0.5405405405405406
1054,13660,Gwydir,2022,0.3037037037037037,0.5357357357357357,0.33191772417760956,0.03963842185275679,0.3529904228088513,DL,PRE+FIRE,0.5405405405405406
1054,15300,Moree Plains,2022,0.3037037037037037,0.5357357357357357,0.20526932288487043,0.2512472017752009,0.3205737115353758,DL,PRE+FIRE,0.5405405405405406
1054,15750,Narrabri,2022,0.3037037037037037,0.5357357357357357,0.34804181399083134,0.45120802577154395,0.34032568227794346,DL,PRE+FIRE,0.5675675675675675
1055,10850,Blayney,2022,0.3037037037037037,0.5357357357357357,0.18390137063504236,0.1533586350997811,0.31670070439847997,DL,PRE+FIRE,0.5405405405405406
1055,11400,Cabonne,2022,0.3037037037037037,0.5357357357357357,0.31983512745365666,0.2958495006637341,0.3187718820927295,DL,PRE+FIRE,0.5405405405405406
1055,12350,Cowra,2022,0.7074074074074074,0.5357357357357357,0.36058661040033846,0.4046982548775176,0.376969050561197,DL,PRE+FIRE,0.5405405405405406
1055,14920,Liverpool Plains,2022,0.3037037037037037,0.5357357357357357,0.3963179748790092,0.42902725119772095,0.4672330399763364,DL,PRE+FIRE,0.5675675675675675
1055,17620,Upper Hunter Shire,2022,0.3037037037037037,0.5357357357357357,0.2758488500277485,0.34107788702364256,0.310056540989872,DL,PRE+FIRE,0.5405405405405406
1056,11750,Cobar,2022,0.3037037037037037,0.5357357357357357,0.30369816126732124,0.4240563801246008,0.33957551982996204,DL,PRE+FIRE,0.5405405405405406
1056,17640,Upper Lachlan Shire,2022,0.7407407407407407,0.5357357357357357,0.6212058466613268,0.48816883726474664,0.6601750886751004,DL,PRE+FIRE,0.5765765765765766
1065,12160,Cootamundra-Gundagai Regional,2022,0.3037037037037037,0.5357357357357357,0.3422218288559872,0.39798131564915595,0.34740714987031446,DL,PRE+FIRE,0.5405405405405406
1066,17640,Upper Lachlan Shire,2022,0.3037037037037037,0.5357357357357357,0.38565835563962103,0.3985668137689126,0.3850746769779969,DL,PRE+FIRE,0.5405405405405406
1066,18710,Yass Valley,2022,0.3037037037037037,0.5357357357357357,0.21443180500671155,0.4730450982432604,0.3139483266246401,DL,PRE+FIRE,0.5765765765765766
1070,10550,Bega Valley,2023,0.674074074074074,0.49682539682539684,0.6281667073245787,0.525995864424556,0.6104972351090083,DL,PRE+FIRE,0.746031746031746
1075,11730,Clarence Valley,2023,0.6518518518518519,0.49682539682539684,0.5963959416119329,0.557561611821084,0.4635586391518749,DL,PRE+FIRE,0.746031746031746
1075,17400,Tenterfield,2023,0.7555555555555555,0.49682539682539684,0.9218347694302236,0.6148050856117138,0.7986750006824712,DL,PRE+FIRE,0.8333333333333334
1076,14350,Kempsey,2023,0.762962962962963,0.49682539682539684,0.7430319568581731,0.639920556281601,0.8501167529037371,DL,PRE+FIRE,0.8492063492063492
1076,15240,Mid-Coast,2023,0.6111111111111112,0.49682539682539684,0.436003431994703,0.4790669370223802,0.4182385880760083,DL,PRE+FIRE,0.6428571428571429
1089,15240,Mid-Coast,2023,0.6111111111111112,0.49682539682539684,0.48852978674640085,0.4816877920525558,0.4318128501809426,DL,PRE+FIRE,0.6428571428571429
1091,17620,Upper Hunter Shire,2023,0.3037037037037037,0.49682539682539684,0.42891115680394953,0.4063755867364804,0.36961851420668157,DL,PRE+FIRE,0.626984126984127
1092,11720,Cessnock,2023,0.725925925925926,0.49682539682539684,0.5764803883111196,0.4617908143476138,0.607473301924539,DL,PRE+FIRE,0.6428571428571429
1093,15750,Narrabri,2023,0.3037037037037037,0.49682539682539684,0.5478331791882519,0.6356628604242476,0.4330277595914362,DL,PRE+FIRE,0.753968253968254
1203,15750,Narrabri,2024,0.3037037037037037,0.5067112225006962,0.2928138118825927,0.323387557620704,0.30728899096787754,DL,PRE+FIRE,0.5939849624060151
1203,18020,Warrumbungle Shire,2024,0.3037037037037037,0.5067112225006962,0.25489398672287494,0.47464682275773407,0.41770275525207734,DL,PRE+FIRE,0.7142857142857143
770,11720,Cessnock,2017,0.3037037037037037,0.5083697871099445,0.4434837422236838,0.5187189982027101,0.45362030900592865,DL,PRE+FIRE,0.6220472440944882
818,16950,Shoalhaven,2018,0.3037037037037037,0.538888888888889,0.4812193454161916,0.4896319824378805,0.4786078067466288,DL,PRE+FIRE,0.5648148148148148
819,11720,Cessnock,2018,0.3037037037037037,0.538888888888889,0.44951333932731313,0.47025177532055457,0.40655455457100503,DL,PRE+FIRE,0.5648148148148148
819,16400,Port Stephens,2018,0.3037037037037037,0.538888888888889,0.4258121301702638,0.6219277008345638,0.3780723534224169,DL,PRE+FIRE,0.7129629629629629
820,10550,Bega Valley,2018,0.7481481481481481,0.538888888888889,0.5585124097510704,0.5958504087995543,0.5194623503106668,DL,PRE+FIRE,0.7314814814814815
820,12750,Eurobodalla,2018,0.3037037037037037,0.538888888888889,0.4530524287174325,0.4069097074028477,0.42549724132929667,DL,PRE+FIRE,0.5648148148148148
823,14550,Kyogle,2018,0.3037037037037037,0.538888888888889,0.4078365777497119,0.34745282577306114,0.4491400960042757,DL,PRE+FIRE,0.5648148148148148
823,16610,Richmond Valley,2018,0.3037037037037037,0.538888888888889,0.6561409109041766,0.6113309168946014,0.6188917597943093,DL,PRE+FIRE,0.7222222222222222
824,11730,Clarence Valley,2018,0.3037037037037037,0.538888888888889,0.5849952954114959,0.6013904303849517,0.5456113048988047,DL,PRE+FIRE,0.7222222222222222
824,13010,Glen Innes Severn,2018,0.3037037037037037,0.538888888888889,0.42870054977283945,0.45852317624837174,0.4464799697652278,DL,PRE+FIRE,0.5648148148148148
841,17310,Tamworth Regional,2018,0.3037037037037037,0.538888888888889,0.3792051196440043,0.41134845622779465,0.332324975421638,DL,PRE+FIRE,0.5277777777777778
842,11720,Cessnock,2018,0.3037037037037037,0.538888888888889,0.37277110479471043,0.3597270552056121,0.4072126271290449,DL,PRE+FIRE,0.5277777777777778
842,16400,Port Stephens,2018,0.3037037037037037,0.538888888888889,0.41526808270562693,0.5814647669858986,0.37328092942460395,DL,PRE+FIRE,0.6481481481481481
843,10180,Armidale Regional,2018,0.3037037037037037,0.538888888888889,0.3568751331789712,0.11364216818481843,0.3559256780680594,DL,PRE+FIRE,0.5277777777777778
843,14220,Inverell,2018,0.8592592592592593,0.538888888888889,0.8578193897381934,0.5826115115777715,0.7238167305570251,DL,PRE+FIRE,0.6944444444444444
843,17400,Tenterfield,2018,0.9037037037037036,0.538888888888889,0.7924117233730148,0.6181021108402039,0.7388660522157592,DL,PRE+FIRE,0.8055555555555556
847,10180,Armidale Regional,2018,0.3037037037037037,0.538888888888889,0.3885433245743286,0.48018120775071954,0.34936400864815453,DL,PRE+FIRE,0.5648148148148148
851,13010,Glen Innes Severn,2018,0.3037037037037037,0.538888888888889,0.44405188305982046,0.5213196823709705,0.49648039181775844,DL,PRE+FIRE,0.6018518518518519
853,11400,Cabonne,2018,0.3037037037037037,0.538888888888889,0.3204704889816249,0.337999107390144,0.32071266404377285,DL,PRE+FIRE,0.5277777777777778
853,16200,Parkes,2018,0.3037037037037037,0.538888888888889,0.35297784885323996,0.47590057642767,0.34315366224249955,DL,PRE+FIRE,0.5277777777777778
855,17310,Tamworth Regional,2018,0.3037037037037037,0.538888888888889,0.3803762794950787,0.4507050425495178,0.3329194828205571,DL,PRE+FIRE,0.5277777777777778
860,17080,Snowy Valleys,2018,0.3037037037037037,0.538888888888889,0.43514015072956824,0.5245453410223093,0.43131636588786537,DL,PRE+FIRE,0.5648148148148148
862,17310,Tamworth Regional,2018,0.3037037037037037,0.538888888888889,0.36341138956524754,0.29503892840183976,0.33023760970093885,DL,PRE+FIRE,0.5277777777777778
862,17620,Upper Hunter Shire,2018,0.3037037037037037,0.538888888888889,0.3234457587652749,0.18798355041606918,0.32670243380076475,DL,PRE+FIRE,0.5277777777777778
864,17400,Tenterfield,2018,0.3037037037037037,0.538888888888889,0.6313759215749067,0.5234218002938537,0.5326269843833235,DL,PRE+FIRE,0.7129629629629629
866,15900,Newcastle,2018,0.3037037037037037,0.538888888888889,0.25169163397140837,0.4947771987556219,0.32389372908258307,DL,PRE+FIRE,0.5462962962962963
867,15650,Muswellbrook,2018,0.3037037037037037,0.538888888888889,0.32825318984864305,0.27976716488126174,0.35488417807325917,DL,PRE+FIRE,0.5277777777777778
867,17000,Singleton,2018,0.3037037037037037,0.538888888888889,0.2902935342133981,0.10383178592389886,0.37023732744869553,DL,PRE+FIRE,0.5277777777777778
871,10180,Armidale Regional,2019,0.8222222222222222,0.399107541276216,0.5987502482621347,0.5129434064741843,0.5293192758619579,DL,PRE+FIRE,0.8192771084337349
871,10250,Ballina,2019,0.3037037037037037,0.399107541276216,0.3853631132272108,0.4490634004531636,0.36560369565119777,DL,PRE+FIRE,0.8072289156626506
871,10550,Bega Valley,2019,0.9925925925925926,0.399107541276216,0.9531202775940542,0.5313867241624921,0.7216647932622933,DL,PRE+FIRE,0.9518072289156626
871,10600,Bellingen,2019,0.3037037037037037,0.399107541276216,0.5321069481435241,0.4927965373903908,0.5266479523871186,DL,PRE+FIRE,0.9518072289156626
871,10900,Blue Mountains,2019,0.7777777777777778,0.399107541276216,0.6498540300560522,0.5272829561313557,0.5900017877442916,DL,PRE+FIRE,0.9518072289156626
871,11350,Byron,2019,0.3037037037037037,0.399107541276216,0.47245292774304315,0.46774345528795847,0.44248772994539687,DL,PRE+FIRE,0.9518072289156626
871,11650,Central Coast (NSW),2019,0.6296296296296297,0.399107541276216,0.5082463410643231,0.5029010543938154,0.376479370603213,DL,PRE+FIRE,0.8192771084337349
871,11720,Cessnock,2019,0.8148148148148148,0.399107541276216,0.6338642546032827,0.5160874505718557,0.5921871809585577,DL,PRE+FIRE,0.9036144578313253
871,11730,Clarence Valley,2019,0.9481481481481482,0.399107541276216,0.8612750224646717,0.5290449331502683,0.6608606181950468,DL,PRE+FIRE,0.9518072289156626
871,11800,Coffs Harbour,2019,0.7703703703703704,0.399107541276216,0.47031907357979946,0.4662000788990578,0.4023115013797224,DL,PRE+FIRE,0.8072289156626506
871,12160,Cootamundra-Gundagai Regional,2019,0.3037037037037037,0.399107541276216,0.41735566331714397,0.4235406463822689,0.39465722380741763,DL,PRE+FIRE,0.7831325301204819
871,12700,Dungog,2019,0.3037037037037037,0.399107541276216,0.3098288361427629,0.46757091767018705,0.36564133674120375,DL,PRE+FIRE,0.9518072289156626
871,12750,Eurobodalla,2019,0.9851851851851852,0.399107541276216,0.9644757533622301,0.5389951460966074,0.7216019611355724,DL,PRE+FIRE,0.9879518072289156
871,13010,Glen Innes Severn,2019,0.9777777777777776,0.399107541276216,0.7835743781809944,0.5156348581288036,0.6389213977749443,DL,PRE+FIRE,0.927710843373494
871,13310,Goulburn Mulwaree,2019,0.6370370370370371,0.399107541276216,0.48197059669759323,0.4624955881874959,0.3712575399183218,DL,PRE+FIRE,0.8072289156626506
871,13340,Greater Hume Shire,2019,0.8518518518518519,0.399107541276216,0.5826963129127428,0.4753510688489566,0.5499562613667704,DL,PRE+FIRE,0.8072289156626506
871,13660,Gwydir,2019,0.3037037037037037,0.399107541276216,0.4720776232393217,0.41902245055284604,0.428947520272633,DL,PRE+FIRE,0.9518072289156626
871,13800,Hawkesbury,2019,0.8,0.399107541276216,0.7868910685676285,0.5380355601112573,0.5716054556746426,DL,PRE+FIRE,0.9518072289156626
871,14220,Inverell,2019,0.6888888888888889,0.399107541276216,0.591462463241741,0.4365996132461042,0.5747019439576014,DL,PRE+FIRE,0.8072289156626506
871,14350,Kempsey,2019,0.9111111111111112,0.399107541276216,0.8242298251396663,0.5272357462895889,0.6674964813363835,DL,PRE+FIRE,0.9518072289156626
871,14500,Ku-ring-gai,2019,0.3037037037037037,0.399107541276216,0.22340221562589588,0.3380527325582522,0.336578719979931,DL,PRE+FIRE,0.7831325301204819
871,14550,Kyogle,2019,0.837037037037037,0.399107541276216,0.6193309871307472,0.4772543810622119,0.6902258979286272,DL,PRE+FIRE,1.0
871,14650,Lake Macquarie,2019,0.3037037037037037,0.399107541276216,0.3505948545159433,0.40938501488295276,0.3455208189956575,DL,PRE+FIRE,0.7831325301204819
871,14850,Lismore,2019,0.6666666666666666,0.399107541276216,0.45479145754742123,0.45510056651396263,0.4300428355369731,DL,PRE+FIRE,0.8433734939759037
871,14870,Lithgow,2019,0.925925925925926,0.399107541276216,0.8848051986367931,0.5297352427198495,0.623230334076319,DL,PRE+FIRE,0.927710843373494
871,15240,Mid-Coast,2019,0.8740740740740741,0.399107541276216,0.818108998202687,0.5072933611624685,0.6841734540574416,DL,PRE+FIRE,0.891566265060241
871,15270,Mid-Western Regional,2019,0.8074074074074075,0.399107541276216,0.6481606895975967,0.48600311699447446,0.6145282925575619,DL,PRE+FIRE,0.9518072289156626
871,15650,Muswellbrook,2019,0.3037037037037037,0.399107541276216,0.6240454314267798,0.5131335008976443,0.5213602041312195,DL,PRE+FIRE,0.8313253012048193
871,15700,Nambucca Valley,2019,0.9407407407407408,0.399107541276216,0.8255124993591725,0.5109729852891864,0.7106651015644971,DL,PRE+FIRE,0.9518072289156626
871,15750,Narrabri,2019,0.3037037037037037,0.399107541276216,0.3862949749261123,0.43390525027688565,0.3378525433402208,DL,PRE+FIRE,0.8072289156626506
871,16100,Oberon,2019,0.8444444444444444,0.399107541276216,0.5298401928529294,0.5055245958292695,0.41828954589572465,DL,PRE+FIRE,0.9036144578313253
871,16350,Penrith,2019,0.3037037037037037,0.399107541276216,0.23155629220002424,0.3518790024960938,0.30459640211639993,DL,PRE+FIRE,0.7831325301204819
871,16380,Port Macquarie-Hastings,2019,0.7925925925925926,0.399107541276216,0.6764136451433194,0.5227537840358006,0.5995602311601493,DL,PRE+FIRE,0.8554216867469879
871,16490,Queanbeyan-Palerang Regional,2019,0.8666666666666667,0.399107541276216,0.6505469932408707,0.5089895091515535,0.5658686755266854,DL,PRE+FIRE,0.9156626506024096
871,16610,Richmond Valley,2019,0.9333333333333332,0.399107541276216,0.8391515384719451,0.5255783332810404,0.61499410484154,DL,PRE+FIRE,0.891566265060241
871,16950,Shoalhaven,2019,0.9185185185185184,0.399107541276216,0.9425401914694163,0.5367994157967593,0.6502135403346351,DL,PRE+FIRE,0.9156626506024096
871,17000,Singleton,2019,0.6814814814814815,0.399107541276216,0.7047908375708014,0.5213517740115201,0.5712271552096753,DL,PRE+FIRE,0.9518072289156626
871,17040,Snowy Monaro Regional,2019,0.8814814814814815,0.399107541276216,0.7462560940241557,0.49414745366053836,0.5769627682241116,DL,PRE+FIRE,0.9518072289156626
871,17080,Snowy Valleys,2019,1.0,0.399107541276216,0.939247228819974,0.5266676360392412,0.5608010717647143,DL,PRE+FIRE,0.8433734939759037
871,17150,Sutherland Shire,2019,0.3037037037037037,0.399107541276216,0.3131996759917339,0.32878388930546787,0.339434668414213,DL,PRE+FIRE,0.7831325301204819
871,17310,Tamworth Regional,2019,0.3037037037037037,0.399107541276216,0.4518984655183906,0.4716671427452239,0.3649415779935369,DL,PRE+FIRE,0.8072289156626506
871,17400,Tenterfield,2019,0.9703703703703704,0.399107541276216,1.028335036397688,0.5168653030750666,0.723089656207385,DL,PRE+FIRE,0.963855421686747
871,17550,Tweed,2019,0.6222222222222222,0.399107541276216,0.3807376495045651,0.4341257439343471,0.35498168564852983,DL,PRE+FIRE,0.8072289156626506
871,17620,Upper Hunter Shire,2019,0.3037037037037037,0.399107541276216,0.4882763903183154,0.4565823787382489,0.36456779005473655,DL,PRE+FIRE,0.8072289156626506
871,17640,Upper Lachlan Shire,2019,0.7851851851851852,0.399107541276216,0.5711664683469437,0.4625552265026837,0.5587102547126065,DL,PRE+FIRE,0.8433734939759037
871,17650,Uralla,2019,0.3037037037037037,0.399107541276216,0.4785055875919897,0.45122509551625517,0.4024836789806257,DL,PRE+FIRE,0.9036144578313253
871,17750,Wagga Wagga,2019,0.3037037037037037,0.399107541276216,0.2846790046393938,0.4478618715005527,0.3294020852386518,DL,PRE+FIRE,0.7831325301204819
871,17850,Walcha,2019,0.9629629629629628,0.399107541276216,0.8880222600634363,0.5219815707079869,0.6262842662457365,DL,PRE+FIRE,0.9518072289156626
871,18350,Wingecarribee,2019,0.8888888888888888,0.399107541276216,0.7583353552379904,0.5101854799466402,0.5831931050195258,DL,PRE+FIRE,0.8433734939759037
871,18400,Wollondilly,2019,0.8296296296296296,0.399107541276216,0.7057495179424778,0.5331126503181681,0.5662025551341274,DL,PRE+FIRE,0.9518072289156626
880,14350,Kempsey,2019,0.6444444444444445,0.399107541276216,0.5688937948945517,0.4594799836387314,0.6500659920520054,DL,PRE+FIRE,0.9518072289156626
880,16610,Richmond Valley,2019,0.7333333333333333,0.399107541276216,0.4269219160700301,0.4552765446788568,0.417313553320316,DL,PRE+FIRE,0.8072289156626506
NSW1718-05,16380,Port Macquarie-Hastings,2017,0.7185185185185186,0.5083697871099445,0.39248589656958843,0.501716384322476,0.3699714992983269,DL,PRE+FIRE,0.6220472440944882
NSW1718-10,16400,Port Stephens,2017,0.3037037037037037,0.5083697871099445,0.3579424804352419,0.5837045776663039,0.41156810931382587,DL,PRE+FIRE,0.6771653543307087
NSW1718-14,17150,Sutherland Shire,2017,0.3037037037037037,0.5083697871099445,0.38435968261398124,0.633222021237327,0.43999580462746873,DL,PRE+FIRE,0.7244094488188977
NSW1718-17,11400,Cabonne,2017,0.3037037037037037,0.5083697871099445,0.5349887142104358,0.47433928514124507,0.4122740704330299,DL,PRE+FIRE,0.5905511811023622
NSW1718-20,10550,Bega Valley,2017,0.8962962962962963,0.5083697871099445,0.7518414000242933,0.43133328568543416,0.6821441331020197,DL,PRE+FIRE,0.6062992125984252
NSW1718-21,14900,Liverpool,2017,0.3037037037037037,0.5083697871099445,0.2640031320017887,0.6400413508546803,0.4204086998598088,DL,PRE+FIRE,0.7401574803149606
NSW1718-21,17150,Sutherland Shire,2017,0.3037037037037037,0.5083697871099445,0.2954396843934945,0.6172715865707785,0.43630865091093646,DL,PRE+FIRE,0.6929133858267716
RAA-raa_2015_p15_r01,15750,Narrabri,2014,0.3037037037037037,0.5051962410171367,0.30950311261487257,0.2894335408033338,0.3090909466798008,DL,PRE+FIRE,0.5970149253731343
RAA-raa_2015_p15_r05,10900,Blue Mountains,2015,0.3037037037037037,0.5082491582491584,0.26974314606892835,0.4610863871272006,0.35905158817036,DL,PRE+FIRE,0.6515151515151515
RAA-raa_2015_p15_r09,16950,Shoalhaven,2015,0.3037037037037037,0.5082491582491584,0.3410169317498781,-0.031724053714474953,0.3932462431791892,DL,PRE+FIRE,0.5909090909090909
RAA-raa_2015_p15_r11,13800,Hawkesbury,2015,0.3037037037037037,0.5082491582491584,0.29885039277107384,0.5534394889534892,0.3759139986399438,DL,PRE+FIRE,0.75
RAA-raa_2016_p13_r06,14350,Kempsey,2016,0.3037037037037037,0.5068783068783069,0.5264538178519536,0.5366285854106969,0.48041670012346793,DL,PRE+FIRE,0.753968253968254
RAA-raa_2016_p13_r08,11720,Cessnock,2016,0.3037037037037037,0.5068783068783069,0.43977549085275436,0.48369296540417894,0.45041439042120657,DL,PRE+FIRE,0.626984126984127
RAA-raa_2016_p13_r08,12700,Dungog,2016,0.3037037037037037,0.5068783068783069,0.25734088747689005,0.4168938512962387,0.3234215429996727,DL,PRE+FIRE,0.626984126984127
RAA-raa_2016_p13_r08,15240,Mid-Coast,2016,0.3037037037037037,0.5068783068783069,0.4434780199824846,0.43378541820841715,0.4084871875023814,DL,PRE+FIRE,0.6111111111111112
RAA-raa_2016_p13_r08,16400,Port Stephens,2016,0.3037037037037037,0.5068783068783069,0.518231675705222,0.6347309687608681,0.3974181753867027,DL,PRE+FIRE,0.753968253968254
RAA-raa_2016_p13_r22,11720,Cessnock,2016,0.3037037037037037,0.5068783068783069,0.375740395001299,0.4599092295696278,0.4406509779356045,DL,PRE+FIRE,0.626984126984127
RAA-raa_2016_p13_r23,14350,Kempsey,2016,0.6962962962962963,0.5068783068783069,0.3425620329093799,0.3917477548673456,0.37192248257509936,DL,PRE+FIRE,0.6190476190476191
RAA-raa_2016_p13_r23,15270,Mid-Western Regional,2016,0.6592592592592592,0.5068783068783069,0.5183629446428728,0.5083355086432346,0.48538542852470273,DL,PRE+FIRE,0.6825396825396826
RAA-raa_2016_p13_r23,18020,Warrumbungle Shire,2016,0.9555555555555556,0.5068783068783069,0.6843171127331575,0.581564026288111,0.7230081574032485,DL,PRE+FIRE,0.7936507936507936
1052,10470,Bathurst Regional,2022,0.4663326408407674,0.5010650936499095,0.47778079559973685,0.5028245171161804,0.36872715274415047,IL,PRE,
1052,10950,Bogan,2022,0.5508982035928144,0.5010650936499095,0.5037721711340271,0.5028596429764034,0.5337964197411507,IL,PRE,
1052,11400,Cabonne,2022,0.5598802395209581,0.5010650936499095,0.5127503716077787,0.5104902770334965,0.5426669431159789,IL,PRE,
1052,12150,Coonamble,2022,0.4011976047904191,0.5010650936499095,0.516290565883376,0.5146818884489593,0.6039462103881124,IL,PRE,
1052,12350,Cowra,2022,0.8053892215568862,0.5010650936499095,0.5260775889996689,0.5057508827534559,0.5620457894263476,IL,PRE,
1052,12390,Dubbo Regional,2022,0.2900219968226811,0.5010650936499095,0.4749023685901373,0.5045022898864036,0.39976566114832857,IL,PRE,
1052,15270,Mid-Western Regional,2022,0.4131736526946107,0.5010650936499095,0.502646356520823,0.49889671439931954,0.5657563420559567,IL,PRE,
1052,17620,Upper Hunter Shire,2022,0.5,0.5010650936499095,0.48978070688571995,0.5084785154914001,0.48196285785861187,IL,PRE,
1052,17900,Walgett,2022,0.8682634730538922,0.5010650936499095,0.5263512875976982,0.5053222860395039,0.6152601766274568,IL,PRE,
1053,13660,Gwydir,2022,0.94311377245509,0.5010650936499095,0.5376799771796942,0.5039669133463902,0.4790346244650354,IL,PRE,
1053,15750,Narrabri,2022,0.5119760479041916,0.5010650936499095,0.48790859577838697,0.5112256844655387,0.4252187926123342,IL,PRE,
1054,13660,Gwydir,2022,0.94311377245509,0.5010650936499095,0.5376799771796942,0.5218889050859272,0.4790346244650354,IL,PRE,
1054,15300,Moree Plains,2022,0.6467065868263473,0.5010650936499095,0.4905578225132066,0.5123677757561189,0.4527906926274769,IL,PRE,
1054,15750,Narrabri,2022,0.5119760479041916,0.5010650936499095,0.48790859577838697,0.5033707347691523,0.4252187926123342,IL,PRE,
1055,10850,Blayney,2022,0.4910179640718562,0.5010650936499095,0.5067389474909557,0.5167721757227357,0.5333529843681468,IL,PRE,
1055,11400,Cabonne,2022,0.5598802395209581,0.5010650936499095,0.5127503716077787,0.5103609391008529,0.5426669431159789,IL,PRE,
1055,12350,Cowra,2022,0.8053892215568862,0.5010650936499095,0.5260775889996689,0.5054633962548624,0.5620457894263476,IL,PRE,
1055,14920,Liverpool Plains,2022,0.281437125748503,0.5010650936499095,0.5224393044731992,0.504368736947654,0.5287263564418625,IL,PRE,
1055,17620,Upper Hunter Shire,2022,0.5,0.5010650936499095,0.48978070688571995,0.5083259322544023,0.48196285785861187,IL,PRE,
1056,11750,Cobar,2022,0.6526946107784432,0.5010650936499095,0.4788831985068641,0.5045923964120029,0.49830764962714597,IL,PRE,
1056,17640,Upper Lachlan Shire,2022,0.5377001099841134,0.5010650936499095,0.5296364855030161,0.5017077193380799,0.5818076661461921,IL,PRE,
1065,12160,Cootamundra-Gundagai Regional,2022,0.8323353293413174,0.5010650936499095,0.5221079470412596,0.505765618341853,0.5134036894727774,IL,PRE,
1066,17640,Upper Lachlan Shire,2022,0.5019858242698276,0.5010650936499095,0.5296364855030161,0.5057392744287005,0.5818076661461921,IL,PRE,
1066,18710,Yass Valley,2022,0.2994317487474031,0.5010650936499095,0.4673251328818671,0.5023881971293446,0.5290939374937051,IL,PRE,
1070,10550,Bega Valley,2023,0.9520958083832336,0.4742348243966729,0.5112853937604772,0.4708313310639974,0.5188984639126959,IL,PRE,
1071,10180,Armidale Regional,2023,0.9670658682634732,0.4742348243966729,0.44506571378547105,0.47955999273563776,0.5604549830911956,IL,PRE,
1071,11730,Clarence Valley,2023,0.6646706586826348,0.4742348243966729,0.49676210690918277,0.4695235396686905,0.5147680294518394,IL,PRE,
1071,14350,Kempsey,2023,0.8327019430526701,0.4742348243966729,0.5149400115012048,0.46877812040348577,0.5060311323132557,IL,PRE,
1071,15700,Nambucca Valley,2023,0.4850299401197604,0.4742348243966729,0.5274892137640756,0.48091879793846065,0.5805345518592496,IL,PRE,
1075,11730,Clarence Valley,2023,0.6646706586826348,0.4742348243966729,0.49676210690918277,0.4675628231742198,0.5147680294518394,IL,PRE,
1075,14220,Inverell,2023,0.8872662837590126,0.4742348243966729,0.47456254793773406,0.469860789248039,0.5810797811017305,IL,PRE,
1075,14550,Kyogle,2023,0.5688622754491018,0.4742348243966729,0.5342964406253656,0.4743969111148899,0.6206561166762732,IL,PRE,
1075,17400,Tenterfield,2023,0.7874251497005988,0.4742348243966729,0.5560972782712553,0.46163548860575254,0.6277981011212859,IL,PRE,
1076,14350,Kempsey,2023,0.8071917389710375,0.4742348243966729,0.5149400115012048,0.4590348812762701,0.5060311323132557,IL,PRE,
1076,15240,Mid-Coast,2023,0.7155688622754491,0.4742348243966729,0.5240168309193518,0.4756906352821411,0.43761757102789994,IL,PRE,
1076,16380,Port Macquarie-Hastings,2023,0.4431137724550898,0.4742348243966729,0.4716195496396181,0.4776009701741922,0.42966070621477054,IL,PRE,
1081,17900,Walgett,2023,0.934131736526946,0.4742348243966729,0.5401697915113585,0.4728791834899,0.6320010045764002,IL,PRE,
1083,15270,Mid-Western Regional,2023,0.5239520958083832,0.4742348243966729,0.47131015439452284,0.48154393384072475,0.5227702462635602,IL,PRE,
1084,17040,Snowy Monaro Regional,2023,0.6976047904191617,0.4742348243966729,0.4728846277324443,0.48128018495203695,0.4891162792858235,IL,PRE,
1089,15240,Mid-Coast,2023,0.7155688622754491,0.4742348243966729,0.5240168309193518,0.4754192561433397,0.43761757102789994,IL,PRE,
1090,11720,Cessnock,2023,0.5439630942197238,0.4742348243966729,0.40710036351342294,0.479258481555403,0.30522764619694587,IL,PRE,
1090,12700,Dungog,2023,0.1497005988023952,0.4742348243966729,0.4904032629574252,0.47228227270278544,0.4334225851179387,IL,PRE,
1090,16400,Port Stephens,2023,0.5868263473053892,0.4742348243966729,0.49237852861105763,0.49864774762749575,0.4959657633307281,IL,PRE,
1091,15650,Muswellbrook,2023,0.6167664670658682,0.4742348243966729,0.40584458158947034,0.4751741150583248,0.394003414386991,IL,PRE,
1091,17620,Upper Hunter Shire,2023,0.8413173652694611,0.4742348243966729,0.4640289350784813,0.48321753616439866,0.4128124069152775,IL,PRE,
1092,11720,Cessnock,2023,0.5388610534033973,0.4742348243966729,0.40710036351342294,0.47747950923332305,0.30522764619694587,IL,PRE,
1093,15750,Narrabri,2023,0.3473053892215569,0.4742348243966729,0.4629506632383812,0.4594757487877285,0.4616087319503928,IL,PRE,
1099,17000,Singleton,2023,0.7754491017964071,0.4742348243966729,0.4046298969733712,0.4798888248746164,0.352487422915563,IL,PRE,
1112,10180,Armidale Regional,2023,0.9670658682634732,0.4742348243966729,0.44506571378547105,0.4724064618646355,0.5604549830911956,IL,PRE,
1114,14220,Inverell,2023,0.8107356715141146,0.4742348243966729,0.47456254793773406,0.4701818888391355,0.5810797811017305,IL,PRE,
1114,17400,Tenterfield,2023,0.7874251497005988,0.4742348243966729,0.5560972782712553,0.4744497365768459,0.6277981011212859,IL,PRE,
1121,11730,Clarence Valley,2023,0.6646706586826348,0.4742348243966729,0.49676210690918277,0.47709710247950804,0.5147680294518394,IL,PRE,
1131,17620,Upper Hunter Shire,2023,0.8413173652694611,0.4742348243966729,0.4640289350784813,0.48073934742913615,0.4128124069152775,IL,PRE,
1132,17040,Snowy Monaro Regional,2023,0.6976047904191617,0.4742348243966729,0.4728846277324443,0.48033402231041383,0.4891162792858235,IL,PRE,
1133,14650,Lake Macquarie,2023,0.155688622754491,0.4742348243966729,0.4460569402749043,0.48178014439835337,0.5667430426775429,IL,PRE,
1134,17310,Tamworth Regional,2023,0.5899120127092754,0.4742348243966729,0.4408482415695569,0.48706438418708065,0.37189005088083965,IL,PRE,
1135,11350,Byron,2023,0.3053892215568862,0.4742348243966729,0.48142558902180016,0.47080380968139734,0.5128069254190094,IL,PRE,
1136,14870,Lithgow,2023,0.6682756935109373,0.4742348243966729,0.4842461760264798,0.5000284692874031,0.458179076582454,IL,PRE,
1137,16200,Parkes,2023,0.688622754491018,0.4742348243966729,0.49259620364834167,0.486539742129003,0.5382069212420574,IL,PRE,
1138,16610,Richmond Valley,2023,0.6047904191616766,0.4742348243966729,0.4789306188240432,0.48306481879900826,0.4153368607095129,IL,PRE,
1139,15270,Mid-Western Regional,2023,0.5239520958083832,0.4742348243966729,0.47131015439452284,0.4980402730763198,0.5227702462635602,IL,PRE,
1140,17000,Singleton,2023,0.7754491017964071,0.4742348243966729,0.4046298969733712,0.49060826650083034,0.352487422915563,IL,PRE,
1190,18710,Yass Valley,2024,0.8775510204081632,0.5147532382619965,0.45799360196909755,0.5367489292573263,0.4527302722142724,IL,PRE,
1192,17310,Tamworth Regional,2024,0.1326530612244898,0.5147532382619965,0.4933425917755011,0.519422254656304,0.4491086536415302,IL,PRE,
1193,10470,Bathurst Regional,2024,0.0306122448979591,0.5147532382619965,0.47534271355109237,0.523653664047078,0.44460355596191536,IL,PRE,
1193,14870,Lithgow,2024,0.1836734693877551,0.5147532382619965,0.5216030360537312,0.5158373485206742,0.5606053842483102,IL,PRE,
770,11720,Cessnock,2017,0.1463590675791274,0.538035753313122,0.518969298250906,0.5338415486736483,0.37650082623911346,IL,PRE,
771,14350,Kempsey,2017,0.2498536091083139,0.538035753313122,0.5481112454675878,0.5176562996858325,0.6451460297174525,IL,PRE,
772,15240,Mid-Coast,2017,0.7372888152266894,0.538035753313122,0.5551297741748908,0.5465028032881368,0.4145937613775173,IL,PRE,
772,16380,Port Macquarie-Hastings,2017,0.3624027455293494,0.538035753313122,0.5325939733183075,0.5391751599364422,0.46770107379222275,IL,PRE,
776,17400,Tenterfield,2017,0.6187713857998289,0.538035753313122,0.5668754711607741,0.5260936982103646,0.6831235927993113,IL,PRE,
792,17000,Singleton,2017,0.0612244897959183,0.538035753313122,0.5017990086393005,0.5866424308506151,0.5227127893205035,IL,PRE,
818,16950,Shoalhaven,2018,0.5996578272027374,0.5032083143819834,0.522864181268532,0.5048477370793816,0.4122270116533034,IL,PRE,
819,11720,Cessnock,2018,0.3374666483359811,0.5032083143819834,0.4490382343961472,0.5060035062218247,0.3419937851966796,IL,PRE,
819,16400,Port Stephens,2018,0.5482466190068842,0.5032083143819834,0.49589611960704133,0.4969580737711127,0.44548154927559164,IL,PRE,
820,10550,Bega Valley,2018,0.3961184773310522,0.5032083143819834,0.5333970608593347,0.4985132341091874,0.5968445591852918,IL,PRE,
820,12750,Eurobodalla,2018,0.073059238665526,0.5032083143819834,0.5481248476667028,0.5097810100985695,0.5617246782568779,IL,PRE,
823,14550,Kyogle,2018,0.5243798118049615,0.5032083143819834,0.56129627366097,0.5133268147784462,0.6279145588008269,IL,PRE,
823,16610,Richmond Valley,2018,0.1644466169701413,0.5032083143819834,0.5063492484847185,0.4975900296533589,0.49708740747151425,IL,PRE,
824,11730,Clarence Valley,2018,0.3337126766874414,0.5032083143819834,0.5327723296320255,0.49818284620579156,0.6277539074790346,IL,PRE,
824,13010,Glen Innes Severn,2018,0.5202668642307223,0.5032083143819834,0.5426862982680849,0.5067029596801726,0.5605613276704442,IL,PRE,
841,17310,Tamworth Regional,2018,0.4744897959183673,0.5032083143819834,0.4661824914410553,0.5095162983288825,0.31500526083559294,IL,PRE,
842,11720,Cessnock,2018,0.2626367163631919,0.5032083143819834,0.4490382343961472,0.512594821795114,0.3419937851966796,IL,PRE,
842,16400,Port Stephens,2018,0.6604915169660678,0.5032083143819834,0.49589611960704133,0.4993711444917652,0.44548154927559164,IL,PRE,
843,10180,Armidale Regional,2018,0.9598214285714286,0.5032083143819834,0.46637338479929,0.5272704811994938,0.5500096333997654,IL,PRE,
843,14220,Inverell,2018,0.9308271212676688,0.5032083143819834,0.5175180767759563,0.4993027565738484,0.6213799806320409,IL,PRE,
843,17400,Tenterfield,2018,0.732664136013687,0.5032083143819834,0.5839701259511164,0.497186218849251,0.6518145481420807,IL,PRE,
847,10180,Armidale Regional,2018,0.9598214285714286,0.5032083143819834,0.46637338479929,0.5054113488968135,0.5500096333997654,IL,PRE,
851,13010,Glen Innes Severn,2018,0.7141444152511304,0.5032083143819834,0.5426862982680849,0.502957991239415,0.5605613276704442,IL,PRE,
853,11400,Cabonne,2018,0.6090561224489797,0.5032083143819834,0.5171187572048023,0.5138906021478059,0.49731384876309104,IL,PRE,
853,16200,Parkes,2018,0.4017857142857143,0.5032083143819834,0.5156444451069081,0.5056666310805077,0.6122662447610885,IL,PRE,
855,17310,Tamworth Regional,2018,0.7117346938775511,0.5032083143819834,0.4661824914410553,0.5071692063836226,0.31500526083559294,IL,PRE,
860,17080,Snowy Valleys,2018,0.4304694183062446,0.5032083143819834,0.5038171123274843,0.5027656240107934,0.4236363342734513,IL,PRE,
862,17310,Tamworth Regional,2018,0.7117346938775511,0.5032083143819834,0.4661824914410553,0.5164526000112922,0.31500526083559294,IL,PRE,
862,17620,Upper Hunter Shire,2018,0.5733418367346939,0.5032083143819834,0.47144254349381987,0.5228370159083706,0.3543978969195279,IL,PRE,
864,17400,Tenterfield,2018,0.732664136013687,0.5032083143819834,0.5839701259511164,0.5028326281298086,0.6518145481420807,IL,PRE,
866,15900,Newcastle,2018,0.2775062120656646,0.5032083143819834,0.44351012046263605,0.504540894009272,0.4838986259478797,IL,PRE,
867,15650,Muswellbrook,2018,0.7570153061224489,0.5032083143819834,0.405139702099168,0.5173633556560031,0.37583186747792924,IL,PRE,
867,17000,Singleton,2018,0.6173469387755102,0.5032083143819834,0.4096460786720255,0.5278555387803596,0.41177041474269377,IL,PRE,
871,10180,Armidale Regional,2019,0.5236847733105218,0.5158545411013239,0.47835089765369443,0.4956271804987505,0.7026956963135502,IL,PRE,
871,10250,Ballina,2019,0.4679136624709765,0.5158545411013239,0.5792177939296554,0.5076716991575304,0.5472250717751056,IL,PRE,
871,10550,Bega Valley,2019,0.5638900769888794,0.5158545411013239,0.5295032465661194,0.4921497092544064,0.5294166769120401,IL,PRE,
871,10600,Bellingen,2019,0.4769835329341317,0.5158545411013239,0.5195399285077562,0.4994258548525991,0.5391748912155554,IL,PRE,
871,10900,Blue Mountains,2019,0.5619959061468899,0.5158545411013239,0.4244989710926578,0.4929234710885249,0.5118403249798124,IL,PRE,
871,11350,Byron,2019,0.2454020530367835,0.5158545411013239,0.47954030092574,0.5041495913335161,0.5017674960513979,IL,PRE,
871,11650,Central Coast (NSW),2019,0.2144995722840034,0.5158545411013239,0.44650954049231145,0.49752065710503385,0.5009626796169412,IL,PRE,
871,11720,Cessnock,2019,0.1897582386247912,0.5158545411013239,0.4314282694069098,0.49503437376379233,0.3554162843683189,IL,PRE,
871,11730,Clarence Valley,2019,0.6993423866552608,0.5158545411013239,0.5381320873085557,0.49259125187937747,0.5194932089761803,IL,PRE,
871,11800,Coffs Harbour,2019,0.3930175363558597,0.5158545411013239,0.4805668730935987,0.5044405935871401,0.4982478517379383,IL,PRE,
871,12160,Cootamundra-Gundagai Regional,2019,0.4670124037639008,0.5158545411013239,0.6621558538125373,0.5124839918728628,0.6311539582383668,IL,PRE,
871,12700,Dungog,2019,0.3747594097519247,0.5158545411013239,0.4860220138536456,0.504182123148806,0.40536484635342235,IL,PRE,
871,12750,Eurobodalla,2019,0.4656223267750213,0.5158545411013239,0.5232730164732011,0.49071514802535504,0.48956914744345725,IL,PRE,
871,13010,Glen Innes Severn,2019,0.5932980976821867,0.5158545411013239,0.5666479145914036,0.4951197096687916,0.5704061530854386,IL,PRE,
871,13310,Goulburn Mulwaree,2019,0.3775510204081632,0.5158545411013239,0.489359491642991,0.505139072035655,0.47891696406389345,IL,PRE,
871,13340,Greater Hume Shire,2019,0.3305977331052182,0.5158545411013239,0.5668539153979484,0.5027151825225014,0.5136999672904757,IL,PRE,
871,13660,Gwydir,2019,0.4296139863130881,0.5158545411013239,0.5902347522665521,0.5133358937019514,0.6301335187484696,IL,PRE,
871,13800,Hawkesbury,2019,0.8392857142857143,0.5158545411013239,0.36549818513726723,0.49089607711452027,0.38582476420512757,IL,PRE,
871,14220,Inverell,2019,0.7630147867530246,0.5158545411013239,0.5441752489878299,0.510021735216154,0.666548669370603,IL,PRE,
871,14350,Kempsey,2019,0.5779626970548698,0.5158545411013239,0.524862660583756,0.49293237246245164,0.5403338546329005,IL,PRE,
871,14500,Ku-ring-gai,2019,0.4671473379771069,0.5158545411013239,0.5439564159279362,0.5286026624442888,0.5455149912447802,IL,PRE,
871,14550,Kyogle,2019,0.8203726475620188,0.5158545411013239,0.5279667327648362,0.5023563146874155,0.5380856169643241,IL,PRE,
871,14650,Lake Macquarie,2019,0.7037582997270765,0.5158545411013239,0.48498236037063375,0.5151530236770273,0.48914961162181947,IL,PRE,
871,14850,Lismore,2019,0.5978667664670658,0.5158545411013239,0.5140019724868657,0.5065333968342414,0.5345263994126865,IL,PRE,
871,14870,Lithgow,2019,0.6511415943622958,0.5158545411013239,0.5334560418107561,0.4924610946203375,0.47435019620922053,IL,PRE,
871,15240,Mid-Coast,2019,0.269394247219846,0.5158545411013239,0.5932629002300371,0.4966924915470544,0.5616076256910737,IL,PRE,
871,15270,Mid-Western Regional,2019,0.8835543199315654,0.5158545411013239,0.4780264247404218,0.5007067482621681,0.5041357026552636,IL,PRE,
871,15650,Muswellbrook,2019,0.5565985376186403,0.5158545411013239,0.38111495752441904,0.49559133836327013,0.4105293010727401,IL,PRE,
871,15700,Nambucca Valley,2019,0.5312366338751069,0.5158545411013239,0.5582954933659869,0.49599870167112725,0.5850291711759036,IL,PRE,
871,15750,Narrabri,2019,0.4205250213857998,0.5158545411013239,0.4939535378040166,0.5105297549719067,0.48737536549732635,IL,PRE,
871,16100,Oberon,2019,0.6881683062446535,0.5158545411013239,0.5096052757482713,0.49702599068685893,0.5162704611119372,IL,PRE,
871,16350,Penrith,2019,0.7265723654731353,0.5158545411013239,0.41475200576563764,0.5259957314713508,0.42851921600091447,IL,PRE,
871,16380,Port Macquarie-Hastings,2019,0.5403898834983095,0.5158545411013239,0.525178025723689,0.4937774424828887,0.4224377410105913,IL,PRE,
871,16490,Queanbeyan-Palerang Regional,2019,0.1957602651839178,0.5158545411013239,0.3503684443377738,0.4963726843432814,0.48042298893675467,IL,PRE,
871,16610,Richmond Valley,2019,0.365194356185588,0.5158545411013239,0.5205882599829015,0.4932448762198902,0.49784860563921673,IL,PRE,
871,16950,Shoalhaven,2019,0.1892375962360992,0.5158545411013239,0.5428342209501863,0.4911291510321404,0.45327323692255655,IL,PRE,
871,17000,Singleton,2019,0.4132780357652043,0.5158545411013239,0.3620600962639312,0.49404179023344597,0.43378865775150866,IL,PRE,
871,17040,Snowy Monaro Regional,2019,0.4402534217279726,0.5158545411013239,0.4771993358076194,0.4991711407842115,0.5609435830354745,IL,PRE,
871,17080,Snowy Valleys,2019,0.2014809666381522,0.5158545411013239,0.5261933590403297,0.493039489147887,0.47833152245983,IL,PRE,
871,17150,Sutherland Shire,2019,0.6964132958572651,0.5158545411013239,0.47276185546600263,0.5303502946449922,0.6150910273998459,IL,PRE,
871,17310,Tamworth Regional,2019,0.3474377775062121,0.5158545411013239,0.4821124146924084,0.5034097835323913,0.4290738682379996,IL,PRE,
871,17400,Tenterfield,2019,0.5349123182207014,0.5158545411013239,0.5906054284933834,0.4948877103620134,0.6848007435338159,IL,PRE,
871,17550,Tweed,2019,0.4967768544543565,0.5158545411013239,0.5499432582777085,0.5104881810877313,0.5557554798400068,IL,PRE,
871,17620,Upper Hunter Shire,2019,0.4043520102651839,0.5158545411013239,0.48978084934843397,0.5062540024494263,0.419078333878884,IL,PRE,
871,17640,Upper Lachlan Shire,2019,0.5224703653916656,0.5158545411013239,0.6030534149693287,0.5051278272840528,0.5703534842054322,IL,PRE,
871,17650,Uralla,2019,0.7107570573139435,0.5158545411013239,0.5370801226046917,0.5072641134645449,0.4892604170486263,IL,PRE,
871,17750,Wagga Wagga,2019,0.1495402053036783,0.5158545411013239,0.4721981186911549,0.5078982463792703,0.4902937417163929,IL,PRE,
871,17850,Walcha,2019,0.327764114627887,0.5158545411013239,0.5945732187561038,0.4939230426231321,0.6029035168354906,IL,PRE,
871,18350,Wingecarribee,2019,0.6955833231496191,0.5158545411013239,0.5260558238810009,0.4961471851072287,0.49651087324163945,IL,PRE,
871,18400,Wollondilly,2019,0.4667018004806713,0.5158545411013239,0.3473726588587928,0.4918242874036496,0.4392046317134409,IL,PRE,
880,11730,Clarence Valley,2019,0.6959410261110431,0.5158545411013239,0.5381320873085557,0.5010203806707426,0.5194932089761803,IL,PRE,
880,14350,Kempsey,2019,0.5711599759664345,0.5158545411013239,0.524862660583756,0.5057076616072206,0.5403338546329005,IL,PRE,
880,14550,Kyogle,2019,0.8203726475620188,0.5158545411013239,0.5279667327648362,0.5181949243518318,0.5380856169643241,IL,PRE,
880,15240,Mid-Coast,2019,0.269394247219846,0.5158545411013239,0.5932629002300371,0.5159952295399635,0.5616076256910737,IL,PRE,
880,15700,Nambucca Valley,2019,0.5312366338751069,0.5158545411013239,0.5582954933659869,0.5411272894767019,0.5850291711759036,IL,PRE,
880,16380,Port Macquarie-Hastings,2019,0.5403898834983095,0.5158545411013239,0.525178025723689,0.512682718823822,0.4224377410105913,IL,PRE,
880,16610,Richmond Valley,2019,0.3549902745529349,0.5158545411013239,0.5205882599829015,0.5065002163068334,0.49784860563921673,IL,PRE,
NSW1718-05,12700,Dungog,2017,0.1791060735671514,0.538035753313122,0.5405183916585949,0.5414584590665231,0.446174292248828,IL,PRE,
NSW1718-05,15240,Mid-Coast,2017,0.7372888152266894,0.538035753313122,0.5551297741748908,0.5393539686391536,0.4145937613775173,IL,PRE,
NSW1718-05,16380,Port Macquarie-Hastings,2017,0.4542394802232269,0.538035753313122,0.5325939733183075,0.5378770767869424,0.46770107379222275,IL,PRE,
NSW1718-05,17620,Upper Hunter Shire,2017,0.0510204081632653,0.538035753313122,0.5268785832765721,0.5799721740753481,0.4826652220952309,IL,PRE,
NSW1718-06,14350,Kempsey,2017,0.2328468063872255,0.538035753313122,0.5481112454675878,0.535767621781061,0.6451460297174525,IL,PRE,
NSW1718-06,16380,Port Macquarie-Hastings,2017,0.3045796162776488,0.538035753313122,0.5325939733183075,0.5239634415954691,0.46770107379222275,IL,PRE,
NSW1718-08,17310,Tamworth Regional,2017,0.0765306122448979,0.538035753313122,0.5284173951573343,0.5507172030229921,0.509700351108121,IL,PRE,
NSW1718-09,17310,Tamworth Regional,2017,0.0765306122448979,0.538035753313122,0.5284173951573343,0.5259349922840336,0.509700351108121,IL,PRE,
NSW1718-10,16400,Port Stephens,2017,0.4062996456067457,0.538035753313122,0.531932114312079,0.5184173830288049,0.5222563506029831,IL,PRE,
NSW1718-11,11720,Cessnock,2017,0.1701685913886512,0.538035753313122,0.518969298250906,0.580507892280387,0.37650082623911346,IL,PRE,
NSW1718-11,15650,Muswellbrook,2017,0.1071428571428571,0.538035753313122,0.5034047580433486,0.5972241030507042,0.5393878871802057,IL,PRE,
NSW1718-11,17000,Singleton,2017,0.2551020408163265,0.538035753313122,0.5017990086393005,0.5137171276747311,0.5227127893205035,IL,PRE,
NSW1718-12,18020,Warrumbungle Shire,2017,0.5111409833394436,0.538035753313122,0.5601737490125782,0.5266586636916232,0.5251504731238373,IL,PRE,
NSW1718-13,17640,Upper Lachlan Shire,2017,0.7346938775510204,0.538035753313122,0.5548854954206924,0.5482594649492984,0.5524036740564324,IL,PRE,
NSW1718-14,17150,Sutherland Shire,2017,0.8171577762841663,0.538035753313122,0.5042432185652659,0.5066645409636431,0.554811508719702,IL,PRE,
NSW1718-15,17620,Upper Hunter Shire,2017,0.1428571428571428,0.538035753313122,0.5268785832765721,0.5501283820443668,0.4826652220952309,IL,PRE,
NSW1718-16,15650,Muswellbrook,2017,0.1071428571428571,0.538035753313122,0.5034047580433486,0.5603179694867586,0.5393878871802057,IL,PRE,
NSW1718-17,10470,Bathurst Regional,2017,0.1224489795918367,0.538035753313122,0.5171757391937768,0.5701450618174922,0.43076616527753925,IL,PRE,
NSW1718-17,11400,Cabonne,2017,0.1530612244897959,0.538035753313122,0.5428583394824109,0.5443749631816183,0.5849740361932815,IL,PRE,
NSW1718-18,14870,Lithgow,2017,0.5204081632653061,0.538035753313122,0.537849092657398,0.5723780114104672,0.5180381537496556,IL,PRE,
NSW1718-20,10550,Bega Valley,2017,0.5530215080043993,0.538035753313122,0.543472109819146,0.5545823301821707,0.5422168731887385,IL,PRE,
NSW1718-21,14900,Liverpool,2017,0.4754852539818322,0.538035753313122,0.5088635731210545,0.5050459900409145,0.5059106014929206,IL,PRE,
NSW1718-21,17150,Sutherland Shire,2017,0.8409673000936903,0.538035753313122,0.5042432185652659,0.51045033695769,0.554811508719702,IL,PRE,
RAA-raa_2015_p15_r05,10900,Blue Mountains,2015,0.8203592814371258,0.5121890154870549,0.4598691696331093,0.5170377066946846,0.502288811947029,IL,PRE,
RAA-raa_2015_p15_r09,16950,Shoalhaven,2015,0.2704998166931443,0.5121890154870549,0.5286048377531141,0.5898128445403922,0.43551443960228664,IL,PRE,
RAA-raa_2015_p15_r11,13800,Hawkesbury,2015,0.1137724550898203,0.5121890154870549,0.426863759774161,0.5033995830696901,0.5141285292224331,IL,PRE,
RAA-raa_2016_p13_r06,14350,Kempsey,2016,0.6081370422420465,0.5220023272025136,0.535816871554208,0.5171204280125372,0.5292463522388232,IL,PRE,
RAA-raa_2016_p13_r07,17400,Tenterfield,2016,0.5724443969204449,0.5220023272025136,0.5857446647661828,0.5193759827478712,0.6834473857032591,IL,PRE,
RAA-raa_2016_p13_r08,11720,Cessnock,2016,0.371669925455212,0.5220023272025136,0.47247218027084525,0.523069032498107,0.3334774797110809,IL,PRE,
RAA-raa_2016_p13_r08,12700,Dungog,2016,0.2666541916167664,0.5220023272025136,0.5225212735368816,0.5305755377542211,0.42689943058870494,IL,PRE,
RAA-raa_2016_p13_r08,15240,Mid-Coast,2016,0.2390264114627887,0.5220023272025136,0.5691130074258363,0.5286773593501575,0.555494230336837,IL,PRE,
RAA-raa_2016_p13_r08,16400,Port Stephens,2016,0.2266894781864841,0.5220023272025136,0.5156934769715839,0.5060962390530037,0.5557201142038078,IL,PRE,
RAA-raa_2016_p13_r12,16350,Penrith,2016,0.4867637174630331,0.5220023272025136,0.4459569757249659,0.5220703133267711,0.45619032717318153,IL,PRE,
RAA-raa_2016_p13_r16,11720,Cessnock,2016,0.3750712859994298,0.5220023272025136,0.47247218027084525,0.5227434134118576,0.3334774797110809,IL,PRE,
RAA-raa_2016_p13_r22,11720,Cessnock,2016,0.3784726465436474,0.5220023272025136,0.47247218027084525,0.5257417137220465,0.3334774797110809,IL,PRE,
RAA-raa_2016_p13_r23,14350,Kempsey,2016,0.591130239520958,0.5220023272025136,0.535816871554208,0.5334013133282686,0.5292463522388232,IL,PRE,
RAA-raa_2016_p13_r23,15240,Mid-Coast,2016,0.2390264114627887,0.5220023272025136,0.5691130074258363,0.5156760296195223,0.555494230336837,IL,PRE,
RAA-raa_2016_p13_r23,17620,Upper Hunter Shire,2016,0.010204081632653,0.5220023272025136,0.5008177625953083,0.5160525065905708,0.44839828264201675,IL,PRE,
RAA-raa_2016_p13_r23,18020,Warrumbungle Shire,2016,0.4629083669395902,0.5220023272025136,0.5642521164064387,0.5120708382442201,0.5473166148683143,IL,PRE,
RAA-raa_2016_p13_r26,17000,Singleton,2016,0.2244897959183673,0.5220023272025136,0.43571823480335814,0.5240997142586252,0.45819801489153095,IL,PRE,
1052,10470,Bathurst Regional,2022,0.4663326408407674,0.5010650936499095,0.47351102238028053,0.5028245171161804,0.4567786379619151,IL,PRE+FIRE,
1052,10950,Bogan,2022,0.5508982035928144,0.5010650936499095,0.510992132642398,0.5028596429764034,0.508431346386887,IL,PRE+FIRE,
1052,11400,Cabonne,2022,0.5598802395209581,0.5010650936499095,0.512017429145078,0.5104902770334965,0.550032841427362,IL,PRE+FIRE,
1052,12150,Coonamble,2022,0.4011976047904191,0.5010650936499095,0.533030712689024,0.5146818884489593,0.5535323986711745,IL,PRE+FIRE,
1052,12350,Cowra,2022,0.8053892215568862,0.5010650936499095,0.5308852367938364,0.5057508827534559,0.5566946441117291,IL,PRE+FIRE,
1052,12390,Dubbo Regional,2022,0.2900219968226811,0.5010650936499095,0.4836952085087618,0.5045022898864036,0.4119536819804374,IL,PRE+FIRE,
1052,15270,Mid-Western Regional,2022,0.4131736526946107,0.5010650936499095,0.503693117824723,0.49889671439931954,0.5435362391185885,IL,PRE+FIRE,
1052,17620,Upper Hunter Shire,2022,0.5,0.5010650936499095,0.4938501599682569,0.5084785154914001,0.5540934078836466,IL,PRE+FIRE,
1052,17900,Walgett,2022,0.8682634730538922,0.5010650936499095,0.5225166930408629,0.5053222860395039,0.5839376907148446,IL,PRE+FIRE,
1053,13660,Gwydir,2022,0.94311377245509,0.5010650936499095,0.5634725422797681,0.5039669133463902,0.5286979297260737,IL,PRE+FIRE,
1053,15750,Narrabri,2022,0.5119760479041916,0.5010650936499095,0.49141308448844834,0.5112256844655387,0.4855422956804182,IL,PRE+FIRE,
1054,13660,Gwydir,2022,0.94311377245509,0.5010650936499095,0.5439311828391081,0.5218889050859272,0.5044433145259087,IL,PRE+FIRE,
1054,15300,Moree Plains,2022,0.6467065868263473,0.5010650936499095,0.5043035944662229,0.5123677757561189,0.4687434653438277,IL,PRE+FIRE,
1054,15750,Narrabri,2022,0.5119760479041916,0.5010650936499095,0.4717932537725582,0.5033707347691523,0.445348928588185,IL,PRE+FIRE,
1055,10850,Blayney,2022,0.4910179640718562,0.5010650936499095,0.5162285094840452,0.5167721757227357,0.6095983508919376,IL,PRE+FIRE,
1055,11400,Cabonne,2022,0.5598802395209581,0.5010650936499095,0.5137510851807908,0.5103609391008529,0.5681789435653587,IL,PRE+FIRE,
1055,12350,Cowra,2022,0.8053892215568862,0.5010650936499095,0.5360371241995329,0.5054633962548624,0.5728101811757274,IL,PRE+FIRE,
1055,14920,Liverpool Plains,2022,0.281437125748503,0.5010650936499095,0.5372618083580123,0.504368736947654,0.5521978165567126,IL,PRE+FIRE,
1055,17620,Upper Hunter Shire,2022,0.5,0.5010650936499095,0.49538581632113127,0.5083259322544023,0.5645136820825969,IL,PRE+FIRE,
1056,11750,Cobar,2022,0.6526946107784432,0.5010650936499095,0.4838974231692249,0.5045923964120029,0.4875282680530854,IL,PRE+FIRE,
1056,17640,Upper Lachlan Shire,2022,0.5377001099841134,0.5010650936499095,0.5559448072589428,0.5017077193380799,0.614535727822305,IL,PRE+FIRE,
1065,12160,Cootamundra-Gundagai Regional,2022,0.8323353293413174,0.5010650936499095,0.5484123988796054,0.505765618341853,0.5336567085194593,IL,PRE+FIRE,
1066,17640,Upper Lachlan Shire,2022,0.5019858242698276,0.5010650936499095,0.5354120689091576,0.5057392744287005,0.6173119603879971,IL,PRE+FIRE,
1066,18710,Yass Valley,2022,0.2994317487474031,0.5010650936499095,0.471031250819462,0.5023881971293446,0.5620630752180514,IL,PRE+FIRE,
1070,10550,Bega Valley,2023,0.9520958083832336,0.4742348243966729,0.5314496287952704,0.4708313310639974,0.5341666127800011,IL,PRE+FIRE,
1071,10180,Armidale Regional,2023,0.9670658682634732,0.4742348243966729,0.48390528461347454,0.47955999273563776,0.4929438122422141,IL,PRE+FIRE,
1071,11730,Clarence Valley,2023,0.6646706586826348,0.4742348243966729,0.49741842543553105,0.4695235396686905,0.5221642670385794,IL,PRE+FIRE,
1071,14350,Kempsey,2023,0.8327019430526701,0.4742348243966729,0.5226911948376494,0.46877812040348577,0.5155049353177286,IL,PRE+FIRE,
1071,15700,Nambucca Valley,2023,0.4850299401197604,0.4742348243966729,0.5022144050215946,0.48091879793846065,0.5519836803071593,IL,PRE+FIRE,
1075,11730,Clarence Valley,2023,0.6646706586826348,0.4742348243966729,0.489306421181359,0.4675628231742198,0.5229670262401549,IL,PRE+FIRE,
1075,14220,Inverell,2023,0.8872662837590126,0.4742348243966729,0.47425690871104054,0.469860789248039,0.5660396754936611,IL,PRE+FIRE,
1075,14550,Kyogle,2023,0.5688622754491018,0.4742348243966729,0.5194013695458795,0.4743969111148899,0.5955109245207316,IL,PRE+FIRE,
1075,17400,Tenterfield,2023,0.7874251497005988,0.4742348243966729,0.5811942513607812,0.46163548860575254,0.6093620392327233,IL,PRE+FIRE,
1076,14350,Kempsey,2023,0.8071917389710375,0.4742348243966729,0.5431022122456313,0.4590348812762701,0.5388576626539299,IL,PRE+FIRE,
1076,15240,Mid-Coast,2023,0.7155688622754491,0.4742348243966729,0.5262177513876309,0.4756906352821411,0.5282414598098661,IL,PRE+FIRE,
1076,16380,Port Macquarie-Hastings,2023,0.4431137724550898,0.4742348243966729,0.44211356006616104,0.4776009701741922,0.41184481401179984,IL,PRE+FIRE,
1081,17900,Walgett,2023,0.934131736526946,0.4742348243966729,0.5351231020654378,0.4728791834899,0.5936181671662502,IL,PRE+FIRE,
1083,15270,Mid-Western Regional,2023,0.5239520958083832,0.4742348243966729,0.5107012707800646,0.48154393384072475,0.5360989210052278,IL,PRE+FIRE,
1084,17040,Snowy Monaro Regional,2023,0.6976047904191617,0.4742348243966729,0.4817804266589454,0.48128018495203695,0.5425629762888373,IL,PRE+FIRE,
1089,15240,Mid-Coast,2023,0.7155688622754491,0.4742348243966729,0.5091184966581579,0.4754192561433397,0.48457673129663403,IL,PRE+FIRE,
1090,11720,Cessnock,2023,0.5439630942197238,0.4742348243966729,0.41904276190624873,0.479258481555403,0.3180812501665217,IL,PRE+FIRE,
1090,12700,Dungog,2023,0.1497005988023952,0.4742348243966729,0.4660742282547951,0.47228227270278544,0.4289769408444952,IL,PRE+FIRE,
1090,16400,Port Stephens,2023,0.5868263473053892,0.4742348243966729,0.5123539666601058,0.49864774762749575,0.538089230416408,IL,PRE+FIRE,
1091,15650,Muswellbrook,2023,0.6167664670658682,0.4742348243966729,0.403534901750337,0.4751741150583248,0.3258580558385977,IL,PRE+FIRE,
1091,17620,Upper Hunter Shire,2023,0.8413173652694611,0.4742348243966729,0.5051725981249886,0.48321753616439866,0.4960137023352301,IL,PRE+FIRE,
1092,11720,Cessnock,2023,0.5388610534033973,0.4742348243966729,0.46357136221648093,0.47747950923332305,0.36012557344294926,IL,PRE+FIRE,
1093,15750,Narrabri,2023,0.3473053892215569,0.4742348243966729,0.4751887895274251,0.4594757487877285,0.4302771409534876,IL,PRE+FIRE,
1099,17000,Singleton,2023,0.7754491017964071,0.4742348243966729,0.39679167927240416,0.4798888248746164,0.3154389679254109,IL,PRE+FIRE,
1112,10180,Armidale Regional,2023,0.9670658682634732,0.4742348243966729,0.44571744181374146,0.4724064618646355,0.4486637106805426,IL,PRE+FIRE,
1114,14220,Inverell,2023,0.8107356715141146,0.4742348243966729,0.47942352672107114,0.4701818888391355,0.5198450348125612,IL,PRE+FIRE,
1114,17400,Tenterfield,2023,0.7874251497005988,0.4742348243966729,0.5453491449275187,0.4744497365768459,0.5988443206449956,IL,PRE+FIRE,
1121,11730,Clarence Valley,2023,0.6646706586826348,0.4742348243966729,0.5016360128733315,0.47709710247950804,0.4918984035928178,IL,PRE+FIRE,
1131,17620,Upper Hunter Shire,2023,0.8413173652694611,0.4742348243966729,0.43764149670406954,0.48073934742913615,0.4078587027106695,IL,PRE+FIRE,
1132,17040,Snowy Monaro Regional,2023,0.6976047904191617,0.4742348243966729,0.4785241974094263,0.48033402231041383,0.5332586627423868,IL,PRE+FIRE,
1133,14650,Lake Macquarie,2023,0.155688622754491,0.4742348243966729,0.41670697715349925,0.48178014439835337,0.4897438639803449,IL,PRE+FIRE,
1134,17310,Tamworth Regional,2023,0.5899120127092754,0.4742348243966729,0.4226120180607027,0.48706438418708065,0.30012383921792585,IL,PRE+FIRE,
1135,11350,Byron,2023,0.3053892215568862,0.4742348243966729,0.5093295817203077,0.47080380968139734,0.5074107699904531,IL,PRE+FIRE,
1136,14870,Lithgow,2023,0.6682756935109373,0.4742348243966729,0.49652540001031065,0.5000284692874031,0.49254314809487254,IL,PRE+FIRE,
1137,16200,Parkes,2023,0.688622754491018,0.4742348243966729,0.4901993397280998,0.486539742129003,0.5458954637511557,IL,PRE+FIRE,
1138,16610,Richmond Valley,2023,0.6047904191616766,0.4742348243966729,0.4670023589259672,0.48306481879900826,0.443274971499667,IL,PRE+FIRE,
1139,15270,Mid-Western Regional,2023,0.5239520958083832,0.4742348243966729,0.4868724954099345,0.4980402730763198,0.5275180747587888,IL,PRE+FIRE,
1140,17000,Singleton,2023,0.7754491017964071,0.4742348243966729,0.39429735045668246,0.49060826650083034,0.2738441945740872,IL,PRE+FIRE,
1190,18710,Yass Valley,2024,0.8775510204081632,0.5147532382619965,0.4251916915305651,0.5367489292573263,0.3977968185796231,IL,PRE+FIRE,
1192,17310,Tamworth Regional,2024,0.1326530612244898,0.5147532382619965,0.4730087263336896,0.519422254656304,0.4870857135454093,IL,PRE+FIRE,
1193,10470,Bathurst Regional,2024,0.0306122448979591,0.5147532382619965,0.48420468896796626,0.523653664047078,0.5389355610927447,IL,PRE+FIRE,
1193,14870,Lithgow,2024,0.1836734693877551,0.5147532382619965,0.5019331244628462,0.5158373485206742,0.5266230828666034,IL,PRE+FIRE,
770,11720,Cessnock,2017,0.1463590675791274,0.538035753313122,0.5137309547246514,0.5338415486736483,0.44858119222656323,IL,PRE+FIRE,
771,14350,Kempsey,2017,0.2498536091083139,0.538035753313122,0.5373073820051261,0.5176562996858325,0.6156150958652027,IL,PRE+FIRE,
772,15240,Mid-Coast,2017,0.7372888152266894,0.538035753313122,0.5645972643203927,0.5465028032881368,0.5582060565535438,IL,PRE+FIRE,
772,16380,Port Macquarie-Hastings,2017,0.3624027455293494,0.538035753313122,0.5097137315675141,0.5391751599364422,0.4660826099788228,IL,PRE+FIRE,
776,17400,Tenterfield,2017,0.6187713857998289,0.538035753313122,0.5685303099899196,0.5260936982103646,0.6628114178379937,IL,PRE+FIRE,
792,17000,Singleton,2017,0.0612244897959183,0.538035753313122,0.4743391333436653,0.5866424308506151,0.5312430973294006,IL,PRE+FIRE,
818,16950,Shoalhaven,2018,0.5996578272027374,0.5032083143819834,0.545485460745474,0.5048477370793816,0.5110098719396468,IL,PRE+FIRE,
819,11720,Cessnock,2018,0.3374666483359811,0.5032083143819834,0.40726642928593926,0.5060035062218247,0.3510463726952172,IL,PRE+FIRE,
819,16400,Port Stephens,2018,0.5482466190068842,0.5032083143819834,0.5610900786289034,0.4969580737711127,0.47110264435206606,IL,PRE+FIRE,
820,10550,Bega Valley,2018,0.3961184773310522,0.5032083143819834,0.5258551660929134,0.4985132341091874,0.5848248668823419,IL,PRE+FIRE,
820,12750,Eurobodalla,2018,0.073059238665526,0.5032083143819834,0.5062311171206957,0.5097810100985695,0.4725929082063722,IL,PRE+FIRE,
823,14550,Kyogle,2018,0.5243798118049615,0.5032083143819834,0.5221262063534605,0.5133268147784462,0.569546942451736,IL,PRE+FIRE,
823,16610,Richmond Valley,2018,0.1644466169701413,0.5032083143819834,0.4880041611494104,0.4975900296533589,0.4953796892345496,IL,PRE+FIRE,
824,11730,Clarence Valley,2018,0.3337126766874414,0.5032083143819834,0.4989156703147134,0.49818284620579156,0.5344512775819705,IL,PRE+FIRE,
824,13010,Glen Innes Severn,2018,0.5202668642307223,0.5032083143819834,0.49338231295921936,0.5067029596801726,0.47182923319386266,IL,PRE+FIRE,
841,17310,Tamworth Regional,2018,0.4744897959183673,0.5032083143819834,0.43439229430200876,0.5095162983288825,0.29722660248664695,IL,PRE+FIRE,
842,11720,Cessnock,2018,0.2626367163631919,0.5032083143819834,0.46394991960186444,0.512594821795114,0.4041383451870843,IL,PRE+FIRE,
842,16400,Port Stephens,2018,0.6604915169660678,0.5032083143819834,0.5519889609565257,0.4993711444917652,0.45720850912368305,IL,PRE+FIRE,
843,10180,Armidale Regional,2018,0.9598214285714286,0.5032083143819834,0.4702574431489631,0.5272704811994938,0.4030935309989282,IL,PRE+FIRE,
843,14220,Inverell,2018,0.9308271212676688,0.5032083143819834,0.5530035487856398,0.4993027565738484,0.581758270673634,IL,PRE+FIRE,
843,17400,Tenterfield,2018,0.732664136013687,0.5032083143819834,0.6066096999246673,0.497186218849251,0.6519284324333822,IL,PRE+FIRE,
847,10180,Armidale Regional,2018,0.9598214285714286,0.5032083143819834,0.4594929607423162,0.5054113488968135,0.42784694598208606,IL,PRE+FIRE,
851,13010,Glen Innes Severn,2018,0.7141444152511304,0.5032083143819834,0.5096653123900975,0.502957991239415,0.5436668608871078,IL,PRE+FIRE,
853,11400,Cabonne,2018,0.6090561224489797,0.5032083143819834,0.5491786671279915,0.5138906021478059,0.5310132651861182,IL,PRE+FIRE,
853,16200,Parkes,2018,0.4017857142857143,0.5032083143819834,0.5345911205219777,0.5056666310805077,0.5736046549012732,IL,PRE+FIRE,
855,17310,Tamworth Regional,2018,0.7117346938775511,0.5032083143819834,0.4396460826186249,0.5071692063836226,0.32314674695082757,IL,PRE+FIRE,
860,17080,Snowy Valleys,2018,0.4304694183062446,0.5032083143819834,0.4913346533315174,0.5027656240107934,0.4596528031832174,IL,PRE+FIRE,
862,17310,Tamworth Regional,2018,0.7117346938775511,0.5032083143819834,0.45712087327350187,0.5164526000112922,0.31197893079863076,IL,PRE+FIRE,
862,17620,Upper Hunter Shire,2018,0.5733418367346939,0.5032083143819834,0.43272884189721716,0.5228370159083706,0.28543645647564314,IL,PRE+FIRE,
864,17400,Tenterfield,2018,0.732664136013687,0.5032083143819834,0.5974904762396223,0.5028326281298086,0.6725332041796078,IL,PRE+FIRE,
866,15900,Newcastle,2018,0.2775062120656646,0.5032083143819834,0.4778086874983135,0.504540894009272,0.4526934067855934,IL,PRE+FIRE,
867,15650,Muswellbrook,2018,0.7570153061224489,0.5032083143819834,0.38910429717750794,0.5173633556560031,0.32664057125318485,IL,PRE+FIRE,
867,17000,Singleton,2018,0.6173469387755102,0.5032083143819834,0.4290113318086285,0.5278555387803596,0.370112704234088,IL,PRE+FIRE,
871,10180,Armidale Regional,2019,0.5236847733105218,0.5158545411013239,0.49986980419638566,0.4956271804987505,0.545560183624999,IL,PRE+FIRE,
871,10250,Ballina,2019,0.4679136624709765,0.5158545411013239,0.507296136256441,0.5076716991575304,0.4825331418034018,IL,PRE+FIRE,
871,10550,Bega Valley,2019,0.5638900769888794,0.5158545411013239,0.5806641587996373,0.4921497092544064,0.6122042462606886,IL,PRE+FIRE,
871,10600,Bellingen,2019,0.4769835329341317,0.5158545411013239,0.49319338298555165,0.4994258548525991,0.5297417329393808,IL,PRE+FIRE,
871,10900,Blue Mountains,2019,0.5619959061468899,0.5158545411013239,0.47510984514781296,0.4929234710885249,0.5570644295138761,IL,PRE+FIRE,
871,11350,Byron,2019,0.2454020530367835,0.5158545411013239,0.4727076900368525,0.5041495913335161,0.39208258693827686,IL,PRE+FIRE,
871,11650,Central Coast (NSW),2019,0.2144995722840034,0.5158545411013239,0.3493481437172594,0.49752065710503385,0.360087543794294,IL,PRE+FIRE,
871,11720,Cessnock,2019,0.1897582386247912,0.5158545411013239,0.4201967575371112,0.49503437376379233,0.4317469073173633,IL,PRE+FIRE,
871,11730,Clarence Valley,2019,0.6993423866552608,0.5158545411013239,0.5817596339656217,0.49259125187937747,0.6260442807733547,IL,PRE+FIRE,
871,11800,Coffs Harbour,2019,0.3930175363558597,0.5158545411013239,0.4891258758460948,0.5044405935871401,0.45473914371167873,IL,PRE+FIRE,
871,12160,Cootamundra-Gundagai Regional,2019,0.4670124037639008,0.5158545411013239,0.5931433902499971,0.5124839918728628,0.5971620328152238,IL,PRE+FIRE,
871,12700,Dungog,2019,0.3747594097519247,0.5158545411013239,0.39838921581877623,0.504182123148806,0.3296127342547592,IL,PRE+FIRE,
871,12750,Eurobodalla,2019,0.4656223267750213,0.5158545411013239,0.6023857290938042,0.49071514802535504,0.6377738179909493,IL,PRE+FIRE,
871,13010,Glen Innes Severn,2019,0.5932980976821867,0.5158545411013239,0.5697478264854468,0.4951197096687916,0.6184664043609838,IL,PRE+FIRE,
871,13310,Goulburn Mulwaree,2019,0.3775510204081632,0.5158545411013239,0.48212501158191845,0.505139072035655,0.42548062564885103,IL,PRE+FIRE,
871,13340,Greater Hume Shire,2019,0.3305977331052182,0.5158545411013239,0.5858180004796036,0.5027151825225014,0.4824530075699699,IL,PRE+FIRE,
871,13660,Gwydir,2019,0.4296139863130881,0.5158545411013239,0.5515088809242366,0.5133358937019514,0.6136778751726927,IL,PRE+FIRE,
871,13800,Hawkesbury,2019,0.8392857142857143,0.5158545411013239,0.39608078064383917,0.49089607711452027,0.4541320065316551,IL,PRE+FIRE,
871,14220,Inverell,2019,0.7630147867530246,0.5158545411013239,0.548529266805712,0.510021735216154,0.6648029725343002,IL,PRE+FIRE,
871,14350,Kempsey,2019,0.5779626970548698,0.5158545411013239,0.5798146175263126,0.49293237246245164,0.630992616594047,IL,PRE+FIRE,
871,14500,Ku-ring-gai,2019,0.4671473379771069,0.5158545411013239,0.5618494273507753,0.5286026624442888,0.5428448976369115,IL,PRE+FIRE,
871,14550,Kyogle,2019,0.8203726475620188,0.5158545411013239,0.5075566710846484,0.5023563146874155,0.5155850346346618,IL,PRE+FIRE,
871,14650,Lake Macquarie,2019,0.7037582997270765,0.5158545411013239,0.4239400657969697,0.5151530236770273,0.4888858854850873,IL,PRE+FIRE,
871,14850,Lismore,2019,0.5978667664670658,0.5158545411013239,0.48417598499765324,0.5065333968342414,0.40425066140423327,IL,PRE+FIRE,
871,14870,Lithgow,2019,0.6511415943622958,0.5158545411013239,0.5777430529086638,0.4924610946203375,0.5693888319906109,IL,PRE+FIRE,
871,15240,Mid-Coast,2019,0.269394247219846,0.5158545411013239,0.6190170456125658,0.4966924915470544,0.6332133202179798,IL,PRE+FIRE,
871,15270,Mid-Western Regional,2019,0.8835543199315654,0.5158545411013239,0.4815602978717658,0.5007067482621681,0.5084074609552377,IL,PRE+FIRE,
871,15650,Muswellbrook,2019,0.5565985376186403,0.5158545411013239,0.3788312468609529,0.49559133836327013,0.41669931037515745,IL,PRE+FIRE,
871,15700,Nambucca Valley,2019,0.5312366338751069,0.5158545411013239,0.6062453564977094,0.49599870167112725,0.6801580463846666,IL,PRE+FIRE,
871,15750,Narrabri,2019,0.4205250213857998,0.5158545411013239,0.4716307285906138,0.5105297549719067,0.4722299068760144,IL,PRE+FIRE,
871,16100,Oberon,2019,0.6881683062446535,0.5158545411013239,0.49406923986704915,0.49702599068685893,0.491335798517556,IL,PRE+FIRE,
871,16350,Penrith,2019,0.7265723654731353,0.5158545411013239,0.43924679827445284,0.5259957314713508,0.39608945731522077,IL,PRE+FIRE,
871,16380,Port Macquarie-Hastings,2019,0.5403898834983095,0.5158545411013239,0.5446367501164506,0.4937774424828887,0.5481297366690872,IL,PRE+FIRE,
871,16490,Queanbeyan-Palerang Regional,2019,0.1957602651839178,0.5158545411013239,0.4306884006198979,0.4963726843432814,0.46680071777668036,IL,PRE+FIRE,
871,16610,Richmond Valley,2019,0.365194356185588,0.5158545411013239,0.5503198538161261,0.4932448762198902,0.5971628955969639,IL,PRE+FIRE,
871,16950,Shoalhaven,2019,0.1892375962360992,0.5158545411013239,0.5704044908246184,0.4911291510321404,0.5914234045455423,IL,PRE+FIRE,
871,17000,Singleton,2019,0.4132780357652043,0.5158545411013239,0.39884079980923914,0.49404179023344597,0.4701387177456741,IL,PRE+FIRE,
871,17040,Snowy Monaro Regional,2019,0.4402534217279726,0.5158545411013239,0.5304477025503551,0.4991711407842115,0.5624925780134123,IL,PRE+FIRE,
871,17080,Snowy Valleys,2019,0.2014809666381522,0.5158545411013239,0.6436296624730841,0.493039489147887,0.5650242390899335,IL,PRE+FIRE,
871,17150,Sutherland Shire,2019,0.6964132958572651,0.5158545411013239,0.4837928066522344,0.5303502946449922,0.5272799441939304,IL,PRE+FIRE,
871,17310,Tamworth Regional,2019,0.3474377775062121,0.5158545411013239,0.45243017718192796,0.5034097835323913,0.3852898389958621,IL,PRE+FIRE,
871,17400,Tenterfield,2019,0.5349123182207014,0.5158545411013239,0.6854775160069047,0.4948877103620134,0.715892163072156,IL,PRE+FIRE,
871,17550,Tweed,2019,0.4967768544543565,0.5158545411013239,0.4630353160910443,0.5104881810877313,0.3975297041893552,IL,PRE+FIRE,
871,17620,Upper Hunter Shire,2019,0.4043520102651839,0.5158545411013239,0.4738699116472652,0.5062540024494263,0.3974432777552628,IL,PRE+FIRE,
871,17640,Upper Lachlan Shire,2019,0.5224703653916656,0.5158545411013239,0.5769045217030537,0.5051278272840528,0.5607298870647927,IL,PRE+FIRE,
871,17650,Uralla,2019,0.7107570573139435,0.5158545411013239,0.5176155452474744,0.5072641134645449,0.46266878919810406,IL,PRE+FIRE,
871,17750,Wagga Wagga,2019,0.1495402053036783,0.5158545411013239,0.458085170743289,0.5078982463792703,0.42589458369467326,IL,PRE+FIRE,
871,17850,Walcha,2019,0.327764114627887,0.5158545411013239,0.6074974242730674,0.4939230426231321,0.565959030481049,IL,PRE+FIRE,
871,18350,Wingecarribee,2019,0.6955833231496191,0.5158545411013239,0.5553968563674548,0.4961471851072287,0.5804421467214622,IL,PRE+FIRE,
871,18400,Wollondilly,2019,0.4667018004806713,0.5158545411013239,0.4782155320938885,0.4918242874036496,0.4830362101066627,IL,PRE+FIRE,
880,11730,Clarence Valley,2019,0.6959410261110431,0.5158545411013239,0.5783039975884844,0.5010203806707426,0.583148542033457,IL,PRE+FIRE,
880,14350,Kempsey,2019,0.5711599759664345,0.5158545411013239,0.5397941733164137,0.5057076616072206,0.5760261812382893,IL,PRE+FIRE,
880,14550,Kyogle,2019,0.8203726475620188,0.5158545411013239,0.5128996213424618,0.5181949243518318,0.5221407650040822,IL,PRE+FIRE,
880,15240,Mid-Coast,2019,0.269394247219846,0.5158545411013239,0.5220797547719356,0.5159952295399635,0.4614751378882853,IL,PRE+FIRE,
880,15700,Nambucca Valley,2019,0.5312366338751069,0.5158545411013239,0.570038112478933,0.5411272894767019,0.5675709765658119,IL,PRE+FIRE,
880,16380,Port Macquarie-Hastings,2019,0.5403898834983095,0.5158545411013239,0.4964238914397848,0.512682718823822,0.3973047564636881,IL,PRE+FIRE,
880,16610,Richmond Valley,2019,0.3549902745529349,0.5158545411013239,0.5129870939826947,0.5065002163068334,0.5293891081924963,IL,PRE+FIRE,
NSW1718-05,12700,Dungog,2017,0.1791060735671514,0.538035753313122,0.5154175186421527,0.5414584590665231,0.42920741910814675,IL,PRE+FIRE,
NSW1718-05,15240,Mid-Coast,2017,0.7372888152266894,0.538035753313122,0.5533019356549728,0.5393539686391536,0.5351962726686926,IL,PRE+FIRE,
NSW1718-05,16380,Port Macquarie-Hastings,2017,0.4542394802232269,0.538035753313122,0.5052603591758894,0.5378770767869424,0.46149179826332537,IL,PRE+FIRE,
NSW1718-05,17620,Upper Hunter Shire,2017,0.0510204081632653,0.538035753313122,0.5180157764808642,0.5799721740753481,0.576644467597168,IL,PRE+FIRE,
NSW1718-06,14350,Kempsey,2017,0.2328468063872255,0.538035753313122,0.592179591357992,0.535767621781061,0.6650065814888659,IL,PRE+FIRE,
NSW1718-06,16380,Port Macquarie-Hastings,2017,0.3045796162776488,0.538035753313122,0.5384632478760304,0.5239634415954691,0.5135276319563921,IL,PRE+FIRE,
NSW1718-08,17310,Tamworth Regional,2017,0.0765306122448979,0.538035753313122,0.5145007249955622,0.5507172030229921,0.549978256819616,IL,PRE+FIRE,
NSW1718-09,17310,Tamworth Regional,2017,0.0765306122448979,0.538035753313122,0.5017976208194647,0.5259349922840336,0.4766843417068389,IL,PRE+FIRE,
NSW1718-10,16400,Port Stephens,2017,0.4062996456067457,0.538035753313122,0.533633618061573,0.5184173830288049,0.4990164202272544,IL,PRE+FIRE,
NSW1718-11,11720,Cessnock,2017,0.1701685913886512,0.538035753313122,0.5099873504574203,0.580507892280387,0.4911424433103571,IL,PRE+FIRE,
NSW1718-11,15650,Muswellbrook,2017,0.1071428571428571,0.538035753313122,0.515157940359011,0.5972241030507042,0.5912772309452882,IL,PRE+FIRE,
NSW1718-11,17000,Singleton,2017,0.2551020408163265,0.538035753313122,0.43940677096126196,0.5137171276747311,0.448526320706092,IL,PRE+FIRE,
NSW1718-12,18020,Warrumbungle Shire,2017,0.5111409833394436,0.538035753313122,0.554063576923391,0.5266586636916232,0.5001608791396857,IL,PRE+FIRE,
NSW1718-13,17640,Upper Lachlan Shire,2017,0.7346938775510204,0.538035753313122,0.6040215023696376,0.5482594649492984,0.5801861571410047,IL,PRE+FIRE,
NSW1718-14,17150,Sutherland Shire,2017,0.8171577762841663,0.538035753313122,0.4382153854855705,0.5066645409636431,0.48004389274846376,IL,PRE+FIRE,
NSW1718-15,17620,Upper Hunter Shire,2017,0.1428571428571428,0.538035753313122,0.4908708216410342,0.5501283820443668,0.5095757996496754,IL,PRE+FIRE,
NSW1718-16,15650,Muswellbrook,2017,0.1071428571428571,0.538035753313122,0.4636494361535288,0.5603179694867586,0.5145497121030095,IL,PRE+FIRE,
NSW1718-17,10470,Bathurst Regional,2017,0.1224489795918367,0.538035753313122,0.5428885500002508,0.5701450618174922,0.5709735331908499,IL,PRE+FIRE,
NSW1718-17,11400,Cabonne,2017,0.1530612244897959,0.538035753313122,0.5673366302002419,0.5443749631816183,0.6023376084031042,IL,PRE+FIRE,
NSW1718-18,14870,Lithgow,2017,0.5204081632653061,0.538035753313122,0.5228666142893178,0.5723780114104672,0.48102173932974085,IL,PRE+FIRE,
NSW1718-20,10550,Bega Valley,2017,0.5530215080043993,0.538035753313122,0.6282975879658868,0.5545823301821707,0.6214948519783062,IL,PRE+FIRE,
NSW1718-21,14900,Liverpool,2017,0.4754852539818322,0.538035753313122,0.5055393644478771,0.5050459900409145,0.46644792752425,IL,PRE+FIRE,
NSW1718-21,17150,Sutherland Shire,2017,0.8409673000936903,0.538035753313122,0.48833988607560264,0.51045033695769,0.5133108653804779,IL,PRE+FIRE,
RAA-raa_2015_p15_r05,10900,Blue Mountains,2015,0.8203592814371258,0.5121890154870549,0.4946308090625478,0.5170377066946846,0.5240385586475654,IL,PRE+FIRE,
RAA-raa_2015_p15_r09,16950,Shoalhaven,2015,0.2704998166931443,0.5121890154870549,0.6398849271331347,0.5898128445403922,0.5315680076589977,IL,PRE+FIRE,
RAA-raa_2015_p15_r11,13800,Hawkesbury,2015,0.1137724550898203,0.5121890154870549,0.3760183149533555,0.5033995830696901,0.38450202255083676,IL,PRE+FIRE,
RAA-raa_2016_p13_r06,14350,Kempsey,2016,0.6081370422420465,0.5220023272025136,0.5130070621052721,0.5171204280125372,0.5123410192454856,IL,PRE+FIRE,
RAA-raa_2016_p13_r07,17400,Tenterfield,2016,0.5724443969204449,0.5220023272025136,0.546648382662058,0.5193759827478712,0.566526554532453,IL,PRE+FIRE,
RAA-raa_2016_p13_r08,11720,Cessnock,2016,0.371669925455212,0.5220023272025136,0.4973659338695594,0.523069032498107,0.43864309794273937,IL,PRE+FIRE,
RAA-raa_2016_p13_r08,12700,Dungog,2016,0.2666541916167664,0.5220023272025136,0.5178444294322376,0.5305755377542211,0.5223141014306155,IL,PRE+FIRE,
RAA-raa_2016_p13_r08,15240,Mid-Coast,2016,0.2390264114627887,0.5220023272025136,0.5554470343915681,0.5286773593501575,0.6161963318870568,IL,PRE+FIRE,
RAA-raa_2016_p13_r08,16400,Port Stephens,2016,0.2266894781864841,0.5220023272025136,0.5033573911273709,0.5060962390530037,0.5192570823169247,IL,PRE+FIRE,
RAA-raa_2016_p13_r12,16350,Penrith,2016,0.4867637174630331,0.5220023272025136,0.4222855740161874,0.5220703133267711,0.45676213800539706,IL,PRE+FIRE,
RAA-raa_2016_p13_r16,11720,Cessnock,2016,0.3750712859994298,0.5220023272025136,0.4961387965155724,0.5227434134118576,0.4206079125679267,IL,PRE+FIRE,
RAA-raa_2016_p13_r22,11720,Cessnock,2016,0.3784726465436474,0.5220023272025136,0.51902037334209,0.5257417137220465,0.41594579815995175,IL,PRE+FIRE,
RAA-raa_2016_p13_r23,14350,Kempsey,2016,0.591130239520958,0.5220023272025136,0.5117752823571706,0.5334013133282686,0.4891751068769561,IL,PRE+FIRE,
RAA-raa_2016_p13_r23,15240,Mid-Coast,2016,0.2390264114627887,0.5220023272025136,0.5113225937245096,0.5156760296195223,0.5330198725955099,IL,PRE+FIRE,
RAA-raa_2016_p13_r23,17620,Upper Hunter Shire,2016,0.010204081632653,0.5220023272025136,0.4981528696913919,0.5160525065905708,0.4673034129253406,IL,PRE+FIRE,
RAA-raa_2016_p13_r23,18020,Warrumbungle Shire,2016,0.4629083669395902,0.5220023272025136,0.5835357607497956,0.5120708382442201,0.5909693450809284,IL,PRE+FIRE,
RAA-raa_2016_p13_r26,17000,Singleton,2016,0.2244897959183673,0.5220023272025136,0.3937625993044447,0.5240997142586252,0.4150770485818483,IL,PRE+FIRE,
1052,10470,Bathurst Regional,2022,0.7814070351758794,0.4881141958271251,0.4897974582491238,0.4813747745557099,0.47821731958252567,FP,PRE,
1052,10950,Bogan,2022,0.5603015075376885,0.4881141958271251,0.5348052269961558,0.4812358801207272,0.5525452913456692,FP,PRE,
1052,11200,Brewarrina,2022,0.2633592527185106,0.4881141958271251,0.49523960098554165,0.4143682210716011,0.4586670175797517,FP,PRE,
1052,11400,Cabonne,2022,0.3517587939698492,0.4881141958271251,0.5491769109198217,0.45106287939736855,0.5818411415072013,FP,PRE,
1052,12150,Coonamble,2022,0.7624662760523933,0.4881141958271251,0.5412962655061169,0.43448843835819484,0.5187100181727762,FP,PRE,
1052,12350,Cowra,2022,0.6984924623115578,0.4881141958271251,0.5077932865370767,0.4698033596733187,0.5522489632006562,FP,PRE,
1052,12390,Dubbo Regional,2022,0.2332043156355548,0.4881141958271251,0.5182071978603016,0.47474053700339003,0.5675027530426078,FP,PRE,
1052,15270,Mid-Western Regional,2022,0.8542713567839195,0.4881141958271251,0.5055682414911729,0.4969060650527145,0.3606816557001752,FP,PRE,
1052,17620,Upper Hunter Shire,2022,0.5603015075376885,0.4881141958271251,0.5120322361301689,0.45901777305505514,0.6727432723374058,FP,PRE,
1052,17900,Walgett,2022,0.6747666354312546,0.4881141958271251,0.5178657694297168,0.4714981138527674,0.5342770849017132,FP,PRE,
1052,17950,Warren,2022,0.6005990505807727,0.4881141958271251,0.5457778285742723,0.41071473387372637,0.585089763777902,FP,PRE,
1053,13660,Gwydir,2022,0.4849246231155779,0.4881141958271251,0.5074663853597968,0.47685751923687514,0.4932178124956092,FP,PRE,
1053,15750,Narrabri,2022,0.4899497487437186,0.4881141958271251,0.485591525583812,0.4481549363859554,0.46239716636015454,FP,PRE,
1054,13660,Gwydir,2022,0.4849246231155779,0.4881141958271251,0.5074663853597968,0.4059905027248708,0.4932178124956092,FP,PRE,
1054,15300,Moree Plains,2022,0.7336683417085428,0.4881141958271251,0.5160193973422256,0.4436388868573079,0.46519057739262937,FP,PRE,
1054,15750,Narrabri,2022,0.4899497487437186,0.4881141958271251,0.485591525583812,0.4792149244679028,0.46239716636015454,FP,PRE,
1055,10850,Blayney,2022,0.5613022849905264,0.4881141958271251,0.5575714100244733,0.4262230387922107,0.5522269820367486,FP,PRE,
1055,11400,Cabonne,2022,0.3517587939698492,0.4881141958271251,0.5491769109198217,0.4515743065613519,0.5818411415072013,FP,PRE,
1055,12350,Cowra,2022,0.6984924623115578,0.4881141958271251,0.5077932865370767,0.47094013680941477,0.5522489632006562,FP,PRE,
1055,14920,Liverpool Plains,2022,0.0678391959798995,0.4881141958271251,0.49524225914829906,0.4752686311155365,0.49262670318957724,FP,PRE,
1055,17620,Upper Hunter Shire,2022,0.5603015075376885,0.4881141958271251,0.5120322361301689,0.45962111664169064,0.6727432723374058,FP,PRE,
1056,11750,Cobar,2022,0.6642903297223824,0.4881141958271251,0.5000300051021106,0.47438423839940136,0.48965381443421085,FP,PRE,
1056,17640,Upper Lachlan Shire,2022,0.5348642224956751,0.4881141958271251,0.5475498032116278,0.48579080865121826,0.5732912361641026,FP,PRE,
1065,12160,Cootamundra-Gundagai Regional,2022,0.3127529296070516,0.4881141958271251,0.521073080383233,0.4697450923109952,0.5685371451961866,FP,PRE,
1066,17640,Upper Lachlan Shire,2022,0.5348642224956751,0.4881141958271251,0.5475498032116278,0.4698492612312522,0.5732912361641026,FP,PRE,
1066,18710,Yass Valley,2022,0.7537688442211055,0.4881141958271251,0.48465541104422577,0.48310006804769356,0.4839359600110887,FP,PRE,
1070,10550,Bega Valley,2023,0.0452261306532663,0.5200800209960129,0.5225472954018298,0.5259735895809077,0.5672733524341705,FP,PRE,
1071,10180,Armidale Regional,2023,0.100502512562814,0.5200800209960129,0.5127827217352848,0.5131412636478839,0.548196038012192,FP,PRE,
1071,11730,Clarence Valley,2023,0.4045226130653266,0.5200800209960129,0.5200263095968707,0.52789622171723,0.5286323680504204,FP,PRE,
1071,14350,Kempsey,2023,0.3015075376884422,0.5200800209960129,0.5204243648262369,0.5289920899416728,0.5423001050795399,FP,PRE,
1071,15700,Nambucca Valley,2023,0.3391959798994975,0.5200800209960129,0.5298767822455951,0.5111436342405301,0.5320447991814606,FP,PRE,
1075,11730,Clarence Valley,2023,0.4045226130653266,0.5200800209960129,0.5200263095968707,0.5307787430092455,0.5286323680504204,FP,PRE,
1075,14220,Inverell,2023,0.4872790244768926,0.5200800209960129,0.5396332307152841,0.527400418730956,0.510836973138791,FP,PRE,
1075,14550,Kyogle,2023,0.5375030892165746,0.5200800209960129,0.5503778004449875,0.5207316994636634,0.6455888792091721,FP,PRE,
1075,17400,Tenterfield,2023,0.2627415703002719,0.5200800209960129,0.5388947681833791,0.5394927351374746,0.6512126597600401,FP,PRE,
1076,14350,Kempsey,2023,0.3015075376884422,0.5200800209960129,0.5204243648262369,0.5433159834349949,0.5423001050795399,FP,PRE,
1076,15240,Mid-Coast,2023,0.3040201005025126,0.5200800209960129,0.5286208351657558,0.5188297480756819,0.5469245237199281,FP,PRE,
1076,16380,Port Macquarie-Hastings,2023,0.7135678391959799,0.5200800209960129,0.5141760915996794,0.5160212946267788,0.3691461118380556,FP,PRE,
1081,17900,Walgett,2023,0.5045376086374496,0.5200800209960129,0.5414002662834553,0.5229629665575298,0.6081562187712488,FP,PRE,
1083,15270,Mid-Western Regional,2023,0.1758793969849246,0.5200800209960129,0.5256231588682467,0.5102245990032782,0.533733677980668,FP,PRE,
1084,17040,Snowy Monaro Regional,2023,0.4371859296482412,0.5200800209960129,0.5221122324065012,0.5106123459261669,0.571234768562527,FP,PRE,
1089,15240,Mid-Coast,2023,0.3040201005025126,0.5200800209960129,0.5286208351657558,0.519228712509352,0.5469245237199281,FP,PRE,
1090,11720,Cessnock,2023,0.3844221105527638,0.5200800209960129,0.5072783729182031,0.5135845263017447,0.45706493363812833,FP,PRE,
1090,12700,Dungog,2023,0.100502512562814,0.5200800209960129,0.5261817946724942,0.5238405070169199,0.48488389695937856,FP,PRE,
1090,16400,Port Stephens,2023,0.5477386934673367,0.5200800209960129,0.5158874077911023,0.48507965451279705,0.503115566449851,FP,PRE,
1091,15650,Muswellbrook,2023,0.3233666410948184,0.5200800209960129,0.4997424459172219,0.5195891034170105,0.4882521006332118,FP,PRE,
1091,17620,Upper Hunter Shire,2023,0.8618090452261307,0.5200800209960129,0.5193218762372318,0.5077641747930668,0.6164073379724847,FP,PRE,
1092,11720,Cessnock,2023,0.3844221105527638,0.5200800209960129,0.5072783729182031,0.5161998588145086,0.45706493363812833,FP,PRE,
1093,15750,Narrabri,2023,0.321608040201005,0.5200800209960129,0.5149935223816895,0.5426678479231447,0.5166369799981266,FP,PRE,
1099,17000,Singleton,2023,0.7437185929648241,0.5200800209960129,0.5056072470653226,0.5126578354496829,0.5026962115583165,FP,PRE,
1112,10180,Armidale Regional,2023,0.100502512562814,0.5200800209960129,0.5127827217352848,0.5236579319713792,0.548196038012192,FP,PRE,
1114,14220,Inverell,2023,0.4872790244768926,0.5200800209960129,0.5396332307152841,0.526928358435241,0.510836973138791,FP,PRE,
1114,17400,Tenterfield,2023,0.2627415703002719,0.5200800209960129,0.5388947681833791,0.520654038812938,0.6512126597600401,FP,PRE,
1121,11730,Clarence Valley,2023,0.4045226130653266,0.5200800209960129,0.5200263095968707,0.5167620490205842,0.5286323680504204,FP,PRE,
1131,17620,Upper Hunter Shire,2023,0.8618090452261307,0.5200800209960129,0.5193218762372318,0.5114074510215127,0.6164073379724847,FP,PRE,
1132,17040,Snowy Monaro Regional,2023,0.4371859296482412,0.5200800209960129,0.5221122324065012,0.5120033343571203,0.571234768562527,FP,PRE,
1133,14650,Lake Macquarie,2023,0.5251256281407035,0.5200800209960129,0.5018650968488033,0.5098773371917499,0.46833964469925127,FP,PRE,
1134,17310,Tamworth Regional,2023,0.5297082878532005,0.5200800209960129,0.5201818072625672,0.5021087823057799,0.5811044250653472,FP,PRE,
1135,11350,Byron,2023,0.1909547738693467,0.5200800209960129,0.5309615326301407,0.526014049775716,0.5252071322599637,FP,PRE,
1136,14870,Lithgow,2023,0.0351758793969849,0.5200800209960129,0.512748834477101,0.4830498049173796,0.46372314017611155,FP,PRE,
1137,16200,Parkes,2023,0.3492462311557789,0.5200800209960129,0.5287594752560021,0.5028800778537904,0.6113760137865186,FP,PRE,
1138,16610,Richmond Valley,2023,0.3802957538718181,0.5200800209960129,0.5199331493722599,0.5079886901978383,0.48286349391685507,FP,PRE,
1139,15270,Mid-Western Regional,2023,0.1758793969849246,0.5200800209960129,0.5256231588682467,0.48597272514950585,0.533733677980668,FP,PRE,
1140,17000,Singleton,2023,0.7437185929648241,0.5200800209960129,0.5056072470653226,0.4968987908283846,0.5026962115583165,FP,PRE,
770,11720,Cessnock,2017,0.4070351758793969,0.5045462886588366,0.49220791014607773,0.5086617653004741,0.46280090769554705,FP,PRE,
771,14350,Kempsey,2017,0.3492462311557789,0.5045462886588366,0.4794621650146944,0.5213188995203103,0.5283908420476698,FP,PRE,
772,16380,Port Macquarie-Hastings,2017,0.1934673366834171,0.5045462886588366,0.5018385998562646,0.5044907924794547,0.4718493656703838,FP,PRE,
776,17400,Tenterfield,2017,0.6698988667723865,0.5045462886588366,0.4975026160668984,0.514720713377382,0.5485277414425511,FP,PRE,
792,17000,Singleton,2017,0.5100502512562813,0.5045462886588366,0.5049715815284906,0.46737059621541865,0.543608790295989,FP,PRE,
818,16950,Shoalhaven,2018,0.4723618090452261,0.48734098093043365,0.4816577645801892,0.48348127440697636,0.42867560683282896,FP,PRE,
819,11720,Cessnock,2018,0.2261306532663316,0.48734098093043365,0.48498231512166984,0.48003888199273864,0.4975520792530264,FP,PRE,
819,16400,Port Stephens,2018,0.4874371859296482,0.48734098093043365,0.4876343264055952,0.506980186192998,0.4524604561442306,FP,PRE,
820,10550,Bega Valley,2018,0.585427135678392,0.48734098093043365,0.4784472605173926,0.5023482299016266,0.4504002483357104,FP,PRE,
820,12750,Eurobodalla,2018,0.4899497487437186,0.48734098093043365,0.47908376348718423,0.4687878023328568,0.48563484150250585,FP,PRE,
823,14550,Kyogle,2018,0.7135678391959799,0.48734098093043365,0.4831887201617981,0.4582268255044085,0.5467496884508979,FP,PRE,
823,16610,Richmond Valley,2018,0.52731253604086,0.48734098093043365,0.483335110978387,0.505097941672627,0.42681469042251424,FP,PRE,
824,11730,Clarence Valley,2018,0.4246231155778894,0.48734098093043365,0.47828107766085515,0.5033322714118557,0.4745534634631464,FP,PRE,
824,13010,Glen Innes Severn,2018,0.4673366834170854,0.48734098093043365,0.4804372020583046,0.47795559979501523,0.49506151773797424,FP,PRE,
841,17310,Tamworth Regional,2018,0.5843816289438998,0.48734098093043365,0.49514649291575513,0.4695762312279248,0.5467873622646996,FP,PRE,
842,11720,Cessnock,2018,0.2261306532663316,0.48734098093043365,0.48498231512166984,0.4604070248197942,0.4975520792530264,FP,PRE,
842,16400,Port Stephens,2018,0.4874371859296482,0.48734098093043365,0.4876343264055952,0.4997929928005227,0.4524604561442306,FP,PRE,
843,10180,Armidale Regional,2018,0.6557788944723618,0.48734098093043365,0.49007451083586195,0.41669641103684874,0.3729614563964306,FP,PRE,
843,14220,Inverell,2018,0.4422464525496334,0.48734098093043365,0.49625619635658086,0.49999668231014627,0.5039292936685832,FP,PRE,
843,17400,Tenterfield,2018,0.8335769845642146,0.48734098093043365,0.4779208478006501,0.5063006691013155,0.475132024532972,FP,PRE,
847,10180,Armidale Regional,2018,0.6557788944723618,0.48734098093043365,0.49007451083586195,0.48180258878226656,0.3729614563964306,FP,PRE,
851,13010,Glen Innes Severn,2018,0.4673366834170854,0.48734098093043365,0.4804372020583046,0.48910977451607945,0.49506151773797424,FP,PRE,
853,11400,Cabonne,2018,0.7185929648241206,0.48734098093043365,0.5002706315337674,0.45654761700830326,0.48179906259665606,FP,PRE,
853,16200,Parkes,2018,0.7964824120603016,0.48734098093043365,0.49570427023988317,0.481042245370795,0.540693229495445,FP,PRE,
855,17310,Tamworth Regional,2018,0.5843816289438998,0.48734098093043365,0.49514649291575513,0.4765669106042598,0.5467873622646996,FP,PRE,
860,17080,Snowy Valleys,2018,0.592964824120603,0.48734098093043365,0.485194912899768,0.4896827293253375,0.5069345678928477,FP,PRE,
862,17310,Tamworth Regional,2018,0.5843816289438998,0.48734098093043365,0.49514649291575513,0.4489168526223322,0.5467873622646996,FP,PRE,
862,17620,Upper Hunter Shire,2018,0.7537688442211055,0.48734098093043365,0.49481613254926304,0.4299012343242128,0.6430842983119944,FP,PRE,
864,17400,Tenterfield,2018,0.8335769845642146,0.48734098093043365,0.4779208478006501,0.4894831613817491,0.475132024532972,FP,PRE,
866,15900,Newcastle,2018,0.4205140284757118,0.48734098093043365,0.5003518380864209,0.4843951889753078,0.49786064678968417,FP,PRE,
867,15650,Muswellbrook,2018,0.2655635374618996,0.48734098093043365,0.48683424549968174,0.44620421892461126,0.5042443552593266,FP,PRE,
867,17000,Singleton,2018,0.3886462924252409,0.48734098093043365,0.49036319083319885,0.4149538504299721,0.5705433058790786,FP,PRE,
871,10180,Armidale Regional,2019,0.3015432567550869,0.46555856114613503,0.47417879544592373,0.41484145255570465,0.42805656431274614,FP,PRE,
871,10250,Ballina,2019,0.6005025125628141,0.46555856114613503,0.49441523536341503,0.4443906036773635,0.48913932094918283,FP,PRE,
871,10550,Bega Valley,2019,0.78577859842244,0.46555856114613503,0.4199274219085731,0.40631007606558295,0.3757175078520411,FP,PRE,
871,10600,Bellingen,2019,0.5251256281407035,0.46555856114613503,0.419213087605069,0.42416084552804395,0.4007372311175172,FP,PRE,
871,10900,Blue Mountains,2019,0.3475050071051981,0.46555856114613503,0.41154585267711147,0.4082083673976216,0.38266333197837593,FP,PRE,
871,11350,Byron,2019,0.5879396984924623,0.46555856114613503,0.4664645274212595,0.43574971903041165,0.4258210849264422,FP,PRE,
871,11650,Central Coast (NSW),2019,0.5101139663481341,0.46555856114613503,0.4521320039682109,0.4194867711416497,0.44593904186262656,FP,PRE,
871,11720,Cessnock,2019,0.5125628140703518,0.46555856114613503,0.4503603350864616,0.41338710337883267,0.4316844386101489,FP,PRE,
871,11730,Clarence Valley,2019,0.6103637102005931,0.46555856114613503,0.4247274440058355,0.40739332481312956,0.3853326895007362,FP,PRE,
871,11800,Coffs Harbour,2019,0.5402010050251256,0.46555856114613503,0.4567856127786778,0.4364636429166777,0.42745503766849724,FP,PRE,
871,12160,Cootamundra-Gundagai Regional,2019,0.6921064724235935,0.46555856114613503,0.5079889354635777,0.45619673464162214,0.47829198597283296,FP,PRE,
871,12700,Dungog,2019,0.6783919597989949,0.46555856114613503,0.4372387538161826,0.43582953023362325,0.34866998971587077,FP,PRE,
871,12750,Eurobodalla,2019,0.5411850492215174,0.46555856114613503,0.4249362190984909,0.4027906272813337,0.4256686455037672,FP,PRE,
871,13010,Glen Innes Severn,2019,0.5971677676291293,0.46555856114613503,0.44278811873083546,0.41359646031740066,0.4437029977675682,FP,PRE,
871,13310,Goulburn Mulwaree,2019,0.6080402010050252,0.46555856114613503,0.4940294004171764,0.43817723943432213,0.511535409059001,FP,PRE,
871,13340,Greater Hume Shire,2019,0.9195979899497488,0.46555856114613503,0.5012925951011937,0.43223064417755175,0.45870825563422163,FP,PRE,
871,13660,Gwydir,2019,0.4070351758793969,0.46555856114613503,0.44729239144654814,0.45828672898690964,0.4483090600978893,FP,PRE,
871,13800,Hawkesbury,2019,0.535175879396985,0.46555856114613503,0.4373801983578594,0.40323450562545915,0.43592673184498976,FP,PRE,
871,14220,Inverell,2019,0.5135462146799571,0.46555856114613503,0.5229312298862002,0.450156012209235,0.4739623238205492,FP,PRE,
871,14350,Kempsey,2019,0.693011838135349,0.46555856114613503,0.39945258125264954,0.4082302053847429,0.42287884571970424,FP,PRE,
871,14500,Ku-ring-gai,2019,0.5653266331658292,0.46555856114613503,0.4663353573438057,0.4957411154582107,0.4820646075273254,FP,PRE,
871,14550,Kyogle,2019,0.7185929648241206,0.46555856114613503,0.4498646195828471,0.4313502237811812,0.49650724096364496,FP,PRE,
871,14650,Lake Macquarie,2019,0.3266331658291457,0.46555856114613503,0.44777402873512206,0.46274474426858053,0.4562076309611192,FP,PRE,
871,14850,Lismore,2019,0.3561055791251338,0.46555856114613503,0.4614917886607073,0.44159797506962045,0.4221306521227864,FP,PRE,
871,14870,Lithgow,2019,0.7386934673366834,0.46555856114613503,0.4287501534179483,0.4070740064056521,0.3042435360942912,FP,PRE,
871,15240,Mid-Coast,2019,0.5495614921430926,0.46555856114613503,0.45616085551781954,0.4174550096474991,0.3860624734776131,FP,PRE,
871,15270,Mid-Western Regional,2019,0.6130653266331658,0.46555856114613503,0.4625590951938842,0.4273032967959075,0.3771828219235704,FP,PRE,
871,15650,Muswellbrook,2019,0.4175665082585056,0.46555856114613503,0.4506927437738687,0.4147535200523114,0.45917035059920996,FP,PRE,
871,15700,Nambucca Valley,2019,0.3994974874371859,0.46555856114613503,0.4250773439116159,0.4157529157348042,0.42467343904303945,FP,PRE,
871,15750,Narrabri,2019,0.7638190954773869,0.46555856114613503,0.47190501789062755,0.4514023511423879,0.4608877163187091,FP,PRE,
871,16100,Oberon,2019,0.5301507537688442,0.46555856114613503,0.4681536443247409,0.4182731923213118,0.43544443422510926,FP,PRE,
871,16350,Penrith,2019,0.4642426399415108,0.46555856114613503,0.4916242534208563,0.48934545951998665,0.47917298412790243,FP,PRE,
871,16380,Port Macquarie-Hastings,2019,0.2864321608040201,0.46555856114613503,0.4503470734481864,0.4103034390647019,0.3647853915928487,FP,PRE,
871,16490,Queanbeyan-Palerang Regional,2019,0.864321608040201,0.46555856114613503,0.4732571564696688,0.41667041777946334,0.4444982169395091,FP,PRE,
871,16610,Richmond Valley,2019,0.4424934289789109,0.46555856114613503,0.45388209486511816,0.40899687950566405,0.4154696515892079,FP,PRE,
871,16950,Shoalhaven,2019,0.394995597866381,0.46555856114613503,0.44119707795722407,0.40380631232105124,0.40271815558643065,FP,PRE,
871,17000,Singleton,2019,0.829145728643216,0.46555856114613503,0.4526344635882211,0.41095197072056794,0.4711386922983851,FP,PRE,
871,17040,Snowy Monaro Regional,2019,0.6432160804020101,0.46555856114613503,0.467787541057558,0.42353594845138803,0.4278934103249663,FP,PRE,
871,17080,Snowy Valleys,2019,0.81460871210561,0.46555856114613503,0.45012022372482896,0.4084929977150343,0.410942541915697,FP,PRE,
871,17150,Sutherland Shire,2019,0.3241206030150754,0.46555856114613503,0.4559649719975803,0.5000286299257166,0.4251956514736125,FP,PRE,
871,17310,Tamworth Regional,2019,0.4456272139385452,0.46555856114613503,0.5022584953602464,0.43393472806765654,0.5672105307998881,FP,PRE,
871,17400,Tenterfield,2019,0.7875326942087486,0.46555856114613503,0.42883437524758483,0.41302728999434146,0.5248729485156586,FP,PRE,
871,17550,Tweed,2019,0.4748743718592965,0.46555856114613503,0.4767353185966802,0.45130035678121716,0.44421856120013464,FP,PRE,
871,17620,Upper Hunter Shire,2019,0.4748743718592965,0.46555856114613503,0.4936233285080895,0.44091252908930934,0.6665783518200905,FP,PRE,
871,17640,Upper Lachlan Shire,2019,0.5595481892042178,0.46555856114613503,0.5087300486022606,0.4381496523738646,0.4731422908663765,FP,PRE,
871,17650,Uralla,2019,0.9396984924623116,0.46555856114613503,0.47284180919940866,0.44339066241127756,0.4490613858970259,FP,PRE,
871,17750,Wagga Wagga,2019,0.3366834170854271,0.46555856114613503,0.500276865115053,0.44494639824923726,0.4771322563912229,FP,PRE,
871,17850,Walcha,2019,0.8522170277617596,0.46555856114613503,0.45754683254551964,0.4106606439202277,0.43693101421428737,FP,PRE,
871,18350,Wingecarribee,2019,0.4960847397849905,0.46555856114613503,0.46921747613960596,0.4161171942598932,0.4675829641452223,FP,PRE,
871,18400,Wollondilly,2019,0.7824428881085757,0.46555856114613503,0.4122680384978532,0.40551170962864,0.4315401718405591,FP,PRE,
880,11730,Clarence Valley,2019,0.6103637102005931,0.46555856114613503,0.4247274440058355,0.4280727398679112,0.3853326895007362,FP,PRE,
880,14350,Kempsey,2019,0.693011838135349,0.46555856114613503,0.39945258125264954,0.4395721759737032,0.42287884571970424,FP,PRE,
880,14550,Kyogle,2019,0.7185929648241206,0.46555856114613503,0.4498646195828471,0.47020752342010375,0.49650724096364496,FP,PRE,
880,15240,Mid-Coast,2019,0.5495614921430926,0.46555856114613503,0.45616085551781954,0.4648109512316381,0.3860624734776131,FP,PRE,
880,15700,Nambucca Valley,2019,0.3994974874371859,0.46555856114613503,0.4250773439116159,0.5264681297464412,0.42467343904303945,FP,PRE,
880,16380,Port Macquarie-Hastings,2019,0.2864321608040201,0.46555856114613503,0.4503470734481864,0.45668427697288494,0.3647853915928487,FP,PRE,
880,16610,Richmond Valley,2019,0.4424934289789109,0.46555856114613503,0.45388209486511816,0.4415165723630074,0.4154696515892079,FP,PRE,
NSW1718-05,12700,Dungog,2017,0.1130653266331658,0.5045462886588366,0.5067675317462346,0.5027052145389963,0.4760301994620912,FP,PRE,
NSW1718-05,16380,Port Macquarie-Hastings,2017,0.1934673366834171,0.5045462886588366,0.5018385998562646,0.5055059151176109,0.4718493656703838,FP,PRE,
NSW1718-05,17620,Upper Hunter Shire,2017,0.7386934673366834,0.5045462886588366,0.5151301465810125,0.472586848084567,0.6464971036433661,FP,PRE,
NSW1718-06,14350,Kempsey,2017,0.3492462311557789,0.5045462886588366,0.4794621650146944,0.5071555440581509,0.5283908420476698,FP,PRE,
NSW1718-06,16380,Port Macquarie-Hastings,2017,0.1934673366834171,0.5045462886588366,0.5018385998562646,0.5163866095225523,0.4718493656703838,FP,PRE,
NSW1718-08,17310,Tamworth Regional,2017,0.6582914572864321,0.5045462886588366,0.5136384163967953,0.4954647225915234,0.5335941518938628,FP,PRE,
NSW1718-09,13660,Gwydir,2017,0.5865656407035176,0.5045462886588366,0.5070040551699342,0.4963935105577,0.43839533433732725,FP,PRE,
NSW1718-09,17310,Tamworth Regional,2017,0.6582914572864321,0.5045462886588366,0.5136384163967953,0.514844824054491,0.5335941518938628,FP,PRE,
NSW1718-09,17650,Uralla,2017,0.5,0.5045462886588366,0.5129412214045247,0.49864182705059057,0.5958869939328942,FP,PRE,
NSW1718-10,16400,Port Stephens,2017,0.5050251256281407,0.5045462886588366,0.5019524480405139,0.5207237196728001,0.45981140060664843,FP,PRE,
NSW1718-11,11720,Cessnock,2017,0.4070351758793969,0.5045462886588366,0.49220791014607773,0.47216790752762583,0.46280090769554705,FP,PRE,
NSW1718-11,15650,Muswellbrook,2017,0.7215233763592553,0.5045462886588366,0.487318143614389,0.4590955523524751,0.38533557472462315,FP,PRE,
NSW1718-11,17000,Singleton,2017,0.5100502512562813,0.5045462886588366,0.5049715815284906,0.5243993976267692,0.543608790295989,FP,PRE,
NSW1718-12,15750,Narrabri,2017,0.5804020100502513,0.5045462886588366,0.5007580284189973,0.5216055599644488,0.4591609971494954,FP,PRE,
NSW1718-12,18020,Warrumbungle Shire,2017,0.3668341708542714,0.5045462886588366,0.49736050501502765,0.5142789009634212,0.46889604537495416,FP,PRE,
NSW1718-13,17640,Upper Lachlan Shire,2017,0.4248615644822473,0.5045462886588366,0.5337848959578706,0.4973867146905859,0.5417920893010728,FP,PRE,
NSW1718-14,17150,Sutherland Shire,2017,0.2638190954773869,0.5045462886588366,0.506631834394915,0.5299146378721601,0.5219064331233245,FP,PRE,
NSW1718-15,17620,Upper Hunter Shire,2017,0.7386934673366834,0.5045462886588366,0.5151301465810125,0.4959251904016588,0.6464971036433661,FP,PRE,
NSW1718-16,15270,Mid-Western Regional,2017,0.4497487437185929,0.5045462886588366,0.506098219018726,0.4826610460263884,0.42640371230731566,FP,PRE,
NSW1718-16,15650,Muswellbrook,2017,0.7215233763592553,0.5045462886588366,0.487318143614389,0.4879567633480991,0.38533557472462315,FP,PRE,
NSW1718-17,10470,Bathurst Regional,2017,0.3944723618090452,0.5045462886588366,0.5046669933158383,0.48027181350800374,0.5447161114015532,FP,PRE,
NSW1718-17,11400,Cabonne,2017,0.3165829145728643,0.5045462886588366,0.5347995825294103,0.5004244597563388,0.5589814686282839,FP,PRE,
NSW1718-18,14870,Lithgow,2017,0.1884422110552763,0.5045462886588366,0.489301757532272,0.47852560974396596,0.4473891718415957,FP,PRE,
NSW1718-19,13660,Gwydir,2017,0.5865656407035176,0.5045462886588366,0.5070040551699342,0.49639577958363323,0.43839533433732725,FP,PRE,
NSW1718-19,15750,Narrabri,2017,0.5804020100502513,0.5045462886588366,0.5007580284189973,0.4870276171154959,0.4591609971494954,FP,PRE,
NSW1718-20,10550,Bega Valley,2017,0.3944723618090452,0.5045462886588366,0.49417426878949555,0.4924421287922382,0.47898592346560376,FP,PRE,
NSW1718-21,14900,Liverpool,2017,0.2185929648241206,0.5045462886588366,0.4929800592920302,0.5311803716453035,0.4513820540690345,FP,PRE,
NSW1718-21,17150,Sutherland Shire,2017,0.2638190954773869,0.5045462886588366,0.506631834394915,0.526954082365004,0.5219064331233245,FP,PRE,
RAA-raa_2015_p15_r01,15750,Narrabri,2014,0.1934673366834171,0.4965397404742567,0.49698508937819647,0.4715491542069781,0.5382880575327174,FP,PRE,
RAA-raa_2015_p15_r05,10900,Blue Mountains,2015,0.3894472361809045,0.49637623972327616,0.4808999579487306,0.49275939783787803,0.43510298670890535,FP,PRE,
RAA-raa_2015_p15_r09,16950,Shoalhaven,2015,0.3994974874371859,0.49637623972327616,0.48405909585232737,0.42878236322736957,0.4492979542566556,FP,PRE,
RAA-raa_2015_p15_r11,13800,Hawkesbury,2015,0.4296482412060302,0.49637623972327616,0.4853746475725081,0.5047487493253123,0.520301867670257,FP,PRE,
RAA-raa_2016_p13_r06,14350,Kempsey,2016,0.6407035175879396,0.4977862295991106,0.4476529864073012,0.5046477645112154,0.45595224536904566,FP,PRE,
RAA-raa_2016_p13_r07,17400,Tenterfield,2016,0.3985694352912101,0.4977862295991106,0.48070875201668056,0.5017823055242016,0.5838487324924934,FP,PRE,
RAA-raa_2016_p13_r08,11720,Cessnock,2016,0.6306532663316583,0.4977862295991106,0.4714973781026289,0.49709065143550785,0.37571910825022964,FP,PRE,
RAA-raa_2016_p13_r08,12700,Dungog,2016,0.4020100502512563,0.4977862295991106,0.5153553317557287,0.48755437966597653,0.43500066418701944,FP,PRE,
RAA-raa_2016_p13_r08,16400,Port Stephens,2016,0.3592964824120603,0.4977862295991106,0.4875552921128683,0.518652905168534,0.4971376231254,FP,PRE,
RAA-raa_2016_p13_r12,16350,Penrith,2016,0.2956959490073317,0.4977862295991106,0.5084188898851906,0.49835942526758414,0.5105895600342608,FP,PRE,
RAA-raa_2016_p13_r16,11720,Cessnock,2016,0.6306532663316583,0.4977862295991106,0.4714973781026289,0.4975043182476761,0.37571910825022964,FP,PRE,
RAA-raa_2016_p13_r17,15270,Mid-Western Regional,2016,0.2964824120603015,0.4977862295991106,0.5114621402192585,0.48566907645155305,0.4637470605551287,FP,PRE,
RAA-raa_2016_p13_r22,11720,Cessnock,2016,0.6306532663316583,0.4977862295991106,0.4714973781026289,0.49369527454104006,0.37571910825022964,FP,PRE,
RAA-raa_2016_p13_r23,14350,Kempsey,2016,0.6407035175879396,0.4977862295991106,0.4476529864073012,0.4839645115563296,0.45595224536904566,FP,PRE,
RAA-raa_2016_p13_r23,15270,Mid-Western Regional,2016,0.2964824120603015,0.4977862295991106,0.5114621402192585,0.5006086320638188,0.4637470605551287,FP,PRE,
RAA-raa_2016_p13_r23,17620,Upper Hunter Shire,2016,0.6180904522613064,0.4977862295991106,0.5229373631981192,0.5060044529515627,0.6661404808328841,FP,PRE,
RAA-raa_2016_p13_r23,18020,Warrumbungle Shire,2016,0.4221105527638191,0.4977862295991106,0.49197747934262315,0.5110627683928282,0.45528164803889976,FP,PRE,
RAA-raa_2016_p13_r26,17000,Singleton,2016,0.1557788944723618,0.4977862295991106,0.5087653454555616,0.4957812722982328,0.6021166496585062,FP,PRE,
1052,10470,Bathurst Regional,2022,0.7814070351758794,0.4881141958271251,0.4800293094576421,0.4813747745557099,0.46169844602326415,FP,PRE+FIRE,
1052,10950,Bogan,2022,0.5603015075376885,0.4881141958271251,0.5174061103930432,0.4812358801207272,0.5495407644889381,FP,PRE+FIRE,
1052,11200,Brewarrina,2022,0.2633592527185106,0.4881141958271251,0.49979083668315716,0.4143682210716011,0.473198009816046,FP,PRE+FIRE,
1052,11400,Cabonne,2022,0.3517587939698492,0.4881141958271251,0.5425053550646707,0.45106287939736855,0.6017255501036404,FP,PRE+FIRE,
1052,12150,Coonamble,2022,0.7624662760523933,0.4881141958271251,0.4811508647683706,0.43448843835819484,0.5341081802984406,FP,PRE+FIRE,
1052,12350,Cowra,2022,0.6984924623115578,0.4881141958271251,0.47976366084442046,0.4698033596733187,0.5442946619706167,FP,PRE+FIRE,
1052,12390,Dubbo Regional,2022,0.2332043156355548,0.4881141958271251,0.49477924197429235,0.47474053700339003,0.5930200790248535,FP,PRE+FIRE,
1052,15270,Mid-Western Regional,2022,0.8542713567839195,0.4881141958271251,0.5376994815177802,0.4969060650527145,0.45795943311170506,FP,PRE+FIRE,
1052,17620,Upper Hunter Shire,2022,0.5603015075376885,0.4881141958271251,0.482562347204679,0.45901777305505514,0.624667688221612,FP,PRE+FIRE,
1052,17900,Walgett,2022,0.6747666354312546,0.4881141958271251,0.501230656393409,0.4714981138527674,0.5194696741193938,FP,PRE+FIRE,
1052,17950,Warren,2022,0.6005990505807727,0.4881141958271251,0.5429887086933677,0.41071473387372637,0.5698145012638494,FP,PRE+FIRE,
1053,13660,Gwydir,2022,0.4849246231155779,0.4881141958271251,0.4647172501469427,0.47685751923687514,0.42467411806807503,FP,PRE+FIRE,
1053,15750,Narrabri,2022,0.4899497487437186,0.4881141958271251,0.4403566213106755,0.4481549363859554,0.4645528512382914,FP,PRE+FIRE,
1054,13660,Gwydir,2022,0.4849246231155779,0.4881141958271251,0.4551698299787094,0.4059905027248708,0.4251467254328812,FP,PRE+FIRE,
1054,15300,Moree Plains,2022,0.7336683417085428,0.4881141958271251,0.4879283064753933,0.4436388868573079,0.425688577251227,FP,PRE+FIRE,
1054,15750,Narrabri,2022,0.4899497487437186,0.4881141958271251,0.49155907923139674,0.4792149244679028,0.5174126247382613,FP,PRE+FIRE,
1055,10850,Blayney,2022,0.5613022849905264,0.4881141958271251,0.5756291737689406,0.4262230387922107,0.5348528577506052,FP,PRE+FIRE,
1055,11400,Cabonne,2022,0.3517587939698492,0.4881141958271251,0.5406416427676932,0.4515743065613519,0.5744132923086631,FP,PRE+FIRE,
1055,12350,Cowra,2022,0.6984924623115578,0.4881141958271251,0.47638433411609526,0.47094013680941477,0.5303642735282125,FP,PRE+FIRE,
1055,14920,Liverpool Plains,2022,0.0678391959798995,0.4881141958271251,0.43294098769108835,0.4752686311155365,0.476867072952396,FP,PRE+FIRE,
1055,17620,Upper Hunter Shire,2022,0.5603015075376885,0.4881141958271251,0.47967829645583276,0.45962111664169064,0.5954121237023379,FP,PRE+FIRE,
1056,11750,Cobar,2022,0.6642903297223824,0.4881141958271251,0.46042365234543936,0.47438423839940136,0.5130457035793456,FP,PRE+FIRE,
1056,17640,Upper Lachlan Shire,2022,0.5348642224956751,0.4881141958271251,0.5879927702293647,0.48579080865121826,0.5128450444832099,FP,PRE+FIRE,
1065,12160,Cootamundra-Gundagai Regional,2022,0.3127529296070516,0.4881141958271251,0.4589652872448691,0.4697450923109952,0.5044396817169862,FP,PRE+FIRE,
1066,17640,Upper Lachlan Shire,2022,0.5348642224956751,0.4881141958271251,0.536112760192603,0.4698492612312522,0.5426361334931107,FP,PRE+FIRE,
1066,18710,Yass Valley,2022,0.7537688442211055,0.4881141958271251,0.48057199366466924,0.48310006804769356,0.42884349870642974,FP,PRE+FIRE,
1070,10550,Bega Valley,2023,0.0452261306532663,0.5200800209960129,0.5146444658535315,0.5259735895809077,0.5440688150077435,FP,PRE+FIRE,
1071,10180,Armidale Regional,2023,0.100502512562814,0.5200800209960129,0.4542622138207336,0.5131412636478839,0.5057465394166898,FP,PRE+FIRE,
1071,11730,Clarence Valley,2023,0.4045226130653266,0.5200800209960129,0.4913387418927011,0.52789622171723,0.5007125440071347,FP,PRE+FIRE,
1071,14350,Kempsey,2023,0.3015075376884422,0.5200800209960129,0.500920074907816,0.5289920899416728,0.5435516170037537,FP,PRE+FIRE,
1071,15700,Nambucca Valley,2023,0.3391959798994975,0.5200800209960129,0.48068112561879234,0.5111436342405301,0.501251121146019,FP,PRE+FIRE,
1075,11730,Clarence Valley,2023,0.4045226130653266,0.5200800209960129,0.5010858748459047,0.5307787430092455,0.5141898674750884,FP,PRE+FIRE,
1075,14220,Inverell,2023,0.4872790244768926,0.5200800209960129,0.5746938215226844,0.527400418730956,0.5057716678511431,FP,PRE+FIRE,
1075,14550,Kyogle,2023,0.5375030892165746,0.5200800209960129,0.5948777444929103,0.5207316994636634,0.600610426741547,FP,PRE+FIRE,
1075,17400,Tenterfield,2023,0.2627415703002719,0.5200800209960129,0.6237761615676694,0.5394927351374746,0.6567817748938917,FP,PRE+FIRE,
1076,14350,Kempsey,2023,0.3015075376884422,0.5200800209960129,0.5421679495762531,0.5433159834349949,0.5714882894405026,FP,PRE+FIRE,
1076,15240,Mid-Coast,2023,0.3040201005025126,0.5200800209960129,0.4771370085692075,0.5188297480756819,0.479944355304769,FP,PRE+FIRE,
1076,16380,Port Macquarie-Hastings,2023,0.7135678391959799,0.5200800209960129,0.45066635613068534,0.5160212946267788,0.4120444485273845,FP,PRE+FIRE,
1081,17900,Walgett,2023,0.5045376086374496,0.5200800209960129,0.6563262573458255,0.5229629665575298,0.5760233611050524,FP,PRE+FIRE,
1083,15270,Mid-Western Regional,2023,0.1758793969849246,0.5200800209960129,0.5235641892755633,0.5102245990032782,0.45475097149251187,FP,PRE+FIRE,
1084,17040,Snowy Monaro Regional,2023,0.4371859296482412,0.5200800209960129,0.5206371981366549,0.5106123459261669,0.4918302564856648,FP,PRE+FIRE,
1089,15240,Mid-Coast,2023,0.3040201005025126,0.5200800209960129,0.4960858221484668,0.519228712509352,0.49409041193826075,FP,PRE+FIRE,
1090,11720,Cessnock,2023,0.3844221105527638,0.5200800209960129,0.4547723302191491,0.5135845263017447,0.4554259562874094,FP,PRE+FIRE,
1090,12700,Dungog,2023,0.100502512562814,0.5200800209960129,0.5428529078424156,0.5238405070169199,0.4645042949023363,FP,PRE+FIRE,
1090,16400,Port Stephens,2023,0.5477386934673367,0.5200800209960129,0.4522667616992557,0.48507965451279705,0.4790652483669212,FP,PRE+FIRE,
1091,15650,Muswellbrook,2023,0.3233666410948184,0.5200800209960129,0.45188377809808694,0.5195891034170105,0.4957543920059495,FP,PRE+FIRE,
1091,17620,Upper Hunter Shire,2023,0.8618090452261307,0.5200800209960129,0.5268573035076745,0.5077641747930668,0.5291590661493749,FP,PRE+FIRE,
1092,11720,Cessnock,2023,0.3844221105527638,0.5200800209960129,0.4932148557064082,0.5161998588145086,0.4916517197300594,FP,PRE+FIRE,
1093,15750,Narrabri,2023,0.321608040201005,0.5200800209960129,0.5521578259178521,0.5426678479231447,0.520317173399997,FP,PRE+FIRE,
1099,17000,Singleton,2023,0.7437185929648241,0.5200800209960129,0.47845742233224287,0.5126578354496829,0.4184147163118595,FP,PRE+FIRE,
1112,10180,Armidale Regional,2023,0.100502512562814,0.5200800209960129,0.49123019786137206,0.5236579319713792,0.5732923274786818,FP,PRE+FIRE,
1114,14220,Inverell,2023,0.4872790244768926,0.5200800209960129,0.5502959113521643,0.526928358435241,0.5156759656051559,FP,PRE+FIRE,
1114,17400,Tenterfield,2023,0.2627415703002719,0.5200800209960129,0.5146868639512832,0.520654038812938,0.5605103082016852,FP,PRE+FIRE,
1121,11730,Clarence Valley,2023,0.4045226130653266,0.5200800209960129,0.4641030355160811,0.5167620490205842,0.4581382797647277,FP,PRE+FIRE,
1131,17620,Upper Hunter Shire,2023,0.8618090452261307,0.5200800209960129,0.5403941343437342,0.5114074510215127,0.6191646010167897,FP,PRE+FIRE,
1132,17040,Snowy Monaro Regional,2023,0.4371859296482412,0.5200800209960129,0.5231125802260829,0.5120033343571203,0.5046098956120912,FP,PRE+FIRE,
1133,14650,Lake Macquarie,2023,0.5251256281407035,0.5200800209960129,0.4360400067500219,0.5098773371917499,0.420673549311606,FP,PRE+FIRE,
1134,17310,Tamworth Regional,2023,0.5297082878532005,0.5200800209960129,0.5153702470741807,0.5021087823057799,0.6032077764657451,FP,PRE+FIRE,
1135,11350,Byron,2023,0.1909547738693467,0.5200800209960129,0.5427631670248705,0.526014049775716,0.5194554568446719,FP,PRE+FIRE,
1136,14870,Lithgow,2023,0.0351758793969849,0.5200800209960129,0.44971867019457124,0.4830498049173796,0.4200089681164543,FP,PRE+FIRE,
1137,16200,Parkes,2023,0.3492462311557789,0.5200800209960129,0.5491045740783793,0.5028800778537904,0.6000027165503785,FP,PRE+FIRE,
1138,16610,Richmond Valley,2023,0.3802957538718181,0.5200800209960129,0.47462101266745,0.5079886901978383,0.48278482400896866,FP,PRE+FIRE,
1139,15270,Mid-Western Regional,2023,0.1758793969849246,0.5200800209960129,0.4892565551555377,0.48597272514950585,0.4508379517304216,FP,PRE+FIRE,
1140,17000,Singleton,2023,0.7437185929648241,0.5200800209960129,0.46846597013022323,0.4968987908283846,0.43433477768891315,FP,PRE+FIRE,
770,11720,Cessnock,2017,0.4070351758793969,0.5045462886588366,0.43652583463875355,0.5086617653004741,0.45047037324700956,FP,PRE+FIRE,
771,14350,Kempsey,2017,0.3492462311557789,0.5045462886588366,0.4437869164904475,0.5213188995203103,0.5027990256613044,FP,PRE+FIRE,
772,16380,Port Macquarie-Hastings,2017,0.1934673366834171,0.5045462886588366,0.47290691726353606,0.5044907924794547,0.48285457128284665,FP,PRE+FIRE,
776,17400,Tenterfield,2017,0.6698988667723865,0.5045462886588366,0.49115148079348897,0.514720713377382,0.5047520773862302,FP,PRE+FIRE,
792,17000,Singleton,2017,0.5100502512562813,0.5045462886588366,0.5020242990426841,0.46737059621541865,0.4806540395080361,FP,PRE+FIRE,
818,16950,Shoalhaven,2018,0.4723618090452261,0.48734098093043365,0.3928173128388297,0.48348127440697636,0.4113232712362769,FP,PRE+FIRE,
819,11720,Cessnock,2018,0.2261306532663316,0.48734098093043365,0.46404543815543103,0.48003888199273864,0.48777113027502655,FP,PRE+FIRE,
819,16400,Port Stephens,2018,0.4874371859296482,0.48734098093043365,0.43329221063970697,0.506980186192998,0.39512947199447357,FP,PRE+FIRE,
820,10550,Bega Valley,2018,0.585427135678392,0.48734098093043365,0.41807471119860673,0.5023482299016266,0.406475395415516,FP,PRE+FIRE,
820,12750,Eurobodalla,2018,0.4899497487437186,0.48734098093043365,0.4120489133804677,0.4687878023328568,0.43093499759001586,FP,PRE+FIRE,
823,14550,Kyogle,2018,0.7135678391959799,0.48734098093043365,0.47577522594187743,0.4582268255044085,0.49097658816034817,FP,PRE+FIRE,
823,16610,Richmond Valley,2018,0.52731253604086,0.48734098093043365,0.5066527821896268,0.505097941672627,0.49833073180567966,FP,PRE+FIRE,
824,11730,Clarence Valley,2018,0.4246231155778894,0.48734098093043365,0.44697774532168044,0.5033322714118557,0.43224185511857466,FP,PRE+FIRE,
824,13010,Glen Innes Severn,2018,0.4673366834170854,0.48734098093043365,0.4301621482558606,0.47795559979501523,0.44313224422105846,FP,PRE+FIRE,
841,17310,Tamworth Regional,2018,0.5843816289438998,0.48734098093043365,0.5139880026275417,0.4695762312279248,0.5676589093020094,FP,PRE+FIRE,
842,11720,Cessnock,2018,0.2261306532663316,0.48734098093043365,0.3974896366044495,0.4604070248197942,0.45999660249844376,FP,PRE+FIRE,
842,16400,Port Stephens,2018,0.4874371859296482,0.48734098093043365,0.43451789607323016,0.4997929928005227,0.3835233192889209,FP,PRE+FIRE,
843,10180,Armidale Regional,2018,0.6557788944723618,0.48734098093043365,0.4582048792335003,0.41669641103684874,0.45075397117563293,FP,PRE+FIRE,
843,14220,Inverell,2018,0.4422464525496334,0.48734098093043365,0.6244009964244877,0.49999668231014627,0.5209734142366528,FP,PRE+FIRE,
843,17400,Tenterfield,2018,0.8335769845642146,0.48734098093043365,0.47155639103976676,0.5063006691013155,0.45016884717128086,FP,PRE+FIRE,
847,10180,Armidale Regional,2018,0.6557788944723618,0.48734098093043365,0.4499280671048468,0.48180258878226656,0.4490589273215887,FP,PRE+FIRE,
851,13010,Glen Innes Severn,2018,0.4673366834170854,0.48734098093043365,0.4323836097318231,0.48910977451607945,0.43106001210318606,FP,PRE+FIRE,
853,11400,Cabonne,2018,0.7185929648241206,0.48734098093043365,0.4776239675361089,0.45654761700830326,0.45833704905590017,FP,PRE+FIRE,
853,16200,Parkes,2018,0.7964824120603016,0.48734098093043365,0.4624148246213311,0.481042245370795,0.49603107619429687,FP,PRE+FIRE,
855,17310,Tamworth Regional,2018,0.5843816289438998,0.48734098093043365,0.5107661064260667,0.4765669106042598,0.5724205105553669,FP,PRE+FIRE,
860,17080,Snowy Valleys,2018,0.592964824120603,0.48734098093043365,0.4051478156598964,0.4896827293253375,0.38999206928253305,FP,PRE+FIRE,
862,17310,Tamworth Regional,2018,0.5843816289438998,0.48734098093043365,0.4945751903426548,0.4489168526223322,0.550295459503274,FP,PRE+FIRE,
862,17620,Upper Hunter Shire,2018,0.7537688442211055,0.48734098093043365,0.5517984091762557,0.4299012343242128,0.5994829792582315,FP,PRE+FIRE,
864,17400,Tenterfield,2018,0.8335769845642146,0.48734098093043365,0.428334583811779,0.4894831613817491,0.41670684181792245,FP,PRE+FIRE,
866,15900,Newcastle,2018,0.4205140284757118,0.48734098093043365,0.47532635158548914,0.4843951889753078,0.47045023504191086,FP,PRE+FIRE,
867,15650,Muswellbrook,2018,0.2655635374618996,0.48734098093043365,0.4630210856809051,0.44620421892461126,0.5058818128687766,FP,PRE+FIRE,
867,17000,Singleton,2018,0.3886462924252409,0.48734098093043365,0.45411392803103795,0.4149538504299721,0.48344874956378947,FP,PRE+FIRE,
871,10180,Armidale Regional,2019,0.3015432567550869,0.46555856114613503,0.4648444218182247,0.41484145255570465,0.445922673701023,FP,PRE+FIRE,
871,10250,Ballina,2019,0.6005025125628141,0.46555856114613503,0.48601739008821826,0.4443906036773635,0.45448026313996215,FP,PRE+FIRE,
871,10550,Bega Valley,2019,0.78577859842244,0.46555856114613503,0.37867307291051255,0.40631007606558295,0.35657620420790165,FP,PRE+FIRE,
871,10600,Bellingen,2019,0.5251256281407035,0.46555856114613503,0.4098528613679382,0.42416084552804395,0.40996023846894186,FP,PRE+FIRE,
871,10900,Blue Mountains,2019,0.3475050071051981,0.46555856114613503,0.378572374007355,0.4082083673976216,0.40662741928721163,FP,PRE+FIRE,
871,11350,Byron,2019,0.5879396984924623,0.46555856114613503,0.4807215562836441,0.43574971903041165,0.466692474977339,FP,PRE+FIRE,
871,11650,Central Coast (NSW),2019,0.5101139663481341,0.46555856114613503,0.445767939442311,0.4194867711416497,0.41972748346538485,FP,PRE+FIRE,
871,11720,Cessnock,2019,0.5125628140703518,0.46555856114613503,0.4079328178870326,0.41338710337883267,0.4430888945130018,FP,PRE+FIRE,
871,11730,Clarence Valley,2019,0.6103637102005931,0.46555856114613503,0.40964583280424366,0.40739332481312956,0.40117250107009184,FP,PRE+FIRE,
871,11800,Coffs Harbour,2019,0.5402010050251256,0.46555856114613503,0.4374116212809299,0.4364636429166777,0.40036413683502575,FP,PRE+FIRE,
871,12160,Cootamundra-Gundagai Regional,2019,0.6921064724235935,0.46555856114613503,0.49818595506052754,0.45619673464162214,0.46534693837175733,FP,PRE+FIRE,
871,12700,Dungog,2019,0.6783919597989949,0.46555856114613503,0.45617329003580737,0.43582953023362325,0.40321626618756007,FP,PRE+FIRE,
871,12750,Eurobodalla,2019,0.5411850492215174,0.46555856114613503,0.36248538023802424,0.4027906272813337,0.3714506453687618,FP,PRE+FIRE,
871,13010,Glen Innes Severn,2019,0.5971677676291293,0.46555856114613503,0.4390773911620283,0.41359646031740066,0.44066266157846906,FP,PRE+FIRE,
871,13310,Goulburn Mulwaree,2019,0.6080402010050252,0.46555856114613503,0.4543843467704171,0.43817723943432213,0.4620892504793246,FP,PRE+FIRE,
871,13340,Greater Hume Shire,2019,0.9195979899497488,0.46555856114613503,0.4830371108536394,0.43223064417755175,0.4294437393465017,FP,PRE+FIRE,
871,13660,Gwydir,2019,0.4070351758793969,0.46555856114613503,0.4392887839555988,0.45828672898690964,0.42470587634448054,FP,PRE+FIRE,
871,13800,Hawkesbury,2019,0.535175879396985,0.46555856114613503,0.41481975060225484,0.40323450562545915,0.43692444712983597,FP,PRE+FIRE,
871,14220,Inverell,2019,0.5135462146799571,0.46555856114613503,0.5162071134996233,0.450156012209235,0.46990415575586025,FP,PRE+FIRE,
871,14350,Kempsey,2019,0.693011838135349,0.46555856114613503,0.38916631542660185,0.4082302053847429,0.4205030592631634,FP,PRE+FIRE,
871,14500,Ku-ring-gai,2019,0.5653266331658292,0.46555856114613503,0.4623540800264255,0.4957411154582107,0.4571912284390188,FP,PRE+FIRE,
871,14550,Kyogle,2019,0.7185929648241206,0.46555856114613503,0.460228961604245,0.4313502237811812,0.4792095786472796,FP,PRE+FIRE,
871,14650,Lake Macquarie,2019,0.3266331658291457,0.46555856114613503,0.4388797895117055,0.46274474426858053,0.4588502491715331,FP,PRE+FIRE,
871,14850,Lismore,2019,0.3561055791251338,0.46555856114613503,0.48260416158969943,0.44159797506962045,0.4312144920678648,FP,PRE+FIRE,
871,14870,Lithgow,2019,0.7386934673366834,0.46555856114613503,0.4090974053935684,0.4070740064056521,0.39601917888686966,FP,PRE+FIRE,
871,15240,Mid-Coast,2019,0.5495614921430926,0.46555856114613503,0.4503975094779569,0.4174550096474991,0.43851460963723615,FP,PRE+FIRE,
871,15270,Mid-Western Regional,2019,0.6130653266331658,0.46555856114613503,0.43883157532797407,0.4273032967959075,0.4184424722794842,FP,PRE+FIRE,
871,15650,Muswellbrook,2019,0.4175665082585056,0.46555856114613503,0.4244902100639289,0.4147535200523114,0.42249626160599335,FP,PRE+FIRE,
871,15700,Nambucca Valley,2019,0.3994974874371859,0.46555856114613503,0.40939860758032665,0.4157529157348042,0.4323343829712762,FP,PRE+FIRE,
871,15750,Narrabri,2019,0.7638190954773869,0.46555856114613503,0.46553481379209494,0.4514023511423879,0.4631139906482107,FP,PRE+FIRE,
871,16100,Oberon,2019,0.5301507537688442,0.46555856114613503,0.4493995220855803,0.4182731923213118,0.43661338921117543,FP,PRE+FIRE,
871,16350,Penrith,2019,0.4642426399415108,0.46555856114613503,0.5052998464876179,0.48934545951998665,0.5272489583356249,FP,PRE+FIRE,
871,16380,Port Macquarie-Hastings,2019,0.2864321608040201,0.46555856114613503,0.41356289621225056,0.4103034390647019,0.4120985559926951,FP,PRE+FIRE,
871,16490,Queanbeyan-Palerang Regional,2019,0.864321608040201,0.46555856114613503,0.4258874831699353,0.41667041777946334,0.3716162330711811,FP,PRE+FIRE,
871,16610,Richmond Valley,2019,0.4424934289789109,0.46555856114613503,0.4553376262161531,0.40899687950566405,0.44686226573126064,FP,PRE+FIRE,
871,16950,Shoalhaven,2019,0.394995597866381,0.46555856114613503,0.40183497388341544,0.40380631232105124,0.39046924352869794,FP,PRE+FIRE,
871,17000,Singleton,2019,0.829145728643216,0.46555856114613503,0.4217572987801673,0.41095197072056794,0.43076966241953507,FP,PRE+FIRE,
871,17040,Snowy Monaro Regional,2019,0.6432160804020101,0.46555856114613503,0.4242833911580198,0.42353594845138803,0.36886458985508164,FP,PRE+FIRE,
871,17080,Snowy Valleys,2019,0.81460871210561,0.46555856114613503,0.42502609684477716,0.4084929977150343,0.37240305643336064,FP,PRE+FIRE,
871,17150,Sutherland Shire,2019,0.3241206030150754,0.46555856114613503,0.4484741582013057,0.5000286299257166,0.4391255473889881,FP,PRE+FIRE,
871,17310,Tamworth Regional,2019,0.4456272139385452,0.46555856114613503,0.5065215648897088,0.43393472806765654,0.5359359957854326,FP,PRE+FIRE,
871,17400,Tenterfield,2019,0.7875326942087486,0.46555856114613503,0.406634571734572,0.41302728999434146,0.48023754789211354,FP,PRE+FIRE,
871,17550,Tweed,2019,0.4748743718592965,0.46555856114613503,0.5036696973889178,0.45130035678121716,0.46891085619637507,FP,PRE+FIRE,
871,17620,Upper Hunter Shire,2019,0.4748743718592965,0.46555856114613503,0.48363016610613224,0.44091252908930934,0.5551130371164897,FP,PRE+FIRE,
871,17640,Upper Lachlan Shire,2019,0.5595481892042178,0.46555856114613503,0.5042042600233044,0.4381496523738646,0.4700153301017693,FP,PRE+FIRE,
871,17650,Uralla,2019,0.9396984924623116,0.46555856114613503,0.4685868717081269,0.44339066241127756,0.4349017372898017,FP,PRE+FIRE,
871,17750,Wagga Wagga,2019,0.3366834170854271,0.46555856114613503,0.4891353797775924,0.44494639824923726,0.4700038324526215,FP,PRE+FIRE,
871,17850,Walcha,2019,0.8522170277617596,0.46555856114613503,0.47033187350934746,0.4106606439202277,0.4426081018007026,FP,PRE+FIRE,
871,18350,Wingecarribee,2019,0.4960847397849905,0.46555856114613503,0.43165108930190654,0.4161171942598932,0.43422580398598387,FP,PRE+FIRE,
871,18400,Wollondilly,2019,0.7824428881085757,0.46555856114613503,0.37942700322040623,0.40551170962864,0.4137170947577056,FP,PRE+FIRE,
880,11730,Clarence Valley,2019,0.6103637102005931,0.46555856114613503,0.4130646456513119,0.4280727398679112,0.4034021219369225,FP,PRE+FIRE,
880,14350,Kempsey,2019,0.693011838135349,0.46555856114613503,0.3957210322859456,0.4395721759737032,0.42631301202806854,FP,PRE+FIRE,
880,14550,Kyogle,2019,0.7185929648241206,0.46555856114613503,0.4752740801578031,0.47020752342010375,0.48893135813081834,FP,PRE+FIRE,
880,15240,Mid-Coast,2019,0.5495614921430926,0.46555856114613503,0.46120294769163916,0.4648109512316381,0.40287227070613957,FP,PRE+FIRE,
880,15700,Nambucca Valley,2019,0.3994974874371859,0.46555856114613503,0.4476353704190252,0.5264681297464412,0.43847791812014236,FP,PRE+FIRE,
880,16380,Port Macquarie-Hastings,2019,0.2864321608040201,0.46555856114613503,0.45576002627102474,0.45668427697288494,0.3901539166968174,FP,PRE+FIRE,
880,16610,Richmond Valley,2019,0.4424934289789109,0.46555856114613503,0.4541784453488236,0.4415165723630074,0.44973739834200593,FP,PRE+FIRE,
NSW1718-05,12700,Dungog,2017,0.1130653266331658,0.5045462886588366,0.5287981300257902,0.5027052145389963,0.4718743221460312,FP,PRE+FIRE,
NSW1718-05,16380,Port Macquarie-Hastings,2017,0.1934673366834171,0.5045462886588366,0.47538553555137053,0.5055059151176109,0.4953232768310517,FP,PRE+FIRE,
NSW1718-05,17620,Upper Hunter Shire,2017,0.7386934673366834,0.5045462886588366,0.5400388770084424,0.472586848084567,0.6120559552355777,FP,PRE+FIRE,
NSW1718-06,14350,Kempsey,2017,0.3492462311557789,0.5045462886588366,0.36968178223003745,0.5071555440581509,0.41409444664911854,FP,PRE+FIRE,
NSW1718-06,16380,Port Macquarie-Hastings,2017,0.1934673366834171,0.5045462886588366,0.43929344230162165,0.5163866095225523,0.47293864786972406,FP,PRE+FIRE,
NSW1718-08,17310,Tamworth Regional,2017,0.6582914572864321,0.5045462886588366,0.5222915839607251,0.4954647225915234,0.5353840117448577,FP,PRE+FIRE,
NSW1718-09,13660,Gwydir,2017,0.5865656407035176,0.5045462886588366,0.5083656829730091,0.4963935105577,0.44056495801991713,FP,PRE+FIRE,
NSW1718-09,17310,Tamworth Regional,2017,0.6582914572864321,0.5045462886588366,0.5269848004510705,0.514844824054491,0.5381332446904982,FP,PRE+FIRE,
NSW1718-09,17650,Uralla,2017,0.5,0.5045462886588366,0.5050980119771434,0.49864182705059057,0.5150351927317193,FP,PRE+FIRE,
NSW1718-10,16400,Port Stephens,2017,0.5050251256281407,0.5045462886588366,0.47410101554775225,0.5207237196728001,0.46428930275847835,FP,PRE+FIRE,
NSW1718-11,11720,Cessnock,2017,0.4070351758793969,0.5045462886588366,0.4007880662960695,0.47216790752762583,0.4214812548865914,FP,PRE+FIRE,
NSW1718-11,15650,Muswellbrook,2017,0.7215233763592553,0.5045462886588366,0.40501437102658644,0.4590955523524751,0.3662161845705555,FP,PRE+FIRE,
NSW1718-11,17000,Singleton,2017,0.5100502512562813,0.5045462886588366,0.5016187000606851,0.5243993976267692,0.525018621912949,FP,PRE+FIRE,
NSW1718-12,15750,Narrabri,2017,0.5804020100502513,0.5045462886588366,0.4372430666698874,0.5216055599644488,0.4812117466165272,FP,PRE+FIRE,
NSW1718-12,18020,Warrumbungle Shire,2017,0.3668341708542714,0.5045462886588366,0.40069031727991367,0.5142789009634212,0.42843305935360815,FP,PRE+FIRE,
NSW1718-13,17640,Upper Lachlan Shire,2017,0.4248615644822473,0.5045462886588366,0.557015099024521,0.4973867146905859,0.5254612580936816,FP,PRE+FIRE,
NSW1718-14,17150,Sutherland Shire,2017,0.2638190954773869,0.5045462886588366,0.45648904029395315,0.5299146378721601,0.5188643455348995,FP,PRE+FIRE,
NSW1718-15,17620,Upper Hunter Shire,2017,0.7386934673366834,0.5045462886588366,0.5490457370706573,0.4959251904016588,0.6201248513266404,FP,PRE+FIRE,
NSW1718-16,15270,Mid-Western Regional,2017,0.4497487437185929,0.5045462886588366,0.4611324988593204,0.4826610460263884,0.42008604729742255,FP,PRE+FIRE,
NSW1718-16,15650,Muswellbrook,2017,0.7215233763592553,0.5045462886588366,0.4523178557530431,0.4879567633480991,0.39353067038903544,FP,PRE+FIRE,
NSW1718-17,10470,Bathurst Regional,2017,0.3944723618090452,0.5045462886588366,0.437893912124838,0.48027181350800374,0.4918490270124983,FP,PRE+FIRE,
NSW1718-17,11400,Cabonne,2017,0.3165829145728643,0.5045462886588366,0.6160706864934141,0.5004244597563388,0.5679521145367978,FP,PRE+FIRE,
NSW1718-18,14870,Lithgow,2017,0.1884422110552763,0.5045462886588366,0.4392313576978243,0.47852560974396596,0.404353329878252,FP,PRE+FIRE,
NSW1718-19,13660,Gwydir,2017,0.5865656407035176,0.5045462886588366,0.508393457896734,0.49639577958363323,0.4417703935363562,FP,PRE+FIRE,
NSW1718-19,15750,Narrabri,2017,0.5804020100502513,0.5045462886588366,0.47959553214650014,0.4870276171154959,0.47420092966586014,FP,PRE+FIRE,
NSW1718-20,10550,Bega Valley,2017,0.3944723618090452,0.5045462886588366,0.48498112853476627,0.4924421287922382,0.42583332980566785,FP,PRE+FIRE,
NSW1718-21,14900,Liverpool,2017,0.2185929648241206,0.5045462886588366,0.4718300345888655,0.5311803716453035,0.4607127689216079,FP,PRE+FIRE,
NSW1718-21,17150,Sutherland Shire,2017,0.2638190954773869,0.5045462886588366,0.47563124639577514,0.526954082365004,0.5201582754626201,FP,PRE+FIRE,
RAA-raa_2015_p15_r01,15750,Narrabri,2014,0.1934673366834171,0.4965397404742567,0.4961664784521547,0.4715491542069781,0.5534723985428364,FP,PRE+FIRE,
RAA-raa_2015_p15_r05,10900,Blue Mountains,2015,0.3894472361809045,0.49637623972327616,0.3897383910204448,0.49275939783787803,0.4027709339812871,FP,PRE+FIRE,
RAA-raa_2015_p15_r09,16950,Shoalhaven,2015,0.3994974874371859,0.49637623972327616,0.36384283148811425,0.42878236322736957,0.38455724944527553,FP,PRE+FIRE,
RAA-raa_2015_p15_r11,13800,Hawkesbury,2015,0.4296482412060302,0.49637623972327616,0.4685913556548143,0.5047487493253123,0.4602681568502969,FP,PRE+FIRE,
RAA-raa_2016_p13_r06,14350,Kempsey,2016,0.6407035175879396,0.4977862295991106,0.47013130158703803,0.5046477645112154,0.43366628916946476,FP,PRE+FIRE,
RAA-raa_2016_p13_r07,17400,Tenterfield,2016,0.3985694352912101,0.4977862295991106,0.5250136819704148,0.5017823055242016,0.5375589759405661,FP,PRE+FIRE,
RAA-raa_2016_p13_r08,11720,Cessnock,2016,0.6306532663316583,0.4977862295991106,0.3696100752708774,0.49709065143550785,0.36878325650480276,FP,PRE+FIRE,
RAA-raa_2016_p13_r08,12700,Dungog,2016,0.4020100502512563,0.4977862295991106,0.4935180759790081,0.48755437966597653,0.4460719436145804,FP,PRE+FIRE,
RAA-raa_2016_p13_r08,16400,Port Stephens,2016,0.3592964824120603,0.4977862295991106,0.5133355707228155,0.518652905168534,0.5063409963417353,FP,PRE+FIRE,
RAA-raa_2016_p13_r12,16350,Penrith,2016,0.2956959490073317,0.4977862295991106,0.5065331582651484,0.49835942526758414,0.5346970857943764,FP,PRE+FIRE,
RAA-raa_2016_p13_r16,11720,Cessnock,2016,0.6306532663316583,0.4977862295991106,0.37387447077053954,0.4975043182476761,0.3556515364404659,FP,PRE+FIRE,
RAA-raa_2016_p13_r17,15270,Mid-Western Regional,2016,0.2964824120603015,0.4977862295991106,0.4868468625048414,0.48566907645155305,0.48247235586672155,FP,PRE+FIRE,
RAA-raa_2016_p13_r22,11720,Cessnock,2016,0.6306532663316583,0.4977862295991106,0.309164153394781,0.49369527454104006,0.3779662860272637,FP,PRE+FIRE,
RAA-raa_2016_p13_r23,14350,Kempsey,2016,0.6407035175879396,0.4977862295991106,0.41910809089514545,0.4839645115563296,0.4111624081019058,FP,PRE+FIRE,
RAA-raa_2016_p13_r23,15270,Mid-Western Regional,2016,0.2964824120603015,0.4977862295991106,0.5538714153080871,0.5006086320638188,0.5038060969359134,FP,PRE+FIRE,
RAA-raa_2016_p13_r23,17620,Upper Hunter Shire,2016,0.6180904522613064,0.4977862295991106,0.5781453548344281,0.5060044529515627,0.5871753004342773,FP,PRE+FIRE,
RAA-raa_2016_p13_r23,18020,Warrumbungle Shire,2016,0.4221105527638191,0.4977862295991106,0.5542583991130492,0.5110627683928282,0.5151424748190238,FP,PRE+FIRE,
RAA-raa_2016_p13_r26,17000,Singleton,2016,0.1557788944723618,0.4977862295991106,0.5796329654754502,0.4957812722982328,0.5609942064961351,FP,PRE+FIRE,
1052,10470,Bathurst Regional,2022,0.0838529856386999,0.5107647828614471,0.5973551371763658,0.5136429243492946,0.547680212138583,SL,PRE,
1052,10950,Bogan,2022,0.4583333333333333,0.5107647828614471,0.609576805342434,0.5137225241052272,0.574026098170384,SL,PRE,
1052,11200,Brewarrina,2022,0.4537037037037037,0.5107647828614471,0.5295023901636233,0.5520440691028295,0.5589121300693535,SL,PRE,
1052,11400,Cabonne,2022,0.8454979213907785,0.5107647828614471,0.6107541267700709,0.5310145307550098,0.6305234051791153,SL,PRE,
1052,12150,Coonamble,2022,0.2051681783824641,0.5107647828614471,0.5049201513328165,0.5405132659750683,0.5208453134708505,SL,PRE,
1052,12350,Cowra,2022,0.1809571050642479,0.5107647828614471,0.49283765468828417,0.5202744485032311,0.5218063921375863,SL,PRE,
1052,12390,Dubbo Regional,2022,0.2738567649281935,0.5107647828614471,0.6046013265988823,0.5174449750940234,0.5792060909651541,SL,PRE,
1052,15270,Mid-Western Regional,2022,0.04724111866969,0.5107647828614471,0.5084896360805112,0.5047420138625893,0.40710437673100275,SL,PRE,
1052,17620,Upper Hunter Shire,2022,0.6412037037037037,0.5107647828614471,0.5837278976899304,0.5264556181268555,0.7286450735591039,SL,PRE,
1052,17900,Walgett,2022,0.7222694633408919,0.5107647828614471,0.4842751684330956,0.5193031927501338,0.5069584401227366,SL,PRE,
1052,17950,Warren,2022,0.9555461073318215,0.5107647828614471,0.5799869127372173,0.5541378656562376,0.5568443003390772,SL,PRE,
1053,13660,Gwydir,2022,0.5548469387755102,0.5107647828614471,0.5034554854704347,0.5162317424031643,0.5858358107935948,SL,PRE,
1053,15750,Narrabri,2022,0.2448979591836734,0.5107647828614471,0.5445935459722594,0.5326810593960148,0.6571912086479363,SL,PRE,
1054,13660,Gwydir,2022,0.5525321239606954,0.5107647828614471,0.5034554854704347,0.5568453005974987,0.5858358107935948,SL,PRE,
1054,15300,Moree Plains,2022,0.298327664399093,0.5107647828614471,0.5649523625475844,0.5352691864171256,0.535106686284229,SL,PRE,
1054,15750,Narrabri,2022,0.2472127739984883,0.5107647828614471,0.5445935459722594,0.5148807244084707,0.6571912086479363,SL,PRE,
1055,10850,Blayney,2022,0.4500188964474679,0.5107647828614471,0.6358771254957264,0.545250128097882,0.5896982342432854,SL,PRE,
1055,11400,Cabonne,2022,0.8454979213907785,0.5107647828614471,0.6107541267700709,0.5307214342214047,0.6305234051791153,SL,PRE,
1055,12350,Cowra,2022,0.1809571050642479,0.5107647828614471,0.49283765468828417,0.5196229668035182,0.5218063921375863,SL,PRE,
1055,14920,Liverpool Plains,2022,0.080640589569161,0.5107647828614471,0.493678022545217,0.517142326809795,0.48096304977440724,SL,PRE,
1055,17620,Upper Hunter Shire,2022,0.5578703703703703,0.5107647828614471,0.5837278976899304,0.5261098447181096,0.7286450735591039,SL,PRE,
1056,11750,Cobar,2022,0.4662226001511716,0.5107647828614471,0.6524182681290988,0.517649168170011,0.5844922009510325,SL,PRE,
1056,17640,Upper Lachlan Shire,2022,0.3413643235071806,0.5107647828614471,0.5788464366934168,0.5111121157086385,0.5297405386217356,SL,PRE,
1065,12160,Cootamundra-Gundagai Regional,2022,0.4469954648526076,0.5107647828614471,0.5926266669002309,0.5203078412580984,0.5351823916235868,SL,PRE,
1066,17640,Upper Lachlan Shire,2022,0.3691421012849584,0.5107647828614471,0.5788464366934168,0.5202481425334571,0.5297405386217356,SL,PRE,
1066,18710,Yass Valley,2022,0.3124055177626606,0.5107647828614471,0.679724640589296,0.5126541666579485,0.5511962501064706,SL,PRE,
1070,10550,Bega Valley,2023,0.4304610733182161,0.5172688597043756,0.49429769515478356,0.5129763084320061,0.5551528461790824,SL,PRE,
1071,10180,Armidale Regional,2023,0.3160903250188964,0.5172688597043756,0.5247260058031874,0.520735025362262,0.5109446050159226,SL,PRE,
1071,11730,Clarence Valley,2023,0.4160525321239607,0.5172688597043756,0.47918050535957635,0.5118138411922715,0.43948859731139467,SL,PRE,
1071,14350,Kempsey,2023,0.322562358276644,0.5172688597043756,0.4582176693815644,0.5111512542699402,0.44800330831167695,SL,PRE,
1071,15700,Nambucca Valley,2023,0.0488945578231292,0.5172688597043756,0.46581762926180853,0.5219428376625502,0.5008783916663487,SL,PRE,
1075,11730,Clarence Valley,2023,0.4878117913832199,0.5172688597043756,0.47918050535957635,0.5100710030764917,0.43948859731139467,SL,PRE,
1075,14220,Inverell,2023,0.2401738473167044,0.5172688597043756,0.5062767063566389,0.5121136149857173,0.5303461605801271,SL,PRE,
1075,14550,Kyogle,2023,0.4284769463340891,0.5172688597043756,0.47260431610043563,0.5161456747504333,0.3876266664504764,SL,PRE,
1075,17400,Tenterfield,2023,0.1636904761904762,0.5172688597043756,0.46838948022834825,0.5048023246928312,0.4006805829684615,SL,PRE,
1076,14350,Kempsey,2023,0.4277683295540438,0.5172688597043756,0.4582176693815644,0.5024907015740477,0.44800330831167695,SL,PRE,
1076,15240,Mid-Coast,2023,0.3205546107331821,0.5172688597043756,0.48868891291465827,0.5172956379380482,0.4614578844313546,SL,PRE,
1076,16380,Port Macquarie-Hastings,2023,0.2771164021164021,0.5172688597043756,0.5201183228491306,0.5189936929465923,0.6024504662668715,SL,PRE,
1081,17900,Walgett,2023,0.3725907029478458,0.5172688597043756,0.4820271170308217,0.5147965997762267,0.4514784672561714,SL,PRE,
1083,15270,Mid-Western Regional,2023,0.2176398337112622,0.5172688597043756,0.513242035943702,0.5224985073277367,0.43656546652536316,SL,PRE,
1084,17040,Snowy Monaro Regional,2023,0.3164918745275888,0.5172688597043756,0.5485156960049663,0.5222640666946845,0.504645829845006,SL,PRE,
1089,15240,Mid-Coast,2023,0.3205546107331821,0.5172688597043756,0.48868891291465827,0.5170544149421361,0.4614578844313546,SL,PRE,
1090,11720,Cessnock,2023,0.5628779289493575,0.5172688597043756,0.49626923279262064,0.5204670186520982,0.3441625837357586,SL,PRE,
1090,12700,Dungog,2023,0.5829081632653061,0.5172688597043756,0.5256605235932658,0.5142660188001207,0.59210184235522,SL,PRE,
1090,16400,Port Stephens,2023,0.5046296296296297,0.5172688597043756,0.5265289875387645,0.5377017142558411,0.5173629306182127,SL,PRE,
1091,15650,Muswellbrook,2023,0.4375944822373394,0.5172688597043756,0.5124692941751073,0.5168365143798098,0.6440280841541369,SL,PRE,
1091,17620,Upper Hunter Shire,2023,0.857615268329554,0.5172688597043756,0.5505998836210357,0.5239861359209486,0.6764091435649601,SL,PRE,
1092,11720,Cessnock,2023,0.6345112118921643,0.5172688597043756,0.49626923279262064,0.5188857289661177,0.3441625837357586,SL,PRE,
1093,15750,Narrabri,2023,0.3227985638699924,0.5172688597043756,0.5164201265385495,0.5028825790867557,0.6203994660027107,SL,PRE,
1099,17000,Singleton,2023,0.8090513983371126,0.5172688597043756,0.5582512673604583,0.5210273170766029,0.5552253264817522,SL,PRE,
1112,10180,Armidale Regional,2023,0.3982426303854875,0.5172688597043756,0.5247260058031874,0.5143764078367047,0.5109446050159226,SL,PRE,
1114,14220,Inverell,2023,0.2864701436130007,0.5172688597043756,0.5062767063566389,0.5123990334069436,0.5303461605801271,SL,PRE,
1114,17400,Tenterfield,2023,0.3072089947089947,0.5172688597043756,0.46838948022834825,0.5161926301510943,0.4006805829684615,SL,PRE,
1121,11730,Clarence Valley,2023,0.4836545729402872,0.5172688597043756,0.47918050535957635,0.5185458159454643,0.43948859731139467,SL,PRE,
1131,17620,Upper Hunter Shire,2023,0.8233654572940288,0.5172688597043756,0.5505998836210357,0.5217833280198105,0.6764091435649601,SL,PRE,
1132,17040,Snowy Monaro Regional,2023,0.3164918745275888,0.5172688597043756,0.5485156960049663,0.5214230433645917,0.504645829845006,SL,PRE,
1133,14650,Lake Macquarie,2023,0.4870559334845049,0.5172688597043756,0.5439280791987661,0.5227084697391031,0.5144738715805134,SL,PRE,
1134,17310,Tamworth Regional,2023,0.5698223733938019,0.5172688597043756,0.5318128462239669,0.5274055152031901,0.5609495640175886,SL,PRE,
1135,11350,Byron,2023,0.2330876795162509,0.5172688597043756,0.4971626723710445,0.5129518452754358,0.5505674259614987,SL,PRE,
1136,14870,Lithgow,2023,0.4206821617535903,0.5172688597043756,0.4904288107629346,0.5389290076166892,0.591574021633673,SL,PRE,
1137,16200,Parkes,2023,0.3505291005291006,0.5172688597043756,0.5165551691971348,0.5269391723236675,0.5067546500614163,SL,PRE,
1138,16610,Richmond Valley,2023,0.1879724111866969,0.5172688597043756,0.47958473511526,0.5238503887866257,0.46398659411642845,SL,PRE,
1139,15270,Mid-Western Regional,2023,0.2106953892668178,0.5172688597043756,0.513242035943702,0.5371617433803263,0.43656546652536316,SL,PRE,
1140,17000,Singleton,2023,0.8808106575963719,0.5172688597043756,0.5582512673604583,0.5305555948764417,0.5552253264817522,SL,PRE,
1156,17400,Tenterfield,2024,0.4075963718820862,0.4957840986239414,0.4266924539437374,0.49911821553351904,0.35365200871587416,SL,PRE,
1189,15650,Muswellbrook,2024,0.5088813303099018,0.4957840986239414,0.4961447025714286,0.4946122570157712,0.6294550320113181,SL,PRE,
1189,17000,Singleton,2024,0.7958947467876039,0.4957840986239414,0.5818423955393862,0.49721973142887355,0.5732543513106032,SL,PRE,
1190,18710,Yass Valley,2024,0.5522959183673469,0.4957840986239414,0.6208034347581133,0.5097029032354815,0.5012966258799362,SL,PRE,
1191,17000,Singleton,2024,0.7958947467876039,0.4957840986239414,0.5818423955393862,0.49736380983063766,0.5732543513106032,SL,PRE,
1192,17310,Tamworth Regional,2024,0.7891156462585034,0.4957840986239414,0.5062563564392173,0.4983499067576925,0.5330128159346749,SL,PRE,
1192,17650,Uralla,2024,0.360969387755102,0.4957840986239414,0.5249600738734866,0.5005474525674819,0.47533709196824553,SL,PRE,
1193,10470,Bathurst Regional,2024,0.3921957671957672,0.4957840986239414,0.5507445836690352,0.5011224627741081,0.4743693617898032,SL,PRE,
1193,14870,Lithgow,2024,0.5320767195767196,0.4957840986239414,0.462847708483397,0.4960009605422076,0.5438376605729262,SL,PRE,
1196,15270,Mid-Western Regional,2024,0.2757936507936508,0.4957840986239414,0.49683684434690156,0.5119903405962937,0.377433762199855,SL,PRE,
1197,13800,Hawkesbury,2024,0.389786470143613,0.4957840986239414,0.529993549457097,0.5016685791952644,0.4314079029171483,SL,PRE,
1199,13660,Gwydir,2024,0.6521636432350718,0.4957840986239414,0.4889420627640382,0.5059233495464184,0.5817860572728167,SL,PRE,
1199,15750,Narrabri,2024,0.8095238095238095,0.4957840986239414,0.49708821855941454,0.5203788222552027,0.5022806420424155,SL,PRE,
1203,15750,Narrabri,2024,0.9107142857142856,0.4957840986239414,0.49708821855941454,0.5087628547476879,0.5022806420424155,SL,PRE,
1203,18020,Warrumbungle Shire,2024,0.0663265306122449,0.4957840986239414,0.4631353712451931,0.49685072423034327,0.45486873128780586,SL,PRE,
770,11720,Cessnock,2017,0.4915438397581254,0.4832365879968664,0.46231678315166347,0.4817447182347069,0.3551422347435229,SL,PRE,
771,14350,Kempsey,2017,0.5467214663643235,0.4832365879968664,0.39128425218701857,0.47834831933124333,0.4210211441061198,SL,PRE,
772,15240,Mid-Coast,2017,0.4890636810279667,0.4832365879968664,0.42732555175620907,0.4844016233784889,0.42040015721394675,SL,PRE,
772,16380,Port Macquarie-Hastings,2017,0.6642573696145124,0.4832365879968664,0.49228432027521923,0.48286395164644436,0.5229391964836256,SL,PRE,
776,17400,Tenterfield,2017,0.4119425547996976,0.4832365879968664,0.39940865890735894,0.48011886800296155,0.34656020313825736,SL,PRE,
792,17000,Singleton,2017,0.3338057445200302,0.4832365879968664,0.5787564680236262,0.49282473674185234,0.6467557613590069,SL,PRE,
818,16950,Shoalhaven,2018,0.5723261526832956,0.4995756956069222,0.46085185588188515,0.5009251016249545,0.3949796225392152,SL,PRE,
819,11720,Cessnock,2018,0.4376889644746787,0.4995756956069222,0.46603180364228464,0.5028563357707689,0.3545846561538564,SL,PRE,
819,16400,Port Stephens,2018,0.4517195767195767,0.4995756956069222,0.5177111596460938,0.48774185713401663,0.5200664218793425,SL,PRE,
820,10550,Bega Valley,2018,0.5901360544217688,0.4995756956069222,0.4655531770907867,0.4903404545846786,0.5196581891122026,SL,PRE,
820,12750,Eurobodalla,2018,0.4850245653817082,0.4995756956069222,0.4417585802399962,0.5091683614208874,0.46358812414557515,SL,PRE,
823,14550,Kyogle,2018,0.2386148904006046,0.4995756956069222,0.416100677547718,0.5150932289577486,0.42112651954171393,SL,PRE,
823,16610,Richmond Valley,2018,0.4044312169312169,0.4995756956069222,0.4286611566907725,0.48879782474348443,0.4042364261744292,SL,PRE,
824,11730,Clarence Valley,2018,0.439625850340136,0.4995756956069222,0.4393195655700719,0.4897883924323241,0.4172056719652262,SL,PRE,
824,13010,Glen Innes Severn,2018,0.2455593348450491,0.4995756956069222,0.41595522436539645,0.5040250885541443,0.4605384481562542,SL,PRE,
841,17310,Tamworth Regional,2018,0.4363189720332577,0.4995756956069222,0.5085014088831706,0.5087260409005991,0.5557414482770818,SL,PRE,
842,11720,Cessnock,2018,0.4495937263794406,0.4995756956069222,0.46603180364228464,0.5138701042073164,0.3545846561538564,SL,PRE,
842,16400,Port Stephens,2018,0.4376889644746787,0.4995756956069222,0.5177111596460938,0.49177398119829,0.5200664218793425,SL,PRE,
843,10180,Armidale Regional,2018,0.3173185941043084,0.4995756956069222,0.5108102240672329,0.5383924188402991,0.4934143867331324,SL,PRE,
843,14220,Inverell,2018,0.7075774754346182,0.4995756956069222,0.44108629694923507,0.49165970830641914,0.39204483809150803,SL,PRE,
843,17400,Tenterfield,2018,0.4611363063744016,0.4995756956069222,0.41278784824325254,0.4881230764873634,0.3351916028319627,SL,PRE,
847,10180,Armidale Regional,2018,0.4943783068783068,0.4995756956069222,0.5108102240672329,0.5018668696189573,0.4934143867331324,SL,PRE,
851,13010,Glen Innes Severn,2018,0.3954081632653061,0.4995756956069222,0.41595522436539645,0.4977674280385667,0.4605384481562542,SL,PRE,
853,11400,Cabonne,2018,0.7050736961451247,0.4995756956069222,0.5777636589397829,0.5160352902905029,0.6643762198579564,SL,PRE,
853,16200,Parkes,2018,0.6772486772486772,0.4995756956069222,0.4781105505871099,0.5022934337586835,0.43115243039809636,SL,PRE,
855,17310,Tamworth Regional,2018,0.6301256613756614,0.4995756956069222,0.5085014088831706,0.5048041641679581,0.5557414482770818,SL,PRE,
860,17080,Snowy Valleys,2018,0.4907879818594104,0.4995756956069222,0.51699195150665,0.4974459917354099,0.5494264663505636,SL,PRE,
862,17310,Tamworth Regional,2018,0.6301256613756614,0.4995756956069222,0.5085014088831706,0.5203162643827942,0.5557414482770818,SL,PRE,
862,17620,Upper Hunter Shire,2018,0.7062074829931972,0.4995756956069222,0.5502342660296288,0.5309843135015445,0.7146655729611028,SL,PRE,
864,17400,Tenterfield,2018,0.4579081632653061,0.4995756956069222,0.41278784824325254,0.4975579523664739,0.3351916028319627,SL,PRE,
866,15900,Newcastle,2018,0.3136810279667422,0.4995756956069222,0.5574885518049868,0.5004123817463553,0.5119912186568721,SL,PRE,
867,15650,Muswellbrook,2018,0.7918556311413454,0.4995756956069222,0.505905044347666,0.5218380928647703,0.6431173280791693,SL,PRE,
867,17000,Singleton,2018,0.4968820861678005,0.4995756956069222,0.5873240226850142,0.539370021664205,0.6144309683588213,SL,PRE,
871,10180,Armidale Regional,2019,0.6832010582010581,0.48462189108447606,0.5114975821911286,0.40044326355910653,0.43959056963561555,SL,PRE,
871,10250,Ballina,2019,0.6544784580498866,0.48462189108447606,0.5138564479644392,0.4489698232200294,0.4585353055863559,SL,PRE,
871,10550,Bega Valley,2019,0.6872637944066516,0.48462189108447606,0.4333696843200631,0.38643276462689746,0.4844487527900105,SL,PRE,
871,10600,Bellingen,2019,0.9200680272108844,0.48462189108447606,0.43833686744008127,0.41574786832470084,0.46887046353732603,SL,PRE,
871,10900,Blue Mountains,2019,0.5924981103552532,0.48462189108447606,0.5611828935624404,0.38955019927666873,0.5591304824307317,SL,PRE,
871,11350,Byron,2019,0.6813114134542706,0.48462189108447606,0.4535368796474504,0.43477948649539455,0.45790781996736823,SL,PRE,
871,11650,Central Coast (NSW),2019,0.2779667422524565,0.48462189108447606,0.5310413332711117,0.40807195409497865,0.512989916346043,SL,PRE,
871,11720,Cessnock,2019,0.268644494834971,0.48462189108447606,0.4610867218441209,0.39805488489439544,0.37896257797520655,SL,PRE,
871,11730,Clarence Valley,2019,0.3713781809019904,0.48462189108447606,0.40403548777314174,0.38821171031501606,0.43185959927449297,SL,PRE,
871,11800,Coffs Harbour,2019,0.6983497102544721,0.48462189108447606,0.48607013095572504,0.43595191510146897,0.508212193142523,SL,PRE,
871,12160,Cootamundra-Gundagai Regional,2019,0.4566798941798942,0.48462189108447606,0.517556282088504,0.4683582285330279,0.46870911625898776,SL,PRE,
871,12700,Dungog,2019,0.7595427059712774,0.48462189108447606,0.5192543468206485,0.43491055500217873,0.5473824654292213,SL,PRE,
871,12750,Eurobodalla,2019,0.7658100277147897,0.48462189108447606,0.4044989463631838,0.38065301343542407,0.40400695200880127,SL,PRE,
871,13010,Glen Innes Severn,2019,0.5593348450491308,0.48462189108447606,0.37702857608314877,0.39839869754498636,0.3580613833952879,SL,PRE,
871,13310,Goulburn Mulwaree,2019,0.4608371126228269,0.48462189108447606,0.5013387136722143,0.43876603802858305,0.5881657294939961,SL,PRE,
871,13340,Greater Hume Shire,2019,0.48932350718065,0.48462189108447606,0.5233615802304545,0.42900034938599074,0.5574623664790191,SL,PRE,
871,13660,Gwydir,2019,0.4161942554799697,0.48462189108447606,0.44091134745180177,0.4717904839934308,0.5989981393742719,SL,PRE,
871,13800,Hawkesbury,2019,0.2963592844545225,0.48462189108447606,0.5444442751234618,0.38138196462795454,0.4876713269921181,SL,PRE,
871,14220,Inverell,2019,0.5187074829931972,0.48462189108447606,0.4329395946526441,0.45843796123656916,0.44166095208402684,SL,PRE,
871,14350,Kempsey,2019,0.3704963466868229,0.48462189108447606,0.3753509019484888,0.38958606231654264,0.40238833676941876,SL,PRE,
871,14500,Ku-ring-gai,2019,0.7200963718820862,0.48462189108447606,0.6520783370740285,0.5332992736090705,0.5280107873941519,SL,PRE,
871,14550,Kyogle,2019,0.4399407911312673,0.48462189108447606,0.37479584196759175,0.4275544948937494,0.3578642847275515,SL,PRE,
871,14650,Lake Macquarie,2019,0.4308390022675737,0.48462189108447606,0.5586307726771778,0.4791115790612598,0.5045709365905877,SL,PRE,
871,14850,Lismore,2019,0.5275415721844293,0.48462189108447606,0.4395555883870226,0.4443836793343219,0.46593900890632484,SL,PRE,
871,14870,Lithgow,2019,0.7300642479213909,0.48462189108447606,0.43603140814968633,0.38768731542842566,0.5069861694965466,SL,PRE,
871,15240,Mid-Coast,2019,0.5340765936004032,0.48462189108447606,0.40356532267557,0.4047353304824514,0.36834444496207447,SL,PRE,
871,15270,Mid-Western Regional,2019,0.2744394053917863,0.48462189108447606,0.48407944598481006,0.42090850215488057,0.40159302637641897,SL,PRE,
871,15650,Muswellbrook,2019,0.7628495842781557,0.48462189108447606,0.5138187798735813,0.40029885799380016,0.627590029016611,SL,PRE,
871,15700,Nambucca Valley,2019,0.5531620055429579,0.48462189108447606,0.3705626636656138,0.40194009750053544,0.3750589745652632,SL,PRE,
871,15750,Narrabri,2019,0.6654383975812548,0.48462189108447606,0.4968733979176978,0.46048473883597857,0.5846423236077974,SL,PRE,
871,16100,Oberon,2019,0.1794690098261526,0.48462189108447606,0.5460344294215417,0.4060789761990691,0.44497722375990373,SL,PRE,
871,16350,Penrith,2019,0.358985260770975,0.48462189108447606,0.5759565293894712,0.5227961231740829,0.5374090815950935,SL,PRE,
871,16380,Port Macquarie-Hastings,2019,0.7208522297808013,0.48462189108447606,0.48809013214378194,0.39299079287707034,0.5416343633325504,SL,PRE,
871,16490,Queanbeyan-Palerang Regional,2019,0.8326404635928446,0.48462189108447606,0.6559920962062911,0.4034468486598448,0.5497553195633345,SL,PRE,
871,16610,Richmond Valley,2019,0.4584593096497858,0.48462189108447606,0.4041223056620168,0.390845119042612,0.3589091592485775,SL,PRE,
871,16950,Shoalhaven,2019,0.4584593096497858,0.48462189108447606,0.43691779169828693,0.38232100384481466,0.409354073162769,SL,PRE,
871,17000,Singleton,2019,0.3358371126228269,0.48462189108447606,0.6079745725582542,0.39405583227399954,0.6324920768442602,SL,PRE,
871,17040,Snowy Monaro Regional,2019,0.5235890652557319,0.48462189108447606,0.5582144785886497,0.41472164238855025,0.4025742497564951,SL,PRE,
871,17080,Snowy Valleys,2019,0.5011652809271857,0.48462189108447606,0.5069024373334616,0.3900176282739474,0.5053303116734297,SL,PRE,
871,17150,Sutherland Shire,2019,0.5077003023431594,0.48462189108447606,0.6382147418367474,0.5403403667947219,0.5526319375377472,SL,PRE,
871,17310,Tamworth Regional,2019,0.6173941798941799,0.48462189108447606,0.5159459340814697,0.43179885037236176,0.5472492363807707,SL,PRE,
871,17400,Tenterfield,2019,0.4500503905265809,0.48462189108447606,0.3616678902750873,0.39746398786329556,0.32085002941522206,SL,PRE,
871,17550,Tweed,2019,0.6760204081632653,0.48462189108447606,0.46689720927780526,0.46031724043874706,0.471785869303479,SL,PRE,
871,17620,Upper Hunter Shire,2019,0.5809712773998488,0.48462189108447606,0.5590635557470197,0.4432580180548842,0.7271224932016818,SL,PRE,
871,17640,Upper Lachlan Shire,2019,0.5642479213907785,0.48462189108447606,0.5518176448847572,0.4387207336768727,0.5160313576063044,SL,PRE,
871,17650,Uralla,2019,0.5870653817082389,0.48462189108447606,0.509350610288041,0.44732768773849363,0.4083775197453192,SL,PRE,
871,17750,Wagga Wagga,2019,0.5179516250944822,0.48462189108447606,0.59103065585641,0.44988256681595223,0.5246285756692057,SL,PRE,
871,17850,Walcha,2019,0.814625850340136,0.48462189108447606,0.49162233663278215,0.3935774060985967,0.40983093019891037,SL,PRE,
871,18350,Wingecarribee,2019,0.6663832199546486,0.48462189108447606,0.5713832112734549,0.4025383273281248,0.5745756151734913,SL,PRE,
871,18400,Wollondilly,2019,0.247039556563366,0.48462189108447606,0.6257488121535831,0.38512166176732354,0.5589478079723685,SL,PRE,
880,11730,Clarence Valley,2019,0.2306783824640967,0.48462189108447606,0.40403548777314174,0.42217210614084766,0.43185959927449297,SL,PRE,
880,14350,Kempsey,2019,0.5503590325018897,0.48462189108447606,0.3753509019484888,0.44105684736259,0.40238833676941876,SL,PRE,
880,14550,Kyogle,2019,0.2928949357520786,0.48462189108447606,0.37479584196759175,0.4913671933170359,0.3578642847275515,SL,PRE,
880,15240,Mid-Coast,2019,0.6900037792894935,0.48462189108447606,0.40356532267557,0.48250477012288506,0.36834444496207447,SL,PRE,
880,15700,Nambucca Valley,2019,0.7745181405895691,0.48462189108447606,0.3705626636656138,0.5837601577786641,0.3750589745652632,SL,PRE,
880,16380,Port Macquarie-Hastings,2019,0.6579034391534391,0.48462189108447606,0.48809013214378194,0.4691588861196991,0.5416343633325504,SL,PRE,
880,16610,Richmond Valley,2019,0.4971182917611488,0.48462189108447606,0.4041223056620168,0.4442499972098251,0.3589091592485775,SL,PRE,
NSW1718-05,12700,Dungog,2017,0.6459750566893424,0.4832365879968664,0.5162190892685173,0.4833430913042602,0.5716560276766769,SL,PRE,
NSW1718-05,15240,Mid-Coast,2017,0.4890636810279667,0.4832365879968664,0.42732555175620907,0.4829014738175445,0.42040015721394675,SL,PRE,
NSW1718-05,16380,Port Macquarie-Hastings,2017,0.6665721844293273,0.4832365879968664,0.49228432027521923,0.48259155496049383,0.5229391964836256,SL,PRE,
NSW1718-05,17620,Upper Hunter Shire,2017,0.9615457294028722,0.4832365879968664,0.5415469144046854,0.491425014512408,0.6718423806895244,SL,PRE,
NSW1718-06,14350,Kempsey,2017,0.4143990929705215,0.4832365879968664,0.39128425218701857,0.4821488956801655,0.4210211441061198,SL,PRE,
NSW1718-06,16380,Port Macquarie-Hastings,2017,0.5871598639455782,0.4832365879968664,0.49228432027521923,0.47967184360214,0.5229391964836256,SL,PRE,
NSW1718-08,17310,Tamworth Regional,2017,0.4824499244142101,0.4832365879968664,0.5097542066006853,0.48528599547860274,0.5825093071571532,SL,PRE,
NSW1718-09,13660,Gwydir,2017,0.9505385487528344,0.4832365879968664,0.4559582806255591,0.4850367657260314,0.5135290895060004,SL,PRE,
NSW1718-09,17310,Tamworth Regional,2017,0.4441846182917611,0.4832365879968664,0.5097542066006853,0.48008556430559063,0.5825093071571532,SL,PRE,
NSW1718-09,17650,Uralla,2017,0.1980347694633408,0.4832365879968664,0.5066179532276304,0.48443345540803495,0.4882349557965694,SL,PRE,
NSW1718-10,16400,Port Stephens,2017,0.5389739229024944,0.4832365879968664,0.4968798591972932,0.47850802911596535,0.4871625304290212,SL,PRE,
NSW1718-11,11720,Cessnock,2017,0.3997543461829176,0.4832365879968664,0.46231678315166347,0.4915374324755502,0.3551422347435229,SL,PRE,
NSW1718-11,15650,Muswellbrook,2017,0.898030045351474,0.4832365879968664,0.4886598284382729,0.4950452512291023,0.5894312702919905,SL,PRE,
NSW1718-11,17000,Singleton,2017,0.4316893424036281,0.4832365879968664,0.5787564680236262,0.47752170248345,0.6467557613590069,SL,PRE,
NSW1718-12,15750,Narrabri,2017,0.5630196523053665,0.4832365879968664,0.4835912643749281,0.4782713972412008,0.5812867173830992,SL,PRE,
NSW1718-12,18020,Warrumbungle Shire,2017,0.1529195011337868,0.4832365879968664,0.42976631002550103,0.48023742337041286,0.4351035774163645,SL,PRE,
NSW1718-13,17640,Upper Lachlan Shire,2017,0.4768046107331822,0.4832365879968664,0.555721117559474,0.48477025062322376,0.5158841926814518,SL,PRE,
NSW1718-14,17150,Sutherland Shire,2017,0.6542422524565381,0.4832365879968664,0.6012863019438583,0.4760417501027265,0.5209235762454554,SL,PRE,
NSW1718-15,17620,Upper Hunter Shire,2017,0.7321900982615268,0.4832365879968664,0.5415469144046854,0.48516243414645116,0.6718423806895244,SL,PRE,
NSW1718-16,15270,Mid-Western Regional,2017,0.6873110355253212,0.4832365879968664,0.4867817929491456,0.4887217173640493,0.35422384409732366,SL,PRE,
NSW1718-16,15650,Muswellbrook,2017,0.898030045351474,0.4832365879968664,0.4886598284382729,0.48730067147861317,0.5894312702919905,SL,PRE,
NSW1718-17,10470,Bathurst Regional,2017,0.5600907029478458,0.4832365879968664,0.5372096769379824,0.48936284090470383,0.4617213516114975,SL,PRE,
NSW1718-17,11400,Cabonne,2017,0.8627645502645502,0.4832365879968664,0.57792109212802,0.4839551060706634,0.6380932645444053,SL,PRE,
NSW1718-18,14870,Lithgow,2017,0.6563681027966742,0.4832365879968664,0.4416932987489117,0.4898314149473261,0.523070377507192,SL,PRE,
NSW1718-19,13660,Gwydir,2017,0.9644274376417232,0.4832365879968664,0.4559582806255591,0.48503615685856916,0.5135290895060004,SL,PRE,
NSW1718-19,15750,Narrabri,2017,0.6880196523053665,0.4832365879968664,0.4835912643749281,0.4875499973679306,0.5812867173830992,SL,PRE,
NSW1718-20,10550,Bega Valley,2017,0.5425170068027211,0.4832365879968664,0.451081420914687,0.4860970743600623,0.5457585455295723,SL,PRE,
NSW1718-21,14900,Liverpool,2017,0.3386715797430083,0.4832365879968664,0.48464760749817326,0.4757021047513764,0.5286334348683912,SL,PRE,
NSW1718-21,17150,Sutherland Shire,2017,0.6280234315948602,0.4832365879968664,0.6012863019438583,0.47683618170971614,0.5209235762454554,SL,PRE,
RAA-raa_2015_p15_r01,15750,Narrabri,2014,0.976851851851852,0.49726520365784127,0.4970428912757984,0.5135901799372747,0.5517789006929553,SL,PRE,
RAA-raa_2015_p15_r05,10900,Blue Mountains,2015,0.8379629629629629,0.5006850694627549,0.5618679554896848,0.5033538092812135,0.5385901332064329,SL,PRE,
RAA-raa_2015_p15_r09,16950,Shoalhaven,2015,0.2546296296296296,0.5006850694627549,0.47261019591271397,0.5655398450003446,0.48556410445171927,SL,PRE,
RAA-raa_2015_p15_r11,13800,Hawkesbury,2015,0.1435185185185185,0.5006850694627549,0.5427900914110834,0.4917000925313543,0.4716177195909361,SL,PRE,
RAA-raa_2016_p13_r06,14350,Kempsey,2016,0.3611111111111111,0.5040524070831119,0.4436460398923958,0.4981236845619799,0.4306219385212074,SL,PRE,
RAA-raa_2016_p13_r07,17400,Tenterfield,2016,0.0277777777777777,0.5040524070831119,0.4439632020926048,0.5002999889335624,0.38667024832920854,SL,PRE,
RAA-raa_2016_p13_r08,11720,Cessnock,2016,0.2083333333333333,0.5040524070831119,0.4988207013283998,0.5038632810097885,0.4586280949128196,SL,PRE,
RAA-raa_2016_p13_r08,12700,Dungog,2016,0.6527777777777778,0.5040524070831119,0.5099813279557704,0.5111060403843548,0.5903463547691719,SL,PRE,
RAA-raa_2016_p13_r08,15240,Mid-Coast,2016,0.324074074074074,0.5040524070831119,0.47022014342155993,0.5092745556971986,0.4663570230842421,SL,PRE,
RAA-raa_2016_p13_r08,16400,Port Stephens,2016,0.4953703703703703,0.5040524070831119,0.5139995674005892,0.48748683755935934,0.4917876835402318,SL,PRE,
RAA-raa_2016_p13_r12,16350,Penrith,2016,0.8148148148148148,0.5040524070831119,0.5410661070263334,0.5028996524777415,0.4710718975471784,SL,PRE,
RAA-raa_2016_p13_r16,11720,Cessnock,2016,0.162037037037037,0.5040524070831119,0.4988207013283998,0.5035491027591905,0.4586280949128196,SL,PRE,
RAA-raa_2016_p13_r17,15270,Mid-Western Regional,2016,0.4814814814814814,0.5040524070831119,0.4997168323221319,0.5125379204586825,0.36853016090350094,SL,PRE,
RAA-raa_2016_p13_r22,11720,Cessnock,2016,0.1342592592592592,0.5040524070831119,0.4988207013283998,0.5064420558629932,0.4586280949128196,SL,PRE,
RAA-raa_2016_p13_r23,14350,Kempsey,2016,0.3472222222222222,0.5040524070831119,0.4436460398923958,0.5138325305193859,0.4306219385212074,SL,PRE,
RAA-raa_2016_p13_r23,15240,Mid-Coast,2016,0.3194444444444444,0.5040524070831119,0.47022014342155993,0.49673003603384536,0.4663570230842421,SL,PRE,
RAA-raa_2016_p13_r23,15270,Mid-Western Regional,2016,0.5370370370370371,0.5040524070831119,0.4997168323221319,0.5011913891225783,0.36853016090350094,SL,PRE,
RAA-raa_2016_p13_r23,17620,Upper Hunter Shire,2016,0.9351851851851852,0.5040524070831119,0.538524254537698,0.497093285244808,0.6929616637109949,SL,PRE,
RAA-raa_2016_p13_r23,18020,Warrumbungle Shire,2016,0.4768518518518518,0.5040524070831119,0.4574863296819419,0.4932515153721422,0.39823647258694167,SL,PRE,
RAA-raa_2016_p13_r26,17000,Singleton,2016,0.7870370370370371,0.5040524070831119,0.5619771446301878,0.5048577491049261,0.5654582419968391,SL,PRE,
1052,10470,Bathurst Regional,2022,0.0838529856386999,0.5107647828614471,0.5932053574626192,0.5136429243492946,0.5293794417567296,SL,PRE+FIRE,
1052,10950,Bogan,2022,0.4583333333333333,0.5107647828614471,0.5892337874463944,0.5137225241052272,0.566271243205253,SL,PRE+FIRE,
1052,11200,Brewarrina,2022,0.4537037037037037,0.5107647828614471,0.5842313676741453,0.5520440691028295,0.565873037720365,SL,PRE+FIRE,
1052,11400,Cabonne,2022,0.8454979213907785,0.5107647828614471,0.6201905724929109,0.5310145307550098,0.6514315059895975,SL,PRE+FIRE,
1052,12150,Coonamble,2022,0.2051681783824641,0.5107647828614471,0.48993204382622224,0.5405132659750683,0.5263965943779034,SL,PRE+FIRE,
1052,12350,Cowra,2022,0.1809571050642479,0.5107647828614471,0.48949620834064933,0.5202744485032311,0.4925297291914281,SL,PRE+FIRE,
1052,12390,Dubbo Regional,2022,0.2738567649281935,0.5107647828614471,0.5790592742604919,0.5174449750940234,0.5670359135924226,SL,PRE+FIRE,
1052,15270,Mid-Western Regional,2022,0.04724111866969,0.5107647828614471,0.5127446295580723,0.5047420138625893,0.4427927756487344,SL,PRE+FIRE,
1052,17620,Upper Hunter Shire,2022,0.6412037037037037,0.5107647828614471,0.575390839877672,0.5264556181268555,0.6405487242441984,SL,PRE+FIRE,
1052,17900,Walgett,2022,0.7222694633408919,0.5107647828614471,0.48992942376796195,0.5193031927501338,0.4831311348623236,SL,PRE+FIRE,
1052,17950,Warren,2022,0.9555461073318215,0.5107647828614471,0.6217098918798931,0.5541378656562376,0.55634024376785,SL,PRE+FIRE,
1053,13660,Gwydir,2022,0.5548469387755102,0.5107647828614471,0.469702358895951,0.5162317424031643,0.522201420562657,SL,PRE+FIRE,
1053,15750,Narrabri,2022,0.2448979591836734,0.5107647828614471,0.5480056674603192,0.5326810593960148,0.6761318545224,SL,PRE+FIRE,
1054,13660,Gwydir,2022,0.5525321239606954,0.5107647828614471,0.5359573907173805,0.5568453005974987,0.5561968716342367,SL,PRE+FIRE,
1054,15300,Moree Plains,2022,0.298327664399093,0.5107647828614471,0.559752881130484,0.5352691864171256,0.5417269604668126,SL,PRE+FIRE,
1054,15750,Narrabri,2022,0.2472127739984883,0.5107647828614471,0.5679845065402556,0.5148807244084707,0.6594409172167075,SL,PRE+FIRE,
1055,10850,Blayney,2022,0.4500188964474679,0.5107647828614471,0.6614742273162637,0.545250128097882,0.5577113153284865,SL,PRE+FIRE,
1055,11400,Cabonne,2022,0.8454979213907785,0.5107647828614471,0.6159526832433293,0.5307214342214047,0.6485624613645905,SL,PRE+FIRE,
1055,12350,Cowra,2022,0.1809571050642479,0.5107647828614471,0.47809141348087336,0.5196229668035182,0.48909374969436425,SL,PRE+FIRE,
1055,14920,Liverpool Plains,2022,0.080640589569161,0.5107647828614471,0.4583729464879275,0.517142326809795,0.46350022351039954,SL,PRE+FIRE,
1055,17620,Upper Hunter Shire,2022,0.5578703703703703,0.5107647828614471,0.570333311249859,0.5261098447181096,0.6361426109666819,SL,PRE+FIRE,
1056,11750,Cobar,2022,0.4662226001511716,0.5107647828614471,0.6341816419341275,0.517649168170011,0.5999555171144887,SL,PRE+FIRE,
1056,17640,Upper Lachlan Shire,2022,0.3413643235071806,0.5107647828614471,0.5724835560597411,0.5111121157086385,0.48076380883327474,SL,PRE+FIRE,
1065,12160,Cootamundra-Gundagai Regional,2022,0.4469954648526076,0.5107647828614471,0.5453599696671871,0.5203078412580984,0.5319980878399521,SL,PRE+FIRE,
1066,17640,Upper Lachlan Shire,2022,0.3691421012849584,0.5107647828614471,0.5668865095132277,0.5202481425334571,0.48668947354270103,SL,PRE+FIRE,
1066,18710,Yass Valley,2022,0.3124055177626606,0.5107647828614471,0.6705131511283,0.5126541666579485,0.5324371563605592,SL,PRE+FIRE,
1070,10550,Bega Valley,2023,0.4304610733182161,0.5172688597043756,0.45412767644886265,0.5129763084320061,0.49744554900388327,SL,PRE+FIRE,
1071,10180,Armidale Regional,2023,0.3160903250188964,0.5172688597043756,0.4159791595131597,0.520735025362262,0.49452253581391975,SL,PRE+FIRE,
1071,11730,Clarence Valley,2023,0.4160525321239607,0.5172688597043756,0.45954819703605665,0.5118138411922715,0.43551410125669093,SL,PRE+FIRE,
1071,14350,Kempsey,2023,0.322562358276644,0.5172688597043756,0.42355659820217956,0.5111512542699402,0.4403773467649757,SL,PRE+FIRE,
1071,15700,Nambucca Valley,2023,0.0488945578231292,0.5172688597043756,0.473561527566891,0.5219428376625502,0.4283855067185656,SL,PRE+FIRE,
1075,11730,Clarence Valley,2023,0.4878117913832199,0.5172688597043756,0.4789996084537568,0.5100710030764917,0.4299013518989064,SL,PRE+FIRE,
1075,14220,Inverell,2023,0.2401738473167044,0.5172688597043756,0.4800906063715951,0.5121136149857173,0.5250418892157318,SL,PRE+FIRE,
1075,14550,Kyogle,2023,0.4284769463340891,0.5172688597043756,0.48619795228587454,0.5161456747504333,0.4062915525711553,SL,PRE+FIRE,
1075,17400,Tenterfield,2023,0.1636904761904762,0.5172688597043756,0.4680401266686833,0.5048023246928312,0.46318776601281114,SL,PRE+FIRE,
1076,14350,Kempsey,2023,0.4277683295540438,0.5172688597043756,0.42749548816161853,0.5024907015740477,0.4638877568658764,SL,PRE+FIRE,
1076,15240,Mid-Coast,2023,0.3205546107331821,0.5172688597043756,0.46930014410355264,0.5172956379380482,0.4403321941068342,SL,PRE+FIRE,
1076,16380,Port Macquarie-Hastings,2023,0.2771164021164021,0.5172688597043756,0.5523886382260119,0.5189936929465923,0.5964482963754021,SL,PRE+FIRE,
1081,17900,Walgett,2023,0.3725907029478458,0.5172688597043756,0.5481034269981959,0.5147965997762267,0.502676017531953,SL,PRE+FIRE,
1083,15270,Mid-Western Regional,2023,0.2176398337112622,0.5172688597043756,0.45990182762385645,0.5224985073277367,0.46240479444870847,SL,PRE+FIRE,
1084,17040,Snowy Monaro Regional,2023,0.3164918745275888,0.5172688597043756,0.5438735315168373,0.5222640666946845,0.48529010391020777,SL,PRE+FIRE,
1089,15240,Mid-Coast,2023,0.3205546107331821,0.5172688597043756,0.5025032699941091,0.5170544149421361,0.4194989334485692,SL,PRE+FIRE,
1090,11720,Cessnock,2023,0.5628779289493575,0.5172688597043756,0.4688195497761608,0.5204670186520982,0.42760374231760706,SL,PRE+FIRE,
1090,12700,Dungog,2023,0.5829081632653061,0.5172688597043756,0.5578542067439539,0.5142660188001207,0.5885205261983545,SL,PRE+FIRE,
1090,16400,Port Stephens,2023,0.5046296296296297,0.5172688597043756,0.542794349361381,0.5377017142558411,0.5673561863590423,SL,PRE+FIRE,
1091,15650,Muswellbrook,2023,0.4375944822373394,0.5172688597043756,0.46970319467915933,0.5168365143798098,0.5839110351495685,SL,PRE+FIRE,
1091,17620,Upper Hunter Shire,2023,0.857615268329554,0.5172688597043756,0.5351741175687106,0.5239861359209486,0.5844423118098632,SL,PRE+FIRE,
1092,11720,Cessnock,2023,0.6345112118921643,0.5172688597043756,0.4347090362513144,0.5188857289661177,0.38295089395189613,SL,PRE+FIRE,
1093,15750,Narrabri,2023,0.3227985638699924,0.5172688597043756,0.46217386688424567,0.5028825790867557,0.5424900540642211,SL,PRE+FIRE,
1099,17000,Singleton,2023,0.8090513983371126,0.5172688597043756,0.5733115010964392,0.5210273170766029,0.602111950575777,SL,PRE+FIRE,
1112,10180,Armidale Regional,2023,0.3982426303854875,0.5172688597043756,0.4593281172221598,0.5143764078367047,0.4600185201399043,SL,PRE+FIRE,
1114,14220,Inverell,2023,0.2864701436130007,0.5172688597043756,0.4035510974025817,0.5123990334069436,0.45909810689394465,SL,PRE+FIRE,
1114,17400,Tenterfield,2023,0.3072089947089947,0.5172688597043756,0.44410754177223777,0.5161926301510943,0.4007478144640891,SL,PRE+FIRE,
1121,11730,Clarence Valley,2023,0.4836545729402872,0.5172688597043756,0.403392548620788,0.5185458159454643,0.40330149053281833,SL,PRE+FIRE,
1131,17620,Upper Hunter Shire,2023,0.8233654572940288,0.5172688597043756,0.560929679028392,0.5217833280198105,0.5793261307376377,SL,PRE+FIRE,
1132,17040,Snowy Monaro Regional,2023,0.3164918745275888,0.5172688597043756,0.5491273654547535,0.5214230433645917,0.46909051186612166,SL,PRE+FIRE,
1133,14650,Lake Macquarie,2023,0.4870559334845049,0.5172688597043756,0.6007331053532395,0.5227084697391031,0.5497643104257889,SL,PRE+FIRE,
1134,17310,Tamworth Regional,2023,0.5698223733938019,0.5172688597043756,0.5552533540853096,0.5274055152031901,0.6025561718960784,SL,PRE+FIRE,
1135,11350,Byron,2023,0.2330876795162509,0.5172688597043756,0.3879352139768335,0.5129518452754358,0.471933974945637,SL,PRE+FIRE,
1136,14870,Lithgow,2023,0.4206821617535903,0.5172688597043756,0.4832920739261028,0.5389290076166892,0.5721049304502044,SL,PRE+FIRE,
1137,16200,Parkes,2023,0.3505291005291006,0.5172688597043756,0.5108476765252207,0.5269391723236675,0.48753539259335027,SL,PRE+FIRE,
1138,16610,Richmond Valley,2023,0.1879724111866969,0.5172688597043756,0.4557380324017294,0.5238503887866257,0.43753142951435486,SL,PRE+FIRE,
1139,15270,Mid-Western Regional,2023,0.2106953892668178,0.5172688597043756,0.5153062703730017,0.5371617433803263,0.5293822568417895,SL,PRE+FIRE,
1140,17000,Singleton,2023,0.8808106575963719,0.5172688597043756,0.5965466430042032,0.5305555948764417,0.584362427571809,SL,PRE+FIRE,
1156,17400,Tenterfield,2024,0.4075963718820862,0.4957840986239414,0.40952407627035675,0.49911821553351904,0.36687713051912063,SL,PRE+FIRE,
1189,15650,Muswellbrook,2024,0.5088813303099018,0.4957840986239414,0.48828798103319204,0.4946122570157712,0.5559118450363426,SL,PRE+FIRE,
1189,17000,Singleton,2024,0.7958947467876039,0.4957840986239414,0.5888741053727207,0.49721973142887355,0.6034583747679205,SL,PRE+FIRE,
1190,18710,Yass Valley,2024,0.5522959183673469,0.4957840986239414,0.6960978978770023,0.5097029032354815,0.5884470959299228,SL,PRE+FIRE,
1191,17000,Singleton,2024,0.7958947467876039,0.4957840986239414,0.5968934968291527,0.49736380983063766,0.6076040843265007,SL,PRE+FIRE,
1192,17310,Tamworth Regional,2024,0.7891156462585034,0.4957840986239414,0.5227695849215486,0.4983499067576925,0.539987231014937,SL,PRE+FIRE,
1192,17650,Uralla,2024,0.360969387755102,0.4957840986239414,0.5304404384321418,0.5005474525674819,0.506407320867789,SL,PRE+FIRE,
1193,10470,Bathurst Regional,2024,0.3921957671957672,0.4957840986239414,0.5293663109570984,0.5011224627741081,0.47360001950249325,SL,PRE+FIRE,
1193,14870,Lithgow,2024,0.5320767195767196,0.4957840986239414,0.446322763966584,0.4960009605422076,0.4772922857425408,SL,PRE+FIRE,
1196,15270,Mid-Western Regional,2024,0.2757936507936508,0.4957840986239414,0.4905043168259398,0.5119903405962937,0.3915725740752522,SL,PRE+FIRE,
1197,13800,Hawkesbury,2024,0.389786470143613,0.4957840986239414,0.5122948075580417,0.5016685791952644,0.46251586734286576,SL,PRE+FIRE,
1199,13660,Gwydir,2024,0.6521636432350718,0.4957840986239414,0.46229114551339007,0.5059233495464184,0.5056619311107761,SL,PRE+FIRE,
1199,15750,Narrabri,2024,0.8095238095238095,0.4957840986239414,0.5326490762678411,0.5203788222552027,0.5190828011852712,SL,PRE+FIRE,
1203,15750,Narrabri,2024,0.9107142857142856,0.4957840986239414,0.4382276765560487,0.5087628547476879,0.5104673316103232,SL,PRE+FIRE,
1203,18020,Warrumbungle Shire,2024,0.0663265306122449,0.4957840986239414,0.3453267248241919,0.49685072423034327,0.42746510708368685,SL,PRE+FIRE,
770,11720,Cessnock,2017,0.4915438397581254,0.4832365879968664,0.43204404724867956,0.4817447182347069,0.3961798273416098,SL,PRE+FIRE,
771,14350,Kempsey,2017,0.5467214663643235,0.4832365879968664,0.387578487644319,0.47834831933124333,0.47930971617943596,SL,PRE+FIRE,
772,15240,Mid-Coast,2017,0.4890636810279667,0.4832365879968664,0.41317412984102,0.4844016233784889,0.3882813245170545,SL,PRE+FIRE,
772,16380,Port Macquarie-Hastings,2017,0.6642573696145124,0.4832365879968664,0.4782340693954932,0.48286395164644436,0.4795449556041855,SL,PRE+FIRE,
776,17400,Tenterfield,2017,0.4119425547996976,0.4832365879968664,0.41212204785464285,0.48011886800296155,0.3925003326575685,SL,PRE+FIRE,
792,17000,Singleton,2017,0.3338057445200302,0.4832365879968664,0.6201994041947935,0.49282473674185234,0.6507135062209112,SL,PRE+FIRE,
818,16950,Shoalhaven,2018,0.5723261526832956,0.4995756956069222,0.41967177347062196,0.5009251016249545,0.35612683149931484,SL,PRE+FIRE,
819,11720,Cessnock,2018,0.4376889644746787,0.4995756956069222,0.4984197988793973,0.5028563357707689,0.4367078887730976,SL,PRE+FIRE,
819,16400,Port Stephens,2018,0.4517195767195767,0.4995756956069222,0.4103224173736681,0.48774185713401663,0.48201848139763837,SL,PRE+FIRE,
820,10550,Bega Valley,2018,0.5901360544217688,0.4995756956069222,0.43645500696692985,0.4903404545846786,0.422651601840221,SL,PRE+FIRE,
820,12750,Eurobodalla,2018,0.4850245653817082,0.4995756956069222,0.4631121359176676,0.5091683614208874,0.42267583443243223,SL,PRE+FIRE,
823,14550,Kyogle,2018,0.2386148904006046,0.4995756956069222,0.4632390073657313,0.5150932289577486,0.4366239361873219,SL,PRE+FIRE,
823,16610,Richmond Valley,2018,0.4044312169312169,0.4995756956069222,0.43999414287773425,0.48879782474348443,0.42141816963962064,SL,PRE+FIRE,
824,11730,Clarence Valley,2018,0.439625850340136,0.4995756956069222,0.45126027078768605,0.4897883924323241,0.42010757860912173,SL,PRE+FIRE,
824,13010,Glen Innes Severn,2018,0.2455593348450491,0.4995756956069222,0.4436145245930015,0.5040250885541443,0.4534395657092062,SL,PRE+FIRE,
841,17310,Tamworth Regional,2018,0.4363189720332577,0.4995756956069222,0.5320952101476227,0.5087260409005991,0.6240414896707701,SL,PRE+FIRE,
842,11720,Cessnock,2018,0.4495937263794406,0.4995756956069222,0.45247322089279557,0.5138701042073164,0.40622943798944017,SL,PRE+FIRE,
842,16400,Port Stephens,2018,0.4376889644746787,0.4995756956069222,0.4269296469186544,0.49177398119829,0.47602392675923033,SL,PRE+FIRE,
843,10180,Armidale Regional,2018,0.3173185941043084,0.4995756956069222,0.5729403018117261,0.5383924188402991,0.6054199737346314,SL,PRE+FIRE,
843,14220,Inverell,2018,0.7075774754346182,0.4995756956069222,0.4260626536714027,0.49165970830641914,0.39470653081293017,SL,PRE+FIRE,
843,17400,Tenterfield,2018,0.4611363063744016,0.4995756956069222,0.3794847664976292,0.4881230764873634,0.3471659415994282,SL,PRE+FIRE,
847,10180,Armidale Regional,2018,0.4943783068783068,0.4995756956069222,0.48653849851149894,0.5018668696189573,0.46187263589088473,SL,PRE+FIRE,
851,13010,Glen Innes Severn,2018,0.3954081632653061,0.4995756956069222,0.41686411450977834,0.4977674280385667,0.4042009204325653,SL,PRE+FIRE,
853,11400,Cabonne,2018,0.7050736961451247,0.4995756956069222,0.5342575351419303,0.5160352902905029,0.6366643282262758,SL,PRE+FIRE,
853,16200,Parkes,2018,0.6772486772486772,0.4995756956069222,0.41701153809078545,0.5022934337586835,0.40568127396289877,SL,PRE+FIRE,
855,17310,Tamworth Regional,2018,0.6301256613756614,0.4995756956069222,0.5123721365329491,0.5048041641679581,0.4920797246163104,SL,PRE+FIRE,
860,17080,Snowy Valleys,2018,0.4907879818594104,0.4995756956069222,0.4962539271409055,0.4974459917354099,0.5220337742732599,SL,PRE+FIRE,
862,17310,Tamworth Regional,2018,0.6301256613756614,0.4995756956069222,0.5269355370837923,0.5203162643827942,0.5821159220878512,SL,PRE+FIRE,
862,17620,Upper Hunter Shire,2018,0.7062074829931972,0.4995756956069222,0.6584330650105996,0.5309843135015445,0.7010218291169192,SL,PRE+FIRE,
864,17400,Tenterfield,2018,0.4579081632653061,0.4995756956069222,0.3798330578197685,0.4975579523664739,0.3330762913545818,SL,PRE+FIRE,
866,15900,Newcastle,2018,0.3136810279667422,0.4995756956069222,0.46958556779302935,0.5004123817463553,0.4910496537221765,SL,PRE+FIRE,
867,15650,Muswellbrook,2018,0.7918556311413454,0.4995756956069222,0.5481958017647457,0.5218380928647703,0.6553392906883138,SL,PRE+FIRE,
867,17000,Singleton,2018,0.4968820861678005,0.4995756956069222,0.6288004760197128,0.539370021664205,0.5878586769892226,SL,PRE+FIRE,
871,10180,Armidale Regional,2019,0.6832010582010581,0.48462189108447606,0.5183671079443182,0.40044326355910653,0.469075793258331,SL,PRE+FIRE,
871,10250,Ballina,2019,0.6544784580498866,0.48462189108447606,0.5410875385528964,0.4489698232200294,0.4737083045579974,SL,PRE+FIRE,
871,10550,Bega Valley,2019,0.6872637944066516,0.48462189108447606,0.4945096555629386,0.38643276462689746,0.4751820123543845,SL,PRE+FIRE,
871,10600,Bellingen,2019,0.9200680272108844,0.48462189108447606,0.43861024290531503,0.41574786832470084,0.4775839260097785,SL,PRE+FIRE,
871,10900,Blue Mountains,2019,0.5924981103552532,0.48462189108447606,0.5756930371710554,0.38955019927666873,0.5481312830398207,SL,PRE+FIRE,
871,11350,Byron,2019,0.6813114134542706,0.48462189108447606,0.47095498632655597,0.43477948649539455,0.4726822295377409,SL,PRE+FIRE,
871,11650,Central Coast (NSW),2019,0.2779667422524565,0.48462189108447606,0.6323283576358547,0.40807195409497865,0.5515604228630527,SL,PRE+FIRE,
871,11720,Cessnock,2019,0.268644494834971,0.48462189108447606,0.52069149156672,0.39805488489439544,0.4359676730770835,SL,PRE+FIRE,
871,11730,Clarence Valley,2019,0.3713781809019904,0.48462189108447606,0.43899101632424875,0.38821171031501606,0.44687122638086135,SL,PRE+FIRE,
871,11800,Coffs Harbour,2019,0.6983497102544721,0.48462189108447606,0.4704826549455148,0.43595191510146897,0.47382194970311164,SL,PRE+FIRE,
871,12160,Cootamundra-Gundagai Regional,2019,0.4566798941798942,0.48462189108447606,0.5290631775972379,0.4683582285330279,0.48365766151087314,SL,PRE+FIRE,
871,12700,Dungog,2019,0.7595427059712774,0.48462189108447606,0.5316026957496919,0.43491055500217873,0.5863002198527357,SL,PRE+FIRE,
871,12750,Eurobodalla,2019,0.7658100277147897,0.48462189108447606,0.43616610465792455,0.38065301343542407,0.42364417244132013,SL,PRE+FIRE,
871,13010,Glen Innes Severn,2019,0.5593348450491308,0.48462189108447606,0.42113266009689393,0.39839869754498636,0.424341238277706,SL,PRE+FIRE,
871,13310,Goulburn Mulwaree,2019,0.4608371126228269,0.48462189108447606,0.5048600811792369,0.43876603802858305,0.5322002084918107,SL,PRE+FIRE,
871,13340,Greater Hume Shire,2019,0.48932350718065,0.48462189108447606,0.5138944363171758,0.42900034938599074,0.5396275095395061,SL,PRE+FIRE,
871,13660,Gwydir,2019,0.4161942554799697,0.48462189108447606,0.460889433178145,0.4717904839934308,0.546575665507284,SL,PRE+FIRE,
871,13800,Hawkesbury,2019,0.2963592844545225,0.48462189108447606,0.6432119575955031,0.38138196462795454,0.5067683521427785,SL,PRE+FIRE,
871,14220,Inverell,2019,0.5187074829931972,0.48462189108447606,0.4650138568810398,0.45843796123656916,0.4461946618669953,SL,PRE+FIRE,
871,14350,Kempsey,2019,0.3704963466868229,0.48462189108447606,0.40049271460830277,0.38958606231654264,0.43828003848743713,SL,PRE+FIRE,
871,14500,Ku-ring-gai,2019,0.7200963718820862,0.48462189108447606,0.6473783104295738,0.5332992736090705,0.5407386267435322,SL,PRE+FIRE,
871,14550,Kyogle,2019,0.4399407911312673,0.48462189108447606,0.40432953617172956,0.4275544948937494,0.41584517480834526,SL,PRE+FIRE,
871,14650,Lake Macquarie,2019,0.4308390022675737,0.48462189108447606,0.6264057062626003,0.4791115790612598,0.566499146745324,SL,PRE+FIRE,
871,14850,Lismore,2019,0.5275415721844293,0.48462189108447606,0.4757181960845485,0.4443836793343219,0.4661190758227811,SL,PRE+FIRE,
871,14870,Lithgow,2019,0.7300642479213909,0.48462189108447606,0.50372370897984,0.38768731542842566,0.4743212320379584,SL,PRE+FIRE,
871,15240,Mid-Coast,2019,0.5340765936004032,0.48462189108447606,0.44403870245264704,0.4047353304824514,0.42364772091646896,SL,PRE+FIRE,
871,15270,Mid-Western Regional,2019,0.2744394053917863,0.48462189108447606,0.5350471991080326,0.42090850215488057,0.4437982946098163,SL,PRE+FIRE,
871,15650,Muswellbrook,2019,0.7628495842781557,0.48462189108447606,0.5930508920610399,0.40029885799380016,0.5221422464086566,SL,PRE+FIRE,
871,15700,Nambucca Valley,2019,0.5531620055429579,0.48462189108447606,0.3913942114634963,0.40194009750053544,0.4244433317563592,SL,PRE+FIRE,
871,15750,Narrabri,2019,0.6654383975812548,0.48462189108447606,0.5111407996058074,0.46048473883597857,0.49239482493563413,SL,PRE+FIRE,
871,16100,Oberon,2019,0.1794690098261526,0.48462189108447606,0.5430197455083975,0.4060789761990691,0.5022240843008786,SL,PRE+FIRE,
871,16350,Penrith,2019,0.358985260770975,0.48462189108447606,0.5963779908980125,0.5227961231740829,0.5726126615598137,SL,PRE+FIRE,
871,16380,Port Macquarie-Hastings,2019,0.7208522297808013,0.48462189108447606,0.494629947557267,0.39299079287707034,0.5161128487548785,SL,PRE+FIRE,
871,16490,Queanbeyan-Palerang Regional,2019,0.8326404635928446,0.48462189108447606,0.6949569124310226,0.4034468486598448,0.5370505593703868,SL,PRE+FIRE,
871,16610,Richmond Valley,2019,0.4584593096497858,0.48462189108447606,0.4605525673309034,0.390845119042612,0.42075956689833416,SL,PRE+FIRE,
871,16950,Shoalhaven,2019,0.4584593096497858,0.48462189108447606,0.5101700382854507,0.38232100384481466,0.4555506089813809,SL,PRE+FIRE,
871,17000,Singleton,2019,0.3358371126228269,0.48462189108447606,0.6915166214224151,0.39405583227399954,0.553009572955822,SL,PRE+FIRE,
871,17040,Snowy Monaro Regional,2019,0.5235890652557319,0.48462189108447606,0.6050524117175938,0.41472164238855025,0.48679439858437573,SL,PRE+FIRE,
871,17080,Snowy Valleys,2019,0.5011652809271857,0.48462189108447606,0.5255314469369919,0.3900176282739474,0.5086897165336841,SL,PRE+FIRE,
871,17150,Sutherland Shire,2019,0.5077003023431594,0.48462189108447606,0.6934717975433056,0.5403403667947219,0.5436604989753339,SL,PRE+FIRE,
871,17310,Tamworth Regional,2019,0.6173941798941799,0.48462189108447606,0.5360790685940303,0.43179885037236176,0.5189779037635065,SL,PRE+FIRE,
871,17400,Tenterfield,2019,0.4500503905265809,0.48462189108447606,0.4008376591320292,0.39746398786329556,0.38717324212392934,SL,PRE+FIRE,
871,17550,Tweed,2019,0.6760204081632653,0.48462189108447606,0.5083950346231054,0.46031724043874706,0.5154301083222721,SL,PRE+FIRE,
871,17620,Upper Hunter Shire,2019,0.5809712773998488,0.48462189108447606,0.5964324854093611,0.4432580180548842,0.6144197342000035,SL,PRE+FIRE,
871,17640,Upper Lachlan Shire,2019,0.5642479213907785,0.48462189108447606,0.5685559884618755,0.4387207336768727,0.5375659659740397,SL,PRE+FIRE,
871,17650,Uralla,2019,0.5870653817082389,0.48462189108447606,0.5253677200831235,0.44732768773849363,0.4676392319393655,SL,PRE+FIRE,
871,17750,Wagga Wagga,2019,0.5179516250944822,0.48462189108447606,0.5810753738644981,0.44988256681595223,0.53216162673092,SL,PRE+FIRE,
871,17850,Walcha,2019,0.814625850340136,0.48462189108447606,0.5626061940949771,0.3935774060985967,0.4887303643022199,SL,PRE+FIRE,
871,18350,Wingecarribee,2019,0.6663832199546486,0.48462189108447606,0.6138433587621205,0.4025383273281248,0.5790004245522019,SL,PRE+FIRE,
871,18400,Wollondilly,2019,0.247039556563366,0.48462189108447606,0.6308531023688455,0.38512166176732354,0.5401119914590599,SL,PRE+FIRE,
880,11730,Clarence Valley,2019,0.2306783824640967,0.48462189108447606,0.39556884719113394,0.42217210614084766,0.4409569717011977,SL,PRE+FIRE,
880,14350,Kempsey,2019,0.5503590325018897,0.48462189108447606,0.3900038064058859,0.44105684736259,0.42969685305366534,SL,PRE+FIRE,
880,14550,Kyogle,2019,0.2928949357520786,0.48462189108447606,0.37497708151462994,0.4913671933170359,0.33995973524176953,SL,PRE+FIRE,
880,15240,Mid-Coast,2019,0.6900037792894935,0.48462189108447606,0.41992192690894387,0.48250477012288506,0.36453569618573645,SL,PRE+FIRE,
880,15700,Nambucca Valley,2019,0.7745181405895691,0.48462189108447606,0.41624601169232894,0.5837601577786641,0.3849551635450754,SL,PRE+FIRE,
880,16380,Port Macquarie-Hastings,2019,0.6579034391534391,0.48462189108447606,0.5350981539642085,0.4691588861196991,0.5442517833444808,SL,PRE+FIRE,
880,16610,Richmond Valley,2019,0.4971182917611488,0.48462189108447606,0.3695820876080224,0.4442499972098251,0.36935846968920094,SL,PRE+FIRE,
NSW1718-05,12700,Dungog,2017,0.6459750566893424,0.4832365879968664,0.5300768334357827,0.4833430913042602,0.5231873480302112,SL,PRE+FIRE,
NSW1718-05,15240,Mid-Coast,2017,0.4890636810279667,0.4832365879968664,0.42517122187658185,0.4829014738175445,0.40011374465706295,SL,PRE+FIRE,
NSW1718-05,16380,Port Macquarie-Hastings,2017,0.6665721844293273,0.4832365879968664,0.4916499653236173,0.48259155496049383,0.4946116974282918,SL,PRE+FIRE,
NSW1718-05,17620,Upper Hunter Shire,2017,0.9615457294028722,0.4832365879968664,0.5777457691460084,0.491425014512408,0.6262536927397565,SL,PRE+FIRE,
NSW1718-06,14350,Kempsey,2017,0.4143990929705215,0.4832365879968664,0.31691549536724617,0.4821488956801655,0.3793049234435563,SL,PRE+FIRE,
NSW1718-06,16380,Port Macquarie-Hastings,2017,0.5871598639455782,0.4832365879968664,0.4332365621353191,0.47967184360214,0.43646723998469883,SL,PRE+FIRE,
NSW1718-08,17310,Tamworth Regional,2017,0.4824499244142101,0.4832365879968664,0.5060945025656249,0.48528599547860274,0.5811033083023158,SL,PRE+FIRE,
NSW1718-09,13660,Gwydir,2017,0.9505385487528344,0.4832365879968664,0.47829843653645937,0.4850367657260314,0.5130060233632792,SL,PRE+FIRE,
NSW1718-09,17310,Tamworth Regional,2017,0.4441846182917611,0.4832365879968664,0.4973575689105071,0.48008556430559063,0.5001648435109108,SL,PRE+FIRE,
NSW1718-09,17650,Uralla,2017,0.1980347694633408,0.4832365879968664,0.4873480887903769,0.48443345540803495,0.4415224617477105,SL,PRE+FIRE,
NSW1718-10,16400,Port Stephens,2017,0.5389739229024944,0.4832365879968664,0.4459797764024566,0.47850802911596535,0.50323510157625,SL,PRE+FIRE,
NSW1718-11,11720,Cessnock,2017,0.3997543461829176,0.4832365879968664,0.4748901348224971,0.4915374324755502,0.4380756971287031,SL,PRE+FIRE,
NSW1718-11,15650,Muswellbrook,2017,0.898030045351474,0.4832365879968664,0.4995786327285422,0.4950452512291023,0.5926129424471018,SL,PRE+FIRE,
NSW1718-11,17000,Singleton,2017,0.4316893424036281,0.4832365879968664,0.5628678380823011,0.47752170248345,0.6250756150818558,SL,PRE+FIRE,
NSW1718-12,15750,Narrabri,2017,0.5630196523053665,0.4832365879968664,0.44782948184353333,0.4782713972412008,0.5330301579120438,SL,PRE+FIRE,
NSW1718-12,18020,Warrumbungle Shire,2017,0.1529195011337868,0.4832365879968664,0.3847170545294123,0.48023742337041286,0.47034683515759923,SL,PRE+FIRE,
NSW1718-13,17640,Upper Lachlan Shire,2017,0.4768046107331822,0.4832365879968664,0.518636560724203,0.48477025062322376,0.45696382902180277,SL,PRE+FIRE,
NSW1718-14,17150,Sutherland Shire,2017,0.6542422524565381,0.4832365879968664,0.5727923045164192,0.4760417501027265,0.5433232418605336,SL,PRE+FIRE,
NSW1718-15,17620,Upper Hunter Shire,2017,0.7321900982615268,0.4832365879968664,0.5678689361977768,0.48516243414645116,0.6140420341512947,SL,PRE+FIRE,
NSW1718-16,15270,Mid-Western Regional,2017,0.6873110355253212,0.4832365879968664,0.47215071252387303,0.4887217173640493,0.4075022200444364,SL,PRE+FIRE,
NSW1718-16,15650,Muswellbrook,2017,0.898030045351474,0.4832365879968664,0.515425878727079,0.48730067147861317,0.5737412415854007,SL,PRE+FIRE,
NSW1718-17,10470,Bathurst Regional,2017,0.5600907029478458,0.4832365879968664,0.4992236984445823,0.48936284090470383,0.49740040955936676,SL,PRE+FIRE,
NSW1718-17,11400,Cabonne,2017,0.8627645502645502,0.4832365879968664,0.5787177299107306,0.4839551060706634,0.5709980962539204,SL,PRE+FIRE,
NSW1718-18,14870,Lithgow,2017,0.6563681027966742,0.4832365879968664,0.47779762468960657,0.4898314149473261,0.48522544736328155,SL,PRE+FIRE,
NSW1718-19,13660,Gwydir,2017,0.9644274376417232,0.4832365879968664,0.4777252414892055,0.48503615685856916,0.5147326070064633,SL,PRE+FIRE,
NSW1718-19,15750,Narrabri,2017,0.6880196523053665,0.4832365879968664,0.5109553345483254,0.4875499973679306,0.5977363352646022,SL,PRE+FIRE,
NSW1718-20,10550,Bega Valley,2017,0.5425170068027211,0.4832365879968664,0.4365035960432626,0.4860970743600623,0.4330414999174374,SL,PRE+FIRE,
NSW1718-21,14900,Liverpool,2017,0.3386715797430083,0.4832365879968664,0.4131960168826133,0.4757021047513764,0.469452953370705,SL,PRE+FIRE,
NSW1718-21,17150,Sutherland Shire,2017,0.6280234315948602,0.4832365879968664,0.5286080595748434,0.47683618170971614,0.4855168527369866,SL,PRE+FIRE,
RAA-raa_2015_p15_r01,15750,Narrabri,2014,0.976851851851852,0.49726520365784127,0.5392472019315283,0.5135901799372747,0.5578468646026208,SL,PRE+FIRE,
RAA-raa_2015_p15_r05,10900,Blue Mountains,2015,0.8379629629629629,0.5006850694627549,0.47196194161040994,0.5033538092812135,0.4478656958708762,SL,PRE+FIRE,
RAA-raa_2015_p15_r09,16950,Shoalhaven,2015,0.2546296296296296,0.5006850694627549,0.4939731061501788,0.5655398450003446,0.4783176682762836,SL,PRE+FIRE,
RAA-raa_2015_p15_r11,13800,Hawkesbury,2015,0.1435185185185185,0.5006850694627549,0.5337190001526475,0.4917000925313543,0.5236469415238415,SL,PRE+FIRE,
RAA-raa_2016_p13_r06,14350,Kempsey,2016,0.3611111111111111,0.5040524070831119,0.4564221628584232,0.4981236845619799,0.40624250980723514,SL,PRE+FIRE,
RAA-raa_2016_p13_r07,17400,Tenterfield,2016,0.0277777777777777,0.5040524070831119,0.47957847945348153,0.5002999889335624,0.41679489639715955,SL,PRE+FIRE,
RAA-raa_2016_p13_r08,11720,Cessnock,2016,0.2083333333333333,0.5040524070831119,0.4795603725948881,0.5038632810097885,0.4977408279166817,SL,PRE+FIRE,
RAA-raa_2016_p13_r08,12700,Dungog,2016,0.6527777777777778,0.5040524070831119,0.4968067144623756,0.5111060403843548,0.5525947792726635,SL,PRE+FIRE,
RAA-raa_2016_p13_r08,15240,Mid-Coast,2016,0.324074074074074,0.5040524070831119,0.46819396605377944,0.5092745556971986,0.3818868455692088,SL,PRE+FIRE,
RAA-raa_2016_p13_r08,16400,Port Stephens,2016,0.4953703703703703,0.5040524070831119,0.4969273057359268,0.48748683755935934,0.49016156640285785,SL,PRE+FIRE,
RAA-raa_2016_p13_r12,16350,Penrith,2016,0.8148148148148148,0.5040524070831119,0.5221855488853151,0.5028996524777415,0.4941656714211028,SL,PRE+FIRE,
RAA-raa_2016_p13_r16,11720,Cessnock,2016,0.162037037037037,0.5040524070831119,0.4706321809780343,0.5035491027591905,0.452974650833431,SL,PRE+FIRE,
RAA-raa_2016_p13_r17,15270,Mid-Western Regional,2016,0.4814814814814814,0.5040524070831119,0.5003151874522271,0.5125379204586825,0.4562040273163868,SL,PRE+FIRE,
RAA-raa_2016_p13_r22,11720,Cessnock,2016,0.1342592592592592,0.5040524070831119,0.4548738819741871,0.5064420558629932,0.5076214131320621,SL,PRE+FIRE,
RAA-raa_2016_p13_r23,14350,Kempsey,2016,0.3472222222222222,0.5040524070831119,0.45650598713923274,0.5138325305193859,0.41462089960443715,SL,PRE+FIRE,
RAA-raa_2016_p13_r23,15240,Mid-Coast,2016,0.3194444444444444,0.5040524070831119,0.4962124832414362,0.49673003603384536,0.47845057478902303,SL,PRE+FIRE,
RAA-raa_2016_p13_r23,15270,Mid-Western Regional,2016,0.5370370370370371,0.5040524070831119,0.5302309102520378,0.5011913891225783,0.4025086038500414,SL,PRE+FIRE,
RAA-raa_2016_p13_r23,17620,Upper Hunter Shire,2016,0.9351851851851852,0.5040524070831119,0.5536061851779386,0.497093285244808,0.5571120449293304,SL,PRE+FIRE,
RAA-raa_2016_p13_r23,18020,Warrumbungle Shire,2016,0.4768518518518518,0.5040524070831119,0.4609940142420186,0.4932515153721422,0.43581582640492256,SL,PRE+FIRE,
RAA-raa_2016_p13_r26,17000,Singleton,2016,0.7870370370370371,0.5040524070831119,0.6415151094434951,0.5048577491049261,0.6202883537046675,SL,PRE+FIRE,
