region_id,council,fy,item,value_aud,page,label,file
10050,Albury,2015-16,capex_ippe,32631000.0,8,"Purchase of infrastructure, property, plant and equipment",/Users/ray/Library/CloudStorage/OneDrive-KnoxGrammarSchool/Extracurriculars/AUSSEF/05 Data Archive/Council Financial Statements (NSW councils FY2015-16 to FY2023-24)/Comparison councils/Albury (10050)/Albury - FY2016-17 - Financial Statements.pdf
10050,Albury,2015-16,depreciation,26486000.0,4,Depreciation and amortisation,/Users/ray/Library/CloudStorage/OneDrive-KnoxGrammarSchool/Extracurriculars/AUSSEF/05 Data Archive/Council Financial Statements (NSW councils FY2015-16 to FY2023-24)/Comparison councils/Albury (10050)/Albury - FY2016-17 - Financial Statements.pdf
10050,Albury,2015-16,grants_contrib_capital,15435000.0,4,Grants and contributions provided for capital purposes,/Users/ray/Library/CloudStorage/OneDrive-KnoxGrammarSchool/Extracurriculars/AUSSEF/05 Data Archive/Council Financial Statements (NSW councils FY2015-16 to FY2023-24)/Comparison councils/Albury (10050)/Albury - FY2016-17 - Financial Statements.pdf
10050,Albury,2015-16,grants_contrib_operating,9119000.0,4,Grants and contributions provided for operating purposes,/Users/ray/Library/CloudStorage/OneDrive-KnoxGrammarSchool/Extracurriculars/AUSSEF/05 Data Archive/Council Financial Statements (NSW councils FY2015-16 to FY2023-24)/Comparison councils/Albury (10050)/Albury - FY2016-17 - Financial Statements.pdf
10050,Albury,2015-16,total_expenses,101906000.0,4,Total expenses from continuing operations,/Users/ray/Library/CloudStorage/OneDrive-KnoxGrammarSchool/Extracurriculars/AUSSEF/05 Data Archive/Council Financial Statements (NSW councils FY2015-16 to FY2023-24)/Comparison councils/Albury (10050)/Albury - FY2016-17 - Financial Statements.pdf
10050,Albury,2016-17,capex_ippe,28720000.0,8,"Purchase of infrastructure, property, plant and equipment",/Users/ray/Library/CloudStorage/OneDrive-KnoxGrammarSchool/Extracurriculars/AUSSEF/05 Data Archive/Council Financial Statements (NSW councils FY2015-16 to FY2023-24)/Comparison councils/Albury (10050)/Albury - FY2016-17 - Financial Statements.pdf
10050,Albury,2016-17,depreciation,27091000.0,4,Depreciation and amortisation,/Users/ray/Library/CloudStorage/OneDrive-KnoxGrammarSchool/Extracurriculars/AUSSEF/05 Data Archive/Council Financial Statements (NSW councils FY2015-16 to FY2023-24)/Comparison councils/Albury (10050)/Albury - FY2016-17 - Financial Statements.pdf
10050,Albury,2016-17,grants_contrib_capital,16110000.0,4,Grants and contributions provided for capital purposes,/Users/ray/Library/CloudStorage/OneDrive-KnoxGrammarSchool/Extracurriculars/AUSSEF/05 Data Archive/Council Financial Statements (NSW councils FY2015-16 to FY2023-24)/Comparison councils/Albury (10050)/Albury - FY2016-17 - Financial Statements.pdf
10050,Albury,2016-17,grants_contrib_operating,12389000.0,4,Grants and contributions provided for operating purposes,/Users/ray/Library/CloudStorage/OneDrive-KnoxGrammarSchool/Extracurriculars/AUSSEF/05 Data Archive/Council Financial Statements (NSW councils FY2015-16 to FY2023-24)/Comparison councils/Albury (10050)/Albury - FY2016-17 - Financial Statements.pdf
10050,Albury,2016-17,total_expenses,103623000.0,4,Total expenses from continuing operations,/Users/ray/Library/CloudStorage/OneDrive-KnoxGrammarSchool/Extracurriculars/AUSSEF/05 Data Archive/Council Financial Statements (NSW councils FY2015-16 to FY2023-24)/Comparison councils/Albury (10050)/Albury - FY2016-17 - Financial Statements.pdf
10050,Albury,2017-18,capex_ippe,41451000.0,8,"Purchase of infrastructure, property, plant and equipment",/Users/ray/Library/CloudStorage/OneDrive-KnoxGrammarSchool/Extracurriculars/AUSSEF/05 Data Archive/Council Financial Statements (NSW councils FY2015-16 to FY2023-24)/Comparison councils/Albury (10050)/Albury - FY2017-18 - Financial Statements.pdf
10050,Albury,2017-18,depreciation,28152000.0,4,Depreciation and amortisation,/Users/ray/Library/CloudStorage/OneDrive-KnoxGrammarSchool/Extracurriculars/AUSSEF/05 Data Archive/Council Financial Statements (NSW councils FY2015-16 to FY2023-24)/Comparison councils/Albury (10050)/Albury - FY2017-18 - Financial Statements.pdf
10050,Albury,2017-18,grants_contrib_capital,20459000.0,4,Grants and contributions provided for capital purposes,/Users/ray/Library/CloudStorage/OneDrive-KnoxGrammarSchool/Extracurriculars/AUSSEF/05 Data Archive/Council Financial Statements (NSW councils FY2015-16 to FY2023-24)/Comparison councils/Albury (10050)/Albury - FY2017-18 - Financial Statements.pdf
10050,Albury,2017-18,grants_contrib_operating,9436000.0,4,Grants and contributions provided for operating purposes,/Users/ray/Library/CloudStorage/OneDrive-KnoxGrammarSchool/Extracurriculars/AUSSEF/05 Data Archive/Council Financial Statements (NSW councils FY2015-16 to FY2023-24)/Comparison councils/Albury (10050)/Albury - FY2017-18 - Financial Statements.pdf
10050,Albury,2017-18,total_expenses,106478000.0,4,Total expenses from continuing operations,/Users/ray/Library/CloudStorage/OneDrive-KnoxGrammarSchool/Extracurriculars/AUSSEF/05 Data Archive/Council Financial Statements (NSW councils FY2015-16 to FY2023-24)/Comparison councils/Albury (10050)/Albury - FY2017-18 - Financial Statements.pdf
10050,Albury,2018-19,capex_ippe,43560000.0,8,"Purchase of infrastructure, property, plant and equipment",/Users/ray/Library/CloudStorage/OneDrive-KnoxGrammarSchool/Extracurriculars/AUSSEF/05 Data Archive/Council Financial Statements (NSW councils FY2015-16 to FY2023-24)/Comparison councils/Albury (10050)/Albury - FY2018-19 - Financial Statements.pdf
10050,Albury,2018-19,depreciation,30058000.0,4,Depreciation and amortisation,/Users/ray/Library/CloudStorage/OneDrive-KnoxGrammarSchool/Extracurriculars/AUSSEF/05 Data Archive/Council Financial Statements (NSW councils FY2015-16 to FY2023-24)/Comparison councils/Albury (10050)/Albury - FY2018-19 - Financial Statements.pdf
10050,Albury,2018-19,grants_contrib_capital,36548000.0,4,Grants and contributions provided for capital purposes,/Users/ray/Library/CloudStorage/OneDrive-KnoxGrammarSchool/Extracurriculars/AUSSEF/05 Data Archive/Council Financial Statements (NSW councils FY2015-16 to FY2023-24)/Comparison councils/Albury (10050)/Albury - FY2018-19 - Financial Statements.pdf
10050,Albury,2018-19,grants_contrib_operating,12862000.0,4,Grants and contributions provided for operating purposes,/Users/ray/Library/CloudStorage/OneDrive-KnoxGrammarSchool/Extracurriculars/AUSSEF/05 Data Archive/Council Financial Statements (NSW councils FY2015-16 to FY2023-24)/Comparison councils/Albury (10050)/Albury - FY2018-19 - Financial Statements.pdf
10050,Albury,2018-19,total_expenses,117734000.0,4,Total expenses from continuing operations,/Users/ray/Library/CloudStorage/OneDrive-KnoxGrammarSchool/Extracurriculars/AUSSEF/05 Data Archive/Council Financial Statements (NSW councils FY2015-16 to FY2023-24)/Comparison councils/Albury (10050)/Albury - FY2018-19 - Financial Statements.pdf
10050,Albury,2019-20,capex_ippe,46519000.0,8,"Purchase of infrastructure, property, plant and equipment",/Users/ray/Library/CloudStorage/OneDrive-KnoxGrammarSchool/Extracurriculars/AUSSEF/05 Data Archive/Council Financial Statements (NSW councils FY2015-16 to FY2023-24)/Comparison councils/Albury (10050)/Albury - FY2019-20 - Financial Statements.pdf
10050,Albury,2019-20,depreciation,34283000.0,4,Depreciation and amortisation,/Users/ray/Library/CloudStorage/OneDrive-KnoxGrammarSchool/Extracurriculars/AUSSEF/05 Data Archive/Council Financial Statements (NSW councils FY2015-16 to FY2023-24)/Comparison councils/Albury (10050)/Albury - FY2019-20 - Financial Statements.pdf
10050,Albury,2019-20,grants_contrib_capital,16932000.0,4,Grants and contributions provided for capital purposes,/Users/ray/Library/CloudStorage/OneDrive-KnoxGrammarSchool/Extracurriculars/AUSSEF/05 Data Archive/Council Financial Statements (NSW councils FY2015-16 to FY2023-24)/Comparison councils/Albury (10050)/Albury - FY2019-20 - Financial Statements.pdf
10050,Albury,2019-20,grants_contrib_operating,10666000.0,4,Grants and contributions provided for operating purposes,/Users/ray/Library/CloudStorage/OneDrive-KnoxGrammarSchool/Extracurriculars/AUSSEF/05 Data Archive/Council Financial Statements (NSW councils FY2015-16 to FY2023-24)/Comparison councils/Albury (10050)/Albury - FY2019-20 - Financial Statements.pdf
10050,Albury,2019-20,total_expenses,125213000.0,4,Total expenses from continuing operations,/Users/ray/Library/CloudStorage/OneDrive-KnoxGrammarSchool/Extracurriculars/AUSSEF/05 Data Archive/Council Financial Statements (NSW councils FY2015-16 to FY2023-24)/Comparison councils/Albury (10050)/Albury - FY2019-20 - Financial Statements.pdf
10050,Albury,2020-21,capex_ippe,44937000.0,8,"Purchase of infrastructure, property, plant and equipment",/Users/ray/Library/CloudStorage/OneDrive-KnoxGrammarSchool/Extracurriculars/AUSSEF/05 Data Archive/Council Financial Statements (NSW councils FY2015-16 to FY2023-24)/Comparison councils/Albury (10050)/Albury - FY2020-21 - Financial Statements.pdf
10050,Albury,2020-21,depreciation,37534000.0,4,"Depreciation, amortisation and impairment for non-financial assets",/Users/ray/Library/CloudStorage/OneDrive-KnoxGrammarSchool/Extracurriculars/AUSSEF/05 Data Archive/Council Financial Statements (NSW councils FY2015-16 to FY2023-24)/Comparison councils/Albury (10050)/Albury - FY2020-21 - Financial Statements.pdf
10050,Albury,2020-21,grants_contrib_capital,27541000.0,4,Grants and contributions provided for capital purposes,/Users/ray/Library/CloudStorage/OneDrive-KnoxGrammarSchool/Extracurriculars/AUSSEF/05 Data Archive/Council Financial Statements (NSW councils FY2015-16 to FY2023-24)/Comparison councils/Albury (10050)/Albury - FY2020-21 - Financial Statements.pdf
10050,Albury,2020-21,grants_contrib_operating,15693000.0,4,Grants and contributions provided for operating purposes,/Users/ray/Library/CloudStorage/OneDrive-KnoxGrammarSchool/Extracurriculars/AUSSEF/05 Data Archive/Council Financial Statements (NSW councils FY2015-16 to FY2023-24)/Comparison councils/Albury (10050)/Albury - FY2020-21 - Financial Statements.pdf
10050,Albury,2020-21,total_expenses,135537000.0,4,Total expenses from continuing operations,/Users/ray/Library/CloudStorage/OneDrive-KnoxGrammarSchool/Extracurriculars/AUSSEF/05 Data Archive/Council Financial Statements (NSW councils FY2015-16 to FY2023-24)/Comparison councils/Albury (10050)/Albury - FY2020-21 - Financial Statements.pdf
10050,Albury,2021-22,capex_ippe,30459000.0,8,Payments for IPPE,/Users/ray/Library/CloudStorage/OneDrive-KnoxGrammarSchool/Extracurriculars/AUSSEF/05 Data Archive/Council Financial Statements (NSW councils FY2015-16 to FY2023-24)/Comparison councils/Albury (10050)/Albury - FY2021-22 - Financial Statements.pdf
10050,Albury,2021-22,depreciation,39196000.0,4,"Depreciation, amortisation and impairment of non-financial assets",/Users/ray/Library/CloudStorage/OneDrive-KnoxGrammarSchool/Extracurriculars/AUSSEF/05 Data Archive/Council Financial Statements (NSW councils FY2015-16 to FY2023-24)/Comparison councils/Albury (10050)/Albury - FY2021-22 - Financial Statements.pdf
10050,Albury,2021-22,grants_contrib_capital,24630000.0,4,Grants and contributions provided for capital purposes,/Users/ray/Library/CloudStorage/OneDrive-KnoxGrammarSchool/Extracurriculars/AUSSEF/05 Data Archive/Council Financial Statements (NSW councils FY2015-16 to FY2023-24)/Comparison councils/Albury (10050)/Albury - FY2021-22 - Financial Statements.pdf
10050,Albury,2021-22,grants_contrib_operating,20606000.0,4,Grants and contributions provided for operating purposes,/Users/ray/Library/CloudStorage/OneDrive-KnoxGrammarSchool/Extracurriculars/AUSSEF/05 Data Archive/Council Financial Statements (NSW councils FY2015-16 to FY2023-24)/Comparison councils/Albury (10050)/Albury - FY2021-22 - Financial Statements.pdf
10050,Albury,2021-22,total_expenses,149850000.0,4,Total expenses from continuing operations,/Users/ray/Library/CloudStorage/OneDrive-KnoxGrammarSchool/Extracurriculars/AUSSEF/05 Data Archive/Council Financial Statements (NSW councils FY2015-16 to FY2023-24)/Comparison councils/Albury (10050)/Albury - FY2021-22 - Financial Statements.pdf
10050,Albury,2022-23,capex_ippe,38698000.0,8,Payments for IPPE,/Users/ray/Library/CloudStorage/OneDrive-KnoxGrammarSchool/Extracurriculars/AUSSEF/05 Data Archive/Council Financial Statements (NSW councils FY2015-16 to FY2023-24)/Comparison councils/Albury (10050)/Albury - FY2022-23 - Financial Statements.pdf
10050,Albury,2022-23,depreciation,42448000.0,4,"Depreciation, amortisation and impairment of non-financial assets",/Users/ray/Library/CloudStorage/OneDrive-KnoxGrammarSchool/Extracurriculars/AUSSEF/05 Data Archive/Council Financial Statements (NSW councils FY2015-16 to FY2023-24)/Comparison councils/Albury (10050)/Albury - FY2022-23 - Financial Statements.pdf
10050,Albury,2022-23,grants_contrib_capital,31020000.0,4,Grants and contributions provided for capital purposes,/Users/ray/Library/CloudStorage/OneDrive-KnoxGrammarSchool/Extracurriculars/AUSSEF/05 Data Archive/Council Financial Statements (NSW councils FY2015-16 to FY2023-24)/Comparison councils/Albury (10050)/Albury - FY2022-23 - Financial Statements.pdf
10050,Albury,2022-23,grants_contrib_operating,15259000.0,4,Grants and contributions provided for operating purposes,/Users/ray/Library/CloudStorage/OneDrive-KnoxGrammarSchool/Extracurriculars/AUSSEF/05 Data Archive/Council Financial Statements (NSW councils FY2015-16 to FY2023-24)/Comparison councils/Albury (10050)/Albury - FY2022-23 - Financial Statements.pdf
10050,Albury,2022-23,other_disaster_line,,85,"This was mainly spent on roads, and repairing assets damaged by natural disasters.",/Users/ray/Library/CloudStorage/OneDrive-KnoxGrammarSchool/Extracurriculars/AUSSEF/05 Data Archive/Council Financial Statements (NSW councils FY2015-16 to FY2023-24)/Comparison councils/Albury (10050)/Albury - FY2022-23 - Financial Statements.pdf
10050,Albury,2022-23,total_expenses,161746000.0,4,Total expenses from continuing operations,/Users/ray/Library/CloudStorage/OneDrive-KnoxGrammarSchool/Extracurriculars/AUSSEF/05 Data Archive/Council Financial Statements (NSW councils FY2015-16 to FY2023-24)/Comparison councils/Albury (10050)/Albury - FY2022-23 - Financial Statements.pdf
10050,Albury,2023-24,capex_ippe,60430000.0,8,Payments for IPPE,/Users/ray/Library/CloudStorage/OneDrive-KnoxGrammarSchool/Extracurriculars/AUSSEF/05 Data Archive/Council Financial Statements (NSW councils FY2015-16 to FY2023-24)/Comparison councils/Albury (10050)/Albury - FY2023-24 - Financial Statements.pdf
10050,Albury,2023-24,depreciation,42294000.0,4,"Depreciation, amortisation and impairment of non-financial assets",/Users/ray/Library/CloudStorage/OneDrive-KnoxGrammarSchool/Extracurriculars/AUSSEF/05 Data Archive/Council Financial Statements (NSW councils FY2015-16 to FY2023-24)/Comparison councils/Albury (10050)/Albury - FY2023-24 - Financial Statements.pdf
10050,Albury,2023-24,grants_contrib_capital,22708000.0,4,Grants and contributions provided for capital purposes,/Users/ray/Library/CloudStorage/OneDrive-KnoxGrammarSchool/Extracurriculars/AUSSEF/05 Data Archive/Council Financial Statements (NSW councils FY2015-16 to FY2023-24)/Comparison councils/Albury (10050)/Albury - FY2023-24 - Financial Statements.pdf
10050,Albury,2023-24,grants_contrib_operating,11120000.0,4,Grants and contributions provided for operating purposes,/Users/ray/Library/CloudStorage/OneDrive-KnoxGrammarSchool/Extracurriculars/AUSSEF/05 Data Archive/Council Financial Statements (NSW councils FY2015-16 to FY2023-24)/Comparison councils/Albury (10050)/Albury - FY2023-24 - Financial Statements.pdf
10050,Albury,2023-24,total_expenses,171436000.0,4,Total expenses from continuing operations,/Users/ray/Library/CloudStorage/OneDrive-KnoxGrammarSchool/Extracurriculars/AUSSEF/05 Data Archive/Council Financial Statements (NSW councils FY2015-16 to FY2023-24)/Comparison councils/Albury (10050)/Albury - FY2023-24 - Financial Statements.pdf
10650,Berrigan,2015-16,bushfire_emergency_services_grant,94000.0,33,Bushfire and emergency services,/Users/ray/Library/CloudStorage/OneDrive-KnoxGrammarSchool/Extracurriculars/AUSSEF/05 Data Archive/Council Financial Statements (NSW councils FY2015-16 to FY2023-24)/Comparison councils/Berrigan (10650)/Berrigan - FY2015-16 - Financial Statements.pdf
10650,Berrigan,2015-16,capex_ippe,9068000.0,8,"Purchase of infrastructure, property, plant and equipment",/Users/ray/Library/CloudStorage/OneDrive-KnoxGrammarSchool/Extracurriculars/AUSSEF/05 Data Archive/Council Financial Statements (NSW councils FY2015-16 to FY2023-24)/Comparison councils/Berrigan (10650)/Berrigan - FY2015-16 - Financial Statements.pdf
10650,Berrigan,2015-16,depreciation,5758000.0,4,Depreciation and amortisation,/Users/ray/Library/CloudStorage/OneDrive-KnoxGrammarSchool/Extracurriculars/AUSSEF/05 Data Archive/Council Financial Statements (NSW councils FY2015-16 to FY2023-24)/Comparison councils/Berrigan (10650)/Berrigan - FY2015-16 - Financial Statements.pdf
10650,Berrigan,2015-16,grants_contrib_capital,2586000.0,4,Grants and contributions provided for capital purposes,/Users/ray/Library/CloudStorage/OneDrive-KnoxGrammarSchool/Extracurriculars/AUSSEF/05 Data Archive/Council Financial Statements (NSW councils FY2015-16 to FY2023-24)/Comparison councils/Berrigan (10650)/Berrigan - FY2015-16 - Financial Statements.pdf
10650,Berrigan,2015-16,grants_contrib_operating,7993000.0,4,Grants and contributions provided for operating purposes,/Users/ray/Library/CloudStorage/OneDrive-KnoxGrammarSchool/Extracurriculars/AUSSEF/05 Data Archive/Council Financial Statements (NSW councils FY2015-16 to FY2023-24)/Comparison councils/Berrigan (10650)/Berrigan - FY2015-16 - Financial Statements.pdf
10650,Berrigan,2015-16,total_expenses,18005000.0,4,Total expenses from continuing operations,/Users/ray/Library/CloudStorage/OneDrive-KnoxGrammarSchool/Extracurriculars/AUSSEF/05 Data Archive/Council Financial Statements (NSW councils FY2015-16 to FY2023-24)/Comparison councils/Berrigan (10650)/Berrigan - FY2015-16 - Financial Statements.pdf
10650,Berrigan,2016-17,bushfire_emergency_services_grant,85000.0,25,Bushfire and emergency services,/Users/ray/Library/CloudStorage/OneDrive-KnoxGrammarSchool/Extracurriculars/AUSSEF/05 Data Archive/Council Financial Statements (NSW councils FY2015-16 to FY2023-24)/Comparison councils/Berrigan (10650)/Berrigan - FY2016-17 - Financial Statements.pdf
10650,Berrigan,2016-17,capex_ippe,7560000.0,8,"Purchase of infrastructure, property, plant and equipment",/Users/ray/Library/CloudStorage/OneDrive-KnoxGrammarSchool/Extracurriculars/AUSSEF/05 Data Archive/Council Financial Statements (NSW councils FY2015-16 to FY2023-24)/Comparison councils/Berrigan (10650)/Berrigan - FY2016-17 - Financial Statements.pdf
10650,Berrigan,2016-17,depreciation,5873000.0,4,Depreciation and amortisation,/Users/ray/Library/CloudStorage/OneDrive-KnoxGrammarSchool/Extracurriculars/AUSSEF/05 Data Archive/Council Financial Statements (NSW councils FY2015-16 to FY2023-24)/Comparison councils/Berrigan (10650)/Berrigan - FY2016-17 - Financial Statements.pdf
10650,Berrigan,2016-17,grants_contrib_capital,1965000.0,4,Grants and contributions provided for capital purposes,/Users/ray/Library/CloudStorage/OneDrive-KnoxGrammarSchool/Extracurriculars/AUSSEF/05 Data Archive/Council Financial Statements (NSW councils FY2015-16 to FY2023-24)/Comparison councils/Berrigan (10650)/Berrigan - FY2016-17 - Financial Statements.pdf
10650,Berrigan,2016-17,grants_contrib_operating,9944000.0,4,Grants and contributions provided for operating purposes,/Users/ray/Library/CloudStorage/OneDrive-KnoxGrammarSchool/Extracurriculars/AUSSEF/05 Data Archive/Council Financial Statements (NSW councils FY2015-16 to FY2023-24)/Comparison councils/Berrigan (10650)/Berrigan - FY2016-17 - Financial Statements.pdf
10650,Berrigan,2016-17,other_disaster_line,500000.0,52,"An additional $500K in Flood repair funding was allocated to Berrigan Shire Council in 2016/17, which the Council was required to spend within the financial year.",/Users/ray/Library/CloudStorage/OneDrive-KnoxGrammarSchool/Extracurriculars/AUSSEF/05 Data Archive/Council Financial Statements (NSW councils FY2015-16 to FY2023-24)/Comparison councils/Berrigan (10650)/Berrigan - FY2016-17 - Financial Statements.pdf
10650,Berrigan,2016-17,other_disaster_line,500000.0,85,"$500,000 of disaster relief funding to assist with repairs to damaged roads following significant flooding during the year.",/Users/ray/Library/CloudStorage/OneDrive-KnoxGrammarSchool/Extracurriculars/AUSSEF/05 Data Archive/Council Financial Statements (NSW councils FY2015-16 to FY2023-24)/Comparison councils/Berrigan (10650)/Berrigan - FY2016-17 - Financial Statements.pdf
10650,Berrigan,2016-17,other_disaster_line,,140,Flood Recovery – Tocumwal Levee & Lower River Road,/Users/ray/Library/CloudStorage/OneDrive-KnoxGrammarSchool/Extracurriculars/AUSSEF/05 Data Archive/Council Financial Statements (NSW councils FY2015-16 to FY2023-24)/Comparison councils/Berrigan (10650)/Berrigan - FY2020-21 - Financial Statements.pdf
10650,Berrigan,2016-17,total_expenses,18501000.0,4,Total expenses from continuing operations,/Users/ray/Library/CloudStorage/OneDrive-KnoxGrammarSchool/Extracurriculars/AUSSEF/05 Data Archive/Council Financial Statements (NSW councils FY2015-16 to FY2023-24)/Comparison councils/Berrigan (10650)/Berrigan - FY2016-17 - Financial Statements.pdf
10650,Berrigan,2017-18,bushfire_emergency_services_grant,65000.0,19,Bushfire and emergency services,/Users/ray/Library/CloudStorage/OneDrive-KnoxGrammarSchool/Extracurriculars/AUSSEF/05 Data Archive/Council Financial Statements (NSW councils FY2015-16 to FY2023-24)/Comparison councils/Berrigan (10650)/Berrigan - FY2017-18 - Financial Statements.pdf
10650,Berrigan,2017-18,capex_ippe,8288000.0,9,"Purchase of infrastructure, property, plant and equipment",/Users/ray/Library/CloudStorage/OneDrive-KnoxGrammarSchool/Extracurriculars/AUSSEF/05 Data Archive/Council Financial Statements (NSW councils FY2015-16 to FY2023-24)/Comparison councils/Berrigan (10650)/Berrigan - FY2017-18 - Financial Statements.pdf
10650,Berrigan,2017-18,depreciation,5861000.0,5,Depreciation and amortisation,/Users/ray/Library/CloudStorage/OneDrive-KnoxGrammarSchool/Extracurriculars/AUSSEF/05 Data Archive/Council Financial Statements (NSW councils FY2015-16 to FY2023-24)/Comparison councils/Berrigan (10650)/Berrigan - FY2017-18 - Financial Statements.pdf
10650,Berrigan,2017-18,grants_contrib_capital,1760000.0,5,Grants and contributions provided for capital purposes,/Users/ray/Library/CloudStorage/OneDrive-KnoxGrammarSchool/Extracurriculars/AUSSEF/05 Data Archive/Council Financial Statements (NSW councils FY2015-16 to FY2023-24)/Comparison councils/Berrigan (10650)/Berrigan - FY2017-18 - Financial Statements.pdf
10650,Berrigan,2017-18,grants_contrib_operating,7680000.0,5,Grants and contributions provided for operating purposes,/Users/ray/Library/CloudStorage/OneDrive-KnoxGrammarSchool/Extracurriculars/AUSSEF/05 Data Archive/Council Financial Statements (NSW councils FY2015-16 to FY2023-24)/Comparison councils/Berrigan (10650)/Berrigan - FY2017-18 - Financial Statements.pdf
10650,Berrigan,2017-18,total_expenses,18433000.0,5,Total expenses from continuing operations,/Users/ray/Library/CloudStorage/OneDrive-KnoxGrammarSchool/Extracurriculars/AUSSEF/05 Data Archive/Council Financial Statements (NSW councils FY2015-16 to FY2023-24)/Comparison councils/Berrigan (10650)/Berrigan - FY2017-18 - Financial Statements.pdf
10650,Berrigan,2018-19,bushfire_emergency_services_grant,59000.0,20,Bushfire and emergency services,/Users/ray/Library/CloudStorage/OneDrive-KnoxGrammarSchool/Extracurriculars/AUSSEF/05 Data Archive/Council Financial Statements (NSW councils FY2015-16 to FY2023-24)/Comparison councils/Berrigan (10650)/Berrigan - FY2018-19 - Financial Statements.pdf
10650,Berrigan,2018-19,capex_ippe,8542000.0,10,"Purchase of infrastructure, property, plant and equipment",/Users/ray/Library/CloudStorage/OneDrive-KnoxGrammarSchool/Extracurriculars/AUSSEF/05 Data Archive/Council Financial Statements (NSW councils FY2015-16 to FY2023-24)/Comparison councils/Berrigan (10650)/Berrigan - FY2018-19 - Financial Statements.pdf
10650,Berrigan,2018-19,depreciation,6081000.0,6,Depreciation and amortisation,/Users/ray/Library/CloudStorage/OneDrive-KnoxGrammarSchool/Extracurriculars/AUSSEF/05 Data Archive/Council Financial Statements (NSW councils FY2015-16 to FY2023-24)/Comparison councils/Berrigan (10650)/Berrigan - FY2018-19 - Financial Statements.pdf
10650,Berrigan,2018-19,grants_contrib_capital,3569000.0,6,Grants and contributions provided for capital purposes,/Users/ray/Library/CloudStorage/OneDrive-KnoxGrammarSchool/Extracurriculars/AUSSEF/05 Data Archive/Council Financial Statements (NSW councils FY2015-16 to FY2023-24)/Comparison councils/Berrigan (10650)/Berrigan - FY2018-19 - Financial Statements.pdf
10650,Berrigan,2018-19,grants_contrib_operating,6589000.0,6,Grants and contributions provided for operating purposes,/Users/ray/Library/CloudStorage/OneDrive-KnoxGrammarSchool/Extracurriculars/AUSSEF/05 Data Archive/Council Financial Statements (NSW councils FY2015-16 to FY2023-24)/Comparison councils/Berrigan (10650)/Berrigan - FY2018-19 - Financial Statements.pdf
10650,Berrigan,2018-19,other_disaster_line,,21,Floodplain management,/Users/ray/Library/CloudStorage/OneDrive-KnoxGrammarSchool/Extracurriculars/AUSSEF/05 Data Archive/Council Financial Statements (NSW councils FY2015-16 to FY2023-24)/Comparison councils/Berrigan (10650)/Berrigan - FY2019-20 - Financial Statements.pdf
10650,Berrigan,2018-19,total_expenses,20838000.0,6,Total expenses from continuing operations,/Users/ray/Library/CloudStorage/OneDrive-KnoxGrammarSchool/Extracurriculars/AUSSEF/05 Data Archive/Council Financial Statements (NSW councils FY2015-16 to FY2023-24)/Comparison councils/Berrigan (10650)/Berrigan - FY2018-19 - Financial Statements.pdf
10650,Berrigan,2019-20,bushfire_emergency_services_grant,59000.0,21,Bushfire and emergency services,/Users/ray/Library/CloudStorage/OneDrive-KnoxGrammarSchool/Extracurriculars/AUSSEF/05 Data Archive/Council Financial Statements (NSW councils FY2015-16 to FY2023-24)/Comparison councils/Berrigan (10650)/Berrigan - FY2019-20 - Financial Statements.pdf
10650,Berrigan,2019-20,capex_ippe,11290000.0,10,"Purchase of infrastructure, property, plant and equipment",/Users/ray/Library/CloudStorage/OneDrive-KnoxGrammarSchool/Extracurriculars/AUSSEF/05 Data Archive/Council Financial Statements (NSW councils FY2015-16 to FY2023-24)/Comparison councils/Berrigan (10650)/Berrigan - FY2019-20 - Financial Statements.pdf
10650,Berrigan,2019-20,depreciation,6225000.0,6,Depreciation and amortisation,/Users/ray/Library/CloudStorage/OneDrive-KnoxGrammarSchool/Extracurriculars/AUSSEF/05 Data Archive/Council Financial Statements (NSW councils FY2015-16 to FY2023-24)/Comparison councils/Berrigan (10650)/Berrigan - FY2019-20 - Financial Statements.pdf
10650,Berrigan,2019-20,grants_contrib_capital,3631000.0,6,Grants and contributions provided for capital purposes,/Users/ray/Library/CloudStorage/OneDrive-KnoxGrammarSchool/Extracurriculars/AUSSEF/05 Data Archive/Council Financial Statements (NSW councils FY2015-16 to FY2023-24)/Comparison councils/Berrigan (10650)/Berrigan - FY2019-20 - Financial Statements.pdf
10650,Berrigan,2019-20,grants_contrib_operating,7834000.0,6,Grants and contributions provided for operating purposes,/Users/ray/Library/CloudStorage/OneDrive-KnoxGrammarSchool/Extracurriculars/AUSSEF/05 Data Archive/Council Financial Statements (NSW councils FY2015-16 to FY2023-24)/Comparison councils/Berrigan (10650)/Berrigan - FY2019-20 - Financial Statements.pdf
10650,Berrigan,2019-20,other_disaster_line,103000.0,21,Floodplain management,/Users/ray/Library/CloudStorage/OneDrive-KnoxGrammarSchool/Extracurriculars/AUSSEF/05 Data Archive/Council Financial Statements (NSW councils FY2015-16 to FY2023-24)/Comparison councils/Berrigan (10650)/Berrigan - FY2019-20 - Financial Statements.pdf
10650,Berrigan,2019-20,total_expenses,22160000.0,6,Total expenses from continuing operations,/Users/ray/Library/CloudStorage/OneDrive-KnoxGrammarSchool/Extracurriculars/AUSSEF/05 Data Archive/Council Financial Statements (NSW councils FY2015-16 to FY2023-24)/Comparison councils/Berrigan (10650)/Berrigan - FY2019-20 - Financial Statements.pdf
10650,Berrigan,2020-21,bushfire_emergency_services_grant,59000.0,21,Bushfire and emergency services,/Users/ray/Library/CloudStorage/OneDrive-KnoxGrammarSchool/Extracurriculars/AUSSEF/05 Data Archive/Council Financial Statements (NSW councils FY2015-16 to FY2023-24)/Comparison councils/Berrigan (10650)/Berrigan - FY2020-21 - Financial Statements.pdf
10650,Berrigan,2020-21,capex_ippe,13109000.0,10,"Purchase of infrastructure, property, plant and equipment",/Users/ray/Library/CloudStorage/OneDrive-KnoxGrammarSchool/Extracurriculars/AUSSEF/05 Data Archive/Council Financial Statements (NSW councils FY2015-16 to FY2023-24)/Comparison councils/Berrigan (10650)/Berrigan - FY2020-21 - Financial Statements.pdf
10650,Berrigan,2020-21,depreciation,6546000.0,6,"Depreciation, amortisation and impairment of non-financial assets",/Users/ray/Library/CloudStorage/OneDrive-KnoxGrammarSchool/Extracurriculars/AUSSEF/05 Data Archive/Council Financial Statements (NSW councils FY2015-16 to FY2023-24)/Comparison councils/Berrigan (10650)/Berrigan - FY2020-21 - Financial Statements.pdf
10650,Berrigan,2020-21,grants_contrib_capital,6397000.0,6,Grants and contributions provided for capital purposes,/Users/ray/Library/CloudStorage/OneDrive-KnoxGrammarSchool/Extracurriculars/AUSSEF/05 Data Archive/Council Financial Statements (NSW councils FY2015-16 to FY2023-24)/Comparison councils/Berrigan (10650)/Berrigan - FY2020-21 - Financial Statements.pdf
10650,Berrigan,2020-21,grants_contrib_operating,8181000.0,6,Grants and contributions provided for operating purposes,/Users/ray/Library/CloudStorage/OneDrive-KnoxGrammarSchool/Extracurriculars/AUSSEF/05 Data Archive/Council Financial Statements (NSW councils FY2015-16 to FY2023-24)/Comparison councils/Berrigan (10650)/Berrigan - FY2020-21 - Financial Statements.pdf
10650,Berrigan,2020-21,other_disaster_line,,21,Floodplain management,/Users/ray/Library/CloudStorage/OneDrive-KnoxGrammarSchool/Extracurriculars/AUSSEF/05 Data Archive/Council Financial Statements (NSW councils FY2015-16 to FY2023-24)/Comparison councils/Berrigan (10650)/Berrigan - FY2020-21 - Financial Statements.pdf
10650,Berrigan,2020-21,total_expenses,23563000.0,6,Total expenses from continuing operations,/Users/ray/Library/CloudStorage/OneDrive-KnoxGrammarSchool/Extracurriculars/AUSSEF/05 Data Archive/Council Financial Statements (NSW councils FY2015-16 to FY2023-24)/Comparison councils/Berrigan (10650)/Berrigan - FY2020-21 - Financial Statements.pdf
10650,Berrigan,2021-22,bushfire_emergency_services_grant,73000.0,20,Bushfire and emergency services,/Users/ray/Library/CloudStorage/OneDrive-KnoxGrammarSchool/Extracurriculars/AUSSEF/05 Data Archive/Council Financial Statements (NSW councils FY2015-16 to FY2023-24)/Comparison councils/Berrigan (10650)/Berrigan - FY2021-22 - Financial Statements.pdf
10650,Berrigan,2021-22,capex_ippe,9027000.0,10,Payments for IPPE,/Users/ray/Library/CloudStorage/OneDrive-KnoxGrammarSchool/Extracurriculars/AUSSEF/05 Data Archive/Council Financial Statements (NSW councils FY2015-16 to FY2023-24)/Comparison councils/Berrigan (10650)/Berrigan - FY2021-22 - Financial Statements.pdf
10650,Berrigan,2021-22,depreciation,7423000.0,6,"Depreciation, amortisation and impairment of non-financial assets",/Users/ray/Library/CloudStorage/OneDrive-KnoxGrammarSchool/Extracurriculars/AUSSEF/05 Data Archive/Council Financial Statements (NSW councils FY2015-16 to FY2023-24)/Comparison councils/Berrigan (10650)/Berrigan - FY2021-22 - Financial Statements.pdf
10650,Berrigan,2021-22,grants_contrib_capital,3734000.0,6,Grants and contributions provided for capital purposes,/Users/ray/Library/CloudStorage/OneDrive-KnoxGrammarSchool/Extracurriculars/AUSSEF/05 Data Archive/Council Financial Statements (NSW councils FY2015-16 to FY2023-24)/Comparison councils/Berrigan (10650)/Berrigan - FY2021-22 - Financial Statements.pdf
10650,Berrigan,2021-22,grants_contrib_operating,9060000.0,6,Grants and contributions provided for operating purposes,/Users/ray/Library/CloudStorage/OneDrive-KnoxGrammarSchool/Extracurriculars/AUSSEF/05 Data Archive/Council Financial Statements (NSW councils FY2015-16 to FY2023-24)/Comparison councils/Berrigan (10650)/Berrigan - FY2021-22 - Financial Statements.pdf
10650,Berrigan,2021-22,total_expenses,25250000.0,6,Total expenses from continuing operations,/Users/ray/Library/CloudStorage/OneDrive-KnoxGrammarSchool/Extracurriculars/AUSSEF/05 Data Archive/Council Financial Statements (NSW councils FY2015-16 to FY2023-24)/Comparison councils/Berrigan (10650)/Berrigan - FY2021-22 - Financial Statements.pdf
10650,Berrigan,2022-23,bushfire_emergency_services_grant,61000.0,20,Bushfire and emergency services,/Users/ray/Library/CloudStorage/OneDrive-KnoxGrammarSchool/Extracurriculars/AUSSEF/05 Data Archive/Council Financial Statements (NSW councils FY2015-16 to FY2023-24)/Comparison councils/Berrigan (10650)/Berrigan - FY2022-23 - Financial Statements.pdf
10650,Berrigan,2022-23,capex_ippe,13578000.0,10,Payments for IPPE,/Users/ray/Library/CloudStorage/OneDrive-KnoxGrammarSchool/Extracurriculars/AUSSEF/05 Data Archive/Council Financial Statements (NSW councils FY2015-16 to FY2023-24)/Comparison councils/Berrigan (10650)/Berrigan - FY2022-23 - Financial Statements.pdf
10650,Berrigan,2022-23,depreciation,8471000.0,6,"Depreciation, amortisation and impairment of non-financial assets",/Users/ray/Library/CloudStorage/OneDrive-KnoxGrammarSchool/Extracurriculars/AUSSEF/05 Data Archive/Council Financial Statements (NSW councils FY2015-16 to FY2023-24)/Comparison councils/Berrigan (10650)/Berrigan - FY2022-23 - Financial Statements.pdf
10650,Berrigan,2022-23,grants_contrib_capital,6350000.0,6,Grants and contributions provided for capital purposes,/Users/ray/Library/CloudStorage/OneDrive-KnoxGrammarSchool/Extracurriculars/AUSSEF/05 Data Archive/Council Financial Statements (NSW councils FY2015-16 to FY2023-24)/Comparison councils/Berrigan (10650)/Berrigan - FY2022-23 - Financial Statements.pdf
10650,Berrigan,2022-23,grants_contrib_operating,11028000.0,6,Grants and contributions provided for operating purposes,/Users/ray/Library/CloudStorage/OneDrive-KnoxGrammarSchool/Extracurriculars/AUSSEF/05 Data Archive/Council Financial Statements (NSW councils FY2015-16 to FY2023-24)/Comparison councils/Berrigan (10650)/Berrigan - FY2022-23 - Financial Statements.pdf
10650,Berrigan,2022-23,other_disaster_line,,32,Council is currently revaluing their assets on a regular basis and with current inflation costs and natural disasters has not accounted for the large increase in the cost of some asset classes.,/Users/ray/Library/CloudStorage/OneDrive-KnoxGrammarSchool/Extracurriculars/AUSSEF/05 Data Archive/Council Financial Statements (NSW councils FY2015-16 to FY2023-24)/Comparison councils/Berrigan (10650)/Berrigan - FY2022-23 - Financial Statements.pdf
10650,Berrigan,2022-23,other_disaster_line,,113,impacted by flooding which resulted in ... delays to the scheduled works,/Users/ray/Library/CloudStorage/OneDrive-KnoxGrammarSchool/Extracurriculars/AUSSEF/05 Data Archive/Council Financial Statements (NSW councils FY2015-16 to FY2023-24)/Comparison councils/Berrigan (10650)/Berrigan - FY2022-23 - Financial Statements.pdf
10650,Berrigan,2022-23,other_disaster_line,,109,"Councils' infrastructure network was impacted by flooding in 2022/2023, which resulted in interruptions and delays to the scheduled works",/Users/ray/Library/CloudStorage/OneDrive-KnoxGrammarSchool/Extracurriculars/AUSSEF/05 Data Archive/Council Financial Statements (NSW councils FY2015-16 to FY2023-24)/Comparison councils/Berrigan (10650)/Berrigan - FY2023-24 - Financial Statements.pdf
10650,Berrigan,2022-23,total_expenses,29909000.0,6,Total expenses from continuing operations,/Users/ray/Library/CloudStorage/OneDrive-KnoxGrammarSchool/Extracurriculars/AUSSEF/05 Data Archive/Council Financial Statements (NSW councils FY2015-16 to FY2023-24)/Comparison councils/Berrigan (10650)/Berrigan - FY2022-23 - Financial Statements.pdf
10650,Berrigan,2023-24,bushfire_emergency_services_grant,62000.0,20,Bushfire and emergency services,/Users/ray/Library/CloudStorage/OneDrive-KnoxGrammarSchool/Extracurriculars/AUSSEF/05 Data Archive/Council Financial Statements (NSW councils FY2015-16 to FY2023-24)/Comparison councils/Berrigan (10650)/Berrigan - FY2023-24 - Financial Statements.pdf
10650,Berrigan,2023-24,capex_ippe,14705000.0,10,Payments for IPPE,/Users/ray/Library/CloudStorage/OneDrive-KnoxGrammarSchool/Extracurriculars/AUSSEF/05 Data Archive/Council Financial Statements (NSW councils FY2015-16 to FY2023-24)/Comparison councils/Berrigan (10650)/Berrigan - FY2023-24 - Financial Statements.pdf
10650,Berrigan,2023-24,depreciation,8967000.0,6,"Depreciation, amortisation and impairment of non-financial assets",/Users/ray/Library/CloudStorage/OneDrive-KnoxGrammarSchool/Extracurriculars/AUSSEF/05 Data Archive/Council Financial Statements (NSW councils FY2015-16 to FY2023-24)/Comparison councils/Berrigan (10650)/Berrigan - FY2023-24 - Financial Statements.pdf
10650,Berrigan,2023-24,grants_contrib_capital,6743000.0,6,Grants and contributions provided for capital purposes,/Users/ray/Library/CloudStorage/OneDrive-KnoxGrammarSchool/Extracurriculars/AUSSEF/05 Data Archive/Council Financial Statements (NSW councils FY2015-16 to FY2023-24)/Comparison councils/Berrigan (10650)/Berrigan - FY2023-24 - Financial Statements.pdf
10650,Berrigan,2023-24,grants_contrib_operating,9281000.0,6,Grants and contributions provided for operating purposes,/Users/ray/Library/CloudStorage/OneDrive-KnoxGrammarSchool/Extracurriculars/AUSSEF/05 Data Archive/Council Financial Statements (NSW councils FY2015-16 to FY2023-24)/Comparison councils/Berrigan (10650)/Berrigan - FY2023-24 - Financial Statements.pdf
10650,Berrigan,2023-24,other_disaster_line,39000.0,20,Floodplain management,/Users/ray/Library/CloudStorage/OneDrive-KnoxGrammarSchool/Extracurriculars/AUSSEF/05 Data Archive/Council Financial Statements (NSW councils FY2015-16 to FY2023-24)/Comparison councils/Berrigan (10650)/Berrigan - FY2023-24 - Financial Statements.pdf
10650,Berrigan,2023-24,other_disaster_line,,30,Council is currently revaluing their assets on a regular basis and with current inflation costs and natural disasters Council has not accounted for the large increase in the impairments of some asset classes.,/Users/ray/Library/CloudStorage/OneDrive-KnoxGrammarSchool/Extracurriculars/AUSSEF/05 Data Archive/Council Financial Statements (NSW councils FY2015-16 to FY2023-24)/Comparison councils/Berrigan (10650)/Berrigan - FY2023-24 - Financial Statements.pdf
10650,Berrigan,2023-24,total_expenses,32671000.0,6,Total expenses from continuing operations,/Users/ray/Library/CloudStorage/OneDrive-KnoxGrammarSchool/Extracurriculars/AUSSEF/05 Data Archive/Council Financial Statements (NSW councils FY2015-16 to FY2023-24)/Comparison councils/Berrigan (10650)/Berrigan - FY2023-24 - Financial Statements.pdf
10800,Bland,2015-16,bushfire_emergency_services_grant,111000.0,34,Bushfire and emergency services,/Users/ray/Library/CloudStorage/OneDrive-KnoxGrammarSchool/Extracurriculars/AUSSEF/05 Data Archive/Council Financial Statements (NSW councils FY2015-16 to FY2023-24)/Comparison councils/Bland (10800)/Bland - FY2015-16 - Financial Statements.pdf
10800,Bland,2015-16,capex_ippe,6705000.0,9,"Purchase of infrastructure, property, plant and equipment",/Users/ray/Library/CloudStorage/OneDrive-KnoxGrammarSchool/Extracurriculars/AUSSEF/05 Data Archive/Council Financial Statements (NSW councils FY2015-16 to FY2023-24)/Comparison councils/Bland (10800)/Bland - FY2015-16 - Financial Statements.pdf
10800,Bland,2015-16,depreciation,5206000.0,5,Depreciation and amortisation,/Users/ray/Library/CloudStorage/OneDrive-KnoxGrammarSchool/Extracurriculars/AUSSEF/05 Data Archive/Council Financial Statements (NSW councils FY2015-16 to FY2023-24)/Comparison councils/Bland (10800)/Bland - FY2015-16 - Financial Statements.pdf
10800,Bland,2015-16,disaster_grant_operating,44000.0,34,Flood restoration,/Users/ray/Library/CloudStorage/OneDrive-KnoxGrammarSchool/Extracurriculars/AUSSEF/05 Data Archive/Council Financial Statements (NSW councils FY2015-16 to FY2023-24)/Comparison councils/Bland (10800)/Bland - FY2015-16 - Financial Statements.pdf
10800,Bland,2015-16,grants_contrib_capital,1364000.0,5,Grants and contributions provided for capital purposes,/Users/ray/Library/CloudStorage/OneDrive-KnoxGrammarSchool/Extracurriculars/AUSSEF/05 Data Archive/Council Financial Statements (NSW councils FY2015-16 to FY2023-24)/Comparison councils/Bland (10800)/Bland - FY2015-16 - Financial Statements.pdf
10800,Bland,2015-16,grants_contrib_operating,12616000.0,5,Grants and contributions provided for operating purposes,/Users/ray/Library/CloudStorage/OneDrive-KnoxGrammarSchool/Extracurriculars/AUSSEF/05 Data Archive/Council Financial Statements (NSW councils FY2015-16 to FY2023-24)/Comparison councils/Bland (10800)/Bland - FY2015-16 - Financial Statements.pdf
10800,Bland,2015-16,other_disaster_line,,27,Bushfire services,/Users/ray/Library/CloudStorage/OneDrive-KnoxGrammarSchool/Extracurriculars/AUSSEF/05 Data Archive/Council Financial Statements (NSW councils FY2015-16 to FY2023-24)/Comparison councils/Bland (10800)/Bland - FY2016-17 - Financial Statements.pdf
10800,Bland,2015-16,total_expenses,19971000.0,5,Total expenses from continuing operations,/Users/ray/Library/CloudStorage/OneDrive-KnoxGrammarSchool/Extracurriculars/AUSSEF/05 Data Archive/Council Financial Statements (NSW councils FY2015-16 to FY2023-24)/Comparison councils/Bland (10800)/Bland - FY2015-16 - Financial Statements.pdf
10800,Bland,2016-17,bushfire_emergency_services_grant,177000.0,26,Bushfire and emergency services,/Users/ray/Library/CloudStorage/OneDrive-KnoxGrammarSchool/Extracurriculars/AUSSEF/05 Data Archive/Council Financial Statements (NSW councils FY2015-16 to FY2023-24)/Comparison councils/Bland (10800)/Bland - FY2016-17 - Financial Statements.pdf
10800,Bland,2016-17,capex_ippe,6589000.0,9,"Purchase of infrastructure, property, plant and equipment",/Users/ray/Library/CloudStorage/OneDrive-KnoxGrammarSchool/Extracurriculars/AUSSEF/05 Data Archive/Council Financial Statements (NSW councils FY2015-16 to FY2023-24)/Comparison councils/Bland (10800)/Bland - FY2016-17 - Financial Statements.pdf
10800,Bland,2016-17,depreciation,5262000.0,5,Depreciation and amortisation,/Users/ray/Library/CloudStorage/OneDrive-KnoxGrammarSchool/Extracurriculars/AUSSEF/05 Data Archive/Council Financial Statements (NSW councils FY2015-16 to FY2023-24)/Comparison councils/Bland (10800)/Bland - FY2016-17 - Financial Statements.pdf
10800,Bland,2016-17,disaster_grant_operating,1041000.0,26,Flood restoration,/Users/ray/Library/CloudStorage/OneDrive-KnoxGrammarSchool/Extracurriculars/AUSSEF/05 Data Archive/Council Financial Statements (NSW councils FY2015-16 to FY2023-24)/Comparison councils/Bland (10800)/Bland - FY2016-17 - Financial Statements.pdf
10800,Bland,2016-17,grants_contrib_capital,1493000.0,5,Grants and contributions provided for capital purposes,/Users/ray/Library/CloudStorage/OneDrive-KnoxGrammarSchool/Extracurriculars/AUSSEF/05 Data Archive/Council Financial Statements (NSW councils FY2015-16 to FY2023-24)/Comparison councils/Bland (10800)/Bland - FY2016-17 - Financial Statements.pdf
10800,Bland,2016-17,grants_contrib_operating,16748000.0,5,Grants and contributions provided for operating purposes,/Users/ray/Library/CloudStorage/OneDrive-KnoxGrammarSchool/Extracurriculars/AUSSEF/05 Data Archive/Council Financial Statements (NSW councils FY2015-16 to FY2023-24)/Comparison councils/Bland (10800)/Bland - FY2016-17 - Financial Statements.pdf
10800,Bland,2016-17,other_disaster_line,118000.0,27,Bushfire services,/Users/ray/Library/CloudStorage/OneDrive-KnoxGrammarSchool/Extracurriculars/AUSSEF/05 Data Archive/Council Financial Statements (NSW councils FY2015-16 to FY2023-24)/Comparison councils/Bland (10800)/Bland - FY2016-17 - Financial Statements.pdf
10800,Bland,2016-17,other_disaster_line,1000000.0,53,Advance FAG of $3.8M. Flood Damage grant of $1M.,/Users/ray/Library/CloudStorage/OneDrive-KnoxGrammarSchool/Extracurriculars/AUSSEF/05 Data Archive/Council Financial Statements (NSW councils FY2015-16 to FY2023-24)/Comparison councils/Bland (10800)/Bland - FY2016-17 - Financial Statements.pdf
10800,Bland,2016-17,other_disaster_line,,53,Investment securities increased due to unbudgeted advance FAG Payments and flood damage,/Users/ray/Library/CloudStorage/OneDrive-KnoxGrammarSchool/Extracurriculars/AUSSEF/05 Data Archive/Council Financial Statements (NSW councils FY2015-16 to FY2023-24)/Comparison councils/Bland (10800)/Bland - FY2016-17 - Financial Statements.pdf
10800,Bland,2016-17,other_disaster_line,1000000.0,78,$1.0 million one-off flood restoration grant received in 2016–17.,/Users/ray/Library/CloudStorage/OneDrive-KnoxGrammarSchool/Extracurriculars/AUSSEF/05 Data Archive/Council Financial Statements (NSW councils FY2015-16 to FY2023-24)/Comparison councils/Bland (10800)/Bland - FY2017-18 - Financial Statements.pdf
10800,Bland,2016-17,total_expenses,19280000.0,5,Total expenses from continuing operations,/Users/ray/Library/CloudStorage/OneDrive-KnoxGrammarSchool/Extracurriculars/AUSSEF/05 Data Archive/Council Financial Statements (NSW councils FY2015-16 to FY2023-24)/Comparison councils/Bland (10800)/Bland - FY2016-17 - Financial Statements.pdf
10800,Bland,2017-18,bushfire_emergency_services_grant,51000.0,19,Bushfire and emergency services,/Users/ray/Library/CloudStorage/OneDrive-KnoxGrammarSchool/Extracurriculars/AUSSEF/05 Data Archive/Council Financial Statements (NSW councils FY2015-16 to FY2023-24)/Comparison councils/Bland (10800)/Bland - FY2017-18 - Financial Statements.pdf
10800,Bland,2017-18,capex_ippe,6546000.0,9,"Purchase of infrastructure, property, plant and equipment",/Users/ray/Library/CloudStorage/OneDrive-KnoxGrammarSchool/Extracurriculars/AUSSEF/05 Data Archive/Council Financial Statements (NSW councils FY2015-16 to FY2023-24)/Comparison councils/Bland (10800)/Bland - FY2017-18 - Financial Statements.pdf
10800,Bland,2017-18,depreciation,8507000.0,5,Depreciation and amortisation,/Users/ray/Library/CloudStorage/OneDrive-KnoxGrammarSchool/Extracurriculars/AUSSEF/05 Data Archive/Council Financial Statements (NSW councils FY2015-16 to FY2023-24)/Comparison councils/Bland (10800)/Bland - FY2017-18 - Financial Statements.pdf
10800,Bland,2017-18,disaster_expense,,52,Road works activities included Flood damage works and addition R2R works resulted in increases in M&C,/Users/ray/Library/CloudStorage/OneDrive-KnoxGrammarSchool/Extracurriculars/AUSSEF/05 Data Archive/Council Financial Statements (NSW councils FY2015-16 to FY2023-24)/Comparison councils/Bland (10800)/Bland - FY2017-18 - Financial Statements.pdf
10800,Bland,2017-18,disaster_grant_operating,,19,Flood restoration,/Users/ray/Library/CloudStorage/OneDrive-KnoxGrammarSchool/Extracurriculars/AUSSEF/05 Data Archive/Council Financial Statements (NSW councils FY2015-16 to FY2023-24)/Comparison councils/Bland (10800)/Bland - FY2017-18 - Financial Statements.pdf
10800,Bland,2017-18,grants_contrib_capital,1664000.0,5,Grants and contributions provided for capital purposes,/Users/ray/Library/CloudStorage/OneDrive-KnoxGrammarSchool/Extracurriculars/AUSSEF/05 Data Archive/Council Financial Statements (NSW councils FY2015-16 to FY2023-24)/Comparison councils/Bland (10800)/Bland - FY2017-18 - Financial Statements.pdf
10800,Bland,2017-18,grants_contrib_operating,12137000.0,5,Grants and contributions provided for operating purposes,/Users/ray/Library/CloudStorage/OneDrive-KnoxGrammarSchool/Extracurriculars/AUSSEF/05 Data Archive/Council Financial Statements (NSW councils FY2015-16 to FY2023-24)/Comparison councils/Bland (10800)/Bland - FY2017-18 - Financial Statements.pdf
10800,Bland,2017-18,other_disaster_line,,20,Bushfire services,/Users/ray/Library/CloudStorage/OneDrive-KnoxGrammarSchool/Extracurriculars/AUSSEF/05 Data Archive/Council Financial Statements (NSW councils FY2015-16 to FY2023-24)/Comparison councils/Bland (10800)/Bland - FY2017-18 - Financial Statements.pdf
10800,Bland,2017-18,other_disaster_line,,51,Extra funding received due to Flood damage event in 2016. Unbudgeted funding for Strengthening communities program,/Users/ray/Library/CloudStorage/OneDrive-KnoxGrammarSchool/Extracurriculars/AUSSEF/05 Data Archive/Council Financial Statements (NSW councils FY2015-16 to FY2023-24)/Comparison councils/Bland (10800)/Bland - FY2017-18 - Financial Statements.pdf
10800,Bland,2017-18,total_expenses,23541000.0,5,Total expenses from continuing operations,/Users/ray/Library/CloudStorage/OneDrive-KnoxGrammarSchool/Extracurriculars/AUSSEF/05 Data Archive/Council Financial Statements (NSW councils FY2015-16 to FY2023-24)/Comparison councils/Bland (10800)/Bland - FY2017-18 - Financial Statements.pdf
10800,Bland,2018-19,bushfire_emergency_services_grant,18000.0,21,Bushfire and emergency services,/Users/ray/Library/CloudStorage/OneDrive-KnoxGrammarSchool/Extracurriculars/AUSSEF/05 Data Archive/Council Financial Statements (NSW councils FY2015-16 to FY2023-24)/Comparison councils/Bland (10800)/Bland - FY2018-19 - Financial Statements.pdf
10800,Bland,2018-19,capex_ippe,13486000.0,10,"Purchase of infrastructure, property, plant and equipment",/Users/ray/Library/CloudStorage/OneDrive-KnoxGrammarSchool/Extracurriculars/AUSSEF/05 Data Archive/Council Financial Statements (NSW councils FY2015-16 to FY2023-24)/Comparison councils/Bland (10800)/Bland - FY2018-19 - Financial Statements.pdf
10800,Bland,2018-19,depreciation,8836000.0,6,Depreciation and amortisation,/Users/ray/Library/CloudStorage/OneDrive-KnoxGrammarSchool/Extracurriculars/AUSSEF/05 Data Archive/Council Financial Statements (NSW councils FY2015-16 to FY2023-24)/Comparison councils/Bland (10800)/Bland - FY2018-19 - Financial Statements.pdf
10800,Bland,2018-19,disaster_expense,-6368000.0,39,– Impairment of road assets due to flood damage,/Users/ray/Library/CloudStorage/OneDrive-KnoxGrammarSchool/Extracurriculars/AUSSEF/05 Data Archive/Council Financial Statements (NSW councils FY2015-16 to FY2023-24)/Comparison councils/Bland (10800)/Bland - FY2018-19 - Financial Statements.pdf
10800,Bland,2018-19,disaster_expense,7400000.0,58,Council engaged contractors to carry out flood damage work to the vaule of $7.4 million.,/Users/ray/Library/CloudStorage/OneDrive-KnoxGrammarSchool/Extracurriculars/AUSSEF/05 Data Archive/Council Financial Statements (NSW councils FY2015-16 to FY2023-24)/Comparison councils/Bland (10800)/Bland - FY2018-19 - Financial Statements.pdf
10800,Bland,2018-19,disaster_grant_operating,37000.0,21,Storm/flood damage,/Users/ray/Library/CloudStorage/OneDrive-KnoxGrammarSchool/Extracurriculars/AUSSEF/05 Data Archive/Council Financial Statements (NSW councils FY2015-16 to FY2023-24)/Comparison councils/Bland (10800)/Bland - FY2018-19 - Financial Statements.pdf
10800,Bland,2018-19,grants_contrib_capital,8237000.0,6,Grants and contributions provided for capital purposes,/Users/ray/Library/CloudStorage/OneDrive-KnoxGrammarSchool/Extracurriculars/AUSSEF/05 Data Archive/Council Financial Statements (NSW councils FY2015-16 to FY2023-24)/Comparison councils/Bland (10800)/Bland - FY2018-19 - Financial Statements.pdf
10800,Bland,2018-19,grants_contrib_operating,12623000.0,6,Grants and contributions provided for operating purposes,/Users/ray/Library/CloudStorage/OneDrive-KnoxGrammarSchool/Extracurriculars/AUSSEF/05 Data Archive/Council Financial Statements (NSW councils FY2015-16 to FY2023-24)/Comparison councils/Bland (10800)/Bland - FY2018-19 - Financial Statements.pdf
10800,Bland,2018-19,other_disaster_line,6300000.0,57,"Council's flood damage claim was finalised in July 2018, resulting in no income being budgeted for. Council then received $6,300,000 for flood damage in the 2018/19 financial year.",/Users/ray/Library/CloudStorage/OneDrive-KnoxGrammarSchool/Extracurriculars/AUSSEF/05 Data Archive/Council Financial Statements (NSW councils FY2015-16 to FY2023-24)/Comparison councils/Bland (10800)/Bland - FY2018-19 - Financial Statements.pdf
10800,Bland,2018-19,other_disaster_line,,58,"Investment securities increased due to unbudgeted advance FAG payments, flood damage and drought communities grants.",/Users/ray/Library/CloudStorage/OneDrive-KnoxGrammarSchool/Extracurriculars/AUSSEF/05 Data Archive/Council Financial Statements (NSW councils FY2015-16 to FY2023-24)/Comparison councils/Bland (10800)/Bland - FY2018-19 - Financial Statements.pdf
10800,Bland,2018-19,total_expenses,25116000.0,6,Total expenses from continuing operations,/Users/ray/Library/CloudStorage/OneDrive-KnoxGrammarSchool/Extracurriculars/AUSSEF/05 Data Archive/Council Financial Statements (NSW councils FY2015-16 to FY2023-24)/Comparison councils/Bland (10800)/Bland - FY2018-19 - Financial Statements.pdf
10800,Bland,2019-20,bushfire_emergency_services_grant,15000.0,20,Bushfire and emergency services,/Users/ray/Library/CloudStorage/OneDrive-KnoxGrammarSchool/Extracurriculars/AUSSEF/05 Data Archive/Council Financial Statements (NSW councils FY2015-16 to FY2023-24)/Comparison councils/Bland (10800)/Bland - FY2019-20 - Financial Statements.pdf
10800,Bland,2019-20,capex_ippe,11383000.0,10,"Purchase of infrastructure, property, plant and equipment",/Users/ray/Library/CloudStorage/OneDrive-KnoxGrammarSchool/Extracurriculars/AUSSEF/05 Data Archive/Council Financial Statements (NSW councils FY2015-16 to FY2023-24)/Comparison councils/Bland (10800)/Bland - FY2019-20 - Financial Statements.pdf
10800,Bland,2019-20,depreciation,8659000.0,6,Depreciation and amortisation,/Users/ray/Library/CloudStorage/OneDrive-KnoxGrammarSchool/Extracurriculars/AUSSEF/05 Data Archive/Council Financial Statements (NSW councils FY2015-16 to FY2023-24)/Comparison councils/Bland (10800)/Bland - FY2019-20 - Financial Statements.pdf
10800,Bland,2019-20,disaster_grant_operating,46000.0,20,Storm/flood damage,/Users/ray/Library/CloudStorage/OneDrive-KnoxGrammarSchool/Extracurriculars/AUSSEF/05 Data Archive/Council Financial Statements (NSW councils FY2015-16 to FY2023-24)/Comparison councils/Bland (10800)/Bland - FY2019-20 - Financial Statements.pdf
10800,Bland,2019-20,grants_contrib_capital,13787000.0,6,Grants and contributions provided for capital purposes,/Users/ray/Library/CloudStorage/OneDrive-KnoxGrammarSchool/Extracurriculars/AUSSEF/05 Data Archive/Council Financial Statements (NSW councils FY2015-16 to FY2023-24)/Comparison councils/Bland (10800)/Bland - FY2019-20 - Financial Statements.pdf
10800,Bland,2019-20,grants_contrib_operating,13764000.0,6,Grants and contributions provided for operating purposes,/Users/ray/Library/CloudStorage/OneDrive-KnoxGrammarSchool/Extracurriculars/AUSSEF/05 Data Archive/Council Financial Statements (NSW councils FY2015-16 to FY2023-24)/Comparison councils/Bland (10800)/Bland - FY2019-20 - Financial Statements.pdf
10800,Bland,2019-20,other_disaster_line,8700000.0,67,Council received an unprecedented number of grants and contributions this year. Included in this balance is $8.7million in flood damage and the additional drought support funding included in the Roads to Recovery program for $1.8million,/Users/ray/Library/CloudStorage/OneDrive-KnoxGrammarSchool/Extracurriculars/AUSSEF/05 Data Archive/Council Financial Statements (NSW councils FY2015-16 to FY2023-24)/Comparison councils/Bland (10800)/Bland - FY2019-20 - Financial Statements.pdf
10800,Bland,2019-20,other_disaster_line,,84,"reliance on external funding ... grant based, with the flood damage program and other additional grants this year impacting the own source revenue ratio.",/Users/ray/Library/CloudStorage/OneDrive-KnoxGrammarSchool/Extracurriculars/AUSSEF/05 Data Archive/Council Financial Statements (NSW councils FY2015-16 to FY2023-24)/Comparison councils/Bland (10800)/Bland - FY2019-20 - Financial Statements.pdf
10800,Bland,2019-20,total_expenses,24001000.0,6,Total expenses from continuing operations,/Users/ray/Library/CloudStorage/OneDrive-KnoxGrammarSchool/Extracurriculars/AUSSEF/05 Data Archive/Council Financial Statements (NSW councils FY2015-16 to FY2023-24)/Comparison councils/Bland (10800)/Bland - FY2019-20 - Financial Statements.pdf
10800,Bland,2020-21,bushfire_emergency_services_grant,42000.0,21,Bushfire and emergency services,/Users/ray/Library/CloudStorage/OneDrive-KnoxGrammarSchool/Extracurriculars/AUSSEF/05 Data Archive/Council Financial Statements (NSW councils FY2015-16 to FY2023-24)/Comparison councils/Bland (10800)/Bland - FY2020-21 - Financial Statements.pdf
10800,Bland,2020-21,capex_ippe,16332000.0,10,"Purchase of infrastructure, property, plant and equipment",/Users/ray/Library/CloudStorage/OneDrive-KnoxGrammarSchool/Extracurriculars/AUSSEF/05 Data Archive/Council Financial Statements (NSW councils FY2015-16 to FY2023-24)/Comparison councils/Bland (10800)/Bland - FY2020-21 - Financial Statements.pdf
10800,Bland,2020-21,depreciation,7260000.0,6,"Depreciation, amortisation and impairment for non-financial assets",/Users/ray/Library/CloudStorage/OneDrive-KnoxGrammarSchool/Extracurriculars/AUSSEF/05 Data Archive/Council Financial Statements (NSW councils FY2015-16 to FY2023-24)/Comparison councils/Bland (10800)/Bland - FY2020-21 - Financial Statements.pdf
10800,Bland,2020-21,disaster_grant_operating,10000.0,21,Storm/flood damage,/Users/ray/Library/CloudStorage/OneDrive-KnoxGrammarSchool/Extracurriculars/AUSSEF/05 Data Archive/Council Financial Statements (NSW councils FY2015-16 to FY2023-24)/Comparison councils/Bland (10800)/Bland - FY2020-21 - Financial Statements.pdf
10800,Bland,2020-21,grants_contrib_capital,7224000.0,6,Grants and contributions provided for capital purposes,/Users/ray/Library/CloudStorage/OneDrive-KnoxGrammarSchool/Extracurriculars/AUSSEF/05 Data Archive/Council Financial Statements (NSW councils FY2015-16 to FY2023-24)/Comparison councils/Bland (10800)/Bland - FY2020-21 - Financial Statements.pdf
10800,Bland,2020-21,grants_contrib_operating,11407000.0,6,Grants and contributions provided for operating purposes,/Users/ray/Library/CloudStorage/OneDrive-KnoxGrammarSchool/Extracurriculars/AUSSEF/05 Data Archive/Council Financial Statements (NSW councils FY2015-16 to FY2023-24)/Comparison councils/Bland (10800)/Bland - FY2020-21 - Financial Statements.pdf
10800,Bland,2020-21,other_disaster_line,191000.0,21,Bushfire services,/Users/ray/Library/CloudStorage/OneDrive-KnoxGrammarSchool/Extracurriculars/AUSSEF/05 Data Archive/Council Financial Statements (NSW councils FY2015-16 to FY2023-24)/Comparison councils/Bland (10800)/Bland - FY2020-21 - Financial Statements.pdf
10800,Bland,2020-21,total_expenses,24760000.0,6,Total expenses from continuing operations,/Users/ray/Library/CloudStorage/OneDrive-KnoxGrammarSchool/Extracurriculars/AUSSEF/05 Data Archive/Council Financial Statements (NSW councils FY2015-16 to FY2023-24)/Comparison councils/Bland (10800)/Bland - FY2020-21 - Financial Statements.pdf
10800,Bland,2021-22,bushfire_emergency_services_grant,43000.0,21,Bushfire and emergency services,/Users/ray/Library/CloudStorage/OneDrive-KnoxGrammarSchool/Extracurriculars/AUSSEF/05 Data Archive/Council Financial Statements (NSW councils FY2015-16 to FY2023-24)/Comparison councils/Bland (10800)/Bland - FY2021-22 - Financial Statements.pdf
10800,Bland,2021-22,capex_ippe,9135000.0,10,Payments for IPPE,/Users/ray/Library/CloudStorage/OneDrive-KnoxGrammarSchool/Extracurriculars/AUSSEF/05 Data Archive/Council Financial Statements (NSW councils FY2015-16 to FY2023-24)/Comparison councils/Bland (10800)/Bland - FY2021-22 - Financial Statements.pdf
10800,Bland,2021-22,depreciation,7514000.0,6,"Depreciation, amortisation and impairment of non-financial assets",/Users/ray/Library/CloudStorage/OneDrive-KnoxGrammarSchool/Extracurriculars/AUSSEF/05 Data Archive/Council Financial Statements (NSW councils FY2015-16 to FY2023-24)/Comparison councils/Bland (10800)/Bland - FY2021-22 - Financial Statements.pdf
10800,Bland,2021-22,disaster_expense,,43,– Impairment of road assets due to flood damage,/Users/ray/Library/CloudStorage/OneDrive-KnoxGrammarSchool/Extracurriculars/AUSSEF/05 Data Archive/Council Financial Statements (NSW councils FY2015-16 to FY2023-24)/Comparison councils/Bland (10800)/Bland - FY2022-23 - Financial Statements.pdf
10800,Bland,2021-22,disaster_grant_operating,,21,Storm/flood damage,/Users/ray/Library/CloudStorage/OneDrive-KnoxGrammarSchool/Extracurriculars/AUSSEF/05 Data Archive/Council Financial Statements (NSW councils FY2015-16 to FY2023-24)/Comparison councils/Bland (10800)/Bland - FY2021-22 - Financial Statements.pdf
10800,Bland,2021-22,grants_contrib_capital,6968000.0,6,Grants and contributions provided for capital purposes,/Users/ray/Library/CloudStorage/OneDrive-KnoxGrammarSchool/Extracurriculars/AUSSEF/05 Data Archive/Council Financial Statements (NSW councils FY2015-16 to FY2023-24)/Comparison councils/Bland (10800)/Bland - FY2021-22 - Financial Statements.pdf
10800,Bland,2021-22,grants_contrib_operating,18045000.0,6,Grants and contributions provided for operating purposes,/Users/ray/Library/CloudStorage/OneDrive-KnoxGrammarSchool/Extracurriculars/AUSSEF/05 Data Archive/Council Financial Statements (NSW councils FY2015-16 to FY2023-24)/Comparison councils/Bland (10800)/Bland - FY2021-22 - Financial Statements.pdf
10800,Bland,2021-22,other_disaster_line,,21,Bushfire services,/Users/ray/Library/CloudStorage/OneDrive-KnoxGrammarSchool/Extracurriculars/AUSSEF/05 Data Archive/Council Financial Statements (NSW councils FY2015-16 to FY2023-24)/Comparison councils/Bland (10800)/Bland - FY2021-22 - Financial Statements.pdf
10800,Bland,2021-22,other_disaster_line,,75,"Bland Shire Council was declared a natural disaster area twice in 2021-2022, AGRN 987 and 1001, and again in 2022-2023, AGRN 1030. All events were due to storms and flooding.",/Users/ray/Library/CloudStorage/OneDrive-KnoxGrammarSchool/Extracurriculars/AUSSEF/05 Data Archive/Council Financial Statements (NSW councils FY2015-16 to FY2023-24)/Comparison councils/Bland (10800)/Bland - FY2021-22 - Financial Statements.pdf
10800,Bland,2021-22,other_disaster_line,281450.0,75,"Council has estimated the cost of the restoration works required to fix the pre-30 June 2022 damage as $281,450, which has not been recognised in the financial statements. Council expects the full restoration works to exceed $1 million.",/Users/ray/Library/CloudStorage/OneDrive-KnoxGrammarSchool/Extracurriculars/AUSSEF/05 Data Archive/Council Financial Statements (NSW councils FY2015-16 to FY2023-24)/Comparison councils/Bland (10800)/Bland - FY2021-22 - Financial Statements.pdf
10800,Bland,2021-22,total_expenses,25834000.0,6,Total expenses from continuing operations,/Users/ray/Library/CloudStorage/OneDrive-KnoxGrammarSchool/Extracurriculars/AUSSEF/05 Data Archive/Council Financial Statements (NSW councils FY2015-16 to FY2023-24)/Comparison councils/Bland (10800)/Bland - FY2021-22 - Financial Statements.pdf
10800,Bland,2022-23,bushfire_emergency_services_grant,47000.0,20,Bushfire and emergency services,/Users/ray/Library/CloudStorage/OneDrive-KnoxGrammarSchool/Extracurriculars/AUSSEF/05 Data Archive/Council Financial Statements (NSW councils FY2015-16 to FY2023-24)/Comparison councils/Bland (10800)/Bland - FY2022-23 - Financial Statements.pdf
10800,Bland,2022-23,capex_ippe,8878000.0,10,Payments for IPPE,/Users/ray/Library/CloudStorage/OneDrive-KnoxGrammarSchool/Extracurriculars/AUSSEF/05 Data Archive/Council Financial Statements (NSW councils FY2015-16 to FY2023-24)/Comparison councils/Bland (10800)/Bland - FY2022-23 - Financial Statements.pdf
10800,Bland,2022-23,depreciation,7409000.0,6,"Depreciation, amortisation and impairment of non-financial assets",/Users/ray/Library/CloudStorage/OneDrive-KnoxGrammarSchool/Extracurriculars/AUSSEF/05 Data Archive/Council Financial Statements (NSW councils FY2015-16 to FY2023-24)/Comparison councils/Bland (10800)/Bland - FY2022-23 - Financial Statements.pdf
10800,Bland,2022-23,disaster_expense,-1943000.0,43,– Impairment of road assets due to flood damage,/Users/ray/Library/CloudStorage/OneDrive-KnoxGrammarSchool/Extracurriculars/AUSSEF/05 Data Archive/Council Financial Statements (NSW councils FY2015-16 to FY2023-24)/Comparison councils/Bland (10800)/Bland - FY2022-23 - Financial Statements.pdf
10800,Bland,2022-23,disaster_grant_operating,13000.0,20,Storm/flood damage,/Users/ray/Library/CloudStorage/OneDrive-KnoxGrammarSchool/Extracurriculars/AUSSEF/05 Data Archive/Council Financial Statements (NSW councils FY2015-16 to FY2023-24)/Comparison councils/Bland (10800)/Bland - FY2022-23 - Financial Statements.pdf
10800,Bland,2022-23,grants_contrib_capital,6516000.0,6,Grants and contributions provided for capital purposes,/Users/ray/Library/CloudStorage/OneDrive-KnoxGrammarSchool/Extracurriculars/AUSSEF/05 Data Archive/Council Financial Statements (NSW councils FY2015-16 to FY2023-24)/Comparison councils/Bland (10800)/Bland - FY2022-23 - Financial Statements.pdf
10800,Bland,2022-23,grants_contrib_operating,17211000.0,6,Grants and contributions provided for operating purposes,/Users/ray/Library/CloudStorage/OneDrive-KnoxGrammarSchool/Extracurriculars/AUSSEF/05 Data Archive/Council Financial Statements (NSW councils FY2015-16 to FY2023-24)/Comparison councils/Bland (10800)/Bland - FY2022-23 - Financial Statements.pdf
10800,Bland,2022-23,total_expenses,30639000.0,6,Total expenses from continuing operations,/Users/ray/Library/CloudStorage/OneDrive-KnoxGrammarSchool/Extracurriculars/AUSSEF/05 Data Archive/Council Financial Statements (NSW councils FY2015-16 to FY2023-24)/Comparison councils/Bland (10800)/Bland - FY2022-23 - Financial Statements.pdf
10800,Bland,2023-24,bushfire_emergency_services_grant,54000.0,20,Bushfire and emergency services,/Users/ray/Library/CloudStorage/OneDrive-KnoxGrammarSchool/Extracurriculars/AUSSEF/05 Data Archive/Council Financial Statements (NSW councils FY2015-16 to FY2023-24)/Comparison councils/Bland (10800)/Bland - FY2023-24 - Financial Statements.pdf
10800,Bland,2023-24,capex_ippe,20041000.0,10,Payments for IPPE,/Users/ray/Library/CloudStorage/OneDrive-KnoxGrammarSchool/Extracurriculars/AUSSEF/05 Data Archive/Council Financial Statements (NSW councils FY2015-16 to FY2023-24)/Comparison councils/Bland (10800)/Bland - FY2023-24 - Financial Statements.pdf
10800,Bland,2023-24,depreciation,8250000.0,6,"Depreciation, amortisation and impairment of non-financial assets",/Users/ray/Library/CloudStorage/OneDrive-KnoxGrammarSchool/Extracurriculars/AUSSEF/05 Data Archive/Council Financial Statements (NSW councils FY2015-16 to FY2023-24)/Comparison councils/Bland (10800)/Bland - FY2023-24 - Financial Statements.pdf
10800,Bland,2023-24,disaster_expense,-806000.0,43,– Impairment of road assets due to flood damage,/Users/ray/Library/CloudStorage/OneDrive-KnoxGrammarSchool/Extracurriculars/AUSSEF/05 Data Archive/Council Financial Statements (NSW councils FY2015-16 to FY2023-24)/Comparison councils/Bland (10800)/Bland - FY2023-24 - Financial Statements.pdf
10800,Bland,2023-24,disaster_grant_operating,1175000.0,20,Storm/flood damage,/Users/ray/Library/CloudStorage/OneDrive-KnoxGrammarSchool/Extracurriculars/AUSSEF/05 Data Archive/Council Financial Statements (NSW councils FY2015-16 to FY2023-24)/Comparison councils/Bland (10800)/Bland - FY2023-24 - Financial Statements.pdf
10800,Bland,2023-24,grants_contrib_capital,12073000.0,6,Grants and contributions provided for capital purposes,/Users/ray/Library/CloudStorage/OneDrive-KnoxGrammarSchool/Extracurriculars/AUSSEF/05 Data Archive/Council Financial Statements (NSW councils FY2015-16 to FY2023-24)/Comparison councils/Bland (10800)/Bland - FY2023-24 - Financial Statements.pdf
10800,Bland,2023-24,grants_contrib_operating,23919000.0,6,Grants and contributions provided for operating purposes,/Users/ray/Library/CloudStorage/OneDrive-KnoxGrammarSchool/Extracurriculars/AUSSEF/05 Data Archive/Council Financial Statements (NSW councils FY2015-16 to FY2023-24)/Comparison councils/Bland (10800)/Bland - FY2023-24 - Financial Statements.pdf
10800,Bland,2023-24,total_expenses,30371000.0,6,Total expenses from continuing operations,/Users/ray/Library/CloudStorage/OneDrive-KnoxGrammarSchool/Extracurriculars/AUSSEF/05 Data Archive/Council Financial Statements (NSW councils FY2015-16 to FY2023-24)/Comparison councils/Bland (10800)/Bland - FY2023-24 - Financial Statements.pdf
11150,Bourke,2015-16,bushfire_emergency_services_grant,247000.0,31,Bushfire services,/Users/ray/Library/CloudStorage/OneDrive-KnoxGrammarSchool/Extracurriculars/AUSSEF/05 Data Archive/Council Financial Statements (NSW councils FY2015-16 to FY2023-24)/Comparison councils/Bourke (11150)/Bourke - FY2015-16 - Financial Statements.pdf
11150,Bourke,2015-16,capex_ippe,4267000.0,9,"Purchase of infrastructure, property, plant and equipment",/Users/ray/Library/CloudStorage/OneDrive-KnoxGrammarSchool/Extracurriculars/AUSSEF/05 Data Archive/Council Financial Statements (NSW councils FY2015-16 to FY2023-24)/Comparison councils/Bourke (11150)/Bourke - FY2015-16 - Financial Statements.pdf
11150,Bourke,2015-16,depreciation,4126000.0,5,Depreciation and amortisation,/Users/ray/Library/CloudStorage/OneDrive-KnoxGrammarSchool/Extracurriculars/AUSSEF/05 Data Archive/Council Financial Statements (NSW councils FY2015-16 to FY2023-24)/Comparison councils/Bourke (11150)/Bourke - FY2015-16 - Financial Statements.pdf
11150,Bourke,2015-16,grants_contrib_capital,2332000.0,5,Grants and contributions provided for capital purposes,/Users/ray/Library/CloudStorage/OneDrive-KnoxGrammarSchool/Extracurriculars/AUSSEF/05 Data Archive/Council Financial Statements (NSW councils FY2015-16 to FY2023-24)/Comparison councils/Bourke (11150)/Bourke - FY2015-16 - Financial Statements.pdf
11150,Bourke,2015-16,grants_contrib_operating,9153000.0,5,Grants and contributions provided for operating purposes,/Users/ray/Library/CloudStorage/OneDrive-KnoxGrammarSchool/Extracurriculars/AUSSEF/05 Data Archive/Council Financial Statements (NSW councils FY2015-16 to FY2023-24)/Comparison councils/Bourke (11150)/Bourke - FY2015-16 - Financial Statements.pdf
11150,Bourke,2015-16,total_expenses,17449000.0,5,Total expenses from continuing operations,/Users/ray/Library/CloudStorage/OneDrive-KnoxGrammarSchool/Extracurriculars/AUSSEF/05 Data Archive/Council Financial Statements (NSW councils FY2015-16 to FY2023-24)/Comparison councils/Bourke (11150)/Bourke - FY2015-16 - Financial Statements.pdf
11150,Bourke,2016-17,bushfire_emergency_services_grant,358000.0,28,Bushfire services,/Users/ray/Library/CloudStorage/OneDrive-KnoxGrammarSchool/Extracurriculars/AUSSEF/05 Data Archive/Council Financial Statements (NSW councils FY2015-16 to FY2023-24)/Comparison councils/Bourke (11150)/Bourke - FY2016-17 - Financial Statements.pdf
11150,Bourke,2016-17,capex_ippe,8010000.0,9,"Purchase of infrastructure, property, plant and equipment",/Users/ray/Library/CloudStorage/OneDrive-KnoxGrammarSchool/Extracurriculars/AUSSEF/05 Data Archive/Council Financial Statements (NSW councils FY2015-16 to FY2023-24)/Comparison councils/Bourke (11150)/Bourke - FY2016-17 - Financial Statements.pdf
11150,Bourke,2016-17,depreciation,4229000.0,5,Depreciation and amortisation,/Users/ray/Library/CloudStorage/OneDrive-KnoxGrammarSchool/Extracurriculars/AUSSEF/05 Data Archive/Council Financial Statements (NSW councils FY2015-16 to FY2023-24)/Comparison councils/Bourke (11150)/Bourke - FY2016-17 - Financial Statements.pdf
11150,Bourke,2016-17,grants_contrib_capital,2642000.0,5,Grants and contributions provided for capital purposes,/Users/ray/Library/CloudStorage/OneDrive-KnoxGrammarSchool/Extracurriculars/AUSSEF/05 Data Archive/Council Financial Statements (NSW councils FY2015-16 to FY2023-24)/Comparison councils/Bourke (11150)/Bourke - FY2016-17 - Financial Statements.pdf
11150,Bourke,2016-17,grants_contrib_operating,14565000.0,5,Grants and contributions provided for operating purposes,/Users/ray/Library/CloudStorage/OneDrive-KnoxGrammarSchool/Extracurriculars/AUSSEF/05 Data Archive/Council Financial Statements (NSW councils FY2015-16 to FY2023-24)/Comparison councils/Bourke (11150)/Bourke - FY2016-17 - Financial Statements.pdf
11150,Bourke,2016-17,other_disaster_line,1000.0,26,Natural disaster claim,/Users/ray/Library/CloudStorage/OneDrive-KnoxGrammarSchool/Extracurriculars/AUSSEF/05 Data Archive/Council Financial Statements (NSW councils FY2015-16 to FY2023-24)/Comparison councils/Bourke (11150)/Bourke - FY2016-17 - Financial Statements.pdf
11150,Bourke,2016-17,total_expenses,20906000.0,5,Total expenses from continuing operations,/Users/ray/Library/CloudStorage/OneDrive-KnoxGrammarSchool/Extracurriculars/AUSSEF/05 Data Archive/Council Financial Statements (NSW councils FY2015-16 to FY2023-24)/Comparison councils/Bourke (11150)/Bourke - FY2016-17 - Financial Statements.pdf
11150,Bourke,2017-18,bushfire_emergency_services_grant,393000.0,20,Bushfire services,/Users/ray/Library/CloudStorage/OneDrive-KnoxGrammarSchool/Extracurriculars/AUSSEF/05 Data Archive/Council Financial Statements (NSW councils FY2015-16 to FY2023-24)/Comparison councils/Bourke (11150)/Bourke - FY2017-18 - Financial Statements.pdf
11150,Bourke,2017-18,capex_ippe,6413000.0,9,"Purchase of infrastructure, property, plant and equipment",/Users/ray/Library/CloudStorage/OneDrive-KnoxGrammarSchool/Extracurriculars/AUSSEF/05 Data Archive/Council Financial Statements (NSW councils FY2015-16 to FY2023-24)/Comparison councils/Bourke (11150)/Bourke - FY2017-18 - Financial Statements.pdf
11150,Bourke,2017-18,depreciation,4636000.0,5,Depreciation and amortisation,/Users/ray/Library/CloudStorage/OneDrive-KnoxGrammarSchool/Extracurriculars/AUSSEF/05 Data Archive/Council Financial Statements (NSW councils FY2015-16 to FY2023-24)/Comparison councils/Bourke (11150)/Bourke - FY2017-18 - Financial Statements.pdf
11150,Bourke,2017-18,grants_contrib_capital,1219000.0,5,Grants and contributions provided for capital purposes,/Users/ray/Library/CloudStorage/OneDrive-KnoxGrammarSchool/Extracurriculars/AUSSEF/05 Data Archive/Council Financial Statements (NSW councils FY2015-16 to FY2023-24)/Comparison councils/Bourke (11150)/Bourke - FY2017-18 - Financial Statements.pdf
11150,Bourke,2017-18,grants_contrib_operating,16833000.0,5,Grants and contributions provided for operating purposes,/Users/ray/Library/CloudStorage/OneDrive-KnoxGrammarSchool/Extracurriculars/AUSSEF/05 Data Archive/Council Financial Statements (NSW councils FY2015-16 to FY2023-24)/Comparison councils/Bourke (11150)/Bourke - FY2017-18 - Financial Statements.pdf
11150,Bourke,2017-18,total_expenses,28579000.0,5,Total expenses from continuing operations,/Users/ray/Library/CloudStorage/OneDrive-KnoxGrammarSchool/Extracurriculars/AUSSEF/05 Data Archive/Council Financial Statements (NSW councils FY2015-16 to FY2023-24)/Comparison councils/Bourke (11150)/Bourke - FY2017-18 - Financial Statements.pdf
11150,Bourke,2018-19,bushfire_emergency_services_grant,194000.0,22,Bushfire services,/Users/ray/Library/CloudStorage/OneDrive-KnoxGrammarSchool/Extracurriculars/AUSSEF/05 Data Archive/Council Financial Statements (NSW councils FY2015-16 to FY2023-24)/Comparison councils/Bourke (11150)/Bourke - FY2018-19 - Financial Statements.pdf
11150,Bourke,2018-19,capex_ippe,16082000.0,10,"Purchase of infrastructure, property, plant and equipment",/Users/ray/Library/CloudStorage/OneDrive-KnoxGrammarSchool/Extracurriculars/AUSSEF/05 Data Archive/Council Financial Statements (NSW councils FY2015-16 to FY2023-24)/Comparison councils/Bourke (11150)/Bourke - FY2018-19 - Financial Statements.pdf
11150,Bourke,2018-19,depreciation,5769000.0,6,Depreciation and amortisation,/Users/ray/Library/CloudStorage/OneDrive-KnoxGrammarSchool/Extracurriculars/AUSSEF/05 Data Archive/Council Financial Statements (NSW councils FY2015-16 to FY2023-24)/Comparison councils/Bourke (11150)/Bourke - FY2018-19 - Financial Statements.pdf
11150,Bourke,2018-19,grants_contrib_capital,13645000.0,6,Grants and contributions provided for capital purposes,/Users/ray/Library/CloudStorage/OneDrive-KnoxGrammarSchool/Extracurriculars/AUSSEF/05 Data Archive/Council Financial Statements (NSW councils FY2015-16 to FY2023-24)/Comparison councils/Bourke (11150)/Bourke - FY2018-19 - Financial Statements.pdf
11150,Bourke,2018-19,grants_contrib_operating,12417000.0,6,Grants and contributions provided for operating purposes,/Users/ray/Library/CloudStorage/OneDrive-KnoxGrammarSchool/Extracurriculars/AUSSEF/05 Data Archive/Council Financial Statements (NSW councils FY2015-16 to FY2023-24)/Comparison councils/Bourke (11150)/Bourke - FY2018-19 - Financial Statements.pdf
11150,Bourke,2018-19,total_expenses,20578000.0,6,Total expenses from continuing operations,/Users/ray/Library/CloudStorage/OneDrive-KnoxGrammarSchool/Extracurriculars/AUSSEF/05 Data Archive/Council Financial Statements (NSW councils FY2015-16 to FY2023-24)/Comparison councils/Bourke (11150)/Bourke - FY2018-19 - Financial Statements.pdf
11150,Bourke,2019-20,bushfire_emergency_services_grant,212000.0,22,Bushfire services,/Users/ray/Library/CloudStorage/OneDrive-KnoxGrammarSchool/Extracurriculars/AUSSEF/05 Data Archive/Council Financial Statements (NSW councils FY2015-16 to FY2023-24)/Comparison councils/Bourke (11150)/Bourke - FY2019-20 - Financial Statements.pdf
11150,Bourke,2019-20,capex_ippe,20417000.0,10,"Purchase of infrastructure, property, plant and equipment",/Users/ray/Library/CloudStorage/OneDrive-KnoxGrammarSchool/Extracurriculars/AUSSEF/05 Data Archive/Council Financial Statements (NSW councils FY2015-16 to FY2023-24)/Comparison councils/Bourke (11150)/Bourke - FY2019-20 - Financial Statements.pdf
11150,Bourke,2019-20,depreciation,6065000.0,6,Depreciation and amortisation,/Users/ray/Library/CloudStorage/OneDrive-KnoxGrammarSchool/Extracurriculars/AUSSEF/05 Data Archive/Council Financial Statements (NSW councils FY2015-16 to FY2023-24)/Comparison councils/Bourke (11150)/Bourke - FY2019-20 - Financial Statements.pdf
11150,Bourke,2019-20,grants_contrib_capital,14158000.0,6,Grants and contributions provided for capital purposes,/Users/ray/Library/CloudStorage/OneDrive-KnoxGrammarSchool/Extracurriculars/AUSSEF/05 Data Archive/Council Financial Statements (NSW councils FY2015-16 to FY2023-24)/Comparison councils/Bourke (11150)/Bourke - FY2019-20 - Financial Statements.pdf
11150,Bourke,2019-20,grants_contrib_operating,13268000.0,6,Grants and contributions provided for operating purposes,/Users/ray/Library/CloudStorage/OneDrive-KnoxGrammarSchool/Extracurriculars/AUSSEF/05 Data Archive/Council Financial Statements (NSW councils FY2015-16 to FY2023-24)/Comparison councils/Bourke (11150)/Bourke - FY2019-20 - Financial Statements.pdf
11150,Bourke,2019-20,other_disaster_line,48000.0,21,Floodplain management,/Users/ray/Library/CloudStorage/OneDrive-KnoxGrammarSchool/Extracurriculars/AUSSEF/05 Data Archive/Council Financial Statements (NSW councils FY2015-16 to FY2023-24)/Comparison councils/Bourke (11150)/Bourke - FY2019-20 - Financial Statements.pdf
11150,Bourke,2019-20,total_expenses,25552000.0,6,Total expenses from continuing operations,/Users/ray/Library/CloudStorage/OneDrive-KnoxGrammarSchool/Extracurriculars/AUSSEF/05 Data Archive/Council Financial Statements (NSW councils FY2015-16 to FY2023-24)/Comparison councils/Bourke (11150)/Bourke - FY2019-20 - Financial Statements.pdf
11150,Bourke,2020-21,bushfire_emergency_services_grant,155000.0,21,Bushfire services,/Users/ray/Library/CloudStorage/OneDrive-KnoxGrammarSchool/Extracurriculars/AUSSEF/05 Data Archive/Council Financial Statements (NSW councils FY2015-16 to FY2023-24)/Comparison councils/Bourke (11150)/Bourke - FY2020-21 - Financial Statements.pdf
11150,Bourke,2020-21,capex_ippe,23738000.0,10,"Purchase of infrastructure, property, plant and equipment",/Users/ray/Library/CloudStorage/OneDrive-KnoxGrammarSchool/Extracurriculars/AUSSEF/05 Data Archive/Council Financial Statements (NSW councils FY2015-16 to FY2023-24)/Comparison councils/Bourke (11150)/Bourke - FY2020-21 - Financial Statements.pdf
11150,Bourke,2020-21,depreciation,7239000.0,6,"Depreciation, amortisation and impairment for non-financial assets",/Users/ray/Library/CloudStorage/OneDrive-KnoxGrammarSchool/Extracurriculars/AUSSEF/05 Data Archive/Council Financial Statements (NSW councils FY2015-16 to FY2023-24)/Comparison councils/Bourke (11150)/Bourke - FY2020-21 - Financial Statements.pdf
11150,Bourke,2020-21,disaster_grant_operating,643000.0,21,Storm/flood damage,/Users/ray/Library/CloudStorage/OneDrive-KnoxGrammarSchool/Extracurriculars/AUSSEF/05 Data Archive/Council Financial Statements (NSW councils FY2015-16 to FY2023-24)/Comparison councils/Bourke (11150)/Bourke - FY2020-21 - Financial Statements.pdf
11150,Bourke,2020-21,grants_contrib_capital,20018000.0,6,Grants and contributions provided for capital purposes,/Users/ray/Library/CloudStorage/OneDrive-KnoxGrammarSchool/Extracurriculars/AUSSEF/05 Data Archive/Council Financial Statements (NSW councils FY2015-16 to FY2023-24)/Comparison councils/Bourke (11150)/Bourke - FY2020-21 - Financial Statements.pdf
11150,Bourke,2020-21,grants_contrib_operating,11482000.0,6,Grants and contributions provided for operating purposes,/Users/ray/Library/CloudStorage/OneDrive-KnoxGrammarSchool/Extracurriculars/AUSSEF/05 Data Archive/Council Financial Statements (NSW councils FY2015-16 to FY2023-24)/Comparison councils/Bourke (11150)/Bourke - FY2020-21 - Financial Statements.pdf
11150,Bourke,2020-21,total_expenses,24278000.0,6,Total expenses from continuing operations,/Users/ray/Library/CloudStorage/OneDrive-KnoxGrammarSchool/Extracurriculars/AUSSEF/05 Data Archive/Council Financial Statements (NSW councils FY2015-16 to FY2023-24)/Comparison councils/Bourke (11150)/Bourke - FY2020-21 - Financial Statements.pdf
11150,Bourke,2021-22,bushfire_emergency_services_grant,149000.0,21,Bushfire services,/Users/ray/Library/CloudStorage/OneDrive-KnoxGrammarSchool/Extracurriculars/AUSSEF/05 Data Archive/Council Financial Statements (NSW councils FY2015-16 to FY2023-24)/Comparison councils/Bourke (11150)/Bourke - FY2021-22 - Financial Statements.pdf
11150,Bourke,2021-22,capex_ippe,20440000.0,10,Payments for IPPE,/Users/ray/Library/CloudStorage/OneDrive-KnoxGrammarSchool/Extracurriculars/AUSSEF/05 Data Archive/Council Financial Statements (NSW councils FY2015-16 to FY2023-24)/Comparison councils/Bourke (11150)/Bourke - FY2021-22 - Financial Statements.pdf
11150,Bourke,2021-22,depreciation,7138000.0,6,"Depreciation, amortisation and impairment of non-financial assets",/Users/ray/Library/CloudStorage/OneDrive-KnoxGrammarSchool/Extracurriculars/AUSSEF/05 Data Archive/Council Financial Statements (NSW councils FY2015-16 to FY2023-24)/Comparison councils/Bourke (11150)/Bourke - FY2021-22 - Financial Statements.pdf
11150,Bourke,2021-22,disaster_grant_operating,444000.0,21,Storm/flood damage,/Users/ray/Library/CloudStorage/OneDrive-KnoxGrammarSchool/Extracurriculars/AUSSEF/05 Data Archive/Council Financial Statements (NSW councils FY2015-16 to FY2023-24)/Comparison councils/Bourke (11150)/Bourke - FY2021-22 - Financial Statements.pdf
11150,Bourke,2021-22,grants_contrib_capital,14535000.0,6,Grants and contributions provided for capital purposes,/Users/ray/Library/CloudStorage/OneDrive-KnoxGrammarSchool/Extracurriculars/AUSSEF/05 Data Archive/Council Financial Statements (NSW councils FY2015-16 to FY2023-24)/Comparison councils/Bourke (11150)/Bourke - FY2021-22 - Financial Statements.pdf
11150,Bourke,2021-22,grants_contrib_operating,14134000.0,6,Grants and contributions provided for operating purposes,/Users/ray/Library/CloudStorage/OneDrive-KnoxGrammarSchool/Extracurriculars/AUSSEF/05 Data Archive/Council Financial Statements (NSW councils FY2015-16 to FY2023-24)/Comparison councils/Bourke (11150)/Bourke - FY2021-22 - Financial Statements.pdf
11150,Bourke,2021-22,other_disaster_line,47000.0,21,Floodplain management,/Users/ray/Library/CloudStorage/OneDrive-KnoxGrammarSchool/Extracurriculars/AUSSEF/05 Data Archive/Council Financial Statements (NSW councils FY2015-16 to FY2023-24)/Comparison councils/Bourke (11150)/Bourke - FY2021-22 - Financial Statements.pdf
11150,Bourke,2021-22,total_expenses,31479000.0,6,Total expenses from continuing operations,/Users/ray/Library/CloudStorage/OneDrive-KnoxGrammarSchool/Extracurriculars/AUSSEF/05 Data Archive/Council Financial Statements (NSW councils FY2015-16 to FY2023-24)/Comparison councils/Bourke (11150)/Bourke - FY2021-22 - Financial Statements.pdf
11150,Bourke,2022-23,bushfire_emergency_services_grant,291000.0,20,Bushfire services,/Users/ray/Library/CloudStorage/OneDrive-KnoxGrammarSchool/Extracurriculars/AUSSEF/05 Data Archive/Council Financial Statements (NSW councils FY2015-16 to FY2023-24)/Comparison councils/Bourke (11150)/Bourke - FY2022-23 - Financial Statements.pdf
11150,Bourke,2022-23,capex_ippe,16564000.0,10,Payments for IPPE,/Users/ray/Library/CloudStorage/OneDrive-KnoxGrammarSchool/Extracurriculars/AUSSEF/05 Data Archive/Council Financial Statements (NSW councils FY2015-16 to FY2023-24)/Comparison councils/Bourke (11150)/Bourke - FY2022-23 - Financial Statements.pdf
11150,Bourke,2022-23,depreciation,8232000.0,6,"Depreciation, amortisation and impairment of non-financial assets",/Users/ray/Library/CloudStorage/OneDrive-KnoxGrammarSchool/Extracurriculars/AUSSEF/05 Data Archive/Council Financial Statements (NSW councils FY2015-16 to FY2023-24)/Comparison councils/Bourke (11150)/Bourke - FY2022-23 - Financial Statements.pdf
11150,Bourke,2022-23,grants_contrib_capital,11067000.0,6,Grants and contributions provided for capital purposes,/Users/ray/Library/CloudStorage/OneDrive-KnoxGrammarSchool/Extracurriculars/AUSSEF/05 Data Archive/Council Financial Statements (NSW councils FY2015-16 to FY2023-24)/Comparison councils/Bourke (11150)/Bourke - FY2022-23 - Financial Statements.pdf
11150,Bourke,2022-23,grants_contrib_operating,21189000.0,6,Grants and contributions provided for operating purposes,/Users/ray/Library/CloudStorage/OneDrive-KnoxGrammarSchool/Extracurriculars/AUSSEF/05 Data Archive/Council Financial Statements (NSW councils FY2015-16 to FY2023-24)/Comparison councils/Bourke (11150)/Bourke - FY2022-23 - Financial Statements.pdf
11150,Bourke,2022-23,other_disaster_line,,29,Significant unplanned grant funding was realised for assistance for flood related emergency and infrastructure repairs.,/Users/ray/Library/CloudStorage/OneDrive-KnoxGrammarSchool/Extracurriculars/AUSSEF/05 Data Archive/Council Financial Statements (NSW councils FY2015-16 to FY2023-24)/Comparison councils/Bourke (11150)/Bourke - FY2022-23 - Financial Statements.pdf
11150,Bourke,2022-23,other_disaster_line,,30,Council also engaged additonal contractors during the period to undertake emergency flood response and repairs to infrastructure as a result of major flood events.,/Users/ray/Library/CloudStorage/OneDrive-KnoxGrammarSchool/Extracurriculars/AUSSEF/05 Data Archive/Council Financial Statements (NSW councils FY2015-16 to FY2023-24)/Comparison councils/Bourke (11150)/Bourke - FY2022-23 - Financial Statements.pdf
11150,Bourke,2022-23,total_expenses,30686000.0,6,Total expenses from continuing operations,/Users/ray/Library/CloudStorage/OneDrive-KnoxGrammarSchool/Extracurriculars/AUSSEF/05 Data Archive/Council Financial Statements (NSW councils FY2015-16 to FY2023-24)/Comparison councils/Bourke (11150)/Bourke - FY2022-23 - Financial Statements.pdf
11150,Bourke,2023-24,bushfire_emergency_services_grant,128000.0,20,Bushfire services,/Users/ray/Library/CloudStorage/OneDrive-KnoxGrammarSchool/Extracurriculars/AUSSEF/05 Data Archive/Council Financial Statements (NSW councils FY2015-16 to FY2023-24)/Comparison councils/Bourke (11150)/Bourke - FY2023-24 - Financial Statements.pdf
11150,Bourke,2023-24,capex_ippe,13866000.0,10,Payments for IPPE,/Users/ray/Library/CloudStorage/OneDrive-KnoxGrammarSchool/Extracurriculars/AUSSEF/05 Data Archive/Council Financial Statements (NSW councils FY2015-16 to FY2023-24)/Comparison councils/Bourke (11150)/Bourke - FY2023-24 - Financial Statements.pdf
11150,Bourke,2023-24,depreciation,9400000.0,6,"Depreciation, amortisation and impairment of non-financial assets",/Users/ray/Library/CloudStorage/OneDrive-KnoxGrammarSchool/Extracurriculars/AUSSEF/05 Data Archive/Council Financial Statements (NSW councils FY2015-16 to FY2023-24)/Comparison councils/Bourke (11150)/Bourke - FY2023-24 - Financial Statements.pdf
11150,Bourke,2023-24,disaster_grant_operating,1106000.0,20,Storm/flood damage,/Users/ray/Library/CloudStorage/OneDrive-KnoxGrammarSchool/Extracurriculars/AUSSEF/05 Data Archive/Council Financial Statements (NSW councils FY2015-16 to FY2023-24)/Comparison councils/Bourke (11150)/Bourke - FY2023-24 - Financial Statements.pdf
11150,Bourke,2023-24,grants_contrib_capital,7810000.0,6,Grants and contributions provided for capital purposes,/Users/ray/Library/CloudStorage/OneDrive-KnoxGrammarSchool/Extracurriculars/AUSSEF/05 Data Archive/Council Financial Statements (NSW councils FY2015-16 to FY2023-24)/Comparison councils/Bourke (11150)/Bourke - FY2023-24 - Financial Statements.pdf
11150,Bourke,2023-24,grants_contrib_operating,22167000.0,6,Grants and contributions provided for operating purposes,/Users/ray/Library/CloudStorage/OneDrive-KnoxGrammarSchool/Extracurriculars/AUSSEF/05 Data Archive/Council Financial Statements (NSW councils FY2015-16 to FY2023-24)/Comparison councils/Bourke (11150)/Bourke - FY2023-24 - Financial Statements.pdf
11150,Bourke,2023-24,other_disaster_line,,29,The primary cause of this variance is grants that were approved after the original budget was developed and are intended for flood damage repairs and road maintenance.,/Users/ray/Library/CloudStorage/OneDrive-KnoxGrammarSchool/Extracurriculars/AUSSEF/05 Data Archive/Council Financial Statements (NSW councils FY2015-16 to FY2023-24)/Comparison councils/Bourke (11150)/Bourke - FY2023-24 - Financial Statements.pdf
11150,Bourke,2023-24,total_expenses,37065000.0,6,Total expenses from continuing operations,/Users/ray/Library/CloudStorage/OneDrive-KnoxGrammarSchool/Extracurriculars/AUSSEF/05 Data Archive/Council Financial Statements (NSW councils FY2015-16 to FY2023-24)/Comparison councils/Bourke (11150)/Bourke - FY2023-24 - Financial Statements.pdf
11600,Carrathool,2017-18,bushfire_emergency_services_grant,149000.0,60,NSW rural fire services,/Users/ray/Library/CloudStorage/OneDrive-KnoxGrammarSchool/Extracurriculars/AUSSEF/05 Data Archive/Council Financial Statements (NSW councils FY2015-16 to FY2023-24)/Comparison councils/Carrathool (11600)/Carrathool - FY2018-19 - Annual Report.pdf
11600,Carrathool,2017-18,capex_ippe,9754000.0,50,"Purchase of infrastructure, property, plant and equipment",/Users/ray/Library/CloudStorage/OneDrive-KnoxGrammarSchool/Extracurriculars/AUSSEF/05 Data Archive/Council Financial Statements (NSW councils FY2015-16 to FY2023-24)/Comparison councils/Carrathool (11600)/Carrathool - FY2018-19 - Annual Report.pdf
11600,Carrathool,2017-18,depreciation,7449000.0,46,Depreciation and amortisation,/Users/ray/Library/CloudStorage/OneDrive-KnoxGrammarSchool/Extracurriculars/AUSSEF/05 Data Archive/Council Financial Statements (NSW councils FY2015-16 to FY2023-24)/Comparison councils/Carrathool (11600)/Carrathool - FY2018-19 - Annual Report.pdf
11600,Carrathool,2017-18,disaster_grant_capital,,60,Storm/flood damage,/Users/ray/Library/CloudStorage/OneDrive-KnoxGrammarSchool/Extracurriculars/AUSSEF/05 Data Archive/Council Financial Statements (NSW councils FY2015-16 to FY2023-24)/Comparison councils/Carrathool (11600)/Carrathool - FY2018-19 - Annual Report.pdf
11600,Carrathool,2017-18,disaster_grant_operating,1723000.0,60,Storm/flood damage,/Users/ray/Library/CloudStorage/OneDrive-KnoxGrammarSchool/Extracurriculars/AUSSEF/05 Data Archive/Council Financial Statements (NSW councils FY2015-16 to FY2023-24)/Comparison councils/Carrathool (11600)/Carrathool - FY2018-19 - Annual Report.pdf
11600,Carrathool,2017-18,grants_contrib_capital,1775000.0,46,Grants and contributions provided for capital purposes,/Users/ray/Library/CloudStorage/OneDrive-KnoxGrammarSchool/Extracurriculars/AUSSEF/05 Data Archive/Council Financial Statements (NSW councils FY2015-16 to FY2023-24)/Comparison councils/Carrathool (11600)/Carrathool - FY2018-19 - Annual Report.pdf
11600,Carrathool,2017-18,grants_contrib_operating,12064000.0,46,Grants and contributions provided for operating purposes,/Users/ray/Library/CloudStorage/OneDrive-KnoxGrammarSchool/Extracurriculars/AUSSEF/05 Data Archive/Council Financial Statements (NSW councils FY2015-16 to FY2023-24)/Comparison councils/Carrathool (11600)/Carrathool - FY2018-19 - Annual Report.pdf
11600,Carrathool,2017-18,other_disaster_line,2032000.0,60,Transport (roads to recovery),/Users/ray/Library/CloudStorage/OneDrive-KnoxGrammarSchool/Extracurriculars/AUSSEF/05 Data Archive/Council Financial Statements (NSW councils FY2015-16 to FY2023-24)/Comparison councils/Carrathool (11600)/Carrathool - FY2018-19 - Annual Report.pdf
11600,Carrathool,2017-18,total_expenses,21540000.0,46,Total expenses from continuing operations,/Users/ray/Library/CloudStorage/OneDrive-KnoxGrammarSchool/Extracurriculars/AUSSEF/05 Data Archive/Council Financial Statements (NSW councils FY2015-16 to FY2023-24)/Comparison councils/Carrathool (11600)/Carrathool - FY2018-19 - Annual Report.pdf
11600,Carrathool,2018-19,bushfire_emergency_services_grant,145000.0,60,NSW rural fire services,/Users/ray/Library/CloudStorage/OneDrive-KnoxGrammarSchool/Extracurriculars/AUSSEF/05 Data Archive/Council Financial Statements (NSW councils FY2015-16 to FY2023-24)/Comparison councils/Carrathool (11600)/Carrathool - FY2018-19 - Annual Report.pdf
11600,Carrathool,2018-19,bushfire_emergency_services_grant,47000.0,60,NSW rural fire services,/Users/ray/Library/CloudStorage/OneDrive-KnoxGrammarSchool/Extracurriculars/AUSSEF/05 Data Archive/Council Financial Statements (NSW councils FY2015-16 to FY2023-24)/Comparison councils/Carrathool (11600)/Carrathool - FY2018-19 - Annual Report.pdf
11600,Carrathool,2018-19,capex_ippe,15588000.0,50,"Purchase of infrastructure, property, plant and equipment",/Users/ray/Library/CloudStorage/OneDrive-KnoxGrammarSchool/Extracurriculars/AUSSEF/05 Data Archive/Council Financial Statements (NSW councils FY2015-16 to FY2023-24)/Comparison councils/Carrathool (11600)/Carrathool - FY2018-19 - Annual Report.pdf
11600,Carrathool,2018-19,depreciation,7755000.0,46,Depreciation and amortisation,/Users/ray/Library/CloudStorage/OneDrive-KnoxGrammarSchool/Extracurriculars/AUSSEF/05 Data Archive/Council Financial Statements (NSW councils FY2015-16 to FY2023-24)/Comparison councils/Carrathool (11600)/Carrathool - FY2018-19 - Annual Report.pdf
11600,Carrathool,2018-19,disaster_grant_capital,,60,Storm/flood damage,/Users/ray/Library/CloudStorage/OneDrive-KnoxGrammarSchool/Extracurriculars/AUSSEF/05 Data Archive/Council Financial Statements (NSW councils FY2015-16 to FY2023-24)/Comparison councils/Carrathool (11600)/Carrathool - FY2018-19 - Annual Report.pdf
11600,Carrathool,2018-19,disaster_grant_operating,725000.0,60,Storm/flood damage,/Users/ray/Library/CloudStorage/OneDrive-KnoxGrammarSchool/Extracurriculars/AUSSEF/05 Data Archive/Council Financial Statements (NSW councils FY2015-16 to FY2023-24)/Comparison councils/Carrathool (11600)/Carrathool - FY2018-19 - Annual Report.pdf
11600,Carrathool,2018-19,grants_contrib_capital,8001000.0,46,Grants and contributions provided for capital purposes,/Users/ray/Library/CloudStorage/OneDrive-KnoxGrammarSchool/Extracurriculars/AUSSEF/05 Data Archive/Council Financial Statements (NSW councils FY2015-16 to FY2023-24)/Comparison councils/Carrathool (11600)/Carrathool - FY2018-19 - Annual Report.pdf
11600,Carrathool,2018-19,grants_contrib_operating,11490000.0,46,Grants and contributions provided for operating purposes,/Users/ray/Library/CloudStorage/OneDrive-KnoxGrammarSchool/Extracurriculars/AUSSEF/05 Data Archive/Council Financial Statements (NSW councils FY2015-16 to FY2023-24)/Comparison councils/Carrathool (11600)/Carrathool - FY2018-19 - Annual Report.pdf
11600,Carrathool,2018-19,other_disaster_line,1076000.0,60,Transport (roads to recovery),/Users/ray/Library/CloudStorage/OneDrive-KnoxGrammarSchool/Extracurriculars/AUSSEF/05 Data Archive/Council Financial Statements (NSW councils FY2015-16 to FY2023-24)/Comparison councils/Carrathool (11600)/Carrathool - FY2018-19 - Annual Report.pdf
11600,Carrathool,2018-19,other_disaster_line,324000.0,95,"Note 17 Material budget variations: Materials and contracts - ""Regional Roads Flood damage under spent by $324K. (works not approved).""",/Users/ray/Library/CloudStorage/OneDrive-KnoxGrammarSchool/Extracurriculars/AUSSEF/05 Data Archive/Council Financial Statements (NSW councils FY2015-16 to FY2023-24)/Comparison councils/Carrathool (11600)/Carrathool - FY2018-19 - Annual Report.pdf
11600,Carrathool,2018-19,other_disaster_line,700000.0,115,"Auditor report on conduct of audit: ""offset by decrease of $0.7 million in grants and contributions provided for local roads – flood damage.""",/Users/ray/Library/CloudStorage/OneDrive-KnoxGrammarSchool/Extracurriculars/AUSSEF/05 Data Archive/Council Financial Statements (NSW councils FY2015-16 to FY2023-24)/Comparison councils/Carrathool (11600)/Carrathool - FY2018-19 - Annual Report.pdf
11600,Carrathool,2018-19,total_expenses,23872000.0,46,Total expenses from continuing operations,/Users/ray/Library/CloudStorage/OneDrive-KnoxGrammarSchool/Extracurriculars/AUSSEF/05 Data Archive/Council Financial Statements (NSW councils FY2015-16 to FY2023-24)/Comparison councils/Carrathool (11600)/Carrathool - FY2018-19 - Annual Report.pdf
11600,Carrathool,2019-20,bushfire_emergency_services_grant,183000.0,67,NSW rural fire services,/Users/ray/Library/CloudStorage/OneDrive-KnoxGrammarSchool/Extracurriculars/AUSSEF/05 Data Archive/Council Financial Statements (NSW councils FY2015-16 to FY2023-24)/Comparison councils/Carrathool (11600)/Carrathool - FY2020-21 - Annual Report.pdf
11600,Carrathool,2019-20,capex_ippe,16029000.0,55,"Purchase of infrastructure, property, plant and equipment",/Users/ray/Library/CloudStorage/OneDrive-KnoxGrammarSchool/Extracurriculars/AUSSEF/05 Data Archive/Council Financial Statements (NSW councils FY2015-16 to FY2023-24)/Comparison councils/Carrathool (11600)/Carrathool - FY2020-21 - Annual Report.pdf
11600,Carrathool,2019-20,depreciation,7963000.0,51,"Depreciation, amortisation and impairment for non-financial assets",/Users/ray/Library/CloudStorage/OneDrive-KnoxGrammarSchool/Extracurriculars/AUSSEF/05 Data Archive/Council Financial Statements (NSW councils FY2015-16 to FY2023-24)/Comparison councils/Carrathool (11600)/Carrathool - FY2020-21 - Annual Report.pdf
11600,Carrathool,2019-20,disaster_grant_operating,,67,Storm/flood damage,/Users/ray/Library/CloudStorage/OneDrive-KnoxGrammarSchool/Extracurriculars/AUSSEF/05 Data Archive/Council Financial Statements (NSW councils FY2015-16 to FY2023-24)/Comparison councils/Carrathool (11600)/Carrathool - FY2020-21 - Annual Report.pdf
11600,Carrathool,2019-20,grants_contrib_capital,6707000.0,51,Grants and contributions provided for capital purposes,/Users/ray/Library/CloudStorage/OneDrive-KnoxGrammarSchool/Extracurriculars/AUSSEF/05 Data Archive/Council Financial Statements (NSW councils FY2015-16 to FY2023-24)/Comparison councils/Carrathool (11600)/Carrathool - FY2020-21 - Annual Report.pdf
11600,Carrathool,2019-20,grants_contrib_operating,14304000.0,51,Grants and contributions provided for operating purposes,/Users/ray/Library/CloudStorage/OneDrive-KnoxGrammarSchool/Extracurriculars/AUSSEF/05 Data Archive/Council Financial Statements (NSW councils FY2015-16 to FY2023-24)/Comparison councils/Carrathool (11600)/Carrathool - FY2020-21 - Annual Report.pdf
11600,Carrathool,2019-20,other_disaster_line,,67,Floodplain management,/Users/ray/Library/CloudStorage/OneDrive-KnoxGrammarSchool/Extracurriculars/AUSSEF/05 Data Archive/Council Financial Statements (NSW councils FY2015-16 to FY2023-24)/Comparison councils/Carrathool (11600)/Carrathool - FY2020-21 - Annual Report.pdf
11600,Carrathool,2019-20,other_disaster_line,4370000.0,67,Transport (roads to recovery),/Users/ray/Library/CloudStorage/OneDrive-KnoxGrammarSchool/Extracurriculars/AUSSEF/05 Data Archive/Council Financial Statements (NSW councils FY2015-16 to FY2023-24)/Comparison councils/Carrathool (11600)/Carrathool - FY2020-21 - Annual Report.pdf
11600,Carrathool,2019-20,total_expenses,21775000.0,51,Total expenses from continuing operations,/Users/ray/Library/CloudStorage/OneDrive-KnoxGrammarSchool/Extracurriculars/AUSSEF/05 Data Archive/Council Financial Statements (NSW councils FY2015-16 to FY2023-24)/Comparison councils/Carrathool (11600)/Carrathool - FY2020-21 - Annual Report.pdf
11600,Carrathool,2020-21,bushfire_emergency_services_grant,246000.0,67,NSW rural fire services,/Users/ray/Library/CloudStorage/OneDrive-KnoxGrammarSchool/Extracurriculars/AUSSEF/05 Data Archive/Council Financial Statements (NSW councils FY2015-16 to FY2023-24)/Comparison councils/Carrathool (11600)/Carrathool - FY2020-21 - Annual Report.pdf
11600,Carrathool,2020-21,bushfire_emergency_services_grant,,67,NSW rural fire services,/Users/ray/Library/CloudStorage/OneDrive-KnoxGrammarSchool/Extracurriculars/AUSSEF/05 Data Archive/Council Financial Statements (NSW councils FY2015-16 to FY2023-24)/Comparison councils/Carrathool (11600)/Carrathool - FY2020-21 - Annual Report.pdf
11600,Carrathool,2020-21,capex_ippe,13786000.0,55,"Purchase of infrastructure, property, plant and equipment",/Users/ray/Library/CloudStorage/OneDrive-KnoxGrammarSchool/Extracurriculars/AUSSEF/05 Data Archive/Council Financial Statements (NSW councils FY2015-16 to FY2023-24)/Comparison councils/Carrathool (11600)/Carrathool - FY2020-21 - Annual Report.pdf
11600,Carrathool,2020-21,depreciation,8124000.0,51,"Depreciation, amortisation and impairment for non-financial assets",/Users/ray/Library/CloudStorage/OneDrive-KnoxGrammarSchool/Extracurriculars/AUSSEF/05 Data Archive/Council Financial Statements (NSW councils FY2015-16 to FY2023-24)/Comparison councils/Carrathool (11600)/Carrathool - FY2020-21 - Annual Report.pdf
11600,Carrathool,2020-21,disaster_expense,4154000.0,77,"Material budget variations, Materials and services: ""There has been an increase in operational expenditure during 2020/21 due to flood restoration works on regional and local roads totalling $4,154 K""",/Users/ray/Library/CloudStorage/OneDrive-KnoxGrammarSchool/Extracurriculars/AUSSEF/05 Data Archive/Council Financial Statements (NSW councils FY2015-16 to FY2023-24)/Comparison councils/Carrathool (11600)/Carrathool - FY2020-21 - Annual Report.pdf
11600,Carrathool,2020-21,disaster_grant_operating,191000.0,67,Storm/flood damage,/Users/ray/Library/CloudStorage/OneDrive-KnoxGrammarSchool/Extracurriculars/AUSSEF/05 Data Archive/Council Financial Statements (NSW councils FY2015-16 to FY2023-24)/Comparison councils/Carrathool (11600)/Carrathool - FY2020-21 - Annual Report.pdf
11600,Carrathool,2020-21,grants_contrib_capital,3573000.0,51,Grants and contributions provided for capital purposes,/Users/ray/Library/CloudStorage/OneDrive-KnoxGrammarSchool/Extracurriculars/AUSSEF/05 Data Archive/Council Financial Statements (NSW councils FY2015-16 to FY2023-24)/Comparison councils/Carrathool (11600)/Carrathool - FY2020-21 - Annual Report.pdf
11600,Carrathool,2020-21,grants_contrib_operating,13681000.0,51,Grants and contributions provided for operating purposes,/Users/ray/Library/CloudStorage/OneDrive-KnoxGrammarSchool/Extracurriculars/AUSSEF/05 Data Archive/Council Financial Statements (NSW councils FY2015-16 to FY2023-24)/Comparison councils/Carrathool (11600)/Carrathool - FY2020-21 - Annual Report.pdf
11600,Carrathool,2020-21,other_disaster_line,25000.0,67,Floodplain management,/Users/ray/Library/CloudStorage/OneDrive-KnoxGrammarSchool/Extracurriculars/AUSSEF/05 Data Archive/Council Financial Statements (NSW councils FY2015-16 to FY2023-24)/Comparison councils/Carrathool (11600)/Carrathool - FY2020-21 - Annual Report.pdf
11600,Carrathool,2020-21,other_disaster_line,2836000.0,67,Transport (roads to recovery),/Users/ray/Library/CloudStorage/OneDrive-KnoxGrammarSchool/Extracurriculars/AUSSEF/05 Data Archive/Council Financial Statements (NSW councils FY2015-16 to FY2023-24)/Comparison councils/Carrathool (11600)/Carrathool - FY2020-21 - Annual Report.pdf
11600,Carrathool,2020-21,other_disaster_line,191000.0,77,"Material budget variations, Operating grants: ""flood damage restoration works $191K""",/Users/ray/Library/CloudStorage/OneDrive-KnoxGrammarSchool/Extracurriculars/AUSSEF/05 Data Archive/Council Financial Statements (NSW councils FY2015-16 to FY2023-24)/Comparison councils/Carrathool (11600)/Carrathool - FY2020-21 - Annual Report.pdf
11600,Carrathool,2020-21,other_disaster_line,191442.0,15,Roads Flood & Storm Damage,/Users/ray/Library/CloudStorage/OneDrive-KnoxGrammarSchool/Extracurriculars/AUSSEF/05 Data Archive/Council Financial Statements (NSW councils FY2015-16 to FY2023-24)/Comparison councils/Carrathool (11600)/Carrathool - FY2020-21 - Annual Report.pdf
11600,Carrathool,2020-21,total_expenses,26375000.0,51,Total expenses from continuing operations,/Users/ray/Library/CloudStorage/OneDrive-KnoxGrammarSchool/Extracurriculars/AUSSEF/05 Data Archive/Council Financial Statements (NSW councils FY2015-16 to FY2023-24)/Comparison councils/Carrathool (11600)/Carrathool - FY2020-21 - Annual Report.pdf
11600,Carrathool,2021-22,bushfire_emergency_services_grant,233000.0,62,NSW rural fire services,/Users/ray/Library/CloudStorage/OneDrive-KnoxGrammarSchool/Extracurriculars/AUSSEF/05 Data Archive/Council Financial Statements (NSW councils FY2015-16 to FY2023-24)/Comparison councils/Carrathool (11600)/Carrathool - FY2021-22 - Annual Report.pdf
11600,Carrathool,2021-22,capex_ippe,15479000.0,51,Payments for IPPE,/Users/ray/Library/CloudStorage/OneDrive-KnoxGrammarSchool/Extracurriculars/AUSSEF/05 Data Archive/Council Financial Statements (NSW councils FY2015-16 to FY2023-24)/Comparison councils/Carrathool (11600)/Carrathool - FY2021-22 - Annual Report.pdf
11600,Carrathool,2021-22,depreciation,6161000.0,47,"Depreciation, amortisation and impairment of non-financial assets",/Users/ray/Library/CloudStorage/OneDrive-KnoxGrammarSchool/Extracurriculars/AUSSEF/05 Data Archive/Council Financial Statements (NSW councils FY2015-16 to FY2023-24)/Comparison councils/Carrathool (11600)/Carrathool - FY2021-22 - Annual Report.pdf
11600,Carrathool,2021-22,disaster_grant_operating,7256000.0,62,Storm/flood damage,/Users/ray/Library/CloudStorage/OneDrive-KnoxGrammarSchool/Extracurriculars/AUSSEF/05 Data Archive/Council Financial Statements (NSW councils FY2015-16 to FY2023-24)/Comparison councils/Carrathool (11600)/Carrathool - FY2021-22 - Annual Report.pdf
11600,Carrathool,2021-22,grants_contrib_capital,8046000.0,47,Grants and contributions provided for capital purposes,/Users/ray/Library/CloudStorage/OneDrive-KnoxGrammarSchool/Extracurriculars/AUSSEF/05 Data Archive/Council Financial Statements (NSW councils FY2015-16 to FY2023-24)/Comparison councils/Carrathool (11600)/Carrathool - FY2021-22 - Annual Report.pdf
11600,Carrathool,2021-22,grants_contrib_operating,20510000.0,47,Grants and contributions provided for operating purposes,/Users/ray/Library/CloudStorage/OneDrive-KnoxGrammarSchool/Extracurriculars/AUSSEF/05 Data Archive/Council Financial Statements (NSW councils FY2015-16 to FY2023-24)/Comparison councils/Carrathool (11600)/Carrathool - FY2021-22 - Annual Report.pdf
11600,Carrathool,2021-22,other_disaster_line,6000.0,62,Floodplain management,/Users/ray/Library/CloudStorage/OneDrive-KnoxGrammarSchool/Extracurriculars/AUSSEF/05 Data Archive/Council Financial Statements (NSW councils FY2015-16 to FY2023-24)/Comparison councils/Carrathool (11600)/Carrathool - FY2021-22 - Annual Report.pdf
11600,Carrathool,2021-22,other_disaster_line,1457000.0,62,Transport (roads to recovery),/Users/ray/Library/CloudStorage/OneDrive-KnoxGrammarSchool/Extracurriculars/AUSSEF/05 Data Archive/Council Financial Statements (NSW councils FY2015-16 to FY2023-24)/Comparison councils/Carrathool (11600)/Carrathool - FY2021-22 - Annual Report.pdf
11600,Carrathool,2021-22,other_disaster_line,7256000.0,72,"B5-1 Material budget variations: ""substantial grant funding for storm/flood damage was received in 2021/22 ($7.256m).""",/Users/ray/Library/CloudStorage/OneDrive-KnoxGrammarSchool/Extracurriculars/AUSSEF/05 Data Archive/Council Financial Statements (NSW councils FY2015-16 to FY2023-24)/Comparison councils/Carrathool (11600)/Carrathool - FY2021-22 - Annual Report.pdf
11600,Carrathool,2021-22,other_disaster_line,7256234.0,17,Roads Flood & Storm Damage,/Users/ray/Library/CloudStorage/OneDrive-KnoxGrammarSchool/Extracurriculars/AUSSEF/05 Data Archive/Council Financial Statements (NSW councils FY2015-16 to FY2023-24)/Comparison councils/Carrathool (11600)/Carrathool - FY2021-22 - Annual Report.pdf
11600,Carrathool,2021-22,total_expenses,23693000.0,47,Total expenses from continuing operations,/Users/ray/Library/CloudStorage/OneDrive-KnoxGrammarSchool/Extracurriculars/AUSSEF/05 Data Archive/Council Financial Statements (NSW councils FY2015-16 to FY2023-24)/Comparison councils/Carrathool (11600)/Carrathool - FY2021-22 - Annual Report.pdf
11600,Carrathool,2022-23,bushfire_emergency_services_grant,146000.0,68,NSW rural fire services,/Users/ray/Library/CloudStorage/OneDrive-KnoxGrammarSchool/Extracurriculars/AUSSEF/05 Data Archive/Council Financial Statements (NSW councils FY2015-16 to FY2023-24)/Comparison councils/Carrathool (11600)/Carrathool - FY2022-23 - Annual Report.pdf
11600,Carrathool,2022-23,bushfire_emergency_services_grant,4000.0,68,NSW rural fire services,/Users/ray/Library/CloudStorage/OneDrive-KnoxGrammarSchool/Extracurriculars/AUSSEF/05 Data Archive/Council Financial Statements (NSW councils FY2015-16 to FY2023-24)/Comparison councils/Carrathool (11600)/Carrathool - FY2022-23 - Annual Report.pdf
11600,Carrathool,2022-23,capex_ippe,11367000.0,56,Payments for IPPE,/Users/ray/Library/CloudStorage/OneDrive-KnoxGrammarSchool/Extracurriculars/AUSSEF/05 Data Archive/Council Financial Statements (NSW councils FY2015-16 to FY2023-24)/Comparison councils/Carrathool (11600)/Carrathool - FY2022-23 - Annual Report.pdf
11600,Carrathool,2022-23,depreciation,6540000.0,52,"Depreciation, amortisation and impairment of non-financial assets",/Users/ray/Library/CloudStorage/OneDrive-KnoxGrammarSchool/Extracurriculars/AUSSEF/05 Data Archive/Council Financial Statements (NSW councils FY2015-16 to FY2023-24)/Comparison councils/Carrathool (11600)/Carrathool - FY2022-23 - Annual Report.pdf
11600,Carrathool,2022-23,disaster_grant_capital,,79,Storm/flood damage,/Users/ray/Library/CloudStorage/OneDrive-KnoxGrammarSchool/Extracurriculars/AUSSEF/05 Data Archive/Council Financial Statements (NSW councils FY2015-16 to FY2023-24)/Comparison councils/Carrathool (11600)/Carrathool - FY2023-24 - Annual Report.pdf
11600,Carrathool,2022-23,disaster_grant_operating,1501000.0,68,Storm/flood damage,/Users/ray/Library/CloudStorage/OneDrive-KnoxGrammarSchool/Extracurriculars/AUSSEF/05 Data Archive/Council Financial Statements (NSW councils FY2015-16 to FY2023-24)/Comparison councils/Carrathool (11600)/Carrathool - FY2022-23 - Annual Report.pdf
11600,Carrathool,2022-23,grants_contrib_capital,3589000.0,52,Grants and contributions provided for capital purposes,/Users/ray/Library/CloudStorage/OneDrive-KnoxGrammarSchool/Extracurriculars/AUSSEF/05 Data Archive/Council Financial Statements (NSW councils FY2015-16 to FY2023-24)/Comparison councils/Carrathool (11600)/Carrathool - FY2022-23 - Annual Report.pdf
11600,Carrathool,2022-23,grants_contrib_operating,21267000.0,52,Grants and contributions provided for operating purposes,/Users/ray/Library/CloudStorage/OneDrive-KnoxGrammarSchool/Extracurriculars/AUSSEF/05 Data Archive/Council Financial Statements (NSW councils FY2015-16 to FY2023-24)/Comparison councils/Carrathool (11600)/Carrathool - FY2022-23 - Annual Report.pdf
11600,Carrathool,2022-23,other_disaster_line,9000.0,68,Floodplain management,/Users/ray/Library/CloudStorage/OneDrive-KnoxGrammarSchool/Extracurriculars/AUSSEF/05 Data Archive/Council Financial Statements (NSW councils FY2015-16 to FY2023-24)/Comparison councils/Carrathool (11600)/Carrathool - FY2022-23 - Annual Report.pdf
11600,Carrathool,2022-23,other_disaster_line,64000.0,68,Floodplain management,/Users/ray/Library/CloudStorage/OneDrive-KnoxGrammarSchool/Extracurriculars/AUSSEF/05 Data Archive/Council Financial Statements (NSW councils FY2015-16 to FY2023-24)/Comparison councils/Carrathool (11600)/Carrathool - FY2022-23 - Annual Report.pdf
11600,Carrathool,2022-23,other_disaster_line,1460000.0,68,Transport (roads to recovery),/Users/ray/Library/CloudStorage/OneDrive-KnoxGrammarSchool/Extracurriculars/AUSSEF/05 Data Archive/Council Financial Statements (NSW councils FY2015-16 to FY2023-24)/Comparison councils/Carrathool (11600)/Carrathool - FY2022-23 - Annual Report.pdf
11600,Carrathool,2022-23,other_disaster_line,,78,"B5-1 Material budget variations: ""grants under the following programs - FLR Pothole Repair Program, Regional & Rural Road Repair Program, Emergency Flood Damage Works and OLG Recovery Grant Program.""",/Users/ray/Library/CloudStorage/OneDrive-KnoxGrammarSchool/Extracurriculars/AUSSEF/05 Data Archive/Council Financial Statements (NSW councils FY2015-16 to FY2023-24)/Comparison councils/Carrathool (11600)/Carrathool - FY2022-23 - Annual Report.pdf
11600,Carrathool,2022-23,other_disaster_line,1000000.0,80,"B5-1 Material budget variations: ""Additional unbudgeted funding included $1m for emergency flood damage works""",/Users/ray/Library/CloudStorage/OneDrive-KnoxGrammarSchool/Extracurriculars/AUSSEF/05 Data Archive/Council Financial Statements (NSW councils FY2015-16 to FY2023-24)/Comparison councils/Carrathool (11600)/Carrathool - FY2022-23 - Annual Report.pdf
11600,Carrathool,2022-23,other_disaster_line,1000000.0,17,Roads - Flood & Storm Damage,/Users/ray/Library/CloudStorage/OneDrive-KnoxGrammarSchool/Extracurriculars/AUSSEF/05 Data Archive/Council Financial Statements (NSW councils FY2015-16 to FY2023-24)/Comparison councils/Carrathool (11600)/Carrathool - FY2022-23 - Annual Report.pdf
11600,Carrathool,2022-23,other_disaster_line,,24,"Annual report narrative: ""the Carrathool Shire was included in a natural disaster declaration ... Council has submitted a claim for the natural disaster funding.""",/Users/ray/Library/CloudStorage/OneDrive-KnoxGrammarSchool/Extracurriculars/AUSSEF/05 Data Archive/Council Financial Statements (NSW councils FY2015-16 to FY2023-24)/Comparison councils/Carrathool (11600)/Carrathool - FY2022-23 - Annual Report.pdf
11600,Carrathool,2022-23,total_expenses,24317000.0,52,Total expenses from continuing operations,/Users/ray/Library/CloudStorage/OneDrive-KnoxGrammarSchool/Extracurriculars/AUSSEF/05 Data Archive/Council Financial Statements (NSW councils FY2015-16 to FY2023-24)/Comparison councils/Carrathool (11600)/Carrathool - FY2022-23 - Annual Report.pdf
11600,Carrathool,2023-24,bushfire_emergency_services_grant,149000.0,79,NSW rural fire services,/Users/ray/Library/CloudStorage/OneDrive-KnoxGrammarSchool/Extracurriculars/AUSSEF/05 Data Archive/Council Financial Statements (NSW councils FY2015-16 to FY2023-24)/Comparison councils/Carrathool (11600)/Carrathool - FY2023-24 - Annual Report.pdf
11600,Carrathool,2023-24,bushfire_emergency_services_grant,,79,NSW rural fire services,/Users/ray/Library/CloudStorage/OneDrive-KnoxGrammarSchool/Extracurriculars/AUSSEF/05 Data Archive/Council Financial Statements (NSW councils FY2015-16 to FY2023-24)/Comparison councils/Carrathool (11600)/Carrathool - FY2023-24 - Annual Report.pdf
11600,Carrathool,2023-24,capex_ippe,12492000.0,67,Payments for IPPE,/Users/ray/Library/CloudStorage/OneDrive-KnoxGrammarSchool/Extracurriculars/AUSSEF/05 Data Archive/Council Financial Statements (NSW councils FY2015-16 to FY2023-24)/Comparison councils/Carrathool (11600)/Carrathool - FY2023-24 - Annual Report.pdf
11600,Carrathool,2023-24,depreciation,6469000.0,63,"Depreciation, amortisation and impairment of non-financial assets",/Users/ray/Library/CloudStorage/OneDrive-KnoxGrammarSchool/Extracurriculars/AUSSEF/05 Data Archive/Council Financial Statements (NSW councils FY2015-16 to FY2023-24)/Comparison councils/Carrathool (11600)/Carrathool - FY2023-24 - Annual Report.pdf
11600,Carrathool,2023-24,disaster_grant_capital,16000.0,79,Storm/flood damage,/Users/ray/Library/CloudStorage/OneDrive-KnoxGrammarSchool/Extracurriculars/AUSSEF/05 Data Archive/Council Financial Statements (NSW councils FY2015-16 to FY2023-24)/Comparison councils/Carrathool (11600)/Carrathool - FY2023-24 - Annual Report.pdf
11600,Carrathool,2023-24,disaster_grant_operating,,79,Storm/flood damage,/Users/ray/Library/CloudStorage/OneDrive-KnoxGrammarSchool/Extracurriculars/AUSSEF/05 Data Archive/Council Financial Statements (NSW councils FY2015-16 to FY2023-24)/Comparison councils/Carrathool (11600)/Carrathool - FY2023-24 - Annual Report.pdf
11600,Carrathool,2023-24,disaster_grant_operating,1000000.0,79,OLG Recovery Grant,/Users/ray/Library/CloudStorage/OneDrive-KnoxGrammarSchool/Extracurriculars/AUSSEF/05 Data Archive/Council Financial Statements (NSW councils FY2015-16 to FY2023-24)/Comparison councils/Carrathool (11600)/Carrathool - FY2023-24 - Annual Report.pdf
11600,Carrathool,2023-24,grants_contrib_capital,6041000.0,63,Grants and contributions provided for capital purposes,/Users/ray/Library/CloudStorage/OneDrive-KnoxGrammarSchool/Extracurriculars/AUSSEF/05 Data Archive/Council Financial Statements (NSW councils FY2015-16 to FY2023-24)/Comparison councils/Carrathool (11600)/Carrathool - FY2023-24 - Annual Report.pdf
11600,Carrathool,2023-24,grants_contrib_operating,20087000.0,63,Grants and contributions provided for operating purposes,/Users/ray/Library/CloudStorage/OneDrive-KnoxGrammarSchool/Extracurriculars/AUSSEF/05 Data Archive/Council Financial Statements (NSW councils FY2015-16 to FY2023-24)/Comparison councils/Carrathool (11600)/Carrathool - FY2023-24 - Annual Report.pdf
11600,Carrathool,2023-24,other_disaster_line,1135000.0,79,Floodplain management,/Users/ray/Library/CloudStorage/OneDrive-KnoxGrammarSchool/Extracurriculars/AUSSEF/05 Data Archive/Council Financial Statements (NSW councils FY2015-16 to FY2023-24)/Comparison councils/Carrathool (11600)/Carrathool - FY2023-24 - Annual Report.pdf
11600,Carrathool,2023-24,other_disaster_line,,79,Floodplain management,/Users/ray/Library/CloudStorage/OneDrive-KnoxGrammarSchool/Extracurriculars/AUSSEF/05 Data Archive/Council Financial Statements (NSW councils FY2015-16 to FY2023-24)/Comparison councils/Carrathool (11600)/Carrathool - FY2023-24 - Annual Report.pdf
11600,Carrathool,2023-24,other_disaster_line,74000.0,79,Transport (roads to recovery),/Users/ray/Library/CloudStorage/OneDrive-KnoxGrammarSchool/Extracurriculars/AUSSEF/05 Data Archive/Council Financial Statements (NSW councils FY2015-16 to FY2023-24)/Comparison councils/Carrathool (11600)/Carrathool - FY2023-24 - Annual Report.pdf
11600,Carrathool,2023-24,other_disaster_line,,89,"B5-1 Material budget variations, Materials and services: ""delays in the commencement of budgeted flood damage works which is a program in excess of $6 million.""",/Users/ray/Library/CloudStorage/OneDrive-KnoxGrammarSchool/Extracurriculars/AUSSEF/05 Data Archive/Council Financial Statements (NSW councils FY2015-16 to FY2023-24)/Comparison councils/Carrathool (11600)/Carrathool - FY2023-24 - Annual Report.pdf
11600,Carrathool,2023-24,other_disaster_line,6700000.0,90,"B5-1 Material budget variations: ""approximately $6.7m under the Regional Emergency Road Repair Fund program and approximately $1.2m in grant funding for floodplain management works.""",/Users/ray/Library/CloudStorage/OneDrive-KnoxGrammarSchool/Extracurriculars/AUSSEF/05 Data Archive/Council Financial Statements (NSW councils FY2015-16 to FY2023-24)/Comparison councils/Carrathool (11600)/Carrathool - FY2023-24 - Annual Report.pdf
11600,Carrathool,2023-24,other_disaster_line,16000.0,17,DRRF – Boorga Rd Flood Mitigation,/Users/ray/Library/CloudStorage/OneDrive-KnoxGrammarSchool/Extracurriculars/AUSSEF/05 Data Archive/Council Financial Statements (NSW councils FY2015-16 to FY2023-24)/Comparison councils/Carrathool (11600)/Carrathool - FY2023-24 - Annual Report.pdf
11600,Carrathool,2023-24,other_disaster_line,5200.0,17,Wellbeing Recovery Youth Grant,/Users/ray/Library/CloudStorage/OneDrive-KnoxGrammarSchool/Extracurriculars/AUSSEF/05 Data Archive/Council Financial Statements (NSW councils FY2015-16 to FY2023-24)/Comparison councils/Carrathool (11600)/Carrathool - FY2023-24 - Annual Report.pdf
11600,Carrathool,2023-24,other_disaster_line,1000000.0,6,"Annual report narrative: ""Council also received one million dollars in flood recovery money from the Office of Local Government""",/Users/ray/Library/CloudStorage/OneDrive-KnoxGrammarSchool/Extracurriculars/AUSSEF/05 Data Archive/Council Financial Statements (NSW councils FY2015-16 to FY2023-24)/Comparison councils/Carrathool (11600)/Carrathool - FY2023-24 - Annual Report.pdf
11600,Carrathool,2023-24,total_expenses,25383000.0,63,Total expenses from continuing operations,/Users/ray/Library/CloudStorage/OneDrive-KnoxGrammarSchool/Extracurriculars/AUSSEF/05 Data Archive/Council Financial Statements (NSW councils FY2015-16 to FY2023-24)/Comparison councils/Carrathool (11600)/Carrathool - FY2023-24 - Annual Report.pdf
12870,Federation,2016-17,bushfire_emergency_services_grant,238000.0,33,Bushfire and emergency services,/Users/ray/Library/CloudStorage/OneDrive-KnoxGrammarSchool/Extracurriculars/AUSSEF/05 Data Archive/Council Financial Statements (NSW councils FY2015-16 to FY2023-24)/Comparison councils/Federation (12870)/Federation - FY2016-17 - Financial Statements.pdf
12870,Federation,2016-17,bushfire_emergency_services_grant,126000.0,33,Bushfire and emergency services,/Users/ray/Library/CloudStorage/OneDrive-KnoxGrammarSchool/Extracurriculars/AUSSEF/05 Data Archive/Council Financial Statements (NSW councils FY2015-16 to FY2023-24)/Comparison councils/Federation (12870)/Federation - FY2016-17 - Financial Statements.pdf
12870,Federation,2016-17,capex_ippe,15987000.0,10,"Purchase of infrastructure, property, plant and equipment",/Users/ray/Library/CloudStorage/OneDrive-KnoxGrammarSchool/Extracurriculars/AUSSEF/05 Data Archive/Council Financial Statements (NSW councils FY2015-16 to FY2023-24)/Comparison councils/Federation (12870)/Federation - FY2016-17 - Financial Statements.pdf
12870,Federation,2016-17,depreciation,11845000.0,38,TOTAL DEPRECIATION AND IMPAIRMENT COSTS EXPENSED,/Users/ray/Library/CloudStorage/OneDrive-KnoxGrammarSchool/Extracurriculars/AUSSEF/05 Data Archive/Council Financial Statements (NSW councils FY2015-16 to FY2023-24)/Comparison councils/Federation (12870)/Federation - FY2016-17 - Financial Statements.pdf
12870,Federation,2016-17,disaster_expense,-2270000.0,49,– For Flood Damage on Roads in October 2016,/Users/ray/Library/CloudStorage/OneDrive-KnoxGrammarSchool/Extracurriculars/AUSSEF/05 Data Archive/Council Financial Statements (NSW councils FY2015-16 to FY2023-24)/Comparison councils/Federation (12870)/Federation - FY2016-17 - Financial Statements.pdf
12870,Federation,2016-17,disaster_grant_capital,,21,Flood restoration,/Users/ray/Library/CloudStorage/OneDrive-KnoxGrammarSchool/Extracurriculars/AUSSEF/05 Data Archive/Council Financial Statements (NSW councils FY2015-16 to FY2023-24)/Comparison councils/Federation (12870)/Federation - FY2017-18 - Financial Statements.pdf
12870,Federation,2016-17,disaster_grant_operating,500000.0,33,Flood restoration,/Users/ray/Library/CloudStorage/OneDrive-KnoxGrammarSchool/Extracurriculars/AUSSEF/05 Data Archive/Council Financial Statements (NSW councils FY2015-16 to FY2023-24)/Comparison councils/Federation (12870)/Federation - FY2016-17 - Financial Statements.pdf
12870,Federation,2016-17,grants_contrib_capital,13294000.0,6,Grants and contributions provided for capital purposes,/Users/ray/Library/CloudStorage/OneDrive-KnoxGrammarSchool/Extracurriculars/AUSSEF/05 Data Archive/Council Financial Statements (NSW councils FY2015-16 to FY2023-24)/Comparison councils/Federation (12870)/Federation - FY2016-17 - Financial Statements.pdf
12870,Federation,2016-17,grants_contrib_operating,19130000.0,6,Grants and contributions provided for operating purposes,/Users/ray/Library/CloudStorage/OneDrive-KnoxGrammarSchool/Extracurriculars/AUSSEF/05 Data Archive/Council Financial Statements (NSW councils FY2015-16 to FY2023-24)/Comparison councils/Federation (12870)/Federation - FY2016-17 - Financial Statements.pdf
12870,Federation,2016-17,other_disaster_line,-9000.0,43,Flood study contrib. – cnl reserve,/Users/ray/Library/CloudStorage/OneDrive-KnoxGrammarSchool/Extracurriculars/AUSSEF/05 Data Archive/Council Financial Statements (NSW councils FY2015-16 to FY2023-24)/Comparison councils/Federation (12870)/Federation - FY2016-17 - Financial Statements.pdf
12870,Federation,2016-17,other_disaster_line,1235000.0,33,Transport (roads to recovery),/Users/ray/Library/CloudStorage/OneDrive-KnoxGrammarSchool/Extracurriculars/AUSSEF/05 Data Archive/Council Financial Statements (NSW councils FY2015-16 to FY2023-24)/Comparison councils/Federation (12870)/Federation - FY2016-17 - Financial Statements.pdf
12870,Federation,2016-17,total_expenses,38181000.0,6,Total expenses from continuing operations,/Users/ray/Library/CloudStorage/OneDrive-KnoxGrammarSchool/Extracurriculars/AUSSEF/05 Data Archive/Council Financial Statements (NSW councils FY2015-16 to FY2023-24)/Comparison councils/Federation (12870)/Federation - FY2016-17 - Financial Statements.pdf
12870,Federation,2017-18,bushfire_emergency_services_grant,196000.0,21,Bushfire and emergency services,/Users/ray/Library/CloudStorage/OneDrive-KnoxGrammarSchool/Extracurriculars/AUSSEF/05 Data Archive/Council Financial Statements (NSW councils FY2015-16 to FY2023-24)/Comparison councils/Federation (12870)/Federation - FY2017-18 - Financial Statements.pdf
12870,Federation,2017-18,bushfire_emergency_services_grant,24000.0,21,Bushfire and emergency services,/Users/ray/Library/CloudStorage/OneDrive-KnoxGrammarSchool/Extracurriculars/AUSSEF/05 Data Archive/Council Financial Statements (NSW councils FY2015-16 to FY2023-24)/Comparison councils/Federation (12870)/Federation - FY2017-18 - Financial Statements.pdf
12870,Federation,2017-18,capex_ippe,19393000.0,9,"Purchase of infrastructure, property, plant and equipment",/Users/ray/Library/CloudStorage/OneDrive-KnoxGrammarSchool/Extracurriculars/AUSSEF/05 Data Archive/Council Financial Statements (NSW councils FY2015-16 to FY2023-24)/Comparison councils/Federation (12870)/Federation - FY2017-18 - Financial Statements.pdf
12870,Federation,2017-18,depreciation,13973000.0,27,"TOTAL DEPRECIATION, AMORTISATION AND IMPAIRMENT / REVALUATION DECREMENT COSTS EXPENSED",/Users/ray/Library/CloudStorage/OneDrive-KnoxGrammarSchool/Extracurriculars/AUSSEF/05 Data Archive/Council Financial Statements (NSW councils FY2015-16 to FY2023-24)/Comparison councils/Federation (12870)/Federation - FY2017-18 - Financial Statements.pdf
12870,Federation,2017-18,disaster_expense,,39,– For Flood Damage on Roads in October 2016,/Users/ray/Library/CloudStorage/OneDrive-KnoxGrammarSchool/Extracurriculars/AUSSEF/05 Data Archive/Council Financial Statements (NSW councils FY2015-16 to FY2023-24)/Comparison councils/Federation (12870)/Federation - FY2017-18 - Financial Statements.pdf
12870,Federation,2017-18,disaster_grant_capital,1814000.0,21,Flood restoration,/Users/ray/Library/CloudStorage/OneDrive-KnoxGrammarSchool/Extracurriculars/AUSSEF/05 Data Archive/Council Financial Statements (NSW councils FY2015-16 to FY2023-24)/Comparison councils/Federation (12870)/Federation - FY2017-18 - Financial Statements.pdf
12870,Federation,2017-18,disaster_grant_operating,,21,Flood restoration,/Users/ray/Library/CloudStorage/OneDrive-KnoxGrammarSchool/Extracurriculars/AUSSEF/05 Data Archive/Council Financial Statements (NSW councils FY2015-16 to FY2023-24)/Comparison councils/Federation (12870)/Federation - FY2017-18 - Financial Statements.pdf
12870,Federation,2017-18,grants_contrib_capital,4320000.0,5,Grants and contributions provided for capital purposes,/Users/ray/Library/CloudStorage/OneDrive-KnoxGrammarSchool/Extracurriculars/AUSSEF/05 Data Archive/Council Financial Statements (NSW councils FY2015-16 to FY2023-24)/Comparison councils/Federation (12870)/Federation - FY2017-18 - Financial Statements.pdf
12870,Federation,2017-18,grants_contrib_operating,11768000.0,5,Grants and contributions provided for operating purposes,/Users/ray/Library/CloudStorage/OneDrive-KnoxGrammarSchool/Extracurriculars/AUSSEF/05 Data Archive/Council Financial Statements (NSW councils FY2015-16 to FY2023-24)/Comparison councils/Federation (12870)/Federation - FY2017-18 - Financial Statements.pdf
12870,Federation,2017-18,other_disaster_line,,59,Unbudgeted State government capital grant including flood restoration and Stronger Country Communities,/Users/ray/Library/CloudStorage/OneDrive-KnoxGrammarSchool/Extracurriculars/AUSSEF/05 Data Archive/Council Financial Statements (NSW councils FY2015-16 to FY2023-24)/Comparison councils/Federation (12870)/Federation - FY2017-18 - Financial Statements.pdf
12870,Federation,2017-18,total_expenses,37286000.0,5,Total expenses from continuing operations,/Users/ray/Library/CloudStorage/OneDrive-KnoxGrammarSchool/Extracurriculars/AUSSEF/05 Data Archive/Council Financial Statements (NSW councils FY2015-16 to FY2023-24)/Comparison councils/Federation (12870)/Federation - FY2017-18 - Financial Statements.pdf
12870,Federation,2018-19,bushfire_emergency_services_grant,193000.0,23,Bushfire and emergency services,/Users/ray/Library/CloudStorage/OneDrive-KnoxGrammarSchool/Extracurriculars/AUSSEF/05 Data Archive/Council Financial Statements (NSW councils FY2015-16 to FY2023-24)/Comparison councils/Federation (12870)/Federation - FY2018-19 - Financial Statements.pdf
12870,Federation,2018-19,bushfire_emergency_services_grant,73000.0,23,Bushfire and emergency services,/Users/ray/Library/CloudStorage/OneDrive-KnoxGrammarSchool/Extracurriculars/AUSSEF/05 Data Archive/Council Financial Statements (NSW councils FY2015-16 to FY2023-24)/Comparison councils/Federation (12870)/Federation - FY2018-19 - Financial Statements.pdf
12870,Federation,2018-19,capex_ippe,25363000.0,10,"Purchase of infrastructure, property, plant and equipment",/Users/ray/Library/CloudStorage/OneDrive-KnoxGrammarSchool/Extracurriculars/AUSSEF/05 Data Archive/Council Financial Statements (NSW councils FY2015-16 to FY2023-24)/Comparison councils/Federation (12870)/Federation - FY2018-19 - Financial Statements.pdf
12870,Federation,2018-19,depreciation,16746000.0,29,"TOTAL DEPRECIATION, AMORTISATION AND IMPAIRMENT / REVALUATION DECREMENT FOR INTANGIBLES AND IPP&E",/Users/ray/Library/CloudStorage/OneDrive-KnoxGrammarSchool/Extracurriculars/AUSSEF/05 Data Archive/Council Financial Statements (NSW councils FY2015-16 to FY2023-24)/Comparison councils/Federation (12870)/Federation - FY2018-19 - Financial Statements.pdf
12870,Federation,2018-19,disaster_grant_capital,120000.0,23,Storm/flood damage,/Users/ray/Library/CloudStorage/OneDrive-KnoxGrammarSchool/Extracurriculars/AUSSEF/05 Data Archive/Council Financial Statements (NSW councils FY2015-16 to FY2023-24)/Comparison councils/Federation (12870)/Federation - FY2018-19 - Financial Statements.pdf
12870,Federation,2018-19,disaster_grant_operating,,23,Storm/flood damage,/Users/ray/Library/CloudStorage/OneDrive-KnoxGrammarSchool/Extracurriculars/AUSSEF/05 Data Archive/Council Financial Statements (NSW councils FY2015-16 to FY2023-24)/Comparison councils/Federation (12870)/Federation - FY2018-19 - Financial Statements.pdf
12870,Federation,2018-19,grants_contrib_capital,5917000.0,6,Grants and contributions provided for capital purposes,/Users/ray/Library/CloudStorage/OneDrive-KnoxGrammarSchool/Extracurriculars/AUSSEF/05 Data Archive/Council Financial Statements (NSW councils FY2015-16 to FY2023-24)/Comparison councils/Federation (12870)/Federation - FY2018-19 - Financial Statements.pdf
12870,Federation,2018-19,grants_contrib_operating,16838000.0,6,Grants and contributions provided for operating purposes,/Users/ray/Library/CloudStorage/OneDrive-KnoxGrammarSchool/Extracurriculars/AUSSEF/05 Data Archive/Council Financial Statements (NSW councils FY2015-16 to FY2023-24)/Comparison councils/Federation (12870)/Federation - FY2018-19 - Financial Statements.pdf
12870,Federation,2018-19,other_disaster_line,15000.0,24,Bushfire services,/Users/ray/Library/CloudStorage/OneDrive-KnoxGrammarSchool/Extracurriculars/AUSSEF/05 Data Archive/Council Financial Statements (NSW councils FY2015-16 to FY2023-24)/Comparison councils/Federation (12870)/Federation - FY2018-19 - Financial Statements.pdf
12870,Federation,2018-19,total_expenses,48173000.0,6,Total expenses from continuing operations,/Users/ray/Library/CloudStorage/OneDrive-KnoxGrammarSchool/Extracurriculars/AUSSEF/05 Data Archive/Council Financial Statements (NSW councils FY2015-16 to FY2023-24)/Comparison councils/Federation (12870)/Federation - FY2018-19 - Financial Statements.pdf
12870,Federation,2019-20,bushfire_emergency_services_grant,253000.0,22,Bushfire and emergency services,/Users/ray/Library/CloudStorage/OneDrive-KnoxGrammarSchool/Extracurriculars/AUSSEF/05 Data Archive/Council Financial Statements (NSW councils FY2015-16 to FY2023-24)/Comparison councils/Federation (12870)/Federation - FY2019-20 - Financial Statements.pdf
12870,Federation,2019-20,bushfire_emergency_services_grant,98000.0,22,Bushfire and emergency services,/Users/ray/Library/CloudStorage/OneDrive-KnoxGrammarSchool/Extracurriculars/AUSSEF/05 Data Archive/Council Financial Statements (NSW councils FY2015-16 to FY2023-24)/Comparison councils/Federation (12870)/Federation - FY2019-20 - Financial Statements.pdf
12870,Federation,2019-20,capex_ippe,29381000.0,10,"Purchase of infrastructure, property, plant and equipment",/Users/ray/Library/CloudStorage/OneDrive-KnoxGrammarSchool/Extracurriculars/AUSSEF/05 Data Archive/Council Financial Statements (NSW councils FY2015-16 to FY2023-24)/Comparison councils/Federation (12870)/Federation - FY2019-20 - Financial Statements.pdf
12870,Federation,2019-20,depreciation,11067000.0,30,"TOTAL DEPRECIATION, AMORTISATION AND IMPAIRMENT FOR NON-FINANCIAL ASSETS",/Users/ray/Library/CloudStorage/OneDrive-KnoxGrammarSchool/Extracurriculars/AUSSEF/05 Data Archive/Council Financial Statements (NSW councils FY2015-16 to FY2023-24)/Comparison councils/Federation (12870)/Federation - FY2019-20 - Financial Statements.pdf
12870,Federation,2019-20,disaster_grant_capital,229000.0,22,Storm/flood damage,/Users/ray/Library/CloudStorage/OneDrive-KnoxGrammarSchool/Extracurriculars/AUSSEF/05 Data Archive/Council Financial Statements (NSW councils FY2015-16 to FY2023-24)/Comparison councils/Federation (12870)/Federation - FY2019-20 - Financial Statements.pdf
12870,Federation,2019-20,disaster_grant_operating,,22,Storm/flood damage,/Users/ray/Library/CloudStorage/OneDrive-KnoxGrammarSchool/Extracurriculars/AUSSEF/05 Data Archive/Council Financial Statements (NSW councils FY2015-16 to FY2023-24)/Comparison councils/Federation (12870)/Federation - FY2019-20 - Financial Statements.pdf
12870,Federation,2019-20,grants_contrib_capital,8753000.0,6,Grants and contributions provided for capital purposes,/Users/ray/Library/CloudStorage/OneDrive-KnoxGrammarSchool/Extracurriculars/AUSSEF/05 Data Archive/Council Financial Statements (NSW councils FY2015-16 to FY2023-24)/Comparison councils/Federation (12870)/Federation - FY2019-20 - Financial Statements.pdf
12870,Federation,2019-20,grants_contrib_operating,16372000.0,6,Grants and contributions provided for operating purposes,/Users/ray/Library/CloudStorage/OneDrive-KnoxGrammarSchool/Extracurriculars/AUSSEF/05 Data Archive/Council Financial Statements (NSW councils FY2015-16 to FY2023-24)/Comparison councils/Federation (12870)/Federation - FY2019-20 - Financial Statements.pdf
12870,Federation,2019-20,other_disaster_line,1400000.0,22,Drought,/Users/ray/Library/CloudStorage/OneDrive-KnoxGrammarSchool/Extracurriculars/AUSSEF/05 Data Archive/Council Financial Statements (NSW councils FY2015-16 to FY2023-24)/Comparison councils/Federation (12870)/Federation - FY2019-20 - Financial Statements.pdf
12870,Federation,2019-20,other_disaster_line,,23,Bushfire services,/Users/ray/Library/CloudStorage/OneDrive-KnoxGrammarSchool/Extracurriculars/AUSSEF/05 Data Archive/Council Financial Statements (NSW councils FY2015-16 to FY2023-24)/Comparison councils/Federation (12870)/Federation - FY2019-20 - Financial Statements.pdf
12870,Federation,2019-20,total_expenses,50142000.0,6,Total expenses from continuing operations,/Users/ray/Library/CloudStorage/OneDrive-KnoxGrammarSchool/Extracurriculars/AUSSEF/05 Data Archive/Council Financial Statements (NSW councils FY2015-16 to FY2023-24)/Comparison councils/Federation (12870)/Federation - FY2019-20 - Financial Statements.pdf
12870,Federation,2020-21,bushfire_emergency_services_grant,387000.0,24,Bushfire and emergency services,/Users/ray/Library/CloudStorage/OneDrive-KnoxGrammarSchool/Extracurriculars/AUSSEF/05 Data Archive/Council Financial Statements (NSW councils FY2015-16 to FY2023-24)/Comparison councils/Federation (12870)/Federation - FY2020-21 - Financial Statements.pdf
12870,Federation,2020-21,bushfire_emergency_services_grant,30000.0,24,Bushfire and emergency services,/Users/ray/Library/CloudStorage/OneDrive-KnoxGrammarSchool/Extracurriculars/AUSSEF/05 Data Archive/Council Financial Statements (NSW councils FY2015-16 to FY2023-24)/Comparison councils/Federation (12870)/Federation - FY2020-21 - Financial Statements.pdf
12870,Federation,2020-21,capex_ippe,24528000.0,11,"Purchase of infrastructure, property, plant and equipment",/Users/ray/Library/CloudStorage/OneDrive-KnoxGrammarSchool/Extracurriculars/AUSSEF/05 Data Archive/Council Financial Statements (NSW councils FY2015-16 to FY2023-24)/Comparison councils/Federation (12870)/Federation - FY2020-21 - Financial Statements.pdf
12870,Federation,2020-21,depreciation,13413000.0,7,"Depreciation, amortisation and impairment for non-financial assets",/Users/ray/Library/CloudStorage/OneDrive-KnoxGrammarSchool/Extracurriculars/AUSSEF/05 Data Archive/Council Financial Statements (NSW councils FY2015-16 to FY2023-24)/Comparison councils/Federation (12870)/Federation - FY2020-21 - Financial Statements.pdf
12870,Federation,2020-21,disaster_grant_capital,,24,Storm/flood damage,/Users/ray/Library/CloudStorage/OneDrive-KnoxGrammarSchool/Extracurriculars/AUSSEF/05 Data Archive/Council Financial Statements (NSW councils FY2015-16 to FY2023-24)/Comparison councils/Federation (12870)/Federation - FY2020-21 - Financial Statements.pdf
12870,Federation,2020-21,disaster_grant_operating,,24,Storm/flood damage,/Users/ray/Library/CloudStorage/OneDrive-KnoxGrammarSchool/Extracurriculars/AUSSEF/05 Data Archive/Council Financial Statements (NSW councils FY2015-16 to FY2023-24)/Comparison councils/Federation (12870)/Federation - FY2020-21 - Financial Statements.pdf
12870,Federation,2020-21,grants_contrib_capital,7097000.0,7,Grants and contributions provided for capital purposes,/Users/ray/Library/CloudStorage/OneDrive-KnoxGrammarSchool/Extracurriculars/AUSSEF/05 Data Archive/Council Financial Statements (NSW councils FY2015-16 to FY2023-24)/Comparison councils/Federation (12870)/Federation - FY2020-21 - Financial Statements.pdf
12870,Federation,2020-21,grants_contrib_operating,16324000.0,7,Grants and contributions provided for operating purposes,/Users/ray/Library/CloudStorage/OneDrive-KnoxGrammarSchool/Extracurriculars/AUSSEF/05 Data Archive/Council Financial Statements (NSW councils FY2015-16 to FY2023-24)/Comparison councils/Federation (12870)/Federation - FY2020-21 - Financial Statements.pdf
12870,Federation,2020-21,other_disaster_line,279000.0,24,Drought,/Users/ray/Library/CloudStorage/OneDrive-KnoxGrammarSchool/Extracurriculars/AUSSEF/05 Data Archive/Council Financial Statements (NSW councils FY2015-16 to FY2023-24)/Comparison councils/Federation (12870)/Federation - FY2020-21 - Financial Statements.pdf
12870,Federation,2020-21,total_expenses,51488000.0,7,Total expenses from continuing operations,/Users/ray/Library/CloudStorage/OneDrive-KnoxGrammarSchool/Extracurriculars/AUSSEF/05 Data Archive/Council Financial Statements (NSW councils FY2015-16 to FY2023-24)/Comparison councils/Federation (12870)/Federation - FY2020-21 - Financial Statements.pdf
12870,Federation,2021-22,bushfire_emergency_services_grant,347000.0,22,Bushfire and emergency services,/Users/ray/Library/CloudStorage/OneDrive-KnoxGrammarSchool/Extracurriculars/AUSSEF/05 Data Archive/Council Financial Statements (NSW councils FY2015-16 to FY2023-24)/Comparison councils/Federation (12870)/Federation - FY2021-22 - Financial Statements.pdf
12870,Federation,2021-22,bushfire_emergency_services_grant,,22,Bushfire and emergency services,/Users/ray/Library/CloudStorage/OneDrive-KnoxGrammarSchool/Extracurriculars/AUSSEF/05 Data Archive/Council Financial Statements (NSW councils FY2015-16 to FY2023-24)/Comparison councils/Federation (12870)/Federation - FY2021-22 - Financial Statements.pdf
12870,Federation,2021-22,capex_ippe,17576000.0,10,Payments for IPPE,/Users/ray/Library/CloudStorage/OneDrive-KnoxGrammarSchool/Extracurriculars/AUSSEF/05 Data Archive/Council Financial Statements (NSW councils FY2015-16 to FY2023-24)/Comparison councils/Federation (12870)/Federation - FY2021-22 - Financial Statements.pdf
12870,Federation,2021-22,depreciation,13095000.0,6,"Depreciation, amortisation and impairment of non-financial assets",/Users/ray/Library/CloudStorage/OneDrive-KnoxGrammarSchool/Extracurriculars/AUSSEF/05 Data Archive/Council Financial Statements (NSW councils FY2015-16 to FY2023-24)/Comparison councils/Federation (12870)/Federation - FY2021-22 - Financial Statements.pdf
12870,Federation,2021-22,disaster_expense,,45,- For Flood Damage on Roads in November 2022,/Users/ray/Library/CloudStorage/OneDrive-KnoxGrammarSchool/Extracurriculars/AUSSEF/05 Data Archive/Council Financial Statements (NSW councils FY2015-16 to FY2023-24)/Comparison councils/Federation (12870)/Federation - FY2022-23 - Financial Statements.pdf
12870,Federation,2021-22,disaster_expense,,45,- For Flood Damage on Buildings in November 2022,/Users/ray/Library/CloudStorage/OneDrive-KnoxGrammarSchool/Extracurriculars/AUSSEF/05 Data Archive/Council Financial Statements (NSW councils FY2015-16 to FY2023-24)/Comparison councils/Federation (12870)/Federation - FY2022-23 - Financial Statements.pdf
12870,Federation,2021-22,disaster_grant_capital,57000.0,22,Storm/flood damage,/Users/ray/Library/CloudStorage/OneDrive-KnoxGrammarSchool/Extracurriculars/AUSSEF/05 Data Archive/Council Financial Statements (NSW councils FY2015-16 to FY2023-24)/Comparison councils/Federation (12870)/Federation - FY2021-22 - Financial Statements.pdf
12870,Federation,2021-22,disaster_grant_operating,,22,Storm/flood damage,/Users/ray/Library/CloudStorage/OneDrive-KnoxGrammarSchool/Extracurriculars/AUSSEF/05 Data Archive/Council Financial Statements (NSW councils FY2015-16 to FY2023-24)/Comparison councils/Federation (12870)/Federation - FY2021-22 - Financial Statements.pdf
12870,Federation,2021-22,grants_contrib_capital,11794000.0,6,Grants and contributions provided for capital purposes,/Users/ray/Library/CloudStorage/OneDrive-KnoxGrammarSchool/Extracurriculars/AUSSEF/05 Data Archive/Council Financial Statements (NSW councils FY2015-16 to FY2023-24)/Comparison councils/Federation (12870)/Federation - FY2021-22 - Financial Statements.pdf
12870,Federation,2021-22,grants_contrib_operating,15043000.0,6,Grants and contributions provided for operating purposes,/Users/ray/Library/CloudStorage/OneDrive-KnoxGrammarSchool/Extracurriculars/AUSSEF/05 Data Archive/Council Financial Statements (NSW councils FY2015-16 to FY2023-24)/Comparison councils/Federation (12870)/Federation - FY2021-22 - Financial Statements.pdf
12870,Federation,2021-22,other_disaster_line,220000.0,22,Drought,/Users/ray/Library/CloudStorage/OneDrive-KnoxGrammarSchool/Extracurriculars/AUSSEF/05 Data Archive/Council Financial Statements (NSW councils FY2015-16 to FY2023-24)/Comparison councils/Federation (12870)/Federation - FY2021-22 - Financial Statements.pdf
12870,Federation,2021-22,total_expenses,42392000.0,6,Total expenses from continuing operations,/Users/ray/Library/CloudStorage/OneDrive-KnoxGrammarSchool/Extracurriculars/AUSSEF/05 Data Archive/Council Financial Statements (NSW councils FY2015-16 to FY2023-24)/Comparison councils/Federation (12870)/Federation - FY2021-22 - Financial Statements.pdf
12870,Federation,2022-23,bushfire_emergency_services_grant,194000.0,23,Bushfire and emergency services,/Users/ray/Library/CloudStorage/OneDrive-KnoxGrammarSchool/Extracurriculars/AUSSEF/05 Data Archive/Council Financial Statements (NSW councils FY2015-16 to FY2023-24)/Comparison councils/Federation (12870)/Federation - FY2022-23 - Financial Statements.pdf
12870,Federation,2022-23,bushfire_emergency_services_grant,,23,Bushfire and emergency services,/Users/ray/Library/CloudStorage/OneDrive-KnoxGrammarSchool/Extracurriculars/AUSSEF/05 Data Archive/Council Financial Statements (NSW councils FY2015-16 to FY2023-24)/Comparison councils/Federation (12870)/Federation - FY2022-23 - Financial Statements.pdf
12870,Federation,2022-23,capex_ippe,19058000.0,11,Payments for IPPE,/Users/ray/Library/CloudStorage/OneDrive-KnoxGrammarSchool/Extracurriculars/AUSSEF/05 Data Archive/Council Financial Statements (NSW councils FY2015-16 to FY2023-24)/Comparison councils/Federation (12870)/Federation - FY2022-23 - Financial Statements.pdf
12870,Federation,2022-23,depreciation,14580000.0,7,"Depreciation, amortisation and impairment of non-financial assets",/Users/ray/Library/CloudStorage/OneDrive-KnoxGrammarSchool/Extracurriculars/AUSSEF/05 Data Archive/Council Financial Statements (NSW councils FY2015-16 to FY2023-24)/Comparison councils/Federation (12870)/Federation - FY2022-23 - Financial Statements.pdf
12870,Federation,2022-23,disaster_expense,7322000.0,45,- For Flood Damage on Roads in November 2022,/Users/ray/Library/CloudStorage/OneDrive-KnoxGrammarSchool/Extracurriculars/AUSSEF/05 Data Archive/Council Financial Statements (NSW councils FY2015-16 to FY2023-24)/Comparison councils/Federation (12870)/Federation - FY2022-23 - Financial Statements.pdf
12870,Federation,2022-23,disaster_expense,1436000.0,45,- For Flood Damage on Buildings in November 2022,/Users/ray/Library/CloudStorage/OneDrive-KnoxGrammarSchool/Extracurriculars/AUSSEF/05 Data Archive/Council Financial Statements (NSW councils FY2015-16 to FY2023-24)/Comparison councils/Federation (12870)/Federation - FY2022-23 - Financial Statements.pdf
12870,Federation,2022-23,disaster_grant_capital,,23,Storm/flood damage,/Users/ray/Library/CloudStorage/OneDrive-KnoxGrammarSchool/Extracurriculars/AUSSEF/05 Data Archive/Council Financial Statements (NSW councils FY2015-16 to FY2023-24)/Comparison councils/Federation (12870)/Federation - FY2022-23 - Financial Statements.pdf
12870,Federation,2022-23,disaster_grant_operating,1000000.0,23,Storm/flood damage,/Users/ray/Library/CloudStorage/OneDrive-KnoxGrammarSchool/Extracurriculars/AUSSEF/05 Data Archive/Council Financial Statements (NSW councils FY2015-16 to FY2023-24)/Comparison councils/Federation (12870)/Federation - FY2022-23 - Financial Statements.pdf
12870,Federation,2022-23,grants_contrib_capital,13351000.0,7,Grants and contributions provided for capital purposes,/Users/ray/Library/CloudStorage/OneDrive-KnoxGrammarSchool/Extracurriculars/AUSSEF/05 Data Archive/Council Financial Statements (NSW councils FY2015-16 to FY2023-24)/Comparison councils/Federation (12870)/Federation - FY2022-23 - Financial Statements.pdf
12870,Federation,2022-23,grants_contrib_operating,16126000.0,7,Grants and contributions provided for operating purposes,/Users/ray/Library/CloudStorage/OneDrive-KnoxGrammarSchool/Extracurriculars/AUSSEF/05 Data Archive/Council Financial Statements (NSW councils FY2015-16 to FY2023-24)/Comparison councils/Federation (12870)/Federation - FY2022-23 - Financial Statements.pdf
12870,Federation,2022-23,other_disaster_line,,23,Drought,/Users/ray/Library/CloudStorage/OneDrive-KnoxGrammarSchool/Extracurriculars/AUSSEF/05 Data Archive/Council Financial Statements (NSW councils FY2015-16 to FY2023-24)/Comparison councils/Federation (12870)/Federation - FY2022-23 - Financial Statements.pdf
12870,Federation,2022-23,other_disaster_line,105000.0,23,Bushfire services,/Users/ray/Library/CloudStorage/OneDrive-KnoxGrammarSchool/Extracurriculars/AUSSEF/05 Data Archive/Council Financial Statements (NSW councils FY2015-16 to FY2023-24)/Comparison councils/Federation (12870)/Federation - FY2022-23 - Financial Statements.pdf
12870,Federation,2022-23,other_disaster_line,,28,Flood study expenses,/Users/ray/Library/CloudStorage/OneDrive-KnoxGrammarSchool/Extracurriculars/AUSSEF/05 Data Archive/Council Financial Statements (NSW councils FY2015-16 to FY2023-24)/Comparison councils/Federation (12870)/Federation - FY2022-23 - Financial Statements.pdf
12870,Federation,2022-23,other_disaster_line,1000000.0,32,additional funding for flood relief totaling $1 million,/Users/ray/Library/CloudStorage/OneDrive-KnoxGrammarSchool/Extracurriculars/AUSSEF/05 Data Archive/Council Financial Statements (NSW councils FY2015-16 to FY2023-24)/Comparison councils/Federation (12870)/Federation - FY2022-23 - Financial Statements.pdf
12870,Federation,2022-23,total_expenses,47615000.0,7,Total expenses from continuing operations,/Users/ray/Library/CloudStorage/OneDrive-KnoxGrammarSchool/Extracurriculars/AUSSEF/05 Data Archive/Council Financial Statements (NSW councils FY2015-16 to FY2023-24)/Comparison councils/Federation (12870)/Federation - FY2022-23 - Financial Statements.pdf
12870,Federation,2023-24,bushfire_emergency_services_grant,255000.0,22,Bushfire and emergency services,/Users/ray/Library/CloudStorage/OneDrive-KnoxGrammarSchool/Extracurriculars/AUSSEF/05 Data Archive/Council Financial Statements (NSW councils FY2015-16 to FY2023-24)/Comparison councils/Federation (12870)/Federation - FY2023-24 - Financial Statements.pdf
12870,Federation,2023-24,bushfire_emergency_services_grant,11000.0,22,Bushfire and emergency services,/Users/ray/Library/CloudStorage/OneDrive-KnoxGrammarSchool/Extracurriculars/AUSSEF/05 Data Archive/Council Financial Statements (NSW councils FY2015-16 to FY2023-24)/Comparison councils/Federation (12870)/Federation - FY2023-24 - Financial Statements.pdf
12870,Federation,2023-24,capex_ippe,19328000.0,10,Payments for IPPE,/Users/ray/Library/CloudStorage/OneDrive-KnoxGrammarSchool/Extracurriculars/AUSSEF/05 Data Archive/Council Financial Statements (NSW councils FY2015-16 to FY2023-24)/Comparison councils/Federation (12870)/Federation - FY2023-24 - Financial Statements.pdf
12870,Federation,2023-24,depreciation,15088000.0,6,"Depreciation, amortisation and impairment of non-financial assets",/Users/ray/Library/CloudStorage/OneDrive-KnoxGrammarSchool/Extracurriculars/AUSSEF/05 Data Archive/Council Financial Statements (NSW councils FY2015-16 to FY2023-24)/Comparison councils/Federation (12870)/Federation - FY2023-24 - Financial Statements.pdf
12870,Federation,2023-24,disaster_expense,,44,- For Flood Damage on Roads in November 2022,/Users/ray/Library/CloudStorage/OneDrive-KnoxGrammarSchool/Extracurriculars/AUSSEF/05 Data Archive/Council Financial Statements (NSW councils FY2015-16 to FY2023-24)/Comparison councils/Federation (12870)/Federation - FY2023-24 - Financial Statements.pdf
12870,Federation,2023-24,disaster_expense,,44,- For Flood Damage on Buildings in November 2022,/Users/ray/Library/CloudStorage/OneDrive-KnoxGrammarSchool/Extracurriculars/AUSSEF/05 Data Archive/Council Financial Statements (NSW councils FY2015-16 to FY2023-24)/Comparison councils/Federation (12870)/Federation - FY2023-24 - Financial Statements.pdf
12870,Federation,2023-24,disaster_grant_operating,1027000.0,22,Storm/flood damage,/Users/ray/Library/CloudStorage/OneDrive-KnoxGrammarSchool/Extracurriculars/AUSSEF/05 Data Archive/Council Financial Statements (NSW councils FY2015-16 to FY2023-24)/Comparison councils/Federation (12870)/Federation - FY2023-24 - Financial Statements.pdf
12870,Federation,2023-24,grants_contrib_capital,12157000.0,6,Grants and contributions provided for capital purposes,/Users/ray/Library/CloudStorage/OneDrive-KnoxGrammarSchool/Extracurriculars/AUSSEF/05 Data Archive/Council Financial Statements (NSW councils FY2015-16 to FY2023-24)/Comparison councils/Federation (12870)/Federation - FY2023-24 - Financial Statements.pdf
12870,Federation,2023-24,grants_contrib_operating,26556000.0,6,Grants and contributions provided for operating purposes,/Users/ray/Library/CloudStorage/OneDrive-KnoxGrammarSchool/Extracurriculars/AUSSEF/05 Data Archive/Council Financial Statements (NSW councils FY2015-16 to FY2023-24)/Comparison councils/Federation (12870)/Federation - FY2023-24 - Financial Statements.pdf
12870,Federation,2023-24,other_disaster_line,250000.0,22,Floodplain management,/Users/ray/Library/CloudStorage/OneDrive-KnoxGrammarSchool/Extracurriculars/AUSSEF/05 Data Archive/Council Financial Statements (NSW councils FY2015-16 to FY2023-24)/Comparison councils/Federation (12870)/Federation - FY2023-24 - Financial Statements.pdf
12870,Federation,2023-24,other_disaster_line,100000.0,22,Drought,/Users/ray/Library/CloudStorage/OneDrive-KnoxGrammarSchool/Extracurriculars/AUSSEF/05 Data Archive/Council Financial Statements (NSW councils FY2015-16 to FY2023-24)/Comparison councils/Federation (12870)/Federation - FY2023-24 - Financial Statements.pdf
12870,Federation,2023-24,other_disaster_line,,22,Bushfire services,/Users/ray/Library/CloudStorage/OneDrive-KnoxGrammarSchool/Extracurriculars/AUSSEF/05 Data Archive/Council Financial Statements (NSW councils FY2015-16 to FY2023-24)/Comparison councils/Federation (12870)/Federation - FY2023-24 - Financial Statements.pdf
12870,Federation,2023-24,other_disaster_line,1000000.0,32,$1 million from Local Government Recovery Grants,/Users/ray/Library/CloudStorage/OneDrive-KnoxGrammarSchool/Extracurriculars/AUSSEF/05 Data Archive/Council Financial Statements (NSW councils FY2015-16 to FY2023-24)/Comparison councils/Federation (12870)/Federation - FY2023-24 - Financial Statements.pdf
12870,Federation,2023-24,other_disaster_line,750000.0,32,unbudgeted ($750k) insurance claim related to flood damage,/Users/ray/Library/CloudStorage/OneDrive-KnoxGrammarSchool/Extracurriculars/AUSSEF/05 Data Archive/Council Financial Statements (NSW councils FY2015-16 to FY2023-24)/Comparison councils/Federation (12870)/Federation - FY2023-24 - Financial Statements.pdf
12870,Federation,2023-24,other_disaster_line,289000.0,37,Insurance Recoveries - Flood Works,/Users/ray/Library/CloudStorage/OneDrive-KnoxGrammarSchool/Extracurriculars/AUSSEF/05 Data Archive/Council Financial Statements (NSW councils FY2015-16 to FY2023-24)/Comparison councils/Federation (12870)/Federation - FY2023-24 - Financial Statements.pdf
12870,Federation,2023-24,total_expenses,51853000.0,6,Total expenses from continuing operations,/Users/ray/Library/CloudStorage/OneDrive-KnoxGrammarSchool/Extracurriculars/AUSSEF/05 Data Archive/Council Financial Statements (NSW councils FY2015-16 to FY2023-24)/Comparison councils/Federation (12870)/Federation - FY2023-24 - Financial Statements.pdf
12900,Forbes,2015-16,capex_ippe,9811000.0,9,"Purchase of infrastructure, property, plant and equipment",/Users/ray/Library/CloudStorage/OneDrive-KnoxGrammarSchool/Extracurriculars/AUSSEF/05 Data Archive/Council Financial Statements (NSW councils FY2015-16 to FY2023-24)/Comparison councils/Forbes (12900)/Forbes - FY2015-16 - Financial Statements.pdf
12900,Forbes,2015-16,depreciation,7806000.0,5,Depreciation and amortisation,/Users/ray/Library/CloudStorage/OneDrive-KnoxGrammarSchool/Extracurriculars/AUSSEF/05 Data Archive/Council Financial Statements (NSW councils FY2015-16 to FY2023-24)/Comparison councils/Forbes (12900)/Forbes - FY2015-16 - Financial Statements.pdf
12900,Forbes,2015-16,grants_contrib_capital,2876000.0,5,Grants and contributions provided for capital purposes,/Users/ray/Library/CloudStorage/OneDrive-KnoxGrammarSchool/Extracurriculars/AUSSEF/05 Data Archive/Council Financial Statements (NSW councils FY2015-16 to FY2023-24)/Comparison councils/Forbes (12900)/Forbes - FY2015-16 - Financial Statements.pdf
12900,Forbes,2015-16,grants_contrib_operating,9106000.0,5,Grants and contributions provided for operating purposes,/Users/ray/Library/CloudStorage/OneDrive-KnoxGrammarSchool/Extracurriculars/AUSSEF/05 Data Archive/Council Financial Statements (NSW councils FY2015-16 to FY2023-24)/Comparison councils/Forbes (12900)/Forbes - FY2015-16 - Financial Statements.pdf
12900,Forbes,2015-16,total_expenses,33062000.0,5,Total expenses from continuing operations,/Users/ray/Library/CloudStorage/OneDrive-KnoxGrammarSchool/Extracurriculars/AUSSEF/05 Data Archive/Council Financial Statements (NSW councils FY2015-16 to FY2023-24)/Comparison councils/Forbes (12900)/Forbes - FY2015-16 - Financial Statements.pdf
12900,Forbes,2016-17,capex_ippe,5715000.0,9,"Purchase of infrastructure, property, plant and equipment",/Users/ray/Library/CloudStorage/OneDrive-KnoxGrammarSchool/Extracurriculars/AUSSEF/05 Data Archive/Council Financial Statements (NSW councils FY2015-16 to FY2023-24)/Comparison councils/Forbes (12900)/Forbes - FY2016-17 - Financial Statements.pdf
12900,Forbes,2016-17,depreciation,7904000.0,5,Depreciation and amortisation,/Users/ray/Library/CloudStorage/OneDrive-KnoxGrammarSchool/Extracurriculars/AUSSEF/05 Data Archive/Council Financial Statements (NSW councils FY2015-16 to FY2023-24)/Comparison councils/Forbes (12900)/Forbes - FY2016-17 - Financial Statements.pdf
12900,Forbes,2016-17,disaster_grant_operating,1000000.0,27,Flood restoration,/Users/ray/Library/CloudStorage/OneDrive-KnoxGrammarSchool/Extracurriculars/AUSSEF/05 Data Archive/Council Financial Statements (NSW councils FY2015-16 to FY2023-24)/Comparison councils/Forbes (12900)/Forbes - FY2016-17 - Financial Statements.pdf
12900,Forbes,2016-17,grants_contrib_capital,394000.0,5,Grants and contributions provided for capital purposes,/Users/ray/Library/CloudStorage/OneDrive-KnoxGrammarSchool/Extracurriculars/AUSSEF/05 Data Archive/Council Financial Statements (NSW councils FY2015-16 to FY2023-24)/Comparison councils/Forbes (12900)/Forbes - FY2016-17 - Financial Statements.pdf
12900,Forbes,2016-17,grants_contrib_operating,11214000.0,5,Grants and contributions provided for operating purposes,/Users/ray/Library/CloudStorage/OneDrive-KnoxGrammarSchool/Extracurriculars/AUSSEF/05 Data Archive/Council Financial Statements (NSW councils FY2015-16 to FY2023-24)/Comparison councils/Forbes (12900)/Forbes - FY2016-17 - Financial Statements.pdf
12900,Forbes,2016-17,other_disaster_line,4000000.0,54,"Due to major flooding in the Shire of Forbes during the 2016/17 financial year, approx $4Mil worth of flood damage works has been carried out since September 2016.",/Users/ray/Library/CloudStorage/OneDrive-KnoxGrammarSchool/Extracurriculars/AUSSEF/05 Data Archive/Council Financial Statements (NSW councils FY2015-16 to FY2023-24)/Comparison councils/Forbes (12900)/Forbes - FY2016-17 - Financial Statements.pdf
12900,Forbes,2016-17,other_disaster_line,3500000.0,89,The ratio was impacted by the timing of receiving $3.5 million in reimbursements for flood remediation works (receipted in July 2017) for works completed in,/Users/ray/Library/CloudStorage/OneDrive-KnoxGrammarSchool/Extracurriculars/AUSSEF/05 Data Archive/Council Financial Statements (NSW councils FY2015-16 to FY2023-24)/Comparison councils/Forbes (12900)/Forbes - FY2016-17 - Financial Statements.pdf
12900,Forbes,2016-17,total_expenses,36373000.0,5,Total expenses from continuing operations,/Users/ray/Library/CloudStorage/OneDrive-KnoxGrammarSchool/Extracurriculars/AUSSEF/05 Data Archive/Council Financial Statements (NSW councils FY2015-16 to FY2023-24)/Comparison councils/Forbes (12900)/Forbes - FY2016-17 - Financial Statements.pdf
12900,Forbes,2017-18,bushfire_emergency_services_grant,107000.0,19,Bushfire and emergency services,/Users/ray/Library/CloudStorage/OneDrive-KnoxGrammarSchool/Extracurriculars/AUSSEF/05 Data Archive/Council Financial Statements (NSW councils FY2015-16 to FY2023-24)/Comparison councils/Forbes (12900)/Forbes - FY2017-18 - Financial Statements.pdf
12900,Forbes,2017-18,capex_ippe,11809000.0,9,"Purchase of infrastructure, property, plant and equipment",/Users/ray/Library/CloudStorage/OneDrive-KnoxGrammarSchool/Extracurriculars/AUSSEF/05 Data Archive/Council Financial Statements (NSW councils FY2015-16 to FY2023-24)/Comparison councils/Forbes (12900)/Forbes - FY2017-18 - Financial Statements.pdf
12900,Forbes,2017-18,depreciation,8591000.0,5,Depreciation and amortisation,/Users/ray/Library/CloudStorage/OneDrive-KnoxGrammarSchool/Extracurriculars/AUSSEF/05 Data Archive/Council Financial Statements (NSW councils FY2015-16 to FY2023-24)/Comparison councils/Forbes (12900)/Forbes - FY2017-18 - Financial Statements.pdf
12900,Forbes,2017-18,disaster_grant_capital,5793000.0,22,Storm/flood damage,/Users/ray/Library/CloudStorage/OneDrive-KnoxGrammarSchool/Extracurriculars/AUSSEF/05 Data Archive/Council Financial Statements (NSW councils FY2015-16 to FY2023-24)/Comparison councils/Forbes (12900)/Forbes - FY2018-19 - Financial Statements.pdf
12900,Forbes,2017-18,disaster_grant_operating,5793000.0,19,Flood restoration,/Users/ray/Library/CloudStorage/OneDrive-KnoxGrammarSchool/Extracurriculars/AUSSEF/05 Data Archive/Council Financial Statements (NSW councils FY2015-16 to FY2023-24)/Comparison councils/Forbes (12900)/Forbes - FY2017-18 - Financial Statements.pdf
12900,Forbes,2017-18,grants_contrib_capital,2266000.0,5,Grants and contributions provided for capital purposes,/Users/ray/Library/CloudStorage/OneDrive-KnoxGrammarSchool/Extracurriculars/AUSSEF/05 Data Archive/Council Financial Statements (NSW councils FY2015-16 to FY2023-24)/Comparison councils/Forbes (12900)/Forbes - FY2017-18 - Financial Statements.pdf
12900,Forbes,2017-18,grants_contrib_operating,15884000.0,5,Grants and contributions provided for operating purposes,/Users/ray/Library/CloudStorage/OneDrive-KnoxGrammarSchool/Extracurriculars/AUSSEF/05 Data Archive/Council Financial Statements (NSW councils FY2015-16 to FY2023-24)/Comparison councils/Forbes (12900)/Forbes - FY2017-18 - Financial Statements.pdf
12900,Forbes,2017-18,other_disaster_line,97000.0,19,Floodplain Study,/Users/ray/Library/CloudStorage/OneDrive-KnoxGrammarSchool/Extracurriculars/AUSSEF/05 Data Archive/Council Financial Statements (NSW councils FY2015-16 to FY2023-24)/Comparison councils/Forbes (12900)/Forbes - FY2017-18 - Financial Statements.pdf
12900,Forbes,2017-18,other_disaster_line,3600000.0,52,Greater than budgeted due to $3.6M flood restoration funding relating to works in the previous financial year not being received until 2017/18.,/Users/ray/Library/CloudStorage/OneDrive-KnoxGrammarSchool/Extracurriculars/AUSSEF/05 Data Archive/Council Financial Statements (NSW councils FY2015-16 to FY2023-24)/Comparison councils/Forbes (12900)/Forbes - FY2017-18 - Financial Statements.pdf
12900,Forbes,2017-18,other_disaster_line,,53,"Predominately due to the continued works on flood damage repair, requiring the extra use of contractors to cover shortfall in Council resources.",/Users/ray/Library/CloudStorage/OneDrive-KnoxGrammarSchool/Extracurriculars/AUSSEF/05 Data Archive/Council Financial Statements (NSW councils FY2015-16 to FY2023-24)/Comparison councils/Forbes (12900)/Forbes - FY2017-18 - Financial Statements.pdf
12900,Forbes,2017-18,total_expenses,38629000.0,5,Total expenses from continuing operations,/Users/ray/Library/CloudStorage/OneDrive-KnoxGrammarSchool/Extracurriculars/AUSSEF/05 Data Archive/Council Financial Statements (NSW councils FY2015-16 to FY2023-24)/Comparison councils/Forbes (12900)/Forbes - FY2017-18 - Financial Statements.pdf
12900,Forbes,2018-19,capex_ippe,16672000.0,9,"Purchase of infrastructure, property, plant and equipment",/Users/ray/Library/CloudStorage/OneDrive-KnoxGrammarSchool/Extracurriculars/AUSSEF/05 Data Archive/Council Financial Statements (NSW councils FY2015-16 to FY2023-24)/Comparison councils/Forbes (12900)/Forbes - FY2018-19 - Financial Statements.pdf
12900,Forbes,2018-19,depreciation,9044000.0,5,Depreciation and amortisation,/Users/ray/Library/CloudStorage/OneDrive-KnoxGrammarSchool/Extracurriculars/AUSSEF/05 Data Archive/Council Financial Statements (NSW councils FY2015-16 to FY2023-24)/Comparison councils/Forbes (12900)/Forbes - FY2018-19 - Financial Statements.pdf
12900,Forbes,2018-19,disaster_grant_capital,1202000.0,22,Storm/flood damage,/Users/ray/Library/CloudStorage/OneDrive-KnoxGrammarSchool/Extracurriculars/AUSSEF/05 Data Archive/Council Financial Statements (NSW councils FY2015-16 to FY2023-24)/Comparison councils/Forbes (12900)/Forbes - FY2018-19 - Financial Statements.pdf
12900,Forbes,2018-19,grants_contrib_capital,4920000.0,5,Grants and contributions provided for capital purposes,/Users/ray/Library/CloudStorage/OneDrive-KnoxGrammarSchool/Extracurriculars/AUSSEF/05 Data Archive/Council Financial Statements (NSW councils FY2015-16 to FY2023-24)/Comparison councils/Forbes (12900)/Forbes - FY2018-19 - Financial Statements.pdf
12900,Forbes,2018-19,grants_contrib_operating,11564000.0,5,Grants and contributions provided for operating purposes,/Users/ray/Library/CloudStorage/OneDrive-KnoxGrammarSchool/Extracurriculars/AUSSEF/05 Data Archive/Council Financial Statements (NSW councils FY2015-16 to FY2023-24)/Comparison councils/Forbes (12900)/Forbes - FY2018-19 - Financial Statements.pdf
12900,Forbes,2018-19,other_disaster_line,4600000.0,88,"($4.6million) flood damage funding, partially offset by drought funding ($0.9 million)",/Users/ray/Library/CloudStorage/OneDrive-KnoxGrammarSchool/Extracurriculars/AUSSEF/05 Data Archive/Council Financial Statements (NSW councils FY2015-16 to FY2023-24)/Comparison councils/Forbes (12900)/Forbes - FY2018-19 - Financial Statements.pdf
12900,Forbes,2018-19,total_expenses,39609000.0,5,Total expenses from continuing operations,/Users/ray/Library/CloudStorage/OneDrive-KnoxGrammarSchool/Extracurriculars/AUSSEF/05 Data Archive/Council Financial Statements (NSW councils FY2015-16 to FY2023-24)/Comparison councils/Forbes (12900)/Forbes - FY2018-19 - Financial Statements.pdf
12900,Forbes,2019-20,capex_ippe,13414000.0,9,"Purchase of infrastructure, property, plant and equipment",/Users/ray/Library/CloudStorage/OneDrive-KnoxGrammarSchool/Extracurriculars/AUSSEF/05 Data Archive/Council Financial Statements (NSW councils FY2015-16 to FY2023-24)/Comparison councils/Forbes (12900)/Forbes - FY2019-20 - Financial Statements.pdf
12900,Forbes,2019-20,depreciation,9706000.0,5,Depreciation and amortisation,/Users/ray/Library/CloudStorage/OneDrive-KnoxGrammarSchool/Extracurriculars/AUSSEF/05 Data Archive/Council Financial Statements (NSW councils FY2015-16 to FY2023-24)/Comparison councils/Forbes (12900)/Forbes - FY2019-20 - Financial Statements.pdf
12900,Forbes,2019-20,grants_contrib_capital,2487000.0,5,Grants and contributions provided for capital purposes,/Users/ray/Library/CloudStorage/OneDrive-KnoxGrammarSchool/Extracurriculars/AUSSEF/05 Data Archive/Council Financial Statements (NSW councils FY2015-16 to FY2023-24)/Comparison councils/Forbes (12900)/Forbes - FY2019-20 - Financial Statements.pdf
12900,Forbes,2019-20,grants_contrib_operating,9709000.0,5,Grants and contributions provided for operating purposes,/Users/ray/Library/CloudStorage/OneDrive-KnoxGrammarSchool/Extracurriculars/AUSSEF/05 Data Archive/Council Financial Statements (NSW councils FY2015-16 to FY2023-24)/Comparison councils/Forbes (12900)/Forbes - FY2019-20 - Financial Statements.pdf
12900,Forbes,2019-20,total_expenses,40568000.0,5,Total expenses from continuing operations,/Users/ray/Library/CloudStorage/OneDrive-KnoxGrammarSchool/Extracurriculars/AUSSEF/05 Data Archive/Council Financial Statements (NSW councils FY2015-16 to FY2023-24)/Comparison councils/Forbes (12900)/Forbes - FY2019-20 - Financial Statements.pdf
12900,Forbes,2020-21,capex_ippe,16822000.0,9,"Purchase of infrastructure, property, plant and equipment",/Users/ray/Library/CloudStorage/OneDrive-KnoxGrammarSchool/Extracurriculars/AUSSEF/05 Data Archive/Council Financial Statements (NSW councils FY2015-16 to FY2023-24)/Comparison councils/Forbes (12900)/Forbes - FY2020-21 - Financial Statements.pdf
12900,Forbes,2020-21,depreciation,9671000.0,5,"Depreciation, amortisation and impairment for non-financial assets",/Users/ray/Library/CloudStorage/OneDrive-KnoxGrammarSchool/Extracurriculars/AUSSEF/05 Data Archive/Council Financial Statements (NSW councils FY2015-16 to FY2023-24)/Comparison councils/Forbes (12900)/Forbes - FY2020-21 - Financial Statements.pdf
12900,Forbes,2020-21,grants_contrib_capital,5072000.0,5,Grants and contributions provided for capital purposes,/Users/ray/Library/CloudStorage/OneDrive-KnoxGrammarSchool/Extracurriculars/AUSSEF/05 Data Archive/Council Financial Statements (NSW councils FY2015-16 to FY2023-24)/Comparison councils/Forbes (12900)/Forbes - FY2020-21 - Financial Statements.pdf
12900,Forbes,2020-21,grants_contrib_operating,9808000.0,5,Grants and contributions provided for operating purposes,/Users/ray/Library/CloudStorage/OneDrive-KnoxGrammarSchool/Extracurriculars/AUSSEF/05 Data Archive/Council Financial Statements (NSW councils FY2015-16 to FY2023-24)/Comparison councils/Forbes (12900)/Forbes - FY2020-21 - Financial Statements.pdf
12900,Forbes,2020-21,total_expenses,39356000.0,5,Total expenses from continuing operations,/Users/ray/Library/CloudStorage/OneDrive-KnoxGrammarSchool/Extracurriculars/AUSSEF/05 Data Archive/Council Financial Statements (NSW councils FY2015-16 to FY2023-24)/Comparison councils/Forbes (12900)/Forbes - FY2020-21 - Financial Statements.pdf
12900,Forbes,2021-22,capex_ippe,16862000.0,9,Payments for IPPE,/Users/ray/Library/CloudStorage/OneDrive-KnoxGrammarSchool/Extracurriculars/AUSSEF/05 Data Archive/Council Financial Statements (NSW councils FY2015-16 to FY2023-24)/Comparison councils/Forbes (12900)/Forbes - FY2021-22 - Financial Statements.pdf
12900,Forbes,2021-22,depreciation,10909000.0,5,"Depreciation, amortisation and impairment of non-financial assets",/Users/ray/Library/CloudStorage/OneDrive-KnoxGrammarSchool/Extracurriculars/AUSSEF/05 Data Archive/Council Financial Statements (NSW councils FY2015-16 to FY2023-24)/Comparison councils/Forbes (12900)/Forbes - FY2021-22 - Financial Statements.pdf
12900,Forbes,2021-22,disaster_grant_operating,369000.0,20,Storm/flood damage,/Users/ray/Library/CloudStorage/OneDrive-KnoxGrammarSchool/Extracurriculars/AUSSEF/05 Data Archive/Council Financial Statements (NSW councils FY2015-16 to FY2023-24)/Comparison councils/Forbes (12900)/Forbes - FY2021-22 - Financial Statements.pdf
12900,Forbes,2021-22,grants_contrib_capital,8304000.0,5,Grants and contributions provided for capital purposes,/Users/ray/Library/CloudStorage/OneDrive-KnoxGrammarSchool/Extracurriculars/AUSSEF/05 Data Archive/Council Financial Statements (NSW councils FY2015-16 to FY2023-24)/Comparison councils/Forbes (12900)/Forbes - FY2021-22 - Financial Statements.pdf
12900,Forbes,2021-22,grants_contrib_operating,11386000.0,5,Grants and contributions provided for operating purposes,/Users/ray/Library/CloudStorage/OneDrive-KnoxGrammarSchool/Extracurriculars/AUSSEF/05 Data Archive/Council Financial Statements (NSW councils FY2015-16 to FY2023-24)/Comparison councils/Forbes (12900)/Forbes - FY2021-22 - Financial Statements.pdf
12900,Forbes,2021-22,other_disaster_line,,29,Increase in operating cashflows were primarily due to the prepayments of the Financial Assistance Grants and flood damage repair reimbursements which were not anticipated.,/Users/ray/Library/CloudStorage/OneDrive-KnoxGrammarSchool/Extracurriculars/AUSSEF/05 Data Archive/Council Financial Statements (NSW councils FY2015-16 to FY2023-24)/Comparison councils/Forbes (12900)/Forbes - FY2021-22 - Financial Statements.pdf
12900,Forbes,2021-22,total_expenses,42448000.0,5,Total expenses from continuing operations,/Users/ray/Library/CloudStorage/OneDrive-KnoxGrammarSchool/Extracurriculars/AUSSEF/05 Data Archive/Council Financial Statements (NSW councils FY2015-16 to FY2023-24)/Comparison councils/Forbes (12900)/Forbes - FY2021-22 - Financial Statements.pdf
12900,Forbes,2022-23,capex_ippe,22669000.0,9,Payments for IPPE,/Users/ray/Library/CloudStorage/OneDrive-KnoxGrammarSchool/Extracurriculars/AUSSEF/05 Data Archive/Council Financial Statements (NSW councils FY2015-16 to FY2023-24)/Comparison councils/Forbes (12900)/Forbes - FY2022-23 - Financial Statements.pdf
12900,Forbes,2022-23,depreciation,12758000.0,5,"Depreciation, amortisation and impairment of non-financial assets",/Users/ray/Library/CloudStorage/OneDrive-KnoxGrammarSchool/Extracurriculars/AUSSEF/05 Data Archive/Council Financial Statements (NSW councils FY2015-16 to FY2023-24)/Comparison councils/Forbes (12900)/Forbes - FY2022-23 - Financial Statements.pdf
12900,Forbes,2022-23,disaster_grant_operating,6647000.0,20,Storm/flood damage,/Users/ray/Library/CloudStorage/OneDrive-KnoxGrammarSchool/Extracurriculars/AUSSEF/05 Data Archive/Council Financial Statements (NSW councils FY2015-16 to FY2023-24)/Comparison councils/Forbes (12900)/Forbes - FY2022-23 - Financial Statements.pdf
12900,Forbes,2022-23,grants_contrib_capital,11767000.0,5,Grants and contributions provided for capital purposes,/Users/ray/Library/CloudStorage/OneDrive-KnoxGrammarSchool/Extracurriculars/AUSSEF/05 Data Archive/Council Financial Statements (NSW councils FY2015-16 to FY2023-24)/Comparison councils/Forbes (12900)/Forbes - FY2022-23 - Financial Statements.pdf
12900,Forbes,2022-23,grants_contrib_operating,21419000.0,5,Grants and contributions provided for operating purposes,/Users/ray/Library/CloudStorage/OneDrive-KnoxGrammarSchool/Extracurriculars/AUSSEF/05 Data Archive/Council Financial Statements (NSW councils FY2015-16 to FY2023-24)/Comparison councils/Forbes (12900)/Forbes - FY2022-23 - Financial Statements.pdf
12900,Forbes,2022-23,other_disaster_line,,29,"In addition, Council received reimbursement support for storm and flood damage costs incurred as a result of natural disasters, including 2 major floods.",/Users/ray/Library/CloudStorage/OneDrive-KnoxGrammarSchool/Extracurriculars/AUSSEF/05 Data Archive/Council Financial Statements (NSW councils FY2015-16 to FY2023-24)/Comparison councils/Forbes (12900)/Forbes - FY2022-23 - Financial Statements.pdf
12900,Forbes,2022-23,other_disaster_line,,29,"Higher material and service costs were incurred as compared to budget due to storm and flood damage emergency and repair costs incurred as a result of natural disasters, including 2 major floods.",/Users/ray/Library/CloudStorage/OneDrive-KnoxGrammarSchool/Extracurriculars/AUSSEF/05 Data Archive/Council Financial Statements (NSW councils FY2015-16 to FY2023-24)/Comparison councils/Forbes (12900)/Forbes - FY2022-23 - Financial Statements.pdf
12900,Forbes,2022-23,other_disaster_line,,29,Revenue from budgeted property sales did not eventuate due to natural disasters experienced in the Shire including 2 major floods.,/Users/ray/Library/CloudStorage/OneDrive-KnoxGrammarSchool/Extracurriculars/AUSSEF/05 Data Archive/Council Financial Statements (NSW councils FY2015-16 to FY2023-24)/Comparison councils/Forbes (12900)/Forbes - FY2022-23 - Financial Statements.pdf
12900,Forbes,2022-23,total_expenses,50851000.0,5,Total expenses from continuing operations,/Users/ray/Library/CloudStorage/OneDrive-KnoxGrammarSchool/Extracurriculars/AUSSEF/05 Data Archive/Council Financial Statements (NSW councils FY2015-16 to FY2023-24)/Comparison councils/Forbes (12900)/Forbes - FY2022-23 - Financial Statements.pdf
12950,Gilgandra,2019-20,bushfire_emergency_services_grant,152000.0,19,Bushfire and emergency services,/Users/ray/Library/CloudStorage/OneDrive-KnoxGrammarSchool/Extracurriculars/AUSSEF/05 Data Archive/Council Financial Statements (NSW councils FY2015-16 to FY2023-24)/Comparison councils/Gilgandra (12950)/Gilgandra - FY2020-21 - Financial Statements.pdf
12950,Gilgandra,2019-20,capex_ippe,7872000.0,10,"Purchase of infrastructure, property, plant and equipment",/Users/ray/Library/CloudStorage/OneDrive-KnoxGrammarSchool/Extracurriculars/AUSSEF/05 Data Archive/Council Financial Statements (NSW councils FY2015-16 to FY2023-24)/Comparison councils/Gilgandra (12950)/Gilgandra - FY2020-21 - Financial Statements.pdf
12950,Gilgandra,2019-20,depreciation,5261000.0,6,"Depreciation, amortisation and impairment for non-financial assets",/Users/ray/Library/CloudStorage/OneDrive-KnoxGrammarSchool/Extracurriculars/AUSSEF/05 Data Archive/Council Financial Statements (NSW councils FY2015-16 to FY2023-24)/Comparison councils/Gilgandra (12950)/Gilgandra - FY2020-21 - Financial Statements.pdf
12950,Gilgandra,2019-20,grants_contrib_capital,2550000.0,6,Grants and contributions provided for capital purposes,/Users/ray/Library/CloudStorage/OneDrive-KnoxGrammarSchool/Extracurriculars/AUSSEF/05 Data Archive/Council Financial Statements (NSW councils FY2015-16 to FY2023-24)/Comparison councils/Gilgandra (12950)/Gilgandra - FY2020-21 - Financial Statements.pdf
12950,Gilgandra,2019-20,grants_contrib_operating,7872000.0,6,Grants and contributions provided for operating purposes,/Users/ray/Library/CloudStorage/OneDrive-KnoxGrammarSchool/Extracurriculars/AUSSEF/05 Data Archive/Council Financial Statements (NSW councils FY2015-16 to FY2023-24)/Comparison councils/Gilgandra (12950)/Gilgandra - FY2020-21 - Financial Statements.pdf
12950,Gilgandra,2019-20,total_expenses,30553000.0,6,Total expenses from continuing operations,/Users/ray/Library/CloudStorage/OneDrive-KnoxGrammarSchool/Extracurriculars/AUSSEF/05 Data Archive/Council Financial Statements (NSW councils FY2015-16 to FY2023-24)/Comparison councils/Gilgandra (12950)/Gilgandra - FY2020-21 - Financial Statements.pdf
12950,Gilgandra,2020-21,bushfire_emergency_services_grant,105000.0,19,Bushfire and emergency services,/Users/ray/Library/CloudStorage/OneDrive-KnoxGrammarSchool/Extracurriculars/AUSSEF/05 Data Archive/Council Financial Statements (NSW councils FY2015-16 to FY2023-24)/Comparison councils/Gilgandra (12950)/Gilgandra - FY2020-21 - Financial Statements.pdf
12950,Gilgandra,2020-21,bushfire_emergency_services_grant,247000.0,19,Bushfire and emergency services,/Users/ray/Library/CloudStorage/OneDrive-KnoxGrammarSchool/Extracurriculars/AUSSEF/05 Data Archive/Council Financial Statements (NSW councils FY2015-16 to FY2023-24)/Comparison councils/Gilgandra (12950)/Gilgandra - FY2020-21 - Financial Statements.pdf
12950,Gilgandra,2020-21,capex_ippe,11128000.0,10,"Purchase of infrastructure, property, plant and equipment",/Users/ray/Library/CloudStorage/OneDrive-KnoxGrammarSchool/Extracurriculars/AUSSEF/05 Data Archive/Council Financial Statements (NSW councils FY2015-16 to FY2023-24)/Comparison councils/Gilgandra (12950)/Gilgandra - FY2020-21 - Financial Statements.pdf
12950,Gilgandra,2020-21,depreciation,5945000.0,6,"Depreciation, amortisation and impairment for non-financial assets",/Users/ray/Library/CloudStorage/OneDrive-KnoxGrammarSchool/Extracurriculars/AUSSEF/05 Data Archive/Council Financial Statements (NSW councils FY2015-16 to FY2023-24)/Comparison councils/Gilgandra (12950)/Gilgandra - FY2020-21 - Financial Statements.pdf
12950,Gilgandra,2020-21,grants_contrib_capital,4565000.0,6,Grants and contributions provided for capital purposes,/Users/ray/Library/CloudStorage/OneDrive-KnoxGrammarSchool/Extracurriculars/AUSSEF/05 Data Archive/Council Financial Statements (NSW councils FY2015-16 to FY2023-24)/Comparison councils/Gilgandra (12950)/Gilgandra - FY2020-21 - Financial Statements.pdf
12950,Gilgandra,2020-21,grants_contrib_operating,9009000.0,6,Grants and contributions provided for operating purposes,/Users/ray/Library/CloudStorage/OneDrive-KnoxGrammarSchool/Extracurriculars/AUSSEF/05 Data Archive/Council Financial Statements (NSW councils FY2015-16 to FY2023-24)/Comparison councils/Gilgandra (12950)/Gilgandra - FY2020-21 - Financial Statements.pdf
12950,Gilgandra,2020-21,total_expenses,32881000.0,6,Total expenses from continuing operations,/Users/ray/Library/CloudStorage/OneDrive-KnoxGrammarSchool/Extracurriculars/AUSSEF/05 Data Archive/Council Financial Statements (NSW councils FY2015-16 to FY2023-24)/Comparison councils/Gilgandra (12950)/Gilgandra - FY2020-21 - Financial Statements.pdf
12950,Gilgandra,2021-22,bushfire_emergency_services_grant,140000.0,19,Bushfire and emergency services,/Users/ray/Library/CloudStorage/OneDrive-KnoxGrammarSchool/Extracurriculars/AUSSEF/05 Data Archive/Council Financial Statements (NSW councils FY2015-16 to FY2023-24)/Comparison councils/Gilgandra (12950)/Gilgandra - FY2021-22 - Financial Statements.pdf
12950,Gilgandra,2021-22,bushfire_emergency_services_grant,674000.0,19,Bushfire and emergency services,/Users/ray/Library/CloudStorage/OneDrive-KnoxGrammarSchool/Extracurriculars/AUSSEF/05 Data Archive/Council Financial Statements (NSW councils FY2015-16 to FY2023-24)/Comparison councils/Gilgandra (12950)/Gilgandra - FY2021-22 - Financial Statements.pdf
12950,Gilgandra,2021-22,capex_ippe,11402000.0,10,Payments for IPPE,/Users/ray/Library/CloudStorage/OneDrive-KnoxGrammarSchool/Extracurriculars/AUSSEF/05 Data Archive/Council Financial Statements (NSW councils FY2015-16 to FY2023-24)/Comparison councils/Gilgandra (12950)/Gilgandra - FY2021-22 - Financial Statements.pdf
12950,Gilgandra,2021-22,depreciation,5966000.0,6,"Depreciation, amortisation and impairment of non-financial assets",/Users/ray/Library/CloudStorage/OneDrive-KnoxGrammarSchool/Extracurriculars/AUSSEF/05 Data Archive/Council Financial Statements (NSW councils FY2015-16 to FY2023-24)/Comparison councils/Gilgandra (12950)/Gilgandra - FY2021-22 - Financial Statements.pdf
12950,Gilgandra,2021-22,grants_contrib_capital,2603000.0,6,Grants and contributions provided for capital purposes,/Users/ray/Library/CloudStorage/OneDrive-KnoxGrammarSchool/Extracurriculars/AUSSEF/05 Data Archive/Council Financial Statements (NSW councils FY2015-16 to FY2023-24)/Comparison councils/Gilgandra (12950)/Gilgandra - FY2021-22 - Financial Statements.pdf
12950,Gilgandra,2021-22,grants_contrib_operating,9857000.0,6,Grants and contributions provided for operating purposes,/Users/ray/Library/CloudStorage/OneDrive-KnoxGrammarSchool/Extracurriculars/AUSSEF/05 Data Archive/Council Financial Statements (NSW councils FY2015-16 to FY2023-24)/Comparison councils/Gilgandra (12950)/Gilgandra - FY2021-22 - Financial Statements.pdf
12950,Gilgandra,2021-22,other_disaster_line,1150000.0,26,The reason for this variation is due to a budget allocation of $6.0m for storm / flood damage funding for rural roads. The actual funding paid during the 21/22 year was $1.15m.,/Users/ray/Library/CloudStorage/OneDrive-KnoxGrammarSchool/Extracurriculars/AUSSEF/05 Data Archive/Council Financial Statements (NSW councils FY2015-16 to FY2023-24)/Comparison councils/Gilgandra (12950)/Gilgandra - FY2021-22 - Financial Statements.pdf
12950,Gilgandra,2021-22,total_expenses,32779000.0,6,Total expenses from continuing operations,/Users/ray/Library/CloudStorage/OneDrive-KnoxGrammarSchool/Extracurriculars/AUSSEF/05 Data Archive/Council Financial Statements (NSW councils FY2015-16 to FY2023-24)/Comparison councils/Gilgandra (12950)/Gilgandra - FY2021-22 - Financial Statements.pdf
12950,Gilgandra,2022-23,bushfire_emergency_services_grant,238000.0,19,Bushfire and emergency services,/Users/ray/Library/CloudStorage/OneDrive-KnoxGrammarSchool/Extracurriculars/AUSSEF/05 Data Archive/Council Financial Statements (NSW councils FY2015-16 to FY2023-24)/Comparison councils/Gilgandra (12950)/Gilgandra - FY2022-23 - Financial Statements.pdf
12950,Gilgandra,2022-23,bushfire_emergency_services_grant,502000.0,19,Bushfire and emergency services,/Users/ray/Library/CloudStorage/OneDrive-KnoxGrammarSchool/Extracurriculars/AUSSEF/05 Data Archive/Council Financial Statements (NSW councils FY2015-16 to FY2023-24)/Comparison councils/Gilgandra (12950)/Gilgandra - FY2022-23 - Financial Statements.pdf
12950,Gilgandra,2022-23,capex_ippe,11789000.0,10,Payments for IPPE,/Users/ray/Library/CloudStorage/OneDrive-KnoxGrammarSchool/Extracurriculars/AUSSEF/05 Data Archive/Council Financial Statements (NSW councils FY2015-16 to FY2023-24)/Comparison councils/Gilgandra (12950)/Gilgandra - FY2022-23 - Financial Statements.pdf
12950,Gilgandra,2022-23,depreciation,6568000.0,6,"Depreciation, amortisation and impairment of non-financial assets",/Users/ray/Library/CloudStorage/OneDrive-KnoxGrammarSchool/Extracurriculars/AUSSEF/05 Data Archive/Council Financial Statements (NSW councils FY2015-16 to FY2023-24)/Comparison councils/Gilgandra (12950)/Gilgandra - FY2022-23 - Financial Statements.pdf
12950,Gilgandra,2022-23,grants_contrib_capital,8010000.0,6,Grants and contributions provided for capital purposes,/Users/ray/Library/CloudStorage/OneDrive-KnoxGrammarSchool/Extracurriculars/AUSSEF/05 Data Archive/Council Financial Statements (NSW councils FY2015-16 to FY2023-24)/Comparison councils/Gilgandra (12950)/Gilgandra - FY2022-23 - Financial Statements.pdf
12950,Gilgandra,2022-23,grants_contrib_operating,15240000.0,6,Grants and contributions provided for operating purposes,/Users/ray/Library/CloudStorage/OneDrive-KnoxGrammarSchool/Extracurriculars/AUSSEF/05 Data Archive/Council Financial Statements (NSW councils FY2015-16 to FY2023-24)/Comparison councils/Gilgandra (12950)/Gilgandra - FY2022-23 - Financial Statements.pdf
12950,Gilgandra,2022-23,other_disaster_line,,26,The majority of the unexpected increase in operating grants is due to funding received for roads in the form of Disaster Recovery and the Repair program.,/Users/ray/Library/CloudStorage/OneDrive-KnoxGrammarSchool/Extracurriculars/AUSSEF/05 Data Archive/Council Financial Statements (NSW councils FY2015-16 to FY2023-24)/Comparison councils/Gilgandra (12950)/Gilgandra - FY2022-23 - Financial Statements.pdf
12950,Gilgandra,2022-23,total_expenses,39218000.0,6,Total expenses from continuing operations,/Users/ray/Library/CloudStorage/OneDrive-KnoxGrammarSchool/Extracurriculars/AUSSEF/05 Data Archive/Council Financial Statements (NSW councils FY2015-16 to FY2023-24)/Comparison councils/Gilgandra (12950)/Gilgandra - FY2022-23 - Financial Statements.pdf
12950,Gilgandra,2023-24,bushfire_emergency_services_grant,262000.0,19,Bushfire and emergency services,/Users/ray/Library/CloudStorage/OneDrive-KnoxGrammarSchool/Extracurriculars/AUSSEF/05 Data Archive/Council Financial Statements (NSW councils FY2015-16 to FY2023-24)/Comparison councils/Gilgandra (12950)/Gilgandra - FY2023-24 - Financial Statements.pdf
12950,Gilgandra,2023-24,bushfire_emergency_services_grant,420000.0,19,Bushfire and emergency services,/Users/ray/Library/CloudStorage/OneDrive-KnoxGrammarSchool/Extracurriculars/AUSSEF/05 Data Archive/Council Financial Statements (NSW councils FY2015-16 to FY2023-24)/Comparison councils/Gilgandra (12950)/Gilgandra - FY2023-24 - Financial Statements.pdf
12950,Gilgandra,2023-24,capex_ippe,13046000.0,10,Payments for IPPE,/Users/ray/Library/CloudStorage/OneDrive-KnoxGrammarSchool/Extracurriculars/AUSSEF/05 Data Archive/Council Financial Statements (NSW councils FY2015-16 to FY2023-24)/Comparison councils/Gilgandra (12950)/Gilgandra - FY2023-24 - Financial Statements.pdf
12950,Gilgandra,2023-24,depreciation,7420000.0,6,"Depreciation, amortisation and impairment of non-financial assets",/Users/ray/Library/CloudStorage/OneDrive-KnoxGrammarSchool/Extracurriculars/AUSSEF/05 Data Archive/Council Financial Statements (NSW councils FY2015-16 to FY2023-24)/Comparison councils/Gilgandra (12950)/Gilgandra - FY2023-24 - Financial Statements.pdf
12950,Gilgandra,2023-24,grants_contrib_capital,3994000.0,6,Grants and contributions provided for capital purposes,/Users/ray/Library/CloudStorage/OneDrive-KnoxGrammarSchool/Extracurriculars/AUSSEF/05 Data Archive/Council Financial Statements (NSW councils FY2015-16 to FY2023-24)/Comparison councils/Gilgandra (12950)/Gilgandra - FY2023-24 - Financial Statements.pdf
12950,Gilgandra,2023-24,grants_contrib_operating,17451000.0,6,Grants and contributions provided for operating purposes,/Users/ray/Library/CloudStorage/OneDrive-KnoxGrammarSchool/Extracurriculars/AUSSEF/05 Data Archive/Council Financial Statements (NSW councils FY2015-16 to FY2023-24)/Comparison councils/Gilgandra (12950)/Gilgandra - FY2023-24 - Financial Statements.pdf
12950,Gilgandra,2023-24,other_disaster_line,,26,Council received funding for roads during the year that was not included in the original budget. The funding was from Disaster Recovery and the Regional Emergency Repair Fund.,/Users/ray/Library/CloudStorage/OneDrive-KnoxGrammarSchool/Extracurriculars/AUSSEF/05 Data Archive/Council Financial Statements (NSW councils FY2015-16 to FY2023-24)/Comparison councils/Gilgandra (12950)/Gilgandra - FY2023-24 - Financial Statements.pdf
12950,Gilgandra,2023-24,other_disaster_line,3335000.0,20-21,"the Regional Emergency Repair Fund ($3,335,000)",/Users/ray/Library/CloudStorage/OneDrive-KnoxGrammarSchool/Extracurriculars/AUSSEF/05 Data Archive/Council Financial Statements (NSW councils FY2015-16 to FY2023-24)/Comparison councils/Gilgandra (12950)/Gilgandra - FY2023-24 - Financial Statements.pdf
12950,Gilgandra,2023-24,other_disaster_line,,72,"This was mainly spent on roads, repairing assets damaged by natural disasters and regular maintenance.",/Users/ray/Library/CloudStorage/OneDrive-KnoxGrammarSchool/Extracurriculars/AUSSEF/05 Data Archive/Council Financial Statements (NSW councils FY2015-16 to FY2023-24)/Comparison councils/Gilgandra (12950)/Gilgandra - FY2023-24 - Financial Statements.pdf
12950,Gilgandra,2023-24,total_expenses,45817000.0,6,Total expenses from continuing operations,/Users/ray/Library/CloudStorage/OneDrive-KnoxGrammarSchool/Extracurriculars/AUSSEF/05 Data Archive/Council Financial Statements (NSW councils FY2015-16 to FY2023-24)/Comparison councils/Gilgandra (12950)/Gilgandra - FY2023-24 - Financial Statements.pdf
13450,Griffith,2017-18,bushfire_emergency_services_grant,93000.0,20,Bushfire and emergency services,/Users/ray/Library/CloudStorage/OneDrive-KnoxGrammarSchool/Extracurriculars/AUSSEF/05 Data Archive/Council Financial Statements (NSW councils FY2015-16 to FY2023-24)/Comparison councils/Griffith (13450)/Griffith - FY2018-19 - Financial Statements.pdf
13450,Griffith,2017-18,bushfire_emergency_services_grant,85000.0,21,Public order and safety – bushfire/SES,/Users/ray/Library/CloudStorage/OneDrive-KnoxGrammarSchool/Extracurriculars/AUSSEF/05 Data Archive/Council Financial Statements (NSW councils FY2015-16 to FY2023-24)/Comparison councils/Griffith (13450)/Griffith - FY2018-19 - Financial Statements.pdf
13450,Griffith,2017-18,capex_ippe,18891000.0,9,"Purchase of infrastructure, property, plant and equipment",/Users/ray/Library/CloudStorage/OneDrive-KnoxGrammarSchool/Extracurriculars/AUSSEF/05 Data Archive/Council Financial Statements (NSW councils FY2015-16 to FY2023-24)/Comparison councils/Griffith (13450)/Griffith - FY2018-19 - Financial Statements.pdf
13450,Griffith,2017-18,depreciation,12592000.0,5,Depreciation and amortisation,/Users/ray/Library/CloudStorage/OneDrive-KnoxGrammarSchool/Extracurriculars/AUSSEF/05 Data Archive/Council Financial Statements (NSW councils FY2015-16 to FY2023-24)/Comparison councils/Griffith (13450)/Griffith - FY2018-19 - Financial Statements.pdf
13450,Griffith,2017-18,grants_contrib_capital,3760000.0,5,Grants and contributions provided for capital purposes,/Users/ray/Library/CloudStorage/OneDrive-KnoxGrammarSchool/Extracurriculars/AUSSEF/05 Data Archive/Council Financial Statements (NSW councils FY2015-16 to FY2023-24)/Comparison councils/Griffith (13450)/Griffith - FY2018-19 - Financial Statements.pdf
13450,Griffith,2017-18,grants_contrib_operating,8878000.0,5,Grants and contributions provided for operating purposes,/Users/ray/Library/CloudStorage/OneDrive-KnoxGrammarSchool/Extracurriculars/AUSSEF/05 Data Archive/Council Financial Statements (NSW councils FY2015-16 to FY2023-24)/Comparison councils/Griffith (13450)/Griffith - FY2018-19 - Financial Statements.pdf
13450,Griffith,2017-18,other_disaster_line,315000.0,20,Flood plain study and risk management,/Users/ray/Library/CloudStorage/OneDrive-KnoxGrammarSchool/Extracurriculars/AUSSEF/05 Data Archive/Council Financial Statements (NSW councils FY2015-16 to FY2023-24)/Comparison councils/Griffith (13450)/Griffith - FY2018-19 - Financial Statements.pdf
13450,Griffith,2017-18,other_disaster_line,-2334000.0,39,Flood affected roads,/Users/ray/Library/CloudStorage/OneDrive-KnoxGrammarSchool/Extracurriculars/AUSSEF/05 Data Archive/Council Financial Statements (NSW councils FY2015-16 to FY2023-24)/Comparison councils/Griffith (13450)/Griffith - FY2018-19 - Financial Statements.pdf
13450,Griffith,2017-18,other_disaster_line,1014000.0,52,Reinstatement of Decommissioned Flood Gates,/Users/ray/Library/CloudStorage/OneDrive-KnoxGrammarSchool/Extracurriculars/AUSSEF/05 Data Archive/Council Financial Statements (NSW councils FY2015-16 to FY2023-24)/Comparison councils/Griffith (13450)/Griffith - FY2018-19 - Financial Statements.pdf
13450,Griffith,2017-18,other_disaster_line,525000.0,30,Floodplain and drainage mitigation reserve,/Users/ray/Library/CloudStorage/OneDrive-KnoxGrammarSchool/Extracurriculars/AUSSEF/05 Data Archive/Council Financial Statements (NSW councils FY2015-16 to FY2023-24)/Comparison councils/Griffith (13450)/Griffith - FY2018-19 - Financial Statements.pdf
13450,Griffith,2017-18,total_expenses,53804000.0,5,Total expenses from continuing operations,/Users/ray/Library/CloudStorage/OneDrive-KnoxGrammarSchool/Extracurriculars/AUSSEF/05 Data Archive/Council Financial Statements (NSW councils FY2015-16 to FY2023-24)/Comparison councils/Griffith (13450)/Griffith - FY2018-19 - Financial Statements.pdf
13450,Griffith,2018-19,bushfire_emergency_services_grant,97000.0,20,Bushfire and emergency services,/Users/ray/Library/CloudStorage/OneDrive-KnoxGrammarSchool/Extracurriculars/AUSSEF/05 Data Archive/Council Financial Statements (NSW councils FY2015-16 to FY2023-24)/Comparison councils/Griffith (13450)/Griffith - FY2018-19 - Financial Statements.pdf
13450,Griffith,2018-19,bushfire_emergency_services_grant,,20,Bushfire and emergency services,/Users/ray/Library/CloudStorage/OneDrive-KnoxGrammarSchool/Extracurriculars/AUSSEF/05 Data Archive/Council Financial Statements (NSW councils FY2015-16 to FY2023-24)/Comparison councils/Griffith (13450)/Griffith - FY2018-19 - Financial Statements.pdf
13450,Griffith,2018-19,bushfire_emergency_services_grant,77000.0,21,Public order and safety – bushfire/SES,/Users/ray/Library/CloudStorage/OneDrive-KnoxGrammarSchool/Extracurriculars/AUSSEF/05 Data Archive/Council Financial Statements (NSW councils FY2015-16 to FY2023-24)/Comparison councils/Griffith (13450)/Griffith - FY2018-19 - Financial Statements.pdf
13450,Griffith,2018-19,bushfire_emergency_services_grant,47000.0,21,Public order and safety – bushfire/SES,/Users/ray/Library/CloudStorage/OneDrive-KnoxGrammarSchool/Extracurriculars/AUSSEF/05 Data Archive/Council Financial Statements (NSW councils FY2015-16 to FY2023-24)/Comparison councils/Griffith (13450)/Griffith - FY2018-19 - Financial Statements.pdf
13450,Griffith,2018-19,capex_ippe,19842000.0,9,"Purchase of infrastructure, property, plant and equipment",/Users/ray/Library/CloudStorage/OneDrive-KnoxGrammarSchool/Extracurriculars/AUSSEF/05 Data Archive/Council Financial Statements (NSW councils FY2015-16 to FY2023-24)/Comparison councils/Griffith (13450)/Griffith - FY2018-19 - Financial Statements.pdf
13450,Griffith,2018-19,depreciation,12917000.0,5,Depreciation and amortisation,/Users/ray/Library/CloudStorage/OneDrive-KnoxGrammarSchool/Extracurriculars/AUSSEF/05 Data Archive/Council Financial Statements (NSW councils FY2015-16 to FY2023-24)/Comparison councils/Griffith (13450)/Griffith - FY2018-19 - Financial Statements.pdf
13450,Griffith,2018-19,disaster_expense,,29,"– Donations, contributions and assistance: Mayor's Bushfire Appeal",/Users/ray/Library/CloudStorage/OneDrive-KnoxGrammarSchool/Extracurriculars/AUSSEF/05 Data Archive/Council Financial Statements (NSW councils FY2015-16 to FY2023-24)/Comparison councils/Griffith (13450)/Griffith - FY2019-20 - Financial Statements.pdf
13450,Griffith,2018-19,grants_contrib_capital,8998000.0,5,Grants and contributions provided for capital purposes,/Users/ray/Library/CloudStorage/OneDrive-KnoxGrammarSchool/Extracurriculars/AUSSEF/05 Data Archive/Council Financial Statements (NSW councils FY2015-16 to FY2023-24)/Comparison councils/Griffith (13450)/Griffith - FY2018-19 - Financial Statements.pdf
13450,Griffith,2018-19,grants_contrib_operating,7656000.0,5,Grants and contributions provided for operating purposes,/Users/ray/Library/CloudStorage/OneDrive-KnoxGrammarSchool/Extracurriculars/AUSSEF/05 Data Archive/Council Financial Statements (NSW councils FY2015-16 to FY2023-24)/Comparison councils/Griffith (13450)/Griffith - FY2018-19 - Financial Statements.pdf
13450,Griffith,2018-19,other_disaster_line,743000.0,20,Flood plain study and risk management,/Users/ray/Library/CloudStorage/OneDrive-KnoxGrammarSchool/Extracurriculars/AUSSEF/05 Data Archive/Council Financial Statements (NSW councils FY2015-16 to FY2023-24)/Comparison councils/Griffith (13450)/Griffith - FY2018-19 - Financial Statements.pdf
13450,Griffith,2018-19,other_disaster_line,,39,Flood affected roads,/Users/ray/Library/CloudStorage/OneDrive-KnoxGrammarSchool/Extracurriculars/AUSSEF/05 Data Archive/Council Financial Statements (NSW councils FY2015-16 to FY2023-24)/Comparison councils/Griffith (13450)/Griffith - FY2018-19 - Financial Statements.pdf
13450,Griffith,2018-19,other_disaster_line,,52,Reinstatement of Decommissioned Flood Gates,/Users/ray/Library/CloudStorage/OneDrive-KnoxGrammarSchool/Extracurriculars/AUSSEF/05 Data Archive/Council Financial Statements (NSW councils FY2015-16 to FY2023-24)/Comparison councils/Griffith (13450)/Griffith - FY2018-19 - Financial Statements.pdf
13450,Griffith,2018-19,other_disaster_line,540000.0,30,Floodplain and drainage mitigation reserve,/Users/ray/Library/CloudStorage/OneDrive-KnoxGrammarSchool/Extracurriculars/AUSSEF/05 Data Archive/Council Financial Statements (NSW councils FY2015-16 to FY2023-24)/Comparison councils/Griffith (13450)/Griffith - FY2018-19 - Financial Statements.pdf
13450,Griffith,2018-19,total_expenses,57541000.0,5,Total expenses from continuing operations,/Users/ray/Library/CloudStorage/OneDrive-KnoxGrammarSchool/Extracurriculars/AUSSEF/05 Data Archive/Council Financial Statements (NSW councils FY2015-16 to FY2023-24)/Comparison councils/Griffith (13450)/Griffith - FY2018-19 - Financial Statements.pdf
13450,Griffith,2019-20,bushfire_emergency_services_grant,97000.0,20,Bushfire Prevention Re-Imbursement,/Users/ray/Library/CloudStorage/OneDrive-KnoxGrammarSchool/Extracurriculars/AUSSEF/05 Data Archive/Council Financial Statements (NSW councils FY2015-16 to FY2023-24)/Comparison councils/Griffith (13450)/Griffith - FY2019-20 - Financial Statements.pdf
13450,Griffith,2019-20,bushfire_emergency_services_grant,,20,Bushfire Prevention Re-Imbursement,/Users/ray/Library/CloudStorage/OneDrive-KnoxGrammarSchool/Extracurriculars/AUSSEF/05 Data Archive/Council Financial Statements (NSW councils FY2015-16 to FY2023-24)/Comparison councils/Griffith (13450)/Griffith - FY2019-20 - Financial Statements.pdf
13450,Griffith,2019-20,bushfire_emergency_services_grant,86000.0,22,Public order and safety – bushfire/SES,/Users/ray/Library/CloudStorage/OneDrive-KnoxGrammarSchool/Extracurriculars/AUSSEF/05 Data Archive/Council Financial Statements (NSW councils FY2015-16 to FY2023-24)/Comparison councils/Griffith (13450)/Griffith - FY2019-20 - Financial Statements.pdf
13450,Griffith,2019-20,bushfire_emergency_services_grant,21000.0,22,Public order and safety – bushfire/SES,/Users/ray/Library/CloudStorage/OneDrive-KnoxGrammarSchool/Extracurriculars/AUSSEF/05 Data Archive/Council Financial Statements (NSW councils FY2015-16 to FY2023-24)/Comparison councils/Griffith (13450)/Griffith - FY2019-20 - Financial Statements.pdf
13450,Griffith,2019-20,capex_ippe,22210000.0,9,"Purchase of infrastructure, property, plant and equipment",/Users/ray/Library/CloudStorage/OneDrive-KnoxGrammarSchool/Extracurriculars/AUSSEF/05 Data Archive/Council Financial Statements (NSW councils FY2015-16 to FY2023-24)/Comparison councils/Griffith (13450)/Griffith - FY2019-20 - Financial Statements.pdf
13450,Griffith,2019-20,depreciation,14471000.0,5,Depreciation and amortisation,/Users/ray/Library/CloudStorage/OneDrive-KnoxGrammarSchool/Extracurriculars/AUSSEF/05 Data Archive/Council Financial Statements (NSW councils FY2015-16 to FY2023-24)/Comparison councils/Griffith (13450)/Griffith - FY2019-20 - Financial Statements.pdf
13450,Griffith,2019-20,disaster_expense,10000.0,29,"– Donations, contributions and assistance: Mayor's Bushfire Appeal",/Users/ray/Library/CloudStorage/OneDrive-KnoxGrammarSchool/Extracurriculars/AUSSEF/05 Data Archive/Council Financial Statements (NSW councils FY2015-16 to FY2023-24)/Comparison councils/Griffith (13450)/Griffith - FY2019-20 - Financial Statements.pdf
13450,Griffith,2019-20,grants_contrib_capital,7320000.0,5,Grants and contributions provided for capital purposes,/Users/ray/Library/CloudStorage/OneDrive-KnoxGrammarSchool/Extracurriculars/AUSSEF/05 Data Archive/Council Financial Statements (NSW councils FY2015-16 to FY2023-24)/Comparison councils/Griffith (13450)/Griffith - FY2019-20 - Financial Statements.pdf
13450,Griffith,2019-20,grants_contrib_operating,8269000.0,5,Grants and contributions provided for operating purposes,/Users/ray/Library/CloudStorage/OneDrive-KnoxGrammarSchool/Extracurriculars/AUSSEF/05 Data Archive/Council Financial Statements (NSW councils FY2015-16 to FY2023-24)/Comparison councils/Griffith (13450)/Griffith - FY2019-20 - Financial Statements.pdf
13450,Griffith,2019-20,other_disaster_line,547000.0,33,Floodplain and drainage mitigation reserve,/Users/ray/Library/CloudStorage/OneDrive-KnoxGrammarSchool/Extracurriculars/AUSSEF/05 Data Archive/Council Financial Statements (NSW councils FY2015-16 to FY2023-24)/Comparison councils/Griffith (13450)/Griffith - FY2019-20 - Financial Statements.pdf
13450,Griffith,2019-20,total_expenses,57223000.0,5,Total expenses from continuing operations,/Users/ray/Library/CloudStorage/OneDrive-KnoxGrammarSchool/Extracurriculars/AUSSEF/05 Data Archive/Council Financial Statements (NSW councils FY2015-16 to FY2023-24)/Comparison councils/Griffith (13450)/Griffith - FY2019-20 - Financial Statements.pdf
13450,Griffith,2020-21,bushfire_emergency_services_grant,112000.0,19,Bushfire Prevention Re-Imbursement,/Users/ray/Library/CloudStorage/OneDrive-KnoxGrammarSchool/Extracurriculars/AUSSEF/05 Data Archive/Council Financial Statements (NSW councils FY2015-16 to FY2023-24)/Comparison councils/Griffith (13450)/Griffith - FY2020-21 - Financial Statements.pdf
13450,Griffith,2020-21,bushfire_emergency_services_grant,8000.0,19,Bushfire Prevention Re-Imbursement,/Users/ray/Library/CloudStorage/OneDrive-KnoxGrammarSchool/Extracurriculars/AUSSEF/05 Data Archive/Council Financial Statements (NSW councils FY2015-16 to FY2023-24)/Comparison councils/Griffith (13450)/Griffith - FY2020-21 - Financial Statements.pdf
13450,Griffith,2020-21,bushfire_emergency_services_grant,,20,Public Order and Safety – Bushfire/SES Contributions,/Users/ray/Library/CloudStorage/OneDrive-KnoxGrammarSchool/Extracurriculars/AUSSEF/05 Data Archive/Council Financial Statements (NSW councils FY2015-16 to FY2023-24)/Comparison councils/Griffith (13450)/Griffith - FY2020-21 - Financial Statements.pdf
13450,Griffith,2020-21,bushfire_emergency_services_grant,135000.0,20,Public Order and Safety – Bushfire/SES Contributions,/Users/ray/Library/CloudStorage/OneDrive-KnoxGrammarSchool/Extracurriculars/AUSSEF/05 Data Archive/Council Financial Statements (NSW councils FY2015-16 to FY2023-24)/Comparison councils/Griffith (13450)/Griffith - FY2020-21 - Financial Statements.pdf
13450,Griffith,2020-21,capex_ippe,41148000.0,9,"Purchase of infrastructure, property, plant and equipment",/Users/ray/Library/CloudStorage/OneDrive-KnoxGrammarSchool/Extracurriculars/AUSSEF/05 Data Archive/Council Financial Statements (NSW councils FY2015-16 to FY2023-24)/Comparison councils/Griffith (13450)/Griffith - FY2020-21 - Financial Statements.pdf
13450,Griffith,2020-21,depreciation,14885000.0,5,"Depreciation, amortisation and impairment for non-financial assets",/Users/ray/Library/CloudStorage/OneDrive-KnoxGrammarSchool/Extracurriculars/AUSSEF/05 Data Archive/Council Financial Statements (NSW councils FY2015-16 to FY2023-24)/Comparison councils/Griffith (13450)/Griffith - FY2020-21 - Financial Statements.pdf
13450,Griffith,2020-21,disaster_expense,,26,Mayor's Bushfire Appeal,/Users/ray/Library/CloudStorage/OneDrive-KnoxGrammarSchool/Extracurriculars/AUSSEF/05 Data Archive/Council Financial Statements (NSW councils FY2015-16 to FY2023-24)/Comparison councils/Griffith (13450)/Griffith - FY2020-21 - Financial Statements.pdf
13450,Griffith,2020-21,grants_contrib_capital,15091000.0,5,Grants and contributions provided for capital purposes,/Users/ray/Library/CloudStorage/OneDrive-KnoxGrammarSchool/Extracurriculars/AUSSEF/05 Data Archive/Council Financial Statements (NSW councils FY2015-16 to FY2023-24)/Comparison councils/Griffith (13450)/Griffith - FY2020-21 - Financial Statements.pdf
13450,Griffith,2020-21,grants_contrib_operating,9722000.0,5,Grants and contributions provided for operating purposes,/Users/ray/Library/CloudStorage/OneDrive-KnoxGrammarSchool/Extracurriculars/AUSSEF/05 Data Archive/Council Financial Statements (NSW councils FY2015-16 to FY2023-24)/Comparison councils/Griffith (13450)/Griffith - FY2020-21 - Financial Statements.pdf
13450,Griffith,2020-21,other_disaster_line,553000.0,32,Floodplain and drainage mitigation reserve,/Users/ray/Library/CloudStorage/OneDrive-KnoxGrammarSchool/Extracurriculars/AUSSEF/05 Data Archive/Council Financial Statements (NSW councils FY2015-16 to FY2023-24)/Comparison councils/Griffith (13450)/Griffith - FY2020-21 - Financial Statements.pdf
13450,Griffith,2020-21,total_expenses,58403000.0,5,Total expenses from continuing operations,/Users/ray/Library/CloudStorage/OneDrive-KnoxGrammarSchool/Extracurriculars/AUSSEF/05 Data Archive/Council Financial Statements (NSW councils FY2015-16 to FY2023-24)/Comparison councils/Griffith (13450)/Griffith - FY2020-21 - Financial Statements.pdf
13450,Griffith,2021-22,bushfire_emergency_services_grant,97000.0,19,Bushfire Prevention Re-Imbursement,/Users/ray/Library/CloudStorage/OneDrive-KnoxGrammarSchool/Extracurriculars/AUSSEF/05 Data Archive/Council Financial Statements (NSW councils FY2015-16 to FY2023-24)/Comparison councils/Griffith (13450)/Griffith - FY2021-22 - Financial Statements.pdf
13450,Griffith,2021-22,bushfire_emergency_services_grant,20000.0,19,Bushfire Prevention Re-Imbursement,/Users/ray/Library/CloudStorage/OneDrive-KnoxGrammarSchool/Extracurriculars/AUSSEF/05 Data Archive/Council Financial Statements (NSW councils FY2015-16 to FY2023-24)/Comparison councils/Griffith (13450)/Griffith - FY2021-22 - Financial Statements.pdf
13450,Griffith,2021-22,bushfire_emergency_services_grant,,20,Public Order and Safety – Bushfire/SES Contributions,/Users/ray/Library/CloudStorage/OneDrive-KnoxGrammarSchool/Extracurriculars/AUSSEF/05 Data Archive/Council Financial Statements (NSW councils FY2015-16 to FY2023-24)/Comparison councils/Griffith (13450)/Griffith - FY2021-22 - Financial Statements.pdf
13450,Griffith,2021-22,bushfire_emergency_services_grant,,20,Public Order and Safety – Bushfire/SES Contributions,/Users/ray/Library/CloudStorage/OneDrive-KnoxGrammarSchool/Extracurriculars/AUSSEF/05 Data Archive/Council Financial Statements (NSW councils FY2015-16 to FY2023-24)/Comparison councils/Griffith (13450)/Griffith - FY2021-22 - Financial Statements.pdf
13450,Griffith,2021-22,capex_ippe,45226000.0,9,Payments for IPPE,/Users/ray/Library/CloudStorage/OneDrive-KnoxGrammarSchool/Extracurriculars/AUSSEF/05 Data Archive/Council Financial Statements (NSW councils FY2015-16 to FY2023-24)/Comparison councils/Griffith (13450)/Griffith - FY2021-22 - Financial Statements.pdf
13450,Griffith,2021-22,depreciation,15369000.0,5,"Depreciation, amortisation and impairment of non-financial assets",/Users/ray/Library/CloudStorage/OneDrive-KnoxGrammarSchool/Extracurriculars/AUSSEF/05 Data Archive/Council Financial Statements (NSW councils FY2015-16 to FY2023-24)/Comparison councils/Griffith (13450)/Griffith - FY2021-22 - Financial Statements.pdf
13450,Griffith,2021-22,disaster_grant_capital,,18,Natural Disaster Flood- TfNSW,/Users/ray/Library/CloudStorage/OneDrive-KnoxGrammarSchool/Extracurriculars/AUSSEF/05 Data Archive/Council Financial Statements (NSW councils FY2015-16 to FY2023-24)/Comparison councils/Griffith (13450)/Griffith - FY2022-23 - Financial Statements.pdf
13450,Griffith,2021-22,grants_contrib_capital,19635000.0,5,Grants and contributions provided for capital purposes,/Users/ray/Library/CloudStorage/OneDrive-KnoxGrammarSchool/Extracurriculars/AUSSEF/05 Data Archive/Council Financial Statements (NSW councils FY2015-16 to FY2023-24)/Comparison councils/Griffith (13450)/Griffith - FY2021-22 - Financial Statements.pdf
13450,Griffith,2021-22,grants_contrib_operating,12356000.0,5,Grants and contributions provided for operating purposes,/Users/ray/Library/CloudStorage/OneDrive-KnoxGrammarSchool/Extracurriculars/AUSSEF/05 Data Archive/Council Financial Statements (NSW councils FY2015-16 to FY2023-24)/Comparison councils/Griffith (13450)/Griffith - FY2021-22 - Financial Statements.pdf
13450,Griffith,2021-22,other_disaster_line,538000.0,32,Floodplain and drainage mitigation reserve,/Users/ray/Library/CloudStorage/OneDrive-KnoxGrammarSchool/Extracurriculars/AUSSEF/05 Data Archive/Council Financial Statements (NSW councils FY2015-16 to FY2023-24)/Comparison councils/Griffith (13450)/Griffith - FY2021-22 - Financial Statements.pdf
13450,Griffith,2021-22,total_expenses,62576000.0,5,Total expenses from continuing operations,/Users/ray/Library/CloudStorage/OneDrive-KnoxGrammarSchool/Extracurriculars/AUSSEF/05 Data Archive/Council Financial Statements (NSW councils FY2015-16 to FY2023-24)/Comparison councils/Griffith (13450)/Griffith - FY2021-22 - Financial Statements.pdf
13450,Griffith,2022-23,bushfire_emergency_services_grant,99000.0,18,Bushfire Prevention Re-Imbursement,/Users/ray/Library/CloudStorage/OneDrive-KnoxGrammarSchool/Extracurriculars/AUSSEF/05 Data Archive/Council Financial Statements (NSW councils FY2015-16 to FY2023-24)/Comparison councils/Griffith (13450)/Griffith - FY2022-23 - Financial Statements.pdf
13450,Griffith,2022-23,bushfire_emergency_services_grant,48000.0,18,Bushfire Prevention Re-Imbursement,/Users/ray/Library/CloudStorage/OneDrive-KnoxGrammarSchool/Extracurriculars/AUSSEF/05 Data Archive/Council Financial Statements (NSW councils FY2015-16 to FY2023-24)/Comparison councils/Griffith (13450)/Griffith - FY2022-23 - Financial Statements.pdf
13450,Griffith,2022-23,capex_ippe,33039000.0,8,Payments for IPPE,/Users/ray/Library/CloudStorage/OneDrive-KnoxGrammarSchool/Extracurriculars/AUSSEF/05 Data Archive/Council Financial Statements (NSW councils FY2015-16 to FY2023-24)/Comparison councils/Griffith (13450)/Griffith - FY2022-23 - Financial Statements.pdf
13450,Griffith,2022-23,depreciation,15575000.0,4,"Depreciation, amortisation and impairment of non-financial assets",/Users/ray/Library/CloudStorage/OneDrive-KnoxGrammarSchool/Extracurriculars/AUSSEF/05 Data Archive/Council Financial Statements (NSW councils FY2015-16 to FY2023-24)/Comparison councils/Griffith (13450)/Griffith - FY2022-23 - Financial Statements.pdf
13450,Griffith,2022-23,disaster_grant_capital,1194000.0,18,Natural Disaster Flood- TfNSW,/Users/ray/Library/CloudStorage/OneDrive-KnoxGrammarSchool/Extracurriculars/AUSSEF/05 Data Archive/Council Financial Statements (NSW councils FY2015-16 to FY2023-24)/Comparison councils/Griffith (13450)/Griffith - FY2022-23 - Financial Statements.pdf
13450,Griffith,2022-23,disaster_grant_operating,,18,Natural Disaster Flood- TfNSW,/Users/ray/Library/CloudStorage/OneDrive-KnoxGrammarSchool/Extracurriculars/AUSSEF/05 Data Archive/Council Financial Statements (NSW councils FY2015-16 to FY2023-24)/Comparison councils/Griffith (13450)/Griffith - FY2023-24 - Financial Statements.pdf
13450,Griffith,2022-23,grants_contrib_capital,18994000.0,4,Grants and contributions provided for capital purposes,/Users/ray/Library/CloudStorage/OneDrive-KnoxGrammarSchool/Extracurriculars/AUSSEF/05 Data Archive/Council Financial Statements (NSW councils FY2015-16 to FY2023-24)/Comparison councils/Griffith (13450)/Griffith - FY2022-23 - Financial Statements.pdf
13450,Griffith,2022-23,grants_contrib_operating,16726000.0,4,Grants and contributions provided for operating purposes,/Users/ray/Library/CloudStorage/OneDrive-KnoxGrammarSchool/Extracurriculars/AUSSEF/05 Data Archive/Council Financial Statements (NSW councils FY2015-16 to FY2023-24)/Comparison councils/Griffith (13450)/Griffith - FY2022-23 - Financial Statements.pdf
13450,Griffith,2022-23,other_disaster_line,1000000.0,27,Council received $1M Grant Disaster funding from the Office of Local Government that was not originally budgeted for.,/Users/ray/Library/CloudStorage/OneDrive-KnoxGrammarSchool/Extracurriculars/AUSSEF/05 Data Archive/Council Financial Statements (NSW councils FY2015-16 to FY2023-24)/Comparison councils/Griffith (13450)/Griffith - FY2022-23 - Financial Statements.pdf
13450,Griffith,2022-23,other_disaster_line,558000.0,31,Floodplain and drainage mitigation reserve,/Users/ray/Library/CloudStorage/OneDrive-KnoxGrammarSchool/Extracurriculars/AUSSEF/05 Data Archive/Council Financial Statements (NSW councils FY2015-16 to FY2023-24)/Comparison councils/Griffith (13450)/Griffith - FY2022-23 - Financial Statements.pdf
13450,Griffith,2022-23,other_disaster_line,,76,The NSW Government declared a natural disaster for the Griffith local government area on 4 August 2022 and 14 September 2022 due to severe weather and flooding (AGRN 1030 and AGRN 1034).,/Users/ray/Library/CloudStorage/OneDrive-KnoxGrammarSchool/Extracurriculars/AUSSEF/05 Data Archive/Council Financial Statements (NSW councils FY2015-16 to FY2023-24)/Comparison councils/Griffith (13450)/Griffith - FY2021-22 - Financial Statements.pdf
13450,Griffith,2022-23,total_expenses,69839000.0,4,Total expenses from continuing operations,/Users/ray/Library/CloudStorage/OneDrive-KnoxGrammarSchool/Extracurriculars/AUSSEF/05 Data Archive/Council Financial Statements (NSW councils FY2015-16 to FY2023-24)/Comparison councils/Griffith (13450)/Griffith - FY2022-23 - Financial Statements.pdf
13450,Griffith,2023-24,bushfire_emergency_services_grant,100000.0,18,Bushfire Prevention Re-Imbursement,/Users/ray/Library/CloudStorage/OneDrive-KnoxGrammarSchool/Extracurriculars/AUSSEF/05 Data Archive/Council Financial Statements (NSW councils FY2015-16 to FY2023-24)/Comparison councils/Griffith (13450)/Griffith - FY2023-24 - Financial Statements.pdf
13450,Griffith,2023-24,bushfire_emergency_services_grant,108000.0,18,Bushfire Prevention Re-Imbursement,/Users/ray/Library/CloudStorage/OneDrive-KnoxGrammarSchool/Extracurriculars/AUSSEF/05 Data Archive/Council Financial Statements (NSW councils FY2015-16 to FY2023-24)/Comparison councils/Griffith (13450)/Griffith - FY2023-24 - Financial Statements.pdf
13450,Griffith,2023-24,capex_ippe,32143000.0,8,Payments for IPPE,/Users/ray/Library/CloudStorage/OneDrive-KnoxGrammarSchool/Extracurriculars/AUSSEF/05 Data Archive/Council Financial Statements (NSW councils FY2015-16 to FY2023-24)/Comparison councils/Griffith (13450)/Griffith - FY2023-24 - Financial Statements.pdf
13450,Griffith,2023-24,depreciation,17663000.0,4,"Depreciation, amortisation and impairment of non-financial assets",/Users/ray/Library/CloudStorage/OneDrive-KnoxGrammarSchool/Extracurriculars/AUSSEF/05 Data Archive/Council Financial Statements (NSW councils FY2015-16 to FY2023-24)/Comparison councils/Griffith (13450)/Griffith - FY2023-24 - Financial Statements.pdf
13450,Griffith,2023-24,disaster_grant_capital,801000.0,18,Natural Disaster Flood- TfNSW,/Users/ray/Library/CloudStorage/OneDrive-KnoxGrammarSchool/Extracurriculars/AUSSEF/05 Data Archive/Council Financial Statements (NSW councils FY2015-16 to FY2023-24)/Comparison councils/Griffith (13450)/Griffith - FY2023-24 - Financial Statements.pdf
13450,Griffith,2023-24,disaster_grant_capital,,18,Disaster Recovery Flood(OLG) Lake Wyangan  Pump & Pipe,/Users/ray/Library/CloudStorage/OneDrive-KnoxGrammarSchool/Extracurriculars/AUSSEF/05 Data Archive/Council Financial Statements (NSW councils FY2015-16 to FY2023-24)/Comparison councils/Griffith (13450)/Griffith - FY2023-24 - Financial Statements.pdf
13450,Griffith,2023-24,disaster_grant_operating,619000.0,18,Natural Disaster Flood- TfNSW,/Users/ray/Library/CloudStorage/OneDrive-KnoxGrammarSchool/Extracurriculars/AUSSEF/05 Data Archive/Council Financial Statements (NSW councils FY2015-16 to FY2023-24)/Comparison councils/Griffith (13450)/Griffith - FY2023-24 - Financial Statements.pdf
13450,Griffith,2023-24,grants_contrib_capital,19129000.0,4,Grants and contributions provided for capital purposes,/Users/ray/Library/CloudStorage/OneDrive-KnoxGrammarSchool/Extracurriculars/AUSSEF/05 Data Archive/Council Financial Statements (NSW councils FY2015-16 to FY2023-24)/Comparison councils/Griffith (13450)/Griffith - FY2023-24 - Financial Statements.pdf
13450,Griffith,2023-24,grants_contrib_operating,15515000.0,4,Grants and contributions provided for operating purposes,/Users/ray/Library/CloudStorage/OneDrive-KnoxGrammarSchool/Extracurriculars/AUSSEF/05 Data Archive/Council Financial Statements (NSW councils FY2015-16 to FY2023-24)/Comparison councils/Griffith (13450)/Griffith - FY2023-24 - Financial Statements.pdf
13450,Griffith,2023-24,other_disaster_line,584000.0,32,Floodplain and drainage mitigation reserve,/Users/ray/Library/CloudStorage/OneDrive-KnoxGrammarSchool/Extracurriculars/AUSSEF/05 Data Archive/Council Financial Statements (NSW councils FY2015-16 to FY2023-24)/Comparison councils/Griffith (13450)/Griffith - FY2023-24 - Financial Statements.pdf
13450,Griffith,2023-24,total_expenses,78075000.0,4,Total expenses from continuing operations,/Users/ray/Library/CloudStorage/OneDrive-KnoxGrammarSchool/Extracurriculars/AUSSEF/05 Data Archive/Council Financial Statements (NSW councils FY2015-16 to FY2023-24)/Comparison councils/Griffith (13450)/Griffith - FY2023-24 - Financial Statements.pdf
13550,Gunnedah,2015-16,bushfire_emergency_services_grant,197000.0,34,Emergency services,/Users/ray/Library/CloudStorage/OneDrive-KnoxGrammarSchool/Extracurriculars/AUSSEF/05 Data Archive/Council Financial Statements (NSW councils FY2015-16 to FY2023-24)/Comparison councils/Gunnedah (13550)/Gunnedah - FY2015-16 - Financial Statements.pdf
13550,Gunnedah,2015-16,capex_ippe,11349000.0,9,"Purchase of infrastructure, property, plant and equipment",/Users/ray/Library/CloudStorage/OneDrive-KnoxGrammarSchool/Extracurriculars/AUSSEF/05 Data Archive/Council Financial Statements (NSW councils FY2015-16 to FY2023-24)/Comparison councils/Gunnedah (13550)/Gunnedah - FY2015-16 - Financial Statements.pdf
13550,Gunnedah,2015-16,depreciation,9341000.0,5,Depreciation and amortisation,/Users/ray/Library/CloudStorage/OneDrive-KnoxGrammarSchool/Extracurriculars/AUSSEF/05 Data Archive/Council Financial Statements (NSW councils FY2015-16 to FY2023-24)/Comparison councils/Gunnedah (13550)/Gunnedah - FY2015-16 - Financial Statements.pdf
13550,Gunnedah,2015-16,grants_contrib_capital,8864000.0,5,Grants and contributions provided for capital purposes,/Users/ray/Library/CloudStorage/OneDrive-KnoxGrammarSchool/Extracurriculars/AUSSEF/05 Data Archive/Council Financial Statements (NSW councils FY2015-16 to FY2023-24)/Comparison councils/Gunnedah (13550)/Gunnedah - FY2015-16 - Financial Statements.pdf
13550,Gunnedah,2015-16,grants_contrib_operating,12218000.0,5,Grants and contributions provided for operating purposes,/Users/ray/Library/CloudStorage/OneDrive-KnoxGrammarSchool/Extracurriculars/AUSSEF/05 Data Archive/Council Financial Statements (NSW councils FY2015-16 to FY2023-24)/Comparison councils/Gunnedah (13550)/Gunnedah - FY2015-16 - Financial Statements.pdf
13550,Gunnedah,2015-16,total_expenses,36388000.0,5,Total expenses from continuing operations,/Users/ray/Library/CloudStorage/OneDrive-KnoxGrammarSchool/Extracurriculars/AUSSEF/05 Data Archive/Council Financial Statements (NSW councils FY2015-16 to FY2023-24)/Comparison councils/Gunnedah (13550)/Gunnedah - FY2015-16 - Financial Statements.pdf
13550,Gunnedah,2016-17,bushfire_emergency_services_grant,171000.0,28,Emergency services,/Users/ray/Library/CloudStorage/OneDrive-KnoxGrammarSchool/Extracurriculars/AUSSEF/05 Data Archive/Council Financial Statements (NSW councils FY2015-16 to FY2023-24)/Comparison councils/Gunnedah (13550)/Gunnedah - FY2016-17 - Financial Statements.pdf
13550,Gunnedah,2016-17,capex_ippe,15037000.0,9,"Purchase of infrastructure, property, plant and equipment",/Users/ray/Library/CloudStorage/OneDrive-KnoxGrammarSchool/Extracurriculars/AUSSEF/05 Data Archive/Council Financial Statements (NSW councils FY2015-16 to FY2023-24)/Comparison councils/Gunnedah (13550)/Gunnedah - FY2016-17 - Financial Statements.pdf
13550,Gunnedah,2016-17,depreciation,9399000.0,5,Depreciation and amortisation,/Users/ray/Library/CloudStorage/OneDrive-KnoxGrammarSchool/Extracurriculars/AUSSEF/05 Data Archive/Council Financial Statements (NSW councils FY2015-16 to FY2023-24)/Comparison councils/Gunnedah (13550)/Gunnedah - FY2016-17 - Financial Statements.pdf
13550,Gunnedah,2016-17,grants_contrib_capital,2293000.0,5,Grants and contributions provided for capital purposes,/Users/ray/Library/CloudStorage/OneDrive-KnoxGrammarSchool/Extracurriculars/AUSSEF/05 Data Archive/Council Financial Statements (NSW councils FY2015-16 to FY2023-24)/Comparison councils/Gunnedah (13550)/Gunnedah - FY2016-17 - Financial Statements.pdf
13550,Gunnedah,2016-17,grants_contrib_operating,14107000.0,5,Grants and contributions provided for operating purposes,/Users/ray/Library/CloudStorage/OneDrive-KnoxGrammarSchool/Extracurriculars/AUSSEF/05 Data Archive/Council Financial Statements (NSW councils FY2015-16 to FY2023-24)/Comparison councils/Gunnedah (13550)/Gunnedah - FY2016-17 - Financial Statements.pdf
13550,Gunnedah,2016-17,total_expenses,35796000.0,5,Total expenses from continuing operations,/Users/ray/Library/CloudStorage/OneDrive-KnoxGrammarSchool/Extracurriculars/AUSSEF/05 Data Archive/Council Financial Statements (NSW councils FY2015-16 to FY2023-24)/Comparison councils/Gunnedah (13550)/Gunnedah - FY2016-17 - Financial Statements.pdf
13550,Gunnedah,2017-18,bushfire_emergency_services_grant,101000.0,21,Emergency services,/Users/ray/Library/CloudStorage/OneDrive-KnoxGrammarSchool/Extracurriculars/AUSSEF/05 Data Archive/Council Financial Statements (NSW councils FY2015-16 to FY2023-24)/Comparison councils/Gunnedah (13550)/Gunnedah - FY2017-18 - Financial Statements.pdf
13550,Gunnedah,2017-18,capex_ippe,23953000.0,9,"Purchase of infrastructure, property, plant and equipment",/Users/ray/Library/CloudStorage/OneDrive-KnoxGrammarSchool/Extracurriculars/AUSSEF/05 Data Archive/Council Financial Statements (NSW councils FY2015-16 to FY2023-24)/Comparison councils/Gunnedah (13550)/Gunnedah - FY2017-18 - Financial Statements.pdf
13550,Gunnedah,2017-18,depreciation,9761000.0,5,Depreciation and amortisation,/Users/ray/Library/CloudStorage/OneDrive-KnoxGrammarSchool/Extracurriculars/AUSSEF/05 Data Archive/Council Financial Statements (NSW councils FY2015-16 to FY2023-24)/Comparison councils/Gunnedah (13550)/Gunnedah - FY2017-18 - Financial Statements.pdf
13550,Gunnedah,2017-18,grants_contrib_capital,8186000.0,5,Grants and contributions provided for capital purposes,/Users/ray/Library/CloudStorage/OneDrive-KnoxGrammarSchool/Extracurriculars/AUSSEF/05 Data Archive/Council Financial Statements (NSW councils FY2015-16 to FY2023-24)/Comparison councils/Gunnedah (13550)/Gunnedah - FY2017-18 - Financial Statements.pdf
13550,Gunnedah,2017-18,grants_contrib_operating,11944000.0,5,Grants and contributions provided for operating purposes,/Users/ray/Library/CloudStorage/OneDrive-KnoxGrammarSchool/Extracurriculars/AUSSEF/05 Data Archive/Council Financial Statements (NSW councils FY2015-16 to FY2023-24)/Comparison councils/Gunnedah (13550)/Gunnedah - FY2017-18 - Financial Statements.pdf
13550,Gunnedah,2017-18,other_disaster_line,,31,Disaster Recovery Fund,/Users/ray/Library/CloudStorage/OneDrive-KnoxGrammarSchool/Extracurriculars/AUSSEF/05 Data Archive/Council Financial Statements (NSW councils FY2015-16 to FY2023-24)/Comparison councils/Gunnedah (13550)/Gunnedah - FY2018-19 - Financial Statements.pdf
13550,Gunnedah,2017-18,total_expenses,41560000.0,5,Total expenses from continuing operations,/Users/ray/Library/CloudStorage/OneDrive-KnoxGrammarSchool/Extracurriculars/AUSSEF/05 Data Archive/Council Financial Statements (NSW councils FY2015-16 to FY2023-24)/Comparison councils/Gunnedah (13550)/Gunnedah - FY2017-18 - Financial Statements.pdf
13550,Gunnedah,2018-19,bushfire_emergency_services_grant,101000.0,21,Emergency services,/Users/ray/Library/CloudStorage/OneDrive-KnoxGrammarSchool/Extracurriculars/AUSSEF/05 Data Archive/Council Financial Statements (NSW councils FY2015-16 to FY2023-24)/Comparison councils/Gunnedah (13550)/Gunnedah - FY2018-19 - Financial Statements.pdf
13550,Gunnedah,2018-19,capex_ippe,29485000.0,10,"Purchase of infrastructure, property, plant and equipment",/Users/ray/Library/CloudStorage/OneDrive-KnoxGrammarSchool/Extracurriculars/AUSSEF/05 Data Archive/Council Financial Statements (NSW councils FY2015-16 to FY2023-24)/Comparison councils/Gunnedah (13550)/Gunnedah - FY2018-19 - Financial Statements.pdf
13550,Gunnedah,2018-19,depreciation,10039000.0,6,Depreciation and amortisation,/Users/ray/Library/CloudStorage/OneDrive-KnoxGrammarSchool/Extracurriculars/AUSSEF/05 Data Archive/Council Financial Statements (NSW councils FY2015-16 to FY2023-24)/Comparison councils/Gunnedah (13550)/Gunnedah - FY2018-19 - Financial Statements.pdf
13550,Gunnedah,2018-19,grants_contrib_capital,5197000.0,6,Grants and contributions provided for capital purposes,/Users/ray/Library/CloudStorage/OneDrive-KnoxGrammarSchool/Extracurriculars/AUSSEF/05 Data Archive/Council Financial Statements (NSW councils FY2015-16 to FY2023-24)/Comparison councils/Gunnedah (13550)/Gunnedah - FY2018-19 - Financial Statements.pdf
13550,Gunnedah,2018-19,grants_contrib_operating,11549000.0,6,Grants and contributions provided for operating purposes,/Users/ray/Library/CloudStorage/OneDrive-KnoxGrammarSchool/Extracurriculars/AUSSEF/05 Data Archive/Council Financial Statements (NSW councils FY2015-16 to FY2023-24)/Comparison councils/Gunnedah (13550)/Gunnedah - FY2018-19 - Financial Statements.pdf
13550,Gunnedah,2018-19,other_disaster_line,238000.0,31,Disaster Recovery Fund,/Users/ray/Library/CloudStorage/OneDrive-KnoxGrammarSchool/Extracurriculars/AUSSEF/05 Data Archive/Council Financial Statements (NSW councils FY2015-16 to FY2023-24)/Comparison councils/Gunnedah (13550)/Gunnedah - FY2018-19 - Financial Statements.pdf
13550,Gunnedah,2018-19,total_expenses,39248000.0,6,Total expenses from continuing operations,/Users/ray/Library/CloudStorage/OneDrive-KnoxGrammarSchool/Extracurriculars/AUSSEF/05 Data Archive/Council Financial Statements (NSW councils FY2015-16 to FY2023-24)/Comparison councils/Gunnedah (13550)/Gunnedah - FY2018-19 - Financial Statements.pdf
13550,Gunnedah,2019-20,bushfire_emergency_services_grant,96000.0,22,Emergency services,/Users/ray/Library/CloudStorage/OneDrive-KnoxGrammarSchool/Extracurriculars/AUSSEF/05 Data Archive/Council Financial Statements (NSW councils FY2015-16 to FY2023-24)/Comparison councils/Gunnedah (13550)/Gunnedah - FY2019-20 - Financial Statements.pdf
13550,Gunnedah,2019-20,capex_ippe,19269000.0,10,"Purchase of infrastructure, property, plant and equipment",/Users/ray/Library/CloudStorage/OneDrive-KnoxGrammarSchool/Extracurriculars/AUSSEF/05 Data Archive/Council Financial Statements (NSW councils FY2015-16 to FY2023-24)/Comparison councils/Gunnedah (13550)/Gunnedah - FY2019-20 - Financial Statements.pdf
13550,Gunnedah,2019-20,depreciation,10434000.0,6,Depreciation and amortisation,/Users/ray/Library/CloudStorage/OneDrive-KnoxGrammarSchool/Extracurriculars/AUSSEF/05 Data Archive/Council Financial Statements (NSW councils FY2015-16 to FY2023-24)/Comparison councils/Gunnedah (13550)/Gunnedah - FY2019-20 - Financial Statements.pdf
13550,Gunnedah,2019-20,grants_contrib_capital,11506000.0,6,Grants and contributions provided for capital purposes,/Users/ray/Library/CloudStorage/OneDrive-KnoxGrammarSchool/Extracurriculars/AUSSEF/05 Data Archive/Council Financial Statements (NSW councils FY2015-16 to FY2023-24)/Comparison councils/Gunnedah (13550)/Gunnedah - FY2019-20 - Financial Statements.pdf
13550,Gunnedah,2019-20,grants_contrib_operating,12668000.0,6,Grants and contributions provided for operating purposes,/Users/ray/Library/CloudStorage/OneDrive-KnoxGrammarSchool/Extracurriculars/AUSSEF/05 Data Archive/Council Financial Statements (NSW councils FY2015-16 to FY2023-24)/Comparison councils/Gunnedah (13550)/Gunnedah - FY2019-20 - Financial Statements.pdf
13550,Gunnedah,2019-20,other_disaster_line,238000.0,34,Disaster Recovery Fund,/Users/ray/Library/CloudStorage/OneDrive-KnoxGrammarSchool/Extracurriculars/AUSSEF/05 Data Archive/Council Financial Statements (NSW councils FY2015-16 to FY2023-24)/Comparison councils/Gunnedah (13550)/Gunnedah - FY2019-20 - Financial Statements.pdf
13550,Gunnedah,2019-20,total_expenses,47558000.0,6,Total expenses from continuing operations,/Users/ray/Library/CloudStorage/OneDrive-KnoxGrammarSchool/Extracurriculars/AUSSEF/05 Data Archive/Council Financial Statements (NSW councils FY2015-16 to FY2023-24)/Comparison councils/Gunnedah (13550)/Gunnedah - FY2019-20 - Financial Statements.pdf
13550,Gunnedah,2020-21,bushfire_emergency_services_grant,96000.0,20,Emergency services,/Users/ray/Library/CloudStorage/OneDrive-KnoxGrammarSchool/Extracurriculars/AUSSEF/05 Data Archive/Council Financial Statements (NSW councils FY2015-16 to FY2023-24)/Comparison councils/Gunnedah (13550)/Gunnedah - FY2020-21 - Financial Statements.pdf
13550,Gunnedah,2020-21,capex_ippe,25667000.0,10,"Purchase of infrastructure, property, plant and equipment",/Users/ray/Library/CloudStorage/OneDrive-KnoxGrammarSchool/Extracurriculars/AUSSEF/05 Data Archive/Council Financial Statements (NSW councils FY2015-16 to FY2023-24)/Comparison councils/Gunnedah (13550)/Gunnedah - FY2020-21 - Financial Statements.pdf
13550,Gunnedah,2020-21,depreciation,11098000.0,6,"Depreciation, amortisation and impairment for non-financial assets",/Users/ray/Library/CloudStorage/OneDrive-KnoxGrammarSchool/Extracurriculars/AUSSEF/05 Data Archive/Council Financial Statements (NSW councils FY2015-16 to FY2023-24)/Comparison councils/Gunnedah (13550)/Gunnedah - FY2020-21 - Financial Statements.pdf
13550,Gunnedah,2020-21,disaster_expense,,47,Bridge - Orange Grove Rd Bridge - Fire Damage,/Users/ray/Library/CloudStorage/OneDrive-KnoxGrammarSchool/Extracurriculars/AUSSEF/05 Data Archive/Council Financial Statements (NSW councils FY2015-16 to FY2023-24)/Comparison councils/Gunnedah (13550)/Gunnedah - FY2021-22 - Financial Statements.pdf
13550,Gunnedah,2020-21,grants_contrib_capital,15038000.0,6,Grants and contributions provided for capital purposes,/Users/ray/Library/CloudStorage/OneDrive-KnoxGrammarSchool/Extracurriculars/AUSSEF/05 Data Archive/Council Financial Statements (NSW councils FY2015-16 to FY2023-24)/Comparison councils/Gunnedah (13550)/Gunnedah - FY2020-21 - Financial Statements.pdf
13550,Gunnedah,2020-21,grants_contrib_operating,13586000.0,6,Grants and contributions provided for operating purposes,/Users/ray/Library/CloudStorage/OneDrive-KnoxGrammarSchool/Extracurriculars/AUSSEF/05 Data Archive/Council Financial Statements (NSW councils FY2015-16 to FY2023-24)/Comparison councils/Gunnedah (13550)/Gunnedah - FY2020-21 - Financial Statements.pdf
13550,Gunnedah,2020-21,other_disaster_line,238000.0,36,Disaster Recovery Fund,/Users/ray/Library/CloudStorage/OneDrive-KnoxGrammarSchool/Extracurriculars/AUSSEF/05 Data Archive/Council Financial Statements (NSW councils FY2015-16 to FY2023-24)/Comparison councils/Gunnedah (13550)/Gunnedah - FY2020-21 - Financial Statements.pdf
13550,Gunnedah,2020-21,total_expenses,46583000.0,6,Total expenses from continuing operations,/Users/ray/Library/CloudStorage/OneDrive-KnoxGrammarSchool/Extracurriculars/AUSSEF/05 Data Archive/Council Financial Statements (NSW councils FY2015-16 to FY2023-24)/Comparison councils/Gunnedah (13550)/Gunnedah - FY2020-21 - Financial Statements.pdf
13550,Gunnedah,2021-22,bushfire_emergency_services_grant,96000.0,20,Emergency services,/Users/ray/Library/CloudStorage/OneDrive-KnoxGrammarSchool/Extracurriculars/AUSSEF/05 Data Archive/Council Financial Statements (NSW councils FY2015-16 to FY2023-24)/Comparison councils/Gunnedah (13550)/Gunnedah - FY2021-22 - Financial Statements.pdf
13550,Gunnedah,2021-22,bushfire_emergency_services_grant,14000.0,20,Emergency services,/Users/ray/Library/CloudStorage/OneDrive-KnoxGrammarSchool/Extracurriculars/AUSSEF/05 Data Archive/Council Financial Statements (NSW councils FY2015-16 to FY2023-24)/Comparison councils/Gunnedah (13550)/Gunnedah - FY2021-22 - Financial Statements.pdf
13550,Gunnedah,2021-22,capex_ippe,27021000.0,10,Payments for IPPE,/Users/ray/Library/CloudStorage/OneDrive-KnoxGrammarSchool/Extracurriculars/AUSSEF/05 Data Archive/Council Financial Statements (NSW councils FY2015-16 to FY2023-24)/Comparison councils/Gunnedah (13550)/Gunnedah - FY2021-22 - Financial Statements.pdf
13550,Gunnedah,2021-22,depreciation,11477000.0,6,"Depreciation, amortisation and impairment of non-financial assets",/Users/ray/Library/CloudStorage/OneDrive-KnoxGrammarSchool/Extracurriculars/AUSSEF/05 Data Archive/Council Financial Statements (NSW councils FY2015-16 to FY2023-24)/Comparison councils/Gunnedah (13550)/Gunnedah - FY2021-22 - Financial Statements.pdf
13550,Gunnedah,2021-22,disaster_expense,47000.0,47,Bridge - Orange Grove Rd Bridge - Fire Damage,/Users/ray/Library/CloudStorage/OneDrive-KnoxGrammarSchool/Extracurriculars/AUSSEF/05 Data Archive/Council Financial Statements (NSW councils FY2015-16 to FY2023-24)/Comparison councils/Gunnedah (13550)/Gunnedah - FY2021-22 - Financial Statements.pdf
13550,Gunnedah,2021-22,grants_contrib_capital,22510000.0,6,Grants and contributions provided for capital purposes,/Users/ray/Library/CloudStorage/OneDrive-KnoxGrammarSchool/Extracurriculars/AUSSEF/05 Data Archive/Council Financial Statements (NSW councils FY2015-16 to FY2023-24)/Comparison councils/Gunnedah (13550)/Gunnedah - FY2021-22 - Financial Statements.pdf
13550,Gunnedah,2021-22,grants_contrib_operating,15294000.0,6,Grants and contributions provided for operating purposes,/Users/ray/Library/CloudStorage/OneDrive-KnoxGrammarSchool/Extracurriculars/AUSSEF/05 Data Archive/Council Financial Statements (NSW councils FY2015-16 to FY2023-24)/Comparison councils/Gunnedah (13550)/Gunnedah - FY2021-22 - Financial Statements.pdf
13550,Gunnedah,2021-22,other_disaster_line,238000.0,38,Disaster Recovery Fund,/Users/ray/Library/CloudStorage/OneDrive-KnoxGrammarSchool/Extracurriculars/AUSSEF/05 Data Archive/Council Financial Statements (NSW councils FY2015-16 to FY2023-24)/Comparison councils/Gunnedah (13550)/Gunnedah - FY2021-22 - Financial Statements.pdf
13550,Gunnedah,2021-22,total_expenses,46503000.0,6,Total expenses from continuing operations,/Users/ray/Library/CloudStorage/OneDrive-KnoxGrammarSchool/Extracurriculars/AUSSEF/05 Data Archive/Council Financial Statements (NSW councils FY2015-16 to FY2023-24)/Comparison councils/Gunnedah (13550)/Gunnedah - FY2021-22 - Financial Statements.pdf
13550,Gunnedah,2022-23,bushfire_emergency_services_grant,98000.0,20,Emergency services,/Users/ray/Library/CloudStorage/OneDrive-KnoxGrammarSchool/Extracurriculars/AUSSEF/05 Data Archive/Council Financial Statements (NSW councils FY2015-16 to FY2023-24)/Comparison councils/Gunnedah (13550)/Gunnedah - FY2022-23 - Financial Statements.pdf
13550,Gunnedah,2022-23,bushfire_emergency_services_grant,49000.0,20,Emergency services,/Users/ray/Library/CloudStorage/OneDrive-KnoxGrammarSchool/Extracurriculars/AUSSEF/05 Data Archive/Council Financial Statements (NSW councils FY2015-16 to FY2023-24)/Comparison councils/Gunnedah (13550)/Gunnedah - FY2022-23 - Financial Statements.pdf
13550,Gunnedah,2022-23,bushfire_emergency_services_grant,939000.0,20,Rural Fire Service,/Users/ray/Library/CloudStorage/OneDrive-KnoxGrammarSchool/Extracurriculars/AUSSEF/05 Data Archive/Council Financial Statements (NSW councils FY2015-16 to FY2023-24)/Comparison councils/Gunnedah (13550)/Gunnedah - FY2022-23 - Financial Statements.pdf
13550,Gunnedah,2022-23,capex_ippe,28559000.0,10,Payments for IPPE,/Users/ray/Library/CloudStorage/OneDrive-KnoxGrammarSchool/Extracurriculars/AUSSEF/05 Data Archive/Council Financial Statements (NSW councils FY2015-16 to FY2023-24)/Comparison councils/Gunnedah (13550)/Gunnedah - FY2022-23 - Financial Statements.pdf
13550,Gunnedah,2022-23,depreciation,12262000.0,6,"Depreciation, amortisation and impairment of non-financial assets",/Users/ray/Library/CloudStorage/OneDrive-KnoxGrammarSchool/Extracurriculars/AUSSEF/05 Data Archive/Council Financial Statements (NSW councils FY2015-16 to FY2023-24)/Comparison councils/Gunnedah (13550)/Gunnedah - FY2022-23 - Financial Statements.pdf
13550,Gunnedah,2022-23,disaster_expense,,47,Bridge - Orange Grove Rd Bridge - Fire Damage,/Users/ray/Library/CloudStorage/OneDrive-KnoxGrammarSchool/Extracurriculars/AUSSEF/05 Data Archive/Council Financial Statements (NSW councils FY2015-16 to FY2023-24)/Comparison councils/Gunnedah (13550)/Gunnedah - FY2022-23 - Financial Statements.pdf
13550,Gunnedah,2022-23,disaster_expense,8017000.0,47,Roads - Multiple flood damaged,/Users/ray/Library/CloudStorage/OneDrive-KnoxGrammarSchool/Extracurriculars/AUSSEF/05 Data Archive/Council Financial Statements (NSW councils FY2015-16 to FY2023-24)/Comparison councils/Gunnedah (13550)/Gunnedah - FY2022-23 - Financial Statements.pdf
13550,Gunnedah,2022-23,disaster_expense,1024000.0,47,Bridges - Multiple flood damaged,/Users/ray/Library/CloudStorage/OneDrive-KnoxGrammarSchool/Extracurriculars/AUSSEF/05 Data Archive/Council Financial Statements (NSW councils FY2015-16 to FY2023-24)/Comparison councils/Gunnedah (13550)/Gunnedah - FY2022-23 - Financial Statements.pdf
13550,Gunnedah,2022-23,disaster_expense,50000.0,47,Other road assets - Multiple flood damaged,/Users/ray/Library/CloudStorage/OneDrive-KnoxGrammarSchool/Extracurriculars/AUSSEF/05 Data Archive/Council Financial Statements (NSW councils FY2015-16 to FY2023-24)/Comparison councils/Gunnedah (13550)/Gunnedah - FY2022-23 - Financial Statements.pdf
13550,Gunnedah,2022-23,grants_contrib_capital,21263000.0,6,Grants and contributions provided for capital purposes,/Users/ray/Library/CloudStorage/OneDrive-KnoxGrammarSchool/Extracurriculars/AUSSEF/05 Data Archive/Council Financial Statements (NSW councils FY2015-16 to FY2023-24)/Comparison councils/Gunnedah (13550)/Gunnedah - FY2022-23 - Financial Statements.pdf
13550,Gunnedah,2022-23,grants_contrib_operating,22351000.0,6,Grants and contributions provided for operating purposes,/Users/ray/Library/CloudStorage/OneDrive-KnoxGrammarSchool/Extracurriculars/AUSSEF/05 Data Archive/Council Financial Statements (NSW councils FY2015-16 to FY2023-24)/Comparison councils/Gunnedah (13550)/Gunnedah - FY2022-23 - Financial Statements.pdf
13550,Gunnedah,2022-23,other_disaster_line,287000.0,38,Disaster Recovery Fund,/Users/ray/Library/CloudStorage/OneDrive-KnoxGrammarSchool/Extracurriculars/AUSSEF/05 Data Archive/Council Financial Statements (NSW councils FY2015-16 to FY2023-24)/Comparison councils/Gunnedah (13550)/Gunnedah - FY2022-23 - Financial Statements.pdf
13550,Gunnedah,2022-23,other_disaster_line,428000.0,42,Emergency Restoration Works,/Users/ray/Library/CloudStorage/OneDrive-KnoxGrammarSchool/Extracurriculars/AUSSEF/05 Data Archive/Council Financial Statements (NSW councils FY2015-16 to FY2023-24)/Comparison councils/Gunnedah (13550)/Gunnedah - FY2022-23 - Financial Statements.pdf
13550,Gunnedah,2022-23,other_disaster_line,,32,Other Revenues favourable variance partly due to insurance claim related to flood damage.,/Users/ray/Library/CloudStorage/OneDrive-KnoxGrammarSchool/Extracurriculars/AUSSEF/05 Data Archive/Council Financial Statements (NSW councils FY2015-16 to FY2023-24)/Comparison councils/Gunnedah (13550)/Gunnedah - FY2022-23 - Financial Statements.pdf
13550,Gunnedah,2022-23,other_disaster_line,,32,"Materials and services cost has increased compared to budget in line with increased State Roads work, flood resoration work over and above road maintenance budget allocation",/Users/ray/Library/CloudStorage/OneDrive-KnoxGrammarSchool/Extracurriculars/AUSSEF/05 Data Archive/Council Financial Statements (NSW councils FY2015-16 to FY2023-24)/Comparison councils/Gunnedah (13550)/Gunnedah - FY2022-23 - Financial Statements.pdf
13550,Gunnedah,2022-23,other_disaster_line,,122,Infrastructure backlog ratio ... expected to be restored back to pre-flood conditions within next 24 months through Essential Public Asset Restoration (DRFA) funding,/Users/ray/Library/CloudStorage/OneDrive-KnoxGrammarSchool/Extracurriculars/AUSSEF/05 Data Archive/Council Financial Statements (NSW councils FY2015-16 to FY2023-24)/Comparison councils/Gunnedah (13550)/Gunnedah - FY2022-23 - Financial Statements.pdf
13550,Gunnedah,2022-23,total_expenses,55797000.0,6,Total expenses from continuing operations,/Users/ray/Library/CloudStorage/OneDrive-KnoxGrammarSchool/Extracurriculars/AUSSEF/05 Data Archive/Council Financial Statements (NSW councils FY2015-16 to FY2023-24)/Comparison councils/Gunnedah (13550)/Gunnedah - FY2022-23 - Financial Statements.pdf
13550,Gunnedah,2023-24,bushfire_emergency_services_grant,100000.0,20,Emergency services,/Users/ray/Library/CloudStorage/OneDrive-KnoxGrammarSchool/Extracurriculars/AUSSEF/05 Data Archive/Council Financial Statements (NSW councils FY2015-16 to FY2023-24)/Comparison councils/Gunnedah (13550)/Gunnedah - FY2023-24 - Financial Statements.pdf
13550,Gunnedah,2023-24,bushfire_emergency_services_grant,,20,Emergency services,/Users/ray/Library/CloudStorage/OneDrive-KnoxGrammarSchool/Extracurriculars/AUSSEF/05 Data Archive/Council Financial Statements (NSW councils FY2015-16 to FY2023-24)/Comparison councils/Gunnedah (13550)/Gunnedah - FY2023-24 - Financial Statements.pdf
13550,Gunnedah,2023-24,bushfire_emergency_services_grant,983000.0,21,Rural Fire Service,/Users/ray/Library/CloudStorage/OneDrive-KnoxGrammarSchool/Extracurriculars/AUSSEF/05 Data Archive/Council Financial Statements (NSW councils FY2015-16 to FY2023-24)/Comparison councils/Gunnedah (13550)/Gunnedah - FY2023-24 - Financial Statements.pdf
13550,Gunnedah,2023-24,capex_ippe,31582000.0,10,Payments for IPPE,/Users/ray/Library/CloudStorage/OneDrive-KnoxGrammarSchool/Extracurriculars/AUSSEF/05 Data Archive/Council Financial Statements (NSW councils FY2015-16 to FY2023-24)/Comparison councils/Gunnedah (13550)/Gunnedah - FY2023-24 - Financial Statements.pdf
13550,Gunnedah,2023-24,depreciation,13762000.0,6,"Depreciation, amortisation and impairment of non-financial assets",/Users/ray/Library/CloudStorage/OneDrive-KnoxGrammarSchool/Extracurriculars/AUSSEF/05 Data Archive/Council Financial Statements (NSW councils FY2015-16 to FY2023-24)/Comparison councils/Gunnedah (13550)/Gunnedah - FY2023-24 - Financial Statements.pdf
13550,Gunnedah,2023-24,disaster_expense,,48,Roads - Multiple flood damaged,/Users/ray/Library/CloudStorage/OneDrive-KnoxGrammarSchool/Extracurriculars/AUSSEF/05 Data Archive/Council Financial Statements (NSW councils FY2015-16 to FY2023-24)/Comparison councils/Gunnedah (13550)/Gunnedah - FY2023-24 - Financial Statements.pdf
13550,Gunnedah,2023-24,disaster_expense,,48,Bridges - Multiple flood damaged,/Users/ray/Library/CloudStorage/OneDrive-KnoxGrammarSchool/Extracurriculars/AUSSEF/05 Data Archive/Council Financial Statements (NSW councils FY2015-16 to FY2023-24)/Comparison councils/Gunnedah (13550)/Gunnedah - FY2023-24 - Financial Statements.pdf
13550,Gunnedah,2023-24,disaster_expense,,48,Other road assets - Multiple flood damaged,/Users/ray/Library/CloudStorage/OneDrive-KnoxGrammarSchool/Extracurriculars/AUSSEF/05 Data Archive/Council Financial Statements (NSW councils FY2015-16 to FY2023-24)/Comparison councils/Gunnedah (13550)/Gunnedah - FY2023-24 - Financial Statements.pdf
13550,Gunnedah,2023-24,grants_contrib_capital,31417000.0,6,Grants and contributions provided for capital purposes,/Users/ray/Library/CloudStorage/OneDrive-KnoxGrammarSchool/Extracurriculars/AUSSEF/05 Data Archive/Council Financial Statements (NSW councils FY2015-16 to FY2023-24)/Comparison councils/Gunnedah (13550)/Gunnedah - FY2023-24 - Financial Statements.pdf
13550,Gunnedah,2023-24,grants_contrib_operating,21483000.0,6,Grants and contributions provided for operating purposes,/Users/ray/Library/CloudStorage/OneDrive-KnoxGrammarSchool/Extracurriculars/AUSSEF/05 Data Archive/Council Financial Statements (NSW councils FY2015-16 to FY2023-24)/Comparison councils/Gunnedah (13550)/Gunnedah - FY2023-24 - Financial Statements.pdf
13550,Gunnedah,2023-24,other_disaster_line,299000.0,38,Disaster Recovery Fund,/Users/ray/Library/CloudStorage/OneDrive-KnoxGrammarSchool/Extracurriculars/AUSSEF/05 Data Archive/Council Financial Statements (NSW councils FY2015-16 to FY2023-24)/Comparison councils/Gunnedah (13550)/Gunnedah - FY2023-24 - Financial Statements.pdf
13550,Gunnedah,2023-24,other_disaster_line,483000.0,42,Emergency Restoration Works,/Users/ray/Library/CloudStorage/OneDrive-KnoxGrammarSchool/Extracurriculars/AUSSEF/05 Data Archive/Council Financial Statements (NSW councils FY2015-16 to FY2023-24)/Comparison councils/Gunnedah (13550)/Gunnedah - FY2023-24 - Financial Statements.pdf
13550,Gunnedah,2023-24,other_disaster_line,1016000.0,42,EPAR - Roads Funding,/Users/ray/Library/CloudStorage/OneDrive-KnoxGrammarSchool/Extracurriculars/AUSSEF/05 Data Archive/Council Financial Statements (NSW councils FY2015-16 to FY2023-24)/Comparison councils/Gunnedah (13550)/Gunnedah - FY2023-24 - Financial Statements.pdf
13550,Gunnedah,2023-24,other_disaster_line,51000.0,42,Community Recovery Officer,/Users/ray/Library/CloudStorage/OneDrive-KnoxGrammarSchool/Extracurriculars/AUSSEF/05 Data Archive/Council Financial Statements (NSW councils FY2015-16 to FY2023-24)/Comparison councils/Gunnedah (13550)/Gunnedah - FY2023-24 - Financial Statements.pdf
13550,Gunnedah,2023-24,other_disaster_line,,33,Operating grants and contributions favourable budget variance is mainly due to one-off Regional Emergency Road Repair Funding and Essential Public Asset Repair (EPAR) funding for restoration of flood damaged transport infrastructure.,/Users/ray/Library/CloudStorage/OneDrive-KnoxGrammarSchool/Extracurriculars/AUSSEF/05 Data Archive/Council Financial Statements (NSW councils FY2015-16 to FY2023-24)/Comparison councils/Gunnedah (13550)/Gunnedah - FY2023-24 - Financial Statements.pdf
13550,Gunnedah,2023-24,other_disaster_line,3700000.0,88,one-off $3.7m Regional Emergency Road Repair Funding,/Users/ray/Library/CloudStorage/OneDrive-KnoxGrammarSchool/Extracurriculars/AUSSEF/05 Data Archive/Council Financial Statements (NSW councils FY2015-16 to FY2023-24)/Comparison councils/Gunnedah (13550)/Gunnedah - FY2023-24 - Financial Statements.pdf
13550,Gunnedah,2023-24,other_disaster_line,,34,Materials and services cost has increased compared to budget in line with increased State Roads work fully offset by additional income and Essential Public Assets Restoration (EPAR) works,/Users/ray/Library/CloudStorage/OneDrive-KnoxGrammarSchool/Extracurriculars/AUSSEF/05 Data Archive/Council Financial Statements (NSW councils FY2015-16 to FY2023-24)/Comparison councils/Gunnedah (13550)/Gunnedah - FY2023-24 - Financial Statements.pdf
13550,Gunnedah,2023-24,total_expenses,58861000.0,6,Total expenses from continuing operations,/Users/ray/Library/CloudStorage/OneDrive-KnoxGrammarSchool/Extracurriculars/AUSSEF/05 Data Archive/Council Financial Statements (NSW councils FY2015-16 to FY2023-24)/Comparison councils/Gunnedah (13550)/Gunnedah - FY2023-24 - Financial Statements.pdf
13850,Hay,2016-17,bushfire_emergency_services_grant,229000.0,89,Bushfire and emergency services,/Users/ray/Library/CloudStorage/OneDrive-KnoxGrammarSchool/Extracurriculars/AUSSEF/05 Data Archive/Council Financial Statements (NSW councils FY2015-16 to FY2023-24)/Comparison councils/Hay (13850)/Hay - FY2017-18 - Annual Report.pdf
13850,Hay,2016-17,capex_ippe,2971000.0,77,"Purchase of infrastructure, property, plant and equipment",/Users/ray/Library/CloudStorage/OneDrive-KnoxGrammarSchool/Extracurriculars/AUSSEF/05 Data Archive/Council Financial Statements (NSW councils FY2015-16 to FY2023-24)/Comparison councils/Hay (13850)/Hay - FY2017-18 - Annual Report.pdf
13850,Hay,2016-17,depreciation,2920000.0,73,Depreciation and amortisation,/Users/ray/Library/CloudStorage/OneDrive-KnoxGrammarSchool/Extracurriculars/AUSSEF/05 Data Archive/Council Financial Statements (NSW councils FY2015-16 to FY2023-24)/Comparison councils/Hay (13850)/Hay - FY2017-18 - Annual Report.pdf
13850,Hay,2016-17,grants_contrib_capital,460000.0,73,Grants and contributions provided for capital purposes,/Users/ray/Library/CloudStorage/OneDrive-KnoxGrammarSchool/Extracurriculars/AUSSEF/05 Data Archive/Council Financial Statements (NSW councils FY2015-16 to FY2023-24)/Comparison councils/Hay (13850)/Hay - FY2017-18 - Annual Report.pdf
13850,Hay,2016-17,grants_contrib_operating,7736000.0,73,Grants and contributions provided for operating purposes,/Users/ray/Library/CloudStorage/OneDrive-KnoxGrammarSchool/Extracurriculars/AUSSEF/05 Data Archive/Council Financial Statements (NSW councils FY2015-16 to FY2023-24)/Comparison councils/Hay (13850)/Hay - FY2017-18 - Annual Report.pdf
13850,Hay,2016-17,other_disaster_line,-432000.0,112,Rural roads due to flood event,/Users/ray/Library/CloudStorage/OneDrive-KnoxGrammarSchool/Extracurriculars/AUSSEF/05 Data Archive/Council Financial Statements (NSW councils FY2015-16 to FY2023-24)/Comparison councils/Hay (13850)/Hay - FY2017-18 - Annual Report.pdf
13850,Hay,2016-17,total_expenses,11536000.0,73,Total expenses from continuing operations,/Users/ray/Library/CloudStorage/OneDrive-KnoxGrammarSchool/Extracurriculars/AUSSEF/05 Data Archive/Council Financial Statements (NSW councils FY2015-16 to FY2023-24)/Comparison councils/Hay (13850)/Hay - FY2017-18 - Annual Report.pdf
13850,Hay,2017-18,bushfire_emergency_services_grant,118000.0,89,Bushfire and emergency services,/Users/ray/Library/CloudStorage/OneDrive-KnoxGrammarSchool/Extracurriculars/AUSSEF/05 Data Archive/Council Financial Statements (NSW councils FY2015-16 to FY2023-24)/Comparison councils/Hay (13850)/Hay - FY2017-18 - Annual Report.pdf
13850,Hay,2017-18,capex_ippe,3488000.0,77,"Purchase of infrastructure, property, plant and equipment",/Users/ray/Library/CloudStorage/OneDrive-KnoxGrammarSchool/Extracurriculars/AUSSEF/05 Data Archive/Council Financial Statements (NSW councils FY2015-16 to FY2023-24)/Comparison councils/Hay (13850)/Hay - FY2017-18 - Annual Report.pdf
13850,Hay,2017-18,depreciation,2996000.0,73,Depreciation and amortisation,/Users/ray/Library/CloudStorage/OneDrive-KnoxGrammarSchool/Extracurriculars/AUSSEF/05 Data Archive/Council Financial Statements (NSW councils FY2015-16 to FY2023-24)/Comparison councils/Hay (13850)/Hay - FY2017-18 - Annual Report.pdf
13850,Hay,2017-18,grants_contrib_capital,844000.0,73,Grants and contributions provided for capital purposes,/Users/ray/Library/CloudStorage/OneDrive-KnoxGrammarSchool/Extracurriculars/AUSSEF/05 Data Archive/Council Financial Statements (NSW councils FY2015-16 to FY2023-24)/Comparison councils/Hay (13850)/Hay - FY2017-18 - Annual Report.pdf
13850,Hay,2017-18,grants_contrib_operating,5129000.0,73,Grants and contributions provided for operating purposes,/Users/ray/Library/CloudStorage/OneDrive-KnoxGrammarSchool/Extracurriculars/AUSSEF/05 Data Archive/Council Financial Statements (NSW councils FY2015-16 to FY2023-24)/Comparison councils/Hay (13850)/Hay - FY2017-18 - Annual Report.pdf
13850,Hay,2017-18,total_expenses,10578000.0,73,Total expenses from continuing operations,/Users/ray/Library/CloudStorage/OneDrive-KnoxGrammarSchool/Extracurriculars/AUSSEF/05 Data Archive/Council Financial Statements (NSW councils FY2015-16 to FY2023-24)/Comparison councils/Hay (13850)/Hay - FY2017-18 - Annual Report.pdf
13850,Hay,2018-19,bushfire_emergency_services_grant,92000.0,20,Bushfire and emergency services,/Users/ray/Library/CloudStorage/OneDrive-KnoxGrammarSchool/Extracurriculars/AUSSEF/05 Data Archive/Council Financial Statements (NSW councils FY2015-16 to FY2023-24)/Comparison councils/Hay (13850)/Hay - FY2018-19 - Financial Statements.pdf
13850,Hay,2018-19,capex_ippe,8768000.0,10,"Purchase of infrastructure, property, plant and equipment",/Users/ray/Library/CloudStorage/OneDrive-KnoxGrammarSchool/Extracurriculars/AUSSEF/05 Data Archive/Council Financial Statements (NSW councils FY2015-16 to FY2023-24)/Comparison councils/Hay (13850)/Hay - FY2018-19 - Financial Statements.pdf
13850,Hay,2018-19,depreciation,3059000.0,6,Depreciation and amortisation,/Users/ray/Library/CloudStorage/OneDrive-KnoxGrammarSchool/Extracurriculars/AUSSEF/05 Data Archive/Council Financial Statements (NSW councils FY2015-16 to FY2023-24)/Comparison councils/Hay (13850)/Hay - FY2018-19 - Financial Statements.pdf
13850,Hay,2018-19,grants_contrib_capital,5672000.0,6,Grants and contributions provided for capital purposes,/Users/ray/Library/CloudStorage/OneDrive-KnoxGrammarSchool/Extracurriculars/AUSSEF/05 Data Archive/Council Financial Statements (NSW councils FY2015-16 to FY2023-24)/Comparison councils/Hay (13850)/Hay - FY2018-19 - Financial Statements.pdf
13850,Hay,2018-19,grants_contrib_operating,4556000.0,6,Grants and contributions provided for operating purposes,/Users/ray/Library/CloudStorage/OneDrive-KnoxGrammarSchool/Extracurriculars/AUSSEF/05 Data Archive/Council Financial Statements (NSW councils FY2015-16 to FY2023-24)/Comparison councils/Hay (13850)/Hay - FY2018-19 - Financial Statements.pdf
13850,Hay,2018-19,total_expenses,10760000.0,6,Total expenses from continuing operations,/Users/ray/Library/CloudStorage/OneDrive-KnoxGrammarSchool/Extracurriculars/AUSSEF/05 Data Archive/Council Financial Statements (NSW councils FY2015-16 to FY2023-24)/Comparison councils/Hay (13850)/Hay - FY2018-19 - Financial Statements.pdf
13850,Hay,2019-20,bushfire_emergency_services_grant,183000.0,78,Bushfire and emergency services,/Users/ray/Library/CloudStorage/OneDrive-KnoxGrammarSchool/Extracurriculars/AUSSEF/05 Data Archive/Council Financial Statements (NSW councils FY2015-16 to FY2023-24)/Comparison councils/Hay (13850)/Hay - FY2019-20 - Annual Report.pdf
13850,Hay,2019-20,bushfire_emergency_services_grant,425000.0,78,Bushfire and emergency services,/Users/ray/Library/CloudStorage/OneDrive-KnoxGrammarSchool/Extracurriculars/AUSSEF/05 Data Archive/Council Financial Statements (NSW councils FY2015-16 to FY2023-24)/Comparison councils/Hay (13850)/Hay - FY2019-20 - Annual Report.pdf
13850,Hay,2019-20,capex_ippe,5765000.0,68,"Purchase of infrastructure, property, plant and equipment",/Users/ray/Library/CloudStorage/OneDrive-KnoxGrammarSchool/Extracurriculars/AUSSEF/05 Data Archive/Council Financial Statements (NSW councils FY2015-16 to FY2023-24)/Comparison councils/Hay (13850)/Hay - FY2019-20 - Annual Report.pdf
13850,Hay,2019-20,depreciation,4102000.0,64,Depreciation and amortisation,/Users/ray/Library/CloudStorage/OneDrive-KnoxGrammarSchool/Extracurriculars/AUSSEF/05 Data Archive/Council Financial Statements (NSW councils FY2015-16 to FY2023-24)/Comparison councils/Hay (13850)/Hay - FY2019-20 - Annual Report.pdf
13850,Hay,2019-20,grants_contrib_capital,2517000.0,64,Grants and contributions provided for capital purposes,/Users/ray/Library/CloudStorage/OneDrive-KnoxGrammarSchool/Extracurriculars/AUSSEF/05 Data Archive/Council Financial Statements (NSW councils FY2015-16 to FY2023-24)/Comparison councils/Hay (13850)/Hay - FY2019-20 - Annual Report.pdf
13850,Hay,2019-20,grants_contrib_operating,5693000.0,64,Grants and contributions provided for operating purposes,/Users/ray/Library/CloudStorage/OneDrive-KnoxGrammarSchool/Extracurriculars/AUSSEF/05 Data Archive/Council Financial Statements (NSW councils FY2015-16 to FY2023-24)/Comparison councils/Hay (13850)/Hay - FY2019-20 - Annual Report.pdf
13850,Hay,2019-20,other_disaster_line,,119,"Increase due to an increase in grant funding for Financial Assistance Grants, recreation and culture and bushfire.",/Users/ray/Library/CloudStorage/OneDrive-KnoxGrammarSchool/Extracurriculars/AUSSEF/05 Data Archive/Council Financial Statements (NSW councils FY2015-16 to FY2023-24)/Comparison councils/Hay (13850)/Hay - FY2019-20 - Annual Report.pdf
13850,Hay,2019-20,total_expenses,12319000.0,64,Total expenses from continuing operations,/Users/ray/Library/CloudStorage/OneDrive-KnoxGrammarSchool/Extracurriculars/AUSSEF/05 Data Archive/Council Financial Statements (NSW councils FY2015-16 to FY2023-24)/Comparison councils/Hay (13850)/Hay - FY2019-20 - Annual Report.pdf
13850,Hay,2020-21,bushfire_emergency_services_grant,509000.0,20,Bushfire and emergency services,/Users/ray/Library/CloudStorage/OneDrive-KnoxGrammarSchool/Extracurriculars/AUSSEF/05 Data Archive/Council Financial Statements (NSW councils FY2015-16 to FY2023-24)/Comparison councils/Hay (13850)/Hay - FY2020-21 - Financial Statements.pdf
13850,Hay,2020-21,bushfire_emergency_services_grant,29000.0,20,Bushfire and emergency services,/Users/ray/Library/CloudStorage/OneDrive-KnoxGrammarSchool/Extracurriculars/AUSSEF/05 Data Archive/Council Financial Statements (NSW councils FY2015-16 to FY2023-24)/Comparison councils/Hay (13850)/Hay - FY2020-21 - Financial Statements.pdf
13850,Hay,2020-21,capex_ippe,10875000.0,10,"Purchase of infrastructure, property, plant and equipment",/Users/ray/Library/CloudStorage/OneDrive-KnoxGrammarSchool/Extracurriculars/AUSSEF/05 Data Archive/Council Financial Statements (NSW councils FY2015-16 to FY2023-24)/Comparison councils/Hay (13850)/Hay - FY2020-21 - Financial Statements.pdf
13850,Hay,2020-21,depreciation,3628000.0,6,"Depreciation, amortisation and impairment for non-financial assets",/Users/ray/Library/CloudStorage/OneDrive-KnoxGrammarSchool/Extracurriculars/AUSSEF/05 Data Archive/Council Financial Statements (NSW councils FY2015-16 to FY2023-24)/Comparison councils/Hay (13850)/Hay - FY2020-21 - Financial Statements.pdf
13850,Hay,2020-21,grants_contrib_capital,8574000.0,6,Grants and contributions provided for capital purposes,/Users/ray/Library/CloudStorage/OneDrive-KnoxGrammarSchool/Extracurriculars/AUSSEF/05 Data Archive/Council Financial Statements (NSW councils FY2015-16 to FY2023-24)/Comparison councils/Hay (13850)/Hay - FY2020-21 - Financial Statements.pdf
13850,Hay,2020-21,grants_contrib_operating,7008000.0,6,Grants and contributions provided for operating purposes,/Users/ray/Library/CloudStorage/OneDrive-KnoxGrammarSchool/Extracurriculars/AUSSEF/05 Data Archive/Council Financial Statements (NSW councils FY2015-16 to FY2023-24)/Comparison councils/Hay (13850)/Hay - FY2020-21 - Financial Statements.pdf
13850,Hay,2020-21,total_expenses,12824000.0,6,Total expenses from continuing operations,/Users/ray/Library/CloudStorage/OneDrive-KnoxGrammarSchool/Extracurriculars/AUSSEF/05 Data Archive/Council Financial Statements (NSW councils FY2015-16 to FY2023-24)/Comparison councils/Hay (13850)/Hay - FY2020-21 - Financial Statements.pdf
13850,Hay,2021-22,bushfire_emergency_services_grant,258000.0,21,Bushfire and emergency services,/Users/ray/Library/CloudStorage/OneDrive-KnoxGrammarSchool/Extracurriculars/AUSSEF/05 Data Archive/Council Financial Statements (NSW councils FY2015-16 to FY2023-24)/Comparison councils/Hay (13850)/Hay - FY2021-22 - Financial Statements.pdf
13850,Hay,2021-22,bushfire_emergency_services_grant,224000.0,21,Bushfire and emergency services,/Users/ray/Library/CloudStorage/OneDrive-KnoxGrammarSchool/Extracurriculars/AUSSEF/05 Data Archive/Council Financial Statements (NSW councils FY2015-16 to FY2023-24)/Comparison councils/Hay (13850)/Hay - FY2021-22 - Financial Statements.pdf
13850,Hay,2021-22,capex_ippe,9021000.0,10,Payments for IPPE,/Users/ray/Library/CloudStorage/OneDrive-KnoxGrammarSchool/Extracurriculars/AUSSEF/05 Data Archive/Council Financial Statements (NSW councils FY2015-16 to FY2023-24)/Comparison councils/Hay (13850)/Hay - FY2021-22 - Financial Statements.pdf
13850,Hay,2021-22,depreciation,3621000.0,6,"Depreciation, amortisation and impairment of non-financial assets",/Users/ray/Library/CloudStorage/OneDrive-KnoxGrammarSchool/Extracurriculars/AUSSEF/05 Data Archive/Council Financial Statements (NSW councils FY2015-16 to FY2023-24)/Comparison councils/Hay (13850)/Hay - FY2021-22 - Financial Statements.pdf
13850,Hay,2021-22,grants_contrib_capital,6067000.0,6,Grants and contributions provided for capital purposes,/Users/ray/Library/CloudStorage/OneDrive-KnoxGrammarSchool/Extracurriculars/AUSSEF/05 Data Archive/Council Financial Statements (NSW councils FY2015-16 to FY2023-24)/Comparison councils/Hay (13850)/Hay - FY2021-22 - Financial Statements.pdf
13850,Hay,2021-22,grants_contrib_operating,8500000.0,6,Grants and contributions provided for operating purposes,/Users/ray/Library/CloudStorage/OneDrive-KnoxGrammarSchool/Extracurriculars/AUSSEF/05 Data Archive/Council Financial Statements (NSW councils FY2015-16 to FY2023-24)/Comparison councils/Hay (13850)/Hay - FY2021-22 - Financial Statements.pdf
13850,Hay,2021-22,other_disaster_line,50000.0,21,Floodplain management,/Users/ray/Library/CloudStorage/OneDrive-KnoxGrammarSchool/Extracurriculars/AUSSEF/05 Data Archive/Council Financial Statements (NSW councils FY2015-16 to FY2023-24)/Comparison councils/Hay (13850)/Hay - FY2021-22 - Financial Statements.pdf
13850,Hay,2021-22,other_disaster_line,214000.0,71,Bushfire grants,/Users/ray/Library/CloudStorage/OneDrive-KnoxGrammarSchool/Extracurriculars/AUSSEF/05 Data Archive/Council Financial Statements (NSW councils FY2015-16 to FY2023-24)/Comparison councils/Hay (13850)/Hay - FY2021-22 - Financial Statements.pdf
13850,Hay,2021-22,total_expenses,13270000.0,6,Total expenses from continuing operations,/Users/ray/Library/CloudStorage/OneDrive-KnoxGrammarSchool/Extracurriculars/AUSSEF/05 Data Archive/Council Financial Statements (NSW councils FY2015-16 to FY2023-24)/Comparison councils/Hay (13850)/Hay - FY2021-22 - Financial Statements.pdf
13850,Hay,2022-23,bushfire_emergency_services_grant,244000.0,21,Bushfire and emergency services,/Users/ray/Library/CloudStorage/OneDrive-KnoxGrammarSchool/Extracurriculars/AUSSEF/05 Data Archive/Council Financial Statements (NSW councils FY2015-16 to FY2023-24)/Comparison councils/Hay (13850)/Hay - FY2022-23 - Financial Statements.pdf
13850,Hay,2022-23,capex_ippe,5433000.0,10,Payments for IPPE,/Users/ray/Library/CloudStorage/OneDrive-KnoxGrammarSchool/Extracurriculars/AUSSEF/05 Data Archive/Council Financial Statements (NSW councils FY2015-16 to FY2023-24)/Comparison councils/Hay (13850)/Hay - FY2022-23 - Financial Statements.pdf
13850,Hay,2022-23,depreciation,4026000.0,6,"Depreciation, amortisation and impairment of non-financial assets",/Users/ray/Library/CloudStorage/OneDrive-KnoxGrammarSchool/Extracurriculars/AUSSEF/05 Data Archive/Council Financial Statements (NSW councils FY2015-16 to FY2023-24)/Comparison councils/Hay (13850)/Hay - FY2022-23 - Financial Statements.pdf
13850,Hay,2022-23,grants_contrib_capital,4235000.0,6,Grants and contributions provided for capital purposes,/Users/ray/Library/CloudStorage/OneDrive-KnoxGrammarSchool/Extracurriculars/AUSSEF/05 Data Archive/Council Financial Statements (NSW councils FY2015-16 to FY2023-24)/Comparison councils/Hay (13850)/Hay - FY2022-23 - Financial Statements.pdf
13850,Hay,2022-23,grants_contrib_operating,8824000.0,6,Grants and contributions provided for operating purposes,/Users/ray/Library/CloudStorage/OneDrive-KnoxGrammarSchool/Extracurriculars/AUSSEF/05 Data Archive/Council Financial Statements (NSW councils FY2015-16 to FY2023-24)/Comparison councils/Hay (13850)/Hay - FY2022-23 - Financial Statements.pdf
13850,Hay,2022-23,other_disaster_line,354000.0,21,Floodplain management,/Users/ray/Library/CloudStorage/OneDrive-KnoxGrammarSchool/Extracurriculars/AUSSEF/05 Data Archive/Council Financial Statements (NSW councils FY2015-16 to FY2023-24)/Comparison councils/Hay (13850)/Hay - FY2022-23 - Financial Statements.pdf
13850,Hay,2022-23,total_expenses,14916000.0,6,Total expenses from continuing operations,/Users/ray/Library/CloudStorage/OneDrive-KnoxGrammarSchool/Extracurriculars/AUSSEF/05 Data Archive/Council Financial Statements (NSW councils FY2015-16 to FY2023-24)/Comparison councils/Hay (13850)/Hay - FY2022-23 - Financial Statements.pdf
13850,Hay,2023-24,bushfire_emergency_services_grant,171000.0,19,Bushfire and emergency services,/Users/ray/Library/CloudStorage/OneDrive-KnoxGrammarSchool/Extracurriculars/AUSSEF/05 Data Archive/Council Financial Statements (NSW councils FY2015-16 to FY2023-24)/Comparison councils/Hay (13850)/Hay - FY2023-24 - Financial Statements.pdf
13850,Hay,2023-24,capex_ippe,8620000.0,9,Payments for IPPE,/Users/ray/Library/CloudStorage/OneDrive-KnoxGrammarSchool/Extracurriculars/AUSSEF/05 Data Archive/Council Financial Statements (NSW councils FY2015-16 to FY2023-24)/Comparison councils/Hay (13850)/Hay - FY2023-24 - Financial Statements.pdf
13850,Hay,2023-24,depreciation,4529000.0,5,"Depreciation, amortisation and impairment of non-financial assets",/Users/ray/Library/CloudStorage/OneDrive-KnoxGrammarSchool/Extracurriculars/AUSSEF/05 Data Archive/Council Financial Statements (NSW councils FY2015-16 to FY2023-24)/Comparison councils/Hay (13850)/Hay - FY2023-24 - Financial Statements.pdf
13850,Hay,2023-24,grants_contrib_capital,6229000.0,5,Grants and contributions provided for capital purposes,/Users/ray/Library/CloudStorage/OneDrive-KnoxGrammarSchool/Extracurriculars/AUSSEF/05 Data Archive/Council Financial Statements (NSW councils FY2015-16 to FY2023-24)/Comparison councils/Hay (13850)/Hay - FY2023-24 - Financial Statements.pdf
13850,Hay,2023-24,grants_contrib_operating,12192000.0,5,Grants and contributions provided for operating purposes,/Users/ray/Library/CloudStorage/OneDrive-KnoxGrammarSchool/Extracurriculars/AUSSEF/05 Data Archive/Council Financial Statements (NSW councils FY2015-16 to FY2023-24)/Comparison councils/Hay (13850)/Hay - FY2023-24 - Financial Statements.pdf
13850,Hay,2023-24,other_disaster_line,124000.0,19,Floodplain management,/Users/ray/Library/CloudStorage/OneDrive-KnoxGrammarSchool/Extracurriculars/AUSSEF/05 Data Archive/Council Financial Statements (NSW councils FY2015-16 to FY2023-24)/Comparison councils/Hay (13850)/Hay - FY2023-24 - Financial Statements.pdf
13850,Hay,2023-24,other_disaster_line,,28,Increase was due to larger than expected allocation of grant funds including the prepayment of a number of grants with the most significant being the Regional Emergency Road Repair fund,/Users/ray/Library/CloudStorage/OneDrive-KnoxGrammarSchool/Extracurriculars/AUSSEF/05 Data Archive/Council Financial Statements (NSW councils FY2015-16 to FY2023-24)/Comparison councils/Hay (13850)/Hay - FY2023-24 - Financial Statements.pdf
13850,Hay,2023-24,other_disaster_line,,28,Variance was largely a result of expenditure on grant funded transport operational projects including flood work restoration.,/Users/ray/Library/CloudStorage/OneDrive-KnoxGrammarSchool/Extracurriculars/AUSSEF/05 Data Archive/Council Financial Statements (NSW councils FY2015-16 to FY2023-24)/Comparison councils/Hay (13850)/Hay - FY2023-24 - Financial Statements.pdf
13850,Hay,2023-24,total_expenses,17474000.0,5,Total expenses from continuing operations,/Users/ray/Library/CloudStorage/OneDrive-KnoxGrammarSchool/Extracurriculars/AUSSEF/05 Data Archive/Council Financial Statements (NSW councils FY2015-16 to FY2023-24)/Comparison councils/Hay (13850)/Hay - FY2023-24 - Financial Statements.pdf
13910,Hilltops,2016-17,bushfire_emergency_services_grant,604000.0,27,Bushfire and emergency services,/Users/ray/Library/CloudStorage/OneDrive-KnoxGrammarSchool/Extracurriculars/AUSSEF/05 Data Archive/Council Financial Statements (NSW councils FY2015-16 to FY2023-24)/Comparison councils/Hilltops (13910)/Hilltops - FY2016-17 - Financial Statements.pdf
13910,Hilltops,2016-17,bushfire_emergency_services_grant,31000.0,27,Bushfire and emergency services,/Users/ray/Library/CloudStorage/OneDrive-KnoxGrammarSchool/Extracurriculars/AUSSEF/05 Data Archive/Council Financial Statements (NSW councils FY2015-16 to FY2023-24)/Comparison councils/Hilltops (13910)/Hilltops - FY2016-17 - Financial Statements.pdf
13910,Hilltops,2016-17,bushfire_emergency_services_grant,12000.0,27,Fire and emergency services,/Users/ray/Library/CloudStorage/OneDrive-KnoxGrammarSchool/Extracurriculars/AUSSEF/05 Data Archive/Council Financial Statements (NSW councils FY2015-16 to FY2023-24)/Comparison councils/Hilltops (13910)/Hilltops - FY2016-17 - Financial Statements.pdf
13910,Hilltops,2016-17,capex_ippe,22511000.0,9,"Purchase of infrastructure, property, plant and equipment",/Users/ray/Library/CloudStorage/OneDrive-KnoxGrammarSchool/Extracurriculars/AUSSEF/05 Data Archive/Council Financial Statements (NSW councils FY2015-16 to FY2023-24)/Comparison councils/Hilltops (13910)/Hilltops - FY2016-17 - Financial Statements.pdf
13910,Hilltops,2016-17,depreciation,15959000.0,5,Depreciation and amortisation,/Users/ray/Library/CloudStorage/OneDrive-KnoxGrammarSchool/Extracurriculars/AUSSEF/05 Data Archive/Council Financial Statements (NSW councils FY2015-16 to FY2023-24)/Comparison councils/Hilltops (13910)/Hilltops - FY2016-17 - Financial Statements.pdf
13910,Hilltops,2016-17,disaster_grant_operating,2808000.0,27,Flood restoration,/Users/ray/Library/CloudStorage/OneDrive-KnoxGrammarSchool/Extracurriculars/AUSSEF/05 Data Archive/Council Financial Statements (NSW councils FY2015-16 to FY2023-24)/Comparison councils/Hilltops (13910)/Hilltops - FY2016-17 - Financial Statements.pdf
13910,Hilltops,2016-17,grants_contrib_capital,18742000.0,5,Grants and contributions provided for capital purposes,/Users/ray/Library/CloudStorage/OneDrive-KnoxGrammarSchool/Extracurriculars/AUSSEF/05 Data Archive/Council Financial Statements (NSW councils FY2015-16 to FY2023-24)/Comparison councils/Hilltops (13910)/Hilltops - FY2016-17 - Financial Statements.pdf
13910,Hilltops,2016-17,grants_contrib_operating,28309000.0,5,Grants and contributions provided for operating purposes,/Users/ray/Library/CloudStorage/OneDrive-KnoxGrammarSchool/Extracurriculars/AUSSEF/05 Data Archive/Council Financial Statements (NSW councils FY2015-16 to FY2023-24)/Comparison councils/Hilltops (13910)/Hilltops - FY2016-17 - Financial Statements.pdf
13910,Hilltops,2016-17,other_disaster_line,29000.0,27,Flood study,/Users/ray/Library/CloudStorage/OneDrive-KnoxGrammarSchool/Extracurriculars/AUSSEF/05 Data Archive/Council Financial Statements (NSW councils FY2015-16 to FY2023-24)/Comparison councils/Hilltops (13910)/Hilltops - FY2016-17 - Financial Statements.pdf
13910,Hilltops,2016-17,other_disaster_line,57000.0,28,Bushfire services,/Users/ray/Library/CloudStorage/OneDrive-KnoxGrammarSchool/Extracurriculars/AUSSEF/05 Data Archive/Council Financial Statements (NSW councils FY2015-16 to FY2023-24)/Comparison councils/Hilltops (13910)/Hilltops - FY2016-17 - Financial Statements.pdf
13910,Hilltops,2016-17,total_expenses,83616000.0,5,Total expenses from continuing operations,/Users/ray/Library/CloudStorage/OneDrive-KnoxGrammarSchool/Extracurriculars/AUSSEF/05 Data Archive/Council Financial Statements (NSW councils FY2015-16 to FY2023-24)/Comparison councils/Hilltops (13910)/Hilltops - FY2016-17 - Financial Statements.pdf
13910,Hilltops,2017-18,bushfire_emergency_services_grant,185000.0,19,Bushfire and emergency services,/Users/ray/Library/CloudStorage/OneDrive-KnoxGrammarSchool/Extracurriculars/AUSSEF/05 Data Archive/Council Financial Statements (NSW councils FY2015-16 to FY2023-24)/Comparison councils/Hilltops (13910)/Hilltops - FY2017-18 - Financial Statements.pdf
13910,Hilltops,2017-18,bushfire_emergency_services_grant,221000.0,19,Bushfire and emergency services,/Users/ray/Library/CloudStorage/OneDrive-KnoxGrammarSchool/Extracurriculars/AUSSEF/05 Data Archive/Council Financial Statements (NSW councils FY2015-16 to FY2023-24)/Comparison councils/Hilltops (13910)/Hilltops - FY2017-18 - Financial Statements.pdf
13910,Hilltops,2017-18,capex_ippe,20025000.0,8,"Purchase of infrastructure, property, plant and equipment",/Users/ray/Library/CloudStorage/OneDrive-KnoxGrammarSchool/Extracurriculars/AUSSEF/05 Data Archive/Council Financial Statements (NSW councils FY2015-16 to FY2023-24)/Comparison councils/Hilltops (13910)/Hilltops - FY2017-18 - Financial Statements.pdf
13910,Hilltops,2017-18,depreciation,15848000.0,4,Depreciation and amortisation,/Users/ray/Library/CloudStorage/OneDrive-KnoxGrammarSchool/Extracurriculars/AUSSEF/05 Data Archive/Council Financial Statements (NSW councils FY2015-16 to FY2023-24)/Comparison councils/Hilltops (13910)/Hilltops - FY2017-18 - Financial Statements.pdf
13910,Hilltops,2017-18,disaster_grant_operating,1441000.0,19,Flood restoration,/Users/ray/Library/CloudStorage/OneDrive-KnoxGrammarSchool/Extracurriculars/AUSSEF/05 Data Archive/Council Financial Statements (NSW councils FY2015-16 to FY2023-24)/Comparison councils/Hilltops (13910)/Hilltops - FY2017-18 - Financial Statements.pdf
13910,Hilltops,2017-18,grants_contrib_capital,4347000.0,4,Grants and contributions provided for capital purposes,/Users/ray/Library/CloudStorage/OneDrive-KnoxGrammarSchool/Extracurriculars/AUSSEF/05 Data Archive/Council Financial Statements (NSW councils FY2015-16 to FY2023-24)/Comparison councils/Hilltops (13910)/Hilltops - FY2017-18 - Financial Statements.pdf
13910,Hilltops,2017-18,grants_contrib_operating,17482000.0,4,Grants and contributions provided for operating purposes,/Users/ray/Library/CloudStorage/OneDrive-KnoxGrammarSchool/Extracurriculars/AUSSEF/05 Data Archive/Council Financial Statements (NSW councils FY2015-16 to FY2023-24)/Comparison councils/Hilltops (13910)/Hilltops - FY2017-18 - Financial Statements.pdf
13910,Hilltops,2017-18,other_disaster_line,2000.0,20,Bushfire services,/Users/ray/Library/CloudStorage/OneDrive-KnoxGrammarSchool/Extracurriculars/AUSSEF/05 Data Archive/Council Financial Statements (NSW councils FY2015-16 to FY2023-24)/Comparison councils/Hilltops (13910)/Hilltops - FY2017-18 - Financial Statements.pdf
13910,Hilltops,2017-18,total_expenses,58040000.0,4,Total expenses from continuing operations,/Users/ray/Library/CloudStorage/OneDrive-KnoxGrammarSchool/Extracurriculars/AUSSEF/05 Data Archive/Council Financial Statements (NSW councils FY2015-16 to FY2023-24)/Comparison councils/Hilltops (13910)/Hilltops - FY2017-18 - Financial Statements.pdf
13910,Hilltops,2018-19,bushfire_emergency_services_grant,268000.0,21,Bushfire and emergency services,/Users/ray/Library/CloudStorage/OneDrive-KnoxGrammarSchool/Extracurriculars/AUSSEF/05 Data Archive/Council Financial Statements (NSW councils FY2015-16 to FY2023-24)/Comparison councils/Hilltops (13910)/Hilltops - FY2018-19 - Financial Statements.pdf
13910,Hilltops,2018-19,bushfire_emergency_services_grant,7000.0,21,Bushfire and emergency services,/Users/ray/Library/CloudStorage/OneDrive-KnoxGrammarSchool/Extracurriculars/AUSSEF/05 Data Archive/Council Financial Statements (NSW councils FY2015-16 to FY2023-24)/Comparison councils/Hilltops (13910)/Hilltops - FY2018-19 - Financial Statements.pdf
13910,Hilltops,2018-19,capex_ippe,25531000.0,9,"Purchase of infrastructure, property, plant and equipment",/Users/ray/Library/CloudStorage/OneDrive-KnoxGrammarSchool/Extracurriculars/AUSSEF/05 Data Archive/Council Financial Statements (NSW councils FY2015-16 to FY2023-24)/Comparison councils/Hilltops (13910)/Hilltops - FY2018-19 - Financial Statements.pdf
13910,Hilltops,2018-19,depreciation,16991000.0,5,Depreciation and amortisation,/Users/ray/Library/CloudStorage/OneDrive-KnoxGrammarSchool/Extracurriculars/AUSSEF/05 Data Archive/Council Financial Statements (NSW councils FY2015-16 to FY2023-24)/Comparison councils/Hilltops (13910)/Hilltops - FY2018-19 - Financial Statements.pdf
13910,Hilltops,2018-19,disaster_grant_operating,311000.0,21,Flood restoration,/Users/ray/Library/CloudStorage/OneDrive-KnoxGrammarSchool/Extracurriculars/AUSSEF/05 Data Archive/Council Financial Statements (NSW councils FY2015-16 to FY2023-24)/Comparison councils/Hilltops (13910)/Hilltops - FY2018-19 - Financial Statements.pdf
13910,Hilltops,2018-19,grants_contrib_capital,10825000.0,5,Grants and contributions provided for capital purposes,/Users/ray/Library/CloudStorage/OneDrive-KnoxGrammarSchool/Extracurriculars/AUSSEF/05 Data Archive/Council Financial Statements (NSW councils FY2015-16 to FY2023-24)/Comparison councils/Hilltops (13910)/Hilltops - FY2018-19 - Financial Statements.pdf
13910,Hilltops,2018-19,grants_contrib_operating,20645000.0,5,Grants and contributions provided for operating purposes,/Users/ray/Library/CloudStorage/OneDrive-KnoxGrammarSchool/Extracurriculars/AUSSEF/05 Data Archive/Council Financial Statements (NSW councils FY2015-16 to FY2023-24)/Comparison councils/Hilltops (13910)/Hilltops - FY2018-19 - Financial Statements.pdf
13910,Hilltops,2018-19,other_disaster_line,1000.0,22,Bushfire services,/Users/ray/Library/CloudStorage/OneDrive-KnoxGrammarSchool/Extracurriculars/AUSSEF/05 Data Archive/Council Financial Statements (NSW councils FY2015-16 to FY2023-24)/Comparison councils/Hilltops (13910)/Hilltops - FY2018-19 - Financial Statements.pdf
13910,Hilltops,2018-19,total_expenses,67114000.0,5,Total expenses from continuing operations,/Users/ray/Library/CloudStorage/OneDrive-KnoxGrammarSchool/Extracurriculars/AUSSEF/05 Data Archive/Council Financial Statements (NSW councils FY2015-16 to FY2023-24)/Comparison councils/Hilltops (13910)/Hilltops - FY2018-19 - Financial Statements.pdf
13910,Hilltops,2019-20,bushfire_emergency_services_grant,279000.0,20,Bushfire and emergency services,/Users/ray/Library/CloudStorage/OneDrive-KnoxGrammarSchool/Extracurriculars/AUSSEF/05 Data Archive/Council Financial Statements (NSW councils FY2015-16 to FY2023-24)/Comparison councils/Hilltops (13910)/Hilltops - FY2019-20 - Financial Statements.pdf
13910,Hilltops,2019-20,bushfire_emergency_services_grant,286000.0,20,Bushfire and emergency services,/Users/ray/Library/CloudStorage/OneDrive-KnoxGrammarSchool/Extracurriculars/AUSSEF/05 Data Archive/Council Financial Statements (NSW councils FY2015-16 to FY2023-24)/Comparison councils/Hilltops (13910)/Hilltops - FY2019-20 - Financial Statements.pdf
13910,Hilltops,2019-20,capex_ippe,31416000.0,9,"Purchase of infrastructure, property, plant and equipment",/Users/ray/Library/CloudStorage/OneDrive-KnoxGrammarSchool/Extracurriculars/AUSSEF/05 Data Archive/Council Financial Statements (NSW councils FY2015-16 to FY2023-24)/Comparison councils/Hilltops (13910)/Hilltops - FY2019-20 - Financial Statements.pdf
13910,Hilltops,2019-20,depreciation,17920000.0,5,Depreciation and amortisation,/Users/ray/Library/CloudStorage/OneDrive-KnoxGrammarSchool/Extracurriculars/AUSSEF/05 Data Archive/Council Financial Statements (NSW councils FY2015-16 to FY2023-24)/Comparison councils/Hilltops (13910)/Hilltops - FY2019-20 - Financial Statements.pdf
13910,Hilltops,2019-20,grants_contrib_capital,17651000.0,5,Grants and contributions provided for capital purposes,/Users/ray/Library/CloudStorage/OneDrive-KnoxGrammarSchool/Extracurriculars/AUSSEF/05 Data Archive/Council Financial Statements (NSW councils FY2015-16 to FY2023-24)/Comparison councils/Hilltops (13910)/Hilltops - FY2019-20 - Financial Statements.pdf
13910,Hilltops,2019-20,grants_contrib_operating,16014000.0,5,Grants and contributions provided for operating purposes,/Users/ray/Library/CloudStorage/OneDrive-KnoxGrammarSchool/Extracurriculars/AUSSEF/05 Data Archive/Council Financial Statements (NSW councils FY2015-16 to FY2023-24)/Comparison councils/Hilltops (13910)/Hilltops - FY2019-20 - Financial Statements.pdf
13910,Hilltops,2019-20,total_expenses,60537000.0,5,Total expenses from continuing operations,/Users/ray/Library/CloudStorage/OneDrive-KnoxGrammarSchool/Extracurriculars/AUSSEF/05 Data Archive/Council Financial Statements (NSW councils FY2015-16 to FY2023-24)/Comparison councils/Hilltops (13910)/Hilltops - FY2019-20 - Financial Statements.pdf
13910,Hilltops,2020-21,bushfire_emergency_services_grant,614000.0,19,Bushfire and emergency services,/Users/ray/Library/CloudStorage/OneDrive-KnoxGrammarSchool/Extracurriculars/AUSSEF/05 Data Archive/Council Financial Statements (NSW councils FY2015-16 to FY2023-24)/Comparison councils/Hilltops (13910)/Hilltops - FY2020-21 - Financial Statements.pdf
13910,Hilltops,2020-21,bushfire_emergency_services_grant,251000.0,19,Bushfire and emergency services,/Users/ray/Library/CloudStorage/OneDrive-KnoxGrammarSchool/Extracurriculars/AUSSEF/05 Data Archive/Council Financial Statements (NSW councils FY2015-16 to FY2023-24)/Comparison councils/Hilltops (13910)/Hilltops - FY2020-21 - Financial Statements.pdf
13910,Hilltops,2020-21,capex_ippe,28544000.0,9,"Purchase of infrastructure, property, plant and equipment",/Users/ray/Library/CloudStorage/OneDrive-KnoxGrammarSchool/Extracurriculars/AUSSEF/05 Data Archive/Council Financial Statements (NSW councils FY2015-16 to FY2023-24)/Comparison councils/Hilltops (13910)/Hilltops - FY2020-21 - Financial Statements.pdf
13910,Hilltops,2020-21,depreciation,16908000.0,5,"Depreciation, amortisation and impairment for non-financial assets",/Users/ray/Library/CloudStorage/OneDrive-KnoxGrammarSchool/Extracurriculars/AUSSEF/05 Data Archive/Council Financial Statements (NSW councils FY2015-16 to FY2023-24)/Comparison councils/Hilltops (13910)/Hilltops - FY2020-21 - Financial Statements.pdf
13910,Hilltops,2020-21,disaster_grant_operating,495000.0,19,Storm/flood damage,/Users/ray/Library/CloudStorage/OneDrive-KnoxGrammarSchool/Extracurriculars/AUSSEF/05 Data Archive/Council Financial Statements (NSW councils FY2015-16 to FY2023-24)/Comparison councils/Hilltops (13910)/Hilltops - FY2020-21 - Financial Statements.pdf
13910,Hilltops,2020-21,grants_contrib_capital,17976000.0,5,Grants and contributions provided for capital purposes,/Users/ray/Library/CloudStorage/OneDrive-KnoxGrammarSchool/Extracurriculars/AUSSEF/05 Data Archive/Council Financial Statements (NSW councils FY2015-16 to FY2023-24)/Comparison councils/Hilltops (13910)/Hilltops - FY2020-21 - Financial Statements.pdf
13910,Hilltops,2020-21,grants_contrib_operating,17255000.0,5,Grants and contributions provided for operating purposes,/Users/ray/Library/CloudStorage/OneDrive-KnoxGrammarSchool/Extracurriculars/AUSSEF/05 Data Archive/Council Financial Statements (NSW councils FY2015-16 to FY2023-24)/Comparison councils/Hilltops (13910)/Hilltops - FY2020-21 - Financial Statements.pdf
13910,Hilltops,2020-21,total_expenses,57290000.0,5,Total expenses from continuing operations,/Users/ray/Library/CloudStorage/OneDrive-KnoxGrammarSchool/Extracurriculars/AUSSEF/05 Data Archive/Council Financial Statements (NSW councils FY2015-16 to FY2023-24)/Comparison councils/Hilltops (13910)/Hilltops - FY2020-21 - Financial Statements.pdf
13910,Hilltops,2021-22,bushfire_emergency_services_grant,602000.0,21,Bushfire and emergency services,/Users/ray/Library/CloudStorage/OneDrive-KnoxGrammarSchool/Extracurriculars/AUSSEF/05 Data Archive/Council Financial Statements (NSW councils FY2015-16 to FY2023-24)/Comparison councils/Hilltops (13910)/Hilltops - FY2021-22 - Financial Statements.pdf
13910,Hilltops,2021-22,bushfire_emergency_services_grant,265000.0,21,Bushfire and emergency services,/Users/ray/Library/CloudStorage/OneDrive-KnoxGrammarSchool/Extracurriculars/AUSSEF/05 Data Archive/Council Financial Statements (NSW councils FY2015-16 to FY2023-24)/Comparison councils/Hilltops (13910)/Hilltops - FY2021-22 - Financial Statements.pdf
13910,Hilltops,2021-22,capex_ippe,29678000.0,9,Payments for IPPE,/Users/ray/Library/CloudStorage/OneDrive-KnoxGrammarSchool/Extracurriculars/AUSSEF/05 Data Archive/Council Financial Statements (NSW councils FY2015-16 to FY2023-24)/Comparison councils/Hilltops (13910)/Hilltops - FY2021-22 - Financial Statements.pdf
13910,Hilltops,2021-22,depreciation,18129000.0,5,"Depreciation, amortisation and impairment of non-financial assets",/Users/ray/Library/CloudStorage/OneDrive-KnoxGrammarSchool/Extracurriculars/AUSSEF/05 Data Archive/Council Financial Statements (NSW councils FY2015-16 to FY2023-24)/Comparison councils/Hilltops (13910)/Hilltops - FY2021-22 - Financial Statements.pdf
13910,Hilltops,2021-22,disaster_grant_capital,497000.0,21,Storm/flood damage,/Users/ray/Library/CloudStorage/OneDrive-KnoxGrammarSchool/Extracurriculars/AUSSEF/05 Data Archive/Council Financial Statements (NSW councils FY2015-16 to FY2023-24)/Comparison councils/Hilltops (13910)/Hilltops - FY2021-22 - Financial Statements.pdf
13910,Hilltops,2021-22,disaster_grant_operating,2152000.0,21,Storm/flood damage,/Users/ray/Library/CloudStorage/OneDrive-KnoxGrammarSchool/Extracurriculars/AUSSEF/05 Data Archive/Council Financial Statements (NSW councils FY2015-16 to FY2023-24)/Comparison councils/Hilltops (13910)/Hilltops - FY2021-22 - Financial Statements.pdf
13910,Hilltops,2021-22,grants_contrib_capital,38612000.0,5,Grants and contributions provided for capital purposes,/Users/ray/Library/CloudStorage/OneDrive-KnoxGrammarSchool/Extracurriculars/AUSSEF/05 Data Archive/Council Financial Statements (NSW councils FY2015-16 to FY2023-24)/Comparison councils/Hilltops (13910)/Hilltops - FY2021-22 - Financial Statements.pdf
13910,Hilltops,2021-22,grants_contrib_operating,21750000.0,5,Grants and contributions provided for operating purposes,/Users/ray/Library/CloudStorage/OneDrive-KnoxGrammarSchool/Extracurriculars/AUSSEF/05 Data Archive/Council Financial Statements (NSW councils FY2015-16 to FY2023-24)/Comparison councils/Hilltops (13910)/Hilltops - FY2021-22 - Financial Statements.pdf
13910,Hilltops,2021-22,other_disaster_line,,33,increased storm damage grants of $1.6K,/Users/ray/Library/CloudStorage/OneDrive-KnoxGrammarSchool/Extracurriculars/AUSSEF/05 Data Archive/Council Financial Statements (NSW councils FY2015-16 to FY2023-24)/Comparison councils/Hilltops (13910)/Hilltops - FY2021-22 - Financial Statements.pdf
13910,Hilltops,2021-22,total_expenses,58811000.0,5,Total expenses from continuing operations,/Users/ray/Library/CloudStorage/OneDrive-KnoxGrammarSchool/Extracurriculars/AUSSEF/05 Data Archive/Council Financial Statements (NSW councils FY2015-16 to FY2023-24)/Comparison councils/Hilltops (13910)/Hilltops - FY2021-22 - Financial Statements.pdf
13910,Hilltops,2022-23,bushfire_emergency_services_grant,359000.0,19,Bushfire and emergency services,/Users/ray/Library/CloudStorage/OneDrive-KnoxGrammarSchool/Extracurriculars/AUSSEF/05 Data Archive/Council Financial Statements (NSW councils FY2015-16 to FY2023-24)/Comparison councils/Hilltops (13910)/Hilltops - FY2022-23 - Financial Statements.pdf
13910,Hilltops,2022-23,bushfire_emergency_services_grant,419000.0,19,Bushfire and emergency services,/Users/ray/Library/CloudStorage/OneDrive-KnoxGrammarSchool/Extracurriculars/AUSSEF/05 Data Archive/Council Financial Statements (NSW councils FY2015-16 to FY2023-24)/Comparison councils/Hilltops (13910)/Hilltops - FY2022-23 - Financial Statements.pdf
13910,Hilltops,2022-23,capex_ippe,23293000.0,9,Payments for IPPE,/Users/ray/Library/CloudStorage/OneDrive-KnoxGrammarSchool/Extracurriculars/AUSSEF/05 Data Archive/Council Financial Statements (NSW councils FY2015-16 to FY2023-24)/Comparison councils/Hilltops (13910)/Hilltops - FY2022-23 - Financial Statements.pdf
13910,Hilltops,2022-23,depreciation,20602000.0,5,"Depreciation, amortisation and impairment of non-financial assets",/Users/ray/Library/CloudStorage/OneDrive-KnoxGrammarSchool/Extracurriculars/AUSSEF/05 Data Archive/Council Financial Statements (NSW councils FY2015-16 to FY2023-24)/Comparison councils/Hilltops (13910)/Hilltops - FY2022-23 - Financial Statements.pdf
13910,Hilltops,2022-23,disaster_expense,3400000.0,32,$3.4M was spent on flood restorations,/Users/ray/Library/CloudStorage/OneDrive-KnoxGrammarSchool/Extracurriculars/AUSSEF/05 Data Archive/Council Financial Statements (NSW councils FY2015-16 to FY2023-24)/Comparison councils/Hilltops (13910)/Hilltops - FY2022-23 - Financial Statements.pdf
13910,Hilltops,2022-23,disaster_grant_capital,264000.0,19,– Other,/Users/ray/Library/CloudStorage/OneDrive-KnoxGrammarSchool/Extracurriculars/AUSSEF/05 Data Archive/Council Financial Statements (NSW councils FY2015-16 to FY2023-24)/Comparison councils/Hilltops (13910)/Hilltops - FY2022-23 - Financial Statements.pdf
13910,Hilltops,2022-23,disaster_grant_operating,4340000.0,19,Storm/flood damage,/Users/ray/Library/CloudStorage/OneDrive-KnoxGrammarSchool/Extracurriculars/AUSSEF/05 Data Archive/Council Financial Statements (NSW councils FY2015-16 to FY2023-24)/Comparison councils/Hilltops (13910)/Hilltops - FY2022-23 - Financial Statements.pdf
13910,Hilltops,2022-23,grants_contrib_capital,12097000.0,5,Grants and contributions provided for capital purposes,/Users/ray/Library/CloudStorage/OneDrive-KnoxGrammarSchool/Extracurriculars/AUSSEF/05 Data Archive/Council Financial Statements (NSW councils FY2015-16 to FY2023-24)/Comparison councils/Hilltops (13910)/Hilltops - FY2022-23 - Financial Statements.pdf
13910,Hilltops,2022-23,grants_contrib_operating,23021000.0,5,Grants and contributions provided for operating purposes,/Users/ray/Library/CloudStorage/OneDrive-KnoxGrammarSchool/Extracurriculars/AUSSEF/05 Data Archive/Council Financial Statements (NSW councils FY2015-16 to FY2023-24)/Comparison councils/Hilltops (13910)/Hilltops - FY2022-23 - Financial Statements.pdf
13910,Hilltops,2022-23,other_disaster_line,3400000.0,31,storm event funding totaling $3.4M,/Users/ray/Library/CloudStorage/OneDrive-KnoxGrammarSchool/Extracurriculars/AUSSEF/05 Data Archive/Council Financial Statements (NSW councils FY2015-16 to FY2023-24)/Comparison councils/Hilltops (13910)/Hilltops - FY2022-23 - Financial Statements.pdf
13910,Hilltops,2022-23,total_expenses,71072000.0,5,Total expenses from continuing operations,/Users/ray/Library/CloudStorage/OneDrive-KnoxGrammarSchool/Extracurriculars/AUSSEF/05 Data Archive/Council Financial Statements (NSW councils FY2015-16 to FY2023-24)/Comparison councils/Hilltops (13910)/Hilltops - FY2022-23 - Financial Statements.pdf
13910,Hilltops,2023-24,bushfire_emergency_services_grant,341000.0,20,Bushfire and emergency services,/Users/ray/Library/CloudStorage/OneDrive-KnoxGrammarSchool/Extracurriculars/AUSSEF/05 Data Archive/Council Financial Statements (NSW councils FY2015-16 to FY2023-24)/Comparison councils/Hilltops (13910)/Hilltops - FY2023-24 - Financial Statements.pdf
13910,Hilltops,2023-24,bushfire_emergency_services_grant,238000.0,20,Bushfire and emergency services,/Users/ray/Library/CloudStorage/OneDrive-KnoxGrammarSchool/Extracurriculars/AUSSEF/05 Data Archive/Council Financial Statements (NSW councils FY2015-16 to FY2023-24)/Comparison councils/Hilltops (13910)/Hilltops - FY2023-24 - Financial Statements.pdf
13910,Hilltops,2023-24,capex_ippe,31200000.0,9,Payments for IPPE,/Users/ray/Library/CloudStorage/OneDrive-KnoxGrammarSchool/Extracurriculars/AUSSEF/05 Data Archive/Council Financial Statements (NSW councils FY2015-16 to FY2023-24)/Comparison councils/Hilltops (13910)/Hilltops - FY2023-24 - Financial Statements.pdf
13910,Hilltops,2023-24,depreciation,22434000.0,5,"Depreciation, amortisation and impairment of non-financial assets",/Users/ray/Library/CloudStorage/OneDrive-KnoxGrammarSchool/Extracurriculars/AUSSEF/05 Data Archive/Council Financial Statements (NSW councils FY2015-16 to FY2023-24)/Comparison councils/Hilltops (13910)/Hilltops - FY2023-24 - Financial Statements.pdf
13910,Hilltops,2023-24,disaster_expense,1500000.0,33,additional materials and services costs of  $1.5M were incurred to complete flood restorations,/Users/ray/Library/CloudStorage/OneDrive-KnoxGrammarSchool/Extracurriculars/AUSSEF/05 Data Archive/Council Financial Statements (NSW councils FY2015-16 to FY2023-24)/Comparison councils/Hilltops (13910)/Hilltops - FY2023-24 - Financial Statements.pdf
13910,Hilltops,2023-24,disaster_grant_capital,1878000.0,20,Storm/flood damage,/Users/ray/Library/CloudStorage/OneDrive-KnoxGrammarSchool/Extracurriculars/AUSSEF/05 Data Archive/Council Financial Statements (NSW councils FY2015-16 to FY2023-24)/Comparison councils/Hilltops (13910)/Hilltops - FY2023-24 - Financial Statements.pdf
13910,Hilltops,2023-24,disaster_grant_capital,1285000.0,20,Storm damaged roads,/Users/ray/Library/CloudStorage/OneDrive-KnoxGrammarSchool/Extracurriculars/AUSSEF/05 Data Archive/Council Financial Statements (NSW councils FY2015-16 to FY2023-24)/Comparison councils/Hilltops (13910)/Hilltops - FY2023-24 - Financial Statements.pdf
13910,Hilltops,2023-24,disaster_grant_operating,422000.0,20,Storm/flood damage,/Users/ray/Library/CloudStorage/OneDrive-KnoxGrammarSchool/Extracurriculars/AUSSEF/05 Data Archive/Council Financial Statements (NSW councils FY2015-16 to FY2023-24)/Comparison councils/Hilltops (13910)/Hilltops - FY2023-24 - Financial Statements.pdf
13910,Hilltops,2023-24,grants_contrib_capital,21526000.0,5,Grants and contributions provided for capital purposes,/Users/ray/Library/CloudStorage/OneDrive-KnoxGrammarSchool/Extracurriculars/AUSSEF/05 Data Archive/Council Financial Statements (NSW councils FY2015-16 to FY2023-24)/Comparison councils/Hilltops (13910)/Hilltops - FY2023-24 - Financial Statements.pdf
13910,Hilltops,2023-24,grants_contrib_operating,17661000.0,5,Grants and contributions provided for operating purposes,/Users/ray/Library/CloudStorage/OneDrive-KnoxGrammarSchool/Extracurriculars/AUSSEF/05 Data Archive/Council Financial Statements (NSW councils FY2015-16 to FY2023-24)/Comparison councils/Hilltops (13910)/Hilltops - FY2023-24 - Financial Statements.pdf
13910,Hilltops,2023-24,other_disaster_line,3700000.0,32,"Councils original budget included flood restoration works of $1.9M. During the year, Council completed works totalling $3.7M",/Users/ray/Library/CloudStorage/OneDrive-KnoxGrammarSchool/Extracurriculars/AUSSEF/05 Data Archive/Council Financial Statements (NSW councils FY2015-16 to FY2023-24)/Comparison councils/Hilltops (13910)/Hilltops - FY2023-24 - Financial Statements.pdf
13910,Hilltops,2023-24,other_disaster_line,,97,"This was mainly spent on roads, repairing assets damaged by natural disasters and plant and equipment.",/Users/ray/Library/CloudStorage/OneDrive-KnoxGrammarSchool/Extracurriculars/AUSSEF/05 Data Archive/Council Financial Statements (NSW councils FY2015-16 to FY2023-24)/Comparison councils/Hilltops (13910)/Hilltops - FY2023-24 - Financial Statements.pdf
13910,Hilltops,2023-24,total_expenses,73404000.0,5,Total expenses from continuing operations,/Users/ray/Library/CloudStorage/OneDrive-KnoxGrammarSchool/Extracurriculars/AUSSEF/05 Data Archive/Council Financial Statements (NSW councils FY2015-16 to FY2023-24)/Comparison councils/Hilltops (13910)/Hilltops - FY2023-24 - Financial Statements.pdf
14300,Junee,2015-16,bushfire_emergency_services_grant,48000.0,33,Bushfire and emergency services,/Users/ray/Library/CloudStorage/OneDrive-KnoxGrammarSchool/Extracurriculars/AUSSEF/05 Data Archive/Council Financial Statements (NSW councils FY2015-16 to FY2023-24)/Comparison councils/Junee (14300)/Junee - FY2015-16 - Financial Statements.pdf
14300,Junee,2015-16,capex_ippe,4786000.0,9,"Purchase of infrastructure, property, plant and equipment",/Users/ray/Library/CloudStorage/OneDrive-KnoxGrammarSchool/Extracurriculars/AUSSEF/05 Data Archive/Council Financial Statements (NSW councils FY2015-16 to FY2023-24)/Comparison councils/Junee (14300)/Junee - FY2015-16 - Financial Statements.pdf
14300,Junee,2015-16,depreciation,2329000.0,5,Depreciation and amortisation,/Users/ray/Library/CloudStorage/OneDrive-KnoxGrammarSchool/Extracurriculars/AUSSEF/05 Data Archive/Council Financial Statements (NSW councils FY2015-16 to FY2023-24)/Comparison councils/Junee (14300)/Junee - FY2015-16 - Financial Statements.pdf
14300,Junee,2015-16,disaster_grant_operating,,33,Flood restoration,/Users/ray/Library/CloudStorage/OneDrive-KnoxGrammarSchool/Extracurriculars/AUSSEF/05 Data Archive/Council Financial Statements (NSW councils FY2015-16 to FY2023-24)/Comparison councils/Junee (14300)/Junee - FY2015-16 - Financial Statements.pdf
14300,Junee,2015-16,grants_contrib_capital,1198000.0,5,Grants and contributions provided for capital purposes,/Users/ray/Library/CloudStorage/OneDrive-KnoxGrammarSchool/Extracurriculars/AUSSEF/05 Data Archive/Council Financial Statements (NSW councils FY2015-16 to FY2023-24)/Comparison councils/Junee (14300)/Junee - FY2015-16 - Financial Statements.pdf
14300,Junee,2015-16,grants_contrib_operating,5654000.0,5,Grants and contributions provided for operating purposes,/Users/ray/Library/CloudStorage/OneDrive-KnoxGrammarSchool/Extracurriculars/AUSSEF/05 Data Archive/Council Financial Statements (NSW councils FY2015-16 to FY2023-24)/Comparison councils/Junee (14300)/Junee - FY2015-16 - Financial Statements.pdf
14300,Junee,2015-16,other_disaster_line,100000.0,37,– Bushfire Fighting Fund,/Users/ray/Library/CloudStorage/OneDrive-KnoxGrammarSchool/Extracurriculars/AUSSEF/05 Data Archive/Council Financial Statements (NSW councils FY2015-16 to FY2023-24)/Comparison councils/Junee (14300)/Junee - FY2015-16 - Financial Statements.pdf
14300,Junee,2015-16,total_expenses,13088000.0,5,Total expenses from continuing operations,/Users/ray/Library/CloudStorage/OneDrive-KnoxGrammarSchool/Extracurriculars/AUSSEF/05 Data Archive/Council Financial Statements (NSW councils FY2015-16 to FY2023-24)/Comparison councils/Junee (14300)/Junee - FY2015-16 - Financial Statements.pdf
14300,Junee,2016-17,bushfire_emergency_services_grant,24000.0,27,Bushfire and emergency services,/Users/ray/Library/CloudStorage/OneDrive-KnoxGrammarSchool/Extracurriculars/AUSSEF/05 Data Archive/Council Financial Statements (NSW councils FY2015-16 to FY2023-24)/Comparison councils/Junee (14300)/Junee - FY2016-17 - Financial Statements.pdf
14300,Junee,2016-17,capex_ippe,4520000.0,9,"Purchase of infrastructure, property, plant and equipment",/Users/ray/Library/CloudStorage/OneDrive-KnoxGrammarSchool/Extracurriculars/AUSSEF/05 Data Archive/Council Financial Statements (NSW councils FY2015-16 to FY2023-24)/Comparison councils/Junee (14300)/Junee - FY2016-17 - Financial Statements.pdf
14300,Junee,2016-17,depreciation,2194000.0,5,Depreciation and amortisation,/Users/ray/Library/CloudStorage/OneDrive-KnoxGrammarSchool/Extracurriculars/AUSSEF/05 Data Archive/Council Financial Statements (NSW councils FY2015-16 to FY2023-24)/Comparison councils/Junee (14300)/Junee - FY2016-17 - Financial Statements.pdf
14300,Junee,2016-17,disaster_expense,,52,Increased material costs due to flood event repairs,/Users/ray/Library/CloudStorage/OneDrive-KnoxGrammarSchool/Extracurriculars/AUSSEF/05 Data Archive/Council Financial Statements (NSW councils FY2015-16 to FY2023-24)/Comparison councils/Junee (14300)/Junee - FY2016-17 - Financial Statements.pdf
14300,Junee,2016-17,grants_contrib_capital,722000.0,5,Grants and contributions provided for capital purposes,/Users/ray/Library/CloudStorage/OneDrive-KnoxGrammarSchool/Extracurriculars/AUSSEF/05 Data Archive/Council Financial Statements (NSW councils FY2015-16 to FY2023-24)/Comparison councils/Junee (14300)/Junee - FY2016-17 - Financial Statements.pdf
14300,Junee,2016-17,grants_contrib_operating,6915000.0,5,Grants and contributions provided for operating purposes,/Users/ray/Library/CloudStorage/OneDrive-KnoxGrammarSchool/Extracurriculars/AUSSEF/05 Data Archive/Council Financial Statements (NSW councils FY2015-16 to FY2023-24)/Comparison councils/Junee (14300)/Junee - FY2016-17 - Financial Statements.pdf
14300,Junee,2016-17,other_disaster_line,166000.0,31,– Bushfire fighting fund,/Users/ray/Library/CloudStorage/OneDrive-KnoxGrammarSchool/Extracurriculars/AUSSEF/05 Data Archive/Council Financial Statements (NSW councils FY2015-16 to FY2023-24)/Comparison councils/Junee (14300)/Junee - FY2016-17 - Financial Statements.pdf
14300,Junee,2016-17,other_disaster_line,,51,Flood restoration grant not budgeted,/Users/ray/Library/CloudStorage/OneDrive-KnoxGrammarSchool/Extracurriculars/AUSSEF/05 Data Archive/Council Financial Statements (NSW councils FY2015-16 to FY2023-24)/Comparison councils/Junee (14300)/Junee - FY2016-17 - Financial Statements.pdf
14300,Junee,2016-17,total_expenses,14246000.0,5,Total expenses from continuing operations,/Users/ray/Library/CloudStorage/OneDrive-KnoxGrammarSchool/Extracurriculars/AUSSEF/05 Data Archive/Council Financial Statements (NSW councils FY2015-16 to FY2023-24)/Comparison councils/Junee (14300)/Junee - FY2016-17 - Financial Statements.pdf
14300,Junee,2017-18,bushfire_emergency_services_grant,,19,Bushfire and emergency services,/Users/ray/Library/CloudStorage/OneDrive-KnoxGrammarSchool/Extracurriculars/AUSSEF/05 Data Archive/Council Financial Statements (NSW councils FY2015-16 to FY2023-24)/Comparison councils/Junee (14300)/Junee - FY2017-18 - Financial Statements.pdf
14300,Junee,2017-18,bushfire_emergency_services_grant,9000.0,20,Bushfire services,/Users/ray/Library/CloudStorage/OneDrive-KnoxGrammarSchool/Extracurriculars/AUSSEF/05 Data Archive/Council Financial Statements (NSW councils FY2015-16 to FY2023-24)/Comparison councils/Junee (14300)/Junee - FY2017-18 - Financial Statements.pdf
14300,Junee,2017-18,capex_ippe,3380000.0,9,"Purchase of infrastructure, property, plant and equipment",/Users/ray/Library/CloudStorage/OneDrive-KnoxGrammarSchool/Extracurriculars/AUSSEF/05 Data Archive/Council Financial Statements (NSW councils FY2015-16 to FY2023-24)/Comparison councils/Junee (14300)/Junee - FY2017-18 - Financial Statements.pdf
14300,Junee,2017-18,depreciation,2463000.0,5,Depreciation and amortisation,/Users/ray/Library/CloudStorage/OneDrive-KnoxGrammarSchool/Extracurriculars/AUSSEF/05 Data Archive/Council Financial Statements (NSW councils FY2015-16 to FY2023-24)/Comparison councils/Junee (14300)/Junee - FY2017-18 - Financial Statements.pdf
14300,Junee,2017-18,disaster_expense,,67,road maintenance on repairs following 2016 floods,/Users/ray/Library/CloudStorage/OneDrive-KnoxGrammarSchool/Extracurriculars/AUSSEF/05 Data Archive/Council Financial Statements (NSW councils FY2015-16 to FY2023-24)/Comparison councils/Junee (14300)/Junee - FY2017-18 - Financial Statements.pdf
14300,Junee,2017-18,grants_contrib_capital,720000.0,5,Grants and contributions provided for capital purposes,/Users/ray/Library/CloudStorage/OneDrive-KnoxGrammarSchool/Extracurriculars/AUSSEF/05 Data Archive/Council Financial Statements (NSW councils FY2015-16 to FY2023-24)/Comparison councils/Junee (14300)/Junee - FY2017-18 - Financial Statements.pdf
14300,Junee,2017-18,grants_contrib_operating,6072000.0,5,Grants and contributions provided for operating purposes,/Users/ray/Library/CloudStorage/OneDrive-KnoxGrammarSchool/Extracurriculars/AUSSEF/05 Data Archive/Council Financial Statements (NSW councils FY2015-16 to FY2023-24)/Comparison councils/Junee (14300)/Junee - FY2017-18 - Financial Statements.pdf
14300,Junee,2017-18,other_disaster_line,579000.0,20,Flood Restoration Contribution,/Users/ray/Library/CloudStorage/OneDrive-KnoxGrammarSchool/Extracurriculars/AUSSEF/05 Data Archive/Council Financial Statements (NSW councils FY2015-16 to FY2023-24)/Comparison councils/Junee (14300)/Junee - FY2017-18 - Financial Statements.pdf
14300,Junee,2017-18,other_disaster_line,190000.0,24,– Bushfire fighting fund,/Users/ray/Library/CloudStorage/OneDrive-KnoxGrammarSchool/Extracurriculars/AUSSEF/05 Data Archive/Council Financial Statements (NSW councils FY2015-16 to FY2023-24)/Comparison councils/Junee (14300)/Junee - FY2017-18 - Financial Statements.pdf
14300,Junee,2017-18,total_expenses,15813000.0,5,Total expenses from continuing operations,/Users/ray/Library/CloudStorage/OneDrive-KnoxGrammarSchool/Extracurriculars/AUSSEF/05 Data Archive/Council Financial Statements (NSW councils FY2015-16 to FY2023-24)/Comparison councils/Junee (14300)/Junee - FY2017-18 - Financial Statements.pdf
14300,Junee,2018-19,bushfire_emergency_services_grant,16000.0,23,Bushfire services,/Users/ray/Library/CloudStorage/OneDrive-KnoxGrammarSchool/Extracurriculars/AUSSEF/05 Data Archive/Council Financial Statements (NSW councils FY2015-16 to FY2023-24)/Comparison councils/Junee (14300)/Junee - FY2018-19 - Financial Statements.pdf
14300,Junee,2018-19,capex_ippe,6558000.0,10,"Purchase of infrastructure, property, plant and equipment",/Users/ray/Library/CloudStorage/OneDrive-KnoxGrammarSchool/Extracurriculars/AUSSEF/05 Data Archive/Council Financial Statements (NSW councils FY2015-16 to FY2023-24)/Comparison councils/Junee (14300)/Junee - FY2018-19 - Financial Statements.pdf
14300,Junee,2018-19,depreciation,2894000.0,6,Depreciation and amortisation,/Users/ray/Library/CloudStorage/OneDrive-KnoxGrammarSchool/Extracurriculars/AUSSEF/05 Data Archive/Council Financial Statements (NSW councils FY2015-16 to FY2023-24)/Comparison councils/Junee (14300)/Junee - FY2018-19 - Financial Statements.pdf
14300,Junee,2018-19,grants_contrib_capital,2754000.0,6,Grants and contributions provided for capital purposes,/Users/ray/Library/CloudStorage/OneDrive-KnoxGrammarSchool/Extracurriculars/AUSSEF/05 Data Archive/Council Financial Statements (NSW councils FY2015-16 to FY2023-24)/Comparison councils/Junee (14300)/Junee - FY2018-19 - Financial Statements.pdf
14300,Junee,2018-19,grants_contrib_operating,5933000.0,6,Grants and contributions provided for operating purposes,/Users/ray/Library/CloudStorage/OneDrive-KnoxGrammarSchool/Extracurriculars/AUSSEF/05 Data Archive/Council Financial Statements (NSW councils FY2015-16 to FY2023-24)/Comparison councils/Junee (14300)/Junee - FY2018-19 - Financial Statements.pdf
14300,Junee,2018-19,other_disaster_line,580000.0,23,Flood Restoration Contribution,/Users/ray/Library/CloudStorage/OneDrive-KnoxGrammarSchool/Extracurriculars/AUSSEF/05 Data Archive/Council Financial Statements (NSW councils FY2015-16 to FY2023-24)/Comparison councils/Junee (14300)/Junee - FY2018-19 - Financial Statements.pdf
14300,Junee,2018-19,other_disaster_line,180000.0,27,– Bushfire fighting fund,/Users/ray/Library/CloudStorage/OneDrive-KnoxGrammarSchool/Extracurriculars/AUSSEF/05 Data Archive/Council Financial Statements (NSW councils FY2015-16 to FY2023-24)/Comparison councils/Junee (14300)/Junee - FY2018-19 - Financial Statements.pdf
14300,Junee,2018-19,other_disaster_line,,57,natural disaster funding,/Users/ray/Library/CloudStorage/OneDrive-KnoxGrammarSchool/Extracurriculars/AUSSEF/05 Data Archive/Council Financial Statements (NSW councils FY2015-16 to FY2023-24)/Comparison councils/Junee (14300)/Junee - FY2018-19 - Financial Statements.pdf
14300,Junee,2018-19,total_expenses,16125000.0,6,Total expenses from continuing operations,/Users/ray/Library/CloudStorage/OneDrive-KnoxGrammarSchool/Extracurriculars/AUSSEF/05 Data Archive/Council Financial Statements (NSW councils FY2015-16 to FY2023-24)/Comparison councils/Junee (14300)/Junee - FY2018-19 - Financial Statements.pdf
14300,Junee,2019-20,bushfire_emergency_services_grant,48000.0,20,Bushfire services,/Users/ray/Library/CloudStorage/OneDrive-KnoxGrammarSchool/Extracurriculars/AUSSEF/05 Data Archive/Council Financial Statements (NSW councils FY2015-16 to FY2023-24)/Comparison councils/Junee (14300)/Junee - FY2019-20 - Financial Statements.pdf
14300,Junee,2019-20,capex_ippe,9669000.0,9,"Purchase of infrastructure, property, plant and equipment",/Users/ray/Library/CloudStorage/OneDrive-KnoxGrammarSchool/Extracurriculars/AUSSEF/05 Data Archive/Council Financial Statements (NSW councils FY2015-16 to FY2023-24)/Comparison councils/Junee (14300)/Junee - FY2019-20 - Financial Statements.pdf
14300,Junee,2019-20,depreciation,3316000.0,5,Depreciation and amortisation,/Users/ray/Library/CloudStorage/OneDrive-KnoxGrammarSchool/Extracurriculars/AUSSEF/05 Data Archive/Council Financial Statements (NSW councils FY2015-16 to FY2023-24)/Comparison councils/Junee (14300)/Junee - FY2019-20 - Financial Statements.pdf
14300,Junee,2019-20,grants_contrib_capital,3608000.0,5,Grants and contributions provided for capital purposes,/Users/ray/Library/CloudStorage/OneDrive-KnoxGrammarSchool/Extracurriculars/AUSSEF/05 Data Archive/Council Financial Statements (NSW councils FY2015-16 to FY2023-24)/Comparison councils/Junee (14300)/Junee - FY2019-20 - Financial Statements.pdf
14300,Junee,2019-20,grants_contrib_operating,6375000.0,5,Grants and contributions provided for operating purposes,/Users/ray/Library/CloudStorage/OneDrive-KnoxGrammarSchool/Extracurriculars/AUSSEF/05 Data Archive/Council Financial Statements (NSW councils FY2015-16 to FY2023-24)/Comparison councils/Junee (14300)/Junee - FY2019-20 - Financial Statements.pdf
14300,Junee,2019-20,other_disaster_line,167000.0,20,Flood Restoration contribution,/Users/ray/Library/CloudStorage/OneDrive-KnoxGrammarSchool/Extracurriculars/AUSSEF/05 Data Archive/Council Financial Statements (NSW councils FY2015-16 to FY2023-24)/Comparison councils/Junee (14300)/Junee - FY2019-20 - Financial Statements.pdf
14300,Junee,2019-20,other_disaster_line,217000.0,25,– Bushfire fighting fund,/Users/ray/Library/CloudStorage/OneDrive-KnoxGrammarSchool/Extracurriculars/AUSSEF/05 Data Archive/Council Financial Statements (NSW councils FY2015-16 to FY2023-24)/Comparison councils/Junee (14300)/Junee - FY2019-20 - Financial Statements.pdf
14300,Junee,2019-20,total_expenses,15945000.0,5,Total expenses from continuing operations,/Users/ray/Library/CloudStorage/OneDrive-KnoxGrammarSchool/Extracurriculars/AUSSEF/05 Data Archive/Council Financial Statements (NSW councils FY2015-16 to FY2023-24)/Comparison councils/Junee (14300)/Junee - FY2019-20 - Financial Statements.pdf
14300,Junee,2020-21,bushfire_emergency_services_grant,181000.0,19,Bushfire services,/Users/ray/Library/CloudStorage/OneDrive-KnoxGrammarSchool/Extracurriculars/AUSSEF/05 Data Archive/Council Financial Statements (NSW councils FY2015-16 to FY2023-24)/Comparison councils/Junee (14300)/Junee - FY2020-21 - Financial Statements.pdf
14300,Junee,2020-21,capex_ippe,8625000.0,9,"Purchase of infrastructure, property, plant and equipment",/Users/ray/Library/CloudStorage/OneDrive-KnoxGrammarSchool/Extracurriculars/AUSSEF/05 Data Archive/Council Financial Statements (NSW councils FY2015-16 to FY2023-24)/Comparison councils/Junee (14300)/Junee - FY2020-21 - Financial Statements.pdf
14300,Junee,2020-21,depreciation,3377000.0,5,"Depreciation, amortisation and impairment for non-financial assets",/Users/ray/Library/CloudStorage/OneDrive-KnoxGrammarSchool/Extracurriculars/AUSSEF/05 Data Archive/Council Financial Statements (NSW councils FY2015-16 to FY2023-24)/Comparison councils/Junee (14300)/Junee - FY2020-21 - Financial Statements.pdf
14300,Junee,2020-21,grants_contrib_capital,5230000.0,5,Grants and contributions provided for capital purposes,/Users/ray/Library/CloudStorage/OneDrive-KnoxGrammarSchool/Extracurriculars/AUSSEF/05 Data Archive/Council Financial Statements (NSW councils FY2015-16 to FY2023-24)/Comparison councils/Junee (14300)/Junee - FY2020-21 - Financial Statements.pdf
14300,Junee,2020-21,grants_contrib_operating,5630000.0,5,Grants and contributions provided for operating purposes,/Users/ray/Library/CloudStorage/OneDrive-KnoxGrammarSchool/Extracurriculars/AUSSEF/05 Data Archive/Council Financial Statements (NSW councils FY2015-16 to FY2023-24)/Comparison councils/Junee (14300)/Junee - FY2020-21 - Financial Statements.pdf
14300,Junee,2020-21,other_disaster_line,,19,Flood Restoration contribution,/Users/ray/Library/CloudStorage/OneDrive-KnoxGrammarSchool/Extracurriculars/AUSSEF/05 Data Archive/Council Financial Statements (NSW councils FY2015-16 to FY2023-24)/Comparison councils/Junee (14300)/Junee - FY2020-21 - Financial Statements.pdf
14300,Junee,2020-21,other_disaster_line,302000.0,25,– Bushfire fighting fund,/Users/ray/Library/CloudStorage/OneDrive-KnoxGrammarSchool/Extracurriculars/AUSSEF/05 Data Archive/Council Financial Statements (NSW councils FY2015-16 to FY2023-24)/Comparison councils/Junee (14300)/Junee - FY2020-21 - Financial Statements.pdf
14300,Junee,2020-21,total_expenses,16775000.0,5,Total expenses from continuing operations,/Users/ray/Library/CloudStorage/OneDrive-KnoxGrammarSchool/Extracurriculars/AUSSEF/05 Data Archive/Council Financial Statements (NSW councils FY2015-16 to FY2023-24)/Comparison councils/Junee (14300)/Junee - FY2020-21 - Financial Statements.pdf
14300,Junee,2021-22,bushfire_emergency_services_grant,81000.0,21,NSW Rural Fire Services,/Users/ray/Library/CloudStorage/OneDrive-KnoxGrammarSchool/Extracurriculars/AUSSEF/05 Data Archive/Council Financial Statements (NSW councils FY2015-16 to FY2023-24)/Comparison councils/Junee (14300)/Junee - FY2021-22 - Financial Statements.pdf
14300,Junee,2021-22,bushfire_emergency_services_grant,139000.0,21,NSW Rural Fire Services,/Users/ray/Library/CloudStorage/OneDrive-KnoxGrammarSchool/Extracurriculars/AUSSEF/05 Data Archive/Council Financial Statements (NSW councils FY2015-16 to FY2023-24)/Comparison councils/Junee (14300)/Junee - FY2021-22 - Financial Statements.pdf
14300,Junee,2021-22,capex_ippe,5589000.0,10,Payments for IPPE,/Users/ray/Library/CloudStorage/OneDrive-KnoxGrammarSchool/Extracurriculars/AUSSEF/05 Data Archive/Council Financial Statements (NSW councils FY2015-16 to FY2023-24)/Comparison councils/Junee (14300)/Junee - FY2021-22 - Financial Statements.pdf
14300,Junee,2021-22,depreciation,3689000.0,6,"Depreciation, amortisation and impairment of non-financial assets",/Users/ray/Library/CloudStorage/OneDrive-KnoxGrammarSchool/Extracurriculars/AUSSEF/05 Data Archive/Council Financial Statements (NSW councils FY2015-16 to FY2023-24)/Comparison councils/Junee (14300)/Junee - FY2021-22 - Financial Statements.pdf
14300,Junee,2021-22,grants_contrib_capital,1697000.0,6,Grants and contributions provided for capital purposes,/Users/ray/Library/CloudStorage/OneDrive-KnoxGrammarSchool/Extracurriculars/AUSSEF/05 Data Archive/Council Financial Statements (NSW councils FY2015-16 to FY2023-24)/Comparison councils/Junee (14300)/Junee - FY2021-22 - Financial Statements.pdf
14300,Junee,2021-22,grants_contrib_operating,7772000.0,6,Grants and contributions provided for operating purposes,/Users/ray/Library/CloudStorage/OneDrive-KnoxGrammarSchool/Extracurriculars/AUSSEF/05 Data Archive/Council Financial Statements (NSW councils FY2015-16 to FY2023-24)/Comparison councils/Junee (14300)/Junee - FY2021-22 - Financial Statements.pdf
14300,Junee,2021-22,other_disaster_line,359000.0,28,Bushfire fighting fund,/Users/ray/Library/CloudStorage/OneDrive-KnoxGrammarSchool/Extracurriculars/AUSSEF/05 Data Archive/Council Financial Statements (NSW councils FY2015-16 to FY2023-24)/Comparison councils/Junee (14300)/Junee - FY2021-22 - Financial Statements.pdf
14300,Junee,2021-22,total_expenses,17098000.0,6,Total expenses from continuing operations,/Users/ray/Library/CloudStorage/OneDrive-KnoxGrammarSchool/Extracurriculars/AUSSEF/05 Data Archive/Council Financial Statements (NSW councils FY2015-16 to FY2023-24)/Comparison councils/Junee (14300)/Junee - FY2021-22 - Financial Statements.pdf
14300,Junee,2022-23,bushfire_emergency_services_grant,56000.0,19,NSW Rural Fire Services,/Users/ray/Library/CloudStorage/OneDrive-KnoxGrammarSchool/Extracurriculars/AUSSEF/05 Data Archive/Council Financial Statements (NSW councils FY2015-16 to FY2023-24)/Comparison councils/Junee (14300)/Junee - FY2022-23 - Financial Statements.pdf
14300,Junee,2022-23,bushfire_emergency_services_grant,,19,NSW Rural Fire Services,/Users/ray/Library/CloudStorage/OneDrive-KnoxGrammarSchool/Extracurriculars/AUSSEF/05 Data Archive/Council Financial Statements (NSW councils FY2015-16 to FY2023-24)/Comparison councils/Junee (14300)/Junee - FY2022-23 - Financial Statements.pdf
14300,Junee,2022-23,capex_ippe,3576000.0,9,Payments for IPPE,/Users/ray/Library/CloudStorage/OneDrive-KnoxGrammarSchool/Extracurriculars/AUSSEF/05 Data Archive/Council Financial Statements (NSW councils FY2015-16 to FY2023-24)/Comparison councils/Junee (14300)/Junee - FY2022-23 - Financial Statements.pdf
14300,Junee,2022-23,depreciation,3676000.0,5,"Depreciation, amortisation and impairment of non-financial assets",/Users/ray/Library/CloudStorage/OneDrive-KnoxGrammarSchool/Extracurriculars/AUSSEF/05 Data Archive/Council Financial Statements (NSW councils FY2015-16 to FY2023-24)/Comparison councils/Junee (14300)/Junee - FY2022-23 - Financial Statements.pdf
14300,Junee,2022-23,grants_contrib_capital,2403000.0,5,Grants and contributions provided for capital purposes,/Users/ray/Library/CloudStorage/OneDrive-KnoxGrammarSchool/Extracurriculars/AUSSEF/05 Data Archive/Council Financial Statements (NSW councils FY2015-16 to FY2023-24)/Comparison councils/Junee (14300)/Junee - FY2022-23 - Financial Statements.pdf
14300,Junee,2022-23,grants_contrib_operating,9685000.0,5,Grants and contributions provided for operating purposes,/Users/ray/Library/CloudStorage/OneDrive-KnoxGrammarSchool/Extracurriculars/AUSSEF/05 Data Archive/Council Financial Statements (NSW councils FY2015-16 to FY2023-24)/Comparison councils/Junee (14300)/Junee - FY2022-23 - Financial Statements.pdf
14300,Junee,2022-23,other_disaster_line,292000.0,26,Bushfire fighting fund,/Users/ray/Library/CloudStorage/OneDrive-KnoxGrammarSchool/Extracurriculars/AUSSEF/05 Data Archive/Council Financial Statements (NSW councils FY2015-16 to FY2023-24)/Comparison councils/Junee (14300)/Junee - FY2022-23 - Financial Statements.pdf
14300,Junee,2022-23,total_expenses,18448000.0,5,Total expenses from continuing operations,/Users/ray/Library/CloudStorage/OneDrive-KnoxGrammarSchool/Extracurriculars/AUSSEF/05 Data Archive/Council Financial Statements (NSW councils FY2015-16 to FY2023-24)/Comparison councils/Junee (14300)/Junee - FY2022-23 - Financial Statements.pdf
14300,Junee,2023-24,bushfire_emergency_services_grant,151000.0,19,NSW Rural Fire Services,/Users/ray/Library/CloudStorage/OneDrive-KnoxGrammarSchool/Extracurriculars/AUSSEF/05 Data Archive/Council Financial Statements (NSW councils FY2015-16 to FY2023-24)/Comparison councils/Junee (14300)/Junee - FY2023-24 - Financial Statements.pdf
14300,Junee,2023-24,capex_ippe,7586000.0,9,Payments for IPPE,/Users/ray/Library/CloudStorage/OneDrive-KnoxGrammarSchool/Extracurriculars/AUSSEF/05 Data Archive/Council Financial Statements (NSW councils FY2015-16 to FY2023-24)/Comparison councils/Junee (14300)/Junee - FY2023-24 - Financial Statements.pdf
14300,Junee,2023-24,depreciation,3854000.0,5,"Depreciation, amortisation and impairment of non-financial assets",/Users/ray/Library/CloudStorage/OneDrive-KnoxGrammarSchool/Extracurriculars/AUSSEF/05 Data Archive/Council Financial Statements (NSW councils FY2015-16 to FY2023-24)/Comparison councils/Junee (14300)/Junee - FY2023-24 - Financial Statements.pdf
14300,Junee,2023-24,disaster_expense,,29,road restoration and maintenance following natural disasters,/Users/ray/Library/CloudStorage/OneDrive-KnoxGrammarSchool/Extracurriculars/AUSSEF/05 Data Archive/Council Financial Statements (NSW councils FY2015-16 to FY2023-24)/Comparison councils/Junee (14300)/Junee - FY2023-24 - Financial Statements.pdf
14300,Junee,2023-24,grants_contrib_capital,2600000.0,5,Grants and contributions provided for capital purposes,/Users/ray/Library/CloudStorage/OneDrive-KnoxGrammarSchool/Extracurriculars/AUSSEF/05 Data Archive/Council Financial Statements (NSW councils FY2015-16 to FY2023-24)/Comparison councils/Junee (14300)/Junee - FY2023-24 - Financial Statements.pdf
14300,Junee,2023-24,grants_contrib_operating,8388000.0,5,Grants and contributions provided for operating purposes,/Users/ray/Library/CloudStorage/OneDrive-KnoxGrammarSchool/Extracurriculars/AUSSEF/05 Data Archive/Council Financial Statements (NSW councils FY2015-16 to FY2023-24)/Comparison councils/Junee (14300)/Junee - FY2023-24 - Financial Statements.pdf
14300,Junee,2023-24,other_disaster_line,291000.0,26,Bushfire fighting fund,/Users/ray/Library/CloudStorage/OneDrive-KnoxGrammarSchool/Extracurriculars/AUSSEF/05 Data Archive/Council Financial Statements (NSW councils FY2015-16 to FY2023-24)/Comparison councils/Junee (14300)/Junee - FY2023-24 - Financial Statements.pdf
14300,Junee,2023-24,total_expenses,20878000.0,5,Total expenses from continuing operations,/Users/ray/Library/CloudStorage/OneDrive-KnoxGrammarSchool/Extracurriculars/AUSSEF/05 Data Archive/Council Financial Statements (NSW councils FY2015-16 to FY2023-24)/Comparison councils/Junee (14300)/Junee - FY2023-24 - Financial Statements.pdf
14400,Kiama,2015-16,bushfire_emergency_services_grant,135000.0,34,Bushfire and emergency services,/Users/ray/Library/CloudStorage/OneDrive-KnoxGrammarSchool/Extracurriculars/AUSSEF/05 Data Archive/Council Financial Statements (NSW councils FY2015-16 to FY2023-24)/Comparison councils/Kiama (14400)/Kiama - FY2015-16 - Financial Statements.pdf
14400,Kiama,2015-16,capex_ippe,23434000.0,9,"Purchase of infrastructure, property, plant and equipment",/Users/ray/Library/CloudStorage/OneDrive-KnoxGrammarSchool/Extracurriculars/AUSSEF/05 Data Archive/Council Financial Statements (NSW councils FY2015-16 to FY2023-24)/Comparison councils/Kiama (14400)/Kiama - FY2015-16 - Financial Statements.pdf
14400,Kiama,2015-16,depreciation,6820000.0,5,Depreciation and amortisation,/Users/ray/Library/CloudStorage/OneDrive-KnoxGrammarSchool/Extracurriculars/AUSSEF/05 Data Archive/Council Financial Statements (NSW councils FY2015-16 to FY2023-24)/Comparison councils/Kiama (14400)/Kiama - FY2015-16 - Financial Statements.pdf
14400,Kiama,2015-16,grants_contrib_capital,14334000.0,5,Grants and contributions provided for capital purposes,/Users/ray/Library/CloudStorage/OneDrive-KnoxGrammarSchool/Extracurriculars/AUSSEF/05 Data Archive/Council Financial Statements (NSW councils FY2015-16 to FY2023-24)/Comparison councils/Kiama (14400)/Kiama - FY2015-16 - Financial Statements.pdf
14400,Kiama,2015-16,grants_contrib_operating,12883000.0,5,Grants and contributions provided for operating purposes,/Users/ray/Library/CloudStorage/OneDrive-KnoxGrammarSchool/Extracurriculars/AUSSEF/05 Data Archive/Council Financial Statements (NSW councils FY2015-16 to FY2023-24)/Comparison councils/Kiama (14400)/Kiama - FY2015-16 - Financial Statements.pdf
14400,Kiama,2015-16,total_expenses,53177000.0,5,Total expenses from continuing operations,/Users/ray/Library/CloudStorage/OneDrive-KnoxGrammarSchool/Extracurriculars/AUSSEF/05 Data Archive/Council Financial Statements (NSW councils FY2015-16 to FY2023-24)/Comparison councils/Kiama (14400)/Kiama - FY2015-16 - Financial Statements.pdf
14400,Kiama,2016-17,bushfire_emergency_services_grant,129000.0,29,Bushfire and emergency services,/Users/ray/Library/CloudStorage/OneDrive-KnoxGrammarSchool/Extracurriculars/AUSSEF/05 Data Archive/Council Financial Statements (NSW councils FY2015-16 to FY2023-24)/Comparison councils/Kiama (14400)/Kiama - FY2016-17 - Financial Statements.pdf
14400,Kiama,2016-17,capex_ippe,26955000.0,9,"Purchase of infrastructure, property, plant and equipment",/Users/ray/Library/CloudStorage/OneDrive-KnoxGrammarSchool/Extracurriculars/AUSSEF/05 Data Archive/Council Financial Statements (NSW councils FY2015-16 to FY2023-24)/Comparison councils/Kiama (14400)/Kiama - FY2016-17 - Financial Statements.pdf
14400,Kiama,2016-17,depreciation,6556000.0,5,Depreciation and amortisation,/Users/ray/Library/CloudStorage/OneDrive-KnoxGrammarSchool/Extracurriculars/AUSSEF/05 Data Archive/Council Financial Statements (NSW councils FY2015-16 to FY2023-24)/Comparison councils/Kiama (14400)/Kiama - FY2016-17 - Financial Statements.pdf
14400,Kiama,2016-17,grants_contrib_capital,16855000.0,5,Grants and contributions provided for capital purposes,/Users/ray/Library/CloudStorage/OneDrive-KnoxGrammarSchool/Extracurriculars/AUSSEF/05 Data Archive/Council Financial Statements (NSW councils FY2015-16 to FY2023-24)/Comparison councils/Kiama (14400)/Kiama - FY2016-17 - Financial Statements.pdf
14400,Kiama,2016-17,grants_contrib_operating,11712000.0,5,Grants and contributions provided for operating purposes,/Users/ray/Library/CloudStorage/OneDrive-KnoxGrammarSchool/Extracurriculars/AUSSEF/05 Data Archive/Council Financial Statements (NSW councils FY2015-16 to FY2023-24)/Comparison councils/Kiama (14400)/Kiama - FY2016-17 - Financial Statements.pdf
14400,Kiama,2016-17,total_expenses,53221000.0,5,Total expenses from continuing operations,/Users/ray/Library/CloudStorage/OneDrive-KnoxGrammarSchool/Extracurriculars/AUSSEF/05 Data Archive/Council Financial Statements (NSW councils FY2015-16 to FY2023-24)/Comparison councils/Kiama (14400)/Kiama - FY2016-17 - Financial Statements.pdf
14400,Kiama,2017-18,bushfire_emergency_services_grant,150000.0,20,Bushfire and emergency services,/Users/ray/Library/CloudStorage/OneDrive-KnoxGrammarSchool/Extracurriculars/AUSSEF/05 Data Archive/Council Financial Statements (NSW councils FY2015-16 to FY2023-24)/Comparison councils/Kiama (14400)/Kiama - FY2017-18 - Financial Statements.pdf
14400,Kiama,2017-18,capex_ippe,25019000.0,9,"Purchase of infrastructure, property, plant and equipment",/Users/ray/Library/CloudStorage/OneDrive-KnoxGrammarSchool/Extracurriculars/AUSSEF/05 Data Archive/Council Financial Statements (NSW councils FY2015-16 to FY2023-24)/Comparison councils/Kiama (14400)/Kiama - FY2017-18 - Financial Statements.pdf
14400,Kiama,2017-18,depreciation,7116000.0,5,Depreciation and amortisation,/Users/ray/Library/CloudStorage/OneDrive-KnoxGrammarSchool/Extracurriculars/AUSSEF/05 Data Archive/Council Financial Statements (NSW councils FY2015-16 to FY2023-24)/Comparison councils/Kiama (14400)/Kiama - FY2017-18 - Financial Statements.pdf
14400,Kiama,2017-18,grants_contrib_capital,2911000.0,5,Grants and contributions provided for capital purposes,/Users/ray/Library/CloudStorage/OneDrive-KnoxGrammarSchool/Extracurriculars/AUSSEF/05 Data Archive/Council Financial Statements (NSW councils FY2015-16 to FY2023-24)/Comparison councils/Kiama (14400)/Kiama - FY2017-18 - Financial Statements.pdf
14400,Kiama,2017-18,grants_contrib_operating,9524000.0,5,Grants and contributions provided for operating purposes,/Users/ray/Library/CloudStorage/OneDrive-KnoxGrammarSchool/Extracurriculars/AUSSEF/05 Data Archive/Council Financial Statements (NSW councils FY2015-16 to FY2023-24)/Comparison councils/Kiama (14400)/Kiama - FY2017-18 - Financial Statements.pdf
14400,Kiama,2017-18,total_expenses,58773000.0,5,Total expenses from continuing operations,/Users/ray/Library/CloudStorage/OneDrive-KnoxGrammarSchool/Extracurriculars/AUSSEF/05 Data Archive/Council Financial Statements (NSW councils FY2015-16 to FY2023-24)/Comparison councils/Kiama (14400)/Kiama - FY2017-18 - Financial Statements.pdf
14400,Kiama,2018-19,bushfire_emergency_services_grant,129000.0,18,Bushfire and emergency services,/Users/ray/Library/CloudStorage/OneDrive-KnoxGrammarSchool/Extracurriculars/AUSSEF/05 Data Archive/Council Financial Statements (NSW councils FY2015-16 to FY2023-24)/Comparison councils/Kiama (14400)/Kiama - FY2018-19 - Financial Statements.pdf
14400,Kiama,2018-19,capex_ippe,84072000.0,10,"Purchase of infrastructure, property, plant and equipment",/Users/ray/Library/CloudStorage/OneDrive-KnoxGrammarSchool/Extracurriculars/AUSSEF/05 Data Archive/Council Financial Statements (NSW councils FY2015-16 to FY2023-24)/Comparison councils/Kiama (14400)/Kiama - FY2018-19 - Financial Statements.pdf
14400,Kiama,2018-19,depreciation,7157000.0,6,Depreciation and amortisation,/Users/ray/Library/CloudStorage/OneDrive-KnoxGrammarSchool/Extracurriculars/AUSSEF/05 Data Archive/Council Financial Statements (NSW councils FY2015-16 to FY2023-24)/Comparison councils/Kiama (14400)/Kiama - FY2018-19 - Financial Statements.pdf
14400,Kiama,2018-19,grants_contrib_capital,14806000.0,6,Grants and contributions provided for capital purposes,/Users/ray/Library/CloudStorage/OneDrive-KnoxGrammarSchool/Extracurriculars/AUSSEF/05 Data Archive/Council Financial Statements (NSW councils FY2015-16 to FY2023-24)/Comparison councils/Kiama (14400)/Kiama - FY2018-19 - Financial Statements.pdf
14400,Kiama,2018-19,grants_contrib_operating,10004000.0,6,Grants and contributions provided for operating purposes,/Users/ray/Library/CloudStorage/OneDrive-KnoxGrammarSchool/Extracurriculars/AUSSEF/05 Data Archive/Council Financial Statements (NSW councils FY2015-16 to FY2023-24)/Comparison councils/Kiama (14400)/Kiama - FY2018-19 - Financial Statements.pdf
14400,Kiama,2018-19,total_expenses,59471000.0,6,Total expenses from continuing operations,/Users/ray/Library/CloudStorage/OneDrive-KnoxGrammarSchool/Extracurriculars/AUSSEF/05 Data Archive/Council Financial Statements (NSW councils FY2015-16 to FY2023-24)/Comparison councils/Kiama (14400)/Kiama - FY2018-19 - Financial Statements.pdf
14400,Kiama,2019-20,bushfire_emergency_services_grant,129000.0,19,Bushfire and emergency services,/Users/ray/Library/CloudStorage/OneDrive-KnoxGrammarSchool/Extracurriculars/AUSSEF/05 Data Archive/Council Financial Statements (NSW councils FY2015-16 to FY2023-24)/Comparison councils/Kiama (14400)/Kiama - FY2019-20 - Financial Statements.pdf
14400,Kiama,2019-20,capex_ippe,43659000.0,10,"Purchase of infrastructure, property, plant and equipment",/Users/ray/Library/CloudStorage/OneDrive-KnoxGrammarSchool/Extracurriculars/AUSSEF/05 Data Archive/Council Financial Statements (NSW councils FY2015-16 to FY2023-24)/Comparison councils/Kiama (14400)/Kiama - FY2019-20 - Financial Statements.pdf
14400,Kiama,2019-20,depreciation,8247000.0,6,Depreciation and amortisation,/Users/ray/Library/CloudStorage/OneDrive-KnoxGrammarSchool/Extracurriculars/AUSSEF/05 Data Archive/Council Financial Statements (NSW councils FY2015-16 to FY2023-24)/Comparison councils/Kiama (14400)/Kiama - FY2019-20 - Financial Statements.pdf
14400,Kiama,2019-20,grants_contrib_capital,11352000.0,6,Grants and contributions provided for capital purposes,/Users/ray/Library/CloudStorage/OneDrive-KnoxGrammarSchool/Extracurriculars/AUSSEF/05 Data Archive/Council Financial Statements (NSW councils FY2015-16 to FY2023-24)/Comparison councils/Kiama (14400)/Kiama - FY2019-20 - Financial Statements.pdf
14400,Kiama,2019-20,grants_contrib_operating,10452000.0,6,Grants and contributions provided for operating purposes,/Users/ray/Library/CloudStorage/OneDrive-KnoxGrammarSchool/Extracurriculars/AUSSEF/05 Data Archive/Council Financial Statements (NSW councils FY2015-16 to FY2023-24)/Comparison councils/Kiama (14400)/Kiama - FY2019-20 - Financial Statements.pdf
14400,Kiama,2019-20,total_expenses,68927000.0,6,Total expenses from continuing operations,/Users/ray/Library/CloudStorage/OneDrive-KnoxGrammarSchool/Extracurriculars/AUSSEF/05 Data Archive/Council Financial Statements (NSW councils FY2015-16 to FY2023-24)/Comparison councils/Kiama (14400)/Kiama - FY2019-20 - Financial Statements.pdf
14400,Kiama,2020-21,bushfire_emergency_services_grant,250000.0,21,Bushfire and emergency services,/Users/ray/Library/CloudStorage/OneDrive-KnoxGrammarSchool/Extracurriculars/AUSSEF/05 Data Archive/Council Financial Statements (NSW councils FY2015-16 to FY2023-24)/Comparison councils/Kiama (14400)/Kiama - FY2020-21 - Financial Statements.pdf
14400,Kiama,2020-21,capex_ippe,13051000.0,11,"Purchase of infrastructure, property, plant and equipment",/Users/ray/Library/CloudStorage/OneDrive-KnoxGrammarSchool/Extracurriculars/AUSSEF/05 Data Archive/Council Financial Statements (NSW councils FY2015-16 to FY2023-24)/Comparison councils/Kiama (14400)/Kiama - FY2020-21 - Financial Statements.pdf
14400,Kiama,2020-21,depreciation,11314000.0,7,"Depreciation, amortisation and impairment for non-financial assets",/Users/ray/Library/CloudStorage/OneDrive-KnoxGrammarSchool/Extracurriculars/AUSSEF/05 Data Archive/Council Financial Statements (NSW councils FY2015-16 to FY2023-24)/Comparison councils/Kiama (14400)/Kiama - FY2020-21 - Financial Statements.pdf
14400,Kiama,2020-21,grants_contrib_capital,4746000.0,7,Grants and contributions provided for capital purposes,/Users/ray/Library/CloudStorage/OneDrive-KnoxGrammarSchool/Extracurriculars/AUSSEF/05 Data Archive/Council Financial Statements (NSW councils FY2015-16 to FY2023-24)/Comparison councils/Kiama (14400)/Kiama - FY2020-21 - Financial Statements.pdf
14400,Kiama,2020-21,grants_contrib_operating,14625000.0,7,Grants and contributions provided for operating purposes,/Users/ray/Library/CloudStorage/OneDrive-KnoxGrammarSchool/Extracurriculars/AUSSEF/05 Data Archive/Council Financial Statements (NSW councils FY2015-16 to FY2023-24)/Comparison councils/Kiama (14400)/Kiama - FY2020-21 - Financial Statements.pdf
14400,Kiama,2020-21,total_expenses,76371000.0,7,Total expenses from continuing operations,/Users/ray/Library/CloudStorage/OneDrive-KnoxGrammarSchool/Extracurriculars/AUSSEF/05 Data Archive/Council Financial Statements (NSW councils FY2015-16 to FY2023-24)/Comparison councils/Kiama (14400)/Kiama - FY2020-21 - Financial Statements.pdf
14400,Kiama,2021-22,bushfire_emergency_services_grant,253000.0,19,Bushfire and emergency services,/Users/ray/Library/CloudStorage/OneDrive-KnoxGrammarSchool/Extracurriculars/AUSSEF/05 Data Archive/Council Financial Statements (NSW councils FY2015-16 to FY2023-24)/Comparison councils/Kiama (14400)/Kiama - FY2021-22 - Financial Statements.pdf
14400,Kiama,2021-22,capex_ippe,9810000.0,9,Payments for IPPE,/Users/ray/Library/CloudStorage/OneDrive-KnoxGrammarSchool/Extracurriculars/AUSSEF/05 Data Archive/Council Financial Statements (NSW councils FY2015-16 to FY2023-24)/Comparison councils/Kiama (14400)/Kiama - FY2021-22 - Financial Statements.pdf
14400,Kiama,2021-22,depreciation,11814000.0,5,"Depreciation, amortisation and impairment of non-financial assets",/Users/ray/Library/CloudStorage/OneDrive-KnoxGrammarSchool/Extracurriculars/AUSSEF/05 Data Archive/Council Financial Statements (NSW councils FY2015-16 to FY2023-24)/Comparison councils/Kiama (14400)/Kiama - FY2021-22 - Financial Statements.pdf
14400,Kiama,2021-22,grants_contrib_capital,2894000.0,5,Grants and contributions provided for capital purposes,/Users/ray/Library/CloudStorage/OneDrive-KnoxGrammarSchool/Extracurriculars/AUSSEF/05 Data Archive/Council Financial Statements (NSW councils FY2015-16 to FY2023-24)/Comparison councils/Kiama (14400)/Kiama - FY2021-22 - Financial Statements.pdf
14400,Kiama,2021-22,grants_contrib_operating,16872000.0,5,Grants and contributions provided for operating purposes,/Users/ray/Library/CloudStorage/OneDrive-KnoxGrammarSchool/Extracurriculars/AUSSEF/05 Data Archive/Council Financial Statements (NSW councils FY2015-16 to FY2023-24)/Comparison councils/Kiama (14400)/Kiama - FY2021-22 - Financial Statements.pdf
14400,Kiama,2021-22,other_disaster_line,,19,Flood Study,/Users/ray/Library/CloudStorage/OneDrive-KnoxGrammarSchool/Extracurriculars/AUSSEF/05 Data Archive/Council Financial Statements (NSW councils FY2015-16 to FY2023-24)/Comparison councils/Kiama (14400)/Kiama - FY2022-23 - Financial Statements.pdf
14400,Kiama,2021-22,other_disaster_line,,30,Temporary Funding of Disaster Recovery Funding Agreement Works,/Users/ray/Library/CloudStorage/OneDrive-KnoxGrammarSchool/Extracurriculars/AUSSEF/05 Data Archive/Council Financial Statements (NSW councils FY2015-16 to FY2023-24)/Comparison councils/Kiama (14400)/Kiama - FY2022-23 - Financial Statements.pdf
14400,Kiama,2021-22,total_expenses,97345000.0,5,Total expenses from continuing operations,/Users/ray/Library/CloudStorage/OneDrive-KnoxGrammarSchool/Extracurriculars/AUSSEF/05 Data Archive/Council Financial Statements (NSW councils FY2015-16 to FY2023-24)/Comparison councils/Kiama (14400)/Kiama - FY2021-22 - Financial Statements.pdf
14400,Kiama,2022-23,bushfire_emergency_services_grant,131000.0,19,Bushfire and emergency services,/Users/ray/Library/CloudStorage/OneDrive-KnoxGrammarSchool/Extracurriculars/AUSSEF/05 Data Archive/Council Financial Statements (NSW councils FY2015-16 to FY2023-24)/Comparison councils/Kiama (14400)/Kiama - FY2022-23 - Financial Statements.pdf
14400,Kiama,2022-23,capex_ippe,11772000.0,9,Payments for IPPE,/Users/ray/Library/CloudStorage/OneDrive-KnoxGrammarSchool/Extracurriculars/AUSSEF/05 Data Archive/Council Financial Statements (NSW councils FY2015-16 to FY2023-24)/Comparison councils/Kiama (14400)/Kiama - FY2022-23 - Financial Statements.pdf
14400,Kiama,2022-23,depreciation,11253000.0,5,"Depreciation, amortisation and impairment of non-financial assets",/Users/ray/Library/CloudStorage/OneDrive-KnoxGrammarSchool/Extracurriculars/AUSSEF/05 Data Archive/Council Financial Statements (NSW councils FY2015-16 to FY2023-24)/Comparison councils/Kiama (14400)/Kiama - FY2022-23 - Financial Statements.pdf
14400,Kiama,2022-23,disaster_grant_capital,,17,Storm/flood damage,/Users/ray/Library/CloudStorage/OneDrive-KnoxGrammarSchool/Extracurriculars/AUSSEF/05 Data Archive/Council Financial Statements (NSW councils FY2015-16 to FY2023-24)/Comparison councils/Kiama (14400)/Kiama - FY2023-24 - Financial Statements.pdf
14400,Kiama,2022-23,disaster_grant_operating,,17,Storm/flood damage,/Users/ray/Library/CloudStorage/OneDrive-KnoxGrammarSchool/Extracurriculars/AUSSEF/05 Data Archive/Council Financial Statements (NSW councils FY2015-16 to FY2023-24)/Comparison councils/Kiama (14400)/Kiama - FY2023-24 - Financial Statements.pdf
14400,Kiama,2022-23,grants_contrib_capital,3539000.0,5,Grants and contributions provided for capital purposes,/Users/ray/Library/CloudStorage/OneDrive-KnoxGrammarSchool/Extracurriculars/AUSSEF/05 Data Archive/Council Financial Statements (NSW councils FY2015-16 to FY2023-24)/Comparison councils/Kiama (14400)/Kiama - FY2022-23 - Financial Statements.pdf
14400,Kiama,2022-23,grants_contrib_operating,17718000.0,5,Grants and contributions provided for operating purposes,/Users/ray/Library/CloudStorage/OneDrive-KnoxGrammarSchool/Extracurriculars/AUSSEF/05 Data Archive/Council Financial Statements (NSW councils FY2015-16 to FY2023-24)/Comparison councils/Kiama (14400)/Kiama - FY2022-23 - Financial Statements.pdf
14400,Kiama,2022-23,other_disaster_line,65000.0,19,Flood Study,/Users/ray/Library/CloudStorage/OneDrive-KnoxGrammarSchool/Extracurriculars/AUSSEF/05 Data Archive/Council Financial Statements (NSW councils FY2015-16 to FY2023-24)/Comparison councils/Kiama (14400)/Kiama - FY2022-23 - Financial Statements.pdf
14400,Kiama,2022-23,other_disaster_line,-5002000.0,30,Temporary Funding of Disaster Recovery Funding Agreement Works,/Users/ray/Library/CloudStorage/OneDrive-KnoxGrammarSchool/Extracurriculars/AUSSEF/05 Data Archive/Council Financial Statements (NSW councils FY2015-16 to FY2023-24)/Comparison councils/Kiama (14400)/Kiama - FY2022-23 - Financial Statements.pdf
14400,Kiama,2022-23,other_disaster_line,3539000.0,27,Capital grants and contributions (budget variance note: Disaster Recovery Funding Arrangement for Jamberoo Mountain Road),/Users/ray/Library/CloudStorage/OneDrive-KnoxGrammarSchool/Extracurriculars/AUSSEF/05 Data Archive/Council Financial Statements (NSW councils FY2015-16 to FY2023-24)/Comparison councils/Kiama (14400)/Kiama - FY2022-23 - Financial Statements.pdf
14400,Kiama,2022-23,total_expenses,83212000.0,5,Total expenses from continuing operations,/Users/ray/Library/CloudStorage/OneDrive-KnoxGrammarSchool/Extracurriculars/AUSSEF/05 Data Archive/Council Financial Statements (NSW councils FY2015-16 to FY2023-24)/Comparison councils/Kiama (14400)/Kiama - FY2022-23 - Financial Statements.pdf
14400,Kiama,2023-24,bushfire_emergency_services_grant,139000.0,17,Bushfire and emergency services,/Users/ray/Library/CloudStorage/OneDrive-KnoxGrammarSchool/Extracurriculars/AUSSEF/05 Data Archive/Council Financial Statements (NSW councils FY2015-16 to FY2023-24)/Comparison councils/Kiama (14400)/Kiama - FY2023-24 - Financial Statements.pdf
14400,Kiama,2023-24,capex_ippe,15966000.0,8,Payments for IPPE,/Users/ray/Library/CloudStorage/OneDrive-KnoxGrammarSchool/Extracurriculars/AUSSEF/05 Data Archive/Council Financial Statements (NSW councils FY2015-16 to FY2023-24)/Comparison councils/Kiama (14400)/Kiama - FY2023-24 - Financial Statements.pdf
14400,Kiama,2023-24,depreciation,11185000.0,4,"Depreciation, amortisation and impairment of non-financial assets",/Users/ray/Library/CloudStorage/OneDrive-KnoxGrammarSchool/Extracurriculars/AUSSEF/05 Data Archive/Council Financial Statements (NSW councils FY2015-16 to FY2023-24)/Comparison councils/Kiama (14400)/Kiama - FY2023-24 - Financial Statements.pdf
14400,Kiama,2023-24,disaster_expense,41031000.0,24,Materials and services (budget variance note: disaster recovery expenses that did not meet capital expenditure criteria),/Users/ray/Library/CloudStorage/OneDrive-KnoxGrammarSchool/Extracurriculars/AUSSEF/05 Data Archive/Council Financial Statements (NSW councils FY2015-16 to FY2023-24)/Comparison councils/Kiama (14400)/Kiama - FY2023-24 - Financial Statements.pdf
14400,Kiama,2023-24,disaster_grant_capital,5945000.0,17,Storm/flood damage,/Users/ray/Library/CloudStorage/OneDrive-KnoxGrammarSchool/Extracurriculars/AUSSEF/05 Data Archive/Council Financial Statements (NSW councils FY2015-16 to FY2023-24)/Comparison councils/Kiama (14400)/Kiama - FY2023-24 - Financial Statements.pdf
14400,Kiama,2023-24,disaster_grant_operating,83000.0,17,Storm/flood damage,/Users/ray/Library/CloudStorage/OneDrive-KnoxGrammarSchool/Extracurriculars/AUSSEF/05 Data Archive/Council Financial Statements (NSW councils FY2015-16 to FY2023-24)/Comparison councils/Kiama (14400)/Kiama - FY2023-24 - Financial Statements.pdf
14400,Kiama,2023-24,grants_contrib_capital,13809000.0,4,Grants and contributions provided for capital purposes,/Users/ray/Library/CloudStorage/OneDrive-KnoxGrammarSchool/Extracurriculars/AUSSEF/05 Data Archive/Council Financial Statements (NSW councils FY2015-16 to FY2023-24)/Comparison councils/Kiama (14400)/Kiama - FY2023-24 - Financial Statements.pdf
14400,Kiama,2023-24,grants_contrib_operating,19577000.0,4,Grants and contributions provided for operating purposes,/Users/ray/Library/CloudStorage/OneDrive-KnoxGrammarSchool/Extracurriculars/AUSSEF/05 Data Archive/Council Financial Statements (NSW councils FY2015-16 to FY2023-24)/Comparison councils/Kiama (14400)/Kiama - FY2023-24 - Financial Statements.pdf
14400,Kiama,2023-24,other_disaster_line,571000.0,17,Flood Study,/Users/ray/Library/CloudStorage/OneDrive-KnoxGrammarSchool/Extracurriculars/AUSSEF/05 Data Archive/Council Financial Statements (NSW councils FY2015-16 to FY2023-24)/Comparison councils/Kiama (14400)/Kiama - FY2023-24 - Financial Statements.pdf
14400,Kiama,2023-24,other_disaster_line,-4925000.0,27,Temporary Funding of Disaster Recovery Funding Agreement Works,/Users/ray/Library/CloudStorage/OneDrive-KnoxGrammarSchool/Extracurriculars/AUSSEF/05 Data Archive/Council Financial Statements (NSW councils FY2015-16 to FY2023-24)/Comparison councils/Kiama (14400)/Kiama - FY2023-24 - Financial Statements.pdf
14400,Kiama,2023-24,total_expenses,106908000.0,4,Total expenses from continuing operations,/Users/ray/Library/CloudStorage/OneDrive-KnoxGrammarSchool/Extracurriculars/AUSSEF/05 Data Archive/Council Financial Statements (NSW councils FY2015-16 to FY2023-24)/Comparison councils/Kiama (14400)/Kiama - FY2023-24 - Financial Statements.pdf
14600,Lachlan,2020-21,bushfire_emergency_services_grant,190000.0,121,Bushfire and emergency services,/Users/ray/Library/CloudStorage/OneDrive-KnoxGrammarSchool/Extracurriculars/AUSSEF/05 Data Archive/Council Financial Statements (NSW councils FY2015-16 to FY2023-24)/Comparison councils/Lachlan (14600)/Lachlan - FY2021-22 - Annual Report.pdf
14600,Lachlan,2020-21,capex_ippe,20787000.0,111,Payments for IPPE,/Users/ray/Library/CloudStorage/OneDrive-KnoxGrammarSchool/Extracurriculars/AUSSEF/05 Data Archive/Council Financial Statements (NSW councils FY2015-16 to FY2023-24)/Comparison councils/Lachlan (14600)/Lachlan - FY2021-22 - Annual Report.pdf
14600,Lachlan,2020-21,depreciation,10958000.0,107,"Depreciation, amortisation and impairment of non-financial assets",/Users/ray/Library/CloudStorage/OneDrive-KnoxGrammarSchool/Extracurriculars/AUSSEF/05 Data Archive/Council Financial Statements (NSW councils FY2015-16 to FY2023-24)/Comparison councils/Lachlan (14600)/Lachlan - FY2021-22 - Annual Report.pdf
14600,Lachlan,2020-21,disaster_expense,,127,– Flood Works,/Users/ray/Library/CloudStorage/OneDrive-KnoxGrammarSchool/Extracurriculars/AUSSEF/05 Data Archive/Council Financial Statements (NSW councils FY2015-16 to FY2023-24)/Comparison councils/Lachlan (14600)/Lachlan - FY2021-22 - Annual Report.pdf
14600,Lachlan,2020-21,grants_contrib_capital,10067000.0,107,Grants and contributions provided for capital purposes,/Users/ray/Library/CloudStorage/OneDrive-KnoxGrammarSchool/Extracurriculars/AUSSEF/05 Data Archive/Council Financial Statements (NSW councils FY2015-16 to FY2023-24)/Comparison councils/Lachlan (14600)/Lachlan - FY2021-22 - Annual Report.pdf
14600,Lachlan,2020-21,grants_contrib_operating,19374000.0,107,Grants and contributions provided for operating purposes,/Users/ray/Library/CloudStorage/OneDrive-KnoxGrammarSchool/Extracurriculars/AUSSEF/05 Data Archive/Council Financial Statements (NSW councils FY2015-16 to FY2023-24)/Comparison councils/Lachlan (14600)/Lachlan - FY2021-22 - Annual Report.pdf
14600,Lachlan,2020-21,other_disaster_line,191000.0,121,Bushfire services,/Users/ray/Library/CloudStorage/OneDrive-KnoxGrammarSchool/Extracurriculars/AUSSEF/05 Data Archive/Council Financial Statements (NSW councils FY2015-16 to FY2023-24)/Comparison councils/Lachlan (14600)/Lachlan - FY2021-22 - Annual Report.pdf
14600,Lachlan,2020-21,total_expenses,34157000.0,107,Total expenses from continuing operations,/Users/ray/Library/CloudStorage/OneDrive-KnoxGrammarSchool/Extracurriculars/AUSSEF/05 Data Archive/Council Financial Statements (NSW councils FY2015-16 to FY2023-24)/Comparison councils/Lachlan (14600)/Lachlan - FY2021-22 - Annual Report.pdf
14600,Lachlan,2021-22,bushfire_emergency_services_grant,120000.0,121,Bushfire and emergency services,/Users/ray/Library/CloudStorage/OneDrive-KnoxGrammarSchool/Extracurriculars/AUSSEF/05 Data Archive/Council Financial Statements (NSW councils FY2015-16 to FY2023-24)/Comparison councils/Lachlan (14600)/Lachlan - FY2021-22 - Annual Report.pdf
14600,Lachlan,2021-22,capex_ippe,31085000.0,111,Payments for IPPE,/Users/ray/Library/CloudStorage/OneDrive-KnoxGrammarSchool/Extracurriculars/AUSSEF/05 Data Archive/Council Financial Statements (NSW councils FY2015-16 to FY2023-24)/Comparison councils/Lachlan (14600)/Lachlan - FY2021-22 - Annual Report.pdf
14600,Lachlan,2021-22,depreciation,10839000.0,107,"Depreciation, amortisation and impairment of non-financial assets",/Users/ray/Library/CloudStorage/OneDrive-KnoxGrammarSchool/Extracurriculars/AUSSEF/05 Data Archive/Council Financial Statements (NSW councils FY2015-16 to FY2023-24)/Comparison councils/Lachlan (14600)/Lachlan - FY2021-22 - Annual Report.pdf
14600,Lachlan,2021-22,disaster_expense,56000.0,127,– Flood Works,/Users/ray/Library/CloudStorage/OneDrive-KnoxGrammarSchool/Extracurriculars/AUSSEF/05 Data Archive/Council Financial Statements (NSW councils FY2015-16 to FY2023-24)/Comparison councils/Lachlan (14600)/Lachlan - FY2021-22 - Annual Report.pdf
14600,Lachlan,2021-22,disaster_grant_operating,,19,Transport (flood damage),/Users/ray/Library/CloudStorage/OneDrive-KnoxGrammarSchool/Extracurriculars/AUSSEF/05 Data Archive/Council Financial Statements (NSW councils FY2015-16 to FY2023-24)/Comparison councils/Lachlan (14600)/Lachlan - FY2022-23 - Financial Statements.pdf
14600,Lachlan,2021-22,grants_contrib_capital,19879000.0,107,Grants and contributions provided for capital purposes,/Users/ray/Library/CloudStorage/OneDrive-KnoxGrammarSchool/Extracurriculars/AUSSEF/05 Data Archive/Council Financial Statements (NSW councils FY2015-16 to FY2023-24)/Comparison councils/Lachlan (14600)/Lachlan - FY2021-22 - Annual Report.pdf
14600,Lachlan,2021-22,grants_contrib_operating,20236000.0,107,Grants and contributions provided for operating purposes,/Users/ray/Library/CloudStorage/OneDrive-KnoxGrammarSchool/Extracurriculars/AUSSEF/05 Data Archive/Council Financial Statements (NSW councils FY2015-16 to FY2023-24)/Comparison councils/Lachlan (14600)/Lachlan - FY2021-22 - Annual Report.pdf
14600,Lachlan,2021-22,other_disaster_line,167000.0,121,Bushfire services,/Users/ray/Library/CloudStorage/OneDrive-KnoxGrammarSchool/Extracurriculars/AUSSEF/05 Data Archive/Council Financial Statements (NSW councils FY2015-16 to FY2023-24)/Comparison councils/Lachlan (14600)/Lachlan - FY2021-22 - Annual Report.pdf
14600,Lachlan,2021-22,other_disaster_line,38000.0,121,Bushfire services,/Users/ray/Library/CloudStorage/OneDrive-KnoxGrammarSchool/Extracurriculars/AUSSEF/05 Data Archive/Council Financial Statements (NSW councils FY2015-16 to FY2023-24)/Comparison councils/Lachlan (14600)/Lachlan - FY2021-22 - Annual Report.pdf
14600,Lachlan,2021-22,other_disaster_line,1000.0,27,GIVIT – NSW Flood Appeal,/Users/ray/Library/CloudStorage/OneDrive-KnoxGrammarSchool/Extracurriculars/AUSSEF/05 Data Archive/Council Financial Statements (NSW councils FY2015-16 to FY2023-24)/Comparison councils/Lachlan (14600)/Lachlan - FY2021-22 - Annual Report.pdf
14600,Lachlan,2021-22,other_disaster_line,,65,NDRRA application approved for storm damage sustained in March 2021.,/Users/ray/Library/CloudStorage/OneDrive-KnoxGrammarSchool/Extracurriculars/AUSSEF/05 Data Archive/Council Financial Statements (NSW councils FY2015-16 to FY2023-24)/Comparison councils/Lachlan (14600)/Lachlan - FY2021-22 - Annual Report.pdf
14600,Lachlan,2021-22,other_disaster_line,,65,NDRRA application approved for storm damage sustained in November 2021 –January 2022.,/Users/ray/Library/CloudStorage/OneDrive-KnoxGrammarSchool/Extracurriculars/AUSSEF/05 Data Archive/Council Financial Statements (NSW councils FY2015-16 to FY2023-24)/Comparison councils/Lachlan (14600)/Lachlan - FY2021-22 - Annual Report.pdf
14600,Lachlan,2021-22,total_expenses,35204000.0,107,Total expenses from continuing operations,/Users/ray/Library/CloudStorage/OneDrive-KnoxGrammarSchool/Extracurriculars/AUSSEF/05 Data Archive/Council Financial Statements (NSW councils FY2015-16 to FY2023-24)/Comparison councils/Lachlan (14600)/Lachlan - FY2021-22 - Annual Report.pdf
14600,Lachlan,2022-23,bushfire_emergency_services_grant,194000.0,19,Bushfire and emergency services,/Users/ray/Library/CloudStorage/OneDrive-KnoxGrammarSchool/Extracurriculars/AUSSEF/05 Data Archive/Council Financial Statements (NSW councils FY2015-16 to FY2023-24)/Comparison councils/Lachlan (14600)/Lachlan - FY2022-23 - Financial Statements.pdf
14600,Lachlan,2022-23,bushfire_emergency_services_grant,121000.0,19,Bushfire and emergency services,/Users/ray/Library/CloudStorage/OneDrive-KnoxGrammarSchool/Extracurriculars/AUSSEF/05 Data Archive/Council Financial Statements (NSW councils FY2015-16 to FY2023-24)/Comparison councils/Lachlan (14600)/Lachlan - FY2022-23 - Financial Statements.pdf
14600,Lachlan,2022-23,capex_ippe,29047000.0,9,Payments for IPPE,/Users/ray/Library/CloudStorage/OneDrive-KnoxGrammarSchool/Extracurriculars/AUSSEF/05 Data Archive/Council Financial Statements (NSW councils FY2015-16 to FY2023-24)/Comparison councils/Lachlan (14600)/Lachlan - FY2022-23 - Financial Statements.pdf
14600,Lachlan,2022-23,depreciation,12256000.0,5,"Depreciation, amortisation and impairment of non-financial assets",/Users/ray/Library/CloudStorage/OneDrive-KnoxGrammarSchool/Extracurriculars/AUSSEF/05 Data Archive/Council Financial Statements (NSW councils FY2015-16 to FY2023-24)/Comparison councils/Lachlan (14600)/Lachlan - FY2022-23 - Financial Statements.pdf
14600,Lachlan,2022-23,disaster_expense,1774000.0,25,– Flood Works,/Users/ray/Library/CloudStorage/OneDrive-KnoxGrammarSchool/Extracurriculars/AUSSEF/05 Data Archive/Council Financial Statements (NSW councils FY2015-16 to FY2023-24)/Comparison councils/Lachlan (14600)/Lachlan - FY2022-23 - Financial Statements.pdf
14600,Lachlan,2022-23,disaster_grant_operating,2922000.0,19,Transport (flood damage),/Users/ray/Library/CloudStorage/OneDrive-KnoxGrammarSchool/Extracurriculars/AUSSEF/05 Data Archive/Council Financial Statements (NSW councils FY2015-16 to FY2023-24)/Comparison councils/Lachlan (14600)/Lachlan - FY2022-23 - Financial Statements.pdf
14600,Lachlan,2022-23,grants_contrib_capital,20480000.0,5,Grants and contributions provided for capital purposes,/Users/ray/Library/CloudStorage/OneDrive-KnoxGrammarSchool/Extracurriculars/AUSSEF/05 Data Archive/Council Financial Statements (NSW councils FY2015-16 to FY2023-24)/Comparison councils/Lachlan (14600)/Lachlan - FY2022-23 - Financial Statements.pdf
14600,Lachlan,2022-23,grants_contrib_operating,33120000.0,5,Grants and contributions provided for operating purposes,/Users/ray/Library/CloudStorage/OneDrive-KnoxGrammarSchool/Extracurriculars/AUSSEF/05 Data Archive/Council Financial Statements (NSW councils FY2015-16 to FY2023-24)/Comparison councils/Lachlan (14600)/Lachlan - FY2022-23 - Financial Statements.pdf
14600,Lachlan,2022-23,other_disaster_line,1500000.0,30,"As well, Council received Emergency Support funding of $1.5M due to the November 2022 floods.",/Users/ray/Library/CloudStorage/OneDrive-KnoxGrammarSchool/Extracurriculars/AUSSEF/05 Data Archive/Council Financial Statements (NSW councils FY2015-16 to FY2023-24)/Comparison councils/Lachlan (14600)/Lachlan - FY2022-23 - Financial Statements.pdf
14600,Lachlan,2022-23,total_expenses,40403000.0,5,Total expenses from continuing operations,/Users/ray/Library/CloudStorage/OneDrive-KnoxGrammarSchool/Extracurriculars/AUSSEF/05 Data Archive/Council Financial Statements (NSW councils FY2015-16 to FY2023-24)/Comparison councils/Lachlan (14600)/Lachlan - FY2022-23 - Financial Statements.pdf
14600,Lachlan,2023-24,bushfire_emergency_services_grant,357000.0,18,Bushfire and emergency services,/Users/ray/Library/CloudStorage/OneDrive-KnoxGrammarSchool/Extracurriculars/AUSSEF/05 Data Archive/Council Financial Statements (NSW councils FY2015-16 to FY2023-24)/Comparison councils/Lachlan (14600)/Lachlan - FY2023-24 - Financial Statements.pdf
14600,Lachlan,2023-24,bushfire_emergency_services_grant,12000.0,18,Bushfire and emergency services,/Users/ray/Library/CloudStorage/OneDrive-KnoxGrammarSchool/Extracurriculars/AUSSEF/05 Data Archive/Council Financial Statements (NSW councils FY2015-16 to FY2023-24)/Comparison councils/Lachlan (14600)/Lachlan - FY2023-24 - Financial Statements.pdf
14600,Lachlan,2023-24,capex_ippe,26335000.0,8,Payments for IPPE,/Users/ray/Library/CloudStorage/OneDrive-KnoxGrammarSchool/Extracurriculars/AUSSEF/05 Data Archive/Council Financial Statements (NSW councils FY2015-16 to FY2023-24)/Comparison councils/Lachlan (14600)/Lachlan - FY2023-24 - Financial Statements.pdf
14600,Lachlan,2023-24,depreciation,12004000.0,4,"Depreciation, amortisation and impairment of non-financial assets",/Users/ray/Library/CloudStorage/OneDrive-KnoxGrammarSchool/Extracurriculars/AUSSEF/05 Data Archive/Council Financial Statements (NSW councils FY2015-16 to FY2023-24)/Comparison councils/Lachlan (14600)/Lachlan - FY2023-24 - Financial Statements.pdf
14600,Lachlan,2023-24,disaster_expense,1715000.0,24,– Flood Works,/Users/ray/Library/CloudStorage/OneDrive-KnoxGrammarSchool/Extracurriculars/AUSSEF/05 Data Archive/Council Financial Statements (NSW councils FY2015-16 to FY2023-24)/Comparison councils/Lachlan (14600)/Lachlan - FY2023-24 - Financial Statements.pdf
14600,Lachlan,2023-24,disaster_grant_operating,10056000.0,18,Transport (flood damage),/Users/ray/Library/CloudStorage/OneDrive-KnoxGrammarSchool/Extracurriculars/AUSSEF/05 Data Archive/Council Financial Statements (NSW councils FY2015-16 to FY2023-24)/Comparison councils/Lachlan (14600)/Lachlan - FY2023-24 - Financial Statements.pdf
14600,Lachlan,2023-24,grants_contrib_capital,11595000.0,4,Grants and contributions provided for capital purposes,/Users/ray/Library/CloudStorage/OneDrive-KnoxGrammarSchool/Extracurriculars/AUSSEF/05 Data Archive/Council Financial Statements (NSW councils FY2015-16 to FY2023-24)/Comparison councils/Lachlan (14600)/Lachlan - FY2023-24 - Financial Statements.pdf
14600,Lachlan,2023-24,grants_contrib_operating,28740000.0,4,Grants and contributions provided for operating purposes,/Users/ray/Library/CloudStorage/OneDrive-KnoxGrammarSchool/Extracurriculars/AUSSEF/05 Data Archive/Council Financial Statements (NSW councils FY2015-16 to FY2023-24)/Comparison councils/Lachlan (14600)/Lachlan - FY2023-24 - Financial Statements.pdf
14600,Lachlan,2023-24,other_disaster_line,10000.0,18,Floodplain management,/Users/ray/Library/CloudStorage/OneDrive-KnoxGrammarSchool/Extracurriculars/AUSSEF/05 Data Archive/Council Financial Statements (NSW councils FY2015-16 to FY2023-24)/Comparison councils/Lachlan (14600)/Lachlan - FY2023-24 - Financial Statements.pdf
14600,Lachlan,2023-24,other_disaster_line,,29,The majority of this favourable budget variance relate to the payment of over $10m in grants for flood restoration works,/Users/ray/Library/CloudStorage/OneDrive-KnoxGrammarSchool/Extracurriculars/AUSSEF/05 Data Archive/Council Financial Statements (NSW councils FY2015-16 to FY2023-24)/Comparison councils/Lachlan (14600)/Lachlan - FY2023-24 - Financial Statements.pdf
14600,Lachlan,2023-24,total_expenses,49302000.0,4,Total expenses from continuing operations,/Users/ray/Library/CloudStorage/OneDrive-KnoxGrammarSchool/Extracurriculars/AUSSEF/05 Data Archive/Council Financial Statements (NSW councils FY2015-16 to FY2023-24)/Comparison councils/Lachlan (14600)/Lachlan - FY2023-24 - Financial Statements.pdf
14750,Leeton,2015-16,bushfire_emergency_services_grant,77000.0,28,NSW rural fire services,/Users/ray/Library/CloudStorage/OneDrive-KnoxGrammarSchool/Extracurriculars/AUSSEF/05 Data Archive/Council Financial Statements (NSW councils FY2015-16 to FY2023-24)/Comparison councils/Leeton (14750)/Leeton - FY2015-16 - Financial Statements.pdf
14750,Leeton,2015-16,capex_ippe,6356000.0,9,"Purchase of infrastructure, property, plant and equipment",/Users/ray/Library/CloudStorage/OneDrive-KnoxGrammarSchool/Extracurriculars/AUSSEF/05 Data Archive/Council Financial Statements (NSW councils FY2015-16 to FY2023-24)/Comparison councils/Leeton (14750)/Leeton - FY2015-16 - Financial Statements.pdf
14750,Leeton,2015-16,depreciation,6106000.0,5,Depreciation and amortisation,/Users/ray/Library/CloudStorage/OneDrive-KnoxGrammarSchool/Extracurriculars/AUSSEF/05 Data Archive/Council Financial Statements (NSW councils FY2015-16 to FY2023-24)/Comparison councils/Leeton (14750)/Leeton - FY2015-16 - Financial Statements.pdf
14750,Leeton,2015-16,grants_contrib_capital,282000.0,5,Grants and contributions provided for capital purposes,/Users/ray/Library/CloudStorage/OneDrive-KnoxGrammarSchool/Extracurriculars/AUSSEF/05 Data Archive/Council Financial Statements (NSW councils FY2015-16 to FY2023-24)/Comparison councils/Leeton (14750)/Leeton - FY2015-16 - Financial Statements.pdf
14750,Leeton,2015-16,grants_contrib_operating,6322000.0,5,Grants and contributions provided for operating purposes,/Users/ray/Library/CloudStorage/OneDrive-KnoxGrammarSchool/Extracurriculars/AUSSEF/05 Data Archive/Council Financial Statements (NSW councils FY2015-16 to FY2023-24)/Comparison councils/Leeton (14750)/Leeton - FY2015-16 - Financial Statements.pdf
14750,Leeton,2015-16,total_expenses,23335000.0,5,Total expenses from continuing operations,/Users/ray/Library/CloudStorage/OneDrive-KnoxGrammarSchool/Extracurriculars/AUSSEF/05 Data Archive/Council Financial Statements (NSW councils FY2015-16 to FY2023-24)/Comparison councils/Leeton (14750)/Leeton - FY2015-16 - Financial Statements.pdf
14750,Leeton,2016-17,bushfire_emergency_services_grant,85000.0,25,NSW rural fire services,/Users/ray/Library/CloudStorage/OneDrive-KnoxGrammarSchool/Extracurriculars/AUSSEF/05 Data Archive/Council Financial Statements (NSW councils FY2015-16 to FY2023-24)/Comparison councils/Leeton (14750)/Leeton - FY2016-17 - Financial Statements.pdf
14750,Leeton,2016-17,capex_ippe,7297000.0,9,"Purchase of infrastructure, property, plant and equipment",/Users/ray/Library/CloudStorage/OneDrive-KnoxGrammarSchool/Extracurriculars/AUSSEF/05 Data Archive/Council Financial Statements (NSW councils FY2015-16 to FY2023-24)/Comparison councils/Leeton (14750)/Leeton - FY2016-17 - Financial Statements.pdf
14750,Leeton,2016-17,depreciation,6165000.0,5,Depreciation and amortisation,/Users/ray/Library/CloudStorage/OneDrive-KnoxGrammarSchool/Extracurriculars/AUSSEF/05 Data Archive/Council Financial Statements (NSW councils FY2015-16 to FY2023-24)/Comparison councils/Leeton (14750)/Leeton - FY2016-17 - Financial Statements.pdf
14750,Leeton,2016-17,disaster_grant_operating,500000.0,25,Flood restoration,/Users/ray/Library/CloudStorage/OneDrive-KnoxGrammarSchool/Extracurriculars/AUSSEF/05 Data Archive/Council Financial Statements (NSW councils FY2015-16 to FY2023-24)/Comparison councils/Leeton (14750)/Leeton - FY2016-17 - Financial Statements.pdf
14750,Leeton,2016-17,grants_contrib_capital,1125000.0,5,Grants and contributions provided for capital purposes,/Users/ray/Library/CloudStorage/OneDrive-KnoxGrammarSchool/Extracurriculars/AUSSEF/05 Data Archive/Council Financial Statements (NSW councils FY2015-16 to FY2023-24)/Comparison councils/Leeton (14750)/Leeton - FY2016-17 - Financial Statements.pdf
14750,Leeton,2016-17,grants_contrib_operating,8541000.0,5,Grants and contributions provided for operating purposes,/Users/ray/Library/CloudStorage/OneDrive-KnoxGrammarSchool/Extracurriculars/AUSSEF/05 Data Archive/Council Financial Statements (NSW councils FY2015-16 to FY2023-24)/Comparison councils/Leeton (14750)/Leeton - FY2016-17 - Financial Statements.pdf
14750,Leeton,2016-17,other_disaster_line,-2778000.0,38,Flood Damage to roads excessive rain July – September 2016,/Users/ray/Library/CloudStorage/OneDrive-KnoxGrammarSchool/Extracurriculars/AUSSEF/05 Data Archive/Council Financial Statements (NSW councils FY2015-16 to FY2023-24)/Comparison councils/Leeton (14750)/Leeton - FY2016-17 - Financial Statements.pdf
14750,Leeton,2016-17,total_expenses,25209000.0,5,Total expenses from continuing operations,/Users/ray/Library/CloudStorage/OneDrive-KnoxGrammarSchool/Extracurriculars/AUSSEF/05 Data Archive/Council Financial Statements (NSW councils FY2015-16 to FY2023-24)/Comparison councils/Leeton (14750)/Leeton - FY2016-17 - Financial Statements.pdf
14750,Leeton,2017-18,bushfire_emergency_services_grant,76000.0,19,NSW rural fire services,/Users/ray/Library/CloudStorage/OneDrive-KnoxGrammarSchool/Extracurriculars/AUSSEF/05 Data Archive/Council Financial Statements (NSW councils FY2015-16 to FY2023-24)/Comparison councils/Leeton (14750)/Leeton - FY2017-18 - Financial Statements.pdf
14750,Leeton,2017-18,capex_ippe,7805000.0,9,"Purchase of infrastructure, property, plant and equipment",/Users/ray/Library/CloudStorage/OneDrive-KnoxGrammarSchool/Extracurriculars/AUSSEF/05 Data Archive/Council Financial Statements (NSW councils FY2015-16 to FY2023-24)/Comparison councils/Leeton (14750)/Leeton - FY2017-18 - Financial Statements.pdf
14750,Leeton,2017-18,depreciation,5914000.0,5,Depreciation and amortisation,/Users/ray/Library/CloudStorage/OneDrive-KnoxGrammarSchool/Extracurriculars/AUSSEF/05 Data Archive/Council Financial Statements (NSW councils FY2015-16 to FY2023-24)/Comparison councils/Leeton (14750)/Leeton - FY2017-18 - Financial Statements.pdf
14750,Leeton,2017-18,disaster_grant_operating,1948000.0,19,Flood restoration,/Users/ray/Library/CloudStorage/OneDrive-KnoxGrammarSchool/Extracurriculars/AUSSEF/05 Data Archive/Council Financial Statements (NSW councils FY2015-16 to FY2023-24)/Comparison councils/Leeton (14750)/Leeton - FY2017-18 - Financial Statements.pdf
14750,Leeton,2017-18,grants_contrib_capital,999000.0,5,Grants and contributions provided for capital purposes,/Users/ray/Library/CloudStorage/OneDrive-KnoxGrammarSchool/Extracurriculars/AUSSEF/05 Data Archive/Council Financial Statements (NSW councils FY2015-16 to FY2023-24)/Comparison councils/Leeton (14750)/Leeton - FY2017-18 - Financial Statements.pdf
14750,Leeton,2017-18,grants_contrib_operating,7919000.0,5,Grants and contributions provided for operating purposes,/Users/ray/Library/CloudStorage/OneDrive-KnoxGrammarSchool/Extracurriculars/AUSSEF/05 Data Archive/Council Financial Statements (NSW councils FY2015-16 to FY2023-24)/Comparison councils/Leeton (14750)/Leeton - FY2017-18 - Financial Statements.pdf
14750,Leeton,2017-18,other_disaster_line,1402000.0,37,Reinstatement of Flood Damaged roads,/Users/ray/Library/CloudStorage/OneDrive-KnoxGrammarSchool/Extracurriculars/AUSSEF/05 Data Archive/Council Financial Statements (NSW councils FY2015-16 to FY2023-24)/Comparison councils/Leeton (14750)/Leeton - FY2017-18 - Financial Statements.pdf
14750,Leeton,2017-18,other_disaster_line,1948000.0,54,"During the 2017/18 year Council received $1,948k of funding to restore flood damaged roads.",/Users/ray/Library/CloudStorage/OneDrive-KnoxGrammarSchool/Extracurriculars/AUSSEF/05 Data Archive/Council Financial Statements (NSW councils FY2015-16 to FY2023-24)/Comparison councils/Leeton (14750)/Leeton - FY2017-18 - Financial Statements.pdf
14750,Leeton,2017-18,other_disaster_line,,55,Material expenses were higher than budgeted due to additional works for RMS and flood damaged road restoration.,/Users/ray/Library/CloudStorage/OneDrive-KnoxGrammarSchool/Extracurriculars/AUSSEF/05 Data Archive/Council Financial Statements (NSW councils FY2015-16 to FY2023-24)/Comparison councils/Leeton (14750)/Leeton - FY2017-18 - Financial Statements.pdf
14750,Leeton,2017-18,total_expenses,26723000.0,5,Total expenses from continuing operations,/Users/ray/Library/CloudStorage/OneDrive-KnoxGrammarSchool/Extracurriculars/AUSSEF/05 Data Archive/Council Financial Statements (NSW councils FY2015-16 to FY2023-24)/Comparison councils/Leeton (14750)/Leeton - FY2017-18 - Financial Statements.pdf
14750,Leeton,2018-19,bushfire_emergency_services_grant,76000.0,24,NSW rural fire services,/Users/ray/Library/CloudStorage/OneDrive-KnoxGrammarSchool/Extracurriculars/AUSSEF/05 Data Archive/Council Financial Statements (NSW councils FY2015-16 to FY2023-24)/Comparison councils/Leeton (14750)/Leeton - FY2018-19 - Financial Statements.pdf
14750,Leeton,2018-19,bushfire_emergency_services_grant,181000.0,24,NSW rural fire services,/Users/ray/Library/CloudStorage/OneDrive-KnoxGrammarSchool/Extracurriculars/AUSSEF/05 Data Archive/Council Financial Statements (NSW councils FY2015-16 to FY2023-24)/Comparison councils/Leeton (14750)/Leeton - FY2018-19 - Financial Statements.pdf
14750,Leeton,2018-19,capex_ippe,8689000.0,12,"Purchase of infrastructure, property, plant and equipment",/Users/ray/Library/CloudStorage/OneDrive-KnoxGrammarSchool/Extracurriculars/AUSSEF/05 Data Archive/Council Financial Statements (NSW councils FY2015-16 to FY2023-24)/Comparison councils/Leeton (14750)/Leeton - FY2018-19 - Financial Statements.pdf
14750,Leeton,2018-19,depreciation,5850000.0,8,Depreciation and amortisation,/Users/ray/Library/CloudStorage/OneDrive-KnoxGrammarSchool/Extracurriculars/AUSSEF/05 Data Archive/Council Financial Statements (NSW councils FY2015-16 to FY2023-24)/Comparison councils/Leeton (14750)/Leeton - FY2018-19 - Financial Statements.pdf
14750,Leeton,2018-19,disaster_grant_capital,783000.0,24,Storm/flood damage,/Users/ray/Library/CloudStorage/OneDrive-KnoxGrammarSchool/Extracurriculars/AUSSEF/05 Data Archive/Council Financial Statements (NSW councils FY2015-16 to FY2023-24)/Comparison councils/Leeton (14750)/Leeton - FY2018-19 - Financial Statements.pdf
14750,Leeton,2018-19,grants_contrib_capital,3258000.0,8,Grants and contributions provided for capital purposes,/Users/ray/Library/CloudStorage/OneDrive-KnoxGrammarSchool/Extracurriculars/AUSSEF/05 Data Archive/Council Financial Statements (NSW councils FY2015-16 to FY2023-24)/Comparison councils/Leeton (14750)/Leeton - FY2018-19 - Financial Statements.pdf
14750,Leeton,2018-19,grants_contrib_operating,5313000.0,8,Grants and contributions provided for operating purposes,/Users/ray/Library/CloudStorage/OneDrive-KnoxGrammarSchool/Extracurriculars/AUSSEF/05 Data Archive/Council Financial Statements (NSW councils FY2015-16 to FY2023-24)/Comparison councils/Leeton (14750)/Leeton - FY2018-19 - Financial Statements.pdf
14750,Leeton,2018-19,other_disaster_line,863000.0,45,Reinstatement of Flood Damaged roads,/Users/ray/Library/CloudStorage/OneDrive-KnoxGrammarSchool/Extracurriculars/AUSSEF/05 Data Archive/Council Financial Statements (NSW councils FY2015-16 to FY2023-24)/Comparison councils/Leeton (14750)/Leeton - FY2018-19 - Financial Statements.pdf
14750,Leeton,2018-19,total_expenses,26940000.0,8,Total expenses from continuing operations,/Users/ray/Library/CloudStorage/OneDrive-KnoxGrammarSchool/Extracurriculars/AUSSEF/05 Data Archive/Council Financial Statements (NSW councils FY2015-16 to FY2023-24)/Comparison councils/Leeton (14750)/Leeton - FY2018-19 - Financial Statements.pdf
14750,Leeton,2019-20,bushfire_emergency_services_grant,75000.0,25,NSW rural fire services,/Users/ray/Library/CloudStorage/OneDrive-KnoxGrammarSchool/Extracurriculars/AUSSEF/05 Data Archive/Council Financial Statements (NSW councils FY2015-16 to FY2023-24)/Comparison councils/Leeton (14750)/Leeton - FY2019-20 - Financial Statements.pdf
14750,Leeton,2019-20,bushfire_emergency_services_grant,168000.0,25,NSW rural fire services,/Users/ray/Library/CloudStorage/OneDrive-KnoxGrammarSchool/Extracurriculars/AUSSEF/05 Data Archive/Council Financial Statements (NSW councils FY2015-16 to FY2023-24)/Comparison councils/Leeton (14750)/Leeton - FY2019-20 - Financial Statements.pdf
14750,Leeton,2019-20,capex_ippe,12151000.0,14,"Purchase of infrastructure, property, plant and equipment",/Users/ray/Library/CloudStorage/OneDrive-KnoxGrammarSchool/Extracurriculars/AUSSEF/05 Data Archive/Council Financial Statements (NSW councils FY2015-16 to FY2023-24)/Comparison councils/Leeton (14750)/Leeton - FY2019-20 - Financial Statements.pdf
14750,Leeton,2019-20,depreciation,6173000.0,10,Depreciation and amortisation,/Users/ray/Library/CloudStorage/OneDrive-KnoxGrammarSchool/Extracurriculars/AUSSEF/05 Data Archive/Council Financial Statements (NSW councils FY2015-16 to FY2023-24)/Comparison councils/Leeton (14750)/Leeton - FY2019-20 - Financial Statements.pdf
14750,Leeton,2019-20,grants_contrib_capital,3935000.0,10,Grants and contributions provided for capital purposes,/Users/ray/Library/CloudStorage/OneDrive-KnoxGrammarSchool/Extracurriculars/AUSSEF/05 Data Archive/Council Financial Statements (NSW councils FY2015-16 to FY2023-24)/Comparison councils/Leeton (14750)/Leeton - FY2019-20 - Financial Statements.pdf
14750,Leeton,2019-20,grants_contrib_operating,6439000.0,10,Grants and contributions provided for operating purposes,/Users/ray/Library/CloudStorage/OneDrive-KnoxGrammarSchool/Extracurriculars/AUSSEF/05 Data Archive/Council Financial Statements (NSW councils FY2015-16 to FY2023-24)/Comparison councils/Leeton (14750)/Leeton - FY2019-20 - Financial Statements.pdf
14750,Leeton,2019-20,total_expenses,29254000.0,10,Total expenses from continuing operations,/Users/ray/Library/CloudStorage/OneDrive-KnoxGrammarSchool/Extracurriculars/AUSSEF/05 Data Archive/Council Financial Statements (NSW councils FY2015-16 to FY2023-24)/Comparison councils/Leeton (14750)/Leeton - FY2019-20 - Financial Statements.pdf
14750,Leeton,2020-21,bushfire_emergency_services_grant,75000.0,22,NSW rural fire services,/Users/ray/Library/CloudStorage/OneDrive-KnoxGrammarSchool/Extracurriculars/AUSSEF/05 Data Archive/Council Financial Statements (NSW councils FY2015-16 to FY2023-24)/Comparison councils/Leeton (14750)/Leeton - FY2020-21 - Financial Statements.pdf
14750,Leeton,2020-21,bushfire_emergency_services_grant,43000.0,22,NSW rural fire services,/Users/ray/Library/CloudStorage/OneDrive-KnoxGrammarSchool/Extracurriculars/AUSSEF/05 Data Archive/Council Financial Statements (NSW councils FY2015-16 to FY2023-24)/Comparison councils/Leeton (14750)/Leeton - FY2020-21 - Financial Statements.pdf
14750,Leeton,2020-21,capex_ippe,16321000.0,12,"Purchase of infrastructure, property, plant and equipment",/Users/ray/Library/CloudStorage/OneDrive-KnoxGrammarSchool/Extracurriculars/AUSSEF/05 Data Archive/Council Financial Statements (NSW councils FY2015-16 to FY2023-24)/Comparison councils/Leeton (14750)/Leeton - FY2020-21 - Financial Statements.pdf
14750,Leeton,2020-21,depreciation,7268000.0,8,"Depreciation, amortisation and impairment for non-financial assets",/Users/ray/Library/CloudStorage/OneDrive-KnoxGrammarSchool/Extracurriculars/AUSSEF/05 Data Archive/Council Financial Statements (NSW councils FY2015-16 to FY2023-24)/Comparison councils/Leeton (14750)/Leeton - FY2020-21 - Financial Statements.pdf
14750,Leeton,2020-21,grants_contrib_capital,6926000.0,8,Grants and contributions provided for capital purposes,/Users/ray/Library/CloudStorage/OneDrive-KnoxGrammarSchool/Extracurriculars/AUSSEF/05 Data Archive/Council Financial Statements (NSW councils FY2015-16 to FY2023-24)/Comparison councils/Leeton (14750)/Leeton - FY2020-21 - Financial Statements.pdf
14750,Leeton,2020-21,grants_contrib_operating,8618000.0,8,Grants and contributions provided for operating purposes,/Users/ray/Library/CloudStorage/OneDrive-KnoxGrammarSchool/Extracurriculars/AUSSEF/05 Data Archive/Council Financial Statements (NSW councils FY2015-16 to FY2023-24)/Comparison councils/Leeton (14750)/Leeton - FY2020-21 - Financial Statements.pdf
14750,Leeton,2020-21,total_expenses,36001000.0,8,Total expenses from continuing operations,/Users/ray/Library/CloudStorage/OneDrive-KnoxGrammarSchool/Extracurriculars/AUSSEF/05 Data Archive/Council Financial Statements (NSW councils FY2015-16 to FY2023-24)/Comparison councils/Leeton (14750)/Leeton - FY2020-21 - Financial Statements.pdf
14750,Leeton,2021-22,bushfire_emergency_services_grant,75000.0,23,NSW rural fire services,/Users/ray/Library/CloudStorage/OneDrive-KnoxGrammarSchool/Extracurriculars/AUSSEF/05 Data Archive/Council Financial Statements (NSW councils FY2015-16 to FY2023-24)/Comparison councils/Leeton (14750)/Leeton - FY2021-22 - Financial Statements.pdf
14750,Leeton,2021-22,bushfire_emergency_services_grant,-9000.0,23,NSW rural fire services,/Users/ray/Library/CloudStorage/OneDrive-KnoxGrammarSchool/Extracurriculars/AUSSEF/05 Data Archive/Council Financial Statements (NSW councils FY2015-16 to FY2023-24)/Comparison councils/Leeton (14750)/Leeton - FY2021-22 - Financial Statements.pdf
14750,Leeton,2021-22,capex_ippe,8284000.0,13,Payments for IPPE,/Users/ray/Library/CloudStorage/OneDrive-KnoxGrammarSchool/Extracurriculars/AUSSEF/05 Data Archive/Council Financial Statements (NSW councils FY2015-16 to FY2023-24)/Comparison councils/Leeton (14750)/Leeton - FY2021-22 - Financial Statements.pdf
14750,Leeton,2021-22,depreciation,8392000.0,9,"Depreciation, amortisation and impairment of non-financial assets",/Users/ray/Library/CloudStorage/OneDrive-KnoxGrammarSchool/Extracurriculars/AUSSEF/05 Data Archive/Council Financial Statements (NSW councils FY2015-16 to FY2023-24)/Comparison councils/Leeton (14750)/Leeton - FY2021-22 - Financial Statements.pdf
14750,Leeton,2021-22,disaster_grant_operating,17000.0,23,Storm/flood damage,/Users/ray/Library/CloudStorage/OneDrive-KnoxGrammarSchool/Extracurriculars/AUSSEF/05 Data Archive/Council Financial Statements (NSW councils FY2015-16 to FY2023-24)/Comparison councils/Leeton (14750)/Leeton - FY2021-22 - Financial Statements.pdf
14750,Leeton,2021-22,grants_contrib_capital,4982000.0,9,Grants and contributions provided for capital purposes,/Users/ray/Library/CloudStorage/OneDrive-KnoxGrammarSchool/Extracurriculars/AUSSEF/05 Data Archive/Council Financial Statements (NSW councils FY2015-16 to FY2023-24)/Comparison councils/Leeton (14750)/Leeton - FY2021-22 - Financial Statements.pdf
14750,Leeton,2021-22,grants_contrib_operating,8354000.0,9,Grants and contributions provided for operating purposes,/Users/ray/Library/CloudStorage/OneDrive-KnoxGrammarSchool/Extracurriculars/AUSSEF/05 Data Archive/Council Financial Statements (NSW councils FY2015-16 to FY2023-24)/Comparison councils/Leeton (14750)/Leeton - FY2021-22 - Financial Statements.pdf
14750,Leeton,2021-22,total_expenses,34260000.0,9,Total expenses from continuing operations,/Users/ray/Library/CloudStorage/OneDrive-KnoxGrammarSchool/Extracurriculars/AUSSEF/05 Data Archive/Council Financial Statements (NSW councils FY2015-16 to FY2023-24)/Comparison councils/Leeton (14750)/Leeton - FY2021-22 - Financial Statements.pdf
14750,Leeton,2022-23,bushfire_emergency_services_grant,77000.0,22,NSW rural fire services,/Users/ray/Library/CloudStorage/OneDrive-KnoxGrammarSchool/Extracurriculars/AUSSEF/05 Data Archive/Council Financial Statements (NSW councils FY2015-16 to FY2023-24)/Comparison councils/Leeton (14750)/Leeton - FY2022-23 - Financial Statements.pdf
14750,Leeton,2022-23,capex_ippe,11184000.0,12,Payments for IPPE,/Users/ray/Library/CloudStorage/OneDrive-KnoxGrammarSchool/Extracurriculars/AUSSEF/05 Data Archive/Council Financial Statements (NSW councils FY2015-16 to FY2023-24)/Comparison councils/Leeton (14750)/Leeton - FY2022-23 - Financial Statements.pdf
14750,Leeton,2022-23,depreciation,9012000.0,8,"Depreciation, amortisation and impairment of non-financial assets",/Users/ray/Library/CloudStorage/OneDrive-KnoxGrammarSchool/Extracurriculars/AUSSEF/05 Data Archive/Council Financial Statements (NSW councils FY2015-16 to FY2023-24)/Comparison councils/Leeton (14750)/Leeton - FY2022-23 - Financial Statements.pdf
14750,Leeton,2022-23,disaster_grant_operating,270000.0,22,Storm/flood damage,/Users/ray/Library/CloudStorage/OneDrive-KnoxGrammarSchool/Extracurriculars/AUSSEF/05 Data Archive/Council Financial Statements (NSW councils FY2015-16 to FY2023-24)/Comparison councils/Leeton (14750)/Leeton - FY2022-23 - Financial Statements.pdf
14750,Leeton,2022-23,grants_contrib_capital,4948000.0,8,Grants and contributions provided for capital purposes,/Users/ray/Library/CloudStorage/OneDrive-KnoxGrammarSchool/Extracurriculars/AUSSEF/05 Data Archive/Council Financial Statements (NSW councils FY2015-16 to FY2023-24)/Comparison councils/Leeton (14750)/Leeton - FY2022-23 - Financial Statements.pdf
14750,Leeton,2022-23,grants_contrib_operating,10787000.0,8,Grants and contributions provided for operating purposes,/Users/ray/Library/CloudStorage/OneDrive-KnoxGrammarSchool/Extracurriculars/AUSSEF/05 Data Archive/Council Financial Statements (NSW councils FY2015-16 to FY2023-24)/Comparison councils/Leeton (14750)/Leeton - FY2022-23 - Financial Statements.pdf
14750,Leeton,2022-23,other_disaster_line,253000.0,33,"Council has received a number of significant Operating grants such as the Pothole Repair funding $252K, Flood Recovery funding $253K, RLRRP grant as well as an additional FAG's prepayment together equalling $4.7M.",/Users/ray/Library/CloudStorage/OneDrive-KnoxGrammarSchool/Extracurriculars/AUSSEF/05 Data Archive/Council Financial Statements (NSW councils FY2015-16 to FY2023-24)/Comparison councils/Leeton (14750)/Leeton - FY2022-23 - Financial Statements.pdf
14750,Leeton,2022-23,other_disaster_line,1600000.0,96,"$1.6 million increase in Regional and Local Roads Repair Program funding relating to the road network that was significantly impacted by severe flooding, storm damage and persistent wet weather events during 2022.",/Users/ray/Library/CloudStorage/OneDrive-KnoxGrammarSchool/Extracurriculars/AUSSEF/05 Data Archive/Council Financial Statements (NSW councils FY2015-16 to FY2023-24)/Comparison councils/Leeton (14750)/Leeton - FY2022-23 - Financial Statements.pdf
14750,Leeton,2022-23,total_expenses,34890000.0,8,Total expenses from continuing operations,/Users/ray/Library/CloudStorage/OneDrive-KnoxGrammarSchool/Extracurriculars/AUSSEF/05 Data Archive/Council Financial Statements (NSW councils FY2015-16 to FY2023-24)/Comparison councils/Leeton (14750)/Leeton - FY2022-23 - Financial Statements.pdf
14750,Leeton,2023-24,bushfire_emergency_services_grant,78000.0,21,NSW rural fire services,/Users/ray/Library/CloudStorage/OneDrive-KnoxGrammarSchool/Extracurriculars/AUSSEF/05 Data Archive/Council Financial Statements (NSW councils FY2015-16 to FY2023-24)/Comparison councils/Leeton (14750)/Leeton - FY2023-24 - Financial Statements.pdf
14750,Leeton,2023-24,capex_ippe,19938000.0,11,Payments for IPPE,/Users/ray/Library/CloudStorage/OneDrive-KnoxGrammarSchool/Extracurriculars/AUSSEF/05 Data Archive/Council Financial Statements (NSW councils FY2015-16 to FY2023-24)/Comparison councils/Leeton (14750)/Leeton - FY2023-24 - Financial Statements.pdf
14750,Leeton,2023-24,depreciation,10259000.0,7,"Depreciation, amortisation and impairment of non-financial assets",/Users/ray/Library/CloudStorage/OneDrive-KnoxGrammarSchool/Extracurriculars/AUSSEF/05 Data Archive/Council Financial Statements (NSW councils FY2015-16 to FY2023-24)/Comparison councils/Leeton (14750)/Leeton - FY2023-24 - Financial Statements.pdf
14750,Leeton,2023-24,disaster_grant_operating,398000.0,21,Storm/flood damage,/Users/ray/Library/CloudStorage/OneDrive-KnoxGrammarSchool/Extracurriculars/AUSSEF/05 Data Archive/Council Financial Statements (NSW councils FY2015-16 to FY2023-24)/Comparison councils/Leeton (14750)/Leeton - FY2023-24 - Financial Statements.pdf
14750,Leeton,2023-24,grants_contrib_capital,6277000.0,7,Grants and contributions provided for capital purposes,/Users/ray/Library/CloudStorage/OneDrive-KnoxGrammarSchool/Extracurriculars/AUSSEF/05 Data Archive/Council Financial Statements (NSW councils FY2015-16 to FY2023-24)/Comparison councils/Leeton (14750)/Leeton - FY2023-24 - Financial Statements.pdf
14750,Leeton,2023-24,grants_contrib_operating,10858000.0,7,Grants and contributions provided for operating purposes,/Users/ray/Library/CloudStorage/OneDrive-KnoxGrammarSchool/Extracurriculars/AUSSEF/05 Data Archive/Council Financial Statements (NSW councils FY2015-16 to FY2023-24)/Comparison councils/Leeton (14750)/Leeton - FY2023-24 - Financial Statements.pdf
14750,Leeton,2023-24,other_disaster_line,,32,"Council received additional grants not included in the original budget forecast and presented at quarterly budget reviews for Wamoon Sewerage, Roxy Theatre works, Canal road, CBD enhancement and Disaster Recovery Funding.",/Users/ray/Library/CloudStorage/OneDrive-KnoxGrammarSchool/Extracurriculars/AUSSEF/05 Data Archive/Council Financial Statements (NSW councils FY2015-16 to FY2023-24)/Comparison councils/Leeton (14750)/Leeton - FY2023-24 - Financial Statements.pdf
14750,Leeton,2023-24,total_expenses,38352000.0,7,Total expenses from continuing operations,/Users/ray/Library/CloudStorage/OneDrive-KnoxGrammarSchool/Extracurriculars/AUSSEF/05 Data Archive/Council Financial Statements (NSW councils FY2015-16 to FY2023-24)/Comparison councils/Leeton (14750)/Leeton - FY2023-24 - Financial Statements.pdf
14950,Lockhart,2019-20,bushfire_emergency_services_grant,36000.0,21,Bushfire and emergency services,/Users/ray/Library/CloudStorage/OneDrive-KnoxGrammarSchool/Extracurriculars/AUSSEF/05 Data Archive/Council Financial Statements (NSW councils FY2015-16 to FY2023-24)/Comparison councils/Lockhart (14950)/Lockhart - FY2020-21 - Financial Statements.pdf
14950,Lockhart,2019-20,capex_ippe,9339000.0,10,"Purchase of infrastructure, property, plant and equipment",/Users/ray/Library/CloudStorage/OneDrive-KnoxGrammarSchool/Extracurriculars/AUSSEF/05 Data Archive/Council Financial Statements (NSW councils FY2015-16 to FY2023-24)/Comparison councils/Lockhart (14950)/Lockhart - FY2020-21 - Financial Statements.pdf
14950,Lockhart,2019-20,depreciation,3807000.0,6,"Depreciation, amortisation and impairment for non-financial assets",/Users/ray/Library/CloudStorage/OneDrive-KnoxGrammarSchool/Extracurriculars/AUSSEF/05 Data Archive/Council Financial Statements (NSW councils FY2015-16 to FY2023-24)/Comparison councils/Lockhart (14950)/Lockhart - FY2020-21 - Financial Statements.pdf
14950,Lockhart,2019-20,grants_contrib_capital,4061000.0,6,Grants and contributions provided for capital purposes,/Users/ray/Library/CloudStorage/OneDrive-KnoxGrammarSchool/Extracurriculars/AUSSEF/05 Data Archive/Council Financial Statements (NSW councils FY2015-16 to FY2023-24)/Comparison councils/Lockhart (14950)/Lockhart - FY2020-21 - Financial Statements.pdf
14950,Lockhart,2019-20,grants_contrib_operating,6869000.0,6,Grants and contributions provided for operating purposes,/Users/ray/Library/CloudStorage/OneDrive-KnoxGrammarSchool/Extracurriculars/AUSSEF/05 Data Archive/Council Financial Statements (NSW councils FY2015-16 to FY2023-24)/Comparison councils/Lockhart (14950)/Lockhart - FY2020-21 - Financial Statements.pdf
14950,Lockhart,2019-20,other_disaster_line,223000.0,21,Flood mitigation voluntary purchase,/Users/ray/Library/CloudStorage/OneDrive-KnoxGrammarSchool/Extracurriculars/AUSSEF/05 Data Archive/Council Financial Statements (NSW councils FY2015-16 to FY2023-24)/Comparison councils/Lockhart (14950)/Lockhart - FY2020-21 - Financial Statements.pdf
14950,Lockhart,2019-20,other_disaster_line,1270000.0,21,Transport (roads to recovery),/Users/ray/Library/CloudStorage/OneDrive-KnoxGrammarSchool/Extracurriculars/AUSSEF/05 Data Archive/Council Financial Statements (NSW councils FY2015-16 to FY2023-24)/Comparison councils/Lockhart (14950)/Lockhart - FY2020-21 - Financial Statements.pdf
14950,Lockhart,2019-20,other_disaster_line,396000.0,33,Disaster Recovery,/Users/ray/Library/CloudStorage/OneDrive-KnoxGrammarSchool/Extracurriculars/AUSSEF/05 Data Archive/Council Financial Statements (NSW councils FY2015-16 to FY2023-24)/Comparison councils/Lockhart (14950)/Lockhart - FY2020-21 - Financial Statements.pdf
14950,Lockhart,2019-20,total_expenses,11201000.0,6,Total expenses from continuing operations,/Users/ray/Library/CloudStorage/OneDrive-KnoxGrammarSchool/Extracurriculars/AUSSEF/05 Data Archive/Council Financial Statements (NSW councils FY2015-16 to FY2023-24)/Comparison councils/Lockhart (14950)/Lockhart - FY2020-21 - Financial Statements.pdf
14950,Lockhart,2020-21,bushfire_emergency_services_grant,96000.0,21,Bushfire and emergency services,/Users/ray/Library/CloudStorage/OneDrive-KnoxGrammarSchool/Extracurriculars/AUSSEF/05 Data Archive/Council Financial Statements (NSW councils FY2015-16 to FY2023-24)/Comparison councils/Lockhart (14950)/Lockhart - FY2020-21 - Financial Statements.pdf
14950,Lockhart,2020-21,capex_ippe,10807000.0,10,"Purchase of infrastructure, property, plant and equipment",/Users/ray/Library/CloudStorage/OneDrive-KnoxGrammarSchool/Extracurriculars/AUSSEF/05 Data Archive/Council Financial Statements (NSW councils FY2015-16 to FY2023-24)/Comparison councils/Lockhart (14950)/Lockhart - FY2020-21 - Financial Statements.pdf
14950,Lockhart,2020-21,depreciation,3928000.0,6,"Depreciation, amortisation and impairment for non-financial assets",/Users/ray/Library/CloudStorage/OneDrive-KnoxGrammarSchool/Extracurriculars/AUSSEF/05 Data Archive/Council Financial Statements (NSW councils FY2015-16 to FY2023-24)/Comparison councils/Lockhart (14950)/Lockhart - FY2020-21 - Financial Statements.pdf
14950,Lockhart,2020-21,disaster_grant_operating,,21,Storm/flood damage,/Users/ray/Library/CloudStorage/OneDrive-KnoxGrammarSchool/Extracurriculars/AUSSEF/05 Data Archive/Council Financial Statements (NSW councils FY2015-16 to FY2023-24)/Comparison councils/Lockhart (14950)/Lockhart - FY2021-22 - Financial Statements.pdf
14950,Lockhart,2020-21,grants_contrib_capital,5824000.0,6,Grants and contributions provided for capital purposes,/Users/ray/Library/CloudStorage/OneDrive-KnoxGrammarSchool/Extracurriculars/AUSSEF/05 Data Archive/Council Financial Statements (NSW councils FY2015-16 to FY2023-24)/Comparison councils/Lockhart (14950)/Lockhart - FY2020-21 - Financial Statements.pdf
14950,Lockhart,2020-21,grants_contrib_operating,7813000.0,6,Grants and contributions provided for operating purposes,/Users/ray/Library/CloudStorage/OneDrive-KnoxGrammarSchool/Extracurriculars/AUSSEF/05 Data Archive/Council Financial Statements (NSW councils FY2015-16 to FY2023-24)/Comparison councils/Lockhart (14950)/Lockhart - FY2020-21 - Financial Statements.pdf
14950,Lockhart,2020-21,other_disaster_line,490000.0,21,Flood mitigation voluntary purchase,/Users/ray/Library/CloudStorage/OneDrive-KnoxGrammarSchool/Extracurriculars/AUSSEF/05 Data Archive/Council Financial Statements (NSW councils FY2015-16 to FY2023-24)/Comparison councils/Lockhart (14950)/Lockhart - FY2020-21 - Financial Statements.pdf
14950,Lockhart,2020-21,other_disaster_line,1270000.0,21,Transport (roads to recovery),/Users/ray/Library/CloudStorage/OneDrive-KnoxGrammarSchool/Extracurriculars/AUSSEF/05 Data Archive/Council Financial Statements (NSW councils FY2015-16 to FY2023-24)/Comparison councils/Lockhart (14950)/Lockhart - FY2020-21 - Financial Statements.pdf
14950,Lockhart,2020-21,other_disaster_line,407000.0,33,Disaster Recovery,/Users/ray/Library/CloudStorage/OneDrive-KnoxGrammarSchool/Extracurriculars/AUSSEF/05 Data Archive/Council Financial Statements (NSW councils FY2015-16 to FY2023-24)/Comparison councils/Lockhart (14950)/Lockhart - FY2020-21 - Financial Statements.pdf
14950,Lockhart,2020-21,other_disaster_line,490000.0,30,Floodplain Management Program for the voluntary purchase scheme $490k,/Users/ray/Library/CloudStorage/OneDrive-KnoxGrammarSchool/Extracurriculars/AUSSEF/05 Data Archive/Council Financial Statements (NSW councils FY2015-16 to FY2023-24)/Comparison councils/Lockhart (14950)/Lockhart - FY2020-21 - Financial Statements.pdf
14950,Lockhart,2020-21,total_expenses,12515000.0,6,Total expenses from continuing operations,/Users/ray/Library/CloudStorage/OneDrive-KnoxGrammarSchool/Extracurriculars/AUSSEF/05 Data Archive/Council Financial Statements (NSW councils FY2015-16 to FY2023-24)/Comparison councils/Lockhart (14950)/Lockhart - FY2020-21 - Financial Statements.pdf
14950,Lockhart,2021-22,bushfire_emergency_services_grant,84000.0,21,Bushfire and emergency services,/Users/ray/Library/CloudStorage/OneDrive-KnoxGrammarSchool/Extracurriculars/AUSSEF/05 Data Archive/Council Financial Statements (NSW councils FY2015-16 to FY2023-24)/Comparison councils/Lockhart (14950)/Lockhart - FY2021-22 - Financial Statements.pdf
14950,Lockhart,2021-22,capex_ippe,6376000.0,10,Payments for IPPE,/Users/ray/Library/CloudStorage/OneDrive-KnoxGrammarSchool/Extracurriculars/AUSSEF/05 Data Archive/Council Financial Statements (NSW councils FY2015-16 to FY2023-24)/Comparison councils/Lockhart (14950)/Lockhart - FY2021-22 - Financial Statements.pdf
14950,Lockhart,2021-22,depreciation,4528000.0,6,"Depreciation, amortisation and impairment of non-financial assets",/Users/ray/Library/CloudStorage/OneDrive-KnoxGrammarSchool/Extracurriculars/AUSSEF/05 Data Archive/Council Financial Statements (NSW councils FY2015-16 to FY2023-24)/Comparison councils/Lockhart (14950)/Lockhart - FY2021-22 - Financial Statements.pdf
14950,Lockhart,2021-22,disaster_grant_operating,474000.0,21,Storm/flood damage,/Users/ray/Library/CloudStorage/OneDrive-KnoxGrammarSchool/Extracurriculars/AUSSEF/05 Data Archive/Council Financial Statements (NSW councils FY2015-16 to FY2023-24)/Comparison councils/Lockhart (14950)/Lockhart - FY2021-22 - Financial Statements.pdf
14950,Lockhart,2021-22,grants_contrib_capital,3572000.0,6,Grants and contributions provided for capital purposes,/Users/ray/Library/CloudStorage/OneDrive-KnoxGrammarSchool/Extracurriculars/AUSSEF/05 Data Archive/Council Financial Statements (NSW councils FY2015-16 to FY2023-24)/Comparison councils/Lockhart (14950)/Lockhart - FY2021-22 - Financial Statements.pdf
14950,Lockhart,2021-22,grants_contrib_operating,8740000.0,6,Grants and contributions provided for operating purposes,/Users/ray/Library/CloudStorage/OneDrive-KnoxGrammarSchool/Extracurriculars/AUSSEF/05 Data Archive/Council Financial Statements (NSW councils FY2015-16 to FY2023-24)/Comparison councils/Lockhart (14950)/Lockhart - FY2021-22 - Financial Statements.pdf
14950,Lockhart,2021-22,other_disaster_line,462000.0,21,Flood mitigation voluntary purchase,/Users/ray/Library/CloudStorage/OneDrive-KnoxGrammarSchool/Extracurriculars/AUSSEF/05 Data Archive/Council Financial Statements (NSW councils FY2015-16 to FY2023-24)/Comparison councils/Lockhart (14950)/Lockhart - FY2021-22 - Financial Statements.pdf
14950,Lockhart,2021-22,other_disaster_line,920000.0,21,Transport (roads to recovery),/Users/ray/Library/CloudStorage/OneDrive-KnoxGrammarSchool/Extracurriculars/AUSSEF/05 Data Archive/Council Financial Statements (NSW councils FY2015-16 to FY2023-24)/Comparison councils/Lockhart (14950)/Lockhart - FY2021-22 - Financial Statements.pdf
14950,Lockhart,2021-22,other_disaster_line,418000.0,33,Disaster Recovery,/Users/ray/Library/CloudStorage/OneDrive-KnoxGrammarSchool/Extracurriculars/AUSSEF/05 Data Archive/Council Financial Statements (NSW councils FY2015-16 to FY2023-24)/Comparison councils/Lockhart (14950)/Lockhart - FY2021-22 - Financial Statements.pdf
14950,Lockhart,2021-22,other_disaster_line,474000.0,30,NSW Transport-Storm Damage Funding $474k,/Users/ray/Library/CloudStorage/OneDrive-KnoxGrammarSchool/Extracurriculars/AUSSEF/05 Data Archive/Council Financial Statements (NSW councils FY2015-16 to FY2023-24)/Comparison councils/Lockhart (14950)/Lockhart - FY2021-22 - Financial Statements.pdf
14950,Lockhart,2021-22,other_disaster_line,84000.0,30,NSW Bushfire and Emergency Services Rebate $84k,/Users/ray/Library/CloudStorage/OneDrive-KnoxGrammarSchool/Extracurriculars/AUSSEF/05 Data Archive/Council Financial Statements (NSW councils FY2015-16 to FY2023-24)/Comparison councils/Lockhart (14950)/Lockhart - FY2021-22 - Financial Statements.pdf
14950,Lockhart,2021-22,total_expenses,14594000.0,6,Total expenses from continuing operations,/Users/ray/Library/CloudStorage/OneDrive-KnoxGrammarSchool/Extracurriculars/AUSSEF/05 Data Archive/Council Financial Statements (NSW councils FY2015-16 to FY2023-24)/Comparison councils/Lockhart (14950)/Lockhart - FY2021-22 - Financial Statements.pdf
14950,Lockhart,2022-23,bushfire_emergency_services_grant,,20,Bushfire and emergency services,/Users/ray/Library/CloudStorage/OneDrive-KnoxGrammarSchool/Extracurriculars/AUSSEF/05 Data Archive/Council Financial Statements (NSW councils FY2015-16 to FY2023-24)/Comparison councils/Lockhart (14950)/Lockhart - FY2022-23 - Financial Statements.pdf
14950,Lockhart,2022-23,capex_ippe,4975000.0,9,Payments for IPPE,/Users/ray/Library/CloudStorage/OneDrive-KnoxGrammarSchool/Extracurriculars/AUSSEF/05 Data Archive/Council Financial Statements (NSW councils FY2015-16 to FY2023-24)/Comparison councils/Lockhart (14950)/Lockhart - FY2022-23 - Financial Statements.pdf
14950,Lockhart,2022-23,depreciation,5296000.0,5,"Depreciation, amortisation and impairment of non-financial assets",/Users/ray/Library/CloudStorage/OneDrive-KnoxGrammarSchool/Extracurriculars/AUSSEF/05 Data Archive/Council Financial Statements (NSW councils FY2015-16 to FY2023-24)/Comparison councils/Lockhart (14950)/Lockhart - FY2022-23 - Financial Statements.pdf
14950,Lockhart,2022-23,disaster_expense,833000.0,30,Disaster Recovery Funding Arrangements (DRFA) $833k,/Users/ray/Library/CloudStorage/OneDrive-KnoxGrammarSchool/Extracurriculars/AUSSEF/05 Data Archive/Council Financial Statements (NSW councils FY2015-16 to FY2023-24)/Comparison councils/Lockhart (14950)/Lockhart - FY2022-23 - Financial Statements.pdf
14950,Lockhart,2022-23,disaster_grant_operating,,20,Storm/flood damage,/Users/ray/Library/CloudStorage/OneDrive-KnoxGrammarSchool/Extracurriculars/AUSSEF/05 Data Archive/Council Financial Statements (NSW councils FY2015-16 to FY2023-24)/Comparison councils/Lockhart (14950)/Lockhart - FY2022-23 - Financial Statements.pdf
14950,Lockhart,2022-23,disaster_grant_operating,1000000.0,20,Disaster Funding Jan 23 Event,/Users/ray/Library/CloudStorage/OneDrive-KnoxGrammarSchool/Extracurriculars/AUSSEF/05 Data Archive/Council Financial Statements (NSW councils FY2015-16 to FY2023-24)/Comparison councils/Lockhart (14950)/Lockhart - FY2022-23 - Financial Statements.pdf
14950,Lockhart,2022-23,disaster_grant_operating,197000.0,20,DRFA Storm 22 Repair Grant,/Users/ray/Library/CloudStorage/OneDrive-KnoxGrammarSchool/Extracurriculars/AUSSEF/05 Data Archive/Council Financial Statements (NSW councils FY2015-16 to FY2023-24)/Comparison councils/Lockhart (14950)/Lockhart - FY2022-23 - Financial Statements.pdf
14950,Lockhart,2022-23,grants_contrib_capital,1768000.0,5,Grants and contributions provided for capital purposes,/Users/ray/Library/CloudStorage/OneDrive-KnoxGrammarSchool/Extracurriculars/AUSSEF/05 Data Archive/Council Financial Statements (NSW councils FY2015-16 to FY2023-24)/Comparison councils/Lockhart (14950)/Lockhart - FY2022-23 - Financial Statements.pdf
14950,Lockhart,2022-23,grants_contrib_operating,12328000.0,5,Grants and contributions provided for operating purposes,/Users/ray/Library/CloudStorage/OneDrive-KnoxGrammarSchool/Extracurriculars/AUSSEF/05 Data Archive/Council Financial Statements (NSW councils FY2015-16 to FY2023-24)/Comparison councils/Lockhart (14950)/Lockhart - FY2022-23 - Financial Statements.pdf
14950,Lockhart,2022-23,other_disaster_line,,20,Flood mitigation voluntary purchase,/Users/ray/Library/CloudStorage/OneDrive-KnoxGrammarSchool/Extracurriculars/AUSSEF/05 Data Archive/Council Financial Statements (NSW councils FY2015-16 to FY2023-24)/Comparison councils/Lockhart (14950)/Lockhart - FY2022-23 - Financial Statements.pdf
14950,Lockhart,2022-23,other_disaster_line,638000.0,20,Transport (roads to recovery),/Users/ray/Library/CloudStorage/OneDrive-KnoxGrammarSchool/Extracurriculars/AUSSEF/05 Data Archive/Council Financial Statements (NSW councils FY2015-16 to FY2023-24)/Comparison councils/Lockhart (14950)/Lockhart - FY2022-23 - Financial Statements.pdf
14950,Lockhart,2022-23,other_disaster_line,418000.0,32,Disaster Recovery,/Users/ray/Library/CloudStorage/OneDrive-KnoxGrammarSchool/Extracurriculars/AUSSEF/05 Data Archive/Council Financial Statements (NSW councils FY2015-16 to FY2023-24)/Comparison councils/Lockhart (14950)/Lockhart - FY2022-23 - Financial Statements.pdf
14950,Lockhart,2022-23,other_disaster_line,,73,operating grants related to disaster funding and roads repair funding,/Users/ray/Library/CloudStorage/OneDrive-KnoxGrammarSchool/Extracurriculars/AUSSEF/05 Data Archive/Council Financial Statements (NSW councils FY2015-16 to FY2023-24)/Comparison councils/Lockhart (14950)/Lockhart - FY2022-23 - Financial Statements.pdf
14950,Lockhart,2022-23,total_expenses,15598000.0,5,Total expenses from continuing operations,/Users/ray/Library/CloudStorage/OneDrive-KnoxGrammarSchool/Extracurriculars/AUSSEF/05 Data Archive/Council Financial Statements (NSW councils FY2015-16 to FY2023-24)/Comparison councils/Lockhart (14950)/Lockhart - FY2022-23 - Financial Statements.pdf
14950,Lockhart,2023-24,capex_ippe,8394000.0,9,Payments for IPPE,/Users/ray/Library/CloudStorage/OneDrive-KnoxGrammarSchool/Extracurriculars/AUSSEF/05 Data Archive/Council Financial Statements (NSW councils FY2015-16 to FY2023-24)/Comparison councils/Lockhart (14950)/Lockhart - FY2023-24 - Financial Statements.pdf
14950,Lockhart,2023-24,depreciation,5278000.0,5,"Depreciation, amortisation and impairment of non-financial assets",/Users/ray/Library/CloudStorage/OneDrive-KnoxGrammarSchool/Extracurriculars/AUSSEF/05 Data Archive/Council Financial Statements (NSW councils FY2015-16 to FY2023-24)/Comparison councils/Lockhart (14950)/Lockhart - FY2023-24 - Financial Statements.pdf
14950,Lockhart,2023-24,disaster_expense,1200000.0,69,Council has incurred expenditure of $1.2M on roads repair works under the Disaster Recovery Funding Arrangements (DRFA) which had not been claimed in FY24.,/Users/ray/Library/CloudStorage/OneDrive-KnoxGrammarSchool/Extracurriculars/AUSSEF/05 Data Archive/Council Financial Statements (NSW councils FY2015-16 to FY2023-24)/Comparison councils/Lockhart (14950)/Lockhart - FY2023-24 - Financial Statements.pdf
14950,Lockhart,2023-24,disaster_grant_operating,,19,Local Government Recovery Grant AGRN:1030/1034,/Users/ray/Library/CloudStorage/OneDrive-KnoxGrammarSchool/Extracurriculars/AUSSEF/05 Data Archive/Council Financial Statements (NSW councils FY2015-16 to FY2023-24)/Comparison councils/Lockhart (14950)/Lockhart - FY2023-24 - Financial Statements.pdf
14950,Lockhart,2023-24,disaster_grant_operating,1234000.0,19,Disaster Recovery Funding Arrangements AGRN:1034,/Users/ray/Library/CloudStorage/OneDrive-KnoxGrammarSchool/Extracurriculars/AUSSEF/05 Data Archive/Council Financial Statements (NSW councils FY2015-16 to FY2023-24)/Comparison councils/Lockhart (14950)/Lockhart - FY2023-24 - Financial Statements.pdf
14950,Lockhart,2023-24,grants_contrib_capital,3133000.0,5,Grants and contributions provided for capital purposes,/Users/ray/Library/CloudStorage/OneDrive-KnoxGrammarSchool/Extracurriculars/AUSSEF/05 Data Archive/Council Financial Statements (NSW councils FY2015-16 to FY2023-24)/Comparison councils/Lockhart (14950)/Lockhart - FY2023-24 - Financial Statements.pdf
14950,Lockhart,2023-24,grants_contrib_operating,12282000.0,5,Grants and contributions provided for operating purposes,/Users/ray/Library/CloudStorage/OneDrive-KnoxGrammarSchool/Extracurriculars/AUSSEF/05 Data Archive/Council Financial Statements (NSW councils FY2015-16 to FY2023-24)/Comparison councils/Lockhart (14950)/Lockhart - FY2023-24 - Financial Statements.pdf
14950,Lockhart,2023-24,other_disaster_line,645000.0,19,Flood mitigation voluntary purchase,/Users/ray/Library/CloudStorage/OneDrive-KnoxGrammarSchool/Extracurriculars/AUSSEF/05 Data Archive/Council Financial Statements (NSW councils FY2015-16 to FY2023-24)/Comparison councils/Lockhart (14950)/Lockhart - FY2023-24 - Financial Statements.pdf
14950,Lockhart,2023-24,other_disaster_line,982000.0,19,Transport (roads to recovery),/Users/ray/Library/CloudStorage/OneDrive-KnoxGrammarSchool/Extracurriculars/AUSSEF/05 Data Archive/Council Financial Statements (NSW councils FY2015-16 to FY2023-24)/Comparison councils/Lockhart (14950)/Lockhart - FY2023-24 - Financial Statements.pdf
14950,Lockhart,2023-24,other_disaster_line,,31,Disaster Recovery,/Users/ray/Library/CloudStorage/OneDrive-KnoxGrammarSchool/Extracurriculars/AUSSEF/05 Data Archive/Council Financial Statements (NSW councils FY2015-16 to FY2023-24)/Comparison councils/Lockhart (14950)/Lockhart - FY2023-24 - Financial Statements.pdf
14950,Lockhart,2023-24,other_disaster_line,2600000.0,28,Council received $2.6M more in Disaster Recovery Funding Arrangements and Regional & Local Rd Repair Program than budgeted,/Users/ray/Library/CloudStorage/OneDrive-KnoxGrammarSchool/Extracurriculars/AUSSEF/05 Data Archive/Council Financial Statements (NSW councils FY2015-16 to FY2023-24)/Comparison councils/Lockhart (14950)/Lockhart - FY2023-24 - Financial Statements.pdf
14950,Lockhart,2023-24,total_expenses,22029000.0,5,Total expenses from continuing operations,/Users/ray/Library/CloudStorage/OneDrive-KnoxGrammarSchool/Extracurriculars/AUSSEF/05 Data Archive/Council Financial Statements (NSW councils FY2015-16 to FY2023-24)/Comparison councils/Lockhart (14950)/Lockhart - FY2023-24 - Financial Statements.pdf
15050,Maitland,2015-16,bushfire_emergency_services_grant,0.0,29,- Bushfire equipment,/Users/ray/Library/CloudStorage/OneDrive-KnoxGrammarSchool/Extracurriculars/AUSSEF/05 Data Archive/Council Financial Statements (NSW councils FY2015-16 to FY2023-24)/Comparison councils/Maitland (15050)/Maitland - FY2016-17 - Financial Statements.pdf
15050,Maitland,2015-16,bushfire_emergency_services_grant,232000.0,29,- Rural fire service projects,/Users/ray/Library/CloudStorage/OneDrive-KnoxGrammarSchool/Extracurriculars/AUSSEF/05 Data Archive/Council Financial Statements (NSW councils FY2015-16 to FY2023-24)/Comparison councils/Maitland (15050)/Maitland - FY2016-17 - Financial Statements.pdf
15050,Maitland,2015-16,bushfire_emergency_services_grant,50000.0,29,- Rural fire service,/Users/ray/Library/CloudStorage/OneDrive-KnoxGrammarSchool/Extracurriculars/AUSSEF/05 Data Archive/Council Financial Statements (NSW councils FY2015-16 to FY2023-24)/Comparison councils/Maitland (15050)/Maitland - FY2016-17 - Financial Statements.pdf
15050,Maitland,2015-16,capex_ippe,37280000.0,9,"Purchase of infrastructure, property, plant and equipment",/Users/ray/Library/CloudStorage/OneDrive-KnoxGrammarSchool/Extracurriculars/AUSSEF/05 Data Archive/Council Financial Statements (NSW councils FY2015-16 to FY2023-24)/Comparison councils/Maitland (15050)/Maitland - FY2016-17 - Financial Statements.pdf
15050,Maitland,2015-16,depreciation,18805000.0,5,Depreciation and amortisation,/Users/ray/Library/CloudStorage/OneDrive-KnoxGrammarSchool/Extracurriculars/AUSSEF/05 Data Archive/Council Financial Statements (NSW councils FY2015-16 to FY2023-24)/Comparison councils/Maitland (15050)/Maitland - FY2016-17 - Financial Statements.pdf
15050,Maitland,2015-16,disaster_grant_operating,0.0,29,- Flood and storm damage (April 2015),/Users/ray/Library/CloudStorage/OneDrive-KnoxGrammarSchool/Extracurriculars/AUSSEF/05 Data Archive/Council Financial Statements (NSW councils FY2015-16 to FY2023-24)/Comparison councils/Maitland (15050)/Maitland - FY2016-17 - Financial Statements.pdf
15050,Maitland,2015-16,grants_contrib_capital,52514000.0,5,Grants and contributions provided for capital purposes,/Users/ray/Library/CloudStorage/OneDrive-KnoxGrammarSchool/Extracurriculars/AUSSEF/05 Data Archive/Council Financial Statements (NSW councils FY2015-16 to FY2023-24)/Comparison councils/Maitland (15050)/Maitland - FY2016-17 - Financial Statements.pdf
15050,Maitland,2015-16,grants_contrib_operating,12124000.0,5,Grants and contributions provided for operating purposes,/Users/ray/Library/CloudStorage/OneDrive-KnoxGrammarSchool/Extracurriculars/AUSSEF/05 Data Archive/Council Financial Statements (NSW councils FY2015-16 to FY2023-24)/Comparison councils/Maitland (15050)/Maitland - FY2016-17 - Financial Statements.pdf
15050,Maitland,2015-16,other_disaster_line,1766000.0,28,"Transport (3x3, Flood Works, Road to Recovery)",/Users/ray/Library/CloudStorage/OneDrive-KnoxGrammarSchool/Extracurriculars/AUSSEF/05 Data Archive/Council Financial Statements (NSW councils FY2015-16 to FY2023-24)/Comparison councils/Maitland (15050)/Maitland - FY2016-17 - Financial Statements.pdf
15050,Maitland,2015-16,other_disaster_line,0.0,29,- Contribution to flood study from other coun,/Users/ray/Library/CloudStorage/OneDrive-KnoxGrammarSchool/Extracurriculars/AUSSEF/05 Data Archive/Council Financial Statements (NSW councils FY2015-16 to FY2023-24)/Comparison councils/Maitland (15050)/Maitland - FY2016-17 - Financial Statements.pdf
15050,Maitland,2015-16,other_disaster_line,0.0,29,- Bushfire hazard work,/Users/ray/Library/CloudStorage/OneDrive-KnoxGrammarSchool/Extracurriculars/AUSSEF/05 Data Archive/Council Financial Statements (NSW councils FY2015-16 to FY2023-24)/Comparison councils/Maitland (15050)/Maitland - FY2016-17 - Financial Statements.pdf
15050,Maitland,2015-16,total_expenses,90284000.0,5,Total expenses from continuing operations,/Users/ray/Library/CloudStorage/OneDrive-KnoxGrammarSchool/Extracurriculars/AUSSEF/05 Data Archive/Council Financial Statements (NSW councils FY2015-16 to FY2023-24)/Comparison councils/Maitland (15050)/Maitland - FY2016-17 - Financial Statements.pdf
15050,Maitland,2016-17,bushfire_emergency_services_grant,400000.0,29,- Bushfire equipment,/Users/ray/Library/CloudStorage/OneDrive-KnoxGrammarSchool/Extracurriculars/AUSSEF/05 Data Archive/Council Financial Statements (NSW councils FY2015-16 to FY2023-24)/Comparison councils/Maitland (15050)/Maitland - FY2016-17 - Financial Statements.pdf
15050,Maitland,2016-17,bushfire_emergency_services_grant,170000.0,29,- Rural fire service projects,/Users/ray/Library/CloudStorage/OneDrive-KnoxGrammarSchool/Extracurriculars/AUSSEF/05 Data Archive/Council Financial Statements (NSW councils FY2015-16 to FY2023-24)/Comparison councils/Maitland (15050)/Maitland - FY2016-17 - Financial Statements.pdf
15050,Maitland,2016-17,bushfire_emergency_services_grant,65000.0,29,- Rural fire service,/Users/ray/Library/CloudStorage/OneDrive-KnoxGrammarSchool/Extracurriculars/AUSSEF/05 Data Archive/Council Financial Statements (NSW councils FY2015-16 to FY2023-24)/Comparison councils/Maitland (15050)/Maitland - FY2016-17 - Financial Statements.pdf
15050,Maitland,2016-17,capex_ippe,39816000.0,9,"Purchase of infrastructure, property, plant and equipment",/Users/ray/Library/CloudStorage/OneDrive-KnoxGrammarSchool/Extracurriculars/AUSSEF/05 Data Archive/Council Financial Statements (NSW councils FY2015-16 to FY2023-24)/Comparison councils/Maitland (15050)/Maitland - FY2016-17 - Financial Statements.pdf
15050,Maitland,2016-17,depreciation,19708000.0,5,Depreciation and amortisation,/Users/ray/Library/CloudStorage/OneDrive-KnoxGrammarSchool/Extracurriculars/AUSSEF/05 Data Archive/Council Financial Statements (NSW councils FY2015-16 to FY2023-24)/Comparison councils/Maitland (15050)/Maitland - FY2016-17 - Financial Statements.pdf
15050,Maitland,2016-17,disaster_grant_operating,653000.0,29,- Flood and storm damage (April 2015),/Users/ray/Library/CloudStorage/OneDrive-KnoxGrammarSchool/Extracurriculars/AUSSEF/05 Data Archive/Council Financial Statements (NSW councils FY2015-16 to FY2023-24)/Comparison councils/Maitland (15050)/Maitland - FY2016-17 - Financial Statements.pdf
15050,Maitland,2016-17,grants_contrib_capital,52586000.0,5,Grants and contributions provided for capital purposes,/Users/ray/Library/CloudStorage/OneDrive-KnoxGrammarSchool/Extracurriculars/AUSSEF/05 Data Archive/Council Financial Statements (NSW councils FY2015-16 to FY2023-24)/Comparison councils/Maitland (15050)/Maitland - FY2016-17 - Financial Statements.pdf
15050,Maitland,2016-17,grants_contrib_operating,15411000.0,5,Grants and contributions provided for operating purposes,/Users/ray/Library/CloudStorage/OneDrive-KnoxGrammarSchool/Extracurriculars/AUSSEF/05 Data Archive/Council Financial Statements (NSW councils FY2015-16 to FY2023-24)/Comparison councils/Maitland (15050)/Maitland - FY2016-17 - Financial Statements.pdf
15050,Maitland,2016-17,other_disaster_line,665000.0,28,"Transport (3x3, Flood Works, Road to Recovery)",/Users/ray/Library/CloudStorage/OneDrive-KnoxGrammarSchool/Extracurriculars/AUSSEF/05 Data Archive/Council Financial Statements (NSW councils FY2015-16 to FY2023-24)/Comparison councils/Maitland (15050)/Maitland - FY2016-17 - Financial Statements.pdf
15050,Maitland,2016-17,other_disaster_line,2000.0,29,- Contribution to flood study from other coun,/Users/ray/Library/CloudStorage/OneDrive-KnoxGrammarSchool/Extracurriculars/AUSSEF/05 Data Archive/Council Financial Statements (NSW councils FY2015-16 to FY2023-24)/Comparison councils/Maitland (15050)/Maitland - FY2016-17 - Financial Statements.pdf
15050,Maitland,2016-17,other_disaster_line,90000.0,29,- Bushfire hazard work,/Users/ray/Library/CloudStorage/OneDrive-KnoxGrammarSchool/Extracurriculars/AUSSEF/05 Data Archive/Council Financial Statements (NSW councils FY2015-16 to FY2023-24)/Comparison councils/Maitland (15050)/Maitland - FY2016-17 - Financial Statements.pdf
15050,Maitland,2016-17,total_expenses,97326000.0,5,Total expenses from continuing operations,/Users/ray/Library/CloudStorage/OneDrive-KnoxGrammarSchool/Extracurriculars/AUSSEF/05 Data Archive/Council Financial Statements (NSW councils FY2015-16 to FY2023-24)/Comparison councils/Maitland (15050)/Maitland - FY2016-17 - Financial Statements.pdf
15050,Maitland,2017-18,bushfire_emergency_services_grant,39000.0,20,- Rural fire service,/Users/ray/Library/CloudStorage/OneDrive-KnoxGrammarSchool/Extracurriculars/AUSSEF/05 Data Archive/Council Financial Statements (NSW councils FY2015-16 to FY2023-24)/Comparison councils/Maitland (15050)/Maitland - FY2018-19 - Financial Statements.pdf
15050,Maitland,2017-18,bushfire_emergency_services_grant,193000.0,20,Bushfire equipment,/Users/ray/Library/CloudStorage/OneDrive-KnoxGrammarSchool/Extracurriculars/AUSSEF/05 Data Archive/Council Financial Statements (NSW councils FY2015-16 to FY2023-24)/Comparison councils/Maitland (15050)/Maitland - FY2018-19 - Financial Statements.pdf
15050,Maitland,2017-18,capex_ippe,39120000.0,9,"Purchase of infrastructure, property, plant and equipment",/Users/ray/Library/CloudStorage/OneDrive-KnoxGrammarSchool/Extracurriculars/AUSSEF/05 Data Archive/Council Financial Statements (NSW councils FY2015-16 to FY2023-24)/Comparison councils/Maitland (15050)/Maitland - FY2018-19 - Financial Statements.pdf
15050,Maitland,2017-18,depreciation,20714000.0,5,Depreciation and amortisation,/Users/ray/Library/CloudStorage/OneDrive-KnoxGrammarSchool/Extracurriculars/AUSSEF/05 Data Archive/Council Financial Statements (NSW councils FY2015-16 to FY2023-24)/Comparison councils/Maitland (15050)/Maitland - FY2018-19 - Financial Statements.pdf
15050,Maitland,2017-18,disaster_grant_operating,867000.0,20,- Flood and storm damage (April 2015),/Users/ray/Library/CloudStorage/OneDrive-KnoxGrammarSchool/Extracurriculars/AUSSEF/05 Data Archive/Council Financial Statements (NSW councils FY2015-16 to FY2023-24)/Comparison councils/Maitland (15050)/Maitland - FY2018-19 - Financial Statements.pdf
15050,Maitland,2017-18,grants_contrib_capital,55273000.0,5,Grants and contributions provided for capital purposes,/Users/ray/Library/CloudStorage/OneDrive-KnoxGrammarSchool/Extracurriculars/AUSSEF/05 Data Archive/Council Financial Statements (NSW councils FY2015-16 to FY2023-24)/Comparison councils/Maitland (15050)/Maitland - FY2018-19 - Financial Statements.pdf
15050,Maitland,2017-18,grants_contrib_operating,11820000.0,5,Grants and contributions provided for operating purposes,/Users/ray/Library/CloudStorage/OneDrive-KnoxGrammarSchool/Extracurriculars/AUSSEF/05 Data Archive/Council Financial Statements (NSW councils FY2015-16 to FY2023-24)/Comparison councils/Maitland (15050)/Maitland - FY2018-19 - Financial Statements.pdf
15050,Maitland,2017-18,other_disaster_line,1700000.0,19,"Transport (3x3, Flood Works, Road to Recovery)",/Users/ray/Library/CloudStorage/OneDrive-KnoxGrammarSchool/Extracurriculars/AUSSEF/05 Data Archive/Council Financial Statements (NSW councils FY2015-16 to FY2023-24)/Comparison councils/Maitland (15050)/Maitland - FY2018-19 - Financial Statements.pdf
15050,Maitland,2017-18,other_disaster_line,21000.0,19,Floodplain management,/Users/ray/Library/CloudStorage/OneDrive-KnoxGrammarSchool/Extracurriculars/AUSSEF/05 Data Archive/Council Financial Statements (NSW councils FY2015-16 to FY2023-24)/Comparison councils/Maitland (15050)/Maitland - FY2018-19 - Financial Statements.pdf
15050,Maitland,2017-18,other_disaster_line,39000.0,20,- Bushfire hazard work,/Users/ray/Library/CloudStorage/OneDrive-KnoxGrammarSchool/Extracurriculars/AUSSEF/05 Data Archive/Council Financial Statements (NSW councils FY2015-16 to FY2023-24)/Comparison councils/Maitland (15050)/Maitland - FY2018-19 - Financial Statements.pdf
15050,Maitland,2017-18,total_expenses,96825000.0,5,Total expenses from continuing operations,/Users/ray/Library/CloudStorage/OneDrive-KnoxGrammarSchool/Extracurriculars/AUSSEF/05 Data Archive/Council Financial Statements (NSW councils FY2015-16 to FY2023-24)/Comparison councils/Maitland (15050)/Maitland - FY2018-19 - Financial Statements.pdf
15050,Maitland,2018-19,bushfire_emergency_services_grant,44000.0,20,- Rural fire service,/Users/ray/Library/CloudStorage/OneDrive-KnoxGrammarSchool/Extracurriculars/AUSSEF/05 Data Archive/Council Financial Statements (NSW councils FY2015-16 to FY2023-24)/Comparison councils/Maitland (15050)/Maitland - FY2018-19 - Financial Statements.pdf
15050,Maitland,2018-19,bushfire_emergency_services_grant,,20,- Rural fire service,/Users/ray/Library/CloudStorage/OneDrive-KnoxGrammarSchool/Extracurriculars/AUSSEF/05 Data Archive/Council Financial Statements (NSW councils FY2015-16 to FY2023-24)/Comparison councils/Maitland (15050)/Maitland - FY2018-19 - Financial Statements.pdf
15050,Maitland,2018-19,bushfire_emergency_services_grant,100000.0,20,Bushfire equipment,/Users/ray/Library/CloudStorage/OneDrive-KnoxGrammarSchool/Extracurriculars/AUSSEF/05 Data Archive/Council Financial Statements (NSW councils FY2015-16 to FY2023-24)/Comparison councils/Maitland (15050)/Maitland - FY2018-19 - Financial Statements.pdf
15050,Maitland,2018-19,capex_ippe,34954000.0,9,"Purchase of infrastructure, property, plant and equipment",/Users/ray/Library/CloudStorage/OneDrive-KnoxGrammarSchool/Extracurriculars/AUSSEF/05 Data Archive/Council Financial Statements (NSW councils FY2015-16 to FY2023-24)/Comparison councils/Maitland (15050)/Maitland - FY2018-19 - Financial Statements.pdf
15050,Maitland,2018-19,depreciation,22088000.0,5,Depreciation and amortisation,/Users/ray/Library/CloudStorage/OneDrive-KnoxGrammarSchool/Extracurriculars/AUSSEF/05 Data Archive/Council Financial Statements (NSW councils FY2015-16 to FY2023-24)/Comparison councils/Maitland (15050)/Maitland - FY2018-19 - Financial Statements.pdf
15050,Maitland,2018-19,disaster_grant_operating,,20,- Flood and storm damage (April 2015),/Users/ray/Library/CloudStorage/OneDrive-KnoxGrammarSchool/Extracurriculars/AUSSEF/05 Data Archive/Council Financial Statements (NSW councils FY2015-16 to FY2023-24)/Comparison councils/Maitland (15050)/Maitland - FY2018-19 - Financial Statements.pdf
15050,Maitland,2018-19,grants_contrib_capital,46008000.0,5,Grants and contributions provided for capital purposes,/Users/ray/Library/CloudStorage/OneDrive-KnoxGrammarSchool/Extracurriculars/AUSSEF/05 Data Archive/Council Financial Statements (NSW councils FY2015-16 to FY2023-24)/Comparison councils/Maitland (15050)/Maitland - FY2018-19 - Financial Statements.pdf
15050,Maitland,2018-19,grants_contrib_operating,10445000.0,5,Grants and contributions provided for operating purposes,/Users/ray/Library/CloudStorage/OneDrive-KnoxGrammarSchool/Extracurriculars/AUSSEF/05 Data Archive/Council Financial Statements (NSW councils FY2015-16 to FY2023-24)/Comparison councils/Maitland (15050)/Maitland - FY2018-19 - Financial Statements.pdf
15050,Maitland,2018-19,other_disaster_line,992000.0,19,"Transport (3x3, Flood Works, Road to Recovery)",/Users/ray/Library/CloudStorage/OneDrive-KnoxGrammarSchool/Extracurriculars/AUSSEF/05 Data Archive/Council Financial Statements (NSW councils FY2015-16 to FY2023-24)/Comparison councils/Maitland (15050)/Maitland - FY2018-19 - Financial Statements.pdf
15050,Maitland,2018-19,other_disaster_line,48000.0,19,Floodplain management,/Users/ray/Library/CloudStorage/OneDrive-KnoxGrammarSchool/Extracurriculars/AUSSEF/05 Data Archive/Council Financial Statements (NSW councils FY2015-16 to FY2023-24)/Comparison councils/Maitland (15050)/Maitland - FY2018-19 - Financial Statements.pdf
15050,Maitland,2018-19,other_disaster_line,78000.0,20,- Bushfire hazard work,/Users/ray/Library/CloudStorage/OneDrive-KnoxGrammarSchool/Extracurriculars/AUSSEF/05 Data Archive/Council Financial Statements (NSW councils FY2015-16 to FY2023-24)/Comparison councils/Maitland (15050)/Maitland - FY2018-19 - Financial Statements.pdf
15050,Maitland,2018-19,total_expenses,112285000.0,5,Total expenses from continuing operations,/Users/ray/Library/CloudStorage/OneDrive-KnoxGrammarSchool/Extracurriculars/AUSSEF/05 Data Archive/Council Financial Statements (NSW councils FY2015-16 to FY2023-24)/Comparison councils/Maitland (15050)/Maitland - FY2018-19 - Financial Statements.pdf
15050,Maitland,2020-21,bushfire_emergency_services_grant,290000.0,19,Rural Fire Service,/Users/ray/Library/CloudStorage/OneDrive-KnoxGrammarSchool/Extracurriculars/AUSSEF/05 Data Archive/Council Financial Statements (NSW councils FY2015-16 to FY2023-24)/Comparison councils/Maitland (15050)/Maitland - FY2021-22 - Financial Statements.pdf
15050,Maitland,2020-21,capex_ippe,30886000.0,9,Payments for IPPE,/Users/ray/Library/CloudStorage/OneDrive-KnoxGrammarSchool/Extracurriculars/AUSSEF/05 Data Archive/Council Financial Statements (NSW councils FY2015-16 to FY2023-24)/Comparison councils/Maitland (15050)/Maitland - FY2021-22 - Financial Statements.pdf
15050,Maitland,2020-21,depreciation,25759000.0,5,"Depreciation, amortisation and impairment of non-financial assets",/Users/ray/Library/CloudStorage/OneDrive-KnoxGrammarSchool/Extracurriculars/AUSSEF/05 Data Archive/Council Financial Statements (NSW councils FY2015-16 to FY2023-24)/Comparison councils/Maitland (15050)/Maitland - FY2021-22 - Financial Statements.pdf
15050,Maitland,2020-21,disaster_grant_operating,,19,Storm/flood damage,/Users/ray/Library/CloudStorage/OneDrive-KnoxGrammarSchool/Extracurriculars/AUSSEF/05 Data Archive/Council Financial Statements (NSW councils FY2015-16 to FY2023-24)/Comparison councils/Maitland (15050)/Maitland - FY2021-22 - Financial Statements.pdf
15050,Maitland,2020-21,grants_contrib_capital,50602000.0,5,Grants and contributions provided for capital purposes,/Users/ray/Library/CloudStorage/OneDrive-KnoxGrammarSchool/Extracurriculars/AUSSEF/05 Data Archive/Council Financial Statements (NSW councils FY2015-16 to FY2023-24)/Comparison councils/Maitland (15050)/Maitland - FY2021-22 - Financial Statements.pdf
15050,Maitland,2020-21,grants_contrib_operating,10947000.0,5,Grants and contributions provided for operating purposes,/Users/ray/Library/CloudStorage/OneDrive-KnoxGrammarSchool/Extracurriculars/AUSSEF/05 Data Archive/Council Financial Statements (NSW councils FY2015-16 to FY2023-24)/Comparison councils/Maitland (15050)/Maitland - FY2021-22 - Financial Statements.pdf
15050,Maitland,2020-21,total_expenses,113885000.0,5,Total expenses from continuing operations,/Users/ray/Library/CloudStorage/OneDrive-KnoxGrammarSchool/Extracurriculars/AUSSEF/05 Data Archive/Council Financial Statements (NSW councils FY2015-16 to FY2023-24)/Comparison councils/Maitland (15050)/Maitland - FY2021-22 - Financial Statements.pdf
15050,Maitland,2021-22,bushfire_emergency_services_grant,280000.0,19,Rural Fire Service,/Users/ray/Library/CloudStorage/OneDrive-KnoxGrammarSchool/Extracurriculars/AUSSEF/05 Data Archive/Council Financial Statements (NSW councils FY2015-16 to FY2023-24)/Comparison councils/Maitland (15050)/Maitland - FY2021-22 - Financial Statements.pdf
15050,Maitland,2021-22,bushfire_emergency_services_grant,53000.0,19,Rural Fire Service,/Users/ray/Library/CloudStorage/OneDrive-KnoxGrammarSchool/Extracurriculars/AUSSEF/05 Data Archive/Council Financial Statements (NSW councils FY2015-16 to FY2023-24)/Comparison councils/Maitland (15050)/Maitland - FY2021-22 - Financial Statements.pdf
15050,Maitland,2021-22,capex_ippe,60162000.0,9,Payments for IPPE,/Users/ray/Library/CloudStorage/OneDrive-KnoxGrammarSchool/Extracurriculars/AUSSEF/05 Data Archive/Council Financial Statements (NSW councils FY2015-16 to FY2023-24)/Comparison councils/Maitland (15050)/Maitland - FY2021-22 - Financial Statements.pdf
15050,Maitland,2021-22,depreciation,26896000.0,5,"Depreciation, amortisation and impairment of non-financial assets",/Users/ray/Library/CloudStorage/OneDrive-KnoxGrammarSchool/Extracurriculars/AUSSEF/05 Data Archive/Council Financial Statements (NSW councils FY2015-16 to FY2023-24)/Comparison councils/Maitland (15050)/Maitland - FY2021-22 - Financial Statements.pdf
15050,Maitland,2021-22,disaster_grant_operating,1000000.0,19,Storm/flood damage,/Users/ray/Library/CloudStorage/OneDrive-KnoxGrammarSchool/Extracurriculars/AUSSEF/05 Data Archive/Council Financial Statements (NSW councils FY2015-16 to FY2023-24)/Comparison councils/Maitland (15050)/Maitland - FY2021-22 - Financial Statements.pdf
15050,Maitland,2021-22,grants_contrib_capital,58427000.0,5,Grants and contributions provided for capital purposes,/Users/ray/Library/CloudStorage/OneDrive-KnoxGrammarSchool/Extracurriculars/AUSSEF/05 Data Archive/Council Financial Statements (NSW councils FY2015-16 to FY2023-24)/Comparison councils/Maitland (15050)/Maitland - FY2021-22 - Financial Statements.pdf
15050,Maitland,2021-22,grants_contrib_operating,15645000.0,5,Grants and contributions provided for operating purposes,/Users/ray/Library/CloudStorage/OneDrive-KnoxGrammarSchool/Extracurriculars/AUSSEF/05 Data Archive/Council Financial Statements (NSW councils FY2015-16 to FY2023-24)/Comparison councils/Maitland (15050)/Maitland - FY2021-22 - Financial Statements.pdf
15050,Maitland,2021-22,total_expenses,123050000.0,5,Total expenses from continuing operations,/Users/ray/Library/CloudStorage/OneDrive-KnoxGrammarSchool/Extracurriculars/AUSSEF/05 Data Archive/Council Financial Statements (NSW councils FY2015-16 to FY2023-24)/Comparison councils/Maitland (15050)/Maitland - FY2021-22 - Financial Statements.pdf
15050,Maitland,2022-23,bushfire_emergency_services_grant,235000.0,18,Rural Fire Service,/Users/ray/Library/CloudStorage/OneDrive-KnoxGrammarSchool/Extracurriculars/AUSSEF/05 Data Archive/Council Financial Statements (NSW councils FY2015-16 to FY2023-24)/Comparison councils/Maitland (15050)/Maitland - FY2022-23 - Financial Statements.pdf
15050,Maitland,2022-23,bushfire_emergency_services_grant,,18,Rural Fire Service,/Users/ray/Library/CloudStorage/OneDrive-KnoxGrammarSchool/Extracurriculars/AUSSEF/05 Data Archive/Council Financial Statements (NSW councils FY2015-16 to FY2023-24)/Comparison councils/Maitland (15050)/Maitland - FY2022-23 - Financial Statements.pdf
15050,Maitland,2022-23,capex_ippe,75020000.0,9,Payments for IPPE,/Users/ray/Library/CloudStorage/OneDrive-KnoxGrammarSchool/Extracurriculars/AUSSEF/05 Data Archive/Council Financial Statements (NSW councils FY2015-16 to FY2023-24)/Comparison councils/Maitland (15050)/Maitland - FY2022-23 - Financial Statements.pdf
15050,Maitland,2022-23,depreciation,29869000.0,5,"Depreciation, amortisation and impairment of non-financial assets",/Users/ray/Library/CloudStorage/OneDrive-KnoxGrammarSchool/Extracurriculars/AUSSEF/05 Data Archive/Council Financial Statements (NSW councils FY2015-16 to FY2023-24)/Comparison councils/Maitland (15050)/Maitland - FY2022-23 - Financial Statements.pdf
15050,Maitland,2022-23,disaster_expense,3900000.0,26,Flood repair program of $3.9M impacted the results.,/Users/ray/Library/CloudStorage/OneDrive-KnoxGrammarSchool/Extracurriculars/AUSSEF/05 Data Archive/Council Financial Statements (NSW councils FY2015-16 to FY2023-24)/Comparison councils/Maitland (15050)/Maitland - FY2022-23 - Financial Statements.pdf
15050,Maitland,2022-23,disaster_grant_operating,1532000.0,18,Storm/flood damage,/Users/ray/Library/CloudStorage/OneDrive-KnoxGrammarSchool/Extracurriculars/AUSSEF/05 Data Archive/Council Financial Statements (NSW councils FY2015-16 to FY2023-24)/Comparison councils/Maitland (15050)/Maitland - FY2022-23 - Financial Statements.pdf
15050,Maitland,2022-23,grants_contrib_capital,75356000.0,5,Grants and contributions provided for capital purposes,/Users/ray/Library/CloudStorage/OneDrive-KnoxGrammarSchool/Extracurriculars/AUSSEF/05 Data Archive/Council Financial Statements (NSW councils FY2015-16 to FY2023-24)/Comparison councils/Maitland (15050)/Maitland - FY2022-23 - Financial Statements.pdf
15050,Maitland,2022-23,grants_contrib_operating,19368000.0,5,Grants and contributions provided for operating purposes,/Users/ray/Library/CloudStorage/OneDrive-KnoxGrammarSchool/Extracurriculars/AUSSEF/05 Data Archive/Council Financial Statements (NSW councils FY2015-16 to FY2023-24)/Comparison councils/Maitland (15050)/Maitland - FY2022-23 - Financial Statements.pdf
15050,Maitland,2022-23,total_expenses,147701000.0,5,Total expenses from continuing operations,/Users/ray/Library/CloudStorage/OneDrive-KnoxGrammarSchool/Extracurriculars/AUSSEF/05 Data Archive/Council Financial Statements (NSW councils FY2015-16 to FY2023-24)/Comparison councils/Maitland (15050)/Maitland - FY2022-23 - Financial Statements.pdf
15050,Maitland,2023-24,bushfire_emergency_services_grant,101000.0,17,Rural Fire Service,/Users/ray/Library/CloudStorage/OneDrive-KnoxGrammarSchool/Extracurriculars/AUSSEF/05 Data Archive/Council Financial Statements (NSW councils FY2015-16 to FY2023-24)/Comparison councils/Maitland (15050)/Maitland - FY2023-24 - Financial Statements.pdf
15050,Maitland,2023-24,capex_ippe,57978000.0,9,Payments for IPPE,/Users/ray/Library/CloudStorage/OneDrive-KnoxGrammarSchool/Extracurriculars/AUSSEF/05 Data Archive/Council Financial Statements (NSW councils FY2015-16 to FY2023-24)/Comparison councils/Maitland (15050)/Maitland - FY2023-24 - Financial Statements.pdf
15050,Maitland,2023-24,depreciation,31097000.0,5,"Depreciation, amortisation and impairment of non-financial assets",/Users/ray/Library/CloudStorage/OneDrive-KnoxGrammarSchool/Extracurriculars/AUSSEF/05 Data Archive/Council Financial Statements (NSW councils FY2015-16 to FY2023-24)/Comparison councils/Maitland (15050)/Maitland - FY2023-24 - Financial Statements.pdf
15050,Maitland,2023-24,disaster_grant_operating,3517000.0,17,Storm/flood damage,/Users/ray/Library/CloudStorage/OneDrive-KnoxGrammarSchool/Extracurriculars/AUSSEF/05 Data Archive/Council Financial Statements (NSW councils FY2015-16 to FY2023-24)/Comparison councils/Maitland (15050)/Maitland - FY2023-24 - Financial Statements.pdf
15050,Maitland,2023-24,grants_contrib_capital,77506000.0,5,Grants and contributions provided for capital purposes,/Users/ray/Library/CloudStorage/OneDrive-KnoxGrammarSchool/Extracurriculars/AUSSEF/05 Data Archive/Council Financial Statements (NSW councils FY2015-16 to FY2023-24)/Comparison councils/Maitland (15050)/Maitland - FY2023-24 - Financial Statements.pdf
15050,Maitland,2023-24,grants_contrib_operating,18022000.0,5,Grants and contributions provided for operating purposes,/Users/ray/Library/CloudStorage/OneDrive-KnoxGrammarSchool/Extracurriculars/AUSSEF/05 Data Archive/Council Financial Statements (NSW councils FY2015-16 to FY2023-24)/Comparison councils/Maitland (15050)/Maitland - FY2023-24 - Financial Statements.pdf
15050,Maitland,2023-24,total_expenses,179449000.0,5,Total expenses from continuing operations,/Users/ray/Library/CloudStorage/OneDrive-KnoxGrammarSchool/Extracurriculars/AUSSEF/05 Data Archive/Council Financial Statements (NSW councils FY2015-16 to FY2023-24)/Comparison councils/Maitland (15050)/Maitland - FY2023-24 - Financial Statements.pdf
15850,Narromine,2015-16,bushfire_emergency_services_grant,114000.0,35,Bushfire and emergency services,/Users/ray/Library/CloudStorage/OneDrive-KnoxGrammarSchool/Extracurriculars/AUSSEF/05 Data Archive/Council Financial Statements (NSW councils FY2015-16 to FY2023-24)/Comparison councils/Narromine (15850)/Narromine - FY2015-16 - Financial Statements.pdf
15850,Narromine,2015-16,capex_ippe,9321000.0,9,"Purchase of infrastructure, property, plant and equipment",/Users/ray/Library/CloudStorage/OneDrive-KnoxGrammarSchool/Extracurriculars/AUSSEF/05 Data Archive/Council Financial Statements (NSW councils FY2015-16 to FY2023-24)/Comparison councils/Narromine (15850)/Narromine - FY2015-16 - Financial Statements.pdf
15850,Narromine,2015-16,depreciation,4664000.0,5,Depreciation and amortisation,/Users/ray/Library/CloudStorage/OneDrive-KnoxGrammarSchool/Extracurriculars/AUSSEF/05 Data Archive/Council Financial Statements (NSW councils FY2015-16 to FY2023-24)/Comparison councils/Narromine (15850)/Narromine - FY2015-16 - Financial Statements.pdf
15850,Narromine,2015-16,grants_contrib_capital,2291000.0,5,Grants and contributions provided for capital purposes,/Users/ray/Library/CloudStorage/OneDrive-KnoxGrammarSchool/Extracurriculars/AUSSEF/05 Data Archive/Council Financial Statements (NSW councils FY2015-16 to FY2023-24)/Comparison councils/Narromine (15850)/Narromine - FY2015-16 - Financial Statements.pdf
15850,Narromine,2015-16,grants_contrib_operating,8128000.0,5,Grants and contributions provided for operating purposes,/Users/ray/Library/CloudStorage/OneDrive-KnoxGrammarSchool/Extracurriculars/AUSSEF/05 Data Archive/Council Financial Statements (NSW councils FY2015-16 to FY2023-24)/Comparison councils/Narromine (15850)/Narromine - FY2015-16 - Financial Statements.pdf
15850,Narromine,2015-16,total_expenses,17211000.0,5,Total expenses from continuing operations,/Users/ray/Library/CloudStorage/OneDrive-KnoxGrammarSchool/Extracurriculars/AUSSEF/05 Data Archive/Council Financial Statements (NSW councils FY2015-16 to FY2023-24)/Comparison councils/Narromine (15850)/Narromine - FY2015-16 - Financial Statements.pdf
15850,Narromine,2016-17,bushfire_emergency_services_grant,83000.0,29,Bushfire and emergency services,/Users/ray/Library/CloudStorage/OneDrive-KnoxGrammarSchool/Extracurriculars/AUSSEF/05 Data Archive/Council Financial Statements (NSW councils FY2015-16 to FY2023-24)/Comparison councils/Narromine (15850)/Narromine - FY2016-17 - Financial Statements.pdf
15850,Narromine,2016-17,capex_ippe,6511000.0,8,"Purchase of infrastructure, property, plant and equipment",/Users/ray/Library/CloudStorage/OneDrive-KnoxGrammarSchool/Extracurriculars/AUSSEF/05 Data Archive/Council Financial Statements (NSW councils FY2015-16 to FY2023-24)/Comparison councils/Narromine (15850)/Narromine - FY2016-17 - Financial Statements.pdf
15850,Narromine,2016-17,depreciation,4991000.0,4,Depreciation and amortisation,/Users/ray/Library/CloudStorage/OneDrive-KnoxGrammarSchool/Extracurriculars/AUSSEF/05 Data Archive/Council Financial Statements (NSW councils FY2015-16 to FY2023-24)/Comparison councils/Narromine (15850)/Narromine - FY2016-17 - Financial Statements.pdf
15850,Narromine,2016-17,disaster_grant_operating,1010000.0,29,Flood restoration,/Users/ray/Library/CloudStorage/OneDrive-KnoxGrammarSchool/Extracurriculars/AUSSEF/05 Data Archive/Council Financial Statements (NSW councils FY2015-16 to FY2023-24)/Comparison councils/Narromine (15850)/Narromine - FY2016-17 - Financial Statements.pdf
15850,Narromine,2016-17,grants_contrib_capital,1197000.0,4,Grants and contributions provided for capital purposes,/Users/ray/Library/CloudStorage/OneDrive-KnoxGrammarSchool/Extracurriculars/AUSSEF/05 Data Archive/Council Financial Statements (NSW councils FY2015-16 to FY2023-24)/Comparison councils/Narromine (15850)/Narromine - FY2016-17 - Financial Statements.pdf
15850,Narromine,2016-17,grants_contrib_operating,11519000.0,4,Grants and contributions provided for operating purposes,/Users/ray/Library/CloudStorage/OneDrive-KnoxGrammarSchool/Extracurriculars/AUSSEF/05 Data Archive/Council Financial Statements (NSW councils FY2015-16 to FY2023-24)/Comparison councils/Narromine (15850)/Narromine - FY2016-17 - Financial Statements.pdf
15850,Narromine,2016-17,total_expenses,18860000.0,4,Total expenses from continuing operations,/Users/ray/Library/CloudStorage/OneDrive-KnoxGrammarSchool/Extracurriculars/AUSSEF/05 Data Archive/Council Financial Statements (NSW councils FY2015-16 to FY2023-24)/Comparison councils/Narromine (15850)/Narromine - FY2016-17 - Financial Statements.pdf
15850,Narromine,2017-18,bushfire_emergency_services_grant,116000.0,21,Bushfire and emergency services,/Users/ray/Library/CloudStorage/OneDrive-KnoxGrammarSchool/Extracurriculars/AUSSEF/05 Data Archive/Council Financial Statements (NSW councils FY2015-16 to FY2023-24)/Comparison councils/Narromine (15850)/Narromine - FY2017-18 - Financial Statements.pdf
15850,Narromine,2017-18,capex_ippe,8617000.0,10,"Purchase of infrastructure, property, plant and equipment",/Users/ray/Library/CloudStorage/OneDrive-KnoxGrammarSchool/Extracurriculars/AUSSEF/05 Data Archive/Council Financial Statements (NSW councils FY2015-16 to FY2023-24)/Comparison councils/Narromine (15850)/Narromine - FY2017-18 - Financial Statements.pdf
15850,Narromine,2017-18,depreciation,5964000.0,6,Depreciation and amortisation,/Users/ray/Library/CloudStorage/OneDrive-KnoxGrammarSchool/Extracurriculars/AUSSEF/05 Data Archive/Council Financial Statements (NSW councils FY2015-16 to FY2023-24)/Comparison councils/Narromine (15850)/Narromine - FY2017-18 - Financial Statements.pdf
15850,Narromine,2017-18,grants_contrib_capital,2831000.0,6,Grants and contributions provided for capital purposes,/Users/ray/Library/CloudStorage/OneDrive-KnoxGrammarSchool/Extracurriculars/AUSSEF/05 Data Archive/Council Financial Statements (NSW councils FY2015-16 to FY2023-24)/Comparison councils/Narromine (15850)/Narromine - FY2017-18 - Financial Statements.pdf
15850,Narromine,2017-18,grants_contrib_operating,8053000.0,6,Grants and contributions provided for operating purposes,/Users/ray/Library/CloudStorage/OneDrive-KnoxGrammarSchool/Extracurriculars/AUSSEF/05 Data Archive/Council Financial Statements (NSW councils FY2015-16 to FY2023-24)/Comparison councils/Narromine (15850)/Narromine - FY2017-18 - Financial Statements.pdf
15850,Narromine,2017-18,total_expenses,20721000.0,6,Total expenses from continuing operations,/Users/ray/Library/CloudStorage/OneDrive-KnoxGrammarSchool/Extracurriculars/AUSSEF/05 Data Archive/Council Financial Statements (NSW councils FY2015-16 to FY2023-24)/Comparison councils/Narromine (15850)/Narromine - FY2017-18 - Financial Statements.pdf
15850,Narromine,2018-19,bushfire_emergency_services_grant,116000.0,21,Bushfire and emergency services,/Users/ray/Library/CloudStorage/OneDrive-KnoxGrammarSchool/Extracurriculars/AUSSEF/05 Data Archive/Council Financial Statements (NSW councils FY2015-16 to FY2023-24)/Comparison councils/Narromine (15850)/Narromine - FY2018-19 - Financial Statements.pdf
15850,Narromine,2018-19,capex_ippe,10965000.0,9,"Purchase of infrastructure, property, plant and equipment",/Users/ray/Library/CloudStorage/OneDrive-KnoxGrammarSchool/Extracurriculars/AUSSEF/05 Data Archive/Council Financial Statements (NSW councils FY2015-16 to FY2023-24)/Comparison councils/Narromine (15850)/Narromine - FY2018-19 - Financial Statements.pdf
15850,Narromine,2018-19,depreciation,5850000.0,5,Depreciation and amortisation,/Users/ray/Library/CloudStorage/OneDrive-KnoxGrammarSchool/Extracurriculars/AUSSEF/05 Data Archive/Council Financial Statements (NSW councils FY2015-16 to FY2023-24)/Comparison councils/Narromine (15850)/Narromine - FY2018-19 - Financial Statements.pdf
15850,Narromine,2018-19,grants_contrib_capital,3390000.0,5,Grants and contributions provided for capital purposes,/Users/ray/Library/CloudStorage/OneDrive-KnoxGrammarSchool/Extracurriculars/AUSSEF/05 Data Archive/Council Financial Statements (NSW councils FY2015-16 to FY2023-24)/Comparison councils/Narromine (15850)/Narromine - FY2018-19 - Financial Statements.pdf
15850,Narromine,2018-19,grants_contrib_operating,7649000.0,5,Grants and contributions provided for operating purposes,/Users/ray/Library/CloudStorage/OneDrive-KnoxGrammarSchool/Extracurriculars/AUSSEF/05 Data Archive/Council Financial Statements (NSW councils FY2015-16 to FY2023-24)/Comparison councils/Narromine (15850)/Narromine - FY2018-19 - Financial Statements.pdf
15850,Narromine,2018-19,total_expenses,20839000.0,5,Total expenses from continuing operations,/Users/ray/Library/CloudStorage/OneDrive-KnoxGrammarSchool/Extracurriculars/AUSSEF/05 Data Archive/Council Financial Statements (NSW councils FY2015-16 to FY2023-24)/Comparison councils/Narromine (15850)/Narromine - FY2018-19 - Financial Statements.pdf
15850,Narromine,2019-20,bushfire_emergency_services_grant,116000.0,22,Bushfire and emergency services,/Users/ray/Library/CloudStorage/OneDrive-KnoxGrammarSchool/Extracurriculars/AUSSEF/05 Data Archive/Council Financial Statements (NSW councils FY2015-16 to FY2023-24)/Comparison councils/Narromine (15850)/Narromine - FY2019-20 - Financial Statements.pdf
15850,Narromine,2019-20,capex_ippe,11583000.0,11,"Purchase of infrastructure, property, plant and equipment",/Users/ray/Library/CloudStorage/OneDrive-KnoxGrammarSchool/Extracurriculars/AUSSEF/05 Data Archive/Council Financial Statements (NSW councils FY2015-16 to FY2023-24)/Comparison councils/Narromine (15850)/Narromine - FY2019-20 - Financial Statements.pdf
15850,Narromine,2019-20,depreciation,5651000.0,7,Depreciation and amortisation,/Users/ray/Library/CloudStorage/OneDrive-KnoxGrammarSchool/Extracurriculars/AUSSEF/05 Data Archive/Council Financial Statements (NSW councils FY2015-16 to FY2023-24)/Comparison councils/Narromine (15850)/Narromine - FY2019-20 - Financial Statements.pdf
15850,Narromine,2019-20,grants_contrib_capital,3982000.0,7,Grants and contributions provided for capital purposes,/Users/ray/Library/CloudStorage/OneDrive-KnoxGrammarSchool/Extracurriculars/AUSSEF/05 Data Archive/Council Financial Statements (NSW councils FY2015-16 to FY2023-24)/Comparison councils/Narromine (15850)/Narromine - FY2019-20 - Financial Statements.pdf
15850,Narromine,2019-20,grants_contrib_operating,7845000.0,7,Grants and contributions provided for operating purposes,/Users/ray/Library/CloudStorage/OneDrive-KnoxGrammarSchool/Extracurriculars/AUSSEF/05 Data Archive/Council Financial Statements (NSW councils FY2015-16 to FY2023-24)/Comparison councils/Narromine (15850)/Narromine - FY2019-20 - Financial Statements.pdf
15850,Narromine,2019-20,total_expenses,20199000.0,7,Total expenses from continuing operations,/Users/ray/Library/CloudStorage/OneDrive-KnoxGrammarSchool/Extracurriculars/AUSSEF/05 Data Archive/Council Financial Statements (NSW councils FY2015-16 to FY2023-24)/Comparison councils/Narromine (15850)/Narromine - FY2019-20 - Financial Statements.pdf
15850,Narromine,2020-21,bushfire_emergency_services_grant,116000.0,22,Bushfire and emergency services,/Users/ray/Library/CloudStorage/OneDrive-KnoxGrammarSchool/Extracurriculars/AUSSEF/05 Data Archive/Council Financial Statements (NSW councils FY2015-16 to FY2023-24)/Comparison councils/Narromine (15850)/Narromine - FY2020-21 - Financial Statements.pdf
15850,Narromine,2020-21,bushfire_emergency_services_grant,2926000.0,22,Bushfire and emergency services,/Users/ray/Library/CloudStorage/OneDrive-KnoxGrammarSchool/Extracurriculars/AUSSEF/05 Data Archive/Council Financial Statements (NSW councils FY2015-16 to FY2023-24)/Comparison councils/Narromine (15850)/Narromine - FY2020-21 - Financial Statements.pdf
15850,Narromine,2020-21,capex_ippe,13271000.0,11,"Purchase of infrastructure, property, plant and equipment",/Users/ray/Library/CloudStorage/OneDrive-KnoxGrammarSchool/Extracurriculars/AUSSEF/05 Data Archive/Council Financial Statements (NSW councils FY2015-16 to FY2023-24)/Comparison councils/Narromine (15850)/Narromine - FY2020-21 - Financial Statements.pdf
15850,Narromine,2020-21,depreciation,6632000.0,7,"Depreciation, amortisation and impairment for non-financial assets",/Users/ray/Library/CloudStorage/OneDrive-KnoxGrammarSchool/Extracurriculars/AUSSEF/05 Data Archive/Council Financial Statements (NSW councils FY2015-16 to FY2023-24)/Comparison councils/Narromine (15850)/Narromine - FY2020-21 - Financial Statements.pdf
15850,Narromine,2020-21,grants_contrib_capital,9125000.0,7,Grants and contributions provided for capital purposes,/Users/ray/Library/CloudStorage/OneDrive-KnoxGrammarSchool/Extracurriculars/AUSSEF/05 Data Archive/Council Financial Statements (NSW councils FY2015-16 to FY2023-24)/Comparison councils/Narromine (15850)/Narromine - FY2020-21 - Financial Statements.pdf
15850,Narromine,2020-21,grants_contrib_operating,8001000.0,7,Grants and contributions provided for operating purposes,/Users/ray/Library/CloudStorage/OneDrive-KnoxGrammarSchool/Extracurriculars/AUSSEF/05 Data Archive/Council Financial Statements (NSW councils FY2015-16 to FY2023-24)/Comparison councils/Narromine (15850)/Narromine - FY2020-21 - Financial Statements.pdf
15850,Narromine,2020-21,total_expenses,22293000.0,7,Total expenses from continuing operations,/Users/ray/Library/CloudStorage/OneDrive-KnoxGrammarSchool/Extracurriculars/AUSSEF/05 Data Archive/Council Financial Statements (NSW councils FY2015-16 to FY2023-24)/Comparison councils/Narromine (15850)/Narromine - FY2020-21 - Financial Statements.pdf
15850,Narromine,2021-22,bushfire_emergency_services_grant,116000.0,21,Bushfire and emergency services,/Users/ray/Library/CloudStorage/OneDrive-KnoxGrammarSchool/Extracurriculars/AUSSEF/05 Data Archive/Council Financial Statements (NSW councils FY2015-16 to FY2023-24)/Comparison councils/Narromine (15850)/Narromine - FY2021-22 - Financial Statements.pdf
15850,Narromine,2021-22,capex_ippe,11688000.0,11,Payments for IPPE,/Users/ray/Library/CloudStorage/OneDrive-KnoxGrammarSchool/Extracurriculars/AUSSEF/05 Data Archive/Council Financial Statements (NSW councils FY2015-16 to FY2023-24)/Comparison councils/Narromine (15850)/Narromine - FY2021-22 - Financial Statements.pdf
15850,Narromine,2021-22,depreciation,6514000.0,7,"Depreciation, amortisation and impairment of non-financial assets",/Users/ray/Library/CloudStorage/OneDrive-KnoxGrammarSchool/Extracurriculars/AUSSEF/05 Data Archive/Council Financial Statements (NSW councils FY2015-16 to FY2023-24)/Comparison councils/Narromine (15850)/Narromine - FY2021-22 - Financial Statements.pdf
15850,Narromine,2021-22,grants_contrib_capital,10624000.0,7,Grants and contributions provided for capital purposes,/Users/ray/Library/CloudStorage/OneDrive-KnoxGrammarSchool/Extracurriculars/AUSSEF/05 Data Archive/Council Financial Statements (NSW councils FY2015-16 to FY2023-24)/Comparison councils/Narromine (15850)/Narromine - FY2021-22 - Financial Statements.pdf
15850,Narromine,2021-22,grants_contrib_operating,7388000.0,7,Grants and contributions provided for operating purposes,/Users/ray/Library/CloudStorage/OneDrive-KnoxGrammarSchool/Extracurriculars/AUSSEF/05 Data Archive/Council Financial Statements (NSW councils FY2015-16 to FY2023-24)/Comparison councils/Narromine (15850)/Narromine - FY2021-22 - Financial Statements.pdf
15850,Narromine,2021-22,total_expenses,25789000.0,7,Total expenses from continuing operations,/Users/ray/Library/CloudStorage/OneDrive-KnoxGrammarSchool/Extracurriculars/AUSSEF/05 Data Archive/Council Financial Statements (NSW councils FY2015-16 to FY2023-24)/Comparison councils/Narromine (15850)/Narromine - FY2021-22 - Financial Statements.pdf
15850,Narromine,2022-23,bushfire_emergency_services_grant,118000.0,19,Bushfire and emergency services,/Users/ray/Library/CloudStorage/OneDrive-KnoxGrammarSchool/Extracurriculars/AUSSEF/05 Data Archive/Council Financial Statements (NSW councils FY2015-16 to FY2023-24)/Comparison councils/Narromine (15850)/Narromine - FY2022-23 - Financial Statements.pdf
15850,Narromine,2022-23,capex_ippe,16986000.0,9,Payments for IPPE,/Users/ray/Library/CloudStorage/OneDrive-KnoxGrammarSchool/Extracurriculars/AUSSEF/05 Data Archive/Council Financial Statements (NSW councils FY2015-16 to FY2023-24)/Comparison councils/Narromine (15850)/Narromine - FY2022-23 - Financial Statements.pdf
15850,Narromine,2022-23,depreciation,7727000.0,5,"Depreciation, amortisation and impairment of non-financial assets",/Users/ray/Library/CloudStorage/OneDrive-KnoxGrammarSchool/Extracurriculars/AUSSEF/05 Data Archive/Council Financial Statements (NSW councils FY2015-16 to FY2023-24)/Comparison councils/Narromine (15850)/Narromine - FY2022-23 - Financial Statements.pdf
15850,Narromine,2022-23,grants_contrib_capital,6762000.0,5,Grants and contributions provided for capital purposes,/Users/ray/Library/CloudStorage/OneDrive-KnoxGrammarSchool/Extracurriculars/AUSSEF/05 Data Archive/Council Financial Statements (NSW councils FY2015-16 to FY2023-24)/Comparison councils/Narromine (15850)/Narromine - FY2022-23 - Financial Statements.pdf
15850,Narromine,2022-23,grants_contrib_operating,9999000.0,5,Grants and contributions provided for operating purposes,/Users/ray/Library/CloudStorage/OneDrive-KnoxGrammarSchool/Extracurriculars/AUSSEF/05 Data Archive/Council Financial Statements (NSW councils FY2015-16 to FY2023-24)/Comparison councils/Narromine (15850)/Narromine - FY2022-23 - Financial Statements.pdf
15850,Narromine,2022-23,total_expenses,25720000.0,5,Total expenses from continuing operations,/Users/ray/Library/CloudStorage/OneDrive-KnoxGrammarSchool/Extracurriculars/AUSSEF/05 Data Archive/Council Financial Statements (NSW councils FY2015-16 to FY2023-24)/Comparison councils/Narromine (15850)/Narromine - FY2022-23 - Financial Statements.pdf
15850,Narromine,2023-24,bushfire_emergency_services_grant,120000.0,20,Bushfire and emergency services,/Users/ray/Library/CloudStorage/OneDrive-KnoxGrammarSchool/Extracurriculars/AUSSEF/05 Data Archive/Council Financial Statements (NSW councils FY2015-16 to FY2023-24)/Comparison councils/Narromine (15850)/Narromine - FY2023-24 - Financial Statements.pdf
15850,Narromine,2023-24,capex_ippe,12953000.0,10,Payments for IPPE,/Users/ray/Library/CloudStorage/OneDrive-KnoxGrammarSchool/Extracurriculars/AUSSEF/05 Data Archive/Council Financial Statements (NSW councils FY2015-16 to FY2023-24)/Comparison councils/Narromine (15850)/Narromine - FY2023-24 - Financial Statements.pdf
15850,Narromine,2023-24,depreciation,9635000.0,6,"Depreciation, amortisation and impairment of non-financial assets",/Users/ray/Library/CloudStorage/OneDrive-KnoxGrammarSchool/Extracurriculars/AUSSEF/05 Data Archive/Council Financial Statements (NSW councils FY2015-16 to FY2023-24)/Comparison councils/Narromine (15850)/Narromine - FY2023-24 - Financial Statements.pdf
15850,Narromine,2023-24,grants_contrib_capital,9498000.0,6,Grants and contributions provided for capital purposes,/Users/ray/Library/CloudStorage/OneDrive-KnoxGrammarSchool/Extracurriculars/AUSSEF/05 Data Archive/Council Financial Statements (NSW councils FY2015-16 to FY2023-24)/Comparison councils/Narromine (15850)/Narromine - FY2023-24 - Financial Statements.pdf
15850,Narromine,2023-24,grants_contrib_operating,10639000.0,6,Grants and contributions provided for operating purposes,/Users/ray/Library/CloudStorage/OneDrive-KnoxGrammarSchool/Extracurriculars/AUSSEF/05 Data Archive/Council Financial Statements (NSW councils FY2015-16 to FY2023-24)/Comparison councils/Narromine (15850)/Narromine - FY2023-24 - Financial Statements.pdf
15850,Narromine,2023-24,total_expenses,32120000.0,6,Total expenses from continuing operations,/Users/ray/Library/CloudStorage/OneDrive-KnoxGrammarSchool/Extracurriculars/AUSSEF/05 Data Archive/Council Financial Statements (NSW councils FY2015-16 to FY2023-24)/Comparison councils/Narromine (15850)/Narromine - FY2023-24 - Financial Statements.pdf
16150,Orange,2015-16,bushfire_emergency_services_grant,1416000.0,103,Bushfire services,/Users/ray/Library/CloudStorage/OneDrive-KnoxGrammarSchool/Extracurriculars/AUSSEF/05 Data Archive/Council Financial Statements (NSW councils FY2015-16 to FY2023-24)/Comparison councils/Orange (16150)/Orange - FY2015-16 - Annual Report.pdf
16150,Orange,2015-16,bushfire_emergency_services_grant,420000.0,103,Bushfire services,/Users/ray/Library/CloudStorage/OneDrive-KnoxGrammarSchool/Extracurriculars/AUSSEF/05 Data Archive/Council Financial Statements (NSW councils FY2015-16 to FY2023-24)/Comparison councils/Orange (16150)/Orange - FY2015-16 - Annual Report.pdf
16150,Orange,2015-16,capex_ippe,49397000.0,76,"Purchase of infrastructure, property, plant and equipment",/Users/ray/Library/CloudStorage/OneDrive-KnoxGrammarSchool/Extracurriculars/AUSSEF/05 Data Archive/Council Financial Statements (NSW councils FY2015-16 to FY2023-24)/Comparison councils/Orange (16150)/Orange - FY2015-16 - Annual Report.pdf
16150,Orange,2015-16,depreciation,15852000.0,72,Depreciation and amortisation,/Users/ray/Library/CloudStorage/OneDrive-KnoxGrammarSchool/Extracurriculars/AUSSEF/05 Data Archive/Council Financial Statements (NSW councils FY2015-16 to FY2023-24)/Comparison councils/Orange (16150)/Orange - FY2015-16 - Annual Report.pdf
16150,Orange,2015-16,grants_contrib_capital,21633000.0,72,Grants and contributions provided for capital purposes,/Users/ray/Library/CloudStorage/OneDrive-KnoxGrammarSchool/Extracurriculars/AUSSEF/05 Data Archive/Council Financial Statements (NSW councils FY2015-16 to FY2023-24)/Comparison councils/Orange (16150)/Orange - FY2015-16 - Annual Report.pdf
16150,Orange,2015-16,grants_contrib_operating,14750000.0,72,Grants and contributions provided for operating purposes,/Users/ray/Library/CloudStorage/OneDrive-KnoxGrammarSchool/Extracurriculars/AUSSEF/05 Data Archive/Council Financial Statements (NSW councils FY2015-16 to FY2023-24)/Comparison councils/Orange (16150)/Orange - FY2015-16 - Annual Report.pdf
16150,Orange,2015-16,total_expenses,84264000.0,72,Total expenses from continuing operations,/Users/ray/Library/CloudStorage/OneDrive-KnoxGrammarSchool/Extracurriculars/AUSSEF/05 Data Archive/Council Financial Statements (NSW councils FY2015-16 to FY2023-24)/Comparison councils/Orange (16150)/Orange - FY2015-16 - Annual Report.pdf
16150,Orange,2016-17,bushfire_emergency_services_grant,745000.0,102,Bushfire services,/Users/ray/Library/CloudStorage/OneDrive-KnoxGrammarSchool/Extracurriculars/AUSSEF/05 Data Archive/Council Financial Statements (NSW councils FY2015-16 to FY2023-24)/Comparison councils/Orange (16150)/Orange - FY2016-17 - Annual Report.pdf
16150,Orange,2016-17,bushfire_emergency_services_grant,201000.0,102,Bushfire services,/Users/ray/Library/CloudStorage/OneDrive-KnoxGrammarSchool/Extracurriculars/AUSSEF/05 Data Archive/Council Financial Statements (NSW councils FY2015-16 to FY2023-24)/Comparison councils/Orange (16150)/Orange - FY2016-17 - Annual Report.pdf
16150,Orange,2016-17,capex_ippe,45163000.0,80,"Purchase of infrastructure, property, plant and equipment",/Users/ray/Library/CloudStorage/OneDrive-KnoxGrammarSchool/Extracurriculars/AUSSEF/05 Data Archive/Council Financial Statements (NSW councils FY2015-16 to FY2023-24)/Comparison councils/Orange (16150)/Orange - FY2016-17 - Annual Report.pdf
16150,Orange,2016-17,depreciation,17753000.0,76,Depreciation and amortisation,/Users/ray/Library/CloudStorage/OneDrive-KnoxGrammarSchool/Extracurriculars/AUSSEF/05 Data Archive/Council Financial Statements (NSW councils FY2015-16 to FY2023-24)/Comparison councils/Orange (16150)/Orange - FY2016-17 - Annual Report.pdf
16150,Orange,2016-17,grants_contrib_capital,21754000.0,76,Grants and contributions provided for capital purposes,/Users/ray/Library/CloudStorage/OneDrive-KnoxGrammarSchool/Extracurriculars/AUSSEF/05 Data Archive/Council Financial Statements (NSW councils FY2015-16 to FY2023-24)/Comparison councils/Orange (16150)/Orange - FY2016-17 - Annual Report.pdf
16150,Orange,2016-17,grants_contrib_operating,16845000.0,76,Grants and contributions provided for operating purposes,/Users/ray/Library/CloudStorage/OneDrive-KnoxGrammarSchool/Extracurriculars/AUSSEF/05 Data Archive/Council Financial Statements (NSW councils FY2015-16 to FY2023-24)/Comparison councils/Orange (16150)/Orange - FY2016-17 - Annual Report.pdf
16150,Orange,2016-17,total_expenses,85500000.0,76,Total expenses from continuing operations,/Users/ray/Library/CloudStorage/OneDrive-KnoxGrammarSchool/Extracurriculars/AUSSEF/05 Data Archive/Council Financial Statements (NSW councils FY2015-16 to FY2023-24)/Comparison councils/Orange (16150)/Orange - FY2016-17 - Annual Report.pdf
16150,Orange,2017-18,bushfire_emergency_services_grant,1578000.0,88,Bushfire services,/Users/ray/Library/CloudStorage/OneDrive-KnoxGrammarSchool/Extracurriculars/AUSSEF/05 Data Archive/Council Financial Statements (NSW councils FY2015-16 to FY2023-24)/Comparison councils/Orange (16150)/Orange - FY2017-18 - Annual Report.pdf
16150,Orange,2017-18,bushfire_emergency_services_grant,,88,Bushfire services,/Users/ray/Library/CloudStorage/OneDrive-KnoxGrammarSchool/Extracurriculars/AUSSEF/05 Data Archive/Council Financial Statements (NSW councils FY2015-16 to FY2023-24)/Comparison councils/Orange (16150)/Orange - FY2017-18 - Annual Report.pdf
16150,Orange,2017-18,capex_ippe,23484000.0,75,"Purchase of infrastructure, property, plant and equipment",/Users/ray/Library/CloudStorage/OneDrive-KnoxGrammarSchool/Extracurriculars/AUSSEF/05 Data Archive/Council Financial Statements (NSW councils FY2015-16 to FY2023-24)/Comparison councils/Orange (16150)/Orange - FY2017-18 - Annual Report.pdf
16150,Orange,2017-18,depreciation,17725000.0,71,Depreciation and amortisation,/Users/ray/Library/CloudStorage/OneDrive-KnoxGrammarSchool/Extracurriculars/AUSSEF/05 Data Archive/Council Financial Statements (NSW councils FY2015-16 to FY2023-24)/Comparison councils/Orange (16150)/Orange - FY2017-18 - Annual Report.pdf
16150,Orange,2017-18,grants_contrib_capital,20746000.0,71,Grants and contributions provided for capital purposes,/Users/ray/Library/CloudStorage/OneDrive-KnoxGrammarSchool/Extracurriculars/AUSSEF/05 Data Archive/Council Financial Statements (NSW councils FY2015-16 to FY2023-24)/Comparison councils/Orange (16150)/Orange - FY2017-18 - Annual Report.pdf
16150,Orange,2017-18,grants_contrib_operating,12717000.0,71,Grants and contributions provided for operating purposes,/Users/ray/Library/CloudStorage/OneDrive-KnoxGrammarSchool/Extracurriculars/AUSSEF/05 Data Archive/Council Financial Statements (NSW councils FY2015-16 to FY2023-24)/Comparison councils/Orange (16150)/Orange - FY2017-18 - Annual Report.pdf
16150,Orange,2017-18,total_expenses,87703000.0,71,Total expenses from continuing operations,/Users/ray/Library/CloudStorage/OneDrive-KnoxGrammarSchool/Extracurriculars/AUSSEF/05 Data Archive/Council Financial Statements (NSW councils FY2015-16 to FY2023-24)/Comparison councils/Orange (16150)/Orange - FY2017-18 - Annual Report.pdf
16150,Orange,2018-19,bushfire_emergency_services_grant,1616000.0,102,Bushfire services,/Users/ray/Library/CloudStorage/OneDrive-KnoxGrammarSchool/Extracurriculars/AUSSEF/05 Data Archive/Council Financial Statements (NSW councils FY2015-16 to FY2023-24)/Comparison councils/Orange (16150)/Orange - FY2018-19 - Annual Report.pdf
16150,Orange,2018-19,bushfire_emergency_services_grant,,102,Bushfire services,/Users/ray/Library/CloudStorage/OneDrive-KnoxGrammarSchool/Extracurriculars/AUSSEF/05 Data Archive/Council Financial Statements (NSW councils FY2015-16 to FY2023-24)/Comparison councils/Orange (16150)/Orange - FY2018-19 - Annual Report.pdf
16150,Orange,2018-19,capex_ippe,25512000.0,89,"Purchase of infrastructure, property, plant and equipment",/Users/ray/Library/CloudStorage/OneDrive-KnoxGrammarSchool/Extracurriculars/AUSSEF/05 Data Archive/Council Financial Statements (NSW councils FY2015-16 to FY2023-24)/Comparison councils/Orange (16150)/Orange - FY2018-19 - Annual Report.pdf
16150,Orange,2018-19,depreciation,17532000.0,85,Depreciation and amortisation,/Users/ray/Library/CloudStorage/OneDrive-KnoxGrammarSchool/Extracurriculars/AUSSEF/05 Data Archive/Council Financial Statements (NSW councils FY2015-16 to FY2023-24)/Comparison councils/Orange (16150)/Orange - FY2018-19 - Annual Report.pdf
16150,Orange,2018-19,grants_contrib_capital,19142000.0,85,Grants and contributions provided for capital purposes,/Users/ray/Library/CloudStorage/OneDrive-KnoxGrammarSchool/Extracurriculars/AUSSEF/05 Data Archive/Council Financial Statements (NSW councils FY2015-16 to FY2023-24)/Comparison councils/Orange (16150)/Orange - FY2018-19 - Annual Report.pdf
16150,Orange,2018-19,grants_contrib_operating,13876000.0,85,Grants and contributions provided for operating purposes,/Users/ray/Library/CloudStorage/OneDrive-KnoxGrammarSchool/Extracurriculars/AUSSEF/05 Data Archive/Council Financial Statements (NSW councils FY2015-16 to FY2023-24)/Comparison councils/Orange (16150)/Orange - FY2018-19 - Annual Report.pdf
16150,Orange,2018-19,total_expenses,93435000.0,85,Total expenses from continuing operations,/Users/ray/Library/CloudStorage/OneDrive-KnoxGrammarSchool/Extracurriculars/AUSSEF/05 Data Archive/Council Financial Statements (NSW councils FY2015-16 to FY2023-24)/Comparison councils/Orange (16150)/Orange - FY2018-19 - Annual Report.pdf
16150,Orange,2019-20,bushfire_emergency_services_grant,254000.0,96,Bushfire and emergency services,/Users/ray/Library/CloudStorage/OneDrive-KnoxGrammarSchool/Extracurriculars/AUSSEF/05 Data Archive/Council Financial Statements (NSW councils FY2015-16 to FY2023-24)/Comparison councils/Orange (16150)/Orange - FY2019-20 - Annual Report.pdf
16150,Orange,2019-20,bushfire_emergency_services_grant,,96,Bushfire and emergency services,/Users/ray/Library/CloudStorage/OneDrive-KnoxGrammarSchool/Extracurriculars/AUSSEF/05 Data Archive/Council Financial Statements (NSW councils FY2015-16 to FY2023-24)/Comparison councils/Orange (16150)/Orange - FY2019-20 - Annual Report.pdf
16150,Orange,2019-20,bushfire_emergency_services_grant,1719000.0,97,Bushfire services,/Users/ray/Library/CloudStorage/OneDrive-KnoxGrammarSchool/Extracurriculars/AUSSEF/05 Data Archive/Council Financial Statements (NSW councils FY2015-16 to FY2023-24)/Comparison councils/Orange (16150)/Orange - FY2019-20 - Annual Report.pdf
16150,Orange,2019-20,bushfire_emergency_services_grant,,97,Bushfire services,/Users/ray/Library/CloudStorage/OneDrive-KnoxGrammarSchool/Extracurriculars/AUSSEF/05 Data Archive/Council Financial Statements (NSW councils FY2015-16 to FY2023-24)/Comparison councils/Orange (16150)/Orange - FY2019-20 - Annual Report.pdf
16150,Orange,2019-20,capex_ippe,41061000.0,84,"Purchase of infrastructure, property, plant and equipment",/Users/ray/Library/CloudStorage/OneDrive-KnoxGrammarSchool/Extracurriculars/AUSSEF/05 Data Archive/Council Financial Statements (NSW councils FY2015-16 to FY2023-24)/Comparison councils/Orange (16150)/Orange - FY2019-20 - Annual Report.pdf
16150,Orange,2019-20,depreciation,17840000.0,80,Depreciation and amortisation,/Users/ray/Library/CloudStorage/OneDrive-KnoxGrammarSchool/Extracurriculars/AUSSEF/05 Data Archive/Council Financial Statements (NSW councils FY2015-16 to FY2023-24)/Comparison councils/Orange (16150)/Orange - FY2019-20 - Annual Report.pdf
16150,Orange,2019-20,grants_contrib_capital,23920000.0,80,Grants and contributions provided for capital purposes,/Users/ray/Library/CloudStorage/OneDrive-KnoxGrammarSchool/Extracurriculars/AUSSEF/05 Data Archive/Council Financial Statements (NSW councils FY2015-16 to FY2023-24)/Comparison councils/Orange (16150)/Orange - FY2019-20 - Annual Report.pdf
16150,Orange,2019-20,grants_contrib_operating,14688000.0,80,Grants and contributions provided for operating purposes,/Users/ray/Library/CloudStorage/OneDrive-KnoxGrammarSchool/Extracurriculars/AUSSEF/05 Data Archive/Council Financial Statements (NSW councils FY2015-16 to FY2023-24)/Comparison councils/Orange (16150)/Orange - FY2019-20 - Annual Report.pdf
16150,Orange,2019-20,total_expenses,96255000.0,80,Total expenses from continuing operations,/Users/ray/Library/CloudStorage/OneDrive-KnoxGrammarSchool/Extracurriculars/AUSSEF/05 Data Archive/Council Financial Statements (NSW councils FY2015-16 to FY2023-24)/Comparison councils/Orange (16150)/Orange - FY2019-20 - Annual Report.pdf
16150,Orange,2020-21,bushfire_emergency_services_grant,128000.0,146,Bushfire and emergency services,/Users/ray/Library/CloudStorage/OneDrive-KnoxGrammarSchool/Extracurriculars/AUSSEF/05 Data Archive/Council Financial Statements (NSW councils FY2015-16 to FY2023-24)/Comparison councils/Orange (16150)/Orange - FY2020-21 - Annual Report.pdf
16150,Orange,2020-21,bushfire_emergency_services_grant,,146,Bushfire and emergency services,/Users/ray/Library/CloudStorage/OneDrive-KnoxGrammarSchool/Extracurriculars/AUSSEF/05 Data Archive/Council Financial Statements (NSW councils FY2015-16 to FY2023-24)/Comparison councils/Orange (16150)/Orange - FY2020-21 - Annual Report.pdf
16150,Orange,2020-21,bushfire_emergency_services_grant,2505000.0,146,Bushfire services,/Users/ray/Library/CloudStorage/OneDrive-KnoxGrammarSchool/Extracurriculars/AUSSEF/05 Data Archive/Council Financial Statements (NSW councils FY2015-16 to FY2023-24)/Comparison councils/Orange (16150)/Orange - FY2020-21 - Annual Report.pdf
16150,Orange,2020-21,bushfire_emergency_services_grant,,146,Bushfire services,/Users/ray/Library/CloudStorage/OneDrive-KnoxGrammarSchool/Extracurriculars/AUSSEF/05 Data Archive/Council Financial Statements (NSW councils FY2015-16 to FY2023-24)/Comparison councils/Orange (16150)/Orange - FY2020-21 - Annual Report.pdf
16150,Orange,2020-21,capex_ippe,45393000.0,134,"Purchase of infrastructure, property, plant and equipment",/Users/ray/Library/CloudStorage/OneDrive-KnoxGrammarSchool/Extracurriculars/AUSSEF/05 Data Archive/Council Financial Statements (NSW councils FY2015-16 to FY2023-24)/Comparison councils/Orange (16150)/Orange - FY2020-21 - Annual Report.pdf
16150,Orange,2020-21,depreciation,19673000.0,130,"Depreciation, amortisation and impairment for non-financial assets",/Users/ray/Library/CloudStorage/OneDrive-KnoxGrammarSchool/Extracurriculars/AUSSEF/05 Data Archive/Council Financial Statements (NSW councils FY2015-16 to FY2023-24)/Comparison councils/Orange (16150)/Orange - FY2020-21 - Annual Report.pdf
16150,Orange,2020-21,grants_contrib_capital,32471000.0,130,Grants and contributions provided for capital purposes,/Users/ray/Library/CloudStorage/OneDrive-KnoxGrammarSchool/Extracurriculars/AUSSEF/05 Data Archive/Council Financial Statements (NSW councils FY2015-16 to FY2023-24)/Comparison councils/Orange (16150)/Orange - FY2020-21 - Annual Report.pdf
16150,Orange,2020-21,grants_contrib_operating,15018000.0,130,Grants and contributions provided for operating purposes,/Users/ray/Library/CloudStorage/OneDrive-KnoxGrammarSchool/Extracurriculars/AUSSEF/05 Data Archive/Council Financial Statements (NSW councils FY2015-16 to FY2023-24)/Comparison councils/Orange (16150)/Orange - FY2020-21 - Annual Report.pdf
16150,Orange,2020-21,total_expenses,101152000.0,130,Total expenses from continuing operations,/Users/ray/Library/CloudStorage/OneDrive-KnoxGrammarSchool/Extracurriculars/AUSSEF/05 Data Archive/Council Financial Statements (NSW councils FY2015-16 to FY2023-24)/Comparison councils/Orange (16150)/Orange - FY2020-21 - Annual Report.pdf
16150,Orange,2021-22,bushfire_emergency_services_grant,635000.0,110,Bushfire and emergency services,/Users/ray/Library/CloudStorage/OneDrive-KnoxGrammarSchool/Extracurriculars/AUSSEF/05 Data Archive/Council Financial Statements (NSW councils FY2015-16 to FY2023-24)/Comparison councils/Orange (16150)/Orange - FY2021-22 - Annual Report.pdf
16150,Orange,2021-22,bushfire_emergency_services_grant,,110,Bushfire and emergency services,/Users/ray/Library/CloudStorage/OneDrive-KnoxGrammarSchool/Extracurriculars/AUSSEF/05 Data Archive/Council Financial Statements (NSW councils FY2015-16 to FY2023-24)/Comparison councils/Orange (16150)/Orange - FY2021-22 - Annual Report.pdf
16150,Orange,2021-22,bushfire_emergency_services_grant,1929000.0,110,Bushfire services,/Users/ray/Library/CloudStorage/OneDrive-KnoxGrammarSchool/Extracurriculars/AUSSEF/05 Data Archive/Council Financial Statements (NSW councils FY2015-16 to FY2023-24)/Comparison councils/Orange (16150)/Orange - FY2021-22 - Annual Report.pdf
16150,Orange,2021-22,bushfire_emergency_services_grant,,110,Bushfire services,/Users/ray/Library/CloudStorage/OneDrive-KnoxGrammarSchool/Extracurriculars/AUSSEF/05 Data Archive/Council Financial Statements (NSW councils FY2015-16 to FY2023-24)/Comparison councils/Orange (16150)/Orange - FY2021-22 - Annual Report.pdf
16150,Orange,2021-22,capex_ippe,27897000.0,98,Payments for IPPE,/Users/ray/Library/CloudStorage/OneDrive-KnoxGrammarSchool/Extracurriculars/AUSSEF/05 Data Archive/Council Financial Statements (NSW councils FY2015-16 to FY2023-24)/Comparison councils/Orange (16150)/Orange - FY2021-22 - Annual Report.pdf
16150,Orange,2021-22,depreciation,21761000.0,94,"Depreciation, amortisation and impairment of non-financial assets",/Users/ray/Library/CloudStorage/OneDrive-KnoxGrammarSchool/Extracurriculars/AUSSEF/05 Data Archive/Council Financial Statements (NSW councils FY2015-16 to FY2023-24)/Comparison councils/Orange (16150)/Orange - FY2021-22 - Annual Report.pdf
16150,Orange,2021-22,grants_contrib_capital,16574000.0,94,Grants and contributions provided for capital purposes,/Users/ray/Library/CloudStorage/OneDrive-KnoxGrammarSchool/Extracurriculars/AUSSEF/05 Data Archive/Council Financial Statements (NSW councils FY2015-16 to FY2023-24)/Comparison councils/Orange (16150)/Orange - FY2021-22 - Annual Report.pdf
16150,Orange,2021-22,grants_contrib_operating,15378000.0,94,Grants and contributions provided for operating purposes,/Users/ray/Library/CloudStorage/OneDrive-KnoxGrammarSchool/Extracurriculars/AUSSEF/05 Data Archive/Council Financial Statements (NSW councils FY2015-16 to FY2023-24)/Comparison councils/Orange (16150)/Orange - FY2021-22 - Annual Report.pdf
16150,Orange,2021-22,total_expenses,103243000.0,94,Total expenses from continuing operations,/Users/ray/Library/CloudStorage/OneDrive-KnoxGrammarSchool/Extracurriculars/AUSSEF/05 Data Archive/Council Financial Statements (NSW councils FY2015-16 to FY2023-24)/Comparison councils/Orange (16150)/Orange - FY2021-22 - Annual Report.pdf
16150,Orange,2022-23,bushfire_emergency_services_grant,,130,Bushfire and emergency services,/Users/ray/Library/CloudStorage/OneDrive-KnoxGrammarSchool/Extracurriculars/AUSSEF/05 Data Archive/Council Financial Statements (NSW councils FY2015-16 to FY2023-24)/Comparison councils/Orange (16150)/Orange - FY2022-23 - Annual Report.pdf
16150,Orange,2022-23,bushfire_emergency_services_grant,43000.0,130,Bushfire and emergency services,/Users/ray/Library/CloudStorage/OneDrive-KnoxGrammarSchool/Extracurriculars/AUSSEF/05 Data Archive/Council Financial Statements (NSW councils FY2015-16 to FY2023-24)/Comparison councils/Orange (16150)/Orange - FY2022-23 - Annual Report.pdf
16150,Orange,2022-23,bushfire_emergency_services_grant,623000.0,130,Bushfire services,/Users/ray/Library/CloudStorage/OneDrive-KnoxGrammarSchool/Extracurriculars/AUSSEF/05 Data Archive/Council Financial Statements (NSW councils FY2015-16 to FY2023-24)/Comparison councils/Orange (16150)/Orange - FY2022-23 - Annual Report.pdf
16150,Orange,2022-23,bushfire_emergency_services_grant,175000.0,130,Bushfire services,/Users/ray/Library/CloudStorage/OneDrive-KnoxGrammarSchool/Extracurriculars/AUSSEF/05 Data Archive/Council Financial Statements (NSW councils FY2015-16 to FY2023-24)/Comparison councils/Orange (16150)/Orange - FY2022-23 - Annual Report.pdf
16150,Orange,2022-23,capex_ippe,33958000.0,119,Payments for IPPE,/Users/ray/Library/CloudStorage/OneDrive-KnoxGrammarSchool/Extracurriculars/AUSSEF/05 Data Archive/Council Financial Statements (NSW councils FY2015-16 to FY2023-24)/Comparison councils/Orange (16150)/Orange - FY2022-23 - Annual Report.pdf
16150,Orange,2022-23,depreciation,23187000.0,115,"Depreciation, amortisation and impairment of non-financial assets",/Users/ray/Library/CloudStorage/OneDrive-KnoxGrammarSchool/Extracurriculars/AUSSEF/05 Data Archive/Council Financial Statements (NSW councils FY2015-16 to FY2023-24)/Comparison councils/Orange (16150)/Orange - FY2022-23 - Annual Report.pdf
16150,Orange,2022-23,disaster_grant_operating,,20,Storm/flood damage,/Users/ray/Library/CloudStorage/OneDrive-KnoxGrammarSchool/Extracurriculars/AUSSEF/05 Data Archive/Council Financial Statements (NSW councils FY2015-16 to FY2023-24)/Comparison councils/Orange (16150)/Orange - FY2023-24 - Financial Statements.pdf
16150,Orange,2022-23,grants_contrib_capital,20270000.0,115,Grants and contributions provided for capital purposes,/Users/ray/Library/CloudStorage/OneDrive-KnoxGrammarSchool/Extracurriculars/AUSSEF/05 Data Archive/Council Financial Statements (NSW councils FY2015-16 to FY2023-24)/Comparison councils/Orange (16150)/Orange - FY2022-23 - Annual Report.pdf
16150,Orange,2022-23,grants_contrib_operating,15228000.0,115,Grants and contributions provided for operating purposes,/Users/ray/Library/CloudStorage/OneDrive-KnoxGrammarSchool/Extracurriculars/AUSSEF/05 Data Archive/Council Financial Statements (NSW councils FY2015-16 to FY2023-24)/Comparison councils/Orange (16150)/Orange - FY2022-23 - Annual Report.pdf
16150,Orange,2022-23,total_expenses,149650000.0,115,Total expenses from continuing operations,/Users/ray/Library/CloudStorage/OneDrive-KnoxGrammarSchool/Extracurriculars/AUSSEF/05 Data Archive/Council Financial Statements (NSW councils FY2015-16 to FY2023-24)/Comparison councils/Orange (16150)/Orange - FY2022-23 - Annual Report.pdf
16150,Orange,2023-24,bushfire_emergency_services_grant,,20,Bushfire and emergency services,/Users/ray/Library/CloudStorage/OneDrive-KnoxGrammarSchool/Extracurriculars/AUSSEF/05 Data Archive/Council Financial Statements (NSW councils FY2015-16 to FY2023-24)/Comparison councils/Orange (16150)/Orange - FY2023-24 - Financial Statements.pdf
16150,Orange,2023-24,bushfire_emergency_services_grant,19000.0,20,Bushfire and emergency services,/Users/ray/Library/CloudStorage/OneDrive-KnoxGrammarSchool/Extracurriculars/AUSSEF/05 Data Archive/Council Financial Statements (NSW councils FY2015-16 to FY2023-24)/Comparison councils/Orange (16150)/Orange - FY2023-24 - Financial Statements.pdf
16150,Orange,2023-24,bushfire_emergency_services_grant,636000.0,20,Bushfire services,/Users/ray/Library/CloudStorage/OneDrive-KnoxGrammarSchool/Extracurriculars/AUSSEF/05 Data Archive/Council Financial Statements (NSW councils FY2015-16 to FY2023-24)/Comparison councils/Orange (16150)/Orange - FY2023-24 - Financial Statements.pdf
16150,Orange,2023-24,bushfire_emergency_services_grant,,20,Bushfire services,/Users/ray/Library/CloudStorage/OneDrive-KnoxGrammarSchool/Extracurriculars/AUSSEF/05 Data Archive/Council Financial Statements (NSW councils FY2015-16 to FY2023-24)/Comparison councils/Orange (16150)/Orange - FY2023-24 - Financial Statements.pdf
16150,Orange,2023-24,capex_ippe,50997000.0,9,Payments for IPPE,/Users/ray/Library/CloudStorage/OneDrive-KnoxGrammarSchool/Extracurriculars/AUSSEF/05 Data Archive/Council Financial Statements (NSW councils FY2015-16 to FY2023-24)/Comparison councils/Orange (16150)/Orange - FY2023-24 - Financial Statements.pdf
16150,Orange,2023-24,depreciation,25056000.0,5,"Depreciation, amortisation and impairment of non-financial assets",/Users/ray/Library/CloudStorage/OneDrive-KnoxGrammarSchool/Extracurriculars/AUSSEF/05 Data Archive/Council Financial Statements (NSW councils FY2015-16 to FY2023-24)/Comparison councils/Orange (16150)/Orange - FY2023-24 - Financial Statements.pdf
16150,Orange,2023-24,disaster_grant_operating,1029000.0,20,Storm/flood damage,/Users/ray/Library/CloudStorage/OneDrive-KnoxGrammarSchool/Extracurriculars/AUSSEF/05 Data Archive/Council Financial Statements (NSW councils FY2015-16 to FY2023-24)/Comparison councils/Orange (16150)/Orange - FY2023-24 - Financial Statements.pdf
16150,Orange,2023-24,grants_contrib_capital,50222000.0,5,Grants and contributions provided for capital purposes,/Users/ray/Library/CloudStorage/OneDrive-KnoxGrammarSchool/Extracurriculars/AUSSEF/05 Data Archive/Council Financial Statements (NSW councils FY2015-16 to FY2023-24)/Comparison councils/Orange (16150)/Orange - FY2023-24 - Financial Statements.pdf
16150,Orange,2023-24,grants_contrib_operating,15022000.0,5,Grants and contributions provided for operating purposes,/Users/ray/Library/CloudStorage/OneDrive-KnoxGrammarSchool/Extracurriculars/AUSSEF/05 Data Archive/Council Financial Statements (NSW councils FY2015-16 to FY2023-24)/Comparison councils/Orange (16150)/Orange - FY2023-24 - Financial Statements.pdf
16150,Orange,2023-24,total_expenses,148183000.0,5,Total expenses from continuing operations,/Users/ray/Library/CloudStorage/OneDrive-KnoxGrammarSchool/Extracurriculars/AUSSEF/05 Data Archive/Council Financial Statements (NSW councils FY2015-16 to FY2023-24)/Comparison councils/Orange (16150)/Orange - FY2023-24 - Financial Statements.pdf
16900,Shellharbour,2015-16,bushfire_emergency_services_grant,,142,NSW   rural fire services,/Users/ray/Library/CloudStorage/OneDrive-KnoxGrammarSchool/Extracurriculars/AUSSEF/05 Data Archive/Council Financial Statements (NSW councils FY2015-16 to FY2023-24)/Comparison councils/Shellharbour (16900)/Shellharbour - FY2016-17 - Annual Report.pdf
16900,Shellharbour,2015-16,capex_ippe,26928000.0,124,"Purchase of infrastructure, property, plant and equipment",/Users/ray/Library/CloudStorage/OneDrive-KnoxGrammarSchool/Extracurriculars/AUSSEF/05 Data Archive/Council Financial Statements (NSW councils FY2015-16 to FY2023-24)/Comparison councils/Shellharbour (16900)/Shellharbour - FY2016-17 - Annual Report.pdf
16900,Shellharbour,2015-16,depreciation,13415000.0,120,Depreciation and amortisation,/Users/ray/Library/CloudStorage/OneDrive-KnoxGrammarSchool/Extracurriculars/AUSSEF/05 Data Archive/Council Financial Statements (NSW councils FY2015-16 to FY2023-24)/Comparison councils/Shellharbour (16900)/Shellharbour - FY2016-17 - Annual Report.pdf
16900,Shellharbour,2015-16,grants_contrib_capital,11288000.0,120,Grants and contributions provided for capital purposes,/Users/ray/Library/CloudStorage/OneDrive-KnoxGrammarSchool/Extracurriculars/AUSSEF/05 Data Archive/Council Financial Statements (NSW councils FY2015-16 to FY2023-24)/Comparison councils/Shellharbour (16900)/Shellharbour - FY2016-17 - Annual Report.pdf
16900,Shellharbour,2015-16,grants_contrib_operating,8905000.0,120,Grants and contributions provided for operating purposes,/Users/ray/Library/CloudStorage/OneDrive-KnoxGrammarSchool/Extracurriculars/AUSSEF/05 Data Archive/Council Financial Statements (NSW councils FY2015-16 to FY2023-24)/Comparison councils/Shellharbour (16900)/Shellharbour - FY2016-17 - Annual Report.pdf
16900,Shellharbour,2015-16,total_expenses,84256000.0,120,Total expenses from continuing operations,/Users/ray/Library/CloudStorage/OneDrive-KnoxGrammarSchool/Extracurriculars/AUSSEF/05 Data Archive/Council Financial Statements (NSW councils FY2015-16 to FY2023-24)/Comparison councils/Shellharbour (16900)/Shellharbour - FY2016-17 - Annual Report.pdf
16900,Shellharbour,2016-17,bushfire_emergency_services_grant,40000.0,142,NSW   rural fire services,/Users/ray/Library/CloudStorage/OneDrive-KnoxGrammarSchool/Extracurriculars/AUSSEF/05 Data Archive/Council Financial Statements (NSW councils FY2015-16 to FY2023-24)/Comparison councils/Shellharbour (16900)/Shellharbour - FY2016-17 - Annual Report.pdf
16900,Shellharbour,2016-17,bushfire_emergency_services_grant,292000.0,143,NSW   rural fire services,/Users/ray/Library/CloudStorage/OneDrive-KnoxGrammarSchool/Extracurriculars/AUSSEF/05 Data Archive/Council Financial Statements (NSW councils FY2015-16 to FY2023-24)/Comparison councils/Shellharbour (16900)/Shellharbour - FY2016-17 - Annual Report.pdf
16900,Shellharbour,2016-17,bushfire_emergency_services_grant,,143,NSW   rural fire services,/Users/ray/Library/CloudStorage/OneDrive-KnoxGrammarSchool/Extracurriculars/AUSSEF/05 Data Archive/Council Financial Statements (NSW councils FY2015-16 to FY2023-24)/Comparison councils/Shellharbour (16900)/Shellharbour - FY2016-17 - Annual Report.pdf
16900,Shellharbour,2016-17,capex_ippe,59797000.0,124,"Purchase of infrastructure, property, plant and equipment",/Users/ray/Library/CloudStorage/OneDrive-KnoxGrammarSchool/Extracurriculars/AUSSEF/05 Data Archive/Council Financial Statements (NSW councils FY2015-16 to FY2023-24)/Comparison councils/Shellharbour (16900)/Shellharbour - FY2016-17 - Annual Report.pdf
16900,Shellharbour,2016-17,depreciation,13406000.0,120,Depreciation and amortisation,/Users/ray/Library/CloudStorage/OneDrive-KnoxGrammarSchool/Extracurriculars/AUSSEF/05 Data Archive/Council Financial Statements (NSW councils FY2015-16 to FY2023-24)/Comparison councils/Shellharbour (16900)/Shellharbour - FY2016-17 - Annual Report.pdf
16900,Shellharbour,2016-17,grants_contrib_capital,24707000.0,120,Grants and contributions provided for capital purposes,/Users/ray/Library/CloudStorage/OneDrive-KnoxGrammarSchool/Extracurriculars/AUSSEF/05 Data Archive/Council Financial Statements (NSW councils FY2015-16 to FY2023-24)/Comparison councils/Shellharbour (16900)/Shellharbour - FY2016-17 - Annual Report.pdf
16900,Shellharbour,2016-17,grants_contrib_operating,10121000.0,120,Grants and contributions provided for operating purposes,/Users/ray/Library/CloudStorage/OneDrive-KnoxGrammarSchool/Extracurriculars/AUSSEF/05 Data Archive/Council Financial Statements (NSW councils FY2015-16 to FY2023-24)/Comparison councils/Shellharbour (16900)/Shellharbour - FY2016-17 - Annual Report.pdf
16900,Shellharbour,2016-17,total_expenses,84669000.0,120,Total expenses from continuing operations,/Users/ray/Library/CloudStorage/OneDrive-KnoxGrammarSchool/Extracurriculars/AUSSEF/05 Data Archive/Council Financial Statements (NSW councils FY2015-16 to FY2023-24)/Comparison councils/Shellharbour (16900)/Shellharbour - FY2016-17 - Annual Report.pdf
16900,Shellharbour,2017-18,bushfire_emergency_services_grant,225000.0,22,NSW   rural fire services,/Users/ray/Library/CloudStorage/OneDrive-KnoxGrammarSchool/Extracurriculars/AUSSEF/05 Data Archive/Council Financial Statements (NSW councils FY2015-16 to FY2023-24)/Comparison councils/Shellharbour (16900)/Shellharbour - FY2017-18 - Financial Statements.pdf
16900,Shellharbour,2017-18,bushfire_emergency_services_grant,,21,NSW   rural fire services,/Users/ray/Library/CloudStorage/OneDrive-KnoxGrammarSchool/Extracurriculars/AUSSEF/05 Data Archive/Council Financial Statements (NSW councils FY2015-16 to FY2023-24)/Comparison councils/Shellharbour (16900)/Shellharbour - FY2017-18 - Financial Statements.pdf
16900,Shellharbour,2017-18,capex_ippe,50894000.0,11,"Purchase of infrastructure, property, plant and equipment",/Users/ray/Library/CloudStorage/OneDrive-KnoxGrammarSchool/Extracurriculars/AUSSEF/05 Data Archive/Council Financial Statements (NSW councils FY2015-16 to FY2023-24)/Comparison councils/Shellharbour (16900)/Shellharbour - FY2017-18 - Financial Statements.pdf
16900,Shellharbour,2017-18,depreciation,14318000.0,7,Depreciation and amortisation,/Users/ray/Library/CloudStorage/OneDrive-KnoxGrammarSchool/Extracurriculars/AUSSEF/05 Data Archive/Council Financial Statements (NSW councils FY2015-16 to FY2023-24)/Comparison councils/Shellharbour (16900)/Shellharbour - FY2017-18 - Financial Statements.pdf
16900,Shellharbour,2017-18,grants_contrib_capital,27181000.0,7,Grants and contributions provided for capital purposes,/Users/ray/Library/CloudStorage/OneDrive-KnoxGrammarSchool/Extracurriculars/AUSSEF/05 Data Archive/Council Financial Statements (NSW councils FY2015-16 to FY2023-24)/Comparison councils/Shellharbour (16900)/Shellharbour - FY2017-18 - Financial Statements.pdf
16900,Shellharbour,2017-18,grants_contrib_operating,9136000.0,7,Grants and contributions provided for operating purposes,/Users/ray/Library/CloudStorage/OneDrive-KnoxGrammarSchool/Extracurriculars/AUSSEF/05 Data Archive/Council Financial Statements (NSW councils FY2015-16 to FY2023-24)/Comparison councils/Shellharbour (16900)/Shellharbour - FY2017-18 - Financial Statements.pdf
16900,Shellharbour,2017-18,total_expenses,119817000.0,7,Total expenses from continuing operations,/Users/ray/Library/CloudStorage/OneDrive-KnoxGrammarSchool/Extracurriculars/AUSSEF/05 Data Archive/Council Financial Statements (NSW councils FY2015-16 to FY2023-24)/Comparison councils/Shellharbour (16900)/Shellharbour - FY2017-18 - Financial Statements.pdf
16900,Shellharbour,2018-19,bushfire_emergency_services_grant,219000.0,22,NSW rural fire services,/Users/ray/Library/CloudStorage/OneDrive-KnoxGrammarSchool/Extracurriculars/AUSSEF/05 Data Archive/Council Financial Statements (NSW councils FY2015-16 to FY2023-24)/Comparison councils/Shellharbour (16900)/Shellharbour - FY2018-19 - Financial Statements.pdf
16900,Shellharbour,2018-19,capex_ippe,31962000.0,10,"Purchase of infrastructure, property, plant and equipment",/Users/ray/Library/CloudStorage/OneDrive-KnoxGrammarSchool/Extracurriculars/AUSSEF/05 Data Archive/Council Financial Statements (NSW councils FY2015-16 to FY2023-24)/Comparison councils/Shellharbour (16900)/Shellharbour - FY2018-19 - Financial Statements.pdf
16900,Shellharbour,2018-19,depreciation,16706000.0,6,Depreciation and amortisation,/Users/ray/Library/CloudStorage/OneDrive-KnoxGrammarSchool/Extracurriculars/AUSSEF/05 Data Archive/Council Financial Statements (NSW councils FY2015-16 to FY2023-24)/Comparison councils/Shellharbour (16900)/Shellharbour - FY2018-19 - Financial Statements.pdf
16900,Shellharbour,2018-19,grants_contrib_capital,42813000.0,6,Grants and contributions provided for capital purposes,/Users/ray/Library/CloudStorage/OneDrive-KnoxGrammarSchool/Extracurriculars/AUSSEF/05 Data Archive/Council Financial Statements (NSW councils FY2015-16 to FY2023-24)/Comparison councils/Shellharbour (16900)/Shellharbour - FY2018-19 - Financial Statements.pdf
16900,Shellharbour,2018-19,grants_contrib_operating,8419000.0,6,Grants and contributions provided for operating purposes,/Users/ray/Library/CloudStorage/OneDrive-KnoxGrammarSchool/Extracurriculars/AUSSEF/05 Data Archive/Council Financial Statements (NSW councils FY2015-16 to FY2023-24)/Comparison councils/Shellharbour (16900)/Shellharbour - FY2018-19 - Financial Statements.pdf
16900,Shellharbour,2018-19,total_expenses,127708000.0,6,Total expenses from continuing operations,/Users/ray/Library/CloudStorage/OneDrive-KnoxGrammarSchool/Extracurriculars/AUSSEF/05 Data Archive/Council Financial Statements (NSW councils FY2015-16 to FY2023-24)/Comparison councils/Shellharbour (16900)/Shellharbour - FY2018-19 - Financial Statements.pdf
16900,Shellharbour,2019-20,bushfire_emergency_services_grant,196000.0,20,NSW rural fire services,/Users/ray/Library/CloudStorage/OneDrive-KnoxGrammarSchool/Extracurriculars/AUSSEF/05 Data Archive/Council Financial Statements (NSW councils FY2015-16 to FY2023-24)/Comparison councils/Shellharbour (16900)/Shellharbour - FY2019-20 - Financial Statements.pdf
16900,Shellharbour,2019-20,capex_ippe,47886000.0,10,"Purchase of infrastructure, property, plant and equipment",/Users/ray/Library/CloudStorage/OneDrive-KnoxGrammarSchool/Extracurriculars/AUSSEF/05 Data Archive/Council Financial Statements (NSW councils FY2015-16 to FY2023-24)/Comparison councils/Shellharbour (16900)/Shellharbour - FY2019-20 - Financial Statements.pdf
16900,Shellharbour,2019-20,depreciation,17769000.0,6,Depreciation and amortisation,/Users/ray/Library/CloudStorage/OneDrive-KnoxGrammarSchool/Extracurriculars/AUSSEF/05 Data Archive/Council Financial Statements (NSW councils FY2015-16 to FY2023-24)/Comparison councils/Shellharbour (16900)/Shellharbour - FY2019-20 - Financial Statements.pdf
16900,Shellharbour,2019-20,grants_contrib_capital,51012000.0,6,Grants and contributions provided for capital purposes,/Users/ray/Library/CloudStorage/OneDrive-KnoxGrammarSchool/Extracurriculars/AUSSEF/05 Data Archive/Council Financial Statements (NSW councils FY2015-16 to FY2023-24)/Comparison councils/Shellharbour (16900)/Shellharbour - FY2019-20 - Financial Statements.pdf
16900,Shellharbour,2019-20,grants_contrib_operating,8253000.0,6,Grants and contributions provided for operating purposes,/Users/ray/Library/CloudStorage/OneDrive-KnoxGrammarSchool/Extracurriculars/AUSSEF/05 Data Archive/Council Financial Statements (NSW councils FY2015-16 to FY2023-24)/Comparison councils/Shellharbour (16900)/Shellharbour - FY2019-20 - Financial Statements.pdf
16900,Shellharbour,2019-20,total_expenses,113485000.0,6,Total expenses from continuing operations,/Users/ray/Library/CloudStorage/OneDrive-KnoxGrammarSchool/Extracurriculars/AUSSEF/05 Data Archive/Council Financial Statements (NSW councils FY2015-16 to FY2023-24)/Comparison councils/Shellharbour (16900)/Shellharbour - FY2019-20 - Financial Statements.pdf
16900,Shellharbour,2020-21,bushfire_emergency_services_grant,210000.0,130,NSW rural fire services,/Users/ray/Library/CloudStorage/OneDrive-KnoxGrammarSchool/Extracurriculars/AUSSEF/05 Data Archive/Council Financial Statements (NSW councils FY2015-16 to FY2023-24)/Comparison councils/Shellharbour (16900)/Shellharbour - FY2020-21 - Annual Report.pdf
16900,Shellharbour,2020-21,bushfire_emergency_services_grant,263000.0,130,Emergency services levy,/Users/ray/Library/CloudStorage/OneDrive-KnoxGrammarSchool/Extracurriculars/AUSSEF/05 Data Archive/Council Financial Statements (NSW councils FY2015-16 to FY2023-24)/Comparison councils/Shellharbour (16900)/Shellharbour - FY2020-21 - Annual Report.pdf
16900,Shellharbour,2020-21,capex_ippe,53856000.0,119,"Purchase of infrastructure, property, plant and equipment",/Users/ray/Library/CloudStorage/OneDrive-KnoxGrammarSchool/Extracurriculars/AUSSEF/05 Data Archive/Council Financial Statements (NSW councils FY2015-16 to FY2023-24)/Comparison councils/Shellharbour (16900)/Shellharbour - FY2020-21 - Annual Report.pdf
16900,Shellharbour,2020-21,depreciation,18408000.0,115,"Depreciation, amortisation and impairment for non-financial assets",/Users/ray/Library/CloudStorage/OneDrive-KnoxGrammarSchool/Extracurriculars/AUSSEF/05 Data Archive/Council Financial Statements (NSW councils FY2015-16 to FY2023-24)/Comparison councils/Shellharbour (16900)/Shellharbour - FY2020-21 - Annual Report.pdf
16900,Shellharbour,2020-21,grants_contrib_capital,60943000.0,115,Grants and contributions provided for capital purposes,/Users/ray/Library/CloudStorage/OneDrive-KnoxGrammarSchool/Extracurriculars/AUSSEF/05 Data Archive/Council Financial Statements (NSW councils FY2015-16 to FY2023-24)/Comparison councils/Shellharbour (16900)/Shellharbour - FY2020-21 - Annual Report.pdf
16900,Shellharbour,2020-21,grants_contrib_operating,8831000.0,115,Grants and contributions provided for operating purposes,/Users/ray/Library/CloudStorage/OneDrive-KnoxGrammarSchool/Extracurriculars/AUSSEF/05 Data Archive/Council Financial Statements (NSW councils FY2015-16 to FY2023-24)/Comparison councils/Shellharbour (16900)/Shellharbour - FY2020-21 - Annual Report.pdf
16900,Shellharbour,2020-21,total_expenses,129361000.0,115,Total expenses from continuing operations,/Users/ray/Library/CloudStorage/OneDrive-KnoxGrammarSchool/Extracurriculars/AUSSEF/05 Data Archive/Council Financial Statements (NSW councils FY2015-16 to FY2023-24)/Comparison councils/Shellharbour (16900)/Shellharbour - FY2020-21 - Annual Report.pdf
16900,Shellharbour,2021-22,bushfire_emergency_services_grant,197000.0,21,NSW rural fire services,/Users/ray/Library/CloudStorage/OneDrive-KnoxGrammarSchool/Extracurriculars/AUSSEF/05 Data Archive/Council Financial Statements (NSW councils FY2015-16 to FY2023-24)/Comparison councils/Shellharbour (16900)/Shellharbour - FY2021-22 - Financial Statements.pdf
16900,Shellharbour,2021-22,bushfire_emergency_services_grant,329000.0,21,Emergency services levy,/Users/ray/Library/CloudStorage/OneDrive-KnoxGrammarSchool/Extracurriculars/AUSSEF/05 Data Archive/Council Financial Statements (NSW councils FY2015-16 to FY2023-24)/Comparison councils/Shellharbour (16900)/Shellharbour - FY2021-22 - Financial Statements.pdf
16900,Shellharbour,2021-22,capex_ippe,33335000.0,10,Payments for IPPE,/Users/ray/Library/CloudStorage/OneDrive-KnoxGrammarSchool/Extracurriculars/AUSSEF/05 Data Archive/Council Financial Statements (NSW councils FY2015-16 to FY2023-24)/Comparison councils/Shellharbour (16900)/Shellharbour - FY2021-22 - Financial Statements.pdf
16900,Shellharbour,2021-22,depreciation,21138000.0,6,"Depreciation, amortisation and impairment of non-financial assets",/Users/ray/Library/CloudStorage/OneDrive-KnoxGrammarSchool/Extracurriculars/AUSSEF/05 Data Archive/Council Financial Statements (NSW councils FY2015-16 to FY2023-24)/Comparison councils/Shellharbour (16900)/Shellharbour - FY2021-22 - Financial Statements.pdf
16900,Shellharbour,2021-22,grants_contrib_capital,144230000.0,6,Grants and contributions provided for capital purposes,/Users/ray/Library/CloudStorage/OneDrive-KnoxGrammarSchool/Extracurriculars/AUSSEF/05 Data Archive/Council Financial Statements (NSW councils FY2015-16 to FY2023-24)/Comparison councils/Shellharbour (16900)/Shellharbour - FY2021-22 - Financial Statements.pdf
16900,Shellharbour,2021-22,grants_contrib_operating,12174000.0,6,Grants and contributions provided for operating purposes,/Users/ray/Library/CloudStorage/OneDrive-KnoxGrammarSchool/Extracurriculars/AUSSEF/05 Data Archive/Council Financial Statements (NSW councils FY2015-16 to FY2023-24)/Comparison councils/Shellharbour (16900)/Shellharbour - FY2021-22 - Financial Statements.pdf
16900,Shellharbour,2021-22,total_expenses,123101000.0,6,Total expenses from continuing operations,/Users/ray/Library/CloudStorage/OneDrive-KnoxGrammarSchool/Extracurriculars/AUSSEF/05 Data Archive/Council Financial Statements (NSW councils FY2015-16 to FY2023-24)/Comparison councils/Shellharbour (16900)/Shellharbour - FY2021-22 - Financial Statements.pdf
16900,Shellharbour,2022-23,bushfire_emergency_services_grant,226000.0,134,NSW rural fire services,/Users/ray/Library/CloudStorage/OneDrive-KnoxGrammarSchool/Extracurriculars/AUSSEF/05 Data Archive/Council Financial Statements (NSW councils FY2015-16 to FY2023-24)/Comparison councils/Shellharbour (16900)/Shellharbour - FY2022-23 - Annual Report.pdf
16900,Shellharbour,2022-23,bushfire_emergency_services_grant,,134,Emergency services levy,/Users/ray/Library/CloudStorage/OneDrive-KnoxGrammarSchool/Extracurriculars/AUSSEF/05 Data Archive/Council Financial Statements (NSW councils FY2015-16 to FY2023-24)/Comparison councils/Shellharbour (16900)/Shellharbour - FY2022-23 - Annual Report.pdf
16900,Shellharbour,2022-23,capex_ippe,36250000.0,124,Payments for IPPE,/Users/ray/Library/CloudStorage/OneDrive-KnoxGrammarSchool/Extracurriculars/AUSSEF/05 Data Archive/Council Financial Statements (NSW councils FY2015-16 to FY2023-24)/Comparison councils/Shellharbour (16900)/Shellharbour - FY2022-23 - Annual Report.pdf
16900,Shellharbour,2022-23,depreciation,23884000.0,120,"Depreciation, amortisation and impairment of non-financial assets",/Users/ray/Library/CloudStorage/OneDrive-KnoxGrammarSchool/Extracurriculars/AUSSEF/05 Data Archive/Council Financial Statements (NSW councils FY2015-16 to FY2023-24)/Comparison councils/Shellharbour (16900)/Shellharbour - FY2022-23 - Annual Report.pdf
16900,Shellharbour,2022-23,grants_contrib_capital,44059000.0,120,Grants and contributions provided for capital purposes,/Users/ray/Library/CloudStorage/OneDrive-KnoxGrammarSchool/Extracurriculars/AUSSEF/05 Data Archive/Council Financial Statements (NSW councils FY2015-16 to FY2023-24)/Comparison councils/Shellharbour (16900)/Shellharbour - FY2022-23 - Annual Report.pdf
16900,Shellharbour,2022-23,grants_contrib_operating,13427000.0,120,Grants and contributions provided for operating purposes,/Users/ray/Library/CloudStorage/OneDrive-KnoxGrammarSchool/Extracurriculars/AUSSEF/05 Data Archive/Council Financial Statements (NSW councils FY2015-16 to FY2023-24)/Comparison councils/Shellharbour (16900)/Shellharbour - FY2022-23 - Annual Report.pdf
16900,Shellharbour,2022-23,total_expenses,121395000.0,120,Total expenses from continuing operations,/Users/ray/Library/CloudStorage/OneDrive-KnoxGrammarSchool/Extracurriculars/AUSSEF/05 Data Archive/Council Financial Statements (NSW councils FY2015-16 to FY2023-24)/Comparison councils/Shellharbour (16900)/Shellharbour - FY2022-23 - Annual Report.pdf
16900,Shellharbour,2023-24,bushfire_emergency_services_grant,188000.0,21,NSW rural fire services,/Users/ray/Library/CloudStorage/OneDrive-KnoxGrammarSchool/Extracurriculars/AUSSEF/05 Data Archive/Council Financial Statements (NSW councils FY2015-16 to FY2023-24)/Comparison councils/Shellharbour (16900)/Shellharbour - FY2023-24 - Financial Statements.pdf
16900,Shellharbour,2023-24,capex_ippe,39676000.0,11,Payments for IPPE,/Users/ray/Library/CloudStorage/OneDrive-KnoxGrammarSchool/Extracurriculars/AUSSEF/05 Data Archive/Council Financial Statements (NSW councils FY2015-16 to FY2023-24)/Comparison councils/Shellharbour (16900)/Shellharbour - FY2023-24 - Financial Statements.pdf
16900,Shellharbour,2023-24,depreciation,27307000.0,7,"Depreciation, amortisation and impairment of non-financial assets",/Users/ray/Library/CloudStorage/OneDrive-KnoxGrammarSchool/Extracurriculars/AUSSEF/05 Data Archive/Council Financial Statements (NSW councils FY2015-16 to FY2023-24)/Comparison councils/Shellharbour (16900)/Shellharbour - FY2023-24 - Financial Statements.pdf
16900,Shellharbour,2023-24,grants_contrib_capital,31122000.0,7,Grants and contributions provided for capital purposes,/Users/ray/Library/CloudStorage/OneDrive-KnoxGrammarSchool/Extracurriculars/AUSSEF/05 Data Archive/Council Financial Statements (NSW councils FY2015-16 to FY2023-24)/Comparison councils/Shellharbour (16900)/Shellharbour - FY2023-24 - Financial Statements.pdf
16900,Shellharbour,2023-24,grants_contrib_operating,10344000.0,7,Grants and contributions provided for operating purposes,/Users/ray/Library/CloudStorage/OneDrive-KnoxGrammarSchool/Extracurriculars/AUSSEF/05 Data Archive/Council Financial Statements (NSW councils FY2015-16 to FY2023-24)/Comparison councils/Shellharbour (16900)/Shellharbour - FY2023-24 - Financial Statements.pdf
16900,Shellharbour,2023-24,total_expenses,136232000.0,7,Total expenses from continuing operations,/Users/ray/Library/CloudStorage/OneDrive-KnoxGrammarSchool/Extracurriculars/AUSSEF/05 Data Archive/Council Financial Statements (NSW councils FY2015-16 to FY2023-24)/Comparison councils/Shellharbour (16900)/Shellharbour - FY2023-24 - Financial Statements.pdf
17350,Temora,2015-16,bushfire_emergency_services_grant,252000.0,30,Bushfire and emergency services,/Users/ray/Library/CloudStorage/OneDrive-KnoxGrammarSchool/Extracurriculars/AUSSEF/05 Data Archive/Council Financial Statements (NSW councils FY2015-16 to FY2023-24)/Comparison councils/Temora (17350)/Temora - FY2015-16 - Financial Statements.pdf
17350,Temora,2015-16,capex_ippe,5924000.0,8,"Purchase of infrastructure, property, plant and equipment",/Users/ray/Library/CloudStorage/OneDrive-KnoxGrammarSchool/Extracurriculars/AUSSEF/05 Data Archive/Council Financial Statements (NSW councils FY2015-16 to FY2023-24)/Comparison councils/Temora (17350)/Temora - FY2015-16 - Financial Statements.pdf
17350,Temora,2015-16,depreciation,3851000.0,4,Depreciation and amortisation,/Users/ray/Library/CloudStorage/OneDrive-KnoxGrammarSchool/Extracurriculars/AUSSEF/05 Data Archive/Council Financial Statements (NSW councils FY2015-16 to FY2023-24)/Comparison councils/Temora (17350)/Temora - FY2015-16 - Financial Statements.pdf
17350,Temora,2015-16,disaster_expense,,39,– Road assets were impaired as a result of flood damage,/Users/ray/Library/CloudStorage/OneDrive-KnoxGrammarSchool/Extracurriculars/AUSSEF/05 Data Archive/Council Financial Statements (NSW councils FY2015-16 to FY2023-24)/Comparison councils/Temora (17350)/Temora - FY2016-17 - Financial Statements.pdf
17350,Temora,2015-16,disaster_grant_capital,,30,Transport (flood damage local roads),/Users/ray/Library/CloudStorage/OneDrive-KnoxGrammarSchool/Extracurriculars/AUSSEF/05 Data Archive/Council Financial Statements (NSW councils FY2015-16 to FY2023-24)/Comparison councils/Temora (17350)/Temora - FY2015-16 - Financial Statements.pdf
17350,Temora,2015-16,disaster_grant_capital,,30,Transport (flood damage state roads),/Users/ray/Library/CloudStorage/OneDrive-KnoxGrammarSchool/Extracurriculars/AUSSEF/05 Data Archive/Council Financial Statements (NSW councils FY2015-16 to FY2023-24)/Comparison councils/Temora (17350)/Temora - FY2015-16 - Financial Statements.pdf
17350,Temora,2015-16,disaster_grant_operating,,30,Transport (flood damage local roads),/Users/ray/Library/CloudStorage/OneDrive-KnoxGrammarSchool/Extracurriculars/AUSSEF/05 Data Archive/Council Financial Statements (NSW councils FY2015-16 to FY2023-24)/Comparison councils/Temora (17350)/Temora - FY2015-16 - Financial Statements.pdf
17350,Temora,2015-16,disaster_grant_operating,,30,Transport (flood damage state roads),/Users/ray/Library/CloudStorage/OneDrive-KnoxGrammarSchool/Extracurriculars/AUSSEF/05 Data Archive/Council Financial Statements (NSW councils FY2015-16 to FY2023-24)/Comparison councils/Temora (17350)/Temora - FY2015-16 - Financial Statements.pdf
17350,Temora,2015-16,grants_contrib_capital,1536000.0,4,Grants and contributions provided for capital purposes,/Users/ray/Library/CloudStorage/OneDrive-KnoxGrammarSchool/Extracurriculars/AUSSEF/05 Data Archive/Council Financial Statements (NSW councils FY2015-16 to FY2023-24)/Comparison councils/Temora (17350)/Temora - FY2015-16 - Financial Statements.pdf
17350,Temora,2015-16,grants_contrib_operating,7092000.0,4,Grants and contributions provided for operating purposes,/Users/ray/Library/CloudStorage/OneDrive-KnoxGrammarSchool/Extracurriculars/AUSSEF/05 Data Archive/Council Financial Statements (NSW councils FY2015-16 to FY2023-24)/Comparison councils/Temora (17350)/Temora - FY2015-16 - Financial Statements.pdf
17350,Temora,2015-16,other_disaster_line,25000.0,29,Bushfire – purchase local items,/Users/ray/Library/CloudStorage/OneDrive-KnoxGrammarSchool/Extracurriculars/AUSSEF/05 Data Archive/Council Financial Statements (NSW councils FY2015-16 to FY2023-24)/Comparison councils/Temora (17350)/Temora - FY2015-16 - Financial Statements.pdf
17350,Temora,2015-16,other_disaster_line,,29,Bushfire – reimburseable items,/Users/ray/Library/CloudStorage/OneDrive-KnoxGrammarSchool/Extracurriculars/AUSSEF/05 Data Archive/Council Financial Statements (NSW councils FY2015-16 to FY2023-24)/Comparison councils/Temora (17350)/Temora - FY2015-16 - Financial Statements.pdf
17350,Temora,2015-16,other_disaster_line,217000.0,34,– Bushfire Fighting Fund,/Users/ray/Library/CloudStorage/OneDrive-KnoxGrammarSchool/Extracurriculars/AUSSEF/05 Data Archive/Council Financial Statements (NSW councils FY2015-16 to FY2023-24)/Comparison councils/Temora (17350)/Temora - FY2015-16 - Financial Statements.pdf
17350,Temora,2015-16,total_expenses,16481000.0,4,Total expenses from continuing operations,/Users/ray/Library/CloudStorage/OneDrive-KnoxGrammarSchool/Extracurriculars/AUSSEF/05 Data Archive/Council Financial Statements (NSW councils FY2015-16 to FY2023-24)/Comparison councils/Temora (17350)/Temora - FY2015-16 - Financial Statements.pdf
17350,Temora,2016-17,bushfire_emergency_services_grant,339000.0,26,Bushfire and Emergency Services,/Users/ray/Library/CloudStorage/OneDrive-KnoxGrammarSchool/Extracurriculars/AUSSEF/05 Data Archive/Council Financial Statements (NSW councils FY2015-16 to FY2023-24)/Comparison councils/Temora (17350)/Temora - FY2016-17 - Financial Statements.pdf
17350,Temora,2016-17,capex_ippe,6579000.0,8,"Purchase of infrastructure, property, plant and equipment",/Users/ray/Library/CloudStorage/OneDrive-KnoxGrammarSchool/Extracurriculars/AUSSEF/05 Data Archive/Council Financial Statements (NSW councils FY2015-16 to FY2023-24)/Comparison councils/Temora (17350)/Temora - FY2016-17 - Financial Statements.pdf
17350,Temora,2016-17,depreciation,4074000.0,4,Depreciation and amortisation,/Users/ray/Library/CloudStorage/OneDrive-KnoxGrammarSchool/Extracurriculars/AUSSEF/05 Data Archive/Council Financial Statements (NSW councils FY2015-16 to FY2023-24)/Comparison councils/Temora (17350)/Temora - FY2016-17 - Financial Statements.pdf
17350,Temora,2016-17,disaster_expense,2266000.0,39,– Road assets were impaired as a result of flood damage,/Users/ray/Library/CloudStorage/OneDrive-KnoxGrammarSchool/Extracurriculars/AUSSEF/05 Data Archive/Council Financial Statements (NSW councils FY2015-16 to FY2023-24)/Comparison councils/Temora (17350)/Temora - FY2016-17 - Financial Statements.pdf
17350,Temora,2016-17,disaster_grant_operating,500000.0,26,Transport (flood damage),/Users/ray/Library/CloudStorage/OneDrive-KnoxGrammarSchool/Extracurriculars/AUSSEF/05 Data Archive/Council Financial Statements (NSW councils FY2015-16 to FY2023-24)/Comparison councils/Temora (17350)/Temora - FY2016-17 - Financial Statements.pdf
17350,Temora,2016-17,grants_contrib_capital,2389000.0,4,Grants and contributions provided for capital purposes,/Users/ray/Library/CloudStorage/OneDrive-KnoxGrammarSchool/Extracurriculars/AUSSEF/05 Data Archive/Council Financial Statements (NSW councils FY2015-16 to FY2023-24)/Comparison councils/Temora (17350)/Temora - FY2016-17 - Financial Statements.pdf
17350,Temora,2016-17,grants_contrib_operating,8832000.0,4,Grants and contributions provided for operating purposes,/Users/ray/Library/CloudStorage/OneDrive-KnoxGrammarSchool/Extracurriculars/AUSSEF/05 Data Archive/Council Financial Statements (NSW councils FY2015-16 to FY2023-24)/Comparison councils/Temora (17350)/Temora - FY2016-17 - Financial Statements.pdf
17350,Temora,2016-17,other_disaster_line,24000.0,25,Bushfire – Hazard Reduction,/Users/ray/Library/CloudStorage/OneDrive-KnoxGrammarSchool/Extracurriculars/AUSSEF/05 Data Archive/Council Financial Statements (NSW councils FY2015-16 to FY2023-24)/Comparison councils/Temora (17350)/Temora - FY2016-17 - Financial Statements.pdf
17350,Temora,2016-17,other_disaster_line,253000.0,32,– Bushfire fighting fund,/Users/ray/Library/CloudStorage/OneDrive-KnoxGrammarSchool/Extracurriculars/AUSSEF/05 Data Archive/Council Financial Statements (NSW councils FY2015-16 to FY2023-24)/Comparison councils/Temora (17350)/Temora - FY2016-17 - Financial Statements.pdf
17350,Temora,2016-17,total_expenses,17945000.0,4,Total expenses from continuing operations,/Users/ray/Library/CloudStorage/OneDrive-KnoxGrammarSchool/Extracurriculars/AUSSEF/05 Data Archive/Council Financial Statements (NSW councils FY2015-16 to FY2023-24)/Comparison councils/Temora (17350)/Temora - FY2016-17 - Financial Statements.pdf
17350,Temora,2017-18,bushfire_emergency_services_grant,311000.0,19,Bushfire and Emergency Services,/Users/ray/Library/CloudStorage/OneDrive-KnoxGrammarSchool/Extracurriculars/AUSSEF/05 Data Archive/Council Financial Statements (NSW councils FY2015-16 to FY2023-24)/Comparison councils/Temora (17350)/Temora - FY2017-18 - Financial Statements.pdf
17350,Temora,2017-18,capex_ippe,7492000.0,8,"Purchase of infrastructure, property, plant and equipment",/Users/ray/Library/CloudStorage/OneDrive-KnoxGrammarSchool/Extracurriculars/AUSSEF/05 Data Archive/Council Financial Statements (NSW councils FY2015-16 to FY2023-24)/Comparison councils/Temora (17350)/Temora - FY2017-18 - Financial Statements.pdf
17350,Temora,2017-18,depreciation,4260000.0,4,Depreciation and amortisation,/Users/ray/Library/CloudStorage/OneDrive-KnoxGrammarSchool/Extracurriculars/AUSSEF/05 Data Archive/Council Financial Statements (NSW councils FY2015-16 to FY2023-24)/Comparison councils/Temora (17350)/Temora - FY2017-18 - Financial Statements.pdf
17350,Temora,2017-18,disaster_expense,,36,– Road assets were impaired as a result of flood damage,/Users/ray/Library/CloudStorage/OneDrive-KnoxGrammarSchool/Extracurriculars/AUSSEF/05 Data Archive/Council Financial Statements (NSW councils FY2015-16 to FY2023-24)/Comparison councils/Temora (17350)/Temora - FY2017-18 - Financial Statements.pdf
17350,Temora,2017-18,disaster_grant_operating,1394000.0,19,Transport (flood damage),/Users/ray/Library/CloudStorage/OneDrive-KnoxGrammarSchool/Extracurriculars/AUSSEF/05 Data Archive/Council Financial Statements (NSW councils FY2015-16 to FY2023-24)/Comparison councils/Temora (17350)/Temora - FY2017-18 - Financial Statements.pdf
17350,Temora,2017-18,disaster_grant_operating,1419000.0,19,Aerodrome - Flood Damage Remediation,/Users/ray/Library/CloudStorage/OneDrive-KnoxGrammarSchool/Extracurriculars/AUSSEF/05 Data Archive/Council Financial Statements (NSW councils FY2015-16 to FY2023-24)/Comparison councils/Temora (17350)/Temora - FY2017-18 - Financial Statements.pdf
17350,Temora,2017-18,grants_contrib_capital,3438000.0,4,Grants and contributions provided for capital purposes,/Users/ray/Library/CloudStorage/OneDrive-KnoxGrammarSchool/Extracurriculars/AUSSEF/05 Data Archive/Council Financial Statements (NSW councils FY2015-16 to FY2023-24)/Comparison councils/Temora (17350)/Temora - FY2017-18 - Financial Statements.pdf
17350,Temora,2017-18,grants_contrib_operating,9301000.0,4,Grants and contributions provided for operating purposes,/Users/ray/Library/CloudStorage/OneDrive-KnoxGrammarSchool/Extracurriculars/AUSSEF/05 Data Archive/Council Financial Statements (NSW councils FY2015-16 to FY2023-24)/Comparison councils/Temora (17350)/Temora - FY2017-18 - Financial Statements.pdf
17350,Temora,2017-18,other_disaster_line,14000.0,19,Flood Study Grant,/Users/ray/Library/CloudStorage/OneDrive-KnoxGrammarSchool/Extracurriculars/AUSSEF/05 Data Archive/Council Financial Statements (NSW councils FY2015-16 to FY2023-24)/Comparison councils/Temora (17350)/Temora - FY2017-18 - Financial Statements.pdf
17350,Temora,2017-18,other_disaster_line,20000.0,18,Bushfire – Hazard Reduction,/Users/ray/Library/CloudStorage/OneDrive-KnoxGrammarSchool/Extracurriculars/AUSSEF/05 Data Archive/Council Financial Statements (NSW councils FY2015-16 to FY2023-24)/Comparison councils/Temora (17350)/Temora - FY2017-18 - Financial Statements.pdf
17350,Temora,2017-18,other_disaster_line,224000.0,25,– Bushfire fighting fund,/Users/ray/Library/CloudStorage/OneDrive-KnoxGrammarSchool/Extracurriculars/AUSSEF/05 Data Archive/Council Financial Statements (NSW councils FY2015-16 to FY2023-24)/Comparison councils/Temora (17350)/Temora - FY2017-18 - Financial Statements.pdf
17350,Temora,2017-18,total_expenses,20301000.0,4,Total expenses from continuing operations,/Users/ray/Library/CloudStorage/OneDrive-KnoxGrammarSchool/Extracurriculars/AUSSEF/05 Data Archive/Council Financial Statements (NSW councils FY2015-16 to FY2023-24)/Comparison councils/Temora (17350)/Temora - FY2017-18 - Financial Statements.pdf
17350,Temora,2018-19,bushfire_emergency_services_grant,311000.0,19,Bushfire and Emergency Services,/Users/ray/Library/CloudStorage/OneDrive-KnoxGrammarSchool/Extracurriculars/AUSSEF/05 Data Archive/Council Financial Statements (NSW councils FY2015-16 to FY2023-24)/Comparison councils/Temora (17350)/Temora - FY2018-19 - Financial Statements.pdf
17350,Temora,2018-19,capex_ippe,8233000.0,9,"Purchase of infrastructure, property, plant and equipment",/Users/ray/Library/CloudStorage/OneDrive-KnoxGrammarSchool/Extracurriculars/AUSSEF/05 Data Archive/Council Financial Statements (NSW councils FY2015-16 to FY2023-24)/Comparison councils/Temora (17350)/Temora - FY2018-19 - Financial Statements.pdf
17350,Temora,2018-19,depreciation,5014000.0,5,Depreciation and amortisation,/Users/ray/Library/CloudStorage/OneDrive-KnoxGrammarSchool/Extracurriculars/AUSSEF/05 Data Archive/Council Financial Statements (NSW councils FY2015-16 to FY2023-24)/Comparison councils/Temora (17350)/Temora - FY2018-19 - Financial Statements.pdf
17350,Temora,2018-19,disaster_grant_operating,1336000.0,19,Transport (flood damage),/Users/ray/Library/CloudStorage/OneDrive-KnoxGrammarSchool/Extracurriculars/AUSSEF/05 Data Archive/Council Financial Statements (NSW councils FY2015-16 to FY2023-24)/Comparison councils/Temora (17350)/Temora - FY2018-19 - Financial Statements.pdf
17350,Temora,2018-19,disaster_grant_operating,,19,Aerodrome – Flood Damage Remediation,/Users/ray/Library/CloudStorage/OneDrive-KnoxGrammarSchool/Extracurriculars/AUSSEF/05 Data Archive/Council Financial Statements (NSW councils FY2015-16 to FY2023-24)/Comparison councils/Temora (17350)/Temora - FY2018-19 - Financial Statements.pdf
17350,Temora,2018-19,grants_contrib_capital,3275000.0,5,Grants and contributions provided for capital purposes,/Users/ray/Library/CloudStorage/OneDrive-KnoxGrammarSchool/Extracurriculars/AUSSEF/05 Data Archive/Council Financial Statements (NSW councils FY2015-16 to FY2023-24)/Comparison councils/Temora (17350)/Temora - FY2018-19 - Financial Statements.pdf
17350,Temora,2018-19,grants_contrib_operating,7626000.0,5,Grants and contributions provided for operating purposes,/Users/ray/Library/CloudStorage/OneDrive-KnoxGrammarSchool/Extracurriculars/AUSSEF/05 Data Archive/Council Financial Statements (NSW councils FY2015-16 to FY2023-24)/Comparison councils/Temora (17350)/Temora - FY2018-19 - Financial Statements.pdf
17350,Temora,2018-19,other_disaster_line,34000.0,19,Flood Study Grant,/Users/ray/Library/CloudStorage/OneDrive-KnoxGrammarSchool/Extracurriculars/AUSSEF/05 Data Archive/Council Financial Statements (NSW councils FY2015-16 to FY2023-24)/Comparison councils/Temora (17350)/Temora - FY2018-19 - Financial Statements.pdf
17350,Temora,2018-19,other_disaster_line,7000.0,18,Bushfire – Hazard Reduction,/Users/ray/Library/CloudStorage/OneDrive-KnoxGrammarSchool/Extracurriculars/AUSSEF/05 Data Archive/Council Financial Statements (NSW councils FY2015-16 to FY2023-24)/Comparison councils/Temora (17350)/Temora - FY2018-19 - Financial Statements.pdf
17350,Temora,2018-19,other_disaster_line,241000.0,25,– Bushfire fighting fund,/Users/ray/Library/CloudStorage/OneDrive-KnoxGrammarSchool/Extracurriculars/AUSSEF/05 Data Archive/Council Financial Statements (NSW councils FY2015-16 to FY2023-24)/Comparison councils/Temora (17350)/Temora - FY2018-19 - Financial Statements.pdf
17350,Temora,2018-19,total_expenses,21521000.0,5,Total expenses from continuing operations,/Users/ray/Library/CloudStorage/OneDrive-KnoxGrammarSchool/Extracurriculars/AUSSEF/05 Data Archive/Council Financial Statements (NSW councils FY2015-16 to FY2023-24)/Comparison councils/Temora (17350)/Temora - FY2018-19 - Financial Statements.pdf
17350,Temora,2019-20,bushfire_emergency_services_grant,315000.0,19,Bushfire and emergency services,/Users/ray/Library/CloudStorage/OneDrive-KnoxGrammarSchool/Extracurriculars/AUSSEF/05 Data Archive/Council Financial Statements (NSW councils FY2015-16 to FY2023-24)/Comparison councils/Temora (17350)/Temora - FY2019-20 - Financial Statements.pdf
17350,Temora,2019-20,capex_ippe,9129000.0,9,"Purchase of infrastructure, property, plant and equipment",/Users/ray/Library/CloudStorage/OneDrive-KnoxGrammarSchool/Extracurriculars/AUSSEF/05 Data Archive/Council Financial Statements (NSW councils FY2015-16 to FY2023-24)/Comparison councils/Temora (17350)/Temora - FY2019-20 - Financial Statements.pdf
17350,Temora,2019-20,depreciation,5476000.0,5,Depreciation and amortisation,/Users/ray/Library/CloudStorage/OneDrive-KnoxGrammarSchool/Extracurriculars/AUSSEF/05 Data Archive/Council Financial Statements (NSW councils FY2015-16 to FY2023-24)/Comparison councils/Temora (17350)/Temora - FY2019-20 - Financial Statements.pdf
17350,Temora,2019-20,disaster_expense,,44,– Road assets were impaired as a result of flood damage,/Users/ray/Library/CloudStorage/OneDrive-KnoxGrammarSchool/Extracurriculars/AUSSEF/05 Data Archive/Council Financial Statements (NSW councils FY2015-16 to FY2023-24)/Comparison councils/Temora (17350)/Temora - FY2020-21 - Financial Statements.pdf
17350,Temora,2019-20,disaster_grant_operating,,20,Transport (flood damage),/Users/ray/Library/CloudStorage/OneDrive-KnoxGrammarSchool/Extracurriculars/AUSSEF/05 Data Archive/Council Financial Statements (NSW councils FY2015-16 to FY2023-24)/Comparison councils/Temora (17350)/Temora - FY2019-20 - Financial Statements.pdf
17350,Temora,2019-20,grants_contrib_capital,4891000.0,5,Grants and contributions provided for capital purposes,/Users/ray/Library/CloudStorage/OneDrive-KnoxGrammarSchool/Extracurriculars/AUSSEF/05 Data Archive/Council Financial Statements (NSW councils FY2015-16 to FY2023-24)/Comparison councils/Temora (17350)/Temora - FY2019-20 - Financial Statements.pdf
17350,Temora,2019-20,grants_contrib_operating,7125000.0,5,Grants and contributions provided for operating purposes,/Users/ray/Library/CloudStorage/OneDrive-KnoxGrammarSchool/Extracurriculars/AUSSEF/05 Data Archive/Council Financial Statements (NSW councils FY2015-16 to FY2023-24)/Comparison councils/Temora (17350)/Temora - FY2019-20 - Financial Statements.pdf
17350,Temora,2019-20,other_disaster_line,43000.0,19,Flood Study Grant,/Users/ray/Library/CloudStorage/OneDrive-KnoxGrammarSchool/Extracurriculars/AUSSEF/05 Data Archive/Council Financial Statements (NSW councils FY2015-16 to FY2023-24)/Comparison councils/Temora (17350)/Temora - FY2019-20 - Financial Statements.pdf
17350,Temora,2019-20,other_disaster_line,,18,Bushfire – Hazard Reduction,/Users/ray/Library/CloudStorage/OneDrive-KnoxGrammarSchool/Extracurriculars/AUSSEF/05 Data Archive/Council Financial Statements (NSW councils FY2015-16 to FY2023-24)/Comparison councils/Temora (17350)/Temora - FY2019-20 - Financial Statements.pdf
17350,Temora,2019-20,other_disaster_line,303000.0,27,– Bushfire fighting fund,/Users/ray/Library/CloudStorage/OneDrive-KnoxGrammarSchool/Extracurriculars/AUSSEF/05 Data Archive/Council Financial Statements (NSW councils FY2015-16 to FY2023-24)/Comparison councils/Temora (17350)/Temora - FY2019-20 - Financial Statements.pdf
17350,Temora,2019-20,total_expenses,22559000.0,5,Total expenses from continuing operations,/Users/ray/Library/CloudStorage/OneDrive-KnoxGrammarSchool/Extracurriculars/AUSSEF/05 Data Archive/Council Financial Statements (NSW councils FY2015-16 to FY2023-24)/Comparison councils/Temora (17350)/Temora - FY2019-20 - Financial Statements.pdf
17350,Temora,2020-21,bushfire_emergency_services_grant,300000.0,20,Bushfire and emergency services,/Users/ray/Library/CloudStorage/OneDrive-KnoxGrammarSchool/Extracurriculars/AUSSEF/05 Data Archive/Council Financial Statements (NSW councils FY2015-16 to FY2023-24)/Comparison councils/Temora (17350)/Temora - FY2020-21 - Financial Statements.pdf
17350,Temora,2020-21,capex_ippe,11590000.0,9,"Purchase of infrastructure, property, plant and equipment",/Users/ray/Library/CloudStorage/OneDrive-KnoxGrammarSchool/Extracurriculars/AUSSEF/05 Data Archive/Council Financial Statements (NSW councils FY2015-16 to FY2023-24)/Comparison councils/Temora (17350)/Temora - FY2020-21 - Financial Statements.pdf
17350,Temora,2020-21,depreciation,5987000.0,5,"Depreciation, amortisation and impairment for non-financial assets",/Users/ray/Library/CloudStorage/OneDrive-KnoxGrammarSchool/Extracurriculars/AUSSEF/05 Data Archive/Council Financial Statements (NSW councils FY2015-16 to FY2023-24)/Comparison councils/Temora (17350)/Temora - FY2020-21 - Financial Statements.pdf
17350,Temora,2020-21,disaster_expense,640000.0,44,– Road assets were impaired as a result of flood damage,/Users/ray/Library/CloudStorage/OneDrive-KnoxGrammarSchool/Extracurriculars/AUSSEF/05 Data Archive/Council Financial Statements (NSW councils FY2015-16 to FY2023-24)/Comparison councils/Temora (17350)/Temora - FY2020-21 - Financial Statements.pdf
17350,Temora,2020-21,disaster_grant_operating,117000.0,21,Transport (flood damage),/Users/ray/Library/CloudStorage/OneDrive-KnoxGrammarSchool/Extracurriculars/AUSSEF/05 Data Archive/Council Financial Statements (NSW councils FY2015-16 to FY2023-24)/Comparison councils/Temora (17350)/Temora - FY2020-21 - Financial Statements.pdf
17350,Temora,2020-21,grants_contrib_capital,7713000.0,5,Grants and contributions provided for capital purposes,/Users/ray/Library/CloudStorage/OneDrive-KnoxGrammarSchool/Extracurriculars/AUSSEF/05 Data Archive/Council Financial Statements (NSW councils FY2015-16 to FY2023-24)/Comparison councils/Temora (17350)/Temora - FY2020-21 - Financial Statements.pdf
17350,Temora,2020-21,grants_contrib_operating,7590000.0,5,Grants and contributions provided for operating purposes,/Users/ray/Library/CloudStorage/OneDrive-KnoxGrammarSchool/Extracurriculars/AUSSEF/05 Data Archive/Council Financial Statements (NSW councils FY2015-16 to FY2023-24)/Comparison councils/Temora (17350)/Temora - FY2020-21 - Financial Statements.pdf
17350,Temora,2020-21,other_disaster_line,55000.0,20,Flood Study Grant,/Users/ray/Library/CloudStorage/OneDrive-KnoxGrammarSchool/Extracurriculars/AUSSEF/05 Data Archive/Council Financial Statements (NSW councils FY2015-16 to FY2023-24)/Comparison councils/Temora (17350)/Temora - FY2020-21 - Financial Statements.pdf
17350,Temora,2020-21,other_disaster_line,433000.0,28,– Bushfire fighting fund,/Users/ray/Library/CloudStorage/OneDrive-KnoxGrammarSchool/Extracurriculars/AUSSEF/05 Data Archive/Council Financial Statements (NSW councils FY2015-16 to FY2023-24)/Comparison councils/Temora (17350)/Temora - FY2020-21 - Financial Statements.pdf
17350,Temora,2020-21,total_expenses,24997000.0,5,Total expenses from continuing operations,/Users/ray/Library/CloudStorage/OneDrive-KnoxGrammarSchool/Extracurriculars/AUSSEF/05 Data Archive/Council Financial Statements (NSW councils FY2015-16 to FY2023-24)/Comparison councils/Temora (17350)/Temora - FY2020-21 - Financial Statements.pdf
17350,Temora,2021-22,bushfire_emergency_services_grant,307000.0,20,Bushfire and emergency services,/Users/ray/Library/CloudStorage/OneDrive-KnoxGrammarSchool/Extracurriculars/AUSSEF/05 Data Archive/Council Financial Statements (NSW councils FY2015-16 to FY2023-24)/Comparison councils/Temora (17350)/Temora - FY2021-22 - Financial Statements.pdf
17350,Temora,2021-22,capex_ippe,11374000.0,9,Payments for IPPE,/Users/ray/Library/CloudStorage/OneDrive-KnoxGrammarSchool/Extracurriculars/AUSSEF/05 Data Archive/Council Financial Statements (NSW councils FY2015-16 to FY2023-24)/Comparison councils/Temora (17350)/Temora - FY2021-22 - Financial Statements.pdf
17350,Temora,2021-22,depreciation,6366000.0,5,"Depreciation, amortisation and impairment of non-financial assets",/Users/ray/Library/CloudStorage/OneDrive-KnoxGrammarSchool/Extracurriculars/AUSSEF/05 Data Archive/Council Financial Statements (NSW councils FY2015-16 to FY2023-24)/Comparison councils/Temora (17350)/Temora - FY2021-22 - Financial Statements.pdf
17350,Temora,2021-22,disaster_expense,1297000.0,44,– Road assets were impaired as a result of flood damage,/Users/ray/Library/CloudStorage/OneDrive-KnoxGrammarSchool/Extracurriculars/AUSSEF/05 Data Archive/Council Financial Statements (NSW councils FY2015-16 to FY2023-24)/Comparison councils/Temora (17350)/Temora - FY2021-22 - Financial Statements.pdf
17350,Temora,2021-22,disaster_grant_operating,113000.0,20,Transport (flood damage),/Users/ray/Library/CloudStorage/OneDrive-KnoxGrammarSchool/Extracurriculars/AUSSEF/05 Data Archive/Council Financial Statements (NSW councils FY2015-16 to FY2023-24)/Comparison councils/Temora (17350)/Temora - FY2021-22 - Financial Statements.pdf
17350,Temora,2021-22,grants_contrib_capital,7940000.0,5,Grants and contributions provided for capital purposes,/Users/ray/Library/CloudStorage/OneDrive-KnoxGrammarSchool/Extracurriculars/AUSSEF/05 Data Archive/Council Financial Statements (NSW councils FY2015-16 to FY2023-24)/Comparison councils/Temora (17350)/Temora - FY2021-22 - Financial Statements.pdf
17350,Temora,2021-22,grants_contrib_operating,8177000.0,5,Grants and contributions provided for operating purposes,/Users/ray/Library/CloudStorage/OneDrive-KnoxGrammarSchool/Extracurriculars/AUSSEF/05 Data Archive/Council Financial Statements (NSW councils FY2015-16 to FY2023-24)/Comparison councils/Temora (17350)/Temora - FY2021-22 - Financial Statements.pdf
17350,Temora,2021-22,other_disaster_line,25000.0,20,Flood Study Grant,/Users/ray/Library/CloudStorage/OneDrive-KnoxGrammarSchool/Extracurriculars/AUSSEF/05 Data Archive/Council Financial Statements (NSW councils FY2015-16 to FY2023-24)/Comparison councils/Temora (17350)/Temora - FY2021-22 - Financial Statements.pdf
17350,Temora,2021-22,other_disaster_line,45000.0,39,Flood Study Grant,/Users/ray/Library/CloudStorage/OneDrive-KnoxGrammarSchool/Extracurriculars/AUSSEF/05 Data Archive/Council Financial Statements (NSW councils FY2015-16 to FY2023-24)/Comparison councils/Temora (17350)/Temora - FY2021-22 - Financial Statements.pdf
17350,Temora,2021-22,total_expenses,26461000.0,5,Total expenses from continuing operations,/Users/ray/Library/CloudStorage/OneDrive-KnoxGrammarSchool/Extracurriculars/AUSSEF/05 Data Archive/Council Financial Statements (NSW councils FY2015-16 to FY2023-24)/Comparison councils/Temora (17350)/Temora - FY2021-22 - Financial Statements.pdf
17350,Temora,2022-23,bushfire_emergency_services_grant,307000.0,19,Bushfire and emergency services,/Users/ray/Library/CloudStorage/OneDrive-KnoxGrammarSchool/Extracurriculars/AUSSEF/05 Data Archive/Council Financial Statements (NSW councils FY2015-16 to FY2023-24)/Comparison councils/Temora (17350)/Temora - FY2022-23 - Financial Statements.pdf
17350,Temora,2022-23,capex_ippe,8636000.0,9,Payments for IPPE,/Users/ray/Library/CloudStorage/OneDrive-KnoxGrammarSchool/Extracurriculars/AUSSEF/05 Data Archive/Council Financial Statements (NSW councils FY2015-16 to FY2023-24)/Comparison councils/Temora (17350)/Temora - FY2022-23 - Financial Statements.pdf
17350,Temora,2022-23,depreciation,7163000.0,5,"Depreciation, amortisation and impairment of non-financial assets",/Users/ray/Library/CloudStorage/OneDrive-KnoxGrammarSchool/Extracurriculars/AUSSEF/05 Data Archive/Council Financial Statements (NSW councils FY2015-16 to FY2023-24)/Comparison councils/Temora (17350)/Temora - FY2022-23 - Financial Statements.pdf
17350,Temora,2022-23,disaster_expense,5086000.0,43,– Road assets were impaired as a result of flood damage,/Users/ray/Library/CloudStorage/OneDrive-KnoxGrammarSchool/Extracurriculars/AUSSEF/05 Data Archive/Council Financial Statements (NSW councils FY2015-16 to FY2023-24)/Comparison councils/Temora (17350)/Temora - FY2022-23 - Financial Statements.pdf
17350,Temora,2022-23,disaster_grant_capital,,20,Local Government Recovery Grant,/Users/ray/Library/CloudStorage/OneDrive-KnoxGrammarSchool/Extracurriculars/AUSSEF/05 Data Archive/Council Financial Statements (NSW councils FY2015-16 to FY2023-24)/Comparison councils/Temora (17350)/Temora - FY2023-24 - Financial Statements.pdf
17350,Temora,2022-23,disaster_grant_operating,140000.0,19,Transport (flood damage),/Users/ray/Library/CloudStorage/OneDrive-KnoxGrammarSchool/Extracurriculars/AUSSEF/05 Data Archive/Council Financial Statements (NSW councils FY2015-16 to FY2023-24)/Comparison councils/Temora (17350)/Temora - FY2022-23 - Financial Statements.pdf
17350,Temora,2022-23,grants_contrib_capital,4854000.0,5,Grants and contributions provided for capital purposes,/Users/ray/Library/CloudStorage/OneDrive-KnoxGrammarSchool/Extracurriculars/AUSSEF/05 Data Archive/Council Financial Statements (NSW councils FY2015-16 to FY2023-24)/Comparison councils/Temora (17350)/Temora - FY2022-23 - Financial Statements.pdf
17350,Temora,2022-23,grants_contrib_operating,11967000.0,5,Grants and contributions provided for operating purposes,/Users/ray/Library/CloudStorage/OneDrive-KnoxGrammarSchool/Extracurriculars/AUSSEF/05 Data Archive/Council Financial Statements (NSW councils FY2015-16 to FY2023-24)/Comparison councils/Temora (17350)/Temora - FY2022-23 - Financial Statements.pdf
17350,Temora,2022-23,other_disaster_line,54000.0,19,Flood Study Grant,/Users/ray/Library/CloudStorage/OneDrive-KnoxGrammarSchool/Extracurriculars/AUSSEF/05 Data Archive/Council Financial Statements (NSW councils FY2015-16 to FY2023-24)/Comparison councils/Temora (17350)/Temora - FY2022-23 - Financial Statements.pdf
17350,Temora,2022-23,other_disaster_line,29000.0,38,Flood Study Grant,/Users/ray/Library/CloudStorage/OneDrive-KnoxGrammarSchool/Extracurriculars/AUSSEF/05 Data Archive/Council Financial Statements (NSW councils FY2015-16 to FY2023-24)/Comparison councils/Temora (17350)/Temora - FY2022-23 - Financial Statements.pdf
17350,Temora,2022-23,total_expenses,30381000.0,5,Total expenses from continuing operations,/Users/ray/Library/CloudStorage/OneDrive-KnoxGrammarSchool/Extracurriculars/AUSSEF/05 Data Archive/Council Financial Statements (NSW councils FY2015-16 to FY2023-24)/Comparison councils/Temora (17350)/Temora - FY2022-23 - Financial Statements.pdf
17350,Temora,2023-24,bushfire_emergency_services_grant,313000.0,20,Bushfire and emergency services,/Users/ray/Library/CloudStorage/OneDrive-KnoxGrammarSchool/Extracurriculars/AUSSEF/05 Data Archive/Council Financial Statements (NSW councils FY2015-16 to FY2023-24)/Comparison councils/Temora (17350)/Temora - FY2023-24 - Financial Statements.pdf
17350,Temora,2023-24,capex_ippe,9195000.0,10,Payments for IPPE,/Users/ray/Library/CloudStorage/OneDrive-KnoxGrammarSchool/Extracurriculars/AUSSEF/05 Data Archive/Council Financial Statements (NSW councils FY2015-16 to FY2023-24)/Comparison councils/Temora (17350)/Temora - FY2023-24 - Financial Statements.pdf
17350,Temora,2023-24,depreciation,7868000.0,6,"Depreciation, amortisation and impairment of non-financial assets",/Users/ray/Library/CloudStorage/OneDrive-KnoxGrammarSchool/Extracurriculars/AUSSEF/05 Data Archive/Council Financial Statements (NSW councils FY2015-16 to FY2023-24)/Comparison councils/Temora (17350)/Temora - FY2023-24 - Financial Statements.pdf
17350,Temora,2023-24,disaster_expense,,44,– Road assets were impaired as a result of flood damage,/Users/ray/Library/CloudStorage/OneDrive-KnoxGrammarSchool/Extracurriculars/AUSSEF/05 Data Archive/Council Financial Statements (NSW councils FY2015-16 to FY2023-24)/Comparison councils/Temora (17350)/Temora - FY2023-24 - Financial Statements.pdf
17350,Temora,2023-24,disaster_grant_capital,81000.0,20,Local Government Recovery Grant,/Users/ray/Library/CloudStorage/OneDrive-KnoxGrammarSchool/Extracurriculars/AUSSEF/05 Data Archive/Council Financial Statements (NSW councils FY2015-16 to FY2023-24)/Comparison councils/Temora (17350)/Temora - FY2023-24 - Financial Statements.pdf
17350,Temora,2023-24,disaster_grant_operating,238000.0,20,Transport (flood damage),/Users/ray/Library/CloudStorage/OneDrive-KnoxGrammarSchool/Extracurriculars/AUSSEF/05 Data Archive/Council Financial Statements (NSW councils FY2015-16 to FY2023-24)/Comparison councils/Temora (17350)/Temora - FY2023-24 - Financial Statements.pdf
17350,Temora,2023-24,grants_contrib_capital,6497000.0,6,Grants and contributions provided for capital purposes,/Users/ray/Library/CloudStorage/OneDrive-KnoxGrammarSchool/Extracurriculars/AUSSEF/05 Data Archive/Council Financial Statements (NSW councils FY2015-16 to FY2023-24)/Comparison councils/Temora (17350)/Temora - FY2023-24 - Financial Statements.pdf
17350,Temora,2023-24,grants_contrib_operating,11357000.0,6,Grants and contributions provided for operating purposes,/Users/ray/Library/CloudStorage/OneDrive-KnoxGrammarSchool/Extracurriculars/AUSSEF/05 Data Archive/Council Financial Statements (NSW councils FY2015-16 to FY2023-24)/Comparison councils/Temora (17350)/Temora - FY2023-24 - Financial Statements.pdf
17350,Temora,2023-24,other_disaster_line,67000.0,20,Flood Study Grant,/Users/ray/Library/CloudStorage/OneDrive-KnoxGrammarSchool/Extracurriculars/AUSSEF/05 Data Archive/Council Financial Statements (NSW councils FY2015-16 to FY2023-24)/Comparison councils/Temora (17350)/Temora - FY2023-24 - Financial Statements.pdf
17350,Temora,2023-24,other_disaster_line,,39,Flood Study Grant,/Users/ray/Library/CloudStorage/OneDrive-KnoxGrammarSchool/Extracurriculars/AUSSEF/05 Data Archive/Council Financial Statements (NSW councils FY2015-16 to FY2023-24)/Comparison councils/Temora (17350)/Temora - FY2023-24 - Financial Statements.pdf
17350,Temora,2023-24,total_expenses,36901000.0,6,Total expenses from continuing operations,/Users/ray/Library/CloudStorage/OneDrive-KnoxGrammarSchool/Extracurriculars/AUSSEF/05 Data Archive/Council Financial Statements (NSW councils FY2015-16 to FY2023-24)/Comparison councils/Temora (17350)/Temora - FY2023-24 - Financial Statements.pdf
18100,Weddin,2016-17,bushfire_emergency_services_grant,76000.0,19,Bushfire and emergency services,/Users/ray/Library/CloudStorage/OneDrive-KnoxGrammarSchool/Extracurriculars/AUSSEF/05 Data Archive/Council Financial Statements (NSW councils FY2015-16 to FY2023-24)/Comparison councils/Weddin (18100)/Weddin - FY2017-18 - Financial Statements.pdf
18100,Weddin,2016-17,capex_ippe,6751000.0,9,"Purchase of infrastructure, property, plant and equipment",/Users/ray/Library/CloudStorage/OneDrive-KnoxGrammarSchool/Extracurriculars/AUSSEF/05 Data Archive/Council Financial Statements (NSW councils FY2015-16 to FY2023-24)/Comparison councils/Weddin (18100)/Weddin - FY2017-18 - Financial Statements.pdf
18100,Weddin,2016-17,depreciation,2583000.0,5,Depreciation and amortisation,/Users/ray/Library/CloudStorage/OneDrive-KnoxGrammarSchool/Extracurriculars/AUSSEF/05 Data Archive/Council Financial Statements (NSW councils FY2015-16 to FY2023-24)/Comparison councils/Weddin (18100)/Weddin - FY2017-18 - Financial Statements.pdf
18100,Weddin,2016-17,disaster_grant_operating,2200000.0,19,Flood restoration,/Users/ray/Library/CloudStorage/OneDrive-KnoxGrammarSchool/Extracurriculars/AUSSEF/05 Data Archive/Council Financial Statements (NSW councils FY2015-16 to FY2023-24)/Comparison councils/Weddin (18100)/Weddin - FY2017-18 - Financial Statements.pdf
18100,Weddin,2016-17,grants_contrib_capital,1306000.0,5,Grants and contributions provided for capital purposes,/Users/ray/Library/CloudStorage/OneDrive-KnoxGrammarSchool/Extracurriculars/AUSSEF/05 Data Archive/Council Financial Statements (NSW councils FY2015-16 to FY2023-24)/Comparison councils/Weddin (18100)/Weddin - FY2017-18 - Financial Statements.pdf
18100,Weddin,2016-17,grants_contrib_operating,7997000.0,5,Grants and contributions provided for operating purposes,/Users/ray/Library/CloudStorage/OneDrive-KnoxGrammarSchool/Extracurriculars/AUSSEF/05 Data Archive/Council Financial Statements (NSW councils FY2015-16 to FY2023-24)/Comparison councils/Weddin (18100)/Weddin - FY2017-18 - Financial Statements.pdf
18100,Weddin,2016-17,other_disaster_line,13000.0,19,Grenfell flood study,/Users/ray/Library/CloudStorage/OneDrive-KnoxGrammarSchool/Extracurriculars/AUSSEF/05 Data Archive/Council Financial Statements (NSW councils FY2015-16 to FY2023-24)/Comparison councils/Weddin (18100)/Weddin - FY2017-18 - Financial Statements.pdf
18100,Weddin,2016-17,total_expenses,12317000.0,5,Total expenses from continuing operations,/Users/ray/Library/CloudStorage/OneDrive-KnoxGrammarSchool/Extracurriculars/AUSSEF/05 Data Archive/Council Financial Statements (NSW councils FY2015-16 to FY2023-24)/Comparison councils/Weddin (18100)/Weddin - FY2017-18 - Financial Statements.pdf
18100,Weddin,2017-18,bushfire_emergency_services_grant,76000.0,19,Bushfire and emergency services,/Users/ray/Library/CloudStorage/OneDrive-KnoxGrammarSchool/Extracurriculars/AUSSEF/05 Data Archive/Council Financial Statements (NSW councils FY2015-16 to FY2023-24)/Comparison councils/Weddin (18100)/Weddin - FY2017-18 - Financial Statements.pdf
18100,Weddin,2017-18,capex_ippe,6569000.0,9,"Purchase of infrastructure, property, plant and equipment",/Users/ray/Library/CloudStorage/OneDrive-KnoxGrammarSchool/Extracurriculars/AUSSEF/05 Data Archive/Council Financial Statements (NSW councils FY2015-16 to FY2023-24)/Comparison councils/Weddin (18100)/Weddin - FY2017-18 - Financial Statements.pdf
18100,Weddin,2017-18,depreciation,2799000.0,5,Depreciation and amortisation,/Users/ray/Library/CloudStorage/OneDrive-KnoxGrammarSchool/Extracurriculars/AUSSEF/05 Data Archive/Council Financial Statements (NSW councils FY2015-16 to FY2023-24)/Comparison councils/Weddin (18100)/Weddin - FY2017-18 - Financial Statements.pdf
18100,Weddin,2017-18,disaster_grant_operating,939000.0,19,Flood restoration,/Users/ray/Library/CloudStorage/OneDrive-KnoxGrammarSchool/Extracurriculars/AUSSEF/05 Data Archive/Council Financial Statements (NSW councils FY2015-16 to FY2023-24)/Comparison councils/Weddin (18100)/Weddin - FY2017-18 - Financial Statements.pdf
18100,Weddin,2017-18,grants_contrib_capital,2015000.0,5,Grants and contributions provided for capital purposes,/Users/ray/Library/CloudStorage/OneDrive-KnoxGrammarSchool/Extracurriculars/AUSSEF/05 Data Archive/Council Financial Statements (NSW councils FY2015-16 to FY2023-24)/Comparison councils/Weddin (18100)/Weddin - FY2017-18 - Financial Statements.pdf
18100,Weddin,2017-18,grants_contrib_operating,5816000.0,5,Grants and contributions provided for operating purposes,/Users/ray/Library/CloudStorage/OneDrive-KnoxGrammarSchool/Extracurriculars/AUSSEF/05 Data Archive/Council Financial Statements (NSW councils FY2015-16 to FY2023-24)/Comparison councils/Weddin (18100)/Weddin - FY2017-18 - Financial Statements.pdf
18100,Weddin,2017-18,other_disaster_line,,19,Grenfell flood study,/Users/ray/Library/CloudStorage/OneDrive-KnoxGrammarSchool/Extracurriculars/AUSSEF/05 Data Archive/Council Financial Statements (NSW councils FY2015-16 to FY2023-24)/Comparison councils/Weddin (18100)/Weddin - FY2017-18 - Financial Statements.pdf
18100,Weddin,2017-18,other_disaster_line,,49,costs associated with flood damage emergency works and repairs increased material and contract expenses.,/Users/ray/Library/CloudStorage/OneDrive-KnoxGrammarSchool/Extracurriculars/AUSSEF/05 Data Archive/Council Financial Statements (NSW councils FY2015-16 to FY2023-24)/Comparison councils/Weddin (18100)/Weddin - FY2017-18 - Financial Statements.pdf
18100,Weddin,2017-18,total_expenses,13773000.0,5,Total expenses from continuing operations,/Users/ray/Library/CloudStorage/OneDrive-KnoxGrammarSchool/Extracurriculars/AUSSEF/05 Data Archive/Council Financial Statements (NSW councils FY2015-16 to FY2023-24)/Comparison councils/Weddin (18100)/Weddin - FY2017-18 - Financial Statements.pdf
18100,Weddin,2018-19,bushfire_emergency_services_grant,81000.0,21,Bushfire and emergency services,/Users/ray/Library/CloudStorage/OneDrive-KnoxGrammarSchool/Extracurriculars/AUSSEF/05 Data Archive/Council Financial Statements (NSW councils FY2015-16 to FY2023-24)/Comparison councils/Weddin (18100)/Weddin - FY2018-19 - Financial Statements.pdf
18100,Weddin,2018-19,capex_ippe,5161000.0,10,"Purchase of infrastructure, property, plant and equipment",/Users/ray/Library/CloudStorage/OneDrive-KnoxGrammarSchool/Extracurriculars/AUSSEF/05 Data Archive/Council Financial Statements (NSW councils FY2015-16 to FY2023-24)/Comparison councils/Weddin (18100)/Weddin - FY2018-19 - Financial Statements.pdf
18100,Weddin,2018-19,depreciation,2830000.0,6,Depreciation and amortisation,/Users/ray/Library/CloudStorage/OneDrive-KnoxGrammarSchool/Extracurriculars/AUSSEF/05 Data Archive/Council Financial Statements (NSW councils FY2015-16 to FY2023-24)/Comparison councils/Weddin (18100)/Weddin - FY2018-19 - Financial Statements.pdf
18100,Weddin,2018-19,disaster_grant_operating,84000.0,21,Storm/flood damage,/Users/ray/Library/CloudStorage/OneDrive-KnoxGrammarSchool/Extracurriculars/AUSSEF/05 Data Archive/Council Financial Statements (NSW councils FY2015-16 to FY2023-24)/Comparison councils/Weddin (18100)/Weddin - FY2018-19 - Financial Statements.pdf
18100,Weddin,2018-19,grants_contrib_capital,3710000.0,6,Grants and contributions provided for capital purposes,/Users/ray/Library/CloudStorage/OneDrive-KnoxGrammarSchool/Extracurriculars/AUSSEF/05 Data Archive/Council Financial Statements (NSW councils FY2015-16 to FY2023-24)/Comparison councils/Weddin (18100)/Weddin - FY2018-19 - Financial Statements.pdf
18100,Weddin,2018-19,grants_contrib_operating,4160000.0,6,Grants and contributions provided for operating purposes,/Users/ray/Library/CloudStorage/OneDrive-KnoxGrammarSchool/Extracurriculars/AUSSEF/05 Data Archive/Council Financial Statements (NSW councils FY2015-16 to FY2023-24)/Comparison councils/Weddin (18100)/Weddin - FY2018-19 - Financial Statements.pdf
18100,Weddin,2018-19,total_expenses,11555000.0,6,Total expenses from continuing operations,/Users/ray/Library/CloudStorage/OneDrive-KnoxGrammarSchool/Extracurriculars/AUSSEF/05 Data Archive/Council Financial Statements (NSW councils FY2015-16 to FY2023-24)/Comparison councils/Weddin (18100)/Weddin - FY2018-19 - Financial Statements.pdf
18100,Weddin,2019-20,bushfire_emergency_services_grant,122000.0,19,Bushfire and emergency services,/Users/ray/Library/CloudStorage/OneDrive-KnoxGrammarSchool/Extracurriculars/AUSSEF/05 Data Archive/Council Financial Statements (NSW councils FY2015-16 to FY2023-24)/Comparison councils/Weddin (18100)/Weddin - FY2019-20 - Financial Statements.pdf
18100,Weddin,2019-20,capex_ippe,4651000.0,9,"Purchase of infrastructure, property, plant and equipment",/Users/ray/Library/CloudStorage/OneDrive-KnoxGrammarSchool/Extracurriculars/AUSSEF/05 Data Archive/Council Financial Statements (NSW councils FY2015-16 to FY2023-24)/Comparison councils/Weddin (18100)/Weddin - FY2019-20 - Financial Statements.pdf
18100,Weddin,2019-20,depreciation,2913000.0,5,Depreciation and amortisation,/Users/ray/Library/CloudStorage/OneDrive-KnoxGrammarSchool/Extracurriculars/AUSSEF/05 Data Archive/Council Financial Statements (NSW councils FY2015-16 to FY2023-24)/Comparison councils/Weddin (18100)/Weddin - FY2019-20 - Financial Statements.pdf
18100,Weddin,2019-20,disaster_grant_operating,91000.0,19,Storm/flood damage,/Users/ray/Library/CloudStorage/OneDrive-KnoxGrammarSchool/Extracurriculars/AUSSEF/05 Data Archive/Council Financial Statements (NSW councils FY2015-16 to FY2023-24)/Comparison councils/Weddin (18100)/Weddin - FY2019-20 - Financial Statements.pdf
18100,Weddin,2019-20,grants_contrib_capital,2320000.0,5,Grants and contributions provided for capital purposes,/Users/ray/Library/CloudStorage/OneDrive-KnoxGrammarSchool/Extracurriculars/AUSSEF/05 Data Archive/Council Financial Statements (NSW councils FY2015-16 to FY2023-24)/Comparison councils/Weddin (18100)/Weddin - FY2019-20 - Financial Statements.pdf
18100,Weddin,2019-20,grants_contrib_operating,6278000.0,5,Grants and contributions provided for operating purposes,/Users/ray/Library/CloudStorage/OneDrive-KnoxGrammarSchool/Extracurriculars/AUSSEF/05 Data Archive/Council Financial Statements (NSW councils FY2015-16 to FY2023-24)/Comparison councils/Weddin (18100)/Weddin - FY2019-20 - Financial Statements.pdf
18100,Weddin,2019-20,other_disaster_line,,20,Floodplain management,/Users/ray/Library/CloudStorage/OneDrive-KnoxGrammarSchool/Extracurriculars/AUSSEF/05 Data Archive/Council Financial Statements (NSW councils FY2015-16 to FY2023-24)/Comparison councils/Weddin (18100)/Weddin - FY2020-21 - Financial Statements.pdf
18100,Weddin,2019-20,total_expenses,13794000.0,5,Total expenses from continuing operations,/Users/ray/Library/CloudStorage/OneDrive-KnoxGrammarSchool/Extracurriculars/AUSSEF/05 Data Archive/Council Financial Statements (NSW councils FY2015-16 to FY2023-24)/Comparison councils/Weddin (18100)/Weddin - FY2019-20 - Financial Statements.pdf
18100,Weddin,2020-21,bushfire_emergency_services_grant,210000.0,20,Bushfire and emergency services,/Users/ray/Library/CloudStorage/OneDrive-KnoxGrammarSchool/Extracurriculars/AUSSEF/05 Data Archive/Council Financial Statements (NSW councils FY2015-16 to FY2023-24)/Comparison councils/Weddin (18100)/Weddin - FY2020-21 - Financial Statements.pdf
18100,Weddin,2020-21,capex_ippe,14238000.0,9,"Purchase of infrastructure, property, plant and equipment",/Users/ray/Library/CloudStorage/OneDrive-KnoxGrammarSchool/Extracurriculars/AUSSEF/05 Data Archive/Council Financial Statements (NSW councils FY2015-16 to FY2023-24)/Comparison councils/Weddin (18100)/Weddin - FY2020-21 - Financial Statements.pdf
18100,Weddin,2020-21,depreciation,2964000.0,5,"Depreciation, amortisation and impairment for non-financial assets",/Users/ray/Library/CloudStorage/OneDrive-KnoxGrammarSchool/Extracurriculars/AUSSEF/05 Data Archive/Council Financial Statements (NSW councils FY2015-16 to FY2023-24)/Comparison councils/Weddin (18100)/Weddin - FY2020-21 - Financial Statements.pdf
18100,Weddin,2020-21,disaster_grant_operating,,20,Storm/flood damage,/Users/ray/Library/CloudStorage/OneDrive-KnoxGrammarSchool/Extracurriculars/AUSSEF/05 Data Archive/Council Financial Statements (NSW councils FY2015-16 to FY2023-24)/Comparison councils/Weddin (18100)/Weddin - FY2020-21 - Financial Statements.pdf
18100,Weddin,2020-21,grants_contrib_capital,10870000.0,5,Grants and contributions provided for capital purposes,/Users/ray/Library/CloudStorage/OneDrive-KnoxGrammarSchool/Extracurriculars/AUSSEF/05 Data Archive/Council Financial Statements (NSW councils FY2015-16 to FY2023-24)/Comparison councils/Weddin (18100)/Weddin - FY2020-21 - Financial Statements.pdf
18100,Weddin,2020-21,grants_contrib_operating,5465000.0,5,Grants and contributions provided for operating purposes,/Users/ray/Library/CloudStorage/OneDrive-KnoxGrammarSchool/Extracurriculars/AUSSEF/05 Data Archive/Council Financial Statements (NSW councils FY2015-16 to FY2023-24)/Comparison councils/Weddin (18100)/Weddin - FY2020-21 - Financial Statements.pdf
18100,Weddin,2020-21,other_disaster_line,89000.0,20,Floodplain management,/Users/ray/Library/CloudStorage/OneDrive-KnoxGrammarSchool/Extracurriculars/AUSSEF/05 Data Archive/Council Financial Statements (NSW councils FY2015-16 to FY2023-24)/Comparison councils/Weddin (18100)/Weddin - FY2020-21 - Financial Statements.pdf
18100,Weddin,2020-21,total_expenses,12517000.0,5,Total expenses from continuing operations,/Users/ray/Library/CloudStorage/OneDrive-KnoxGrammarSchool/Extracurriculars/AUSSEF/05 Data Archive/Council Financial Statements (NSW councils FY2015-16 to FY2023-24)/Comparison councils/Weddin (18100)/Weddin - FY2020-21 - Financial Statements.pdf
18100,Weddin,2021-22,bushfire_emergency_services_grant,289000.0,20,Bushfire and emergency services,/Users/ray/Library/CloudStorage/OneDrive-KnoxGrammarSchool/Extracurriculars/AUSSEF/05 Data Archive/Council Financial Statements (NSW councils FY2015-16 to FY2023-24)/Comparison councils/Weddin (18100)/Weddin - FY2021-22 - Financial Statements.pdf
18100,Weddin,2021-22,capex_ippe,8860000.0,9,Payments for IPPE,/Users/ray/Library/CloudStorage/OneDrive-KnoxGrammarSchool/Extracurriculars/AUSSEF/05 Data Archive/Council Financial Statements (NSW councils FY2015-16 to FY2023-24)/Comparison councils/Weddin (18100)/Weddin - FY2021-22 - Financial Statements.pdf
18100,Weddin,2021-22,depreciation,3248000.0,5,"Depreciation, amortisation and impairment of non-financial assets",/Users/ray/Library/CloudStorage/OneDrive-KnoxGrammarSchool/Extracurriculars/AUSSEF/05 Data Archive/Council Financial Statements (NSW councils FY2015-16 to FY2023-24)/Comparison councils/Weddin (18100)/Weddin - FY2021-22 - Financial Statements.pdf
18100,Weddin,2021-22,disaster_grant_operating,,19,Storm/flood damage,/Users/ray/Library/CloudStorage/OneDrive-KnoxGrammarSchool/Extracurriculars/AUSSEF/05 Data Archive/Council Financial Statements (NSW councils FY2015-16 to FY2023-24)/Comparison councils/Weddin (18100)/Weddin - FY2022-23 - Financial Statements.pdf
18100,Weddin,2021-22,grants_contrib_capital,5271000.0,5,Grants and contributions provided for capital purposes,/Users/ray/Library/CloudStorage/OneDrive-KnoxGrammarSchool/Extracurriculars/AUSSEF/05 Data Archive/Council Financial Statements (NSW councils FY2015-16 to FY2023-24)/Comparison councils/Weddin (18100)/Weddin - FY2021-22 - Financial Statements.pdf
18100,Weddin,2021-22,grants_contrib_operating,5964000.0,5,Grants and contributions provided for operating purposes,/Users/ray/Library/CloudStorage/OneDrive-KnoxGrammarSchool/Extracurriculars/AUSSEF/05 Data Archive/Council Financial Statements (NSW councils FY2015-16 to FY2023-24)/Comparison councils/Weddin (18100)/Weddin - FY2021-22 - Financial Statements.pdf
18100,Weddin,2021-22,other_disaster_line,,20,Floodplain management,/Users/ray/Library/CloudStorage/OneDrive-KnoxGrammarSchool/Extracurriculars/AUSSEF/05 Data Archive/Council Financial Statements (NSW councils FY2015-16 to FY2023-24)/Comparison councils/Weddin (18100)/Weddin - FY2021-22 - Financial Statements.pdf
18100,Weddin,2021-22,other_disaster_line,,30,Council received Drought and Natural Disaster as well as the Federal Assistance Grant Funding that was not in the original budget.,/Users/ray/Library/CloudStorage/OneDrive-KnoxGrammarSchool/Extracurriculars/AUSSEF/05 Data Archive/Council Financial Statements (NSW councils FY2015-16 to FY2023-24)/Comparison councils/Weddin (18100)/Weddin - FY2021-22 - Financial Statements.pdf
18100,Weddin,2021-22,other_disaster_line,,30,"Additionally, there was expenditure for the Legends Concert and Natural Disaster Events that were not in the original budget.",/Users/ray/Library/CloudStorage/OneDrive-KnoxGrammarSchool/Extracurriculars/AUSSEF/05 Data Archive/Council Financial Statements (NSW councils FY2015-16 to FY2023-24)/Comparison councils/Weddin (18100)/Weddin - FY2021-22 - Financial Statements.pdf
18100,Weddin,2021-22,total_expenses,13850000.0,5,Total expenses from continuing operations,/Users/ray/Library/CloudStorage/OneDrive-KnoxGrammarSchool/Extracurriculars/AUSSEF/05 Data Archive/Council Financial Statements (NSW councils FY2015-16 to FY2023-24)/Comparison councils/Weddin (18100)/Weddin - FY2021-22 - Financial Statements.pdf
18100,Weddin,2022-23,bushfire_emergency_services_grant,119000.0,19,Bushfire and emergency services,/Users/ray/Library/CloudStorage/OneDrive-KnoxGrammarSchool/Extracurriculars/AUSSEF/05 Data Archive/Council Financial Statements (NSW councils FY2015-16 to FY2023-24)/Comparison councils/Weddin (18100)/Weddin - FY2022-23 - Financial Statements.pdf
18100,Weddin,2022-23,capex_ippe,13471000.0,9,Payments for IPPE,/Users/ray/Library/CloudStorage/OneDrive-KnoxGrammarSchool/Extracurriculars/AUSSEF/05 Data Archive/Council Financial Statements (NSW councils FY2015-16 to FY2023-24)/Comparison councils/Weddin (18100)/Weddin - FY2022-23 - Financial Statements.pdf
18100,Weddin,2022-23,depreciation,5211000.0,5,"Depreciation, amortisation and impairment of non-financial assets",/Users/ray/Library/CloudStorage/OneDrive-KnoxGrammarSchool/Extracurriculars/AUSSEF/05 Data Archive/Council Financial Statements (NSW councils FY2015-16 to FY2023-24)/Comparison councils/Weddin (18100)/Weddin - FY2022-23 - Financial Statements.pdf
18100,Weddin,2022-23,disaster_grant_operating,5265000.0,19,Storm/flood damage,/Users/ray/Library/CloudStorage/OneDrive-KnoxGrammarSchool/Extracurriculars/AUSSEF/05 Data Archive/Council Financial Statements (NSW councils FY2015-16 to FY2023-24)/Comparison councils/Weddin (18100)/Weddin - FY2022-23 - Financial Statements.pdf
18100,Weddin,2022-23,grants_contrib_capital,10118000.0,5,Grants and contributions provided for capital purposes,/Users/ray/Library/CloudStorage/OneDrive-KnoxGrammarSchool/Extracurriculars/AUSSEF/05 Data Archive/Council Financial Statements (NSW councils FY2015-16 to FY2023-24)/Comparison councils/Weddin (18100)/Weddin - FY2022-23 - Financial Statements.pdf
18100,Weddin,2022-23,grants_contrib_operating,12590000.0,5,Grants and contributions provided for operating purposes,/Users/ray/Library/CloudStorage/OneDrive-KnoxGrammarSchool/Extracurriculars/AUSSEF/05 Data Archive/Council Financial Statements (NSW councils FY2015-16 to FY2023-24)/Comparison councils/Weddin (18100)/Weddin - FY2022-23 - Financial Statements.pdf
18100,Weddin,2022-23,other_disaster_line,,29,Transport for NSW works was significantly higher than budgeted due to flood damage on State Highways.,/Users/ray/Library/CloudStorage/OneDrive-KnoxGrammarSchool/Extracurriculars/AUSSEF/05 Data Archive/Council Financial Statements (NSW councils FY2015-16 to FY2023-24)/Comparison councils/Weddin (18100)/Weddin - FY2022-23 - Financial Statements.pdf
18100,Weddin,2022-23,other_disaster_line,,29,Operating grants and contributions were significantly higher than budget due to storm and flood damage grants and receiving 100% allocation of the 2023/24 financial assistance grant this year.,/Users/ray/Library/CloudStorage/OneDrive-KnoxGrammarSchool/Extracurriculars/AUSSEF/05 Data Archive/Council Financial Statements (NSW councils FY2015-16 to FY2023-24)/Comparison councils/Weddin (18100)/Weddin - FY2022-23 - Financial Statements.pdf
18100,Weddin,2022-23,other_disaster_line,,29,"Council did not budget for any capital grants but received significant funding for storm and flood damage, fixing local roads programs.",/Users/ray/Library/CloudStorage/OneDrive-KnoxGrammarSchool/Extracurriculars/AUSSEF/05 Data Archive/Council Financial Statements (NSW councils FY2015-16 to FY2023-24)/Comparison councils/Weddin (18100)/Weddin - FY2022-23 - Financial Statements.pdf
18100,Weddin,2022-23,other_disaster_line,,29,Materials and services were significantly higher than budget due to increased contractor costs and raw materials used in the repairing of road assets after the flood damage.,/Users/ray/Library/CloudStorage/OneDrive-KnoxGrammarSchool/Extracurriculars/AUSSEF/05 Data Archive/Council Financial Statements (NSW councils FY2015-16 to FY2023-24)/Comparison councils/Weddin (18100)/Weddin - FY2022-23 - Financial Statements.pdf
18100,Weddin,2022-23,other_disaster_line,,30,increased payments to employees and materials and services due to the flooding that occurred across the Shire during the year.,/Users/ray/Library/CloudStorage/OneDrive-KnoxGrammarSchool/Extracurriculars/AUSSEF/05 Data Archive/Council Financial Statements (NSW councils FY2015-16 to FY2023-24)/Comparison councils/Weddin (18100)/Weddin - FY2022-23 - Financial Statements.pdf
18100,Weddin,2022-23,total_expenses,23327000.0,5,Total expenses from continuing operations,/Users/ray/Library/CloudStorage/OneDrive-KnoxGrammarSchool/Extracurriculars/AUSSEF/05 Data Archive/Council Financial Statements (NSW councils FY2015-16 to FY2023-24)/Comparison councils/Weddin (18100)/Weddin - FY2022-23 - Financial Statements.pdf
18100,Weddin,2023-24,bushfire_emergency_services_grant,84000.0,19,Bushfire and emergency services,/Users/ray/Library/CloudStorage/OneDrive-KnoxGrammarSchool/Extracurriculars/AUSSEF/05 Data Archive/Council Financial Statements (NSW councils FY2015-16 to FY2023-24)/Comparison councils/Weddin (18100)/Weddin - FY2023-24 - Financial Statements.pdf
18100,Weddin,2023-24,capex_ippe,2787000.0,9,Payments for IPPE,/Users/ray/Library/CloudStorage/OneDrive-KnoxGrammarSchool/Extracurriculars/AUSSEF/05 Data Archive/Council Financial Statements (NSW councils FY2015-16 to FY2023-24)/Comparison councils/Weddin (18100)/Weddin - FY2023-24 - Financial Statements.pdf
18100,Weddin,2023-24,depreciation,5779000.0,5,"Depreciation, amortisation and impairment of non-financial assets",/Users/ray/Library/CloudStorage/OneDrive-KnoxGrammarSchool/Extracurriculars/AUSSEF/05 Data Archive/Council Financial Statements (NSW councils FY2015-16 to FY2023-24)/Comparison councils/Weddin (18100)/Weddin - FY2023-24 - Financial Statements.pdf
18100,Weddin,2023-24,disaster_grant_operating,8656000.0,19,Storm/flood damage,/Users/ray/Library/CloudStorage/OneDrive-KnoxGrammarSchool/Extracurriculars/AUSSEF/05 Data Archive/Council Financial Statements (NSW councils FY2015-16 to FY2023-24)/Comparison councils/Weddin (18100)/Weddin - FY2023-24 - Financial Statements.pdf
18100,Weddin,2023-24,grants_contrib_capital,2464000.0,5,Grants and contributions provided for capital purposes,/Users/ray/Library/CloudStorage/OneDrive-KnoxGrammarSchool/Extracurriculars/AUSSEF/05 Data Archive/Council Financial Statements (NSW councils FY2015-16 to FY2023-24)/Comparison councils/Weddin (18100)/Weddin - FY2023-24 - Financial Statements.pdf
18100,Weddin,2023-24,grants_contrib_operating,14499000.0,5,Grants and contributions provided for operating purposes,/Users/ray/Library/CloudStorage/OneDrive-KnoxGrammarSchool/Extracurriculars/AUSSEF/05 Data Archive/Council Financial Statements (NSW councils FY2015-16 to FY2023-24)/Comparison councils/Weddin (18100)/Weddin - FY2023-24 - Financial Statements.pdf
18100,Weddin,2023-24,other_disaster_line,,29,Transport for NSW works were significantly higher than budget due to flood damage on State Highways.,/Users/ray/Library/CloudStorage/OneDrive-KnoxGrammarSchool/Extracurriculars/AUSSEF/05 Data Archive/Council Financial Statements (NSW councils FY2015-16 to FY2023-24)/Comparison councils/Weddin (18100)/Weddin - FY2023-24 - Financial Statements.pdf
18100,Weddin,2023-24,other_disaster_line,,29,Operating grants and contributions were significantly higher than budget due to the storm and flood damage grants of $8.6 million and receiving 85% allocation of the 2024/25 financial assistance grant this year.,/Users/ray/Library/CloudStorage/OneDrive-KnoxGrammarSchool/Extracurriculars/AUSSEF/05 Data Archive/Council Financial Statements (NSW councils FY2015-16 to FY2023-24)/Comparison councils/Weddin (18100)/Weddin - FY2023-24 - Financial Statements.pdf
18100,Weddin,2023-24,other_disaster_line,,29,Materials and services were signficantly higher than budget due to increased contractor costs and raw materials used in the repairing of road assets after flood damage.,/Users/ray/Library/CloudStorage/OneDrive-KnoxGrammarSchool/Extracurriculars/AUSSEF/05 Data Archive/Council Financial Statements (NSW councils FY2015-16 to FY2023-24)/Comparison councils/Weddin (18100)/Weddin - FY2023-24 - Financial Statements.pdf
18100,Weddin,2023-24,other_disaster_line,,30,increased payments to employees and materials and services due to the repairing of flood damaged roads.,/Users/ray/Library/CloudStorage/OneDrive-KnoxGrammarSchool/Extracurriculars/AUSSEF/05 Data Archive/Council Financial Statements (NSW councils FY2015-16 to FY2023-24)/Comparison councils/Weddin (18100)/Weddin - FY2023-24 - Financial Statements.pdf
18100,Weddin,2023-24,total_expenses,27230000.0,5,Total expenses from continuing operations,/Users/ray/Library/CloudStorage/OneDrive-KnoxGrammarSchool/Extracurriculars/AUSSEF/05 Data Archive/Council Financial Statements (NSW councils FY2015-16 to FY2023-24)/Comparison councils/Weddin (18100)/Weddin - FY2023-24 - Financial Statements.pdf
18200,Wentworth,2015-16,bushfire_emergency_services_grant,310000.0,33,Bushfire and emergency services,/Users/ray/Library/CloudStorage/OneDrive-KnoxGrammarSchool/Extracurriculars/AUSSEF/05 Data Archive/Council Financial Statements (NSW councils FY2015-16 to FY2023-24)/Comparison councils/Wentworth (18200)/Wentworth - FY2015-16 - Financial Statements.pdf
18200,Wentworth,2015-16,capex_ippe,6625000.0,9,"Purchase of infrastructure, property, plant and equipment",/Users/ray/Library/CloudStorage/OneDrive-KnoxGrammarSchool/Extracurriculars/AUSSEF/05 Data Archive/Council Financial Statements (NSW councils FY2015-16 to FY2023-24)/Comparison councils/Wentworth (18200)/Wentworth - FY2015-16 - Financial Statements.pdf
18200,Wentworth,2015-16,depreciation,7579000.0,5,Depreciation and amortisation,/Users/ray/Library/CloudStorage/OneDrive-KnoxGrammarSchool/Extracurriculars/AUSSEF/05 Data Archive/Council Financial Statements (NSW councils FY2015-16 to FY2023-24)/Comparison councils/Wentworth (18200)/Wentworth - FY2015-16 - Financial Statements.pdf
18200,Wentworth,2015-16,grants_contrib_capital,1528000.0,5,Grants and contributions provided for capital purposes,/Users/ray/Library/CloudStorage/OneDrive-KnoxGrammarSchool/Extracurriculars/AUSSEF/05 Data Archive/Council Financial Statements (NSW councils FY2015-16 to FY2023-24)/Comparison councils/Wentworth (18200)/Wentworth - FY2015-16 - Financial Statements.pdf
18200,Wentworth,2015-16,grants_contrib_operating,10229000.0,5,Grants and contributions provided for operating purposes,/Users/ray/Library/CloudStorage/OneDrive-KnoxGrammarSchool/Extracurriculars/AUSSEF/05 Data Archive/Council Financial Statements (NSW councils FY2015-16 to FY2023-24)/Comparison councils/Wentworth (18200)/Wentworth - FY2015-16 - Financial Statements.pdf
18200,Wentworth,2015-16,total_expenses,22994000.0,5,Total expenses from continuing operations,/Users/ray/Library/CloudStorage/OneDrive-KnoxGrammarSchool/Extracurriculars/AUSSEF/05 Data Archive/Council Financial Statements (NSW councils FY2015-16 to FY2023-24)/Comparison councils/Wentworth (18200)/Wentworth - FY2015-16 - Financial Statements.pdf
18200,Wentworth,2016-17,bushfire_emergency_services_grant,303000.0,27,Bushfire and emergency services,/Users/ray/Library/CloudStorage/OneDrive-KnoxGrammarSchool/Extracurriculars/AUSSEF/05 Data Archive/Council Financial Statements (NSW councils FY2015-16 to FY2023-24)/Comparison councils/Wentworth (18200)/Wentworth - FY2016-17 - Financial Statements.pdf
18200,Wentworth,2016-17,capex_ippe,13573000.0,9,"Purchase of infrastructure, property, plant and equipment",/Users/ray/Library/CloudStorage/OneDrive-KnoxGrammarSchool/Extracurriculars/AUSSEF/05 Data Archive/Council Financial Statements (NSW councils FY2015-16 to FY2023-24)/Comparison councils/Wentworth (18200)/Wentworth - FY2016-17 - Financial Statements.pdf
18200,Wentworth,2016-17,depreciation,7713000.0,5,Depreciation and amortisation,/Users/ray/Library/CloudStorage/OneDrive-KnoxGrammarSchool/Extracurriculars/AUSSEF/05 Data Archive/Council Financial Statements (NSW councils FY2015-16 to FY2023-24)/Comparison councils/Wentworth (18200)/Wentworth - FY2016-17 - Financial Statements.pdf
18200,Wentworth,2016-17,grants_contrib_capital,2472000.0,5,Grants and contributions provided for capital purposes,/Users/ray/Library/CloudStorage/OneDrive-KnoxGrammarSchool/Extracurriculars/AUSSEF/05 Data Archive/Council Financial Statements (NSW councils FY2015-16 to FY2023-24)/Comparison councils/Wentworth (18200)/Wentworth - FY2016-17 - Financial Statements.pdf
18200,Wentworth,2016-17,grants_contrib_operating,13789000.0,5,Grants and contributions provided for operating purposes,/Users/ray/Library/CloudStorage/OneDrive-KnoxGrammarSchool/Extracurriculars/AUSSEF/05 Data Archive/Council Financial Statements (NSW councils FY2015-16 to FY2023-24)/Comparison councils/Wentworth (18200)/Wentworth - FY2016-17 - Financial Statements.pdf
18200,Wentworth,2016-17,total_expenses,24952000.0,5,Total expenses from continuing operations,/Users/ray/Library/CloudStorage/OneDrive-KnoxGrammarSchool/Extracurriculars/AUSSEF/05 Data Archive/Council Financial Statements (NSW councils FY2015-16 to FY2023-24)/Comparison councils/Wentworth (18200)/Wentworth - FY2016-17 - Financial Statements.pdf
18200,Wentworth,2017-18,bushfire_emergency_services_grant,242000.0,20,Bushfire and emergency services,/Users/ray/Library/CloudStorage/OneDrive-KnoxGrammarSchool/Extracurriculars/AUSSEF/05 Data Archive/Council Financial Statements (NSW councils FY2015-16 to FY2023-24)/Comparison councils/Wentworth (18200)/Wentworth - FY2017-18 - Financial Statements.pdf
18200,Wentworth,2017-18,capex_ippe,10465000.0,9,"Purchase of infrastructure, property, plant and equipment",/Users/ray/Library/CloudStorage/OneDrive-KnoxGrammarSchool/Extracurriculars/AUSSEF/05 Data Archive/Council Financial Statements (NSW councils FY2015-16 to FY2023-24)/Comparison councils/Wentworth (18200)/Wentworth - FY2017-18 - Financial Statements.pdf
18200,Wentworth,2017-18,depreciation,7533000.0,5,Depreciation and amortisation,/Users/ray/Library/CloudStorage/OneDrive-KnoxGrammarSchool/Extracurriculars/AUSSEF/05 Data Archive/Council Financial Statements (NSW councils FY2015-16 to FY2023-24)/Comparison councils/Wentworth (18200)/Wentworth - FY2017-18 - Financial Statements.pdf
18200,Wentworth,2017-18,grants_contrib_capital,1505000.0,5,Grants and contributions provided for capital purposes,/Users/ray/Library/CloudStorage/OneDrive-KnoxGrammarSchool/Extracurriculars/AUSSEF/05 Data Archive/Council Financial Statements (NSW councils FY2015-16 to FY2023-24)/Comparison councils/Wentworth (18200)/Wentworth - FY2017-18 - Financial Statements.pdf
18200,Wentworth,2017-18,grants_contrib_operating,10247000.0,5,Grants and contributions provided for operating purposes,/Users/ray/Library/CloudStorage/OneDrive-KnoxGrammarSchool/Extracurriculars/AUSSEF/05 Data Archive/Council Financial Statements (NSW councils FY2015-16 to FY2023-24)/Comparison councils/Wentworth (18200)/Wentworth - FY2017-18 - Financial Statements.pdf
18200,Wentworth,2017-18,total_expenses,26419000.0,5,Total expenses from continuing operations,/Users/ray/Library/CloudStorage/OneDrive-KnoxGrammarSchool/Extracurriculars/AUSSEF/05 Data Archive/Council Financial Statements (NSW councils FY2015-16 to FY2023-24)/Comparison councils/Wentworth (18200)/Wentworth - FY2017-18 - Financial Statements.pdf
18200,Wentworth,2018-19,bushfire_emergency_services_grant,196000.0,21,Bushfire and emergency services,/Users/ray/Library/CloudStorage/OneDrive-KnoxGrammarSchool/Extracurriculars/AUSSEF/05 Data Archive/Council Financial Statements (NSW councils FY2015-16 to FY2023-24)/Comparison councils/Wentworth (18200)/Wentworth - FY2018-19 - Financial Statements.pdf
18200,Wentworth,2018-19,capex_ippe,11288000.0,10,"Purchase of infrastructure, property, plant and equipment",/Users/ray/Library/CloudStorage/OneDrive-KnoxGrammarSchool/Extracurriculars/AUSSEF/05 Data Archive/Council Financial Statements (NSW councils FY2015-16 to FY2023-24)/Comparison councils/Wentworth (18200)/Wentworth - FY2018-19 - Financial Statements.pdf
18200,Wentworth,2018-19,depreciation,8956000.0,6,Depreciation and amortisation,/Users/ray/Library/CloudStorage/OneDrive-KnoxGrammarSchool/Extracurriculars/AUSSEF/05 Data Archive/Council Financial Statements (NSW councils FY2015-16 to FY2023-24)/Comparison councils/Wentworth (18200)/Wentworth - FY2018-19 - Financial Statements.pdf
18200,Wentworth,2018-19,grants_contrib_capital,6544000.0,6,Grants and contributions provided for capital purposes,/Users/ray/Library/CloudStorage/OneDrive-KnoxGrammarSchool/Extracurriculars/AUSSEF/05 Data Archive/Council Financial Statements (NSW councils FY2015-16 to FY2023-24)/Comparison councils/Wentworth (18200)/Wentworth - FY2018-19 - Financial Statements.pdf
18200,Wentworth,2018-19,grants_contrib_operating,9713000.0,6,Grants and contributions provided for operating purposes,/Users/ray/Library/CloudStorage/OneDrive-KnoxGrammarSchool/Extracurriculars/AUSSEF/05 Data Archive/Council Financial Statements (NSW councils FY2015-16 to FY2023-24)/Comparison councils/Wentworth (18200)/Wentworth - FY2018-19 - Financial Statements.pdf
18200,Wentworth,2018-19,total_expenses,27534000.0,6,Total expenses from continuing operations,/Users/ray/Library/CloudStorage/OneDrive-KnoxGrammarSchool/Extracurriculars/AUSSEF/05 Data Archive/Council Financial Statements (NSW councils FY2015-16 to FY2023-24)/Comparison councils/Wentworth (18200)/Wentworth - FY2018-19 - Financial Statements.pdf
18200,Wentworth,2019-20,bushfire_emergency_services_grant,309000.0,38,Bushfire and emergency services,/Users/ray/Library/CloudStorage/OneDrive-KnoxGrammarSchool/Extracurriculars/AUSSEF/05 Data Archive/Council Financial Statements (NSW councils FY2015-16 to FY2023-24)/Comparison councils/Wentworth (18200)/Wentworth - FY2019-20 - Annual Report.pdf
18200,Wentworth,2019-20,capex_ippe,15711000.0,32,"Purchase of infrastructure, property, plant and equipment",/Users/ray/Library/CloudStorage/OneDrive-KnoxGrammarSchool/Extracurriculars/AUSSEF/05 Data Archive/Council Financial Statements (NSW councils FY2015-16 to FY2023-24)/Comparison councils/Wentworth (18200)/Wentworth - FY2019-20 - Annual Report.pdf
18200,Wentworth,2019-20,depreciation,8941000.0,30,Depreciation and amortisation,/Users/ray/Library/CloudStorage/OneDrive-KnoxGrammarSchool/Extracurriculars/AUSSEF/05 Data Archive/Council Financial Statements (NSW councils FY2015-16 to FY2023-24)/Comparison councils/Wentworth (18200)/Wentworth - FY2019-20 - Annual Report.pdf
18200,Wentworth,2019-20,grants_contrib_capital,8300000.0,30,Grants and contributions provided for capital purposes,/Users/ray/Library/CloudStorage/OneDrive-KnoxGrammarSchool/Extracurriculars/AUSSEF/05 Data Archive/Council Financial Statements (NSW councils FY2015-16 to FY2023-24)/Comparison councils/Wentworth (18200)/Wentworth - FY2019-20 - Annual Report.pdf
18200,Wentworth,2019-20,grants_contrib_operating,10307000.0,30,Grants and contributions provided for operating purposes,/Users/ray/Library/CloudStorage/OneDrive-KnoxGrammarSchool/Extracurriculars/AUSSEF/05 Data Archive/Council Financial Statements (NSW councils FY2015-16 to FY2023-24)/Comparison councils/Wentworth (18200)/Wentworth - FY2019-20 - Annual Report.pdf
18200,Wentworth,2019-20,total_expenses,29286000.0,30,Total expenses from continuing operations,/Users/ray/Library/CloudStorage/OneDrive-KnoxGrammarSchool/Extracurriculars/AUSSEF/05 Data Archive/Council Financial Statements (NSW councils FY2015-16 to FY2023-24)/Comparison councils/Wentworth (18200)/Wentworth - FY2019-20 - Annual Report.pdf
18200,Wentworth,2020-21,bushfire_emergency_services_grant,343000.0,21,Bushfire and emergency services,/Users/ray/Library/CloudStorage/OneDrive-KnoxGrammarSchool/Extracurriculars/AUSSEF/05 Data Archive/Council Financial Statements (NSW councils FY2015-16 to FY2023-24)/Comparison councils/Wentworth (18200)/Wentworth - FY2020-21 - Financial Statements.pdf
18200,Wentworth,2020-21,bushfire_emergency_services_grant,2000.0,21,Bushfire and emergency services,/Users/ray/Library/CloudStorage/OneDrive-KnoxGrammarSchool/Extracurriculars/AUSSEF/05 Data Archive/Council Financial Statements (NSW councils FY2015-16 to FY2023-24)/Comparison councils/Wentworth (18200)/Wentworth - FY2020-21 - Financial Statements.pdf
18200,Wentworth,2020-21,capex_ippe,18280000.0,10,"Purchase of infrastructure, property, plant and equipment",/Users/ray/Library/CloudStorage/OneDrive-KnoxGrammarSchool/Extracurriculars/AUSSEF/05 Data Archive/Council Financial Statements (NSW councils FY2015-16 to FY2023-24)/Comparison councils/Wentworth (18200)/Wentworth - FY2020-21 - Financial Statements.pdf
18200,Wentworth,2020-21,depreciation,8077000.0,6,"Depreciation, amortisation and impairment for non-financial assets",/Users/ray/Library/CloudStorage/OneDrive-KnoxGrammarSchool/Extracurriculars/AUSSEF/05 Data Archive/Council Financial Statements (NSW councils FY2015-16 to FY2023-24)/Comparison councils/Wentworth (18200)/Wentworth - FY2020-21 - Financial Statements.pdf
18200,Wentworth,2020-21,grants_contrib_capital,11724000.0,6,Grants and contributions provided for capital purposes,/Users/ray/Library/CloudStorage/OneDrive-KnoxGrammarSchool/Extracurriculars/AUSSEF/05 Data Archive/Council Financial Statements (NSW councils FY2015-16 to FY2023-24)/Comparison councils/Wentworth (18200)/Wentworth - FY2020-21 - Financial Statements.pdf
18200,Wentworth,2020-21,grants_contrib_operating,10384000.0,6,Grants and contributions provided for operating purposes,/Users/ray/Library/CloudStorage/OneDrive-KnoxGrammarSchool/Extracurriculars/AUSSEF/05 Data Archive/Council Financial Statements (NSW councils FY2015-16 to FY2023-24)/Comparison councils/Wentworth (18200)/Wentworth - FY2020-21 - Financial Statements.pdf
18200,Wentworth,2020-21,total_expenses,27779000.0,6,Total expenses from continuing operations,/Users/ray/Library/CloudStorage/OneDrive-KnoxGrammarSchool/Extracurriculars/AUSSEF/05 Data Archive/Council Financial Statements (NSW councils FY2015-16 to FY2023-24)/Comparison councils/Wentworth (18200)/Wentworth - FY2020-21 - Financial Statements.pdf
18200,Wentworth,2021-22,bushfire_emergency_services_grant,320000.0,21,Bushfire and emergency services,/Users/ray/Library/CloudStorage/OneDrive-KnoxGrammarSchool/Extracurriculars/AUSSEF/05 Data Archive/Council Financial Statements (NSW councils FY2015-16 to FY2023-24)/Comparison councils/Wentworth (18200)/Wentworth - FY2021-22 - Financial Statements.pdf
18200,Wentworth,2021-22,capex_ippe,15577000.0,10,Payments for IPPE,/Users/ray/Library/CloudStorage/OneDrive-KnoxGrammarSchool/Extracurriculars/AUSSEF/05 Data Archive/Council Financial Statements (NSW councils FY2015-16 to FY2023-24)/Comparison councils/Wentworth (18200)/Wentworth - FY2021-22 - Financial Statements.pdf
18200,Wentworth,2021-22,depreciation,8465000.0,6,"Depreciation, amortisation and impairment of non-financial assets",/Users/ray/Library/CloudStorage/OneDrive-KnoxGrammarSchool/Extracurriculars/AUSSEF/05 Data Archive/Council Financial Statements (NSW councils FY2015-16 to FY2023-24)/Comparison councils/Wentworth (18200)/Wentworth - FY2021-22 - Financial Statements.pdf
18200,Wentworth,2021-22,grants_contrib_capital,8715000.0,6,Grants and contributions provided for capital purposes,/Users/ray/Library/CloudStorage/OneDrive-KnoxGrammarSchool/Extracurriculars/AUSSEF/05 Data Archive/Council Financial Statements (NSW councils FY2015-16 to FY2023-24)/Comparison councils/Wentworth (18200)/Wentworth - FY2021-22 - Financial Statements.pdf
18200,Wentworth,2021-22,grants_contrib_operating,12147000.0,6,Grants and contributions provided for operating purposes,/Users/ray/Library/CloudStorage/OneDrive-KnoxGrammarSchool/Extracurriculars/AUSSEF/05 Data Archive/Council Financial Statements (NSW councils FY2015-16 to FY2023-24)/Comparison councils/Wentworth (18200)/Wentworth - FY2021-22 - Financial Statements.pdf
18200,Wentworth,2021-22,other_disaster_line,551000.0,21,Bushfire services,/Users/ray/Library/CloudStorage/OneDrive-KnoxGrammarSchool/Extracurriculars/AUSSEF/05 Data Archive/Council Financial Statements (NSW councils FY2015-16 to FY2023-24)/Comparison councils/Wentworth (18200)/Wentworth - FY2021-22 - Financial Statements.pdf
18200,Wentworth,2021-22,other_disaster_line,551000.0,78,Bushfire assets,/Users/ray/Library/CloudStorage/OneDrive-KnoxGrammarSchool/Extracurriculars/AUSSEF/05 Data Archive/Council Financial Statements (NSW councils FY2015-16 to FY2023-24)/Comparison councils/Wentworth (18200)/Wentworth - FY2021-22 - Financial Statements.pdf
18200,Wentworth,2021-22,total_expenses,30478000.0,6,Total expenses from continuing operations,/Users/ray/Library/CloudStorage/OneDrive-KnoxGrammarSchool/Extracurriculars/AUSSEF/05 Data Archive/Council Financial Statements (NSW councils FY2015-16 to FY2023-24)/Comparison councils/Wentworth (18200)/Wentworth - FY2021-22 - Financial Statements.pdf
18200,Wentworth,2022-23,bushfire_emergency_services_grant,254000.0,21,Bushfire and emergency services,/Users/ray/Library/CloudStorage/OneDrive-KnoxGrammarSchool/Extracurriculars/AUSSEF/05 Data Archive/Council Financial Statements (NSW councils FY2015-16 to FY2023-24)/Comparison councils/Wentworth (18200)/Wentworth - FY2022-23 - Financial Statements.pdf
18200,Wentworth,2022-23,capex_ippe,20539000.0,10,Payments for IPPE,/Users/ray/Library/CloudStorage/OneDrive-KnoxGrammarSchool/Extracurriculars/AUSSEF/05 Data Archive/Council Financial Statements (NSW councils FY2015-16 to FY2023-24)/Comparison councils/Wentworth (18200)/Wentworth - FY2022-23 - Financial Statements.pdf
18200,Wentworth,2022-23,depreciation,9309000.0,6,"Depreciation, amortisation and impairment of non-financial assets",/Users/ray/Library/CloudStorage/OneDrive-KnoxGrammarSchool/Extracurriculars/AUSSEF/05 Data Archive/Council Financial Statements (NSW councils FY2015-16 to FY2023-24)/Comparison councils/Wentworth (18200)/Wentworth - FY2022-23 - Financial Statements.pdf
18200,Wentworth,2022-23,disaster_expense,3500000.0,13,"as at 30 June 2023 Council has spent approximately $3,500,000",/Users/ray/Library/CloudStorage/OneDrive-KnoxGrammarSchool/Extracurriculars/AUSSEF/05 Data Archive/Council Financial Statements (NSW councils FY2015-16 to FY2023-24)/Comparison councils/Wentworth (18200)/Wentworth - FY2022-23 - Financial Statements.pdf
18200,Wentworth,2022-23,grants_contrib_capital,17093000.0,6,Grants and contributions provided for capital purposes,/Users/ray/Library/CloudStorage/OneDrive-KnoxGrammarSchool/Extracurriculars/AUSSEF/05 Data Archive/Council Financial Statements (NSW councils FY2015-16 to FY2023-24)/Comparison councils/Wentworth (18200)/Wentworth - FY2022-23 - Financial Statements.pdf
18200,Wentworth,2022-23,grants_contrib_operating,16524000.0,6,Grants and contributions provided for operating purposes,/Users/ray/Library/CloudStorage/OneDrive-KnoxGrammarSchool/Extracurriculars/AUSSEF/05 Data Archive/Council Financial Statements (NSW councils FY2015-16 to FY2023-24)/Comparison councils/Wentworth (18200)/Wentworth - FY2022-23 - Financial Statements.pdf
18200,Wentworth,2022-23,other_disaster_line,35000.0,21,NSW rural fire services,/Users/ray/Library/CloudStorage/OneDrive-KnoxGrammarSchool/Extracurriculars/AUSSEF/05 Data Archive/Council Financial Statements (NSW councils FY2015-16 to FY2023-24)/Comparison councils/Wentworth (18200)/Wentworth - FY2022-23 - Financial Statements.pdf
18200,Wentworth,2022-23,other_disaster_line,,13,Council has received Commonwealth natural disaster funding to offset a significant portion of expenditure incurred,/Users/ray/Library/CloudStorage/OneDrive-KnoxGrammarSchool/Extracurriculars/AUSSEF/05 Data Archive/Council Financial Statements (NSW councils FY2015-16 to FY2023-24)/Comparison councils/Wentworth (18200)/Wentworth - FY2022-23 - Financial Statements.pdf
18200,Wentworth,2022-23,other_disaster_line,94000.0,44,Impairment of Buildings due to flooding,/Users/ray/Library/CloudStorage/OneDrive-KnoxGrammarSchool/Extracurriculars/AUSSEF/05 Data Archive/Council Financial Statements (NSW councils FY2015-16 to FY2023-24)/Comparison councils/Wentworth (18200)/Wentworth - FY2022-23 - Financial Statements.pdf
18200,Wentworth,2022-23,other_disaster_line,222000.0,44,Impairment of Playgrounds due to flooding,/Users/ray/Library/CloudStorage/OneDrive-KnoxGrammarSchool/Extracurriculars/AUSSEF/05 Data Archive/Council Financial Statements (NSW councils FY2015-16 to FY2023-24)/Comparison councils/Wentworth (18200)/Wentworth - FY2022-23 - Financial Statements.pdf
18200,Wentworth,2022-23,other_disaster_line,1963000.0,44,Impairment of Roads due to flooding,/Users/ray/Library/CloudStorage/OneDrive-KnoxGrammarSchool/Extracurriculars/AUSSEF/05 Data Archive/Council Financial Statements (NSW councils FY2015-16 to FY2023-24)/Comparison councils/Wentworth (18200)/Wentworth - FY2022-23 - Financial Statements.pdf
18200,Wentworth,2022-23,other_disaster_line,,23,OLG Flood Recovery Grant,/Users/ray/Library/CloudStorage/OneDrive-KnoxGrammarSchool/Extracurriculars/AUSSEF/05 Data Archive/Council Financial Statements (NSW councils FY2015-16 to FY2023-24)/Comparison councils/Wentworth (18200)/Wentworth - FY2022-23 - Financial Statements.pdf
18200,Wentworth,2022-23,other_disaster_line,,48,Office of Local Government (Natural Disaster Funding),/Users/ray/Library/CloudStorage/OneDrive-KnoxGrammarSchool/Extracurriculars/AUSSEF/05 Data Archive/Council Financial Statements (NSW councils FY2015-16 to FY2023-24)/Comparison councils/Wentworth (18200)/Wentworth - FY2022-23 - Financial Statements.pdf
18200,Wentworth,2022-23,other_disaster_line,,48,Transport for NSW (Natural Disaster Funding),/Users/ray/Library/CloudStorage/OneDrive-KnoxGrammarSchool/Extracurriculars/AUSSEF/05 Data Archive/Council Financial Statements (NSW councils FY2015-16 to FY2023-24)/Comparison councils/Wentworth (18200)/Wentworth - FY2022-23 - Financial Statements.pdf
18200,Wentworth,2022-23,total_expenses,33463000.0,6,Total expenses from continuing operations,/Users/ray/Library/CloudStorage/OneDrive-KnoxGrammarSchool/Extracurriculars/AUSSEF/05 Data Archive/Council Financial Statements (NSW councils FY2015-16 to FY2023-24)/Comparison councils/Wentworth (18200)/Wentworth - FY2022-23 - Financial Statements.pdf
18200,Wentworth,2023-24,bushfire_emergency_services_grant,204000.0,22,Bushfire and emergency services,/Users/ray/Library/CloudStorage/OneDrive-KnoxGrammarSchool/Extracurriculars/AUSSEF/05 Data Archive/Council Financial Statements (NSW councils FY2015-16 to FY2023-24)/Comparison councils/Wentworth (18200)/Wentworth - FY2023-24 - Financial Statements.pdf
18200,Wentworth,2023-24,capex_ippe,33891000.0,10,Payments for IPPE,/Users/ray/Library/CloudStorage/OneDrive-KnoxGrammarSchool/Extracurriculars/AUSSEF/05 Data Archive/Council Financial Statements (NSW councils FY2015-16 to FY2023-24)/Comparison councils/Wentworth (18200)/Wentworth - FY2023-24 - Financial Statements.pdf
18200,Wentworth,2023-24,depreciation,10083000.0,6,"Depreciation, amortisation and impairment of non-financial assets",/Users/ray/Library/CloudStorage/OneDrive-KnoxGrammarSchool/Extracurriculars/AUSSEF/05 Data Archive/Council Financial Statements (NSW councils FY2015-16 to FY2023-24)/Comparison councils/Wentworth (18200)/Wentworth - FY2023-24 - Financial Statements.pdf
18200,Wentworth,2023-24,disaster_expense,4000000.0,13,"as at 30 June 2024 Council has spent approximately $4,000,000 over the last 2 years on flood preparation, recovery and restoration",/Users/ray/Library/CloudStorage/OneDrive-KnoxGrammarSchool/Extracurriculars/AUSSEF/05 Data Archive/Council Financial Statements (NSW councils FY2015-16 to FY2023-24)/Comparison councils/Wentworth (18200)/Wentworth - FY2023-24 - Financial Statements.pdf
18200,Wentworth,2023-24,grants_contrib_capital,17143000.0,6,Grants and contributions provided for capital purposes,/Users/ray/Library/CloudStorage/OneDrive-KnoxGrammarSchool/Extracurriculars/AUSSEF/05 Data Archive/Council Financial Statements (NSW councils FY2015-16 to FY2023-24)/Comparison councils/Wentworth (18200)/Wentworth - FY2023-24 - Financial Statements.pdf
18200,Wentworth,2023-24,grants_contrib_operating,10816000.0,6,Grants and contributions provided for operating purposes,/Users/ray/Library/CloudStorage/OneDrive-KnoxGrammarSchool/Extracurriculars/AUSSEF/05 Data Archive/Council Financial Statements (NSW councils FY2015-16 to FY2023-24)/Comparison councils/Wentworth (18200)/Wentworth - FY2023-24 - Financial Statements.pdf
18200,Wentworth,2023-24,other_disaster_line,96000.0,22,NSW rural fire services,/Users/ray/Library/CloudStorage/OneDrive-KnoxGrammarSchool/Extracurriculars/AUSSEF/05 Data Archive/Council Financial Statements (NSW councils FY2015-16 to FY2023-24)/Comparison councils/Wentworth (18200)/Wentworth - FY2023-24 - Financial Statements.pdf
18200,Wentworth,2023-24,other_disaster_line,396000.0,22,Bushfire services,/Users/ray/Library/CloudStorage/OneDrive-KnoxGrammarSchool/Extracurriculars/AUSSEF/05 Data Archive/Council Financial Statements (NSW councils FY2015-16 to FY2023-24)/Comparison councils/Wentworth (18200)/Wentworth - FY2023-24 - Financial Statements.pdf
18200,Wentworth,2023-24,other_disaster_line,396000.0,81,Bushfire assets,/Users/ray/Library/CloudStorage/OneDrive-KnoxGrammarSchool/Extracurriculars/AUSSEF/05 Data Archive/Council Financial Statements (NSW councils FY2015-16 to FY2023-24)/Comparison councils/Wentworth (18200)/Wentworth - FY2023-24 - Financial Statements.pdf
18200,Wentworth,2023-24,other_disaster_line,,13,Council has received Commonwealth natural disaster funding to offset a significant portion of expenditure incurred,/Users/ray/Library/CloudStorage/OneDrive-KnoxGrammarSchool/Extracurriculars/AUSSEF/05 Data Archive/Council Financial Statements (NSW councils FY2015-16 to FY2023-24)/Comparison councils/Wentworth (18200)/Wentworth - FY2023-24 - Financial Statements.pdf
18200,Wentworth,2023-24,other_disaster_line,94000.0,45,Impairment of Buildings due to flooding,/Users/ray/Library/CloudStorage/OneDrive-KnoxGrammarSchool/Extracurriculars/AUSSEF/05 Data Archive/Council Financial Statements (NSW councils FY2015-16 to FY2023-24)/Comparison councils/Wentworth (18200)/Wentworth - FY2023-24 - Financial Statements.pdf
18200,Wentworth,2023-24,other_disaster_line,222000.0,45,Impairment of Playgrounds due to flooding,/Users/ray/Library/CloudStorage/OneDrive-KnoxGrammarSchool/Extracurriculars/AUSSEF/05 Data Archive/Council Financial Statements (NSW councils FY2015-16 to FY2023-24)/Comparison councils/Wentworth (18200)/Wentworth - FY2023-24 - Financial Statements.pdf
18200,Wentworth,2023-24,other_disaster_line,1963000.0,45,Impairment of Roads due to flooding,/Users/ray/Library/CloudStorage/OneDrive-KnoxGrammarSchool/Extracurriculars/AUSSEF/05 Data Archive/Council Financial Statements (NSW councils FY2015-16 to FY2023-24)/Comparison councils/Wentworth (18200)/Wentworth - FY2023-24 - Financial Statements.pdf
18200,Wentworth,2023-24,other_disaster_line,94000.0,45,Reinstatement of Buildings Impairment,/Users/ray/Library/CloudStorage/OneDrive-KnoxGrammarSchool/Extracurriculars/AUSSEF/05 Data Archive/Council Financial Statements (NSW councils FY2015-16 to FY2023-24)/Comparison councils/Wentworth (18200)/Wentworth - FY2023-24 - Financial Statements.pdf
18200,Wentworth,2023-24,other_disaster_line,222000.0,45,Reinstatement of Playgrounds Impairment,/Users/ray/Library/CloudStorage/OneDrive-KnoxGrammarSchool/Extracurriculars/AUSSEF/05 Data Archive/Council Financial Statements (NSW councils FY2015-16 to FY2023-24)/Comparison councils/Wentworth (18200)/Wentworth - FY2023-24 - Financial Statements.pdf
18200,Wentworth,2023-24,other_disaster_line,739000.0,45,Reinstatement of Roads Impairment,/Users/ray/Library/CloudStorage/OneDrive-KnoxGrammarSchool/Extracurriculars/AUSSEF/05 Data Archive/Council Financial Statements (NSW councils FY2015-16 to FY2023-24)/Comparison councils/Wentworth (18200)/Wentworth - FY2023-24 - Financial Statements.pdf
18200,Wentworth,2023-24,other_disaster_line,,24,OLG Flood Recovery Grant,/Users/ray/Library/CloudStorage/OneDrive-KnoxGrammarSchool/Extracurriculars/AUSSEF/05 Data Archive/Council Financial Statements (NSW councils FY2015-16 to FY2023-24)/Comparison councils/Wentworth (18200)/Wentworth - FY2023-24 - Financial Statements.pdf
18200,Wentworth,2023-24,other_disaster_line,,49,Office of Local Government (Natural Disaster Funding),/Users/ray/Library/CloudStorage/OneDrive-KnoxGrammarSchool/Extracurriculars/AUSSEF/05 Data Archive/Council Financial Statements (NSW councils FY2015-16 to FY2023-24)/Comparison councils/Wentworth (18200)/Wentworth - FY2023-24 - Financial Statements.pdf
18200,Wentworth,2023-24,total_expenses,34135000.0,6,Total expenses from continuing operations,/Users/ray/Library/CloudStorage/OneDrive-KnoxGrammarSchool/Extracurriculars/AUSSEF/05 Data Archive/Council Financial Statements (NSW councils FY2015-16 to FY2023-24)/Comparison councils/Wentworth (18200)/Wentworth - FY2023-24 - Financial Statements.pdf
