record_id,council,fiscal_year,evidence_date,measurement_date,publication_or_adoption_date,project_ref,project_name,stage,record_type,field_group,field_name,scope,value_text,reason,budget_basis,original_or_current_budget_aud,carry_forward_aud,variation_aud,revised_budget_aud,actual_aud,committed_aud,actual_plus_committed_aud,capacity_metric,capacity_value,capacity_unit,capacity_scope,planning_application,site_or_address,funding_source,ordinary_recovery_classification,disaster_causation_status,damage_access_status,source_type,evidence_quality,verification_status,certification_effect,model_ready,source_title,source_url,source_locator,notes
BAL-016,Ballina Shire Council,2015-16 to 2020-21,2026-09-19,,,,,,source_availability,pre_event_history,official annual documents,,"Official archive exposes annual reports, financial statements, delivery/operational plans and budgets back through 2015/16 and earlier.",,,,,,,,,,,,,,,,,,,,,official_archive,carried_forward_from_first_public_source_pass,three_pre_event_years_document_available_not_yet_project_certified,NO,Previous Integrated Planning and Reporting documents,https://www.ballina.nsw.gov.au/Council/Forms-and-Documents/Integrated-Planning-and-Reporting/Planning-and-Delivery/Previous-Integrated-Planning-and-Reporting-documents,2015/16 through 2020/21 sections,
BAL-001,Ballina Shire Council,2016-17,2017-04-27,,,,Wollongbar Skate Park,,budget_revision,budget_timing,Q3 deferral,,"Current budget $500,000; revised budget $50,000; variation -$450,000; transfer to 2017/18.",,current budget at March 2017 review,500000,,-450000,50000,,,,,,,,,,,ordinary_candidate,not_supported; predates 2019-20 disasters,,,official_council_agenda,carried_forward_from_first_public_source_pass,negative_causation_evidence,NO,Capital Expenditure Review - 31 March 2017,https://www.ballina.nsw.gov.au/files/assets/public/v/1/council/documents/agenda-and-minutes/2017/27-april-2017-om/270417_ordinary_agenda_27_april_2017.pdf,Item 10.10; budget adjustment table,Shows the same named project was already being deferred before Black Summer; a later deferral cannot be assumed disaster-caused.
BAL-002,Ballina Shire Council,2017-18,2018-04-26,,,,Wollongbar Skate Park,,budget_revision,budget_timing,Q3 deferral,,"Current budget $500,000; revised budget $50,000; source reports variation -$350,000; transfer to 2018/19.",,current budget at March 2018 review,500000,,-350000,50000,,,,,,,,,,,ordinary_candidate,explicit_non_disaster_reason_in_same_report,,,official_council_agenda_with_internal_numeric_conflict,carried_forward_from_first_public_source_pass,retain_conflict; do_not_silently_correct,NO,Capital Expenditure Program - 31 March 2018 Review,https://www.ballina.nsw.gov.au/files/assets/public/v/1/council/documents/agenda-and-minutes/2018/26-apr-2018/ordinary/260418_ordinary_agenda_26_april_2018.pdf,pp. 71 and 75,"500,000 -> 50,000 arithmetically implies -450,000, but the official table prints -350,000. Preserve the source discrepancy."
BAL-003,Ballina Shire Council,2017-18,2018-04-26,,,,Wollongbar Skate Park,,decision_reason,causation,deferral_reason,,Large part of the budget recommended to roll forward because planning consent would not be reported until at least the May meeting.,,,,,,,,,,,,,,DA 2017/554 context,,,ordinary_candidate,non_disaster_planning_delay_documented,,,official_council_agenda,carried_forward_from_first_public_source_pass,strong_negative_for_disaster_causation,NO,Capital Expenditure Program - 31 March 2018 Review,https://www.ballina.nsw.gov.au/files/assets/public/v/1/council/documents/agenda-and-minutes/2018/26-apr-2018/ordinary/260418_ordinary_agenda_26_april_2018.pdf,p. 71,Council states contractor had been appointed and timing depended on planning approval.
BAL-004,Ballina Shire Council,2017-18,2018-03-22,,,,Skate park proposal,,planning_identity,project_identity,DA/site,,"DA 2017/554: Construction of a skate park - Elvery Lane, Alstonville; awaiting additional information.",,,,,,,,,,,,,,2017/554,"Elvery Lane, Alstonville",,ordinary_candidate,not_applicable,,,official_council_agenda,carried_forward_from_first_public_source_pass,identity_crosswalk_required,NO,Development Applications - Works in Progress - March 2018,https://www.ballina.nsw.gov.au/files/assets/public/v/1/council/documents/agenda-and-minutes/2018/22-mar-2018/ordinary/ordinary_agenda_22_march_2018.pdf,p. 80,The site/DA does not match the later Wollongbar District Park scheme.
BAL-038,Ballina Shire Council,2017-18,,,,,,,accounting_definition,accounting_comparability,including_commitments_column,capital expenditure table,Year-end capital report explicitly includes an 'Including Commitments' column; report says this gives a more accurate position near year end.,,,,,,,,,,,,,,,,,,,,official_annual_report,official_primary_source,public_source_verified,schema_differs_across_years,NO,Ballina Shire Council Annual Report 2017-18,https://www.ballina.nsw.gov.au/files/assets/public/v/1/council/documents/council-documents/annual-report-2017-18.pdf,Capital expenditure tables,Do not compare this basis mechanically with later cash-only 'Expended This Year' fields.
BAL-005,Ballina Shire Council,2018-19,2018-09-27,,,,Plateau skate park options,,planning_identity,project_identity,prior_DA_outcome,,Council comments state it had previously knocked back a development application for a skate park at the Wollongbar Sports Fields and was then asked to consider another site.,,,,,,,,,,,,,,prior DA; exact crosswalk still required,Wollongbar Sports Fields,,ordinary_candidate,not_applicable,,,official_council_agenda,carried_forward_from_first_public_source_pass,breaks_assumption_of_unchanged_asset,NO,Alstonville/Wollongbar Skate Park Options,https://www.ballina.nsw.gov.au/files/assets/public/v/1/council/documents/agenda-and-minutes/2018/27-sep-2018/ordinary-agenda-27-september-2018.pdf,p. 111,Same broad project label spans a refused proposal and subsequent alternative-site work.
BAL-006,Ballina Shire Council,2018-19,2019-03-28,,,,Wollongbar District Park / proposed skate park,,planning_identity,project_identity,new_concept_site,,Council resolved to publicly exhibit a draft district-park concept at Plateau Drive inclusive of the proposed skate park.,,,,,,,,,,,,,,,"Plateau Drive, Wollongbar",,ordinary_candidate,not_applicable,,,official_council_minutes,carried_forward_from_first_public_source_pass,identity_crosswalk_required,NO,Wollongbar - Alstonville - Skate Park Site Options,https://www.ballina.nsw.gov.au/files/assets/public/v/1/council/documents/agenda-and-minutes/2019/ordinary-minutes-28-march-2019-2.pdf,Item 10.1; p. 3,This later concept is materially different from the 2017/554 proposal.
BAL-008,Ballina Shire Council,2018-19,2019-06-30,,,2160,Wollongbar Skate Park,,annual_capital_row,budget_chain,year_end,,"Original estimate 450,000; carry forward 15,000; approved variations -450,000; latest estimate 15,000; expended 16,300; status: concept plan endorsed, planning application in process.",,original annual estimate,450000,15000,-450000,15000,16300,,,,,,,,,,ordinary_candidate,no_disaster_reason_stated,,,official_annual_report,carried_forward_from_first_public_source_pass,numeric_chain_supported_but_identity_unresolved,NO,Ballina Shire Council Annual Report 2018-19,https://www.ballina.nsw.gov.au/files/assets/public/v/1/council/documents/council-documents/annual-report-2018_2019-resized.pdf,Capital Expenditure - Open Spaces row 2160,
BAL-017,Ballina Shire Council,2018-19,2019-04-24,,2019-04-24,,Ocean Breeze Reserve Amenities,Q3,budget_revision,pre_event_revision_baseline,routine_revision,capital project line,Current=90000; revised=0; variation=-90000,Transfer to 2019/20.,March 2019 capital expenditure review,90000,,-90000,0,,,,,,,,,,,ordinary_candidate_or_nonrecovery_capital,pre_Black_Summer; non_disaster_baseline,not_applicable_pre_event,official_council_agenda,official_primary_source,public_source_verified,establishes_routine_pre_event_rephasing,NO,Ballina capital expenditure review - March 2019,https://www.ballina.nsw.gov.au/files/assets/public/v/1/council/documents/agenda-and-minutes/2019/24-april-2019/ordinary/ordinary-agenda-24-april-2019.pdf,Capital expenditure review / project adjustment table,Important negative-control evidence: budget rephasing occurred routinely before the disaster period.
BAL-018,Ballina Shire Council,2018-19,2019-04-24,,2019-04-24,,Pop Denison Park Upgrade,Q3,budget_revision,pre_event_revision_baseline,routine_revision,capital project line,Current=556100; revised=156100; variation=-400000,Adjustment based on project timing.,March 2019 capital expenditure review,556100,,-400000,156100,,,,,,,,,,,ordinary_candidate_or_nonrecovery_capital,pre_Black_Summer; non_disaster_baseline,not_applicable_pre_event,official_council_agenda,official_primary_source,public_source_verified,establishes_routine_pre_event_rephasing,NO,Ballina capital expenditure review - March 2019,https://www.ballina.nsw.gov.au/files/assets/public/v/1/council/documents/agenda-and-minutes/2019/24-april-2019/ordinary/ordinary-agenda-24-april-2019.pdf,Capital expenditure review / project adjustment table,Important negative-control evidence: budget rephasing occurred routinely before the disaster period.
BAL-019,Ballina Shire Council,2018-19,2019-04-24,,2019-04-24,,Wollongbar Sports Fields,Q3,budget_revision,pre_event_revision_baseline,routine_revision,capital project line,Current=400000; revised=200000; variation=-200000,Adjustment based on project timing.,March 2019 capital expenditure review,400000,,-200000,200000,,,,,,,,,,,ordinary_candidate_or_nonrecovery_capital,pre_Black_Summer; non_disaster_baseline,not_applicable_pre_event,official_council_agenda,official_primary_source,public_source_verified,establishes_routine_pre_event_rephasing,NO,Ballina capital expenditure review - March 2019,https://www.ballina.nsw.gov.au/files/assets/public/v/1/council/documents/agenda-and-minutes/2019/24-april-2019/ordinary/ordinary-agenda-24-april-2019.pdf,Capital expenditure review / project adjustment table,Important negative-control evidence: budget rephasing occurred routinely before the disaster period.
BAL-020,Ballina Shire Council,2018-19,2019-04-24,,2019-04-24,,Landfill Improvements,Q3,budget_revision,pre_event_revision_baseline,routine_revision,capital project line,Current=100000; revised=3800; variation=-96200,Work cancelled / budget reduced.,March 2019 capital expenditure review,100000,,-96200,3800,,,,,,,,,,,ordinary_candidate_or_nonrecovery_capital,pre_Black_Summer; non_disaster_baseline,not_applicable_pre_event,official_council_agenda,official_primary_source,public_source_verified,establishes_routine_pre_event_rephasing,NO,Ballina capital expenditure review - March 2019,https://www.ballina.nsw.gov.au/files/assets/public/v/1/council/documents/agenda-and-minutes/2019/24-april-2019/ordinary/ordinary-agenda-24-april-2019.pdf,Capital expenditure review / project adjustment table,Important negative-control evidence: budget rephasing occurred routinely before the disaster period.
BAL-021,Ballina Shire Council,2018-19,2019-04-24,,2019-04-24,,Landfill Levy Works,Q3,budget_revision,pre_event_revision_baseline,routine_revision,capital project line,Current=200000; revised=0; variation=-200000,Transfer to 2019/20.,March 2019 capital expenditure review,200000,,-200000,0,,,,,,,,,,,ordinary_candidate_or_nonrecovery_capital,pre_Black_Summer; non_disaster_baseline,not_applicable_pre_event,official_council_agenda,official_primary_source,public_source_verified,establishes_routine_pre_event_rephasing,NO,Ballina capital expenditure review - March 2019,https://www.ballina.nsw.gov.au/files/assets/public/v/1/council/documents/agenda-and-minutes/2019/24-april-2019/ordinary/ordinary-agenda-24-april-2019.pdf,Capital expenditure review / project adjustment table,Important negative-control evidence: budget rephasing occurred routinely before the disaster period.
BAL-022,Ballina Shire Council,2018-19,2019-04-24,,2019-04-24,,Lennox Head Community Centre Refurbishment,Q3,budget_revision,pre_event_revision_baseline,routine_revision,capital project line,"Current=187,4000; revised=27400; variation=-160000",Official source contains an apparent numeric typo in current budget; preserve source text.,March 2019 capital expenditure review,"187,4000",,-160000,27400,,,,,,,,,,,ordinary_candidate_or_nonrecovery_capital,pre_Black_Summer; non_disaster_baseline,not_applicable_pre_event,official_council_agenda,official_primary_source,public_source_verified,establishes_routine_pre_event_rephasing,NO,Ballina capital expenditure review - March 2019,https://www.ballina.nsw.gov.au/files/assets/public/v/1/council/documents/agenda-and-minutes/2019/24-april-2019/ordinary/ordinary-agenda-24-april-2019.pdf,Capital expenditure review / project adjustment table,Important negative-control evidence: budget rephasing occurred routinely before the disaster period.
BAL-023,Ballina Shire Council,2018-19,2019-04-24,,2019-04-24,,Alstonville Leisure & Entertainment Centre,Q3,budget_revision,pre_event_revision_baseline,routine_revision,capital project line,Current=281000; revised=81000; variation=-200000,Transfer/rephase.,March 2019 capital expenditure review,281000,,-200000,81000,,,,,,,,,,,ordinary_candidate_or_nonrecovery_capital,pre_Black_Summer; non_disaster_baseline,not_applicable_pre_event,official_council_agenda,official_primary_source,public_source_verified,establishes_routine_pre_event_rephasing,NO,Ballina capital expenditure review - March 2019,https://www.ballina.nsw.gov.au/files/assets/public/v/1/council/documents/agenda-and-minutes/2019/24-april-2019/ordinary/ordinary-agenda-24-april-2019.pdf,Capital expenditure review / project adjustment table,Important negative-control evidence: budget rephasing occurred routinely before the disaster period.
BAL-024,Ballina Shire Council,2018-19,2019-04-24,,2019-04-24,,Ballina Indoor Sports Centre Construction,Q3,budget_revision,pre_event_revision_baseline,routine_revision,capital project line,Current=8640000; revised=7140000; variation=-1500000,Adjustment based on forecast cash flows.,March 2019 capital expenditure review,8640000,,-1500000,7140000,,,,,,,,,,,ordinary_candidate_or_nonrecovery_capital,pre_Black_Summer; non_disaster_baseline,not_applicable_pre_event,official_council_agenda,official_primary_source,public_source_verified,establishes_routine_pre_event_rephasing,NO,Ballina capital expenditure review - March 2019,https://www.ballina.nsw.gov.au/files/assets/public/v/1/council/documents/agenda-and-minutes/2019/24-april-2019/ordinary/ordinary-agenda-24-april-2019.pdf,Capital expenditure review / project adjustment table,Important negative-control evidence: budget rephasing occurred routinely before the disaster period.
BAL-025,Ballina Shire Council,2018-19,2019-04-24,,2019-04-24,,Wollongbar Urban Expansion Area Stage 3,Q3,budget_revision,pre_event_revision_baseline,routine_revision,capital project line,Current=168700; revised=800000; variation=631300,Increase to reflect forecast expenditure.,March 2019 capital expenditure review,168700,,631300,800000,,,,,,,,,,,ordinary_candidate_or_nonrecovery_capital,pre_Black_Summer; non_disaster_baseline,not_applicable_pre_event,official_council_agenda,official_primary_source,public_source_verified,establishes_routine_pre_event_rephasing,NO,Ballina capital expenditure review - March 2019,https://www.ballina.nsw.gov.au/files/assets/public/v/1/council/documents/agenda-and-minutes/2019/24-april-2019/ordinary/ordinary-agenda-24-april-2019.pdf,Capital expenditure review / project adjustment table,Important negative-control evidence: budget rephasing occurred routinely before the disaster period.
BAL-026,Ballina Shire Council,2018-19,2019-04-24,,2019-04-24,,Water infrastructure renewal / telemetry candidate,Q3,budget_revision,pre_event_revision_baseline,routine_revision,capital project line,Current=; revised=; variation=,Multiple water-project transfers/deferrals reported in the same review.,March 2019 capital expenditure review,,,,,,,,,,,,,,,ordinary_candidate_or_nonrecovery_capital,pre_Black_Summer; non_disaster_baseline,not_applicable_pre_event,official_council_agenda,official_primary_source,public_source_verified,establishes_routine_pre_event_rephasing,NO,Ballina capital expenditure review - March 2019,https://www.ballina.nsw.gov.au/files/assets/public/v/1/council/documents/agenda-and-minutes/2019/24-april-2019/ordinary/ordinary-agenda-24-april-2019.pdf,Capital expenditure review / project adjustment table,Important negative-control evidence: budget rephasing occurred routinely before the disaster period.
BAL-039,Ballina Shire Council,2018-19,,,,,,,accounting_definition,accounting_comparability,expended_cash_excludes_commitments_accruals,capital expenditure table,Expended This Year is defined on a cash basis and excludes commitments and accruals.,,,,,,,,,,,,,,,,,,,,official_annual_report,official_primary_source,public_source_verified,cash_actual_not_same_as_obligation,NO,Ballina Shire Council Annual Report 2018-19,https://www.ballina.nsw.gov.au/files/assets/public/v/1/council/documents/council-documents/annual-report-2018_2019-resized.pdf,Capital expenditure table notes,
BAL-041,Ballina Shire Council,2018-19,,2019-06-30,2019-11-28,,,,capacity_metric,pre_event_capacity,operating_performance_ratio,,operating_performance_ratio=6.96 percent,,,,,,,,,,operating_performance_ratio,6.96,percent,whole-council audited financial statements,,,,,,,audited_financial_statements,official_audited_source,original_2019_statement_value,candidate_pre_event_predictor_with_publication_date,NO,Ballina General Purpose Financial Statements 2019,https://www.ballina.nsw.gov.au/files/assets/public/v/1/council/documents/council-documents/financial-statements-2018-19.pdf,Performance ratios / signed 24 Oct 2019; publicly presented 28 Nov 2019,
BAL-042,Ballina Shire Council,2018-19,,2019-06-30,2019-11-28,,,,capacity_metric,pre_event_capacity,own_source_operating_revenue_ratio,,own_source_operating_revenue_ratio=62.96 percent,,,,,,,,,,own_source_operating_revenue_ratio,62.96,percent,whole-council audited financial statements,,,,,,,audited_financial_statements,official_audited_source,original_2019_statement_value,candidate_pre_event_predictor_with_publication_date,NO,Ballina General Purpose Financial Statements 2019,https://www.ballina.nsw.gov.au/files/assets/public/v/1/council/documents/council-documents/financial-statements-2018-19.pdf,Performance ratios / signed 24 Oct 2019; publicly presented 28 Nov 2019,
BAL-043,Ballina Shire Council,2018-19,,2019-06-30,2019-11-28,,,,capacity_metric,pre_event_capacity,unrestricted_current_ratio,,unrestricted_current_ratio=3.21 times,,,,,,,,,,unrestricted_current_ratio,3.21,times,whole-council audited financial statements,,,,,,,audited_financial_statements,official_audited_source,original_2019_statement_value,candidate_pre_event_predictor_with_publication_date,NO,Ballina General Purpose Financial Statements 2019,https://www.ballina.nsw.gov.au/files/assets/public/v/1/council/documents/council-documents/financial-statements-2018-19.pdf,Performance ratios / signed 24 Oct 2019; publicly presented 28 Nov 2019,
BAL-044,Ballina Shire Council,2018-19,,2019-06-30,2019-11-28,,,,capacity_metric,pre_event_capacity,debt_service_cover_ratio,,debt_service_cover_ratio=2.65 times,,,,,,,,,,debt_service_cover_ratio,2.65,times,whole-council audited financial statements,,,,,,,audited_financial_statements,official_audited_source,original_2019_statement_value,candidate_pre_event_predictor_with_publication_date,NO,Ballina General Purpose Financial Statements 2019,https://www.ballina.nsw.gov.au/files/assets/public/v/1/council/documents/council-documents/financial-statements-2018-19.pdf,Performance ratios / signed 24 Oct 2019; publicly presented 28 Nov 2019,
BAL-045,Ballina Shire Council,2018-19,,2019-06-30,2019-11-28,,,,capacity_metric,pre_event_capacity,cash_expense_cover_ratio,,cash_expense_cover_ratio=12.69 months,,,,,,,,,,cash_expense_cover_ratio,12.69,months,whole-council audited financial statements,,,,,,,audited_financial_statements,official_audited_source,original_2019_statement_value,candidate_pre_event_predictor_with_publication_date,NO,Ballina General Purpose Financial Statements 2019,https://www.ballina.nsw.gov.au/files/assets/public/v/1/council/documents/council-documents/financial-statements-2018-19.pdf,Performance ratios / signed 24 Oct 2019; publicly presented 28 Nov 2019,
BAL-046,Ballina Shire Council,2018-19,,2019-06-30,,,,,capacity_restatement_conflict,capacity_timing,own_source_ratio_restatement,,"Later statement restates FY2018-19 own-source ratio to 63.71%, versus 62.96% in the original 2019 statement.",,,,,,,,,,own_source_operating_revenue_ratio,63.71,percent,whole-council,,,,,,,later_audited_financial_statements,official_audited_source,restated_value_conflicts_with_original_vintage,preserve_original_and_restated_vintages,NO,Ballina later audited financial statements with restated comparatives,https://www.ballina.nsw.gov.au/files/assets/public/v/1/council/documents/council-documents/annual-report-2019_2020_web-version.pdf,Comparative performance ratios,
BAL-047,Ballina Shire Council,2018-19,,2019-06-30,,,,,capacity_restatement_conflict,capacity_timing,unrestricted_current_ratio_restatement,,Later comparative reports FY2018-19 unrestricted current ratio 3.29x; original numerator/denominator imply about 3.21x.,,,,,,,,,,unrestricted_current_ratio,3.29,times,whole-council,,,,,,,later_audited_financial_statements,official_audited_source,restated_value_conflicts_with_original_vintage,preserve_original_and_restated_vintages,NO,Ballina later audited financial statements with restated comparatives,https://www.ballina.nsw.gov.au/files/assets/public/v/1/council/documents/council-documents/annual-report-2019_2020_web-version.pdf,Comparative performance ratios,
BAL-048,Ballina Shire Council,2018-19,2019-10-24,2019-06-30,2019-11-28,,,,capacity_publication_timing,capacity_timing,financial_statement_availability,,Financial statements signed 24 Oct 2019 and publicly presented 28 Nov 2019.,,,,,,,,,,,,,,,,,,,,official_council_records,official_primary_source,public_source_verified,operational_availability_depends_on_event_date,NO,Ballina 2019 financial statement presentation records,https://www.ballina.nsw.gov.au/files/assets/public/v/1/council/documents/council-documents/financial-statements-2018-19.pdf,Statement signing / council presentation timing,
BAL-007,Ballina Shire Council,2019-20,2020-05-28,,,6532-related scheme,Wollongbar District Park including Skate Park,,planning_identity,project_identity,DA/site/scope,,DA 2020/23 approved for public amenities/facilities and a skate park within the district park.,,,,,,,,,,,,,,2020/23,"93 Rifle Range Road and 55 Avalon Avenue, Wollongbar",,ordinary_candidate,not_applicable,,,official_council_minutes,carried_forward_from_first_public_source_pass,separate_later_asset_scope,NO,DA 2020/23 - Wollongbar District Park,https://www.ballina.nsw.gov.au/files/assets/public/v/1/council/documents/agenda-and-minutes/2020/ordinary-minutes-28-april-2020.pdf,Resolution 280520/3,The source file name says 28 April but the document text records the meeting date as 28 May 2020. Preserve this metadata inconsistency.
BAL-009,Ballina Shire Council,2019-20,2020-01-23,,,2160,Wollongbar Skate Park,,budget_revision,budget_timing,Q2 deferral,,"Current budget 450,000; revised 50,000; variation -400,000; comment: Defer to 2020/21.",,current budget at December 2019 review,450000,,-400000,50000,,,,,,,,,,,ordinary_candidate,not_established; source gives no disaster reason,,,official_council_agenda,carried_forward_from_first_public_source_pass,decision_confirmed_not_cause,NO,Capital Expenditure - 31 December 2019 Review,https://www.ballina.nsw.gov.au/files/assets/public/v/1/council/documents/agenda-and-minutes/2020/ordinary-meeting-agenda-23-january-2020.pdf,Item 9.9; p. 68,A contemporaneous deferral during Black Summer is not itself evidence that the bushfire caused the deferral.
BAL-010,Ballina Shire Council,2019-20,2020-06-30,,,2160,Wollongbar Skate Park,,annual_capital_row,budget_chain,year_end,,"Original estimate 450,000; approved variations -400,000; latest estimate 50,000; expended 10,100; planning application approved.",,original annual estimate,450000,,-400000,50000,10100,,,,,,,,,,ordinary_candidate,no_disaster_reason_stated,,,official_annual_report,carried_forward_from_first_public_source_pass,numeric_chain_supported_but_identity_unresolved,NO,Ballina Shire Council Annual Report 2019-20,https://www.ballina.nsw.gov.au/files/assets/public/v/1/council/documents/council-documents/annual-report-2019_2020_web-version.pdf,Capital Expenditure - Open Spaces row 2160,
BAL-011,Ballina Shire Council,2019-20,2020-04-08,,,2160,Wollongbar Skate Park,,forward_budget,budget_timing,2020-21 planned allocation,,"2019/20 50,000; 2020/21 400,000. Council states the funds were largely carried forward to reflect likely timing of expenditure.",,forward capital program,50000,,,400000,,,,,,,,,,,ordinary_candidate,timing_reason_only; disaster cause not stated,,,official_finance_committee_agenda,carried_forward_from_first_public_source_pass,supports_cross_year_budget_link,NO,Finance Committee Agenda - 8 April 2020,https://www.ballina.nsw.gov.au/files/assets/public/v/1/council/documents/agenda-and-minutes/2020/080420-finance-committee-agenda-8-april-2020.pdf,pp. 74 and 77,Useful for connecting the 2019/20 deferral to the 2020/21 adopted allocation.
BAL-013,Ballina Shire Council,2019-20,2020-01-23,,,6532,Wollongbar District Park,,budget_revision,budget_timing,Q2 deferral,,"Current budget 1,002,000; revised 50,000; variation -952,000; comment: Defer to 2020/21.",,current budget at December 2019 review,1002000,,-952000,50000,,,,,,,,2020/23 later,,,ordinary_candidate,not_established; source gives no disaster reason,,,official_council_agenda,carried_forward_from_first_public_source_pass,decision_confirmed_not_cause,NO,Capital Expenditure - 31 December 2019 Review,https://www.ballina.nsw.gov.au/files/assets/public/v/1/council/documents/agenda-and-minutes/2020/ordinary-meeting-agenda-23-january-2020.pdf,Item 9.9; p. 68,
BAL-014,Ballina Shire Council,2019-20,2020-06-30,,,6532,Wollongbar District Park,,annual_capital_row,budget_chain,year_end,,"Original estimate 1,002,000; approved variations -952,000; latest estimate 50,000; expended 28,800; planning application approved.",,original annual estimate,1002000,,-952000,50000,28800,,,,,,,2020/23,,,ordinary_candidate,no_disaster_reason_stated,,,official_annual_report,carried_forward_from_first_public_source_pass,numeric_chain_supported,NO,Ballina Shire Council Annual Report 2019-20,https://www.ballina.nsw.gov.au/files/assets/public/v/1/council/documents/council-documents/annual-report-2019_2020_web-version.pdf,Capital Expenditure - Open Spaces row 6532,
BAL-027,Ballina Shire Council,2019-20,2019-10-24,,2019-10-24,,Depot Solar,Q1,budget_revision,pre_event_revision_baseline,Q1_revision,capital project line,Current=120000; revised=0; variation=-120000,Deferred/rephased.,September 2019 capital expenditure review,120000,,-120000,0,,,,,,,,,,,ordinary_candidate_or_nonrecovery_capital,pre_or_early_event_timing; no project-specific disaster cause stated,unverified,official_council_agenda,official_primary_source,public_source_verified,establishes_large_routine_rephasing_before_Q2,NO,Ballina capital expenditure review - September 2019,https://www.ballina.nsw.gov.au/files/assets/public/v/1/council/documents/agenda-and-minutes/2019/24-october-2019/ordinary/241019_ordinary_agenda_24_october_2019.pdf,Capital expenditure project adjustment table,
BAL-028,Ballina Shire Council,2019-20,2019-10-24,,2019-10-24,,Airport Carpark Solar,Q1,budget_revision,pre_event_revision_baseline,Q1_revision,capital project line,Current=1500000; revised=250000; variation=-1250000,Rephased.,September 2019 capital expenditure review,1500000,,-1250000,250000,,,,,,,,,,,ordinary_candidate_or_nonrecovery_capital,pre_or_early_event_timing; no project-specific disaster cause stated,unverified,official_council_agenda,official_primary_source,public_source_verified,establishes_large_routine_rephasing_before_Q2,NO,Ballina capital expenditure review - September 2019,https://www.ballina.nsw.gov.au/files/assets/public/v/1/council/documents/agenda-and-minutes/2019/24-october-2019/ordinary/241019_ordinary_agenda_24_october_2019.pdf,Capital expenditure project adjustment table,
BAL-029,Ballina Shire Council,2019-20,2019-10-24,,2019-10-24,,Airport Baggage Handling,Q1,budget_revision,pre_event_revision_baseline,Q1_revision,capital project line,Current=1000000; revised=250000; variation=-750000,Rephased.,September 2019 capital expenditure review,1000000,,-750000,250000,,,,,,,,,,,ordinary_candidate_or_nonrecovery_capital,pre_or_early_event_timing; no project-specific disaster cause stated,unverified,official_council_agenda,official_primary_source,public_source_verified,establishes_large_routine_rephasing_before_Q2,NO,Ballina capital expenditure review - September 2019,https://www.ballina.nsw.gov.au/files/assets/public/v/1/council/documents/agenda-and-minutes/2019/24-october-2019/ordinary/241019_ordinary_agenda_24_october_2019.pdf,Capital expenditure project adjustment table,
BAL-030,Ballina Shire Council,2019-20,2019-10-24,,2019-10-24,,Wollongbar Urban Expansion Area Stage 3,Q1,budget_revision,pre_event_revision_baseline,Q1_revision,capital project line,Current=5151500; revised=500000; variation=-4651500,Rephased.,September 2019 capital expenditure review,5151500,,-4651500,500000,,,,,,,,,,,ordinary_candidate_or_nonrecovery_capital,pre_or_early_event_timing; no project-specific disaster cause stated,unverified,official_council_agenda,official_primary_source,public_source_verified,establishes_large_routine_rephasing_before_Q2,NO,Ballina capital expenditure review - September 2019,https://www.ballina.nsw.gov.au/files/assets/public/v/1/council/documents/agenda-and-minutes/2019/24-october-2019/ordinary/241019_ordinary_agenda_24_october_2019.pdf,Capital expenditure project adjustment table,
BAL-031,Ballina Shire Council,2019-20,2019-10-24,,2019-10-24,,Lennox Head Treatment Plant Membrane,Q1,budget_revision,pre_event_revision_baseline,Q1_revision,capital project line,Current=300000; revised=0; variation=-300000,Deferred.,September 2019 capital expenditure review,300000,,-300000,0,,,,,,,,,,,ordinary_candidate_or_nonrecovery_capital,pre_or_early_event_timing; no project-specific disaster cause stated,unverified,official_council_agenda,official_primary_source,public_source_verified,establishes_large_routine_rephasing_before_Q2,NO,Ballina capital expenditure review - September 2019,https://www.ballina.nsw.gov.au/files/assets/public/v/1/council/documents/agenda-and-minutes/2019/24-october-2019/ordinary/241019_ordinary_agenda_24_october_2019.pdf,Capital expenditure project adjustment table,
BAL-032,Ballina Shire Council,2019-20,2019-10-24,,2019-10-24,,Alstonville Treatment Plant Master Plan,Q1,budget_revision,pre_event_revision_baseline,Q1_revision,capital project line,Current=247900; revised=67900; variation=-180000,Rephased.,September 2019 capital expenditure review,247900,,-180000,67900,,,,,,,,,,,ordinary_candidate_or_nonrecovery_capital,pre_or_early_event_timing; no project-specific disaster cause stated,unverified,official_council_agenda,official_primary_source,public_source_verified,establishes_large_routine_rephasing_before_Q2,NO,Ballina capital expenditure review - September 2019,https://www.ballina.nsw.gov.au/files/assets/public/v/1/council/documents/agenda-and-minutes/2019/24-october-2019/ordinary/241019_ordinary_agenda_24_october_2019.pdf,Capital expenditure project adjustment table,
BAL-033,Ballina Shire Council,2019-20,2020-01-23,,2020-01-23,,Ocean Breeze Reserve Amenities,Q2,budget_revision,event_period_revision,Q2_revision,,Current=90000; revised=0; variation=-90000,Deferred.,December 2019 capital expenditure review,90000,,-90000,0,,,,,,,,,,,ordinary_candidate_or_nonrecovery_capital,contemporaneous_with_Black_Summer_but_reason_not_project_causally_linked,unverified,official_council_agenda,official_primary_source,public_source_verified,decision_confirmed_not_causation,NO,Ballina capital expenditure review - 31 December 2019,https://www.ballina.nsw.gov.au/files/assets/public/v/1/council/documents/agenda-and-minutes/2020/ordinary-meeting-agenda-23-january-2020.pdf,Item 9.9 / project adjustment table,
BAL-034,Ballina Shire Council,2019-20,2020-01-23,,2020-01-23,,Ross Park,Q2,budget_revision,event_period_revision,Q2_revision,,Current=25000; revised=0; variation=-25000,Deferred.,December 2019 capital expenditure review,25000,,-25000,0,,,,,,,,,,,ordinary_candidate_or_nonrecovery_capital,contemporaneous_with_Black_Summer_but_reason_not_project_causally_linked,unverified,official_council_agenda,official_primary_source,public_source_verified,decision_confirmed_not_causation,NO,Ballina capital expenditure review - 31 December 2019,https://www.ballina.nsw.gov.au/files/assets/public/v/1/council/documents/agenda-and-minutes/2020/ordinary-meeting-agenda-23-january-2020.pdf,Item 9.9 / project adjustment table,
BAL-035,Ballina Shire Council,2019-20,2020-01-23,,2020-01-23,,Pop Denison Park Upgrade,Q2,budget_revision,event_period_revision,Q2_revision,,Current=845000; revised=100000; variation=-745000,Deferred/rephased.,December 2019 capital expenditure review,845000,,-745000,100000,,,,,,,,,,,ordinary_candidate_or_nonrecovery_capital,contemporaneous_with_Black_Summer_but_reason_not_project_causally_linked,unverified,official_council_agenda,official_primary_source,public_source_verified,decision_confirmed_not_causation,NO,Ballina capital expenditure review - 31 December 2019,https://www.ballina.nsw.gov.au/files/assets/public/v/1/council/documents/agenda-and-minutes/2020/ordinary-meeting-agenda-23-january-2020.pdf,Item 9.9 / project adjustment table,
BAL-036,Ballina Shire Council,2019-20,2020-01-23,,2020-01-23,,Airport Terminal Works,Q2,budget_revision,event_period_revision,Q2_revision,,Current=1491700; revised=1050000; variation=-441700,Savings / revision.,December 2019 capital expenditure review,1491700,,-441700,1050000,,,,,,,,,,,ordinary_candidate_or_nonrecovery_capital,contemporaneous_with_Black_Summer_but_reason_not_project_causally_linked,unverified,official_council_agenda,official_primary_source,public_source_verified,decision_confirmed_not_causation,NO,Ballina capital expenditure review - 31 December 2019,https://www.ballina.nsw.gov.au/files/assets/public/v/1/council/documents/agenda-and-minutes/2020/ordinary-meeting-agenda-23-january-2020.pdf,Item 9.9 / project adjustment table,
BAL-037,Ballina Shire Council,2019-20,2020-01-23,,2020-01-23,,Airport Baggage Handling,Q2,budget_revision,event_period_revision,Q2_revision,,Current=250000; revised=125000; variation=-125000,Revision.,December 2019 capital expenditure review,250000,,-125000,125000,,,,,,,,,,,ordinary_candidate_or_nonrecovery_capital,contemporaneous_with_Black_Summer_but_reason_not_project_causally_linked,unverified,official_council_agenda,official_primary_source,public_source_verified,decision_confirmed_not_causation,NO,Ballina capital expenditure review - 31 December 2019,https://www.ballina.nsw.gov.au/files/assets/public/v/1/council/documents/agenda-and-minutes/2020/ordinary-meeting-agenda-23-january-2020.pdf,Item 9.9 / project adjustment table,
BAL-012,Ballina Shire Council,2020-21,2021-06-30,,,2160,Wollongbar Skate Park,,annual_capital_row,accounting,year_end_with_commitments,,"Original estimate 400,000; carry forward 40,000; estimate 440,000; expended 352,000; expended plus committed 366,300.",,original annual estimate,400000,40000,,440000,352000,,366300,,,,,,,,ordinary_candidate,no_disaster_reason_stated,,,official_annual_report,carried_forward_from_first_public_source_pass,shows_expended_and_commitments_are_distinct,NO,Ballina Shire Council Annual Report 2020-21,https://www.ballina.nsw.gov.au/files/assets/public/v/1/council/documents/council-documents/annual-report-2020-21-reduced-size.pdf,Capital Expenditure - Open Spaces row 2160,Earlier annual-report tables do not expose this separate 'Plus Committed' field in the same way; cross-year accounting needs reconciliation.
BAL-015,Ballina Shire Council,2020-21,2021-06-30,,,6532,Wollongbar District Park,,annual_capital_row,accounting,year_end_with_commitments,,"Original estimate 952,000; carry forward 21,000; approved variations -70,000; estimate 903,000; expended 234,500; expended plus committed 1,340,500.",,original annual estimate,952000,21000,-70000,903000,234500,,1340500,,,,,2020/23,"93 Rifle Range Road / 55 Avalon Avenue, Wollongbar",,ordinary_candidate,no_disaster_reason_stated,,,official_annual_report,carried_forward_from_first_public_source_pass,accounting_reconciliation_required,NO,Ballina Shire Council Annual Report 2020-21,https://www.ballina.nsw.gov.au/files/assets/public/v/1/council/documents/council-documents/annual-report-2020-21-reduced-size.pdf,Capital Expenditure - Open Spaces row 6532,"Expended plus committed exceeds the 2020/21 estimate, so year-end actual alone is not a complete measure of project obligations."
BAL-040,Ballina Shire Council,2020-21,,,,,,,accounting_definition,accounting_comparability,plus_committed,capital expenditure table,2020/21 report separately shows cash expended and 'Plus Committed' (actual cash plus purchase orders raised).,,,,,,,,,,,,,,,,,,,,official_annual_report,official_primary_source,public_source_verified,requires_reconciliation_before_cross_year_actual_comparison,NO,Ballina Shire Council Annual Report 2020-21,https://www.ballina.nsw.gov.au/files/assets/public/v/1/council/documents/council-documents/annual-report-2020-21-reduced-size.pdf,Capital expenditure table headers,
EUR-039,Eurobodalla Shire Council,,,,,,,,source_availability,pre_event_history,full_quarterly_archive_2016_17_to_2019_20,,"Council's public performance archive exposes September, December and March QBRs for 2016/17, 2017/18, 2018/19 and 2019/20.",,,,,,,,,,,,,,,,,,,,official_archive,official_primary_source,verified,source_availability_no_longer_blocker_for_Eurobodalla,NO,Eurobodalla Performance Reporting,https://www.esc.nsw.gov.au/council/plans-and-reporting/performance-reporting,Quarterly budget reports archive,
EUR-017,Eurobodalla Shire Council,2016-17,,,,,Stormwater works to be determined,,project_annual_chain,pre_event_fixed_scope_examples,stormwater_original_revision_actual,stormwater capital project line,Original=260000; revised=0; net revision=-260000; actual=0,Funding reallocated within works program.,,260000,,-260000,0,0,,,,,,,,,,ordinary_stormwater,pre_Black_Summer_non_disaster,not_applicable_pre_event,official_annual_report,official_primary_source,verified,same_scope_original_revision_actual_example_but_no_quarter_by_quarter_ID_chain,NO,Eurobodalla Annual Report 2016-17,https://www.esc.nsw.gov.au/__data/assets/pdf_file/0005/150458/Annual-Report-2016-17.pdf,"Stormwater Levy, p.82",
EUR-018,Eurobodalla Shire Council,2016-17,,,,,Stormwater works undertaken with urban roads,,project_annual_chain,pre_event_fixed_scope_examples,stormwater_original_revision_actual,stormwater capital project line,Original=274000; revised=0; net revision=-274000; actual=0,Funding reallocated within works program.,,274000,,-274000,0,0,,,,,,,,,,ordinary_stormwater,pre_Black_Summer_non_disaster,not_applicable_pre_event,official_annual_report,official_primary_source,verified,same_scope_original_revision_actual_example_but_no_quarter_by_quarter_ID_chain,NO,Eurobodalla Annual Report 2016-17,https://www.esc.nsw.gov.au/__data/assets/pdf_file/0005/150458/Annual-Report-2016-17.pdf,"Stormwater Levy, p.82",
EUR-019,Eurobodalla Shire Council,2016-17,,,,,"Island View Road, Tuross",,project_annual_chain,pre_event_fixed_scope_examples,stormwater_original_revision_actual,stormwater capital project line,Original=0; revised=135807; net revision=135807; actual=137631,"5,807 prior-year revote + 130,000 quarterly addition.",,0,,135807,135807,137631,,,,,,,,,,ordinary_stormwater,pre_Black_Summer_non_disaster,not_applicable_pre_event,official_annual_report,official_primary_source,verified,same_scope_original_revision_actual_example_but_no_quarter_by_quarter_ID_chain,NO,Eurobodalla Annual Report 2016-17,https://www.esc.nsw.gov.au/__data/assets/pdf_file/0005/150458/Annual-Report-2016-17.pdf,"Stormwater Levy, p.82",
EUR-020,Eurobodalla Shire Council,2016-17,,,,,"Bay Lane, Narooma",,project_annual_chain,pre_event_fixed_scope_examples,stormwater_original_revision_actual,stormwater capital project line,Original=0; revised=27457; net revision=27457; actual=26418,"80,000 quarterly addition then 52,543 revoted to next year.",,0,,27457,27457,26418,,,,,,,,,,ordinary_stormwater,pre_Black_Summer_non_disaster,not_applicable_pre_event,official_annual_report,official_primary_source,verified,same_scope_original_revision_actual_example_but_no_quarter_by_quarter_ID_chain,NO,Eurobodalla Annual Report 2016-17,https://www.esc.nsw.gov.au/__data/assets/pdf_file/0005/150458/Annual-Report-2016-17.pdf,"Stormwater Levy, p.82",
EUR-021,Eurobodalla Shire Council,2016-17,,,,,Urban stormwater renewal,,project_annual_chain,pre_event_fixed_scope_examples,stormwater_original_revision_actual,stormwater capital project line,Original=150000; revised=61910; net revision=-88090; actual=61910,Ordinary stormwater renewal line.,,150000,,-88090,61910,61910,,,,,,,,,,ordinary_stormwater,pre_Black_Summer_non_disaster,not_applicable_pre_event,official_annual_report,official_primary_source,verified,same_scope_original_revision_actual_example_but_no_quarter_by_quarter_ID_chain,NO,Eurobodalla Annual Report 2016-17,https://www.esc.nsw.gov.au/__data/assets/pdf_file/0005/150458/Annual-Report-2016-17.pdf,"Stormwater Levy, p.82",
EUR-022,Eurobodalla Shire Council,2016-17,,,,,,,service_annual_chain,pre_event_revision_baseline,stormwater_total,stormwater levy/service,"Original expenditure 913,000; prior-year revotes 144,120; quarterly changes +8,774; revotes to 2017/18 -63,473; revised 1,013,828; actual 1,026,326.",,,913000,144120,8774,1013828,1026326,,,,,,,,,,ordinary_stormwater,pre_Black_Summer_non_disaster,,official_annual_report,official_primary_source,verified,strong_pre_event_same_service_annual_reconciliation,NO,Eurobodalla Annual Report 2016-17,https://www.esc.nsw.gov.au/__data/assets/pdf_file/0005/150458/Annual-Report-2016-17.pdf,"Stormwater Levy, p.82",
EUR-023,Eurobodalla Shire Council,2017-18,,,,,Commercial Entities,,service_annual_budget_actual,pre_event_revision_baseline,original_vs_actual,capital expenditure service,Original=3783000; actual=1389000; variance=-2394000,,,3783000,,-2394000,,1389000,,,,,,,,,,mixed_service_capital,pre_Black_Summer_non_disaster,,official_annual_report,official_primary_source,verified,pre_event_service_baseline_not_project_fixed_portfolio,NO,Eurobodalla Annual Report 2017-18,https://www.esc.nsw.gov.au/__data/assets/pdf_file/0008/153818/2017-18-ANNUAL-REPORT-1.pdf,"Capital works, p.36",
EUR-024,Eurobodalla Shire Council,2017-18,,,,,Community and Cultural Development,,service_annual_budget_actual,pre_event_revision_baseline,original_vs_actual,capital expenditure service,Original=1300000; actual=130000; variance=-1170000,,,1300000,,-1170000,,130000,,,,,,,,,,mixed_service_capital,pre_Black_Summer_non_disaster,,official_annual_report,official_primary_source,verified,pre_event_service_baseline_not_project_fixed_portfolio,NO,Eurobodalla Annual Report 2017-18,https://www.esc.nsw.gov.au/__data/assets/pdf_file/0008/153818/2017-18-ANNUAL-REPORT-1.pdf,"Capital works, p.36",
EUR-025,Eurobodalla Shire Council,2017-18,,,,,Recreation,,service_annual_budget_actual,pre_event_revision_baseline,original_vs_actual,capital expenditure service,Original=4061000; actual=2302000; variance=-1759000,,,4061000,,-1759000,,2302000,,,,,,,,,,mixed_service_capital,pre_Black_Summer_non_disaster,,official_annual_report,official_primary_source,verified,pre_event_service_baseline_not_project_fixed_portfolio,NO,Eurobodalla Annual Report 2017-18,https://www.esc.nsw.gov.au/__data/assets/pdf_file/0008/153818/2017-18-ANNUAL-REPORT-1.pdf,"Capital works, p.36",
EUR-026,Eurobodalla Shire Council,2017-18,,,,,Stormwater,,service_annual_budget_actual,pre_event_revision_baseline,original_vs_actual,capital expenditure service,Original=707000; actual=521000; variance=-186000,,,707000,,-186000,,521000,,,,,,,,,,mixed_service_capital,pre_Black_Summer_non_disaster,,official_annual_report,official_primary_source,verified,pre_event_service_baseline_not_project_fixed_portfolio,NO,Eurobodalla Annual Report 2017-18,https://www.esc.nsw.gov.au/__data/assets/pdf_file/0008/153818/2017-18-ANNUAL-REPORT-1.pdf,"Capital works, p.36",
EUR-027,Eurobodalla Shire Council,2017-18,,,,,Transport,,service_annual_budget_actual,pre_event_revision_baseline,original_vs_actual,capital expenditure service,Original=16602000; actual=20259000; variance=3657000,,,16602000,,3657000,,20259000,,,,,,,,,,mixed_service_capital,pre_Black_Summer_non_disaster,,official_annual_report,official_primary_source,verified,pre_event_service_baseline_not_project_fixed_portfolio,NO,Eurobodalla Annual Report 2017-18,https://www.esc.nsw.gov.au/__data/assets/pdf_file/0008/153818/2017-18-ANNUAL-REPORT-1.pdf,"Capital works, p.36",
EUR-028,Eurobodalla Shire Council,2017-18,,,,,,,annual_capital_total,pre_event_revision_baseline,original_vs_actual_total_capital,all capital works,"Original capital 54,938,000; actual 53,363,000; variance -1,581,000. Council attributes the underspend to timing of transport projects, bridge renewals and deferrals at Moruya Airport and Basil Sellers Exhibition Centre.",,,54938000,,-1581000,,53363000,,,,,,,,,,mixed_capital_program,pre_Black_Summer_non_disaster,,official_annual_report,official_primary_source,verified,strong_non_disaster_aggregate_underspend_baseline,NO,Eurobodalla Annual Report 2017-18,https://www.esc.nsw.gov.au/__data/assets/pdf_file/0008/153818/2017-18-ANNUAL-REPORT-1.pdf,"Capital works, pp.35-36",
EUR-001,Eurobodalla Shire Council,2017-18 to 2020-21,2026-09-19,,,,,,source_availability,quarterly_budget_history,Q1/Q2/Q3 reviews,,"Official performance archive lists September, December and March quarterly budget reviews for 2017/18, 2018/19, 2019/20 and 2020/21, plus annual reports.",,,,,,,,,,,,,,,,,,,,,official_archive,carried_forward_from_first_public_source_pass,strong_target_for_three_pre_event_year_reconstruction,NO,Eurobodalla Council - Performance reporting,https://www.esc.nsw.gov.au/council/plans-and-reporting/performance-reporting,Archive / Quarterly Budget Reviews,
EUR-006,Eurobodalla Shire Council,2018-19,2019-05-28,,,,Airport grant timing,Q3,budget_revision_or_carryover,pre_event_revision_baseline,March_2019_adjustment,capital program/service line,Adjustment/carry-forward=2628949,carry-forward / grant timing,,,,2628949,,,,,,,,,,,,ordinary_candidate_or_program,pre_Black_Summer,not_applicable_pre_event,official_qbr,official_primary_source,public_source_verified,establishes_pre_event_revision_pattern,NO,Eurobodalla Quarterly Budget Review - March 2019,https://www.esc.nsw.gov.au/__data/assets/pdf_file/0018/160416/Quarterly-Budget-Review-attachment.pdf,Consolidated capital program / carry-forward adjustments,
EUR-007,Eurobodalla Shire Council,2018-19,2019-05-28,,,,Eurobodalla Regional Botanic Garden,Q3,budget_revision_or_carryover,pre_event_revision_baseline,March_2019_adjustment,capital program/service line,Adjustment/carry-forward=1188001,carry-forward,,,,1188001,,,,,,,,,,,,ordinary_candidate_or_program,pre_Black_Summer,not_applicable_pre_event,official_qbr,official_primary_source,public_source_verified,establishes_pre_event_revision_pattern,NO,Eurobodalla Quarterly Budget Review - March 2019,https://www.esc.nsw.gov.au/__data/assets/pdf_file/0018/160416/Quarterly-Budget-Review-attachment.pdf,Consolidated capital program / carry-forward adjustments,
EUR-008,Eurobodalla Shire Council,2018-19,2019-05-28,,,,Garlandtown Bridge,Q3,budget_revision_or_carryover,pre_event_revision_baseline,March_2019_adjustment,capital program/service line,Adjustment/carry-forward=600000,carry-forward,,,,600000,,,,,,,,,,,,ordinary_candidate_or_program,pre_Black_Summer,not_applicable_pre_event,official_qbr,official_primary_source,public_source_verified,establishes_pre_event_revision_pattern,NO,Eurobodalla Quarterly Budget Review - March 2019,https://www.esc.nsw.gov.au/__data/assets/pdf_file/0018/160416/Quarterly-Budget-Review-attachment.pdf,Consolidated capital program / carry-forward adjustments,
EUR-009,Eurobodalla Shire Council,2018-19,2019-05-28,,,,Local urban sealed roads,Q3,budget_revision_or_carryover,pre_event_revision_baseline,March_2019_adjustment,capital program/service line,Adjustment/carry-forward=1000000,carry-forward,,,,1000000,,,,,,,,,,,,ordinary_candidate_or_program,pre_Black_Summer,not_applicable_pre_event,official_qbr,official_primary_source,public_source_verified,establishes_pre_event_revision_pattern,NO,Eurobodalla Quarterly Budget Review - March 2019,https://www.esc.nsw.gov.au/__data/assets/pdf_file/0018/160416/Quarterly-Budget-Review-attachment.pdf,Consolidated capital program / carry-forward adjustments,
EUR-010,Eurobodalla Shire Council,2018-19,2019-05-28,,,,Strategic Development Planning,Q3,budget_revision_or_carryover,pre_event_revision_baseline,March_2019_adjustment,capital program/service line,Adjustment/carry-forward=-4000000,downward revision / rephasing,,,,-4000000,,,,,,,,,,,,ordinary_candidate_or_program,pre_Black_Summer,not_applicable_pre_event,official_qbr,official_primary_source,public_source_verified,establishes_pre_event_revision_pattern,NO,Eurobodalla Quarterly Budget Review - March 2019,https://www.esc.nsw.gov.au/__data/assets/pdf_file/0018/160416/Quarterly-Budget-Review-attachment.pdf,Consolidated capital program / carry-forward adjustments,
EUR-011,Eurobodalla Shire Council,2018-19,,2019-06-30,2019-11-26,,,,capacity_metric,pre_event_capacity,operating_performance_ratio,,operating_performance_ratio=3.43 percent,,,,,,,,,,operating_performance_ratio,3.43,percent,whole-council audited financial statements,,,,,,,audited_financial_statements,official_audited_source,public_source_verified,candidate_pre_event_predictor,NO,Eurobodalla 2018-19 financial statements / council presentation,https://www.esc.nsw.gov.au/council/meetings/2019-council-meetings,26 November 2019 meeting: financial statements / annual report,
EUR-012,Eurobodalla Shire Council,2018-19,,2019-06-30,2019-11-26,,,,capacity_metric,pre_event_capacity,own_source_operating_revenue_ratio,,own_source_operating_revenue_ratio=68.23 percent,,,,,,,,,,own_source_operating_revenue_ratio,68.23,percent,whole-council audited financial statements,,,,,,,audited_financial_statements,official_audited_source,public_source_verified,candidate_pre_event_predictor,NO,Eurobodalla 2018-19 financial statements / council presentation,https://www.esc.nsw.gov.au/council/meetings/2019-council-meetings,26 November 2019 meeting: financial statements / annual report,
EUR-013,Eurobodalla Shire Council,2018-19,,2019-06-30,2019-11-26,,,,capacity_metric,pre_event_capacity,unrestricted_current_ratio,,unrestricted_current_ratio=1.96 times,,,,,,,,,,unrestricted_current_ratio,1.96,times,whole-council audited financial statements,,,,,,,audited_financial_statements,official_audited_source,public_source_verified,candidate_pre_event_predictor,NO,Eurobodalla 2018-19 financial statements / council presentation,https://www.esc.nsw.gov.au/council/meetings/2019-council-meetings,26 November 2019 meeting: financial statements / annual report,
EUR-014,Eurobodalla Shire Council,2018-19,,2019-06-30,2019-11-26,,,,capacity_metric,pre_event_capacity,debt_service_cover_ratio,,debt_service_cover_ratio=3.37 times,,,,,,,,,,debt_service_cover_ratio,3.37,times,whole-council audited financial statements,,,,,,,audited_financial_statements,official_audited_source,public_source_verified,candidate_pre_event_predictor,NO,Eurobodalla 2018-19 financial statements / council presentation,https://www.esc.nsw.gov.au/council/meetings/2019-council-meetings,26 November 2019 meeting: financial statements / annual report,
EUR-015,Eurobodalla Shire Council,2018-19,,2019-06-30,2019-11-26,,,,capacity_metric,pre_event_capacity,cash_expense_cover_ratio,,cash_expense_cover_ratio=14.07 months,,,,,,,,,,cash_expense_cover_ratio,14.07,months,whole-council audited financial statements,,,,,,,audited_financial_statements,official_audited_source,public_source_verified,candidate_pre_event_predictor,NO,Eurobodalla 2018-19 financial statements / council presentation,https://www.esc.nsw.gov.au/council/meetings/2019-council-meetings,26 November 2019 meeting: financial statements / annual report,
EUR-016,Eurobodalla Shire Council,2018-19,2019-11-26,2019-06-30,2019-11-26,,,,capacity_publication_timing,capacity_timing,financial_statement_availability,,2018/19 financial statements and annual report were on the 26 Nov 2019 Council meeting agenda.,,,,,,,,,,,,,,,,,,,,official_council_meeting_archive,official_primary_source,public_source_verified,public_by_Currowan_ignition_date_but_not_before_earlier_budget_adoption,NO,Eurobodalla 2019 Council meetings,https://www.esc.nsw.gov.au/council/meetings/2019-council-meetings,26 November 2019,
EUR-029,Eurobodalla Shire Council,2018-19,,,,,Commercial Entities,,service_annual_budget_actual,pre_event_revision_baseline,original_vs_actual,capital expenditure service,Original=8072000; actual=5656000; variance=-2416000,,,8072000,,-2416000,,5656000,,,,,,,,,,mixed_service_capital,pre_Black_Summer_non_disaster,,official_annual_report,official_primary_source,verified,pre_event_service_baseline_not_project_fixed_portfolio,NO,Eurobodalla Annual Report 2018-19,https://www.esc.nsw.gov.au/__data/assets/pdf_file/0004/157972/ESC-2018-19-ANNUAL-REPORT.pdf,"Capital works, p.36",
EUR-030,Eurobodalla Shire Council,2018-19,,,,,Recreation,,service_annual_budget_actual,pre_event_revision_baseline,original_vs_actual,capital expenditure service,Original=3190000; actual=2362000; variance=-828000,,,3190000,,-828000,,2362000,,,,,,,,,,mixed_service_capital,pre_Black_Summer_non_disaster,,official_annual_report,official_primary_source,verified,pre_event_service_baseline_not_project_fixed_portfolio,NO,Eurobodalla Annual Report 2018-19,https://www.esc.nsw.gov.au/__data/assets/pdf_file/0004/157972/ESC-2018-19-ANNUAL-REPORT.pdf,"Capital works, p.36",
EUR-031,Eurobodalla Shire Council,2018-19,,,,,Stormwater,,service_annual_budget_actual,pre_event_revision_baseline,original_vs_actual,capital expenditure service,Original=723000; actual=799000; variance=76000,,,723000,,76000,,799000,,,,,,,,,,mixed_service_capital,pre_Black_Summer_non_disaster,,official_annual_report,official_primary_source,verified,pre_event_service_baseline_not_project_fixed_portfolio,NO,Eurobodalla Annual Report 2018-19,https://www.esc.nsw.gov.au/__data/assets/pdf_file/0004/157972/ESC-2018-19-ANNUAL-REPORT.pdf,"Capital works, p.36",
EUR-032,Eurobodalla Shire Council,2018-19,,,,,Transport,,service_annual_budget_actual,pre_event_revision_baseline,original_vs_actual,capital expenditure service,Original=17758000; actual=18678000; variance=920000,,,17758000,,920000,,18678000,,,,,,,,,,mixed_service_capital,pre_Black_Summer_non_disaster,,official_annual_report,official_primary_source,verified,pre_event_service_baseline_not_project_fixed_portfolio,NO,Eurobodalla Annual Report 2018-19,https://www.esc.nsw.gov.au/__data/assets/pdf_file/0004/157972/ESC-2018-19-ANNUAL-REPORT.pdf,"Capital works, p.36",
EUR-033,Eurobodalla Shire Council,2018-19,,,,,Sewer Services,,service_annual_budget_actual,pre_event_revision_baseline,original_vs_actual,capital expenditure service,Original=12460000; actual=8010000; variance=-4450000,,,12460000,,-4450000,,8010000,,,,,,,,,,mixed_service_capital,pre_Black_Summer_non_disaster,,official_annual_report,official_primary_source,verified,pre_event_service_baseline_not_project_fixed_portfolio,NO,Eurobodalla Annual Report 2018-19,https://www.esc.nsw.gov.au/__data/assets/pdf_file/0004/157972/ESC-2018-19-ANNUAL-REPORT.pdf,"Capital works, p.36",
EUR-034,Eurobodalla Shire Council,2018-19,,,,,Water Services,,service_annual_budget_actual,pre_event_revision_baseline,original_vs_actual,capital expenditure service,Original=3620000; actual=4420000; variance=800000,,,3620000,,800000,,4420000,,,,,,,,,,mixed_service_capital,pre_Black_Summer_non_disaster,,official_annual_report,official_primary_source,verified,pre_event_service_baseline_not_project_fixed_portfolio,NO,Eurobodalla Annual Report 2018-19,https://www.esc.nsw.gov.au/__data/assets/pdf_file/0004/157972/ESC-2018-19-ANNUAL-REPORT.pdf,"Capital works, p.36",
EUR-035,Eurobodalla Shire Council,2018-19,,,,,,,annual_capital_total,pre_event_revision_baseline,original_vs_actual_total_capital,all capital works,"Original capital 55,220,000; actual 50,037,000; variance -5,183,000. Council cites revised timing of airport, botanic garden, cultural precinct, water and sewer works; additional grants also changed the adopted program.",,,55220000,,-5183000,,50037000,,,,,,,,,,mixed_capital_program,pre_Black_Summer_non_disaster,,official_annual_report,official_primary_source,verified,strong_non_disaster_aggregate_underspend_baseline,NO,Eurobodalla Annual Report 2018-19,https://www.esc.nsw.gov.au/__data/assets/pdf_file/0004/157972/ESC-2018-19-ANNUAL-REPORT.pdf,"Capital works, pp.35-36",
EUR-036,Eurobodalla Shire Council,2019-20,,,,,Garlandtown Bridge and other minor works,,service_crowdout_narrative,mechanism,resource_diversion_to_bushfire_response,transport / ordinary works,"Council states inspection and maintenance of the road network were completed as scheduled and capital renewal/upgrade works were substantially on schedule, but Garlandtown Bridge and other minor works were delayed due to allocation of resources to the bushfire response.",Explicit resource diversion to bushfire response.,,,,,,,,,,,,,,,,ordinary_candidate,explicit_resource_diversion_at_project/service_level,Garlandtown direct-damage status still requires asset-level confirmation,official_annual_report,official_primary_source,verified,strong_mechanism_evidence_but_damage_screen_needed,NO,Eurobodalla Annual Report 2019-20,https://www.esc.nsw.gov.au/__data/assets/pdf_file/0011/163001/E.ANNUAL-REPORT-2019-2020-FINAL.pdf,Transport action 7.1.2.1,
EUR-037,Eurobodalla Shire Council,2019-20,,,,,,,positive_counterevidence,mechanism,road_maintenance_continued,road inspection and maintenance,Council reports road inspection and maintenance were completed as scheduled despite the bushfire response.,,,,,,,,,,,,,,,,,ordinary_maintenance,counterevidence_to_systemwide_crowdout,service-level,official_annual_report,official_primary_source,verified,must_preserve_positive_counterevidence,NO,Eurobodalla Annual Report 2019-20,https://www.esc.nsw.gov.au/__data/assets/pdf_file/0011/163001/E.ANNUAL-REPORT-2019-2020-FINAL.pdf,Transport action 7.1.2.1,
EUR-038,Eurobodalla Shire Council,2019-20,,,,,,,direct_damage_screen,ordinary_vs_recovery,fire_damaged_transport_assets,transport network,Bushfire affected 490 km of roads and damaged or destroyed 18 timber bridges. Named damaged/replacement bridges in the report must be excluded from any 'undamaged ordinary work displaced by recovery' portfolio unless separately classified.,,,,,,,,,,,,,,,,,direct_damage/recovery,direct_physical_damage_explicit,damage_confirmed_for_named_bridges,official_annual_report,official_primary_source,verified,creates_exclusion_screen_for_directly_damaged_assets,NO,Eurobodalla Annual Report 2019-20,https://www.esc.nsw.gov.au/__data/assets/pdf_file/0011/163001/E.ANNUAL-REPORT-2019-2020-FINAL.pdf,Transport action 7.1.2.1,
PIL-002,Eurobodalla Shire Council,2019-20,,,,,,,pilot_aggregate_chain,budget_chain,original_Q1_Q2_Q3,mixed source scope; descriptive only,Original=75418000; Q1=65695000; Q2=47122000; Q3=43394000,,,75418000,,,43394000,,,,,,,,,,,,,,uploaded_experiment4_pilot_audit,curated_pilot_summary,reported_in_uploaded_pilot_audit,descriptive_only_do_not_pool,NO,Experiment 4: budget-reallocation pilot,,Reconstruction table,capital program; source scope differs from other councils
PIL-009,Eurobodalla Shire Council,2019-20,,,,,,,annual_cash_IPPE_pair,annual_delivery,gross_IPPE_cash_original_to_actual,all-capital IPPE cash expenditure; not matched ordinary infrastructure,Original cash IPPE=75418000; actual cash IPPE=39541000; deviation=-47.57%,,,75418000,,,,39541000,,,,,,,,,,,,,uploaded_experiment4_pilot_audit,audited_financial_statement_pair,reported_as_visually_checked_in_uploaded_audit,negative_cash_gap_not_disaster_effect,NO,Experiment 4: budget-reallocation pilot,,Separate annual cash comparison,Cannot complete category/project chain; cash scope is broader than ordinary portfolio.
EUR-002,Eurobodalla Shire Council,2020-21,2020-11-24,,,,Eurobodalla Regional Botanic Garden,,decision_reason,ordinary_vs_recovery,fire-related delay,,$0.10 million continued works were carried forward; the report says the works were delayed as a result of fire events.,,capital carry-over,100000,100000,,,,,,,,,,,Eurobodalla Regional Botanic Garden,,ordinary_or_preexisting_project_disaster_affected,delay_due_to_fire_documented; mechanism_unspecified,,,official_qbr,carried_forward_from_first_public_source_pass,possible_timing_evidence_not_fiscal_crowdout,NO,Quarterly Budget Review for period ending 30 September 2020,https://www.esc.nsw.gov.au/__data/assets/pdf_file/0018/163008/September-Quarterly-Budget-Review.pdf,p. 8,Could reflect direct access/physical effects rather than financing; do not code as fiscal crowd-out without additional evidence.
EUR-003,Eurobodalla Shire Council,2020-21,2020-11-24,,,,Shire evacuation centre upgrades,,funding_classification,ordinary_vs_recovery,recovery_classification,,$0.20 million capital adjustment for upgrades to the Shire's evacuation centres as part of the Bushfire Disaster Recovery program.,,September capital adjustment,200000,,200000,,,,,,,,,,,,recovery,explicit_bushfire_recovery_program,,,official_qbr,carried_forward_from_first_public_source_pass,useful_exclusion_label_for_ordinary_portfolio,NO,Quarterly Budget Review for period ending 30 September 2020,https://www.esc.nsw.gov.au/__data/assets/pdf_file/0018/163008/September-Quarterly-Budget-Review.pdf,p. 9,
EUR-004,Eurobodalla Shire Council,2020-21,2020-11-24,,,,Bushfire Disaster Recovery Relief works / Mogo Village Rebuild,,funding_classification,ordinary_vs_recovery,operational_recovery_carryover,,"$1.62 million grant-funded Bushfire Disaster Recovery Relief works, including the Mogo Village Rebuild Project, carried into 2020/21.",,operational carry-over,1620000,1620000,,,,,,,,,,,Mogo / Eurobodalla,,recovery,explicit_bushfire_recovery,,,official_qbr,carried_forward_from_first_public_source_pass,useful_exclusion_label_for_ordinary_portfolio,NO,Quarterly Budget Review for period ending 30 September 2020,https://www.esc.nsw.gov.au/__data/assets/pdf_file/0018/163008/September-Quarterly-Budget-Review.pdf,p. 5,
EUR-005,Eurobodalla Shire Council,2020-21,2020-11-24,,,,,,source_schema,accounting,QBR contents,,"QBR states it includes capital program statements, a budget amendment report, and an SRV capital program with individual project budgets and expenses.",,,,,,,,,,,,,,,,,,,,,official_qbr,carried_forward_from_first_public_source_pass,high_priority_source_for_project_level_rebuild,NO,Quarterly Budget Review for period ending 30 September 2020,https://www.esc.nsw.gov.au/__data/assets/pdf_file/0018/163008/September-Quarterly-Budget-Review.pdf,pp. 2 and 9,
GRI-008,Griffith City Council,,,,,,,,source_access_constraint,pre_event_history,pre_2019_meeting_papers,,Griffith's current public meeting search covers 2019 onward; the Council directs users to email admin@griffith.nsw.gov.au for earlier business papers and minutes.,,,,,,,,,,,,,,,,,,,,official_council_information_page,official_primary_source,verified,three_pre_year_quarterly_history_may_require_council_request,NO,Griffith City Council - Minutes and agendas,https://www.griffith.nsw.gov.au/Council/Council-meetings/Minutes-and-agendas,Access instructions,
GRI-002,Griffith City Council,2018-19,,2019-06-30,2019-10-22,,,,capacity_metric,comparison_capacity,operating_performance_ratio,,operating_performance_ratio=6.75 percent,,,,,,,,,,operating_performance_ratio,6.75,percent,whole-council audited financial statements,,,,,,,audited_financial_statements,official_audited_source,verified_original_vintage,comparison_characteristic_only_not_control_certification,NO,Griffith City Council Financial Statements 2019,https://www.griffith.nsw.gov.au/files/sharedassets/public/v/1/cm-documents/2018-2019-general-purpose-report.pdf,"Note 24(a), performance measures / auditor commentary","Original FY2018/19 statement, not a later restated comparative."
GRI-003,Griffith City Council,2018-19,,2019-06-30,2019-10-22,,,,capacity_metric,comparison_capacity,own_source_operating_revenue_ratio,,own_source_operating_revenue_ratio=76.02 percent,,,,,,,,,,own_source_operating_revenue_ratio,76.02,percent,whole-council audited financial statements,,,,,,,audited_financial_statements,official_audited_source,verified_original_vintage,comparison_characteristic_only_not_control_certification,NO,Griffith City Council Financial Statements 2019,https://www.griffith.nsw.gov.au/files/sharedassets/public/v/1/cm-documents/2018-2019-general-purpose-report.pdf,"Note 24(a), performance measures / auditor commentary","Original FY2018/19 statement, not a later restated comparative."
GRI-004,Griffith City Council,2018-19,,2019-06-30,2019-10-22,,,,capacity_metric,comparison_capacity,unrestricted_current_ratio,,unrestricted_current_ratio=2.69 times,,,,,,,,,,unrestricted_current_ratio,2.69,times,whole-council audited financial statements,,,,,,,audited_financial_statements,official_audited_source,verified_original_vintage,comparison_characteristic_only_not_control_certification,NO,Griffith City Council Financial Statements 2019,https://www.griffith.nsw.gov.au/files/sharedassets/public/v/1/cm-documents/2018-2019-general-purpose-report.pdf,"Note 24(a), performance measures / auditor commentary","Original FY2018/19 statement, not a later restated comparative."
GRI-005,Griffith City Council,2018-19,,2019-06-30,2019-10-22,,,,capacity_metric,comparison_capacity,debt_service_cover_ratio,,debt_service_cover_ratio=7.53 times,,,,,,,,,,debt_service_cover_ratio,7.53,times,whole-council audited financial statements,,,,,,,audited_financial_statements,official_audited_source,verified_original_vintage,comparison_characteristic_only_not_control_certification,NO,Griffith City Council Financial Statements 2019,https://www.griffith.nsw.gov.au/files/sharedassets/public/v/1/cm-documents/2018-2019-general-purpose-report.pdf,"Note 24(a), performance measures / auditor commentary","Original FY2018/19 statement, not a later restated comparative."
GRI-006,Griffith City Council,2018-19,,2019-06-30,2019-10-22,,,,capacity_metric,comparison_capacity,cash_expense_cover_ratio,,cash_expense_cover_ratio=11.42 months,,,,,,,,,,cash_expense_cover_ratio,11.42,months,whole-council audited financial statements,,,,,,,audited_financial_statements,official_audited_source,verified_original_vintage,comparison_characteristic_only_not_control_certification,NO,Griffith City Council Financial Statements 2019,https://www.griffith.nsw.gov.au/files/sharedassets/public/v/1/cm-documents/2018-2019-general-purpose-report.pdf,"Note 24(a), performance measures / auditor commentary","Original FY2018/19 statement, not a later restated comparative."
GRI-007,Griffith City Council,2018-19,,2019-06-30,2019-10-22,,,,capacity_publication_timing,capacity_timing,financial_statement_availability,,The 2018/19 financial statements were authorised for issue by Council on 22 October 2019.,,,,,,,,,,,,,,,,,,,,audited_financial_statements,official_audited_source,verified,capacity_vintage_date_supported_for_2018_19,NO,Griffith City Council Financial Statements 2019,https://www.griffith.nsw.gov.au/files/sharedassets/public/v/1/cm-documents/2018-2019-general-purpose-report.pdf,"Note 1, basis of preparation",
GRI-001,Griffith City Council,2019-20,,,,,,,comparison_status,control_screening,provisional_comparison,,"Pilot reports zero mapped burn within the inherited product scope and no bushfire/flood declaration in the inherited event-year inventory, but this does not certify zero physical/indirect exposure or comparable project mix.",,,,,,,,,,,,,,,,,comparison_candidate,no_index_year_event_in_inherited_screen_only,not_certified_zero,uploaded_experiment4_pilot_audit,curated_pilot_summary,provisional_only,control_remains_uncertified,NO,Experiment 4: budget-reallocation pilot,,Timing and comparisons,
PIL-004,Griffith City Council,2019-20,,,,,,,pilot_aggregate_chain,budget_chain,original_Q1_Q2_Q3,mixed source scope; descriptive only,Original=40932000; Q1=48536000; Q2=49469000; Q3=34701000,,,40932000,,,34701000,,,,,,,,,,,,,,uploaded_experiment4_pilot_audit,curated_pilot_summary,reported_in_uploaded_pilot_audit,descriptive_only_do_not_pool,NO,Experiment 4: budget-reallocation pilot,,Reconstruction table,cash-flow purchases / different scope
PIL-008,Griffith City Council,2019-20,,,,,,,annual_cash_IPPE_pair,annual_delivery,gross_IPPE_cash_original_to_actual,all-capital IPPE cash expenditure; not matched ordinary infrastructure,Original cash IPPE=40933000; actual cash IPPE=22210000; deviation=-45.74%,,,40933000,,,,22210000,,,,,,,,,,,,,uploaded_experiment4_pilot_audit,audited_financial_statement_pair,reported_as_visually_checked_in_uploaded_audit,negative_cash_gap_not_disaster_effect,NO,Experiment 4: budget-reallocation pilot,,Separate annual cash comparison,Cannot complete category/project chain; cash scope is broader than ordinary portfolio.
KIA-001,Kiama Municipal Council,,,,,,,,comparison_status,control_screening,provisional_comparison,,Identified in the earlier audit as a provisional comparison candidate; no complete ordinary-budget revision chain is certified in the accessible evidence.,,,,,,,,,,,,,,,,,comparison_candidate,unresolved,unresolved,uploaded_experiment4_audit,curated_audit_summary,insufficient_chain_data,control_remains_uncertified,NO,Experiment 4 — ordinary infrastructure budget deviations,,Capacity and comparison support,
KIA-011,Kiama Municipal Council,,,,,,,,source_availability,pre_event_history,operational_plan_archive,,"Kiama publicly exposes Operational Plans / Delivery Programs for 2017/18, 2018/19, 2019/20, 2020/21 and 2021/22, giving adopted project/service baselines for multiple pre-event years.",,,,,,,,,,,,,,,,,,,,official_archive,official_primary_source,verified_source_availability,pre_event_adopted_plans_available_but_QBR_governance_and_fixed_project_crosswalk_remain,NO,Kiama Delivery Program and Operational Plan archive,https://www.kiama.nsw.gov.au/Council/Plans-and-strategies/Delivery-Program-and-Operational-Plan,Historical plan links,
KIA-003,Kiama Municipal Council,2016-20,,,,,,,accounting_governance_caveat,control_screening,budget_monitoring_process,council-wide budgeting,"A 2023 forensic review reports that prior to 2019 there was no explicit Council approval of revised quarterly budgets; this changed in 2019. It also notes no specific Q4 review, with annual statements acting as a pseudo-review.",,,,,,,,,,,,,,,,,comparison_candidate,,,official_forensic_report,officially_released_external_review,verified,historical_QBR_governance_not_comparable_without_year_specific_rules,NO,Forsyths Forensic Accounting Assessment - Kiama,https://www.kiama.nsw.gov.au/files/sharedassets/public/council/council-meetings/agendas-amp-minutes/18-july-2023-ordinary-council-agenda-version-ii.pdf,"Item 13.4, forensic report p.17",
KIA-002,Kiama Municipal Council,2018-19,,,,,,,project_register_schema,control_screening,capital_works_project_fields,capital works register,"Annual report exposes project-level Budget, Approved to Date, Forecast Final Cost, Forecast Uncommitted and Spent to Date fields, but a large share of the visible program is Blue Haven construction and is not directly comparable with ordinary roads/bridges maintenance portfolios.",,,,,,,,,,,,,,,,,comparison_candidate_mixed_project_program,,,official_annual_report,official_primary_source,verified,promising_project_register_but_scope_mismatch,NO,Kiama Annual Report 2018-19,https://www.kiama.nsw.gov.au/files/sharedassets/public/annual-report-2018-19.pdf,Capital Works report,
KIA-004,Kiama Municipal Council,2018-19,,2019-06-30,2019-09-17,,,,capacity_metric,comparison_capacity,operating_performance_ratio,,operating_performance_ratio=-0.29 percent,,,,,,,,,,operating_performance_ratio,-0.29,percent,whole-council audited financial statements,,,,,,,audited_financial_statements,official_audited_source,verified_original_vintage,comparison_characteristic_only_not_control_certification,NO,Kiama Municipal Council Financial Statements 2019,https://www.kiama.nsw.gov.au/files/sharedassets/public/v/2/financial-statements-2018-19.pdf,"Note 27(a), performance measures",Financial statements were authorised for issue on 17 September 2019.
KIA-005,Kiama Municipal Council,2018-19,,2019-06-30,2019-09-17,,,,capacity_metric,comparison_capacity,own_source_operating_revenue_ratio,,own_source_operating_revenue_ratio=65.59 percent,,,,,,,,,,own_source_operating_revenue_ratio,65.59,percent,whole-council audited financial statements,,,,,,,audited_financial_statements,official_audited_source,verified_original_vintage,comparison_characteristic_only_not_control_certification,NO,Kiama Municipal Council Financial Statements 2019,https://www.kiama.nsw.gov.au/files/sharedassets/public/v/2/financial-statements-2018-19.pdf,"Note 27(a), performance measures",Financial statements were authorised for issue on 17 September 2019.
KIA-006,Kiama Municipal Council,2018-19,,2019-06-30,2019-09-17,,,,capacity_metric,comparison_capacity,unrestricted_current_ratio,,unrestricted_current_ratio=1.88 times,,,,,,,,,,unrestricted_current_ratio,1.88,times,whole-council audited financial statements,,,,,,,audited_financial_statements,official_audited_source,verified_original_vintage,comparison_characteristic_only_not_control_certification,NO,Kiama Municipal Council Financial Statements 2019,https://www.kiama.nsw.gov.au/files/sharedassets/public/v/2/financial-statements-2018-19.pdf,"Note 27(a), performance measures",Financial statements were authorised for issue on 17 September 2019.
KIA-007,Kiama Municipal Council,2018-19,,2019-06-30,2019-09-17,,,,capacity_metric,comparison_capacity,debt_service_cover_ratio,,debt_service_cover_ratio=6.82 times,,,,,,,,,,debt_service_cover_ratio,6.82,times,whole-council audited financial statements,,,,,,,audited_financial_statements,official_audited_source,verified_original_vintage,comparison_characteristic_only_not_control_certification,NO,Kiama Municipal Council Financial Statements 2019,https://www.kiama.nsw.gov.au/files/sharedassets/public/v/2/financial-statements-2018-19.pdf,"Note 27(a), performance measures",Financial statements were authorised for issue on 17 September 2019.
KIA-008,Kiama Municipal Council,2018-19,,2019-06-30,2019-09-17,,,,capacity_metric,comparison_capacity,cash_expense_cover_ratio,,cash_expense_cover_ratio=12.69 months,,,,,,,,,,cash_expense_cover_ratio,12.69,months,whole-council audited financial statements,,,,,,,audited_financial_statements,official_audited_source,verified_original_vintage,comparison_characteristic_only_not_control_certification,NO,Kiama Municipal Council Financial Statements 2019,https://www.kiama.nsw.gov.au/files/sharedassets/public/v/2/financial-statements-2018-19.pdf,"Note 27(a), performance measures",Financial statements were authorised for issue on 17 September 2019.
KIA-009,Kiama Municipal Council,2018-19,,2019-06-30,2019-09-17,,,,capacity_publication_timing,capacity_timing,financial_statement_availability,,The original FY2018/19 financial statements were authorised for issue by Council on 17 September 2019.,,,,,,,,,,,,,,,,,,,,audited_financial_statements,official_audited_source,verified,capacity_vintage_date_supported_for_2018_19,NO,Kiama Municipal Council Financial Statements 2019,https://www.kiama.nsw.gov.au/files/sharedassets/public/v/2/financial-statements-2018-19.pdf,"Note 1, basis of preparation",
KIA-010,Kiama Municipal Council,2018-19,,2019-06-30,,,,,capacity_restatement_conflict,capacity_timing,later_comparative_conflict,,"Original FY2018/19 audited statement reports own-source 65.59% and cash-expense cover 12.69 months. Kiama's 2019/20 Annual Report later presents FY2019 comparatives of own-source 65.91% and cash-expense cover 8.73 months; the 2021 audited statements later show FY2019 cash cover about 8.74 months. OPR -0.29%, UCR 1.88x and debt cover 6.82x remain consistent.",,,,,,,,,,,,,whole-council,,,,,,,official_financial_statements_and_annual_report,official_sources_with_material_comparative_conflict,verified_conflict,must_use_original_vintage_for_operational_pre_event_predictor_and_preserve_restated_series_separately,NO,Kiama 2018/19 Financial Statements and later comparative reports,https://www.kiama.nsw.gov.au/files/sharedassets/public/v/1/council/council-plans-amp-reports/annual-report-2019-2020.pdf,2018/19 Note 27(a); 2019/20 Annual Report financial overview; 2020/21 Note G6,This is a large enough cash-cover discrepancy to invalidate silent use of a single 'historical' current-vintage series.
LIS-020,Lismore City Council,,,,,,,,source_availability,pre_event_history,multi_year_budget_and_progress_archive,,"Council's public archives expose historical operational-plan budgets, progress reports and quarterly/financial performance material across multiple pre-event years. Exact numeric fixed-portfolio transcription is still incomplete.",,,,,,,,,,,,,,,,,,,,official_archive,official_primary_source,verified_source_availability,source_availability_not_primary_blocker; transcription_and_scope_crosswalk_are,NO,Lismore Council document and meeting archives,https://www.lismore.nsw.gov.au/Council/Forms-and-publications/Plans-and-strategies,Historical planning/reporting documents,
LIS-001,Lismore City Council,2017-18 to 2020-21,2026-09-19,,,,,,source_availability,quarterly_budget_history,meeting archive coverage,,"Meeting archive indexes September 2017, September 2018, March/September 2019, March 2020 and December 2020 quarterly budget reviews.",,,,,,,,,,,,,,,,,,,,,official_meeting_archive,carried_forward_from_first_public_source_pass,pre_event_and_post_event_quarterly_sources_exist,NO,Lismore Council Meetings Live archive,https://webcast.lismore.nsw.gov.au/archive/video19-0514.php,Example: March 2019 QBRS; related archive pages for other quarters,Direct attachment extraction remains to be completed against the canonical project list.
LIS-002,Lismore City Council,2018-19,2019-06-30,,,,Emergency flood works,,funding_classification,ordinary_vs_recovery,natural_disaster_funding,,2018-19 financial statements say Council received natural disaster funding for emergency flood works associated with the 2017 flood.,,annual financial statements,,,,,,,,,,,,,Lismore LGA,,recovery,explicit_natural_disaster_funding,,,audited_financial_statements,carried_forward_from_first_public_source_pass,aggregate_recovery_contamination_confirmed,NO,Lismore City Council Financial Statements 2019,https://www.lismore.nsw.gov.au/files/assets/public/v/1/5.-council/6.-about-council/documents/2012-2022/annual_financial_statements-201819.pdf,Note 19 - Material budget variations,
LIS-016,Lismore City Council,2019-20,,2020-06-30,,,,,capacity_restatement_conflict,capacity_timing,2019_20_comparative_restatement,,"Original FY2019/20 reported OPR 2.63%, UCR 2.33x and cash cover 9.68 months; later 2020/21 statements restated comparatives to OPR 2.74%, UCR 2.31x and cash cover 10.14 months. Own-source remained 66.72%.",,,,,,,,,,,,,whole-council,,,,,,,audited_financial_statements,official_audited_sources,original_vs_later_restatement_conflict,vintage_must_be_locked_before_modelling,NO,Lismore 2019-20 and 2020-21 financial statements,https://www.lismore.nsw.gov.au/files/assets/public/v/1/5.-council/6.-about-council/documents/annual-report/2020-21-annual-report.pdf,Comparative performance ratios,
LIS-011,Lismore City Council,2020-21,,2021-06-30,2021-11-09,,,,capacity_metric,pre_event_capacity,operating_performance_ratio,,operating_performance_ratio=-9.93 percent,,,,,,,,,,operating_performance_ratio,-9.93,percent,whole-council audited financial statements,,,,,,,audited_financial_statements,official_audited_source,public_source_verified,pre_Feb2022_capacity_candidate,NO,Lismore City Council 2020-21 Financial Statements,https://www.lismore.nsw.gov.au/files/assets/public/v/1/5.-council/6.-about-council/documents/annual-report/2020-21-annual-report.pdf,Performance ratios / financial statements,
LIS-012,Lismore City Council,2020-21,,2021-06-30,2021-11-09,,,,capacity_metric,pre_event_capacity,own_source_operating_revenue_ratio,,own_source_operating_revenue_ratio=64.37 percent,,,,,,,,,,own_source_operating_revenue_ratio,64.37,percent,whole-council audited financial statements,,,,,,,audited_financial_statements,official_audited_source,public_source_verified,pre_Feb2022_capacity_candidate,NO,Lismore City Council 2020-21 Financial Statements,https://www.lismore.nsw.gov.au/files/assets/public/v/1/5.-council/6.-about-council/documents/annual-report/2020-21-annual-report.pdf,Performance ratios / financial statements,
LIS-013,Lismore City Council,2020-21,,2021-06-30,2021-11-09,,,,capacity_metric,pre_event_capacity,unrestricted_current_ratio,,unrestricted_current_ratio=1.84 times,,,,,,,,,,unrestricted_current_ratio,1.84,times,whole-council audited financial statements,,,,,,,audited_financial_statements,official_audited_source,public_source_verified,pre_Feb2022_capacity_candidate,NO,Lismore City Council 2020-21 Financial Statements,https://www.lismore.nsw.gov.au/files/assets/public/v/1/5.-council/6.-about-council/documents/annual-report/2020-21-annual-report.pdf,Performance ratios / financial statements,
LIS-014,Lismore City Council,2020-21,,2021-06-30,2021-11-09,,,,capacity_metric,pre_event_capacity,debt_service_cover_ratio,,debt_service_cover_ratio=3.04 times,,,,,,,,,,debt_service_cover_ratio,3.04,times,whole-council audited financial statements,,,,,,,audited_financial_statements,official_audited_source,public_source_verified,pre_Feb2022_capacity_candidate,NO,Lismore City Council 2020-21 Financial Statements,https://www.lismore.nsw.gov.au/files/assets/public/v/1/5.-council/6.-about-council/documents/annual-report/2020-21-annual-report.pdf,Performance ratios / financial statements,
LIS-015,Lismore City Council,2020-21,,2021-06-30,2021-11-09,,,,capacity_metric,pre_event_capacity,cash_expense_cover_ratio,,cash_expense_cover_ratio=13.33 months,,,,,,,,,,cash_expense_cover_ratio,13.33,months,whole-council audited financial statements,,,,,,,audited_financial_statements,official_audited_source,public_source_verified,pre_Feb2022_capacity_candidate,NO,Lismore City Council 2020-21 Financial Statements,https://www.lismore.nsw.gov.au/files/assets/public/v/1/5.-council/6.-about-council/documents/annual-report/2020-21-annual-report.pdf,Performance ratios / financial statements,
LIS-017,Lismore City Council,2020-21,,2021-06-30,2021-11-09,,,,capacity_publication_timing,capacity_timing,financial_statement_availability,,"2020/21 audited financial reports were publicly presented 9 Nov 2021, before the February 2022 flood.",,,,,,,,,,,,,,,,,,,,official_council_records,official_primary_source,public_source_verified,operationally_available_pre_event,NO,Lismore audited financial reports presentation,https://lismore.infocouncil.biz/Open/2021/11/OC_09112021_AGN.PDF,Audited financial reports,
LIS-003,Lismore City Council,2021-22,2022-05-10,,2022-05-10,,,Q3,pilot_event_revision,event_period_revision,provisional_total_capital_reduction,capital program; quarantined,"Reported Q3 capital reduction 20,503,800 AUD; source table has year/unit labelling problems and includes mixed changes.",,,,,-20503800,,,,,,,,,,,,mixed_portfolio,flood_related_deferrals_present_but_total_not_disaster_causal_measure,mixed_and_unverified,official_qbr_attachments,official_primary_source_with_quarantine_flags,uploaded_pilot_summary_and_primary_source,descriptive_only_not_certified,NO,Lismore Q3 2021-22 budget review attachments,https://lismore.infocouncil.biz/Open/2022/05/OC_10052022_ATT_EXCLUDED.PDF,pp.164-168,The adopted May resolution also adds a $5m reserve transfer.
LIS-004,Lismore City Council,2021-22,2022-05-10,,,,,Q3,classification_issue,ordinary_vs_recovery,capital_to_operating_roads_transfer,roads,Lismore documents a transfer from capital to operating roads work; this is a reclassification rather than a pure cut.,,,,,,,,,,,,,,,,,classification_change,flood_context_but_not_pure_budget_crowdout,unresolved,official_qbr_attachments,official_primary_source,reported_in_uploaded_pilot_audit,requires_scope_reconciliation,NO,Lismore Q3 2021-22 budget review attachments,https://lismore.infocouncil.biz/Open/2022/05/OC_10052022_ATT_EXCLUDED.PDF,roads/capital adjustments,
PIL-003,Lismore City Council,2021-22,,,,,,,pilot_aggregate_chain,budget_chain,original_Q1_Q2_Q3,mixed source scope; descriptive only,Original=66170000; Q1=67800000; Q2=70436000; Q3=49932000,,,66170000,,,49932000,,,,,,,,,,,,,,uploaded_experiment4_pilot_audit,curated_pilot_summary,reported_in_uploaded_pilot_audit,descriptive_only_do_not_pool,NO,Experiment 4: budget-reallocation pilot,,Reconstruction table,quarantined: table prints 2020/21 and $000 headings inside 2021/22 review
PIL-007,Lismore City Council,2021-22,,,,,,,annual_cash_IPPE_pair,annual_delivery,gross_IPPE_cash_original_to_actual,all-capital IPPE cash expenditure; not matched ordinary infrastructure,Original cash IPPE=64888000; actual cash IPPE=32656000; deviation=-49.67%,,,64888000,,,,32656000,,,,,,,,,,,,,uploaded_experiment4_pilot_audit,audited_financial_statement_pair,reported_as_visually_checked_in_uploaded_audit,negative_cash_gap_not_disaster_effect,NO,Experiment 4: budget-reallocation pilot,,Separate annual cash comparison,Cannot complete category/project chain; cash scope is broader than ordinary portfolio.
LIS-005,Lismore City Council,2022-23,2023-03-31,,,,Rural unsealed maintenance,Q3,maintenance_revision_example,post_event_revision_pattern,original_to_March_revised_full_year_budget,maintenance program line,Original=1026300; revised=626300; change=-400000,,,1026300,,-400000,626300,,,,,,,,,,,ordinary_maintenance,cannot_attribute_to_Feb2022_flood_because_original_budget_itself_is_post_event,not_applicable_for_causal_baseline,official_budget_by_program,official_primary_source,reported_in_uploaded_audit,shows_positive_and_negative_revisions; not_treatment_evidence,NO,Lismore Budget by Program FY2022-23 - March 2023 review,,PDF p17 / printed p15,
LIS-006,Lismore City Council,2022-23,2023-03-31,,,,Urban sealed maintenance,Q3,maintenance_revision_example,post_event_revision_pattern,original_to_March_revised_full_year_budget,maintenance program line,Original=2450600; revised=3008921; change=558321,,,2450600,,558321,3008921,,,,,,,,,,,ordinary_maintenance,cannot_attribute_to_Feb2022_flood_because_original_budget_itself_is_post_event,not_applicable_for_causal_baseline,official_budget_by_program,official_primary_source,reported_in_uploaded_audit,shows_positive_and_negative_revisions; not_treatment_evidence,NO,Lismore Budget by Program FY2022-23 - March 2023 review,,PDF p17 / printed p15,
LIS-007,Lismore City Council,2022-23,2023-03-31,,,,Rural sealed maintenance,Q3,maintenance_revision_example,post_event_revision_pattern,original_to_March_revised_full_year_budget,maintenance program line,Original=2295400; revised=3337000; change=1041600,,,2295400,,1041600,3337000,,,,,,,,,,,ordinary_maintenance,cannot_attribute_to_Feb2022_flood_because_original_budget_itself_is_post_event,not_applicable_for_causal_baseline,official_budget_by_program,official_primary_source,reported_in_uploaded_audit,shows_positive_and_negative_revisions; not_treatment_evidence,NO,Lismore Budget by Program FY2022-23 - March 2023 review,,PDF p17 / printed p15,
LIS-008,Lismore City Council,2022-23,2023-03-31,,,,Regional block-grant maintenance,Q3,maintenance_revision_example,post_event_revision_pattern,original_to_March_revised_full_year_budget,maintenance program line,Original=1150600; revised=1200600; change=50000,,,1150600,,50000,1200600,,,,,,,,,,,ordinary_maintenance,cannot_attribute_to_Feb2022_flood_because_original_budget_itself_is_post_event,not_applicable_for_causal_baseline,official_budget_by_program,official_primary_source,reported_in_uploaded_audit,shows_positive_and_negative_revisions; not_treatment_evidence,NO,Lismore Budget by Program FY2022-23 - March 2023 review,,PDF p17 / printed p15,
LIS-009,Lismore City Council,2022-23,2023-03-31,,,,Footpath maintenance,Q3,maintenance_revision_example,post_event_revision_pattern,original_to_March_revised_full_year_budget,maintenance program line,Original=; revised=; change=0,,,,,0,,,,,,,,,,,,ordinary_maintenance,cannot_attribute_to_Feb2022_flood_because_original_budget_itself_is_post_event,not_applicable_for_causal_baseline,official_budget_by_program,official_primary_source,reported_in_uploaded_audit,shows_positive_and_negative_revisions; not_treatment_evidence,NO,Lismore Budget by Program FY2022-23 - March 2023 review,,PDF p17 / printed p15,
LIS-010,Lismore City Council,2022-23,2023-03-31,,,,State-road routine maintenance,Q3,maintenance_revision_example,post_event_revision_pattern,original_to_March_revised_full_year_budget,maintenance program line,Original=; revised=; change=0,,,,,0,,,,,,,,,,,,ordinary_maintenance,cannot_attribute_to_Feb2022_flood_because_original_budget_itself_is_post_event,not_applicable_for_causal_baseline,official_budget_by_program,official_primary_source,reported_in_uploaded_audit,shows_positive_and_negative_revisions; not_treatment_evidence,NO,Lismore Budget by Program FY2022-23 - March 2023 review,,PDF p17 / printed p15,
LIS-018,Lismore City Council,2022-23,,,,,Clyde Campbell Solar Carpark and EV Charging Station,,damage_access_screen,ordinary_vs_recovery,site_flood_damage,capital project/site,Council project update says construction began in early July 2022; on 4 August crews also repaired sections of the carpark surface damaged in the 28 February natural disaster.,,,,,,,,,,,,,,,,,mixed_ordinary_project_with_direct_site_damage,direct_site_damage_explicit,damage_confirmed_at_project_site,official_project_update,official_primary_source,verified,exclude_from_clean_undamaged_ordinary_portfolio_without_scope_split,NO,Clyde Campbell Solar Carpark,https://yoursay.lismore.nsw.gov.au/clyde-campbell-solar-carpark?tool=news_feed,4 August 2022 update,
LIS-019,Lismore City Council,2022-23,,,,,Clyde Campbell Solar Carpark and EV Charging Station,,competing_delay_reason,causation,later_non_disaster_delay,capital project,"The project later experienced completion timing changes associated with electricity/switchboard approval, illustrating that a flood-affected project can also have non-disaster approval delays.",,,,,,,,,,,,,,,,,mixed,multiple_competing_causes,site_damage_confirmed,official_project_update,official_primary_source,verified_context,do_not_attribute_all_delay_to_disaster_or_fiscal_crowdout,NO,Clyde Campbell Solar Carpark,https://yoursay.lismore.nsw.gov.au/clyde-campbell-solar-carpark?tool=news_feed,Project update sequence,
RVC-003,Richmond Valley Council,2018-19,2019-05-21,,,,Roads capital program,Q3,budget_revision,pre_event_revision_baseline,March_2019_adjustment,roads/capital-maintenance related,Variation=-15741,Net March 2019 roads capital adjustment.,,,,-15741,,,,,,,,,,,,ordinary_candidate,pre_2022_Northern_Rivers_event,not_applicable_pre_event,official_qbr,official_primary_source,public_source_verified,establishes_non_disaster_reallocation_baseline,NO,Richmond Valley Quarterly Budget Review - 31 March 2019,https://richmondvalley.nsw.gov.au/wp-content/uploads/2019/05/Quarterly-Budget-Review-Statement-31-March-2019.pdf,Capital / roads adjustments,
RVC-004,Richmond Valley Council,2018-19,2019-05-21,,,,Unsealed rural roads grading / resheets transfer,Q3,budget_revision,pre_event_revision_baseline,March_2019_adjustment,roads/capital-maintenance related,Variation=-5246,Capital resheet funds reallocated to operating grading.,,,,-5246,,,,,,,,,,,,ordinary_candidate,pre_2022_Northern_Rivers_event,not_applicable_pre_event,official_qbr,official_primary_source,public_source_verified,establishes_non_disaster_reallocation_baseline,NO,Richmond Valley Quarterly Budget Review - 31 March 2019,https://richmondvalley.nsw.gov.au/wp-content/uploads/2019/05/Quarterly-Budget-Review-Statement-31-March-2019.pdf,Capital / roads adjustments,
RVC-005,Richmond Valley Council,2018-19,2019-05-21,,,,Bridge works,Q3,budget_revision,pre_event_revision_baseline,March_2019_adjustment,roads/capital-maintenance related,Variation=-2670,Removed/revised in March 2019.,,,,-2670,,,,,,,,,,,,ordinary_candidate,pre_2022_Northern_Rivers_event,not_applicable_pre_event,official_qbr,official_primary_source,public_source_verified,establishes_non_disaster_reallocation_baseline,NO,Richmond Valley Quarterly Budget Review - 31 March 2019,https://richmondvalley.nsw.gov.au/wp-content/uploads/2019/05/Quarterly-Budget-Review-Statement-31-March-2019.pdf,Capital / roads adjustments,
RVC-006,Richmond Valley Council,2018-19,2019-05-21,,,,Road sealing reserve,Q3,budget_revision,pre_event_revision_baseline,March_2019_adjustment,roads/capital-maintenance related,Variation=30000,Funds placed into reserve for sealing in following year.,,,,30000,,,,,,,,,,,,ordinary_candidate,pre_2022_Northern_Rivers_event,not_applicable_pre_event,official_qbr,official_primary_source,public_source_verified,establishes_non_disaster_reallocation_baseline,NO,Richmond Valley Quarterly Budget Review - 31 March 2019,https://richmondvalley.nsw.gov.au/wp-content/uploads/2019/05/Quarterly-Budget-Review-Statement-31-March-2019.pdf,Capital / roads adjustments,
RVC-001,Richmond Valley Council,2018-19 onward,2026-09-19,,,,,,source_availability,quarterly_budget_history,public archive,,"Integrated Planning and Reporting page exposes quarterly budget reviews and delivery-program progress reports, including Q2/Q4 progress reports back through 2018.",,,,,,,,,,,,,,,,,,,,,official_archive_search_result,carried_forward_from_first_public_source_pass,pre_event_history_likely_recoverable,NO,Richmond Valley Council - Integrated Planning and Reporting,https://richmondvalley.nsw.gov.au/council/integrated-planning-and-reporting/,Quarterly Budget Reviews / Delivery Program progress reports,"Landing page intermittently returns 403 to automated fetches, but individual PDF meeting documents are indexable."
RVC-002,Richmond Valley Council,2020-21,2021-02-16,,,,Council capital works program,,funding_classification,ordinary_vs_recovery,natural_disaster_funding,,"Capital works program increased by $2,024,284 to $34,476,635; the increase was stated to be largely due to natural disaster funding. Revenue increase was linked to 2019 bushfires and the February 2020 flood.",,Q2 revised capital program,34476635,,2024284,34476635,,,,,,,,,,,mixed_portfolio; recovery_contamination_documented,aggregate_disaster_funding_explicit,,,official_council_minutes,carried_forward_from_first_public_source_pass,project_level_separation_required,NO,Richmond Valley Council Minutes - 16 February 2021,https://richmondvalley.nsw.gov.au/wp-content/uploads/2021/01/CO_20210216_MIN_3159.pdf,p. 15,Strong evidence that aggregate capital totals mix recovery funding with ordinary projects.
RVC-007,Richmond Valley Council,2020-21,2021-05-24,,,,Rural gravel road grading maintenance,,service_crowdout_narrative,mechanism,maintenance_program_suspension,routine road maintenance,Council reported suspending the rural gravel road grading maintenance program to concentrate resources on flood-affected areas.,Flood response/repair priorities and funding-guideline time horizon.,,,,,,,,,,,,,,,,ordinary_maintenance,explicit_resource_diversion_due_to_flood_response,program-level; not individual asset-level,official_council_report,official_primary_source,public_source_verified,strong_mechanism_evidence_not_budget_chain,NO,Richmond Valley Council flood recovery / road maintenance report,https://richmondvalley.nsw.gov.au/wp-content/uploads/2021/05/Ordinary-Council-Meeting-Agenda-24-May-2021.pdf,Road maintenance / flood-affected area narrative,
RVC-014,Richmond Valley Council,2020-21,,2021-06-30,2021-11-16,,,,capacity_metric,pre_event_capacity,operating_performance_ratio,,operating_performance_ratio=-4.1 percent,,,,,,,,,,operating_performance_ratio,-4.1,percent,whole-council audited financial statements,,,,,,,audited_financial_statements,official_audited_source,public_source_verified,pre_Feb2022_capacity_candidate,NO,Richmond Valley Council 2020-21 Financial Statements,https://richmondvalley.nsw.gov.au/wp-content/uploads/2021/11/2020-2021-Financial-Statements.pdf,Performance ratios,
RVC-015,Richmond Valley Council,2020-21,,2021-06-30,2021-11-16,,,,capacity_metric,pre_event_capacity,own_source_operating_revenue_ratio,,own_source_operating_revenue_ratio=64.26 percent,,,,,,,,,,own_source_operating_revenue_ratio,64.26,percent,whole-council audited financial statements,,,,,,,audited_financial_statements,official_audited_source,public_source_verified,pre_Feb2022_capacity_candidate,NO,Richmond Valley Council 2020-21 Financial Statements,https://richmondvalley.nsw.gov.au/wp-content/uploads/2021/11/2020-2021-Financial-Statements.pdf,Performance ratios,
RVC-016,Richmond Valley Council,2020-21,,2021-06-30,2021-11-16,,,,capacity_metric,pre_event_capacity,unrestricted_current_ratio,,unrestricted_current_ratio=3.42 times,,,,,,,,,,unrestricted_current_ratio,3.42,times,whole-council audited financial statements,,,,,,,audited_financial_statements,official_audited_source,public_source_verified,pre_Feb2022_capacity_candidate,NO,Richmond Valley Council 2020-21 Financial Statements,https://richmondvalley.nsw.gov.au/wp-content/uploads/2021/11/2020-2021-Financial-Statements.pdf,Performance ratios,
RVC-017,Richmond Valley Council,2020-21,,2021-06-30,2021-11-16,,,,capacity_metric,pre_event_capacity,debt_service_cover_ratio,,debt_service_cover_ratio=4.26 times,,,,,,,,,,debt_service_cover_ratio,4.26,times,whole-council audited financial statements,,,,,,,audited_financial_statements,official_audited_source,public_source_verified,pre_Feb2022_capacity_candidate,NO,Richmond Valley Council 2020-21 Financial Statements,https://richmondvalley.nsw.gov.au/wp-content/uploads/2021/11/2020-2021-Financial-Statements.pdf,Performance ratios,
RVC-018,Richmond Valley Council,2020-21,,2021-06-30,2021-11-16,,,,capacity_metric,pre_event_capacity,cash_expense_cover_ratio,,cash_expense_cover_ratio=11.31 months,,,,,,,,,,cash_expense_cover_ratio,11.31,months,whole-council audited financial statements,,,,,,,audited_financial_statements,official_audited_source,public_source_verified,pre_Feb2022_capacity_candidate,NO,Richmond Valley Council 2020-21 Financial Statements,https://richmondvalley.nsw.gov.au/wp-content/uploads/2021/11/2020-2021-Financial-Statements.pdf,Performance ratios,
RVC-019,Richmond Valley Council,2020-21,,2021-06-30,2021-11-16,,,,capacity_publication_timing,capacity_timing,financial_statement_availability,,"Financial statements adopted 19 Oct 2021 and formally presented 16 Nov 2021, before the February 2022 flood.",,,,,,,,,,,,,,,,,,,,official_council_records,official_primary_source,public_source_verified,operationally_available_pre_Feb2022,NO,Richmond Valley Council 2021 financial statement presentation,https://richmondvalley.nsw.gov.au/wp-content/uploads/2021/11/Ordinary-Council-Meeting-Agenda-16-November-2021.pdf,Financial statements presentation,
PIL-001,Richmond Valley Council,2021-22,,,,,,,pilot_aggregate_chain,budget_chain,original_Q1_Q2_Q3,mixed source scope; descriptive only,Original=46880556; Q1=49340000; Q2=45706000; Q3=38585000,,,46880556,,,38585000,,,,,,,,,,,,,,uploaded_experiment4_pilot_audit,curated_pilot_summary,reported_in_uploaded_pilot_audit,descriptive_only_do_not_pool,NO,Experiment 4: budget-reallocation pilot,,Reconstruction table,capital program; source scope differs from other councils
PIL-006,Richmond Valley Council,2021-22,,,,,,,annual_cash_IPPE_pair,annual_delivery,gross_IPPE_cash_original_to_actual,all-capital IPPE cash expenditure; not matched ordinary infrastructure,Original cash IPPE=43690000; actual cash IPPE=26431000; deviation=-39.50%,,,43690000,,,,26431000,,,,,,,,,,,,,uploaded_experiment4_pilot_audit,audited_financial_statement_pair,reported_as_visually_checked_in_uploaded_audit,negative_cash_gap_not_disaster_effect,NO,Experiment 4: budget-reallocation pilot,,Separate annual cash comparison,Cannot complete category/project chain; cash scope is broader than ordinary portfolio.
RVC-008,Richmond Valley Council,2021-22,2022-05-17,,2022-05-17,,Council capital program,Q3,budget_revision,event_period_revision,March_2022_adjustment,capital program/project line,Variation=-7121799,Net Q3 capital reduction approved 17 May 2022.,,,,-7121799,,,,,,,,,,,,ordinary_candidate,disaster_or_weather_related_reason_reported_but_damage_access_unverified,unverified_project_level,official_qbr_and_minutes,official_primary_source,public_source_verified,promising_ordinary_candidate_not_certified,NO,Richmond Valley Q3 Budget Review 2021-22,https://richmondvalley.nsw.gov.au/wp-content/uploads/2022/11/Quarterly-Budget-Review-Statement-for-the-quarter-ended-31-March-2022.pdf,Capital program adjustment tables; adopted 17 May 2022,
RVC-009,Richmond Valley Council,2021-22,2022-05-17,,2022-05-17,,Old AGRN960 road reconstruction,Q3,budget_revision,event_period_revision,March_2022_adjustment,capital program/project line,Variation=-1245243,Old reconstruction removed after roads were damaged again; funding to be reassessed under AGRN1012.,,,,-1245243,,,,,,,,,,,,recovery,explicit_recovery_reclassification,redamage_explicit,official_qbr_and_minutes,official_primary_source,public_source_verified,exclude_recovery_line,NO,Richmond Valley Q3 Budget Review 2021-22,https://richmondvalley.nsw.gov.au/wp-content/uploads/2022/11/Quarterly-Budget-Review-Statement-for-the-quarter-ended-31-March-2022.pdf,Capital program adjustment tables; adopted 17 May 2022,
RVC-010,Richmond Valley Council,2021-22,2022-05-17,,2022-05-17,,Swimming pool works,Q3,budget_revision,event_period_revision,March_2022_adjustment,capital program/project line,Variation=-1600000,Deferral candidate; reason includes flood/rain/resource disruption.,,,,-1600000,,,,,,,,,,,,ordinary_candidate,disaster_or_weather_related_reason_reported_but_damage_access_unverified,unverified_project_level,official_qbr_and_minutes,official_primary_source,public_source_verified,promising_ordinary_candidate_not_certified,NO,Richmond Valley Q3 Budget Review 2021-22,https://richmondvalley.nsw.gov.au/wp-content/uploads/2022/11/Quarterly-Budget-Review-Statement-for-the-quarter-ended-31-March-2022.pdf,Capital program adjustment tables; adopted 17 May 2022,
RVC-011,Richmond Valley Council,2021-22,2022-05-17,,2022-05-17,,Waste Cell 6 construction,Q3,budget_revision,event_period_revision,March_2022_adjustment,capital program/project line,Variation=-1000000,Transferred to 2022/23 because wet weather disrupted first stage; overall project continuity still unresolved.,,,,-1000000,,,,,,,,,,,,ordinary_candidate,disaster_or_weather_related_reason_reported_but_damage_access_unverified,unverified_project_level,official_qbr_and_minutes,official_primary_source,public_source_verified,promising_ordinary_candidate_not_certified,NO,Richmond Valley Q3 Budget Review 2021-22,https://richmondvalley.nsw.gov.au/wp-content/uploads/2022/11/Quarterly-Budget-Review-Statement-for-the-quarter-ended-31-March-2022.pdf,Capital program adjustment tables; adopted 17 May 2022,
RVC-012,Richmond Valley Council,2021-22,2022-05-17,,2022-05-17,,Depot pavement,Q3,budget_revision,event_period_revision,March_2022_adjustment,capital program/project line,Variation=-70418,Deferral candidate.,,,,-70418,,,,,,,,,,,,ordinary_candidate,disaster_or_weather_related_reason_reported_but_damage_access_unverified,unverified_project_level,official_qbr_and_minutes,official_primary_source,public_source_verified,promising_ordinary_candidate_not_certified,NO,Richmond Valley Q3 Budget Review 2021-22,https://richmondvalley.nsw.gov.au/wp-content/uploads/2022/11/Quarterly-Budget-Review-Statement-for-the-quarter-ended-31-March-2022.pdf,Capital program adjustment tables; adopted 17 May 2022,
RVC-013,Richmond Valley Council,2021-22,2022-05-17,,2022-05-17,,Stormwater works,Q3,budget_revision,event_period_revision,March_2022_adjustment,capital program/project line,Variation=-97336,Transferred to reserves due wet weather.,,,,-97336,,,,,,,,,,,,ordinary_candidate,disaster_or_weather_related_reason_reported_but_damage_access_unverified,unverified_project_level,official_qbr_and_minutes,official_primary_source,public_source_verified,promising_ordinary_candidate_not_certified,NO,Richmond Valley Q3 Budget Review 2021-22,https://richmondvalley.nsw.gov.au/wp-content/uploads/2022/11/Quarterly-Budget-Review-Statement-for-the-quarter-ended-31-March-2022.pdf,Capital program adjustment tables; adopted 17 May 2022,
RVC-020,Richmond Valley Council,2021-22,2021-09-30,,,,,Q1,capital_program_snapshot,budget_chain,Q1_capital_program,total capital expenditure,"Original capital expenditure 46,880,556; carry-overs from 2020/21 +5,357,563; September changes -2,898,505; projected 49,339,614.",,,46880556,5357563,-2898505,49339614,,,,,,,,,,,mixed_capital_program,pre_Feb2022_event_baseline_but_contains_prior_disaster/recovery_items,,official_qbr,official_primary_source,verified,strong_pre_event_stage_but_not_disaster_free_fixed_ordinary_scope,NO,Richmond Valley QBR for quarter ended 30 September 2021,https://richmondvalley.nsw.gov.au/wp-content/uploads/2021/11/Quarterly-Budget-Review-Statement-for-the-quarter-ended-30-September-2021.pdf,Summary Budget Result,
RVC-021,Richmond Valley Council,2021-22,2021-09-30,,,,Casino Showground,Q1,project_rephasing,pre_event_revision_baseline,Q1_future_year_transfer,capital project,Approximately 1.905m shifted to 2022/23.,Pre-February-2022 rephasing / timing.,,,,-1905000,,,,,,,,,,,Bushfire Local Economic Recovery Fund (BLERF),recovery_or_recovery_funded,project_was_bushfire_recovery/economic_recovery_funded_before_FY2021_22,unverified,official_qbr,official_primary_source,verified_from_Q1_review,exclude_from_clean_ordinary_portfolio,NO,Richmond Valley QBR for quarter ended 30 September 2021,https://richmondvalley.nsw.gov.au/wp-content/uploads/2021/11/Quarterly-Budget-Review-Statement-for-the-quarter-ended-30-September-2021.pdf,Capital project changes,"The Q1 rephasing is real, but the project received major Bushfire Local Economic Recovery Fund support in November 2020; it cannot serve as an ordinary non-recovery project."
RVC-022,Richmond Valley Council,2021-22,2021-09-30,,,,Casino Memorial Pool,Q1,project_rephasing,pre_event_revision_baseline,Q1_future_year_transfer,capital project,Approximately 1.085m shifted to 2022/23.,Pre-February-2022 rephasing / timing.,,,,-1085000,,,,,,,,,,,,ordinary_candidate,pre_Feb2022_flood,unverified,official_qbr,official_primary_source,verified_from_Q1_review,pre_event_non_disaster_rephasing_baseline,NO,Richmond Valley QBR for quarter ended 30 September 2021,https://richmondvalley.nsw.gov.au/wp-content/uploads/2021/11/Quarterly-Budget-Review-Statement-for-the-quarter-ended-30-September-2021.pdf,Capital project changes,
RVC-023,Richmond Valley Council,2021-22,2021-12-31,,2022-02-15,,,Q2,capital_program_snapshot,budget_chain,Q2_capital_program,total capital expenditure,"Capital expenditure 49,339,614; recommended Q2 change -3,633,146; projected 45,706,468.",,,49339614,,-3633146,45706468,,,,,,,,,,,mixed_capital_program,before_Feb22_event_but_after_Nov21_declaration; not_clean_untreated_baseline,,official_qbr,official_primary_source,verified,Q2_stage_confirmed_with_overlap_warning,NO,Richmond Valley QBR for quarter ended 31 December 2021,https://richmondvalley.nsw.gov.au/wp-content/uploads/2022/02/CO_20220215_AGN_3185_AT.pdf,Summary Budget Result,
RVC-025,Richmond Valley Council,2021-22,,,,,Casino Showground and Racecourse Upgrade,,funding_classification,ordinary_vs_recovery,BLERF_funding,,Council's 2021/22 annual report states it received $8 million in November 2020 from the NSW Government Bushfire Local Economic Recovery Fund for the Casino Showground/Racecourse redevelopment; later council records cite $8.2 million BLERF.,,,,,,,,,,,,,,,,Bushfire Local Economic Recovery Fund,recovery_or_recovery_funded,explicit_bushfire_recovery/economic_recovery_funding,not_needed_for_classification,official_annual_report,official_primary_source,verified,exclude_Showground_rephasing_from_ordinary_portfolio,NO,Richmond Valley Council Annual Report 2021/22,https://richmondvalley.nsw.gov.au/wp-content/uploads/2022/11/Annual-Report-2021-2022-FINAL.pdf,Casino Showground Upgrades,
RVC-026,Richmond Valley Council,2021-22,,2022-06-30,,,,,capital_commitments,accounting_comparability,year_end_capital_commitments_total,"all committed property, plant and equipment","Capital expenditure committed but not recognised as liabilities at 30 June 2022 totalled $13.993m: buildings $0.553m, infrastructure-other $12.179m, plant/equipment $1.261m.",,,,,,,,13993000,,,,,,,,,,,,audited_financial_statements,official_audited_source,verified,cash_actuals_alone_understate_outstanding_project_obligations,NO,Richmond Valley Council Annual Financial Statements 2022,https://richmondvalley.nsw.gov.au/wp-content/uploads/2022/10/Annual_Financial_Statements-2022-CouncillorSigned.pdf,G2-1 Commitments,
RVC-027,Richmond Valley Council,2021-22,,2022-06-30,,,Casino Swimming Pool,,project_commitment,accounting_comparability,year_end_unrecognised_capital_commitment,project-level capital commitment,"Capital commitment at 30 June 2022: 3,763,000 AUD.",,,,,,,,3763000,,,,,,,,,ordinary_candidate_but_scope/damage_screen_required,not_established_by_commitment_record,unverified,audited_financial_statements,official_audited_source,verified,adds_commitment_amount_but_not_same_scope_actual_or_disaster_cause,NO,Richmond Valley Council Annual Financial Statements 2022,https://richmondvalley.nsw.gov.au/wp-content/uploads/2022/10/Annual_Financial_Statements-2022-CouncillorSigned.pdf,G2-1 Commitments,
RVC-028,Richmond Valley Council,2021-22,,2022-06-30,,,Casino Showground Upgrade,,project_commitment,accounting_comparability,year_end_unrecognised_capital_commitment,project-level capital commitment,"Capital commitment at 30 June 2022: 5,462,000 AUD.",,,,,,,,5462000,,,,,,,,,recovery_or_recovery_funded,not_established_by_commitment_record,unverified,audited_financial_statements,official_audited_source,verified,adds_commitment_amount_but_not_same_scope_actual_or_disaster_cause,NO,Richmond Valley Council Annual Financial Statements 2022,https://richmondvalley.nsw.gov.au/wp-content/uploads/2022/10/Annual_Financial_Statements-2022-CouncillorSigned.pdf,G2-1 Commitments,
RVC-029,Richmond Valley Council,2021-22,,2022-06-30,,,JTR Smalls Bridge,,project_commitment,accounting_comparability,year_end_unrecognised_capital_commitment,project-level capital commitment,"Capital commitment at 30 June 2022: 369,000 AUD.",,,,,,,,369000,,,,,,,,,ordinary_candidate,not_established_by_commitment_record,unverified,audited_financial_statements,official_audited_source,verified,adds_commitment_amount_but_not_same_scope_actual_or_disaster_cause,NO,Richmond Valley Council Annual Financial Statements 2022,https://richmondvalley.nsw.gov.au/wp-content/uploads/2022/10/Annual_Financial_Statements-2022-CouncillorSigned.pdf,G2-1 Commitments,
RVC-030,Richmond Valley Council,2021-22,,2022-06-30,,,Crawford Square Playspace,,project_commitment,accounting_comparability,year_end_unrecognised_capital_commitment,project-level capital commitment,"Capital commitment at 30 June 2022: 404,000 AUD.",,,,,,,,404000,,,,,,,,,ordinary_candidate,not_established_by_commitment_record,unverified,audited_financial_statements,official_audited_source,verified,adds_commitment_amount_but_not_same_scope_actual_or_disaster_cause,NO,Richmond Valley Council Annual Financial Statements 2022,https://richmondvalley.nsw.gov.au/wp-content/uploads/2022/10/Annual_Financial_Statements-2022-CouncillorSigned.pdf,G2-1 Commitments,
RVC-031,Richmond Valley Council,2021-22,,2022-06-30,,,Ainsworth Road embankment and culvert works,,project_commitment,accounting_comparability,year_end_unrecognised_capital_commitment,project-level capital commitment,"Capital commitment at 30 June 2022: 624,000 AUD.",,,,,,,,624000,,,,,,,,,ordinary_candidate,not_established_by_commitment_record,unverified,audited_financial_statements,official_audited_source,verified,adds_commitment_amount_but_not_same_scope_actual_or_disaster_cause,NO,Richmond Valley Council Annual Financial Statements 2022,https://richmondvalley.nsw.gov.au/wp-content/uploads/2022/10/Annual_Financial_Statements-2022-CouncillorSigned.pdf,G2-1 Commitments,
RVC-032,Richmond Valley Council,2021-22,,2022-06-30,,,Elliots Road Bridge,,project_commitment,accounting_comparability,year_end_unrecognised_capital_commitment,project-level capital commitment,"Capital commitment at 30 June 2022: 306,000 AUD.",,,,,,,,306000,,,,,,,,,ordinary_candidate,not_established_by_commitment_record,unverified,audited_financial_statements,official_audited_source,verified,adds_commitment_amount_but_not_same_scope_actual_or_disaster_cause,NO,Richmond Valley Council Annual Financial Statements 2022,https://richmondvalley.nsw.gov.au/wp-content/uploads/2022/10/Annual_Financial_Statements-2022-CouncillorSigned.pdf,G2-1 Commitments,
RVC-024,Richmond Valley Council,2022-23,2022-09-30,,2022-11-15,,,,carryover_lineage,budget_chain,carryovers_from_2021_22,capital program,"2022/23 original capital 50,611,790; carryovers from 2021/22 9,361,887; removal/deferral of other capital works 6,409,929; projected Q1 capital 53,563,748.",Council states February 2022 flood recovery was taking increasing focus; contractor/material availability expected to require further adjustment.,,50611790,9361887,-6409929,53563748,,,,,,,,,,,mixed_capital_program,post_flood_recovery_pressure_explicit_at_program_level,mixed,official_qbr,official_primary_source,verified,partial_year_end_lineage_but_not_same_scope_2021_22_actual,NO,Richmond Valley QBR for quarter ended 30 September 2022,https://richmondvalley.nsw.gov.au/wp-content/uploads/2022/11/Agenda-Ordinary-Meeting-15-November-2022.pdf,Capital works budget / carryovers,
RVC-033,Richmond Valley Council,2022-23,,,,,JTR Smalls Bridge,,project_classification,ordinary_vs_recovery,bridge_renewal_basis,bridge replacement,Council later describes JTR Smalls Bridge as an end-of-design-life bridge replacement delivered through Fixing Country Bridges and completed in September 2022.,,,,,,,,,,,,,,,,Fixing Country Bridges,ordinary_renewal_candidate,not_identified_as_disaster_reconstruction_in_this_source,no_direct_disaster_damage_claim_in_classification_source,official_annual_report/project_reporting,official_primary_source,verified_classification_context,promising_ordinary_candidate_but_incomplete_original_Q1_Q2_Q3_actual_chain,NO,Richmond Valley Council annual/project reporting,https://richmondvalley.nsw.gov.au/wp-content/uploads/2023/11/Annual-Report-2022-2023-Final.pdf,Bridge renewal / Fixing Country Bridges reporting,
SVC-001,Snowy Valleys Council,2018-19,2018-11-22,,,,,,source_availability,pre_event_history,Q1 budget review,,"Official agenda contains the Quarterly Budget Review as at 30 September 2018 and states revenue, expenditure and capital budget adjustments are attached.",,,,,,,,,,,,,,,,,,,,,official_council_agenda,carried_forward_from_first_public_source_pass,pre_event_quarterly_source_available,NO,Quarterly Budget Review as at 30 September 2018,https://www.snowyvalleys.nsw.gov.au/files/assets/public/meeting-minutes-amp-agendas/council-meetings/20181122/20181122-business-paper-ordinary-council.pdf,Item 9.6,
SVC-002,Snowy Valleys Council,2018-19,2019-02-21,,,,,,source_availability,pre_event_history,Q2 budget review,,Official agenda contains the Quarterly Budget Review as at 31 December 2018 and attached capital budget adjustments.,,,,,,,,,,,,,,,,,,,,,official_council_agenda,carried_forward_from_first_public_source_pass,pre_event_quarterly_source_available,NO,Quarterly Budget Review as at 31 December 2018,https://www.snowyvalleys.nsw.gov.au/files/assets/public/meeting-minutes-amp-agendas/council-meetings/council-meeting-agendas/20190221-business-paper-ordinary-council.pdf,Item 9.8,
SVC-009,Snowy Valleys Council,2018-19,,2019-06-30,2019-11-21,,,,capacity_metric,pre_event_capacity,operating_performance_ratio,,operating_performance_ratio=1.84 percent,,,,,,,,,,operating_performance_ratio,1.84,percent,whole-council audited financial statements,,,,,,,audited_financial_statements,official_audited_source,public_source_verified,pre_Dunns_Road_fire_capacity_candidate,NO,Snowy Valleys Council 2018-19 Financial Statements,https://www.snowyvalleys.nsw.gov.au/files/assets/public/your-council/financial-statements/2018-2019-financial-statements.pdf,Performance ratios,
SVC-010,Snowy Valleys Council,2018-19,,2019-06-30,2019-11-21,,,,capacity_metric,pre_event_capacity,own_source_operating_revenue_ratio,,own_source_operating_revenue_ratio=60.96 percent,,,,,,,,,,own_source_operating_revenue_ratio,60.96,percent,whole-council audited financial statements,,,,,,,audited_financial_statements,official_audited_source,public_source_verified,pre_Dunns_Road_fire_capacity_candidate,NO,Snowy Valleys Council 2018-19 Financial Statements,https://www.snowyvalleys.nsw.gov.au/files/assets/public/your-council/financial-statements/2018-2019-financial-statements.pdf,Performance ratios,
SVC-011,Snowy Valleys Council,2018-19,,2019-06-30,2019-11-21,,,,capacity_metric,pre_event_capacity,unrestricted_current_ratio,,unrestricted_current_ratio=3.83 times,,,,,,,,,,unrestricted_current_ratio,3.83,times,whole-council audited financial statements,,,,,,,audited_financial_statements,official_audited_source,public_source_verified,pre_Dunns_Road_fire_capacity_candidate,NO,Snowy Valleys Council 2018-19 Financial Statements,https://www.snowyvalleys.nsw.gov.au/files/assets/public/your-council/financial-statements/2018-2019-financial-statements.pdf,Performance ratios,
SVC-012,Snowy Valleys Council,2018-19,,2019-06-30,2019-11-21,,,,capacity_metric,pre_event_capacity,debt_service_cover_ratio,,debt_service_cover_ratio=7.39 times,,,,,,,,,,debt_service_cover_ratio,7.39,times,whole-council audited financial statements,,,,,,,audited_financial_statements,official_audited_source,public_source_verified,pre_Dunns_Road_fire_capacity_candidate,NO,Snowy Valleys Council 2018-19 Financial Statements,https://www.snowyvalleys.nsw.gov.au/files/assets/public/your-council/financial-statements/2018-2019-financial-statements.pdf,Performance ratios,
SVC-013,Snowy Valleys Council,2018-19,,2019-06-30,2019-11-21,,,,capacity_metric,pre_event_capacity,cash_expense_cover_ratio,,cash_expense_cover_ratio=13.84 months,,,,,,,,,,cash_expense_cover_ratio,13.84,months,whole-council audited financial statements,,,,,,,audited_financial_statements,official_audited_source,public_source_verified,pre_Dunns_Road_fire_capacity_candidate,NO,Snowy Valleys Council 2018-19 Financial Statements,https://www.snowyvalleys.nsw.gov.au/files/assets/public/your-council/financial-statements/2018-2019-financial-statements.pdf,Performance ratios,
SVC-014,Snowy Valleys Council,2018-19,,2019-06-30,2019-11-21,,,,capacity_publication_timing,capacity_timing,financial_statement_availability,,"2018/19 financial statements were formally presented 21 Nov 2019, before the Dunns Road fire ignition on 28 Dec 2019.",,,,,,,,,,,,,,,,,,,,official_council_records,official_primary_source,public_source_verified,operationally_available_pre_event,NO,Snowy Valleys Council financial statement presentation,https://www.snowyvalleys.nsw.gov.au/files/assets/public/meeting-minutes-amp-agendas/council-meetings/20191121/20191121-minutes-ordinary-council.pdf,Financial statements,
SVC-015,Snowy Valleys Council,2018-19,2019-03-31,,2019-05-16,,,Q3,capital_program_snapshot,pre_event_revision_baseline,Q3_capital_program,total capital program,"Adopted capital budget 26,402,915; revised budget before Q3 20,485,861; recommended Q3 variations +2,237,639; proposed revised capital budget 22,723,500.",,,26402915,,2237639,22723500,,,,,,,,,,,mixed_capital_program,pre_Dunns_Road_fire_non_disaster,,official_qbr,official_primary_source,verified,strong_pre_event_non_disaster_revision_baseline,NO,Snowy Valleys QBR as at 31 March 2019,https://www.snowyvalleys.nsw.gov.au/files/assets/public/meeting-minutes-amp-agendas/council-meetings/council-meeting-agendas/20190516-business-paper-ordinary-council.pdf,Item 9.6,
SVC-016,Snowy Valleys Council,2018-19,2019-03-31,,2019-05-16,,Capital General,Q3,project_budget_revision,pre_event_revision_baseline,Q3_project_revision,capital project/program line,Pre-Q3 budget=3883082; proposed=5851749; Q3 variation=1968667; YTD spend=2022620,Broad capital-general allocation expanded.,,3883082,,1968667,5851749,2022620,,,,,,,,,,ordinary_candidate_or_program,pre_Dunns_Road_fire_non_disaster,not_applicable_pre_event,official_qbr,official_primary_source,verified,pre_event_non_disaster_rephasing_example,NO,Snowy Valleys QBR as at 31 March 2019,https://www.snowyvalleys.nsw.gov.au/files/assets/public/meeting-minutes-amp-agendas/council-meetings/council-meeting-agendas/20190516-business-paper-ordinary-council.pdf,Item 9.6 capital works adjustment table,
SVC-017,Snowy Valleys Council,2018-19,2019-03-31,,2019-05-16,,Capital Transport,Q3,project_budget_revision,pre_event_revision_baseline,Q3_project_revision,capital project/program line,Pre-Q3 budget=7137476; proposed=7792274; Q3 variation=654798; YTD spend=3258194,Broad transport allocation expanded.,,7137476,,654798,7792274,3258194,,,,,,,,,,ordinary_candidate_or_program,pre_Dunns_Road_fire_non_disaster,not_applicable_pre_event,official_qbr,official_primary_source,verified,pre_event_non_disaster_rephasing_example,NO,Snowy Valleys QBR as at 31 March 2019,https://www.snowyvalleys.nsw.gov.au/files/assets/public/meeting-minutes-amp-agendas/council-meetings/council-meeting-agendas/20190516-business-paper-ordinary-council.pdf,Item 9.6 capital works adjustment table,
SVC-018,Snowy Valleys Council,2018-19,2019-03-31,,2019-05-16,,Batlow Caravan Park,Q3,project_budget_revision,pre_event_revision_baseline,Q3_project_revision,capital project/program line,Pre-Q3 budget=0; proposed=200000; Q3 variation=200000; YTD spend=0,New Q3 allocation.,,0,,200000,200000,0,,,,,,,,,,ordinary_candidate_or_program,pre_Dunns_Road_fire_non_disaster,not_applicable_pre_event,official_qbr,official_primary_source,verified,pre_event_non_disaster_rephasing_example,NO,Snowy Valleys QBR as at 31 March 2019,https://www.snowyvalleys.nsw.gov.au/files/assets/public/meeting-minutes-amp-agendas/council-meetings/council-meeting-agendas/20190516-business-paper-ordinary-council.pdf,Item 9.6 capital works adjustment table,
SVC-019,Snowy Valleys Council,2018-19,2019-03-31,,2019-05-16,,Adelong Falls Gold Mill Ruins,Q3,project_budget_revision,pre_event_revision_baseline,Q3_project_revision,capital project/program line,Pre-Q3 budget=84505; proposed=0; Q3 variation=-84505; YTD spend=29002,Work on hold following safety reports.,,84505,,-84505,0,29002,,,,,,,,,,ordinary_candidate_or_program,pre_Dunns_Road_fire_non_disaster,not_applicable_pre_event,official_qbr,official_primary_source,verified,pre_event_non_disaster_rephasing_example,NO,Snowy Valleys QBR as at 31 March 2019,https://www.snowyvalleys.nsw.gov.au/files/assets/public/meeting-minutes-amp-agendas/council-meetings/council-meeting-agendas/20190516-business-paper-ordinary-council.pdf,Item 9.6 capital works adjustment table,
SVC-020,Snowy Valleys Council,2018-19,2019-03-31,,2019-05-16,,Adelong Main Street furniture,Q3,project_budget_revision,pre_event_revision_baseline,Q3_project_revision,capital project/program line,Pre-Q3 budget=25000; proposed=0; Q3 variation=-25000; YTD spend=5545,Insufficient funds / allocation returned.,,25000,,-25000,0,5545,,,,,,,,,,ordinary_candidate_or_program,pre_Dunns_Road_fire_non_disaster,not_applicable_pre_event,official_qbr,official_primary_source,verified,pre_event_non_disaster_rephasing_example,NO,Snowy Valleys QBR as at 31 March 2019,https://www.snowyvalleys.nsw.gov.au/files/assets/public/meeting-minutes-amp-agendas/council-meetings/council-meeting-agendas/20190516-business-paper-ordinary-council.pdf,Item 9.6 capital works adjustment table,
SVC-021,Snowy Valleys Council,2018-19,2019-03-31,,2019-05-16,,Adelong Tennis Courts,Q3,project_budget_revision,pre_event_revision_baseline,Q3_project_revision,capital project/program line,Pre-Q3 budget=40115; proposed=20000; Q3 variation=-20115; YTD spend=19577,Budget reduced.,,40115,,-20115,20000,19577,,,,,,,,,,ordinary_candidate_or_program,pre_Dunns_Road_fire_non_disaster,not_applicable_pre_event,official_qbr,official_primary_source,verified,pre_event_non_disaster_rephasing_example,NO,Snowy Valleys QBR as at 31 March 2019,https://www.snowyvalleys.nsw.gov.au/files/assets/public/meeting-minutes-amp-agendas/council-meetings/council-meeting-agendas/20190516-business-paper-ordinary-council.pdf,Item 9.6 capital works adjustment table,
SVC-022,Snowy Valleys Council,2018-19,2019-03-31,,2019-05-16,,ADFR sports pavilion,Q3,project_budget_revision,pre_event_revision_baseline,Q3_project_revision,capital project/program line,Pre-Q3 budget=82000; proposed=0; Q3 variation=-82000; YTD spend=0,In design / funding removed from current year.,,82000,,-82000,0,0,,,,,,,,,,ordinary_candidate_or_program,pre_Dunns_Road_fire_non_disaster,not_applicable_pre_event,official_qbr,official_primary_source,verified,pre_event_non_disaster_rephasing_example,NO,Snowy Valleys QBR as at 31 March 2019,https://www.snowyvalleys.nsw.gov.au/files/assets/public/meeting-minutes-amp-agendas/council-meetings/council-meeting-agendas/20190516-business-paper-ordinary-council.pdf,Item 9.6 capital works adjustment table,
SVC-023,Snowy Valleys Council,2018-19,2019-03-31,,2019-05-16,,End of Lincolns Prospect Road paving,Q3,project_budget_revision,pre_event_revision_baseline,Q3_project_revision,capital project/program line,Pre-Q3 budget=85037; proposed=111000; Q3 variation=25963; YTD spend=104494,Budget increased.,,85037,,25963,111000,104494,,,,,,,,,,ordinary_candidate_or_program,pre_Dunns_Road_fire_non_disaster,not_applicable_pre_event,official_qbr,official_primary_source,verified,pre_event_non_disaster_rephasing_example,NO,Snowy Valleys QBR as at 31 March 2019,https://www.snowyvalleys.nsw.gov.au/files/assets/public/meeting-minutes-amp-agendas/council-meetings/council-meeting-agendas/20190516-business-paper-ordinary-council.pdf,Item 9.6 capital works adjustment table,
SVC-024,Snowy Valleys Council,2018-19,2019-03-31,,2019-05-16,,Snowy Mountains Highway west of Talbingo,Q3,project_budget_revision,pre_event_revision_baseline,Q3_project_revision,capital project/program line,Pre-Q3 budget=259144; proposed=524408; Q3 variation=265264; YTD spend=239772,Budget increased.,,259144,,265264,524408,239772,,,,,,,,,,ordinary_candidate_or_program,pre_Dunns_Road_fire_non_disaster,not_applicable_pre_event,official_qbr,official_primary_source,verified,pre_event_non_disaster_rephasing_example,NO,Snowy Valleys QBR as at 31 March 2019,https://www.snowyvalleys.nsw.gov.au/files/assets/public/meeting-minutes-amp-agendas/council-meetings/council-meeting-agendas/20190516-business-paper-ordinary-council.pdf,Item 9.6 capital works adjustment table,
SVC-003,Snowy Valleys Council,2019-20,2020-05-21,,,,Council-wide capital program / recovery,,mechanism_evidence,causation,bushfire resource diversion,,"Council states bushfire impacts diverted resources from business as usual, may delay major projects, required substantial claim-reporting effort, and damaged community infrastructure.",,,,,,,,,,,,,,,Snowy Valleys LGA,,mixed_portfolio,council_wide_mechanism_documented; not_project_specific,,,official_qbr,carried_forward_from_first_public_source_pass,supports_targeted_project_followup_not_causal_row_certification,NO,Quarterly Budget Review as at 31 March 2020,https://www.snowyvalleys.nsw.gov.au/files/assets/public/meeting-minutes-amp-agendas/council-meetings/20200521/20200521-business-paper-ordinary-council.pdf,Item 10.8 recovery section,"This is unusually useful narrative evidence, but does not identify which ordinary projects were delayed or how much."
SVC-005,Snowy Valleys Council,2019-20,2020-05-21,,,,Business-as-usual council resources,Q3,mechanism_narrative,causation,council_wide_resource_diversion,,Council reported resources diverted from business as usual because of the Dunns Road fire; major projects may be delayed.,,,,,,,,,,,,,,,,,mixed_portfolio,explicit_council_wide_fire_related_resource_diversion,not_project_specific,official_qbr,official_primary_source,public_source_verified,supports_mechanism_not_project_level_outcome,NO,Snowy Valleys Quarterly Budget Review as at 31 March 2020,https://www.snowyvalleys.nsw.gov.au/files/assets/public/meeting-minutes-amp-agendas/council-meetings/20200521/20200521-business-paper-ordinary-council.pdf,Item 10.8 / recovery narrative,
SVC-006,Snowy Valleys Council,2019-20,2020-05-21,,,,Water and sewer construction teams,Q3,mechanism_narrative,causation,staffing_and_resource_reallocation,,Construction teams were fully engaged in higher-priority capital work; water/sewer projects would be reprogrammed as resources became available.,,,,,,,,,,,,,,,,,mixed_portfolio,explicit_council_wide_fire_related_resource_diversion,not_project_specific,official_qbr,official_primary_source,public_source_verified,supports_mechanism_not_project_level_outcome,NO,Snowy Valleys Quarterly Budget Review as at 31 March 2020,https://www.snowyvalleys.nsw.gov.au/files/assets/public/meeting-minutes-amp-agendas/council-meetings/20200521/20200521-business-paper-ordinary-council.pdf,Item 10.8 / recovery narrative,
SVC-007,Snowy Valleys Council,2019-20,2020-05-21,,,,Disaster-claim administration,Q3,mechanism_narrative,causation,administrative_capacity_diversion,,Staff resources were diverted to disaster-claim reporting and damaged-infrastructure recovery work.,,,,,,,,,,,,,,,,,mixed_portfolio,explicit_council_wide_fire_related_resource_diversion,not_project_specific,official_qbr,official_primary_source,public_source_verified,supports_mechanism_not_project_level_outcome,NO,Snowy Valleys Quarterly Budget Review as at 31 March 2020,https://www.snowyvalleys.nsw.gov.au/files/assets/public/meeting-minutes-amp-agendas/council-meetings/20200521/20200521-business-paper-ordinary-council.pdf,Item 10.8 / recovery narrative,
SVC-004,Snowy Valleys Council,2020-21,2020-11-19,,,,Council capital program,,mechanism_evidence,causation,disaster_recovery_work_displacement,,At Q1 only 5.5% of projected capital budget had been expensed; Council stated this was low due to disaster recovery work being performed.,,Q1 capital program,,,,,,,,,,,,,Snowy Valleys LGA,,mixed_portfolio,aggregate_displacement_documented,,,official_qbr,carried_forward_from_first_public_source_pass,promising_for_project_level_followup,NO,Quarterly Budget Review as at 30 September 2020,https://www.snowyvalleys.nsw.gov.au/files/assets/public/v/1/meeting-minutes-amp-agendas/council-meetings/20201119/20201119-business-paper-ordinary-council.pdf,Item 10.12; p. 80,Still aggregate: it does not prove a specific routine project was crowded out.
SVC-008,Snowy Valleys Council,2020-21,2021-05-20,,,,,,funding_timing_mechanism,funding_and_liquidity,outstanding_recovery_payments,,Council resolved to write to the Minister regarding outstanding funds due for payment for disaster recovery works.,,,,,,,,,,,,,,,,disaster recovery reimbursement,recovery,recovery_payment_delay_explicit,,official_council_minutes,official_primary_source,public_source_verified,supports_reimbursement_timing_mechanism_not_crowdout_effect,NO,Snowy Valleys Council Minutes - 20 May 2021,https://www.snowyvalleys.nsw.gov.au/files/assets/public/meeting-minutes-amp-agendas/council-meetings/20210520/20210520-minutes-ordinary-council.pdf,Ministerial correspondence / outstanding disaster recovery funds,
WAG-003,Wagga Wagga City Council,2018-19,2019-03-25,,,,,,capital_reset,pre_event_revision_baseline,capital_works_reset,council capital program,Approximately $69m of capital works budgets were transferred from 2018/19 to 2019/20 and 2020/21 under a Capital Works Reset; capital spending including commitments was reported at 88% after the reset.,,,,,,,,,,,,,,,,,mixed_ordinary_capital,non_disaster_program_rephasing,not_applicable,official_financial_performance_report,official_primary_source,public_source_verified,strong_negative_control_against_interpreting_rephase_as_disaster_effect,NO,Wagga Wagga Financial Performance Report - March 2019,https://meetings.wagga.nsw.gov.au/Open/2019/03/OC_25032019_AGN_3685_AT.htm,Capital Works Reset,
WAG-008,Wagga Wagga City Council,2018-19,,2019-06-30,,,,,capacity_metric,comparison_capacity,operating_performance_ratio,,operating_performance_ratio=-5.59 percent,,,,,,,,,,operating_performance_ratio,-5.59,percent,whole-council,,,,,,,audited_financial_statements,official_audited_source,public_source_verified,comparison_characteristic_only_not_control_certification,NO,Wagga Wagga 2018-19 Financial Statements,https://meetings.wagga.nsw.gov.au/Open/2019/11/OC_25112019_AGN_3696_AT.htm,Financial statements / performance ratios,
WAG-009,Wagga Wagga City Council,2018-19,,2019-06-30,,,,,capacity_metric,comparison_capacity,own_source_operating_revenue_ratio,,own_source_operating_revenue_ratio=65.16 percent,,,,,,,,,,own_source_operating_revenue_ratio,65.16,percent,whole-council,,,,,,,audited_financial_statements,official_audited_source,public_source_verified,comparison_characteristic_only_not_control_certification,NO,Wagga Wagga 2018-19 Financial Statements,https://meetings.wagga.nsw.gov.au/Open/2019/11/OC_25112019_AGN_3696_AT.htm,Financial statements / performance ratios,
WAG-010,Wagga Wagga City Council,2018-19,,2019-06-30,,,,,capacity_metric,comparison_capacity,unrestricted_current_ratio,,unrestricted_current_ratio=2.88 times,,,,,,,,,,unrestricted_current_ratio,2.88,times,whole-council,,,,,,,audited_financial_statements,official_audited_source,public_source_verified,comparison_characteristic_only_not_control_certification,NO,Wagga Wagga 2018-19 Financial Statements,https://meetings.wagga.nsw.gov.au/Open/2019/11/OC_25112019_AGN_3696_AT.htm,Financial statements / performance ratios,
WAG-011,Wagga Wagga City Council,2018-19,,2019-06-30,,,,,capacity_metric,comparison_capacity,debt_service_cover_ratio,,debt_service_cover_ratio=1.54 times,,,,,,,,,,debt_service_cover_ratio,1.54,times,whole-council,,,,,,,audited_financial_statements,official_audited_source,public_source_verified,comparison_characteristic_only_not_control_certification,NO,Wagga Wagga 2018-19 Financial Statements,https://meetings.wagga.nsw.gov.au/Open/2019/11/OC_25112019_AGN_3696_AT.htm,Financial statements / performance ratios,
WAG-012,Wagga Wagga City Council,2018-19,,2019-06-30,,,,,capacity_metric,comparison_capacity,cash_expense_cover_ratio,,cash_expense_cover_ratio=8.79 months,,,,,,,,,,cash_expense_cover_ratio,8.79,months,whole-council,,,,,,,audited_financial_statements,official_audited_source,public_source_verified,comparison_characteristic_only_not_control_certification,NO,Wagga Wagga 2018-19 Financial Statements,https://meetings.wagga.nsw.gov.au/Open/2019/11/OC_25112019_AGN_3696_AT.htm,Financial statements / performance ratios,
WAG-001,Wagga Wagga City Council,2018-19 to 2020-21,2026-09-19,,,,,,source_availability,budget_history,monthly financial performance reports,,"Council meeting archive contains recurring monthly Financial Performance Reports in 2018/19, 2019/20 and 2020/21, giving more frequent budget-variation evidence than QBR alone.",,,,,,,,,,,,,,,,,,,,,official_meeting_archive,carried_forward_from_first_public_source_pass,high_frequency_budget_history_available,NO,Financial Performance Report as at 30 September 2019,https://meetings.wagga.nsw.gov.au/Open/2019/10/OC_28102019_AGN_3692_AT.htm,RP-3,
WAG-004,Wagga Wagga City Council,2019-20,2020-01-27,,,,,,capital_reset_review,pre_event_revision_baseline,future_year_rephasing,capital program,December 2019 report says capital expenditure including commitments was about 34% of approved budget and Council was reviewing a reset of 2019/20/future-year works.,,,,,,,,,,,,,,,,,mixed_ordinary_capital,routine_delivery_capacity_rephasing,,official_financial_performance_report,official_primary_source,public_source_verified,establishes_normal_rephasing_behavior,NO,Wagga Wagga Financial Performance Report - December 2019,https://meetings.wagga.nsw.gov.au/Open/2020/01/OC_27012020_AGN_3701_AT.htm,Capital works performance,
WAG-002,Wagga Wagga City Council,2020-21,2020-10-26,,,example job consolidations 19541 / 20848,Pending capital projects,,source_schema,project_identity,job_consolidation_ids_and_scope,,"Financial report lists pending capital projects with job consolidation IDs, prior-year spend, 2020/21 budget, future-year budget, total project budget and comments.",,current capital works delivery program,,,,,,,,,,,,,,,,,,,official_council_agenda,carried_forward_from_first_public_source_pass,promising_stable_id_source_for_crosswalk,NO,Financial Performance Report as at 30 September 2020,https://meetings.wagga.nsw.gov.au/Open/2020/10/OC_26102020_AGN_3746_AT.htm,RP-6; Pending Projects and 2020/21 Capital Works Summary,"The report says pending projects may be held back because of capacity/resourcing, undefined scope or unresolved external funding."
WAG-005,Wagga Wagga City Council,2020-21,2020-10-26,,,,,,accounting_schema,project_identity,pending_projects_and_job_ids,capital works delivery program,"Report preserves job-consolidation IDs and separates one-off, recurrent and pending projects; pending works can reflect capacity/resourcing, undefined scope or unresolved external funding.",,,,,,,,,,,,,,,,,,,,official_financial_performance_report,official_primary_source,public_source_verified,promising_stable_ID_crosswalk_source,NO,Wagga Wagga Financial Performance Report - September 2020,https://meetings.wagga.nsw.gov.au/Open/2020/10/OC_26102020_AGN_3746_AT.htm,RP-6 / pending projects,
WAG-013,Wagga Wagga City Council,2020-21,,2021-06-30,2021-11-29,,,,capacity_publication_timing,capacity_timing,financial_statement_availability,,"2020/21 statements were approved 25 Oct 2021 and publicly presented 29 Nov 2021, before the February 2022 comparison window.",,,,,,,,,,,,,,,,,,,,official_council_records,official_primary_source,public_source_verified,timing_supported_but_control_still_uncertified,NO,Wagga Wagga 2020-21 audited financial statements,https://meetings.wagga.nsw.gov.au/Open/2021/11/OC_29112021_AGN_4849_AT.htm,Public presentation of audited statements,
PIL-005,Wagga Wagga City Council,2021-22,,,,,,,pilot_aggregate_chain,budget_chain,original_Q1_Q2_Q3,mixed source scope; descriptive only,Original=137538205; Q1=158777354; Q2=132452986; Q3=128413693,,,137538205,,,128414000,,,,,,,,,,,,,,uploaded_experiment4_pilot_audit,curated_pilot_summary,aggregate_original_now_verified_from_official_carryover_report,aggregate_chain_improved_but_scope_still_not_ordinary_fixed_portfolio,NO,Wagga Wagga 2021/22 works in progress and budget revotes,https://meetings.wagga.nsw.gov.au/Open/2022/08/OC_08082022_AGN_4877_AT.PDF,"RP-16, Table A – 2021/22 Capital Works Summary",Original adopted capital-program total is now verified. Q1/Q2/Q3 values are later approved/proposed capital-program states and include adjustments/carryovers; this does not create a certified fixed ordinary portfolio.
PIL-010,Wagga Wagga City Council,2021-22,,,,,,,annual_cash_IPPE_pair,annual_delivery,gross_IPPE_cash_original_to_actual,all-capital IPPE cash expenditure; not matched ordinary infrastructure,Original cash IPPE=133279000; actual cash IPPE=82534000; deviation=-38.08%,,,133279000,,,,82534000,,,,,,,,,,,,,uploaded_experiment4_pilot_audit,audited_financial_statement_pair,reported_as_visually_checked_in_uploaded_audit,negative_cash_gap_not_disaster_effect,NO,Experiment 4: budget-reallocation pilot,,Separate annual cash comparison,Cannot complete category/project chain; cash scope is broader than ordinary portfolio.
WAG-006,Wagga Wagga City Council,2021-22,2022-01-31,,,45049,Treatment Re-use Water,Q2,project_rephasing,budget_timing,future_year_transfer,job-level capital project,Current=359030; revised=45; transfer=358985,"$358,985 moved to FY2023-24; total project budget unchanged.",,359030,,-358985,45,,,,,,,,,,,ordinary_candidate,no_disaster_reason; project_budget_unchanged,unverified,official_financial_performance_report,official_primary_source,public_source_verified,rephasing_not_permanent_cut,NO,Wagga Wagga Financial Performance Report - December 2021,https://meetings.wagga.nsw.gov.au/Open/2022/01/OC_31012022_AGN_4855_AT.htm,Project/job adjustment tables,
WAG-007,Wagga Wagga City Council,2021-22,2022-01-31,,,45109,WiFi project,Q2,project_rephasing,budget_timing,future_year_transfer,job-level capital project,Current=133984; revised=218; transfer=133766,"$133,766 moved to FY2022-23; total project budget unchanged; infrastructure scope still needs screening.",,133984,,-133766,218,,,,,,,,,,,ordinary_candidate,no_disaster_reason; project_budget_unchanged,unverified,official_financial_performance_report,official_primary_source,public_source_verified,rephasing_not_permanent_cut,NO,Wagga Wagga Financial Performance Report - December 2021,https://meetings.wagga.nsw.gov.au/Open/2022/01/OC_31012022_AGN_4855_AT.htm,Project/job adjustment tables,
WAG-014,Wagga Wagga City Council,2021-22,2021-07-01,,,,,,capital_program_baseline,budget_chain,original_adopted_capital_program,total capital program: one-off + recurrent + pending,"Original capital program: one-off 75,756,060; recurrent 18,512,675; pending 43,269,470; total 137,538,205.",,,137538205,,,,,,,,,,,,,,mixed_capital_program,baseline_not_treatment_effect,mixed/unresolved,official_council_report,official_primary_source,verified,resolves_previous_missing_aggregate_original_only,NO,2021/22 Works in Progress and Budget Revotes,https://meetings.wagga.nsw.gov.au/Open/2022/08/OC_08082022_AGN_4877_AT.PDF,"RP-16, Table A",
WAG-015,Wagga Wagga City Council,2021-22,2022-08-08,,2022-08-08,,,,capital_year_end_reconciliation,budget_chain,approved_budget_expenditure_and_carryover,total capital program,"Original 137,538,205; prior revotes/WIP net adjustment +9,004,646; approved budget 128,533,559; total expenditure 80,858,198; remaining budget 47,870,248; requested revotes/WIP transfers 43,472,000.",,,137538205,,9004646,128533559,80858198,,,,,,,,,,mixed_capital_program,year_end_program_reconciliation_not_disaster_effect,mixed/unresolved,official_council_report,official_primary_source,verified_but_report_says_figures_may_change_pending_financial_statements,useful_program_close_not_same_scope_ordinary_actual,NO,2021/22 Works in Progress and Budget Revotes,https://meetings.wagga.nsw.gov.au/Open/2022/08/OC_08082022_AGN_4877_AT.PDF,"RP-16, Table A",Council explicitly warns figures may change pending finalisation of the 2021/22 financial statements.
WAG-016,Wagga Wagga City Council,2021-22,2021-09-30,,,,,Q1,capital_program_snapshot,budget_chain,Q1_capital_program,one-off + recurrent + pending,"Approved 158,100,354; proposed Q1 budget 158,777,354. One-off 97,965,275→100,965,860; recurrent 19,545,988 unchanged; pending 40,589,091→38,265,506.",,,158100354,,677000,158777354,,,,,,,,,,,mixed_capital_program,routine_program_revision,,official_financial_performance_report,official_primary_source,verified,Q1_stage_confirmed_but_not_fixed_ordinary_scope,NO,Wagga Wagga Financial Performance Report - September 2021,https://meetings.wagga.nsw.gov.au/Open/2021/10/OC_25102021_AGN_4831_AT.htm,2021/22 Capital Works Summary,
WAG-017,Wagga Wagga City Council,2021-22,2021-12-31,,,,,Q2,capital_program_snapshot,budget_chain,Q2_capital_program,one-off + recurrent + pending,"Approved 132,657,552; proposed Q2 budget 132,452,986. One-off 112,743,120→112,538,554; recurrent 19,515,432 unchanged; pending 399,000 unchanged.",,,132657552,,-204566,132452986,,,,,,,,,,,mixed_capital_program,routine_program_revision,,official_financial_performance_report,official_primary_source,verified,Q2_stage_confirmed_but_not_fixed_ordinary_scope,NO,Wagga Wagga Financial Performance Report - December 2021,https://meetings.wagga.nsw.gov.au/Open/2022/01/OC_31012022_AGN_4855_AT.htm,Capital works summary,
WAG-018,Wagga Wagga City Council,2021-22,2022-03-31,,,,,Q3,capital_program_snapshot,budget_chain,Q3_capital_program,one-off + recurrent + pending,"Approved 128,123,693; proposed Q3 budget 128,413,693. One-off +290,000; recurrent unchanged; pending unchanged.",,,128123693,,290000,128413693,,,,,,,,,,,mixed_capital_program,routine_program_revision,,official_financial_performance_report,official_primary_source,verified,Q3_stage_confirmed_but_not_fixed_ordinary_scope,NO,Wagga Wagga Financial Performance Report - March 2022,https://meetings.wagga.nsw.gov.au/Open/2022/04/OC_11042022_AGN_4870_AT.HTM,2021/22 Capital Works Summary,
WAG-019,Wagga Wagga City Council,2021-22,2022-05-31,,,,,,capital_program_snapshot,budget_chain,May_2022_approved_capital_program,one-off + recurrent,"Approved total capital works 128,379,433: one-off 108,887,760; recurrent 19,491,673; pending 0.",,,,,,128379433,,,,,,,,,,,mixed_capital_program,,,official_financial_performance_report,official_primary_source,verified,late_year_program_snapshot_not_Q4_same_scope_actual,NO,Wagga Wagga Financial Performance Report - May 2022,https://meetings.wagga.nsw.gov.au/Open/2022/06/OC_27062022_AGN_4875_AT.htm,2021/22 Capital Works Summary,
WAG-020,Wagga Wagga City Council,2021-22,2021-07-31,,,,,,accounting_definition,accounting_comparability,commitments_separated_from_cash_actual,statement of financial performance,"Council separately reports Original Budget, Budget Adjustments, Approved Budget, YTD Actual excluding commitments, Commitments, and YTD Actual + Commitments.",,,,,,,,,,,,,,,,,,,,official_financial_performance_report,official_primary_source,verified,supports_stage_semantics_but_cash_and_commitment_bases_must_not_be_mixed,NO,Wagga Wagga Financial Performance Report - July 2021,https://meetings.wagga.nsw.gov.au/Open/2021/08/OC_23082021_AGN_4813_AT.htm,Statement of Financial Performance,
BLK-001,ALL,,2026-09-19,,,,,,superseded_blocker,execution,canonical_database_missing,,"data/experiment4.sqlite is not available in this chat runtime, File Library search, or connected Google Drive search.",,,,,,,,,,,,,,,,,,,,,runtime_and_drive_search,SUPERSEDED_BY_BLK-007,superseded_by_BLK-007,NO,,,,This supplement therefore uses public-source identifiers only and does not overwrite canonical rows. Final status is carried by BLK-007.
BLK-002,ALL,,2026-09-19,,,,,,superseded_blocker,execution,field_gaps_missing,,"data/field_gaps.csv is not available in this chat runtime, File Library search, or connected Google Drive search.",,,,,,,,,,,,,,,,,,,,,runtime_and_drive_search,SUPERSEDED_BY_BLK-008,superseded_by_BLK-008,NO,,,,Upload this file or the Experiment 4 data folder to allow deterministic gap filling. Final status is carried by BLK-008.
BLK-003,ALL,,2026-09-19,,,,,,superseded_blocker,project_identity,stable_ledger_crosswalk_not_publicly_certified,,Public meeting and annual-report records do not consistently expose stable job/asset IDs and scope-change crosswalks across all six councils.,,,,,,,,,,,,,,,,,,,,,research_finding,SUPERSEDED_BY_BLK-009,superseded_by_BLK-009,NO,,,,"Wagga's job-consolidation IDs are promising, but the same level of ID continuity has not yet been established across the pilot. Final status is carried by BLK-009."
BLK-004,ALL,,2026-09-19,,,,,,blocker,accounting,commitment_accrual_inconsistency,,"Project actuals are not uniformly comparable across years/councils; Ballina 2020/21 explicitly separates expended from expended-plus-committed, while earlier tables do not expose the same field.",,,,,,,,,,,,,,,,,,,,,official_report_schema_comparison,carried_forward_from_first_public_source_pass,still_blocks_cross_year_actual_comparability,NO,Ballina Shire Council Annual Report 2020-21,https://www.ballina.nsw.gov.au/files/assets/public/v/1/council/documents/council-documents/annual-report-2020-21-reduced-size.pdf,Capital Expenditure table headers,
BLK-005,ALL,,2026-09-19,,,,,,blocker,causation,regional_event_not_project_cause,,A disaster date or contemporaneous deferral is insufficient to establish project-level causation; Ballina provides repeated pre-disaster planning-driven deferrals of the same named skate-park project.,,,,,,,,,,,,,,,,,,,,,official_decision_history,carried_forward_from_first_public_source_pass,still_blocks_disaster_reallocation_label_without_reason,NO,Ballina 2017 and 2018 capital expenditure reviews,https://www.ballina.nsw.gov.au/files/assets/public/v/1/council/documents/agenda-and-minutes/2018/26-apr-2018/ordinary/260418_ordinary_agenda_26_april_2018.pdf,Wollongbar Skate Park deferral history,
BLK-006,ALL,,2026-09-19,,,,,,superseded_blocker,capacity_timing,publication_adoption_timing_not_yet_audited,,Pre-event fiscal capacity cannot be treated as operationally available at budget adoption until each source's measurement and publication/adoption dates are verified.,,,,,,,,,,,,,,,,,,,,,handover_requirement,SUPERSEDED_BY_BLK-014,superseded_by_BLK-014,NO,,,, Final status is carried by BLK-014.
BLK-007,ALL,,,,,,,,blocker,execution,canonical_SQLite_unavailable,,"The handover's data/experiment4.sqlite is not present in the active runtime, searchable File Library results, or connected Google Drive results. Exact canonical row IDs and 62-project merge cannot be performed here.",,,,,,,,,,,,,,,,,,,,audit_synthesis,source-grounded_synthesis,HARD,blocks_model_ready_certification,NO,Experiment 4 handover + accessible audit sources,,,
BLK-008,ALL,,,,,,,,blocker,execution,field_gaps_CSV_unavailable,,"The handover's data/field_gaps.csv is not present in the active runtime, searchable File Library results, or connected Google Drive results. Exact unresolved-cell targeting cannot be performed.",,,,,,,,,,,,,,,,,,,,audit_synthesis,source-grounded_synthesis,HARD,blocks_model_ready_certification,NO,Experiment 4 handover + accessible audit sources,,,
BLK-009,ALL,,,,,,,,blocker,execution,stable_project_asset_ID_crosswalk,,"Public documents often expose project names and occasional job IDs, but not a complete stable ID/scope-change crosswalk across all six pilot councils and years.",,,,,,,,,,,,,,,,,,,,audit_synthesis,source-grounded_synthesis,HARD_FOR_CERTIFICATION,blocks_model_ready_certification,NO,Experiment 4 handover + accessible audit sources,,,
BLK-010,ALL,,,,,,,,blocker,execution,same_scope_year_end_actuals,,The accessible pilot explicitly says every category's same-scope year-end actual remains missing; broad cash-IPPE actuals are not a substitute.,,,,,,,,,,,,,,,,,,,,audit_synthesis,source-grounded_synthesis,HARD_FOR_OUTCOME,blocks_model_ready_certification,NO,Experiment 4 handover + accessible audit sources,,,
BLK-011,ALL,,,,,,,,blocker,execution,damage_access_screen,,"Asset-level direct damage/access status is not consistently available for ordinary candidates; without it, direct destruction cannot be separated from displaced undamaged work.",,,,,,,,,,,,,,,,,,,,audit_synthesis,source-grounded_synthesis,HARD_FOR_CAUSATION,blocks_model_ready_certification,NO,Experiment 4 handover + accessible audit sources,,,
BLK-012,ALL,,,,,,,,blocker,execution,multi_year_ordinary_pretrend,,"Eurobodalla now has strong pre-event annual/service baselines for 2016/17, 2017/18 and 2018/19, and public QBR archives for all three years. The remaining blocker is a fixed same-scope ordinary project/work-code portfolio with complete original/Q1/Q2/Q3/final/actual histories across treated and comparison councils.",,,,,,,,,,,,,,,,,,,,audit_synthesis,source-grounded_synthesis,PARTIALLY_RESOLVED_AT_AGGREGATE_SERVICE_LEVEL,still_blocks_abnormality_and_parallel_pretrend_at_fixed_portfolio_level,NO,Experiment 4 handover + accessible audit sources,,,
BLK-013,ALL,,,,,,,,blocker,execution,validated_controls,,"Griffith, Kiama and Wagga remain provisional comparisons; zero declaration/mapped burn in a limited inventory does not establish zero exposure or comparable portfolio dynamics.",,,,,,,,,,,,,,,,,,,,audit_synthesis,source-grounded_synthesis,HARD_FOR_CAUSAL_COMPARISON,blocks_model_ready_certification,NO,Experiment 4 handover + accessible audit sources,,,
BLK-014,ALL,,,,,,,,blocker,execution,capacity_vintage_restatement,,"Pre-event fiscal-capacity source availability is now good for the eight pilot/comparison councils, with original-vintage audited ratios and publication dates verified for many key event windows. The remaining blocker is vintage consistency: original and later comparative values materially conflict in Ballina, Lismore and Kiama, so operational-prediction inputs must be locked to the version actually available before the event/budget decision.",,,,,,,,,,,,,,,,,,,,audit_synthesis,source-grounded_synthesis,PARTIALLY_RESOLVED_SOURCE_AVAILABILITY; VINTAGE_CONFLICT_REMAINS,blocks_silent_use_of_restated_current_series_but_not_all_capacity_analysis,NO,Experiment 4 handover + accessible audit sources,,,
STA-001,ALL,,,,,,,,completeness_status,audit_status,coverage_summary,,"Accessible uploaded pilot reports 79 council/category budget chains, 312 observed stage values, 83 explicit missing stage values, 32 selected project/program revision records and five audited original-to-actual cash-IPPE pairs.",,,,,,,,,,,,,,,,,,,,uploaded_experiment4_audit,curated_audit_summary,source_derived,descriptive_coverage_not_independent_observations,NO,Experiment 4 audit / handover,,,
STA-002,ALL,,,,,,,,completeness_status,audit_status,model_ready_count,,The uploaded pilot explicitly states the model-ready ordinary panel contains zero rows.,,,,,,,,,,,,,,,,,,,,uploaded_experiment4_audit,curated_audit_summary,source_derived,NO_GO_for_causal_modelling,NO,Experiment 4 audit / handover,,,
STA-003,ALL,,,,,,,,completeness_status,audit_status,canonical_candidate_store,,"The handover states a later candidate store contains 62 projects, 375 project/year/stage slots, 136 nonmissing amounts and 14 numerically complete original→Q1→Q2→Q3→actual chains; none is certified model-ready.",,,,,,,,,,,,,,,,,,,,uploaded_experiment4_audit,curated_audit_summary,source_derived,later_handover_supersedes_earlier_counts,NO,Experiment 4 audit / handover,,,
STA-004,ALL,,,,,,,,completeness_status,audit_status,pre_event_capacity_coverage,,"Earlier audit reports 1,339 annual identity rows across 103 councils and 13 financial years; OPR/UCR/own-source each 1,232 nonmissing and harmonised cash cover 1,129 nonmissing.",,,,,,,,,,,,,,,,,,,,uploaded_experiment4_audit,curated_audit_summary,source_derived,large_fiscal_panel_exists_but_publication_vintage_not_fully_certified,NO,Experiment 4 audit / handover,,,
STA-005,ALL,,,,,,,,completeness_status,audit_status,disaster_join_coverage,,"Earlier audit reports 819 NSW LGA-event activation rows / 165 AGRNs / 122 location codes; 618 normalised exact-name matches to V2, of which 570 link to cash-cover and operating-ratio values.",,,,,,,,,,,,,,,,,,,,uploaded_experiment4_audit,curated_audit_summary,source_derived,candidate_join_not_treatment_certification,NO,Experiment 4 audit / handover,,,
STA-006,ALL,,,,,,,,completeness_status,audit_status,Wagga_original_aggregate_resolved,,"Wagga Wagga 2021/22 aggregate capital original is now directly verified at 137,538,205, removing one previously explicit missing value at the aggregate-program level.",,,,,,,,,,,,,,,,,,,,official_council_report,verified,RESOLVED,does_not_resolve_fixed_ordinary_project_scope_or_same_scope_actual,NO,2021/22 Works in Progress and Budget Revotes,https://meetings.wagga.nsw.gov.au/Open/2022/08/OC_08082022_AGN_4877_AT.PDF,"RP-16, Table A",
STA-007,ALL,,,,,,,,completeness_status,audit_status,Eurobodalla_pre_event_baseline_improved,,"Eurobodalla now has verified pre-event annual capital/service evidence for 2016/17, 2017/18 and 2018/19, including a detailed same-scope 2016/17 stormwater reconciliation. Public QBRs exist for September/December/March in all three years.",,,,,,,,,,,,,,,,,,,,official_annual_reports_and_archive,verified,PARTIALLY_RESOLVED,improves_baseline_measurement_but_not_fixed_project_ID_quarterly_chain_across_controls,NO,Eurobodalla annual reports and performance archive,https://www.esc.nsw.gov.au/council/plans-and-reporting/performance-reporting,Annual reports and quarterly budget archive,
STA-008,ALL,,,,,,,,completeness_status,audit_status,public_source_exhaustion_conclusion,,"Further public-source work materially improves descriptive chains and identifies explicit resource-diversion narratives, but it still does not supply a consistent stable project/asset ID crosswalk, same-scope year-end actuals plus commitments/accruals, asset-level damage/access labels, and validated comparison portfolios across all selected councils.",,,,,,,,,,,,,,,,,,,,audit_synthesis,source-grounded_synthesis,MAXIMAL_PUBLIC_SOURCE_PASS,public_sources_alone_still_insufficient_for_causal_model,NO,Experiment 4 expanded public-source audit,,,
STA-009,ALL,,,,,,,,completeness_status,audit_status,pre_event_capacity_source_coverage,,"Original-vintage or source-linked pre-event capacity metrics are now represented for Ballina, Eurobodalla, Richmond Valley, Snowy Valleys, Lismore, Wagga Wagga, Griffith and Kiama. Capacity-data absence is no longer the dominant blocker for this pilot; source vintage, comparability and event-decision timing remain.",,,,,,,,,,,,,,,,,,,,expanded_audit_synthesis,source_grounded_synthesis,PARTIALLY_RESOLVED,focus_remaining_work_on_outcome_identity_accounting_damage_and_controls,NO,Experiment 4 expanded public-source audit,,,
STA-010,ALL,,,,,,,,completeness_status,audit_status,richmond_recovery_reclassification,,Casino Showground has now been reclassified out of the clean ordinary-work candidate pool because official Council records show major Bushfire Local Economic Recovery Fund financing. This is an example of public-source work improving classification rather than merely adding rows.,,,,,,,,,,,,,,,,,,,,official_council_records,verified,RESOLVED_CLASSIFICATION,reduces_false_ordinary_candidates,NO,Richmond Valley Annual Report 2021/22,,,
REQ-001,ALL,,,,,,,,acquisition_requirement,remaining_requirements,canonical_experiment4_files,,"Upload/provide the current Experiment 4 data folder, at minimum experiment4.sqlite and field_gaps.csv, so public-source findings can be mapped deterministically to the 62 canonical project candidates and exact missing cells.",,,,,,,,,,,,,,,,,,,,expanded_audit_synthesis,source-grounded_requirement,P0,required_before_model_ready_certification,NO,Experiment 4 final public-source acquisition specification,,,"Without these files, no external researcher can safely claim that a new source filled, duplicated or contradicted a particular canonical row."
REQ-002,ALL,,,,,,,,acquisition_requirement,remaining_requirements,versioned_project_asset_ledger,,"For the six pilot councils and relevant years: stable job/asset IDs, names, sites, scope-change/recoding crosswalks, original adopted budgets and dated Q1/Q2/Q3/final revisions.",,,,,,,,,,,,,,,,,,,,expanded_audit_synthesis,source-grounded_requirement,P0,required_before_model_ready_certification,NO,Experiment 4 final public-source acquisition specification,,,This is the critical identity bridge. Public sources provide partial IDs in Ballina and Wagga but not a consistent cross-council ledger.
REQ-003,ALL,,,,,,,,acquisition_requirement,remaining_requirements,same_scope_actuals_commitments_and_carryovers,,"Year-end actuals on the same project/work-code basis as the budget stages, with commitments/accruals, carryovers, funding sources, GST/cash/accrual definitions and reconciliation totals.",,,,,,,,,,,,,,,,,,,,expanded_audit_synthesis,source-grounded_requirement,P0,required_before_model_ready_certification,NO,Experiment 4 final public-source acquisition specification,,,Broad cash-IPPE actuals and category totals cannot substitute for same-scope project outcomes.
REQ-004,ALL,,,,,,,,acquisition_requirement,remaining_requirements,damage_access_and_reason_register,,"Project-level deferral/cancellation/completion dates, decision references/reasons, ordinary-versus-reconstruction classification, linked disaster IDs, dated physical-damage evidence and access restrictions.",,,,,,,,,,,,,,,,,,,,expanded_audit_synthesis,source-grounded_requirement,P0,required_before_model_ready_certification,NO,Experiment 4 final public-source acquisition specification,,,Necessary to separate direct destruction/access delays from displacement of otherwise ordinary works.
REQ-005,ALL,,,,,,,,acquisition_requirement,remaining_requirements,comparison_history_and_pretrends,,"At least three comparable pre-event years, event year and follow-up for the same ordinary portfolio in treated and screened comparison councils, with later disasters and scope changes flagged.",,,,,,,,,,,,,,,,,,,,expanded_audit_synthesis,source-grounded_requirement,P1,required_before_model_ready_certification,NO,Experiment 4 final public-source acquisition specification,,,"Eurobodalla now has useful service-level pre-event history, but fixed-portfolio parallel/revision-pattern evidence is not certified across treated and controls."
REQ-006,ALL,,,,,,,,acquisition_requirement,remaining_requirements,capacity_source_vintages,,Retain original dated financial statements and publication/adoption dates for each fiscal-capacity measure; never silently replace them with later restated comparatives.,,,,,,,,,,,,,,,,,,,,expanded_audit_synthesis,source-grounded_requirement,P1,required_before_model_ready_certification,NO,Experiment 4 final public-source acquisition specification,,,"Ballina, Lismore and especially Kiama demonstrate material historical-vintage differences."
REQ-007,ALL,,,,,,,,acquisition_requirement,remaining_requirements,control_exposure_screen,,"For Griffith, Kiama, Wagga and any added comparisons, independently verify local hazard exposure, indirect disruption, prior/overlapping events and comparable project mix across the full analysis window.",,,,,,,,,,,,,,,,,,,,expanded_audit_synthesis,source-grounded_requirement,P1,required_before_model_ready_certification,NO,Experiment 4 final public-source acquisition specification,,,Absence from one activation or burn inventory is not proof of zero exposure.
