project_id,year_start,required_field,status,reason,next_action
richmondvalley:candidate:P001,2021,B0_amount_aud,not_recovered_search_incomplete,Selected revision evidence does not report a same-scope full-year level at this stage,Inspect adopted project schedule and quarterly/year-end project ledger; never infer level from a change alone
richmondvalley:candidate:P001,2021,Q1_amount_aud,not_recovered_search_incomplete,Selected revision evidence does not report a same-scope full-year level at this stage,Inspect adopted project schedule and quarterly/year-end project ledger; never infer level from a change alone
richmondvalley:candidate:P001,2021,Q2_amount_aud,not_recovered_search_incomplete,Selected revision evidence does not report a same-scope full-year level at this stage,Inspect adopted project schedule and quarterly/year-end project ledger; never infer level from a change alone
richmondvalley:candidate:P001,2021,Q3_amount_aud,not_recovered_search_incomplete,Selected revision evidence does not report a same-scope full-year level at this stage,Inspect adopted project schedule and quarterly/year-end project ledger; never infer level from a change alone
richmondvalley:candidate:P001,2021,ACTUAL_amount_aud,not_recovered_search_incomplete,Selected revision evidence does not report a same-scope full-year level at this stage,Inspect adopted project schedule and quarterly/year-end project ledger; never infer level from a change alone
richmondvalley:candidate:P001,2021,stable_asset_scope,not_certified_search_incomplete,Current project register lacks dated linked evidence,Recover project or asset records with explicit identifiers and contemporaneous dates
richmondvalley:candidate:P001,2021,damage_access_assessment,not_certified_search_incomplete,Current project register lacks dated linked evidence,Recover project or asset records with explicit identifiers and contemporaneous dates
richmondvalley:candidate:P001,2021,completion_dates,not_certified_search_incomplete,Current project register lacks dated linked evidence,Recover project or asset records with explicit identifiers and contemporaneous dates
richmondvalley:candidate:P001,2021,three_pre_event_budget_years,not_certified_search_incomplete,Current project register lacks dated linked evidence,Recover project or asset records with explicit identifiers and contemporaneous dates
richmondvalley:candidate:P002,2021,B0_amount_aud,not_recovered_search_incomplete,Selected revision evidence does not report a same-scope full-year level at this stage,Inspect adopted project schedule and quarterly/year-end project ledger; never infer level from a change alone
richmondvalley:candidate:P002,2021,Q1_amount_aud,not_recovered_search_incomplete,Selected revision evidence does not report a same-scope full-year level at this stage,Inspect adopted project schedule and quarterly/year-end project ledger; never infer level from a change alone
richmondvalley:candidate:P002,2021,Q2_amount_aud,not_recovered_search_incomplete,Selected revision evidence does not report a same-scope full-year level at this stage,Inspect adopted project schedule and quarterly/year-end project ledger; never infer level from a change alone
richmondvalley:candidate:P002,2021,Q3_amount_aud,not_recovered_search_incomplete,Selected revision evidence does not report a same-scope full-year level at this stage,Inspect adopted project schedule and quarterly/year-end project ledger; never infer level from a change alone
richmondvalley:candidate:P002,2021,ACTUAL_amount_aud,not_recovered_search_incomplete,Selected revision evidence does not report a same-scope full-year level at this stage,Inspect adopted project schedule and quarterly/year-end project ledger; never infer level from a change alone
richmondvalley:candidate:P002,2021,stable_asset_scope,not_certified_search_incomplete,Current project register lacks dated linked evidence,Recover project or asset records with explicit identifiers and contemporaneous dates
richmondvalley:candidate:P002,2021,damage_access_assessment,not_certified_search_incomplete,Current project register lacks dated linked evidence,Recover project or asset records with explicit identifiers and contemporaneous dates
richmondvalley:candidate:P002,2021,completion_dates,not_certified_search_incomplete,Current project register lacks dated linked evidence,Recover project or asset records with explicit identifiers and contemporaneous dates
richmondvalley:candidate:P002,2021,three_pre_event_budget_years,not_certified_search_incomplete,Current project register lacks dated linked evidence,Recover project or asset records with explicit identifiers and contemporaneous dates
richmondvalley:candidate:P003,2021,B0_amount_aud,not_recovered_search_incomplete,Selected revision evidence does not report a same-scope full-year level at this stage,Inspect adopted project schedule and quarterly/year-end project ledger; never infer level from a change alone
richmondvalley:candidate:P003,2021,Q1_amount_aud,not_recovered_search_incomplete,Selected revision evidence does not report a same-scope full-year level at this stage,Inspect adopted project schedule and quarterly/year-end project ledger; never infer level from a change alone
richmondvalley:candidate:P003,2021,Q2_amount_aud,not_recovered_search_incomplete,Selected revision evidence does not report a same-scope full-year level at this stage,Inspect adopted project schedule and quarterly/year-end project ledger; never infer level from a change alone
richmondvalley:candidate:P003,2021,Q3_amount_aud,not_recovered_search_incomplete,Selected revision evidence does not report a same-scope full-year level at this stage,Inspect adopted project schedule and quarterly/year-end project ledger; never infer level from a change alone
richmondvalley:candidate:P003,2021,ACTUAL_amount_aud,not_recovered_search_incomplete,Selected revision evidence does not report a same-scope full-year level at this stage,Inspect adopted project schedule and quarterly/year-end project ledger; never infer level from a change alone
richmondvalley:candidate:P003,2021,stable_asset_scope,not_certified_search_incomplete,Current project register lacks dated linked evidence,Recover project or asset records with explicit identifiers and contemporaneous dates
richmondvalley:candidate:P003,2021,damage_access_assessment,not_certified_search_incomplete,Current project register lacks dated linked evidence,Recover project or asset records with explicit identifiers and contemporaneous dates
richmondvalley:candidate:P003,2021,completion_dates,not_certified_search_incomplete,Current project register lacks dated linked evidence,Recover project or asset records with explicit identifiers and contemporaneous dates
richmondvalley:candidate:P003,2021,three_pre_event_budget_years,not_certified_search_incomplete,Current project register lacks dated linked evidence,Recover project or asset records with explicit identifiers and contemporaneous dates
richmondvalley:candidate:P004,2021,B0_amount_aud,not_recovered_search_incomplete,Selected revision evidence does not report a same-scope full-year level at this stage,Inspect adopted project schedule and quarterly/year-end project ledger; never infer level from a change alone
richmondvalley:candidate:P004,2021,Q1_amount_aud,not_recovered_search_incomplete,Selected revision evidence does not report a same-scope full-year level at this stage,Inspect adopted project schedule and quarterly/year-end project ledger; never infer level from a change alone
richmondvalley:candidate:P004,2021,Q2_amount_aud,not_recovered_search_incomplete,Selected revision evidence does not report a same-scope full-year level at this stage,Inspect adopted project schedule and quarterly/year-end project ledger; never infer level from a change alone
richmondvalley:candidate:P004,2021,Q3_amount_aud,not_recovered_search_incomplete,Selected revision evidence does not report a same-scope full-year level at this stage,Inspect adopted project schedule and quarterly/year-end project ledger; never infer level from a change alone
richmondvalley:candidate:P004,2021,ACTUAL_amount_aud,not_recovered_search_incomplete,Selected revision evidence does not report a same-scope full-year level at this stage,Inspect adopted project schedule and quarterly/year-end project ledger; never infer level from a change alone
richmondvalley:candidate:P004,2021,stable_asset_scope,not_certified_search_incomplete,Current project register lacks dated linked evidence,Recover project or asset records with explicit identifiers and contemporaneous dates
richmondvalley:candidate:P004,2021,damage_access_assessment,not_certified_search_incomplete,Current project register lacks dated linked evidence,Recover project or asset records with explicit identifiers and contemporaneous dates
richmondvalley:candidate:P004,2021,completion_dates,not_certified_search_incomplete,Current project register lacks dated linked evidence,Recover project or asset records with explicit identifiers and contemporaneous dates
richmondvalley:candidate:P004,2021,three_pre_event_budget_years,not_certified_search_incomplete,Current project register lacks dated linked evidence,Recover project or asset records with explicit identifiers and contemporaneous dates
richmondvalley:candidate:P005,2021,B0_amount_aud,not_recovered_search_incomplete,Selected revision evidence does not report a same-scope full-year level at this stage,Inspect adopted project schedule and quarterly/year-end project ledger; never infer level from a change alone
richmondvalley:candidate:P005,2021,Q1_amount_aud,not_recovered_search_incomplete,Selected revision evidence does not report a same-scope full-year level at this stage,Inspect adopted project schedule and quarterly/year-end project ledger; never infer level from a change alone
richmondvalley:candidate:P005,2021,Q2_amount_aud,not_recovered_search_incomplete,Selected revision evidence does not report a same-scope full-year level at this stage,Inspect adopted project schedule and quarterly/year-end project ledger; never infer level from a change alone
richmondvalley:candidate:P005,2021,Q3_amount_aud,not_recovered_search_incomplete,Selected revision evidence does not report a same-scope full-year level at this stage,Inspect adopted project schedule and quarterly/year-end project ledger; never infer level from a change alone
richmondvalley:candidate:P005,2021,ACTUAL_amount_aud,not_recovered_search_incomplete,Selected revision evidence does not report a same-scope full-year level at this stage,Inspect adopted project schedule and quarterly/year-end project ledger; never infer level from a change alone
richmondvalley:candidate:P005,2021,stable_asset_scope,not_certified_search_incomplete,Current project register lacks dated linked evidence,Recover project or asset records with explicit identifiers and contemporaneous dates
richmondvalley:candidate:P005,2021,damage_access_assessment,not_certified_search_incomplete,Current project register lacks dated linked evidence,Recover project or asset records with explicit identifiers and contemporaneous dates
richmondvalley:candidate:P005,2021,completion_dates,not_certified_search_incomplete,Current project register lacks dated linked evidence,Recover project or asset records with explicit identifiers and contemporaneous dates
richmondvalley:candidate:P005,2021,three_pre_event_budget_years,not_certified_search_incomplete,Current project register lacks dated linked evidence,Recover project or asset records with explicit identifiers and contemporaneous dates
richmondvalley:candidate:P006,2021,B0_amount_aud,not_recovered_search_incomplete,Selected revision evidence does not report a same-scope full-year level at this stage,Inspect adopted project schedule and quarterly/year-end project ledger; never infer level from a change alone
richmondvalley:candidate:P006,2021,Q1_amount_aud,not_recovered_search_incomplete,Selected revision evidence does not report a same-scope full-year level at this stage,Inspect adopted project schedule and quarterly/year-end project ledger; never infer level from a change alone
richmondvalley:candidate:P006,2021,Q2_amount_aud,not_recovered_search_incomplete,Selected revision evidence does not report a same-scope full-year level at this stage,Inspect adopted project schedule and quarterly/year-end project ledger; never infer level from a change alone
richmondvalley:candidate:P006,2021,Q3_amount_aud,not_recovered_search_incomplete,Selected revision evidence does not report a same-scope full-year level at this stage,Inspect adopted project schedule and quarterly/year-end project ledger; never infer level from a change alone
richmondvalley:candidate:P006,2021,ACTUAL_amount_aud,not_recovered_search_incomplete,Selected revision evidence does not report a same-scope full-year level at this stage,Inspect adopted project schedule and quarterly/year-end project ledger; never infer level from a change alone
richmondvalley:candidate:P006,2021,stable_asset_scope,not_certified_search_incomplete,Current project register lacks dated linked evidence,Recover project or asset records with explicit identifiers and contemporaneous dates
richmondvalley:candidate:P006,2021,damage_access_assessment,not_certified_search_incomplete,Current project register lacks dated linked evidence,Recover project or asset records with explicit identifiers and contemporaneous dates
richmondvalley:candidate:P006,2021,completion_dates,not_certified_search_incomplete,Current project register lacks dated linked evidence,Recover project or asset records with explicit identifiers and contemporaneous dates
richmondvalley:candidate:P006,2021,three_pre_event_budget_years,not_certified_search_incomplete,Current project register lacks dated linked evidence,Recover project or asset records with explicit identifiers and contemporaneous dates
richmondvalley:candidate:P007,2021,B0_amount_aud,not_recovered_search_incomplete,Selected revision evidence does not report a same-scope full-year level at this stage,Inspect adopted project schedule and quarterly/year-end project ledger; never infer level from a change alone
richmondvalley:candidate:P007,2021,Q1_amount_aud,not_recovered_search_incomplete,Selected revision evidence does not report a same-scope full-year level at this stage,Inspect adopted project schedule and quarterly/year-end project ledger; never infer level from a change alone
richmondvalley:candidate:P007,2021,Q2_amount_aud,not_recovered_search_incomplete,Selected revision evidence does not report a same-scope full-year level at this stage,Inspect adopted project schedule and quarterly/year-end project ledger; never infer level from a change alone
richmondvalley:candidate:P007,2021,Q3_amount_aud,not_recovered_search_incomplete,Selected revision evidence does not report a same-scope full-year level at this stage,Inspect adopted project schedule and quarterly/year-end project ledger; never infer level from a change alone
richmondvalley:candidate:P007,2021,ACTUAL_amount_aud,not_recovered_search_incomplete,Selected revision evidence does not report a same-scope full-year level at this stage,Inspect adopted project schedule and quarterly/year-end project ledger; never infer level from a change alone
richmondvalley:candidate:P007,2021,stable_asset_scope,not_certified_search_incomplete,Current project register lacks dated linked evidence,Recover project or asset records with explicit identifiers and contemporaneous dates
richmondvalley:candidate:P007,2021,damage_access_assessment,not_certified_search_incomplete,Current project register lacks dated linked evidence,Recover project or asset records with explicit identifiers and contemporaneous dates
richmondvalley:candidate:P007,2021,completion_dates,not_certified_search_incomplete,Current project register lacks dated linked evidence,Recover project or asset records with explicit identifiers and contemporaneous dates
richmondvalley:candidate:P007,2021,three_pre_event_budget_years,not_certified_search_incomplete,Current project register lacks dated linked evidence,Recover project or asset records with explicit identifiers and contemporaneous dates
richmondvalley:candidate:P008,2021,B0_amount_aud,not_recovered_search_incomplete,Selected revision evidence does not report a same-scope full-year level at this stage,Inspect adopted project schedule and quarterly/year-end project ledger; never infer level from a change alone
richmondvalley:candidate:P008,2021,Q1_amount_aud,not_recovered_search_incomplete,Selected revision evidence does not report a same-scope full-year level at this stage,Inspect adopted project schedule and quarterly/year-end project ledger; never infer level from a change alone
richmondvalley:candidate:P008,2021,Q2_amount_aud,not_recovered_search_incomplete,Selected revision evidence does not report a same-scope full-year level at this stage,Inspect adopted project schedule and quarterly/year-end project ledger; never infer level from a change alone
richmondvalley:candidate:P008,2021,Q3_amount_aud,not_recovered_search_incomplete,Selected revision evidence does not report a same-scope full-year level at this stage,Inspect adopted project schedule and quarterly/year-end project ledger; never infer level from a change alone
richmondvalley:candidate:P008,2021,ACTUAL_amount_aud,not_recovered_search_incomplete,Selected revision evidence does not report a same-scope full-year level at this stage,Inspect adopted project schedule and quarterly/year-end project ledger; never infer level from a change alone
richmondvalley:candidate:P008,2021,stable_asset_scope,not_certified_search_incomplete,Current project register lacks dated linked evidence,Recover project or asset records with explicit identifiers and contemporaneous dates
richmondvalley:candidate:P008,2021,damage_access_assessment,not_certified_search_incomplete,Current project register lacks dated linked evidence,Recover project or asset records with explicit identifiers and contemporaneous dates
richmondvalley:candidate:P008,2021,completion_dates,not_certified_search_incomplete,Current project register lacks dated linked evidence,Recover project or asset records with explicit identifiers and contemporaneous dates
richmondvalley:candidate:P008,2021,three_pre_event_budget_years,not_certified_search_incomplete,Current project register lacks dated linked evidence,Recover project or asset records with explicit identifiers and contemporaneous dates
richmondvalley:candidate:P009,2021,B0_amount_aud,not_recovered_search_incomplete,Selected revision evidence does not report a same-scope full-year level at this stage,Inspect adopted project schedule and quarterly/year-end project ledger; never infer level from a change alone
richmondvalley:candidate:P009,2021,Q1_amount_aud,not_recovered_search_incomplete,Selected revision evidence does not report a same-scope full-year level at this stage,Inspect adopted project schedule and quarterly/year-end project ledger; never infer level from a change alone
richmondvalley:candidate:P009,2021,Q2_amount_aud,not_recovered_search_incomplete,Selected revision evidence does not report a same-scope full-year level at this stage,Inspect adopted project schedule and quarterly/year-end project ledger; never infer level from a change alone
richmondvalley:candidate:P009,2021,Q3_amount_aud,not_recovered_search_incomplete,Selected revision evidence does not report a same-scope full-year level at this stage,Inspect adopted project schedule and quarterly/year-end project ledger; never infer level from a change alone
richmondvalley:candidate:P009,2021,ACTUAL_amount_aud,not_recovered_search_incomplete,Selected revision evidence does not report a same-scope full-year level at this stage,Inspect adopted project schedule and quarterly/year-end project ledger; never infer level from a change alone
richmondvalley:candidate:P009,2021,stable_asset_scope,not_certified_search_incomplete,Current project register lacks dated linked evidence,Recover project or asset records with explicit identifiers and contemporaneous dates
richmondvalley:candidate:P009,2021,damage_access_assessment,not_certified_search_incomplete,Current project register lacks dated linked evidence,Recover project or asset records with explicit identifiers and contemporaneous dates
richmondvalley:candidate:P009,2021,completion_dates,not_certified_search_incomplete,Current project register lacks dated linked evidence,Recover project or asset records with explicit identifiers and contemporaneous dates
richmondvalley:candidate:P009,2021,three_pre_event_budget_years,not_certified_search_incomplete,Current project register lacks dated linked evidence,Recover project or asset records with explicit identifiers and contemporaneous dates
richmondvalley:candidate:P010,2021,Q1_amount_aud,not_recovered_search_incomplete,Selected revision evidence does not report a same-scope full-year level at this stage,Inspect adopted project schedule and quarterly/year-end project ledger; never infer level from a change alone
richmondvalley:candidate:P010,2021,Q2_amount_aud,not_recovered_search_incomplete,Selected revision evidence does not report a same-scope full-year level at this stage,Inspect adopted project schedule and quarterly/year-end project ledger; never infer level from a change alone
richmondvalley:candidate:P010,2021,Q3_amount_aud,not_recovered_search_incomplete,Selected revision evidence does not report a same-scope full-year level at this stage,Inspect adopted project schedule and quarterly/year-end project ledger; never infer level from a change alone
richmondvalley:candidate:P010,2021,ACTUAL_amount_aud,not_recovered_search_incomplete,Selected revision evidence does not report a same-scope full-year level at this stage,Inspect adopted project schedule and quarterly/year-end project ledger; never infer level from a change alone
richmondvalley:candidate:P010,2021,stable_asset_scope,not_certified_search_incomplete,Current project register lacks dated linked evidence,Recover project or asset records with explicit identifiers and contemporaneous dates
richmondvalley:candidate:P010,2021,damage_access_assessment,not_certified_search_incomplete,Current project register lacks dated linked evidence,Recover project or asset records with explicit identifiers and contemporaneous dates
richmondvalley:candidate:P010,2021,completion_dates,not_certified_search_incomplete,Current project register lacks dated linked evidence,Recover project or asset records with explicit identifiers and contemporaneous dates
richmondvalley:candidate:P010,2021,three_pre_event_budget_years,not_certified_search_incomplete,Current project register lacks dated linked evidence,Recover project or asset records with explicit identifiers and contemporaneous dates
richmondvalley:candidate:P011,2021,B0_amount_aud,not_recovered_search_incomplete,Selected revision evidence does not report a same-scope full-year level at this stage,Inspect adopted project schedule and quarterly/year-end project ledger; never infer level from a change alone
richmondvalley:candidate:P011,2021,Q1_amount_aud,not_recovered_search_incomplete,Selected revision evidence does not report a same-scope full-year level at this stage,Inspect adopted project schedule and quarterly/year-end project ledger; never infer level from a change alone
richmondvalley:candidate:P011,2021,Q2_amount_aud,not_recovered_search_incomplete,Selected revision evidence does not report a same-scope full-year level at this stage,Inspect adopted project schedule and quarterly/year-end project ledger; never infer level from a change alone
richmondvalley:candidate:P011,2021,Q3_amount_aud,not_recovered_search_incomplete,Selected revision evidence does not report a same-scope full-year level at this stage,Inspect adopted project schedule and quarterly/year-end project ledger; never infer level from a change alone
richmondvalley:candidate:P011,2021,ACTUAL_amount_aud,not_recovered_search_incomplete,Selected revision evidence does not report a same-scope full-year level at this stage,Inspect adopted project schedule and quarterly/year-end project ledger; never infer level from a change alone
richmondvalley:candidate:P011,2021,stable_asset_scope,not_certified_search_incomplete,Current project register lacks dated linked evidence,Recover project or asset records with explicit identifiers and contemporaneous dates
richmondvalley:candidate:P011,2021,damage_access_assessment,not_certified_search_incomplete,Current project register lacks dated linked evidence,Recover project or asset records with explicit identifiers and contemporaneous dates
richmondvalley:candidate:P011,2021,completion_dates,not_certified_search_incomplete,Current project register lacks dated linked evidence,Recover project or asset records with explicit identifiers and contemporaneous dates
richmondvalley:candidate:P011,2021,three_pre_event_budget_years,not_certified_search_incomplete,Current project register lacks dated linked evidence,Recover project or asset records with explicit identifiers and contemporaneous dates
richmondvalley:candidate:P012,2021,B0_amount_aud,not_recovered_search_incomplete,Selected revision evidence does not report a same-scope full-year level at this stage,Inspect adopted project schedule and quarterly/year-end project ledger; never infer level from a change alone
richmondvalley:candidate:P012,2021,Q1_amount_aud,not_recovered_search_incomplete,Selected revision evidence does not report a same-scope full-year level at this stage,Inspect adopted project schedule and quarterly/year-end project ledger; never infer level from a change alone
richmondvalley:candidate:P012,2021,Q2_amount_aud,not_recovered_search_incomplete,Selected revision evidence does not report a same-scope full-year level at this stage,Inspect adopted project schedule and quarterly/year-end project ledger; never infer level from a change alone
richmondvalley:candidate:P012,2021,Q3_amount_aud,not_recovered_search_incomplete,Selected revision evidence does not report a same-scope full-year level at this stage,Inspect adopted project schedule and quarterly/year-end project ledger; never infer level from a change alone
richmondvalley:candidate:P012,2021,ACTUAL_amount_aud,not_recovered_search_incomplete,Selected revision evidence does not report a same-scope full-year level at this stage,Inspect adopted project schedule and quarterly/year-end project ledger; never infer level from a change alone
richmondvalley:candidate:P012,2021,stable_asset_scope,not_certified_search_incomplete,Current project register lacks dated linked evidence,Recover project or asset records with explicit identifiers and contemporaneous dates
richmondvalley:candidate:P012,2021,damage_access_assessment,not_certified_search_incomplete,Current project register lacks dated linked evidence,Recover project or asset records with explicit identifiers and contemporaneous dates
richmondvalley:candidate:P012,2021,completion_dates,not_certified_search_incomplete,Current project register lacks dated linked evidence,Recover project or asset records with explicit identifiers and contemporaneous dates
richmondvalley:candidate:P012,2021,three_pre_event_budget_years,not_certified_search_incomplete,Current project register lacks dated linked evidence,Recover project or asset records with explicit identifiers and contemporaneous dates
richmondvalley:candidate:P013,2021,B0_amount_aud,not_recovered_search_incomplete,Selected revision evidence does not report a same-scope full-year level at this stage,Inspect adopted project schedule and quarterly/year-end project ledger; never infer level from a change alone
richmondvalley:candidate:P013,2021,Q1_amount_aud,not_recovered_search_incomplete,Selected revision evidence does not report a same-scope full-year level at this stage,Inspect adopted project schedule and quarterly/year-end project ledger; never infer level from a change alone
richmondvalley:candidate:P013,2021,Q2_amount_aud,not_recovered_search_incomplete,Selected revision evidence does not report a same-scope full-year level at this stage,Inspect adopted project schedule and quarterly/year-end project ledger; never infer level from a change alone
richmondvalley:candidate:P013,2021,Q3_amount_aud,not_recovered_search_incomplete,Selected revision evidence does not report a same-scope full-year level at this stage,Inspect adopted project schedule and quarterly/year-end project ledger; never infer level from a change alone
richmondvalley:candidate:P013,2021,ACTUAL_amount_aud,not_recovered_search_incomplete,Selected revision evidence does not report a same-scope full-year level at this stage,Inspect adopted project schedule and quarterly/year-end project ledger; never infer level from a change alone
richmondvalley:candidate:P013,2021,stable_asset_scope,not_certified_search_incomplete,Current project register lacks dated linked evidence,Recover project or asset records with explicit identifiers and contemporaneous dates
richmondvalley:candidate:P013,2021,damage_access_assessment,not_certified_search_incomplete,Current project register lacks dated linked evidence,Recover project or asset records with explicit identifiers and contemporaneous dates
richmondvalley:candidate:P013,2021,completion_dates,not_certified_search_incomplete,Current project register lacks dated linked evidence,Recover project or asset records with explicit identifiers and contemporaneous dates
richmondvalley:candidate:P013,2021,three_pre_event_budget_years,not_certified_search_incomplete,Current project register lacks dated linked evidence,Recover project or asset records with explicit identifiers and contemporaneous dates
richmondvalley:candidate:P014,2021,Q1_amount_aud,not_recovered_search_incomplete,Selected revision evidence does not report a same-scope full-year level at this stage,Inspect adopted project schedule and quarterly/year-end project ledger; never infer level from a change alone
richmondvalley:candidate:P014,2021,Q2_amount_aud,not_recovered_search_incomplete,Selected revision evidence does not report a same-scope full-year level at this stage,Inspect adopted project schedule and quarterly/year-end project ledger; never infer level from a change alone
richmondvalley:candidate:P014,2021,Q3_amount_aud,not_recovered_search_incomplete,Selected revision evidence does not report a same-scope full-year level at this stage,Inspect adopted project schedule and quarterly/year-end project ledger; never infer level from a change alone
richmondvalley:candidate:P014,2021,ACTUAL_amount_aud,not_recovered_search_incomplete,Selected revision evidence does not report a same-scope full-year level at this stage,Inspect adopted project schedule and quarterly/year-end project ledger; never infer level from a change alone
richmondvalley:candidate:P014,2021,stable_asset_scope,not_certified_search_incomplete,Current project register lacks dated linked evidence,Recover project or asset records with explicit identifiers and contemporaneous dates
richmondvalley:candidate:P014,2021,damage_access_assessment,not_certified_search_incomplete,Current project register lacks dated linked evidence,Recover project or asset records with explicit identifiers and contemporaneous dates
richmondvalley:candidate:P014,2021,completion_dates,not_certified_search_incomplete,Current project register lacks dated linked evidence,Recover project or asset records with explicit identifiers and contemporaneous dates
richmondvalley:candidate:P014,2021,three_pre_event_budget_years,not_certified_search_incomplete,Current project register lacks dated linked evidence,Recover project or asset records with explicit identifiers and contemporaneous dates
richmondvalley:candidate:P015,2021,Q1_amount_aud,not_recovered_search_incomplete,Selected revision evidence does not report a same-scope full-year level at this stage,Inspect adopted project schedule and quarterly/year-end project ledger; never infer level from a change alone
richmondvalley:candidate:P015,2021,Q2_amount_aud,not_recovered_search_incomplete,Selected revision evidence does not report a same-scope full-year level at this stage,Inspect adopted project schedule and quarterly/year-end project ledger; never infer level from a change alone
richmondvalley:candidate:P015,2021,Q3_amount_aud,not_recovered_search_incomplete,Selected revision evidence does not report a same-scope full-year level at this stage,Inspect adopted project schedule and quarterly/year-end project ledger; never infer level from a change alone
richmondvalley:candidate:P015,2021,ACTUAL_amount_aud,not_recovered_search_incomplete,Selected revision evidence does not report a same-scope full-year level at this stage,Inspect adopted project schedule and quarterly/year-end project ledger; never infer level from a change alone
richmondvalley:candidate:P015,2021,stable_asset_scope,not_certified_search_incomplete,Current project register lacks dated linked evidence,Recover project or asset records with explicit identifiers and contemporaneous dates
richmondvalley:candidate:P015,2021,damage_access_assessment,not_certified_search_incomplete,Current project register lacks dated linked evidence,Recover project or asset records with explicit identifiers and contemporaneous dates
richmondvalley:candidate:P015,2021,completion_dates,not_certified_search_incomplete,Current project register lacks dated linked evidence,Recover project or asset records with explicit identifiers and contemporaneous dates
richmondvalley:candidate:P015,2021,three_pre_event_budget_years,not_certified_search_incomplete,Current project register lacks dated linked evidence,Recover project or asset records with explicit identifiers and contemporaneous dates
lismore:candidate:P016,2021,B0_amount_aud,not_recovered_search_incomplete,Selected revision evidence does not report a same-scope full-year level at this stage,Inspect adopted project schedule and quarterly/year-end project ledger; never infer level from a change alone
lismore:candidate:P016,2021,Q1_amount_aud,not_recovered_search_incomplete,Selected revision evidence does not report a same-scope full-year level at this stage,Inspect adopted project schedule and quarterly/year-end project ledger; never infer level from a change alone
lismore:candidate:P016,2021,Q2_amount_aud,not_recovered_search_incomplete,Selected revision evidence does not report a same-scope full-year level at this stage,Inspect adopted project schedule and quarterly/year-end project ledger; never infer level from a change alone
lismore:candidate:P016,2021,Q3_amount_aud,not_recovered_search_incomplete,Selected revision evidence does not report a same-scope full-year level at this stage,Inspect adopted project schedule and quarterly/year-end project ledger; never infer level from a change alone
lismore:candidate:P016,2021,ACTUAL_amount_aud,not_recovered_search_incomplete,Selected revision evidence does not report a same-scope full-year level at this stage,Inspect adopted project schedule and quarterly/year-end project ledger; never infer level from a change alone
lismore:candidate:P016,2021,stable_asset_scope,not_certified_search_incomplete,Current project register lacks dated linked evidence,Recover project or asset records with explicit identifiers and contemporaneous dates
lismore:candidate:P016,2021,damage_access_assessment,not_certified_search_incomplete,Current project register lacks dated linked evidence,Recover project or asset records with explicit identifiers and contemporaneous dates
lismore:candidate:P016,2021,completion_dates,not_certified_search_incomplete,Current project register lacks dated linked evidence,Recover project or asset records with explicit identifiers and contemporaneous dates
lismore:candidate:P016,2021,three_pre_event_budget_years,not_certified_search_incomplete,Current project register lacks dated linked evidence,Recover project or asset records with explicit identifiers and contemporaneous dates
lismore:candidate:P017,2021,B0_amount_aud,not_recovered_search_incomplete,Selected revision evidence does not report a same-scope full-year level at this stage,Inspect adopted project schedule and quarterly/year-end project ledger; never infer level from a change alone
lismore:candidate:P017,2021,Q1_amount_aud,not_recovered_search_incomplete,Selected revision evidence does not report a same-scope full-year level at this stage,Inspect adopted project schedule and quarterly/year-end project ledger; never infer level from a change alone
lismore:candidate:P017,2021,Q2_amount_aud,not_recovered_search_incomplete,Selected revision evidence does not report a same-scope full-year level at this stage,Inspect adopted project schedule and quarterly/year-end project ledger; never infer level from a change alone
lismore:candidate:P017,2021,Q3_amount_aud,not_recovered_search_incomplete,Selected revision evidence does not report a same-scope full-year level at this stage,Inspect adopted project schedule and quarterly/year-end project ledger; never infer level from a change alone
lismore:candidate:P017,2021,ACTUAL_amount_aud,not_recovered_search_incomplete,Selected revision evidence does not report a same-scope full-year level at this stage,Inspect adopted project schedule and quarterly/year-end project ledger; never infer level from a change alone
lismore:candidate:P017,2021,stable_asset_scope,not_certified_search_incomplete,Current project register lacks dated linked evidence,Recover project or asset records with explicit identifiers and contemporaneous dates
lismore:candidate:P017,2021,damage_access_assessment,not_certified_search_incomplete,Current project register lacks dated linked evidence,Recover project or asset records with explicit identifiers and contemporaneous dates
lismore:candidate:P017,2021,completion_dates,not_certified_search_incomplete,Current project register lacks dated linked evidence,Recover project or asset records with explicit identifiers and contemporaneous dates
lismore:candidate:P017,2021,three_pre_event_budget_years,not_certified_search_incomplete,Current project register lacks dated linked evidence,Recover project or asset records with explicit identifiers and contemporaneous dates
lismore:candidate:P018,2021,B0_amount_aud,not_recovered_search_incomplete,Selected revision evidence does not report a same-scope full-year level at this stage,Inspect adopted project schedule and quarterly/year-end project ledger; never infer level from a change alone
lismore:candidate:P018,2021,Q1_amount_aud,not_recovered_search_incomplete,Selected revision evidence does not report a same-scope full-year level at this stage,Inspect adopted project schedule and quarterly/year-end project ledger; never infer level from a change alone
lismore:candidate:P018,2021,Q2_amount_aud,not_recovered_search_incomplete,Selected revision evidence does not report a same-scope full-year level at this stage,Inspect adopted project schedule and quarterly/year-end project ledger; never infer level from a change alone
lismore:candidate:P018,2021,Q3_amount_aud,not_recovered_search_incomplete,Selected revision evidence does not report a same-scope full-year level at this stage,Inspect adopted project schedule and quarterly/year-end project ledger; never infer level from a change alone
lismore:candidate:P018,2021,ACTUAL_amount_aud,not_recovered_search_incomplete,Selected revision evidence does not report a same-scope full-year level at this stage,Inspect adopted project schedule and quarterly/year-end project ledger; never infer level from a change alone
lismore:candidate:P018,2021,stable_asset_scope,not_certified_search_incomplete,Current project register lacks dated linked evidence,Recover project or asset records with explicit identifiers and contemporaneous dates
lismore:candidate:P018,2021,damage_access_assessment,not_certified_search_incomplete,Current project register lacks dated linked evidence,Recover project or asset records with explicit identifiers and contemporaneous dates
lismore:candidate:P018,2021,completion_dates,not_certified_search_incomplete,Current project register lacks dated linked evidence,Recover project or asset records with explicit identifiers and contemporaneous dates
lismore:candidate:P018,2021,three_pre_event_budget_years,not_certified_search_incomplete,Current project register lacks dated linked evidence,Recover project or asset records with explicit identifiers and contemporaneous dates
lismore:candidate:P019,2021,B0_amount_aud,not_recovered_search_incomplete,Selected revision evidence does not report a same-scope full-year level at this stage,Inspect adopted project schedule and quarterly/year-end project ledger; never infer level from a change alone
lismore:candidate:P019,2021,Q1_amount_aud,not_recovered_search_incomplete,Selected revision evidence does not report a same-scope full-year level at this stage,Inspect adopted project schedule and quarterly/year-end project ledger; never infer level from a change alone
lismore:candidate:P019,2021,Q2_amount_aud,not_recovered_search_incomplete,Selected revision evidence does not report a same-scope full-year level at this stage,Inspect adopted project schedule and quarterly/year-end project ledger; never infer level from a change alone
lismore:candidate:P019,2021,Q3_amount_aud,not_recovered_search_incomplete,Selected revision evidence does not report a same-scope full-year level at this stage,Inspect adopted project schedule and quarterly/year-end project ledger; never infer level from a change alone
lismore:candidate:P019,2021,ACTUAL_amount_aud,not_recovered_search_incomplete,Selected revision evidence does not report a same-scope full-year level at this stage,Inspect adopted project schedule and quarterly/year-end project ledger; never infer level from a change alone
lismore:candidate:P019,2021,stable_asset_scope,not_certified_search_incomplete,Current project register lacks dated linked evidence,Recover project or asset records with explicit identifiers and contemporaneous dates
lismore:candidate:P019,2021,damage_access_assessment,not_certified_search_incomplete,Current project register lacks dated linked evidence,Recover project or asset records with explicit identifiers and contemporaneous dates
lismore:candidate:P019,2021,completion_dates,not_certified_search_incomplete,Current project register lacks dated linked evidence,Recover project or asset records with explicit identifiers and contemporaneous dates
lismore:candidate:P019,2021,three_pre_event_budget_years,not_certified_search_incomplete,Current project register lacks dated linked evidence,Recover project or asset records with explicit identifiers and contemporaneous dates
lismore:candidate:P020,2021,B0_amount_aud,not_recovered_search_incomplete,Selected revision evidence does not report a same-scope full-year level at this stage,Inspect adopted project schedule and quarterly/year-end project ledger; never infer level from a change alone
lismore:candidate:P020,2021,Q1_amount_aud,not_recovered_search_incomplete,Selected revision evidence does not report a same-scope full-year level at this stage,Inspect adopted project schedule and quarterly/year-end project ledger; never infer level from a change alone
lismore:candidate:P020,2021,Q2_amount_aud,not_recovered_search_incomplete,Selected revision evidence does not report a same-scope full-year level at this stage,Inspect adopted project schedule and quarterly/year-end project ledger; never infer level from a change alone
lismore:candidate:P020,2021,Q3_amount_aud,not_recovered_search_incomplete,Selected revision evidence does not report a same-scope full-year level at this stage,Inspect adopted project schedule and quarterly/year-end project ledger; never infer level from a change alone
lismore:candidate:P020,2021,ACTUAL_amount_aud,not_recovered_search_incomplete,Selected revision evidence does not report a same-scope full-year level at this stage,Inspect adopted project schedule and quarterly/year-end project ledger; never infer level from a change alone
lismore:candidate:P020,2021,stable_asset_scope,not_certified_search_incomplete,Current project register lacks dated linked evidence,Recover project or asset records with explicit identifiers and contemporaneous dates
lismore:candidate:P020,2021,damage_access_assessment,not_certified_search_incomplete,Current project register lacks dated linked evidence,Recover project or asset records with explicit identifiers and contemporaneous dates
lismore:candidate:P020,2021,completion_dates,not_certified_search_incomplete,Current project register lacks dated linked evidence,Recover project or asset records with explicit identifiers and contemporaneous dates
lismore:candidate:P020,2021,three_pre_event_budget_years,not_certified_search_incomplete,Current project register lacks dated linked evidence,Recover project or asset records with explicit identifiers and contemporaneous dates
lismore:candidate:P021,2021,B0_amount_aud,not_recovered_search_incomplete,Selected revision evidence does not report a same-scope full-year level at this stage,Inspect adopted project schedule and quarterly/year-end project ledger; never infer level from a change alone
lismore:candidate:P021,2021,Q1_amount_aud,not_recovered_search_incomplete,Selected revision evidence does not report a same-scope full-year level at this stage,Inspect adopted project schedule and quarterly/year-end project ledger; never infer level from a change alone
lismore:candidate:P021,2021,Q2_amount_aud,not_recovered_search_incomplete,Selected revision evidence does not report a same-scope full-year level at this stage,Inspect adopted project schedule and quarterly/year-end project ledger; never infer level from a change alone
lismore:candidate:P021,2021,Q3_amount_aud,not_recovered_search_incomplete,Selected revision evidence does not report a same-scope full-year level at this stage,Inspect adopted project schedule and quarterly/year-end project ledger; never infer level from a change alone
lismore:candidate:P021,2021,ACTUAL_amount_aud,not_recovered_search_incomplete,Selected revision evidence does not report a same-scope full-year level at this stage,Inspect adopted project schedule and quarterly/year-end project ledger; never infer level from a change alone
lismore:candidate:P021,2021,stable_asset_scope,not_certified_search_incomplete,Current project register lacks dated linked evidence,Recover project or asset records with explicit identifiers and contemporaneous dates
lismore:candidate:P021,2021,damage_access_assessment,not_certified_search_incomplete,Current project register lacks dated linked evidence,Recover project or asset records with explicit identifiers and contemporaneous dates
lismore:candidate:P021,2021,completion_dates,not_certified_search_incomplete,Current project register lacks dated linked evidence,Recover project or asset records with explicit identifiers and contemporaneous dates
lismore:candidate:P021,2021,three_pre_event_budget_years,not_certified_search_incomplete,Current project register lacks dated linked evidence,Recover project or asset records with explicit identifiers and contemporaneous dates
lismore:candidate:P022,2021,B0_amount_aud,not_recovered_search_incomplete,Selected revision evidence does not report a same-scope full-year level at this stage,Inspect adopted project schedule and quarterly/year-end project ledger; never infer level from a change alone
lismore:candidate:P022,2021,Q1_amount_aud,not_recovered_search_incomplete,Selected revision evidence does not report a same-scope full-year level at this stage,Inspect adopted project schedule and quarterly/year-end project ledger; never infer level from a change alone
lismore:candidate:P022,2021,Q2_amount_aud,not_recovered_search_incomplete,Selected revision evidence does not report a same-scope full-year level at this stage,Inspect adopted project schedule and quarterly/year-end project ledger; never infer level from a change alone
lismore:candidate:P022,2021,Q3_amount_aud,not_recovered_search_incomplete,Selected revision evidence does not report a same-scope full-year level at this stage,Inspect adopted project schedule and quarterly/year-end project ledger; never infer level from a change alone
lismore:candidate:P022,2021,ACTUAL_amount_aud,not_recovered_search_incomplete,Selected revision evidence does not report a same-scope full-year level at this stage,Inspect adopted project schedule and quarterly/year-end project ledger; never infer level from a change alone
lismore:candidate:P022,2021,stable_asset_scope,not_certified_search_incomplete,Current project register lacks dated linked evidence,Recover project or asset records with explicit identifiers and contemporaneous dates
lismore:candidate:P022,2021,damage_access_assessment,not_certified_search_incomplete,Current project register lacks dated linked evidence,Recover project or asset records with explicit identifiers and contemporaneous dates
lismore:candidate:P022,2021,completion_dates,not_certified_search_incomplete,Current project register lacks dated linked evidence,Recover project or asset records with explicit identifiers and contemporaneous dates
lismore:candidate:P022,2021,three_pre_event_budget_years,not_certified_search_incomplete,Current project register lacks dated linked evidence,Recover project or asset records with explicit identifiers and contemporaneous dates
lismore:candidate:P023,2021,B0_amount_aud,not_recovered_search_incomplete,Selected revision evidence does not report a same-scope full-year level at this stage,Inspect adopted project schedule and quarterly/year-end project ledger; never infer level from a change alone
lismore:candidate:P023,2021,Q1_amount_aud,not_recovered_search_incomplete,Selected revision evidence does not report a same-scope full-year level at this stage,Inspect adopted project schedule and quarterly/year-end project ledger; never infer level from a change alone
lismore:candidate:P023,2021,Q2_amount_aud,not_recovered_search_incomplete,Selected revision evidence does not report a same-scope full-year level at this stage,Inspect adopted project schedule and quarterly/year-end project ledger; never infer level from a change alone
lismore:candidate:P023,2021,Q3_amount_aud,not_recovered_search_incomplete,Selected revision evidence does not report a same-scope full-year level at this stage,Inspect adopted project schedule and quarterly/year-end project ledger; never infer level from a change alone
lismore:candidate:P023,2021,ACTUAL_amount_aud,not_recovered_search_incomplete,Selected revision evidence does not report a same-scope full-year level at this stage,Inspect adopted project schedule and quarterly/year-end project ledger; never infer level from a change alone
lismore:candidate:P023,2021,stable_asset_scope,not_certified_search_incomplete,Current project register lacks dated linked evidence,Recover project or asset records with explicit identifiers and contemporaneous dates
lismore:candidate:P023,2021,damage_access_assessment,not_certified_search_incomplete,Current project register lacks dated linked evidence,Recover project or asset records with explicit identifiers and contemporaneous dates
lismore:candidate:P023,2021,completion_dates,not_certified_search_incomplete,Current project register lacks dated linked evidence,Recover project or asset records with explicit identifiers and contemporaneous dates
lismore:candidate:P023,2021,three_pre_event_budget_years,not_certified_search_incomplete,Current project register lacks dated linked evidence,Recover project or asset records with explicit identifiers and contemporaneous dates
lismore:candidate:P024,2021,B0_amount_aud,not_recovered_search_incomplete,Selected revision evidence does not report a same-scope full-year level at this stage,Inspect adopted project schedule and quarterly/year-end project ledger; never infer level from a change alone
lismore:candidate:P024,2021,Q1_amount_aud,not_recovered_search_incomplete,Selected revision evidence does not report a same-scope full-year level at this stage,Inspect adopted project schedule and quarterly/year-end project ledger; never infer level from a change alone
lismore:candidate:P024,2021,Q2_amount_aud,not_recovered_search_incomplete,Selected revision evidence does not report a same-scope full-year level at this stage,Inspect adopted project schedule and quarterly/year-end project ledger; never infer level from a change alone
lismore:candidate:P024,2021,Q3_amount_aud,not_recovered_search_incomplete,Selected revision evidence does not report a same-scope full-year level at this stage,Inspect adopted project schedule and quarterly/year-end project ledger; never infer level from a change alone
lismore:candidate:P024,2021,ACTUAL_amount_aud,not_recovered_search_incomplete,Selected revision evidence does not report a same-scope full-year level at this stage,Inspect adopted project schedule and quarterly/year-end project ledger; never infer level from a change alone
lismore:candidate:P024,2021,stable_asset_scope,not_certified_search_incomplete,Current project register lacks dated linked evidence,Recover project or asset records with explicit identifiers and contemporaneous dates
lismore:candidate:P024,2021,damage_access_assessment,not_certified_search_incomplete,Current project register lacks dated linked evidence,Recover project or asset records with explicit identifiers and contemporaneous dates
lismore:candidate:P024,2021,completion_dates,not_certified_search_incomplete,Current project register lacks dated linked evidence,Recover project or asset records with explicit identifiers and contemporaneous dates
lismore:candidate:P024,2021,three_pre_event_budget_years,not_certified_search_incomplete,Current project register lacks dated linked evidence,Recover project or asset records with explicit identifiers and contemporaneous dates
lismore:candidate:P025,2021,B0_amount_aud,not_recovered_search_incomplete,Selected revision evidence does not report a same-scope full-year level at this stage,Inspect adopted project schedule and quarterly/year-end project ledger; never infer level from a change alone
lismore:candidate:P025,2021,Q1_amount_aud,not_recovered_search_incomplete,Selected revision evidence does not report a same-scope full-year level at this stage,Inspect adopted project schedule and quarterly/year-end project ledger; never infer level from a change alone
lismore:candidate:P025,2021,Q2_amount_aud,not_recovered_search_incomplete,Selected revision evidence does not report a same-scope full-year level at this stage,Inspect adopted project schedule and quarterly/year-end project ledger; never infer level from a change alone
lismore:candidate:P025,2021,Q3_amount_aud,not_recovered_search_incomplete,Selected revision evidence does not report a same-scope full-year level at this stage,Inspect adopted project schedule and quarterly/year-end project ledger; never infer level from a change alone
lismore:candidate:P025,2021,ACTUAL_amount_aud,not_recovered_search_incomplete,Selected revision evidence does not report a same-scope full-year level at this stage,Inspect adopted project schedule and quarterly/year-end project ledger; never infer level from a change alone
lismore:candidate:P025,2021,stable_asset_scope,not_certified_search_incomplete,Current project register lacks dated linked evidence,Recover project or asset records with explicit identifiers and contemporaneous dates
lismore:candidate:P025,2021,damage_access_assessment,not_certified_search_incomplete,Current project register lacks dated linked evidence,Recover project or asset records with explicit identifiers and contemporaneous dates
lismore:candidate:P025,2021,completion_dates,not_certified_search_incomplete,Current project register lacks dated linked evidence,Recover project or asset records with explicit identifiers and contemporaneous dates
lismore:candidate:P025,2021,three_pre_event_budget_years,not_certified_search_incomplete,Current project register lacks dated linked evidence,Recover project or asset records with explicit identifiers and contemporaneous dates
lismore:candidate:P026,2021,B0_amount_aud,not_recovered_search_incomplete,Selected revision evidence does not report a same-scope full-year level at this stage,Inspect adopted project schedule and quarterly/year-end project ledger; never infer level from a change alone
lismore:candidate:P026,2021,Q1_amount_aud,not_recovered_search_incomplete,Selected revision evidence does not report a same-scope full-year level at this stage,Inspect adopted project schedule and quarterly/year-end project ledger; never infer level from a change alone
lismore:candidate:P026,2021,Q2_amount_aud,not_recovered_search_incomplete,Selected revision evidence does not report a same-scope full-year level at this stage,Inspect adopted project schedule and quarterly/year-end project ledger; never infer level from a change alone
lismore:candidate:P026,2021,Q3_amount_aud,not_recovered_search_incomplete,Selected revision evidence does not report a same-scope full-year level at this stage,Inspect adopted project schedule and quarterly/year-end project ledger; never infer level from a change alone
lismore:candidate:P026,2021,ACTUAL_amount_aud,not_recovered_search_incomplete,Selected revision evidence does not report a same-scope full-year level at this stage,Inspect adopted project schedule and quarterly/year-end project ledger; never infer level from a change alone
lismore:candidate:P026,2021,stable_asset_scope,not_certified_search_incomplete,Current project register lacks dated linked evidence,Recover project or asset records with explicit identifiers and contemporaneous dates
lismore:candidate:P026,2021,damage_access_assessment,not_certified_search_incomplete,Current project register lacks dated linked evidence,Recover project or asset records with explicit identifiers and contemporaneous dates
lismore:candidate:P026,2021,completion_dates,not_certified_search_incomplete,Current project register lacks dated linked evidence,Recover project or asset records with explicit identifiers and contemporaneous dates
lismore:candidate:P026,2021,three_pre_event_budget_years,not_certified_search_incomplete,Current project register lacks dated linked evidence,Recover project or asset records with explicit identifiers and contemporaneous dates
lismore:candidate:P027,2021,B0_amount_aud,not_recovered_search_incomplete,Selected revision evidence does not report a same-scope full-year level at this stage,Inspect adopted project schedule and quarterly/year-end project ledger; never infer level from a change alone
lismore:candidate:P027,2021,Q1_amount_aud,not_recovered_search_incomplete,Selected revision evidence does not report a same-scope full-year level at this stage,Inspect adopted project schedule and quarterly/year-end project ledger; never infer level from a change alone
lismore:candidate:P027,2021,Q2_amount_aud,not_recovered_search_incomplete,Selected revision evidence does not report a same-scope full-year level at this stage,Inspect adopted project schedule and quarterly/year-end project ledger; never infer level from a change alone
lismore:candidate:P027,2021,Q3_amount_aud,not_recovered_search_incomplete,Selected revision evidence does not report a same-scope full-year level at this stage,Inspect adopted project schedule and quarterly/year-end project ledger; never infer level from a change alone
lismore:candidate:P027,2021,ACTUAL_amount_aud,not_recovered_search_incomplete,Selected revision evidence does not report a same-scope full-year level at this stage,Inspect adopted project schedule and quarterly/year-end project ledger; never infer level from a change alone
lismore:candidate:P027,2021,stable_asset_scope,not_certified_search_incomplete,Current project register lacks dated linked evidence,Recover project or asset records with explicit identifiers and contemporaneous dates
lismore:candidate:P027,2021,damage_access_assessment,not_certified_search_incomplete,Current project register lacks dated linked evidence,Recover project or asset records with explicit identifiers and contemporaneous dates
lismore:candidate:P027,2021,completion_dates,not_certified_search_incomplete,Current project register lacks dated linked evidence,Recover project or asset records with explicit identifiers and contemporaneous dates
lismore:candidate:P027,2021,three_pre_event_budget_years,not_certified_search_incomplete,Current project register lacks dated linked evidence,Recover project or asset records with explicit identifiers and contemporaneous dates
waggawagga:job:45049,2021,B0_amount_aud,not_recovered_search_incomplete,Selected revision evidence does not report a same-scope full-year level at this stage,Inspect adopted project schedule and quarterly/year-end project ledger; never infer level from a change alone
waggawagga:job:45049,2021,Q1_amount_aud,not_recovered_search_incomplete,Selected revision evidence does not report a same-scope full-year level at this stage,Inspect adopted project schedule and quarterly/year-end project ledger; never infer level from a change alone
waggawagga:job:45049,2021,Q3_amount_aud,not_recovered_search_incomplete,Selected revision evidence does not report a same-scope full-year level at this stage,Inspect adopted project schedule and quarterly/year-end project ledger; never infer level from a change alone
waggawagga:job:45049,2021,ACTUAL_amount_aud,not_recovered_search_incomplete,Selected revision evidence does not report a same-scope full-year level at this stage,Inspect adopted project schedule and quarterly/year-end project ledger; never infer level from a change alone
waggawagga:job:45049,2021,stable_asset_scope,not_certified_search_incomplete,Current project register lacks dated linked evidence,Recover project or asset records with explicit identifiers and contemporaneous dates
waggawagga:job:45049,2021,damage_access_assessment,not_certified_search_incomplete,Current project register lacks dated linked evidence,Recover project or asset records with explicit identifiers and contemporaneous dates
waggawagga:job:45049,2021,completion_dates,not_certified_search_incomplete,Current project register lacks dated linked evidence,Recover project or asset records with explicit identifiers and contemporaneous dates
waggawagga:job:45049,2021,three_pre_event_budget_years,not_certified_search_incomplete,Current project register lacks dated linked evidence,Recover project or asset records with explicit identifiers and contemporaneous dates
waggawagga:job:45109,2021,B0_amount_aud,not_recovered_search_incomplete,Selected revision evidence does not report a same-scope full-year level at this stage,Inspect adopted project schedule and quarterly/year-end project ledger; never infer level from a change alone
waggawagga:job:45109,2021,Q1_amount_aud,not_recovered_search_incomplete,Selected revision evidence does not report a same-scope full-year level at this stage,Inspect adopted project schedule and quarterly/year-end project ledger; never infer level from a change alone
waggawagga:job:45109,2021,Q3_amount_aud,not_recovered_search_incomplete,Selected revision evidence does not report a same-scope full-year level at this stage,Inspect adopted project schedule and quarterly/year-end project ledger; never infer level from a change alone
waggawagga:job:45109,2021,ACTUAL_amount_aud,not_recovered_search_incomplete,Selected revision evidence does not report a same-scope full-year level at this stage,Inspect adopted project schedule and quarterly/year-end project ledger; never infer level from a change alone
waggawagga:job:45109,2021,stable_asset_scope,not_certified_search_incomplete,Current project register lacks dated linked evidence,Recover project or asset records with explicit identifiers and contemporaneous dates
waggawagga:job:45109,2021,damage_access_assessment,not_certified_search_incomplete,Current project register lacks dated linked evidence,Recover project or asset records with explicit identifiers and contemporaneous dates
waggawagga:job:45109,2021,completion_dates,not_certified_search_incomplete,Current project register lacks dated linked evidence,Recover project or asset records with explicit identifiers and contemporaneous dates
waggawagga:job:45109,2021,three_pre_event_budget_years,not_certified_search_incomplete,Current project register lacks dated linked evidence,Recover project or asset records with explicit identifiers and contemporaneous dates
eurobodalla:candidate:P030,2019,B0_amount_aud,not_recovered_search_incomplete,Selected revision evidence does not report a same-scope full-year level at this stage,Inspect adopted project schedule and quarterly/year-end project ledger; never infer level from a change alone
eurobodalla:candidate:P030,2019,Q1_amount_aud,not_recovered_search_incomplete,Selected revision evidence does not report a same-scope full-year level at this stage,Inspect adopted project schedule and quarterly/year-end project ledger; never infer level from a change alone
eurobodalla:candidate:P030,2019,Q2_amount_aud,not_recovered_search_incomplete,Selected revision evidence does not report a same-scope full-year level at this stage,Inspect adopted project schedule and quarterly/year-end project ledger; never infer level from a change alone
eurobodalla:candidate:P030,2019,Q3_amount_aud,not_recovered_search_incomplete,Selected revision evidence does not report a same-scope full-year level at this stage,Inspect adopted project schedule and quarterly/year-end project ledger; never infer level from a change alone
eurobodalla:candidate:P030,2019,ACTUAL_amount_aud,not_recovered_search_incomplete,Selected revision evidence does not report a same-scope full-year level at this stage,Inspect adopted project schedule and quarterly/year-end project ledger; never infer level from a change alone
eurobodalla:candidate:P030,2019,stable_asset_scope,not_certified_search_incomplete,Current project register lacks dated linked evidence,Recover project or asset records with explicit identifiers and contemporaneous dates
eurobodalla:candidate:P030,2019,damage_access_assessment,not_certified_search_incomplete,Current project register lacks dated linked evidence,Recover project or asset records with explicit identifiers and contemporaneous dates
eurobodalla:candidate:P030,2019,completion_dates,not_certified_search_incomplete,Current project register lacks dated linked evidence,Recover project or asset records with explicit identifiers and contemporaneous dates
eurobodalla:candidate:P030,2019,three_pre_event_budget_years,not_certified_search_incomplete,Current project register lacks dated linked evidence,Recover project or asset records with explicit identifiers and contemporaneous dates
eurobodalla:candidate:P031,2019,B0_amount_aud,not_recovered_search_incomplete,Selected revision evidence does not report a same-scope full-year level at this stage,Inspect adopted project schedule and quarterly/year-end project ledger; never infer level from a change alone
eurobodalla:candidate:P031,2019,Q1_amount_aud,not_recovered_search_incomplete,Selected revision evidence does not report a same-scope full-year level at this stage,Inspect adopted project schedule and quarterly/year-end project ledger; never infer level from a change alone
eurobodalla:candidate:P031,2019,Q2_amount_aud,not_recovered_search_incomplete,Selected revision evidence does not report a same-scope full-year level at this stage,Inspect adopted project schedule and quarterly/year-end project ledger; never infer level from a change alone
eurobodalla:candidate:P031,2019,Q3_amount_aud,not_recovered_search_incomplete,Selected revision evidence does not report a same-scope full-year level at this stage,Inspect adopted project schedule and quarterly/year-end project ledger; never infer level from a change alone
eurobodalla:candidate:P031,2019,ACTUAL_amount_aud,not_recovered_search_incomplete,Selected revision evidence does not report a same-scope full-year level at this stage,Inspect adopted project schedule and quarterly/year-end project ledger; never infer level from a change alone
eurobodalla:candidate:P031,2019,stable_asset_scope,not_certified_search_incomplete,Current project register lacks dated linked evidence,Recover project or asset records with explicit identifiers and contemporaneous dates
eurobodalla:candidate:P031,2019,damage_access_assessment,not_certified_search_incomplete,Current project register lacks dated linked evidence,Recover project or asset records with explicit identifiers and contemporaneous dates
eurobodalla:candidate:P031,2019,completion_dates,not_certified_search_incomplete,Current project register lacks dated linked evidence,Recover project or asset records with explicit identifiers and contemporaneous dates
eurobodalla:candidate:P031,2019,three_pre_event_budget_years,not_certified_search_incomplete,Current project register lacks dated linked evidence,Recover project or asset records with explicit identifiers and contemporaneous dates
eurobodalla:candidate:P032,2019,B0_amount_aud,not_recovered_search_incomplete,Selected revision evidence does not report a same-scope full-year level at this stage,Inspect adopted project schedule and quarterly/year-end project ledger; never infer level from a change alone
eurobodalla:candidate:P032,2019,Q1_amount_aud,not_recovered_search_incomplete,Selected revision evidence does not report a same-scope full-year level at this stage,Inspect adopted project schedule and quarterly/year-end project ledger; never infer level from a change alone
eurobodalla:candidate:P032,2019,Q2_amount_aud,not_recovered_search_incomplete,Selected revision evidence does not report a same-scope full-year level at this stage,Inspect adopted project schedule and quarterly/year-end project ledger; never infer level from a change alone
eurobodalla:candidate:P032,2019,Q3_amount_aud,not_recovered_search_incomplete,Selected revision evidence does not report a same-scope full-year level at this stage,Inspect adopted project schedule and quarterly/year-end project ledger; never infer level from a change alone
eurobodalla:candidate:P032,2019,ACTUAL_amount_aud,not_recovered_search_incomplete,Selected revision evidence does not report a same-scope full-year level at this stage,Inspect adopted project schedule and quarterly/year-end project ledger; never infer level from a change alone
eurobodalla:candidate:P032,2019,stable_asset_scope,not_certified_search_incomplete,Current project register lacks dated linked evidence,Recover project or asset records with explicit identifiers and contemporaneous dates
eurobodalla:candidate:P032,2019,damage_access_assessment,not_certified_search_incomplete,Current project register lacks dated linked evidence,Recover project or asset records with explicit identifiers and contemporaneous dates
eurobodalla:candidate:P032,2019,completion_dates,not_certified_search_incomplete,Current project register lacks dated linked evidence,Recover project or asset records with explicit identifiers and contemporaneous dates
eurobodalla:candidate:P032,2019,three_pre_event_budget_years,not_certified_search_incomplete,Current project register lacks dated linked evidence,Recover project or asset records with explicit identifiers and contemporaneous dates
snowyvalleys:candidate:bombowlee_land,2021,Q1_amount_aud,not_recovered_search_incomplete,Annual report budget/actual pair cannot establish this field,Recover adopted plan quarterly reviews and project/asset records; audit entity and disaster histories
snowyvalleys:candidate:bombowlee_land,2021,Q2_amount_aud,not_recovered_search_incomplete,Annual report budget/actual pair cannot establish this field,Recover adopted plan quarterly reviews and project/asset records; audit entity and disaster histories
snowyvalleys:candidate:bombowlee_land,2021,Q3_amount_aud,not_recovered_search_incomplete,Annual report budget/actual pair cannot establish this field,Recover adopted plan quarterly reviews and project/asset records; audit entity and disaster histories
snowyvalleys:candidate:bombowlee_land,2021,official_project_id,not_recovered_search_incomplete,Annual report budget/actual pair cannot establish this field,Recover adopted plan quarterly reviews and project/asset records; audit entity and disaster histories
snowyvalleys:candidate:bombowlee_land,2021,original_adoption_document,not_recovered_search_incomplete,Annual report budget/actual pair cannot establish this field,Recover adopted plan quarterly reviews and project/asset records; audit entity and disaster histories
snowyvalleys:candidate:bombowlee_land,2021,damage_access_assessment,not_recovered_search_incomplete,Annual report budget/actual pair cannot establish this field,Recover adopted plan quarterly reviews and project/asset records; audit entity and disaster histories
snowyvalleys:candidate:bombowlee_land,2021,exact_completion_dates,not_recovered_search_incomplete,Annual report budget/actual pair cannot establish this field,Recover adopted plan quarterly reviews and project/asset records; audit entity and disaster histories
snowyvalleys:candidate:bombowlee_land,2021,three_pre_event_budget_years,not_recovered_search_incomplete,Annual report budget/actual pair cannot establish this field,Recover adopted plan quarterly reviews and project/asset records; audit entity and disaster histories
snowyvalleys:candidate:bombowlee_land,2021,pre_event_fiscal_capacity,not_recovered_search_incomplete,Annual report budget/actual pair cannot establish this field,Recover adopted plan quarterly reviews and project/asset records; audit entity and disaster histories
snowyvalleys:candidate:bombowlee_land,2021,event_overlap_screen,not_recovered_search_incomplete,Annual report budget/actual pair cannot establish this field,Recover adopted plan quarterly reviews and project/asset records; audit entity and disaster histories
snowyvalleys:candidate:tintaldra_culvert,2021,Q1_amount_aud,not_recovered_search_incomplete,Annual report budget/actual pair cannot establish this field,Recover adopted plan quarterly reviews and project/asset records; audit entity and disaster histories
snowyvalleys:candidate:tintaldra_culvert,2021,Q2_amount_aud,not_recovered_search_incomplete,Annual report budget/actual pair cannot establish this field,Recover adopted plan quarterly reviews and project/asset records; audit entity and disaster histories
snowyvalleys:candidate:tintaldra_culvert,2021,Q3_amount_aud,not_recovered_search_incomplete,Annual report budget/actual pair cannot establish this field,Recover adopted plan quarterly reviews and project/asset records; audit entity and disaster histories
snowyvalleys:candidate:tintaldra_culvert,2021,official_project_id,not_recovered_search_incomplete,Annual report budget/actual pair cannot establish this field,Recover adopted plan quarterly reviews and project/asset records; audit entity and disaster histories
snowyvalleys:candidate:tintaldra_culvert,2021,original_adoption_document,not_recovered_search_incomplete,Annual report budget/actual pair cannot establish this field,Recover adopted plan quarterly reviews and project/asset records; audit entity and disaster histories
snowyvalleys:candidate:tintaldra_culvert,2021,damage_access_assessment,not_recovered_search_incomplete,Annual report budget/actual pair cannot establish this field,Recover adopted plan quarterly reviews and project/asset records; audit entity and disaster histories
snowyvalleys:candidate:tintaldra_culvert,2021,exact_completion_dates,not_recovered_search_incomplete,Annual report budget/actual pair cannot establish this field,Recover adopted plan quarterly reviews and project/asset records; audit entity and disaster histories
snowyvalleys:candidate:tintaldra_culvert,2021,three_pre_event_budget_years,not_recovered_search_incomplete,Annual report budget/actual pair cannot establish this field,Recover adopted plan quarterly reviews and project/asset records; audit entity and disaster histories
snowyvalleys:candidate:tintaldra_culvert,2021,pre_event_fiscal_capacity,not_recovered_search_incomplete,Annual report budget/actual pair cannot establish this field,Recover adopted plan quarterly reviews and project/asset records; audit entity and disaster histories
snowyvalleys:candidate:tintaldra_culvert,2021,event_overlap_screen,not_recovered_search_incomplete,Annual report budget/actual pair cannot establish this field,Recover adopted plan quarterly reviews and project/asset records; audit entity and disaster histories
snowyvalleys:candidate:withers_bridge,2021,Q1_amount_aud,not_recovered_search_incomplete,Annual report budget/actual pair cannot establish this field,Recover adopted plan quarterly reviews and project/asset records; audit entity and disaster histories
snowyvalleys:candidate:withers_bridge,2021,Q2_amount_aud,not_recovered_search_incomplete,Annual report budget/actual pair cannot establish this field,Recover adopted plan quarterly reviews and project/asset records; audit entity and disaster histories
snowyvalleys:candidate:withers_bridge,2021,Q3_amount_aud,not_recovered_search_incomplete,Annual report budget/actual pair cannot establish this field,Recover adopted plan quarterly reviews and project/asset records; audit entity and disaster histories
snowyvalleys:candidate:withers_bridge,2021,official_project_id,not_recovered_search_incomplete,Annual report budget/actual pair cannot establish this field,Recover adopted plan quarterly reviews and project/asset records; audit entity and disaster histories
snowyvalleys:candidate:withers_bridge,2021,original_adoption_document,not_recovered_search_incomplete,Annual report budget/actual pair cannot establish this field,Recover adopted plan quarterly reviews and project/asset records; audit entity and disaster histories
snowyvalleys:candidate:withers_bridge,2021,damage_access_assessment,not_recovered_search_incomplete,Annual report budget/actual pair cannot establish this field,Recover adopted plan quarterly reviews and project/asset records; audit entity and disaster histories
snowyvalleys:candidate:withers_bridge,2021,exact_completion_dates,not_recovered_search_incomplete,Annual report budget/actual pair cannot establish this field,Recover adopted plan quarterly reviews and project/asset records; audit entity and disaster histories
snowyvalleys:candidate:withers_bridge,2021,three_pre_event_budget_years,not_recovered_search_incomplete,Annual report budget/actual pair cannot establish this field,Recover adopted plan quarterly reviews and project/asset records; audit entity and disaster histories
snowyvalleys:candidate:withers_bridge,2021,pre_event_fiscal_capacity,not_recovered_search_incomplete,Annual report budget/actual pair cannot establish this field,Recover adopted plan quarterly reviews and project/asset records; audit entity and disaster histories
snowyvalleys:candidate:withers_bridge,2021,event_overlap_screen,not_recovered_search_incomplete,Annual report budget/actual pair cannot establish this field,Recover adopted plan quarterly reviews and project/asset records; audit entity and disaster histories
snowyvalleys:candidate:bombowlee_complex,2021,Q1_amount_aud,not_recovered_search_incomplete,Annual report budget/actual pair cannot establish this field,Recover adopted plan quarterly reviews and project/asset records; audit entity and disaster histories
snowyvalleys:candidate:bombowlee_complex,2021,Q2_amount_aud,not_recovered_search_incomplete,Annual report budget/actual pair cannot establish this field,Recover adopted plan quarterly reviews and project/asset records; audit entity and disaster histories
snowyvalleys:candidate:bombowlee_complex,2021,Q3_amount_aud,not_recovered_search_incomplete,Annual report budget/actual pair cannot establish this field,Recover adopted plan quarterly reviews and project/asset records; audit entity and disaster histories
snowyvalleys:candidate:bombowlee_complex,2021,official_project_id,not_recovered_search_incomplete,Annual report budget/actual pair cannot establish this field,Recover adopted plan quarterly reviews and project/asset records; audit entity and disaster histories
snowyvalleys:candidate:bombowlee_complex,2021,original_adoption_document,not_recovered_search_incomplete,Annual report budget/actual pair cannot establish this field,Recover adopted plan quarterly reviews and project/asset records; audit entity and disaster histories
snowyvalleys:candidate:bombowlee_complex,2021,damage_access_assessment,not_recovered_search_incomplete,Annual report budget/actual pair cannot establish this field,Recover adopted plan quarterly reviews and project/asset records; audit entity and disaster histories
snowyvalleys:candidate:bombowlee_complex,2021,exact_completion_dates,not_recovered_search_incomplete,Annual report budget/actual pair cannot establish this field,Recover adopted plan quarterly reviews and project/asset records; audit entity and disaster histories
snowyvalleys:candidate:bombowlee_complex,2021,three_pre_event_budget_years,not_recovered_search_incomplete,Annual report budget/actual pair cannot establish this field,Recover adopted plan quarterly reviews and project/asset records; audit entity and disaster histories
snowyvalleys:candidate:bombowlee_complex,2021,pre_event_fiscal_capacity,not_recovered_search_incomplete,Annual report budget/actual pair cannot establish this field,Recover adopted plan quarterly reviews and project/asset records; audit entity and disaster histories
snowyvalleys:candidate:bombowlee_complex,2021,event_overlap_screen,not_recovered_search_incomplete,Annual report budget/actual pair cannot establish this field,Recover adopted plan quarterly reviews and project/asset records; audit entity and disaster histories
snowyvalleys:candidate:tumbarumba_generator,2021,Q1_amount_aud,not_recovered_search_incomplete,Annual report budget/actual pair cannot establish this field,Recover adopted plan quarterly reviews and project/asset records; audit entity and disaster histories
snowyvalleys:candidate:tumbarumba_generator,2021,Q2_amount_aud,not_recovered_search_incomplete,Annual report budget/actual pair cannot establish this field,Recover adopted plan quarterly reviews and project/asset records; audit entity and disaster histories
snowyvalleys:candidate:tumbarumba_generator,2021,Q3_amount_aud,not_recovered_search_incomplete,Annual report budget/actual pair cannot establish this field,Recover adopted plan quarterly reviews and project/asset records; audit entity and disaster histories
snowyvalleys:candidate:tumbarumba_generator,2021,official_project_id,not_recovered_search_incomplete,Annual report budget/actual pair cannot establish this field,Recover adopted plan quarterly reviews and project/asset records; audit entity and disaster histories
snowyvalleys:candidate:tumbarumba_generator,2021,original_adoption_document,not_recovered_search_incomplete,Annual report budget/actual pair cannot establish this field,Recover adopted plan quarterly reviews and project/asset records; audit entity and disaster histories
snowyvalleys:candidate:tumbarumba_generator,2021,damage_access_assessment,not_recovered_search_incomplete,Annual report budget/actual pair cannot establish this field,Recover adopted plan quarterly reviews and project/asset records; audit entity and disaster histories
snowyvalleys:candidate:tumbarumba_generator,2021,exact_completion_dates,not_recovered_search_incomplete,Annual report budget/actual pair cannot establish this field,Recover adopted plan quarterly reviews and project/asset records; audit entity and disaster histories
snowyvalleys:candidate:tumbarumba_generator,2021,three_pre_event_budget_years,not_recovered_search_incomplete,Annual report budget/actual pair cannot establish this field,Recover adopted plan quarterly reviews and project/asset records; audit entity and disaster histories
snowyvalleys:candidate:tumbarumba_generator,2021,pre_event_fiscal_capacity,not_recovered_search_incomplete,Annual report budget/actual pair cannot establish this field,Recover adopted plan quarterly reviews and project/asset records; audit entity and disaster histories
snowyvalleys:candidate:tumbarumba_generator,2021,event_overlap_screen,not_recovered_search_incomplete,Annual report budget/actual pair cannot establish this field,Recover adopted plan quarterly reviews and project/asset records; audit entity and disaster histories
snowyvalleys:candidate:tumbarumba_solar,2021,Q1_amount_aud,not_recovered_search_incomplete,Annual report budget/actual pair cannot establish this field,Recover adopted plan quarterly reviews and project/asset records; audit entity and disaster histories
snowyvalleys:candidate:tumbarumba_solar,2021,Q2_amount_aud,not_recovered_search_incomplete,Annual report budget/actual pair cannot establish this field,Recover adopted plan quarterly reviews and project/asset records; audit entity and disaster histories
snowyvalleys:candidate:tumbarumba_solar,2021,Q3_amount_aud,not_recovered_search_incomplete,Annual report budget/actual pair cannot establish this field,Recover adopted plan quarterly reviews and project/asset records; audit entity and disaster histories
snowyvalleys:candidate:tumbarumba_solar,2021,official_project_id,not_recovered_search_incomplete,Annual report budget/actual pair cannot establish this field,Recover adopted plan quarterly reviews and project/asset records; audit entity and disaster histories
snowyvalleys:candidate:tumbarumba_solar,2021,original_adoption_document,not_recovered_search_incomplete,Annual report budget/actual pair cannot establish this field,Recover adopted plan quarterly reviews and project/asset records; audit entity and disaster histories
snowyvalleys:candidate:tumbarumba_solar,2021,damage_access_assessment,not_recovered_search_incomplete,Annual report budget/actual pair cannot establish this field,Recover adopted plan quarterly reviews and project/asset records; audit entity and disaster histories
snowyvalleys:candidate:tumbarumba_solar,2021,exact_completion_dates,not_recovered_search_incomplete,Annual report budget/actual pair cannot establish this field,Recover adopted plan quarterly reviews and project/asset records; audit entity and disaster histories
snowyvalleys:candidate:tumbarumba_solar,2021,three_pre_event_budget_years,not_recovered_search_incomplete,Annual report budget/actual pair cannot establish this field,Recover adopted plan quarterly reviews and project/asset records; audit entity and disaster histories
snowyvalleys:candidate:tumbarumba_solar,2021,pre_event_fiscal_capacity,not_recovered_search_incomplete,Annual report budget/actual pair cannot establish this field,Recover adopted plan quarterly reviews and project/asset records; audit entity and disaster histories
snowyvalleys:candidate:tumbarumba_solar,2021,event_overlap_screen,not_recovered_search_incomplete,Annual report budget/actual pair cannot establish this field,Recover adopted plan quarterly reviews and project/asset records; audit entity and disaster histories
snowyvalleys:candidate:khancoban_toilets,2021,Q1_amount_aud,not_recovered_search_incomplete,Annual report budget/actual pair cannot establish this field,Recover adopted plan quarterly reviews and project/asset records; audit entity and disaster histories
snowyvalleys:candidate:khancoban_toilets,2021,Q2_amount_aud,not_recovered_search_incomplete,Annual report budget/actual pair cannot establish this field,Recover adopted plan quarterly reviews and project/asset records; audit entity and disaster histories
snowyvalleys:candidate:khancoban_toilets,2021,Q3_amount_aud,not_recovered_search_incomplete,Annual report budget/actual pair cannot establish this field,Recover adopted plan quarterly reviews and project/asset records; audit entity and disaster histories
snowyvalleys:candidate:khancoban_toilets,2021,official_project_id,not_recovered_search_incomplete,Annual report budget/actual pair cannot establish this field,Recover adopted plan quarterly reviews and project/asset records; audit entity and disaster histories
snowyvalleys:candidate:khancoban_toilets,2021,original_adoption_document,not_recovered_search_incomplete,Annual report budget/actual pair cannot establish this field,Recover adopted plan quarterly reviews and project/asset records; audit entity and disaster histories
snowyvalleys:candidate:khancoban_toilets,2021,damage_access_assessment,not_recovered_search_incomplete,Annual report budget/actual pair cannot establish this field,Recover adopted plan quarterly reviews and project/asset records; audit entity and disaster histories
snowyvalleys:candidate:khancoban_toilets,2021,exact_completion_dates,not_recovered_search_incomplete,Annual report budget/actual pair cannot establish this field,Recover adopted plan quarterly reviews and project/asset records; audit entity and disaster histories
snowyvalleys:candidate:khancoban_toilets,2021,three_pre_event_budget_years,not_recovered_search_incomplete,Annual report budget/actual pair cannot establish this field,Recover adopted plan quarterly reviews and project/asset records; audit entity and disaster histories
snowyvalleys:candidate:khancoban_toilets,2021,pre_event_fiscal_capacity,not_recovered_search_incomplete,Annual report budget/actual pair cannot establish this field,Recover adopted plan quarterly reviews and project/asset records; audit entity and disaster histories
snowyvalleys:candidate:khancoban_toilets,2021,event_overlap_screen,not_recovered_search_incomplete,Annual report budget/actual pair cannot establish this field,Recover adopted plan quarterly reviews and project/asset records; audit entity and disaster histories
snowyvalleys:candidate:fitzroy_toilets,2021,Q1_amount_aud,not_recovered_search_incomplete,Annual report budget/actual pair cannot establish this field,Recover adopted plan quarterly reviews and project/asset records; audit entity and disaster histories
snowyvalleys:candidate:fitzroy_toilets,2021,Q2_amount_aud,not_recovered_search_incomplete,Annual report budget/actual pair cannot establish this field,Recover adopted plan quarterly reviews and project/asset records; audit entity and disaster histories
snowyvalleys:candidate:fitzroy_toilets,2021,Q3_amount_aud,not_recovered_search_incomplete,Annual report budget/actual pair cannot establish this field,Recover adopted plan quarterly reviews and project/asset records; audit entity and disaster histories
snowyvalleys:candidate:fitzroy_toilets,2021,official_project_id,not_recovered_search_incomplete,Annual report budget/actual pair cannot establish this field,Recover adopted plan quarterly reviews and project/asset records; audit entity and disaster histories
snowyvalleys:candidate:fitzroy_toilets,2021,original_adoption_document,not_recovered_search_incomplete,Annual report budget/actual pair cannot establish this field,Recover adopted plan quarterly reviews and project/asset records; audit entity and disaster histories
snowyvalleys:candidate:fitzroy_toilets,2021,damage_access_assessment,not_recovered_search_incomplete,Annual report budget/actual pair cannot establish this field,Recover adopted plan quarterly reviews and project/asset records; audit entity and disaster histories
snowyvalleys:candidate:fitzroy_toilets,2021,exact_completion_dates,not_recovered_search_incomplete,Annual report budget/actual pair cannot establish this field,Recover adopted plan quarterly reviews and project/asset records; audit entity and disaster histories
snowyvalleys:candidate:fitzroy_toilets,2021,three_pre_event_budget_years,not_recovered_search_incomplete,Annual report budget/actual pair cannot establish this field,Recover adopted plan quarterly reviews and project/asset records; audit entity and disaster histories
snowyvalleys:candidate:fitzroy_toilets,2021,pre_event_fiscal_capacity,not_recovered_search_incomplete,Annual report budget/actual pair cannot establish this field,Recover adopted plan quarterly reviews and project/asset records; audit entity and disaster histories
snowyvalleys:candidate:fitzroy_toilets,2021,event_overlap_screen,not_recovered_search_incomplete,Annual report budget/actual pair cannot establish this field,Recover adopted plan quarterly reviews and project/asset records; audit entity and disaster histories
snowyvalleys:candidate:ournie_hall,2021,Q1_amount_aud,not_recovered_search_incomplete,Annual report budget/actual pair cannot establish this field,Recover adopted plan quarterly reviews and project/asset records; audit entity and disaster histories
snowyvalleys:candidate:ournie_hall,2021,Q2_amount_aud,not_recovered_search_incomplete,Annual report budget/actual pair cannot establish this field,Recover adopted plan quarterly reviews and project/asset records; audit entity and disaster histories
snowyvalleys:candidate:ournie_hall,2021,Q3_amount_aud,not_recovered_search_incomplete,Annual report budget/actual pair cannot establish this field,Recover adopted plan quarterly reviews and project/asset records; audit entity and disaster histories
snowyvalleys:candidate:ournie_hall,2021,official_project_id,not_recovered_search_incomplete,Annual report budget/actual pair cannot establish this field,Recover adopted plan quarterly reviews and project/asset records; audit entity and disaster histories
snowyvalleys:candidate:ournie_hall,2021,original_adoption_document,not_recovered_search_incomplete,Annual report budget/actual pair cannot establish this field,Recover adopted plan quarterly reviews and project/asset records; audit entity and disaster histories
snowyvalleys:candidate:ournie_hall,2021,damage_access_assessment,not_recovered_search_incomplete,Annual report budget/actual pair cannot establish this field,Recover adopted plan quarterly reviews and project/asset records; audit entity and disaster histories
snowyvalleys:candidate:ournie_hall,2021,exact_completion_dates,not_recovered_search_incomplete,Annual report budget/actual pair cannot establish this field,Recover adopted plan quarterly reviews and project/asset records; audit entity and disaster histories
snowyvalleys:candidate:ournie_hall,2021,three_pre_event_budget_years,not_recovered_search_incomplete,Annual report budget/actual pair cannot establish this field,Recover adopted plan quarterly reviews and project/asset records; audit entity and disaster histories
snowyvalleys:candidate:ournie_hall,2021,pre_event_fiscal_capacity,not_recovered_search_incomplete,Annual report budget/actual pair cannot establish this field,Recover adopted plan quarterly reviews and project/asset records; audit entity and disaster histories
snowyvalleys:candidate:ournie_hall,2021,event_overlap_screen,not_recovered_search_incomplete,Annual report budget/actual pair cannot establish this field,Recover adopted plan quarterly reviews and project/asset records; audit entity and disaster histories
snowyvalleys:candidate:office_refurbishment,2021,Q1_amount_aud,not_recovered_search_incomplete,Annual report budget/actual pair cannot establish this field,Recover adopted plan quarterly reviews and project/asset records; audit entity and disaster histories
snowyvalleys:candidate:office_refurbishment,2021,Q2_amount_aud,not_recovered_search_incomplete,Annual report budget/actual pair cannot establish this field,Recover adopted plan quarterly reviews and project/asset records; audit entity and disaster histories
snowyvalleys:candidate:office_refurbishment,2021,Q3_amount_aud,not_recovered_search_incomplete,Annual report budget/actual pair cannot establish this field,Recover adopted plan quarterly reviews and project/asset records; audit entity and disaster histories
snowyvalleys:candidate:office_refurbishment,2021,official_project_id,not_recovered_search_incomplete,Annual report budget/actual pair cannot establish this field,Recover adopted plan quarterly reviews and project/asset records; audit entity and disaster histories
snowyvalleys:candidate:office_refurbishment,2021,original_adoption_document,not_recovered_search_incomplete,Annual report budget/actual pair cannot establish this field,Recover adopted plan quarterly reviews and project/asset records; audit entity and disaster histories
snowyvalleys:candidate:office_refurbishment,2021,damage_access_assessment,not_recovered_search_incomplete,Annual report budget/actual pair cannot establish this field,Recover adopted plan quarterly reviews and project/asset records; audit entity and disaster histories
snowyvalleys:candidate:office_refurbishment,2021,exact_completion_dates,not_recovered_search_incomplete,Annual report budget/actual pair cannot establish this field,Recover adopted plan quarterly reviews and project/asset records; audit entity and disaster histories
snowyvalleys:candidate:office_refurbishment,2021,three_pre_event_budget_years,not_recovered_search_incomplete,Annual report budget/actual pair cannot establish this field,Recover adopted plan quarterly reviews and project/asset records; audit entity and disaster histories
snowyvalleys:candidate:office_refurbishment,2021,pre_event_fiscal_capacity,not_recovered_search_incomplete,Annual report budget/actual pair cannot establish this field,Recover adopted plan quarterly reviews and project/asset records; audit entity and disaster histories
snowyvalleys:candidate:office_refurbishment,2021,event_overlap_screen,not_recovered_search_incomplete,Annual report budget/actual pair cannot establish this field,Recover adopted plan quarterly reviews and project/asset records; audit entity and disaster histories
snowyvalleys:candidate:snowview,2021,Q1_amount_aud,not_recovered_search_incomplete,Annual report budget/actual pair cannot establish this field,Recover adopted plan quarterly reviews and project/asset records; audit entity and disaster histories
snowyvalleys:candidate:snowview,2021,Q2_amount_aud,not_recovered_search_incomplete,Annual report budget/actual pair cannot establish this field,Recover adopted plan quarterly reviews and project/asset records; audit entity and disaster histories
snowyvalleys:candidate:snowview,2021,Q3_amount_aud,not_recovered_search_incomplete,Annual report budget/actual pair cannot establish this field,Recover adopted plan quarterly reviews and project/asset records; audit entity and disaster histories
snowyvalleys:candidate:snowview,2021,official_project_id,not_recovered_search_incomplete,Annual report budget/actual pair cannot establish this field,Recover adopted plan quarterly reviews and project/asset records; audit entity and disaster histories
snowyvalleys:candidate:snowview,2021,original_adoption_document,not_recovered_search_incomplete,Annual report budget/actual pair cannot establish this field,Recover adopted plan quarterly reviews and project/asset records; audit entity and disaster histories
snowyvalleys:candidate:snowview,2021,damage_access_assessment,not_recovered_search_incomplete,Annual report budget/actual pair cannot establish this field,Recover adopted plan quarterly reviews and project/asset records; audit entity and disaster histories
snowyvalleys:candidate:snowview,2021,exact_completion_dates,not_recovered_search_incomplete,Annual report budget/actual pair cannot establish this field,Recover adopted plan quarterly reviews and project/asset records; audit entity and disaster histories
snowyvalleys:candidate:snowview,2021,three_pre_event_budget_years,not_recovered_search_incomplete,Annual report budget/actual pair cannot establish this field,Recover adopted plan quarterly reviews and project/asset records; audit entity and disaster histories
snowyvalleys:candidate:snowview,2021,pre_event_fiscal_capacity,not_recovered_search_incomplete,Annual report budget/actual pair cannot establish this field,Recover adopted plan quarterly reviews and project/asset records; audit entity and disaster histories
snowyvalleys:candidate:snowview,2021,event_overlap_screen,not_recovered_search_incomplete,Annual report budget/actual pair cannot establish this field,Recover adopted plan quarterly reviews and project/asset records; audit entity and disaster histories
snowyvalleys:candidate:batlow_caravan,2021,Q1_amount_aud,not_recovered_search_incomplete,Annual report budget/actual pair cannot establish this field,Recover adopted plan quarterly reviews and project/asset records; audit entity and disaster histories
snowyvalleys:candidate:batlow_caravan,2021,Q2_amount_aud,not_recovered_search_incomplete,Annual report budget/actual pair cannot establish this field,Recover adopted plan quarterly reviews and project/asset records; audit entity and disaster histories
snowyvalleys:candidate:batlow_caravan,2021,Q3_amount_aud,not_recovered_search_incomplete,Annual report budget/actual pair cannot establish this field,Recover adopted plan quarterly reviews and project/asset records; audit entity and disaster histories
snowyvalleys:candidate:batlow_caravan,2021,official_project_id,not_recovered_search_incomplete,Annual report budget/actual pair cannot establish this field,Recover adopted plan quarterly reviews and project/asset records; audit entity and disaster histories
snowyvalleys:candidate:batlow_caravan,2021,original_adoption_document,not_recovered_search_incomplete,Annual report budget/actual pair cannot establish this field,Recover adopted plan quarterly reviews and project/asset records; audit entity and disaster histories
snowyvalleys:candidate:batlow_caravan,2021,damage_access_assessment,not_recovered_search_incomplete,Annual report budget/actual pair cannot establish this field,Recover adopted plan quarterly reviews and project/asset records; audit entity and disaster histories
snowyvalleys:candidate:batlow_caravan,2021,exact_completion_dates,not_recovered_search_incomplete,Annual report budget/actual pair cannot establish this field,Recover adopted plan quarterly reviews and project/asset records; audit entity and disaster histories
snowyvalleys:candidate:batlow_caravan,2021,three_pre_event_budget_years,not_recovered_search_incomplete,Annual report budget/actual pair cannot establish this field,Recover adopted plan quarterly reviews and project/asset records; audit entity and disaster histories
snowyvalleys:candidate:batlow_caravan,2021,pre_event_fiscal_capacity,not_recovered_search_incomplete,Annual report budget/actual pair cannot establish this field,Recover adopted plan quarterly reviews and project/asset records; audit entity and disaster histories
snowyvalleys:candidate:batlow_caravan,2021,event_overlap_screen,not_recovered_search_incomplete,Annual report budget/actual pair cannot establish this field,Recover adopted plan quarterly reviews and project/asset records; audit entity and disaster histories
snowyvalleys:candidate:tumut_aerodrome,2021,Q1_amount_aud,not_recovered_search_incomplete,Annual report budget/actual pair cannot establish this field,Recover adopted plan quarterly reviews and project/asset records; audit entity and disaster histories
snowyvalleys:candidate:tumut_aerodrome,2021,Q2_amount_aud,not_recovered_search_incomplete,Annual report budget/actual pair cannot establish this field,Recover adopted plan quarterly reviews and project/asset records; audit entity and disaster histories
snowyvalleys:candidate:tumut_aerodrome,2021,Q3_amount_aud,not_recovered_search_incomplete,Annual report budget/actual pair cannot establish this field,Recover adopted plan quarterly reviews and project/asset records; audit entity and disaster histories
snowyvalleys:candidate:tumut_aerodrome,2021,official_project_id,not_recovered_search_incomplete,Annual report budget/actual pair cannot establish this field,Recover adopted plan quarterly reviews and project/asset records; audit entity and disaster histories
snowyvalleys:candidate:tumut_aerodrome,2021,original_adoption_document,not_recovered_search_incomplete,Annual report budget/actual pair cannot establish this field,Recover adopted plan quarterly reviews and project/asset records; audit entity and disaster histories
snowyvalleys:candidate:tumut_aerodrome,2021,damage_access_assessment,not_recovered_search_incomplete,Annual report budget/actual pair cannot establish this field,Recover adopted plan quarterly reviews and project/asset records; audit entity and disaster histories
snowyvalleys:candidate:tumut_aerodrome,2021,exact_completion_dates,not_recovered_search_incomplete,Annual report budget/actual pair cannot establish this field,Recover adopted plan quarterly reviews and project/asset records; audit entity and disaster histories
snowyvalleys:candidate:tumut_aerodrome,2021,three_pre_event_budget_years,not_recovered_search_incomplete,Annual report budget/actual pair cannot establish this field,Recover adopted plan quarterly reviews and project/asset records; audit entity and disaster histories
snowyvalleys:candidate:tumut_aerodrome,2021,pre_event_fiscal_capacity,not_recovered_search_incomplete,Annual report budget/actual pair cannot establish this field,Recover adopted plan quarterly reviews and project/asset records; audit entity and disaster histories
snowyvalleys:candidate:tumut_aerodrome,2021,event_overlap_screen,not_recovered_search_incomplete,Annual report budget/actual pair cannot establish this field,Recover adopted plan quarterly reviews and project/asset records; audit entity and disaster histories
ballina:reference:2160,2020,Q1_amount_aud,amount_recovered_adoption_unverified,Quarterly annual estimate image-verified including proposed variations,Verify council resolution adoption and exact scope; do not treat amount as approved until checked
ballina:reference:2160,2020,Q2_amount_aud,amount_recovered_adoption_unverified,Quarterly annual estimate image-verified including proposed variations,Verify council resolution adoption and exact scope; do not treat amount as approved until checked
ballina:reference:2160,2020,Q3_amount_aud,amount_recovered_adoption_unverified,Quarterly annual estimate image-verified including proposed variations,Verify council resolution adoption and exact scope; do not treat amount as approved until checked
ballina:reference:2160,2020,original_adoption_document,resolved_adopted_plan,Final plan PDF45 and adopted June25 amendments verify original2020/21 allocation,Retain independent asset-scope and event checks
ballina:reference:2160,2020,damage_access_assessment,not_recovered_search_incomplete,Year-end schedule alone cannot establish this field,Retrieve earlier capital reviews and original plan; join dated disaster and asset records
ballina:reference:2160,2020,exact_completion_dates,not_recovered_search_incomplete,Year-end schedule alone cannot establish this field,Retrieve earlier capital reviews and original plan; join dated disaster and asset records
ballina:reference:2160,2020,three_pre_event_budget_years,not_recovered_search_incomplete,Year-end schedule alone cannot establish this field,Retrieve earlier capital reviews and original plan; join dated disaster and asset records
ballina:reference:2160,2020,event_overlap_screen,not_recovered_search_incomplete,Year-end schedule alone cannot establish this field,Retrieve earlier capital reviews and original plan; join dated disaster and asset records
ballina:reference:6532,2020,Q1_amount_aud,amount_recovered_adoption_unverified,Quarterly annual estimate image-verified including proposed variations,Verify council resolution adoption and exact scope; do not treat amount as approved until checked
ballina:reference:6532,2020,Q2_amount_aud,resolved_explicit_revised_amount_approved,Schedule amount matches council resolution,"Retain original adoption, event alignment and other separate gates"
ballina:reference:6532,2020,Q3_amount_aud,resolved_explicit_revised_amount_approved,Schedule amount matches council resolution,"Retain original adoption, event alignment and other separate gates"
ballina:reference:6532,2020,original_adoption_document,resolved_adopted_plan,Final plan PDF45 and adopted June25 amendments verify original2020/21 allocation,Retain independent asset-scope and event checks
ballina:reference:6532,2020,damage_access_assessment,not_recovered_search_incomplete,Year-end schedule alone cannot establish this field,Retrieve earlier capital reviews and original plan; join dated disaster and asset records
ballina:reference:6532,2020,exact_completion_dates,not_recovered_search_incomplete,Year-end schedule alone cannot establish this field,Retrieve earlier capital reviews and original plan; join dated disaster and asset records
ballina:reference:6532,2020,three_pre_event_budget_years,not_recovered_search_incomplete,Year-end schedule alone cannot establish this field,Retrieve earlier capital reviews and original plan; join dated disaster and asset records
ballina:reference:6532,2020,event_overlap_screen,not_recovered_search_incomplete,Year-end schedule alone cannot establish this field,Retrieve earlier capital reviews and original plan; join dated disaster and asset records
ballina:reference:4586,2020,Q1_amount_aud,not_recovered_search_incomplete,Year-end schedule alone cannot establish this field,Retrieve earlier capital reviews and original plan; join dated disaster and asset records
ballina:reference:4586,2020,Q2_amount_aud,not_recovered_search_incomplete,Year-end schedule alone cannot establish this field,Retrieve earlier capital reviews and original plan; join dated disaster and asset records
ballina:reference:4586,2020,Q3_amount_aud,resolved_explicit_revised_amount_approved,Schedule amount matches council resolution,"Retain original adoption, event alignment and other separate gates"
ballina:reference:4586,2020,original_adoption_document,not_recovered_search_incomplete,Year-end schedule alone cannot establish this field,Retrieve earlier capital reviews and original plan; join dated disaster and asset records
ballina:reference:4586,2020,damage_access_assessment,not_recovered_search_incomplete,Year-end schedule alone cannot establish this field,Retrieve earlier capital reviews and original plan; join dated disaster and asset records
ballina:reference:4586,2020,exact_completion_dates,not_recovered_search_incomplete,Year-end schedule alone cannot establish this field,Retrieve earlier capital reviews and original plan; join dated disaster and asset records
ballina:reference:4586,2020,three_pre_event_budget_years,not_recovered_search_incomplete,Year-end schedule alone cannot establish this field,Retrieve earlier capital reviews and original plan; join dated disaster and asset records
ballina:reference:4586,2020,event_overlap_screen,not_recovered_search_incomplete,Year-end schedule alone cannot establish this field,Retrieve earlier capital reviews and original plan; join dated disaster and asset records
ballina:reference:4588,2020,Q1_amount_aud,not_recovered_search_incomplete,Year-end schedule alone cannot establish this field,Retrieve earlier capital reviews and original plan; join dated disaster and asset records
ballina:reference:4588,2020,Q2_amount_aud,not_recovered_search_incomplete,Year-end schedule alone cannot establish this field,Retrieve earlier capital reviews and original plan; join dated disaster and asset records
ballina:reference:4588,2020,Q3_amount_aud,amount_recovered_adoption_unverified,Quarterly annual estimate image-verified including proposed variations,Verify council resolution adoption and exact scope; do not treat amount as approved until checked
ballina:reference:4588,2020,original_adoption_document,not_recovered_search_incomplete,Year-end schedule alone cannot establish this field,Retrieve earlier capital reviews and original plan; join dated disaster and asset records
ballina:reference:4588,2020,damage_access_assessment,not_recovered_search_incomplete,Year-end schedule alone cannot establish this field,Retrieve earlier capital reviews and original plan; join dated disaster and asset records
ballina:reference:4588,2020,exact_completion_dates,not_recovered_search_incomplete,Year-end schedule alone cannot establish this field,Retrieve earlier capital reviews and original plan; join dated disaster and asset records
ballina:reference:4588,2020,three_pre_event_budget_years,not_recovered_search_incomplete,Year-end schedule alone cannot establish this field,Retrieve earlier capital reviews and original plan; join dated disaster and asset records
ballina:reference:4588,2020,event_overlap_screen,not_recovered_search_incomplete,Year-end schedule alone cannot establish this field,Retrieve earlier capital reviews and original plan; join dated disaster and asset records
ballina:reference:4589,2020,Q1_amount_aud,not_recovered_search_incomplete,Year-end schedule alone cannot establish this field,Retrieve earlier capital reviews and original plan; join dated disaster and asset records
ballina:reference:4589,2020,Q2_amount_aud,not_recovered_search_incomplete,Year-end schedule alone cannot establish this field,Retrieve earlier capital reviews and original plan; join dated disaster and asset records
ballina:reference:4589,2020,Q3_amount_aud,amount_recovered_adoption_unverified,Quarterly annual estimate image-verified including proposed variations,Verify council resolution adoption and exact scope; do not treat amount as approved until checked
ballina:reference:4589,2020,original_adoption_document,not_recovered_search_incomplete,Year-end schedule alone cannot establish this field,Retrieve earlier capital reviews and original plan; join dated disaster and asset records
ballina:reference:4589,2020,damage_access_assessment,not_recovered_search_incomplete,Year-end schedule alone cannot establish this field,Retrieve earlier capital reviews and original plan; join dated disaster and asset records
ballina:reference:4589,2020,exact_completion_dates,not_recovered_search_incomplete,Year-end schedule alone cannot establish this field,Retrieve earlier capital reviews and original plan; join dated disaster and asset records
ballina:reference:4589,2020,three_pre_event_budget_years,not_recovered_search_incomplete,Year-end schedule alone cannot establish this field,Retrieve earlier capital reviews and original plan; join dated disaster and asset records
ballina:reference:4589,2020,event_overlap_screen,not_recovered_search_incomplete,Year-end schedule alone cannot establish this field,Retrieve earlier capital reviews and original plan; join dated disaster and asset records
ballina:reference:4767,2020,Q1_amount_aud,amount_recovered_adoption_unverified,Quarterly annual estimate image-verified including proposed variations,Verify council resolution adoption and exact scope; do not treat amount as approved until checked
ballina:reference:4767,2020,Q2_amount_aud,amount_recovered_adoption_unverified,Quarterly annual estimate image-verified including proposed variations,Verify council resolution adoption and exact scope; do not treat amount as approved until checked
ballina:reference:4767,2020,Q3_amount_aud,amount_recovered_adoption_unverified,Quarterly annual estimate image-verified including proposed variations,Verify council resolution adoption and exact scope; do not treat amount as approved until checked
ballina:reference:4767,2020,original_adoption_document,resolved_adopted_plan,Final plan PDF45 and adopted June25 amendments verify original2020/21 allocation,Retain independent asset-scope and event checks
ballina:reference:4767,2020,damage_access_assessment,not_recovered_search_incomplete,Year-end schedule alone cannot establish this field,Retrieve earlier capital reviews and original plan; join dated disaster and asset records
ballina:reference:4767,2020,exact_completion_dates,not_recovered_search_incomplete,Year-end schedule alone cannot establish this field,Retrieve earlier capital reviews and original plan; join dated disaster and asset records
ballina:reference:4767,2020,three_pre_event_budget_years,not_recovered_search_incomplete,Year-end schedule alone cannot establish this field,Retrieve earlier capital reviews and original plan; join dated disaster and asset records
ballina:reference:4767,2020,event_overlap_screen,not_recovered_search_incomplete,Year-end schedule alone cannot establish this field,Retrieve earlier capital reviews and original plan; join dated disaster and asset records
ballina:reference:4768,2020,Q1_amount_aud,amount_recovered_adoption_unverified,Quarterly annual estimate image-verified including proposed variations,Verify council resolution adoption and exact scope; do not treat amount as approved until checked
ballina:reference:4768,2020,Q2_amount_aud,amount_recovered_adoption_unverified,Quarterly annual estimate image-verified including proposed variations,Verify council resolution adoption and exact scope; do not treat amount as approved until checked
ballina:reference:4768,2020,Q3_amount_aud,amount_recovered_adoption_unverified,Quarterly annual estimate image-verified including proposed variations,Verify council resolution adoption and exact scope; do not treat amount as approved until checked
ballina:reference:4768,2020,original_adoption_document,resolved_adopted_plan,Final plan PDF45 and adopted June25 amendments verify original2020/21 allocation,Retain independent asset-scope and event checks
ballina:reference:4768,2020,damage_access_assessment,not_recovered_search_incomplete,Year-end schedule alone cannot establish this field,Retrieve earlier capital reviews and original plan; join dated disaster and asset records
ballina:reference:4768,2020,exact_completion_dates,not_recovered_search_incomplete,Year-end schedule alone cannot establish this field,Retrieve earlier capital reviews and original plan; join dated disaster and asset records
ballina:reference:4768,2020,three_pre_event_budget_years,not_recovered_search_incomplete,Year-end schedule alone cannot establish this field,Retrieve earlier capital reviews and original plan; join dated disaster and asset records
ballina:reference:4768,2020,event_overlap_screen,not_recovered_search_incomplete,Year-end schedule alone cannot establish this field,Retrieve earlier capital reviews and original plan; join dated disaster and asset records
ballina:reference:4769,2020,Q1_amount_aud,amount_recovered_adoption_unverified,Quarterly annual estimate image-verified including proposed variations,Verify council resolution adoption and exact scope; do not treat amount as approved until checked
ballina:reference:4769,2020,Q2_amount_aud,amount_recovered_adoption_unverified,Quarterly annual estimate image-verified including proposed variations,Verify council resolution adoption and exact scope; do not treat amount as approved until checked
ballina:reference:4769,2020,Q3_amount_aud,amount_recovered_adoption_unverified,Quarterly annual estimate image-verified including proposed variations,Verify council resolution adoption and exact scope; do not treat amount as approved until checked
ballina:reference:4769,2020,original_adoption_document,resolved_adopted_plan,Final plan PDF45 and adopted June25 amendments verify original2020/21 allocation,Retain independent asset-scope and event checks
ballina:reference:4769,2020,damage_access_assessment,not_recovered_search_incomplete,Year-end schedule alone cannot establish this field,Retrieve earlier capital reviews and original plan; join dated disaster and asset records
ballina:reference:4769,2020,exact_completion_dates,not_recovered_search_incomplete,Year-end schedule alone cannot establish this field,Retrieve earlier capital reviews and original plan; join dated disaster and asset records
ballina:reference:4769,2020,three_pre_event_budget_years,not_recovered_search_incomplete,Year-end schedule alone cannot establish this field,Retrieve earlier capital reviews and original plan; join dated disaster and asset records
ballina:reference:4769,2020,event_overlap_screen,not_recovered_search_incomplete,Year-end schedule alone cannot establish this field,Retrieve earlier capital reviews and original plan; join dated disaster and asset records
ballina:reference:4770,2020,Q1_amount_aud,amount_recovered_adoption_unverified,Quarterly annual estimate image-verified including proposed variations,Verify council resolution adoption and exact scope; do not treat amount as approved until checked
ballina:reference:4770,2020,Q2_amount_aud,amount_recovered_adoption_unverified,Quarterly annual estimate image-verified including proposed variations,Verify council resolution adoption and exact scope; do not treat amount as approved until checked
ballina:reference:4770,2020,Q3_amount_aud,amount_recovered_adoption_unverified,Quarterly annual estimate image-verified including proposed variations,Verify council resolution adoption and exact scope; do not treat amount as approved until checked
ballina:reference:4770,2020,original_adoption_document,resolved_adopted_plan,Final plan PDF45 and adopted June25 amendments verify original2020/21 allocation,Retain independent asset-scope and event checks
ballina:reference:4770,2020,damage_access_assessment,not_recovered_search_incomplete,Year-end schedule alone cannot establish this field,Retrieve earlier capital reviews and original plan; join dated disaster and asset records
ballina:reference:4770,2020,exact_completion_dates,not_recovered_search_incomplete,Year-end schedule alone cannot establish this field,Retrieve earlier capital reviews and original plan; join dated disaster and asset records
ballina:reference:4770,2020,three_pre_event_budget_years,not_recovered_search_incomplete,Year-end schedule alone cannot establish this field,Retrieve earlier capital reviews and original plan; join dated disaster and asset records
ballina:reference:4770,2020,event_overlap_screen,not_recovered_search_incomplete,Year-end schedule alone cannot establish this field,Retrieve earlier capital reviews and original plan; join dated disaster and asset records
ballina:reference:4771,2020,Q1_amount_aud,amount_recovered_adoption_unverified,Quarterly annual estimate image-verified including proposed variations,Verify council resolution adoption and exact scope; do not treat amount as approved until checked
ballina:reference:4771,2020,Q2_amount_aud,amount_recovered_adoption_unverified,Quarterly annual estimate image-verified including proposed variations,Verify council resolution adoption and exact scope; do not treat amount as approved until checked
ballina:reference:4771,2020,Q3_amount_aud,amount_recovered_adoption_unverified,Quarterly annual estimate image-verified including proposed variations,Verify council resolution adoption and exact scope; do not treat amount as approved until checked
ballina:reference:4771,2020,original_adoption_document,resolved_adopted_plan,Final plan PDF45 and adopted June25 amendments verify original2020/21 allocation,Retain independent asset-scope and event checks
ballina:reference:4771,2020,damage_access_assessment,not_recovered_search_incomplete,Year-end schedule alone cannot establish this field,Retrieve earlier capital reviews and original plan; join dated disaster and asset records
ballina:reference:4771,2020,exact_completion_dates,not_recovered_search_incomplete,Year-end schedule alone cannot establish this field,Retrieve earlier capital reviews and original plan; join dated disaster and asset records
ballina:reference:4771,2020,three_pre_event_budget_years,not_recovered_search_incomplete,Year-end schedule alone cannot establish this field,Retrieve earlier capital reviews and original plan; join dated disaster and asset records
ballina:reference:4771,2020,event_overlap_screen,not_recovered_search_incomplete,Year-end schedule alone cannot establish this field,Retrieve earlier capital reviews and original plan; join dated disaster and asset records
ballina:reference:5488,2020,Q1_amount_aud,amount_recovered_adoption_unverified,Quarterly annual estimate image-verified including proposed variations,Verify council resolution adoption and exact scope; do not treat amount as approved until checked
ballina:reference:5488,2020,Q2_amount_aud,amount_recovered_adoption_unverified,Quarterly annual estimate image-verified including proposed variations,Verify council resolution adoption and exact scope; do not treat amount as approved until checked
ballina:reference:5488,2020,Q3_amount_aud,amount_recovered_adoption_unverified,Quarterly annual estimate image-verified including proposed variations,Verify council resolution adoption and exact scope; do not treat amount as approved until checked
ballina:reference:5488,2020,original_adoption_document,resolved_adopted_plan,Final plan PDF45 and adopted June25 amendments verify original2020/21 allocation,Retain independent asset-scope and event checks
ballina:reference:5488,2020,damage_access_assessment,not_recovered_search_incomplete,Year-end schedule alone cannot establish this field,Retrieve earlier capital reviews and original plan; join dated disaster and asset records
ballina:reference:5488,2020,exact_completion_dates,not_recovered_search_incomplete,Year-end schedule alone cannot establish this field,Retrieve earlier capital reviews and original plan; join dated disaster and asset records
ballina:reference:5488,2020,three_pre_event_budget_years,not_recovered_search_incomplete,Year-end schedule alone cannot establish this field,Retrieve earlier capital reviews and original plan; join dated disaster and asset records
ballina:reference:5488,2020,event_overlap_screen,not_recovered_search_incomplete,Year-end schedule alone cannot establish this field,Retrieve earlier capital reviews and original plan; join dated disaster and asset records
ballina:reference:6501,2020,Q1_amount_aud,amount_recovered_adoption_unverified,Quarterly annual estimate image-verified including proposed variations,Verify council resolution adoption and exact scope; do not treat amount as approved until checked
ballina:reference:6501,2020,Q2_amount_aud,amount_recovered_adoption_unverified,Quarterly annual estimate image-verified including proposed variations,Verify council resolution adoption and exact scope; do not treat amount as approved until checked
ballina:reference:6501,2020,Q3_amount_aud,amount_recovered_adoption_unverified,Quarterly annual estimate image-verified including proposed variations,Verify council resolution adoption and exact scope; do not treat amount as approved until checked
ballina:reference:6501,2020,original_adoption_document,resolved_adopted_plan,Final plan PDF45 and adopted June25 amendments verify original2020/21 allocation,Retain independent asset-scope and event checks
ballina:reference:6501,2020,damage_access_assessment,not_recovered_search_incomplete,Year-end schedule alone cannot establish this field,Retrieve earlier capital reviews and original plan; join dated disaster and asset records
ballina:reference:6501,2020,exact_completion_dates,not_recovered_search_incomplete,Year-end schedule alone cannot establish this field,Retrieve earlier capital reviews and original plan; join dated disaster and asset records
ballina:reference:6501,2020,three_pre_event_budget_years,not_recovered_search_incomplete,Year-end schedule alone cannot establish this field,Retrieve earlier capital reviews and original plan; join dated disaster and asset records
ballina:reference:6501,2020,event_overlap_screen,not_recovered_search_incomplete,Year-end schedule alone cannot establish this field,Retrieve earlier capital reviews and original plan; join dated disaster and asset records
ballina:reference:6503,2020,Q1_amount_aud,amount_recovered_adoption_unverified,Quarterly annual estimate image-verified including proposed variations,Verify council resolution adoption and exact scope; do not treat amount as approved until checked
ballina:reference:6503,2020,Q2_amount_aud,amount_recovered_adoption_unverified,Quarterly annual estimate image-verified including proposed variations,Verify council resolution adoption and exact scope; do not treat amount as approved until checked
ballina:reference:6503,2020,Q3_amount_aud,amount_recovered_adoption_unverified,Quarterly annual estimate image-verified including proposed variations,Verify council resolution adoption and exact scope; do not treat amount as approved until checked
ballina:reference:6503,2020,original_adoption_document,resolved_adopted_plan,Final plan PDF45 and adopted June25 amendments verify original2020/21 allocation,Retain independent asset-scope and event checks
ballina:reference:6503,2020,damage_access_assessment,not_recovered_search_incomplete,Year-end schedule alone cannot establish this field,Retrieve earlier capital reviews and original plan; join dated disaster and asset records
ballina:reference:6503,2020,exact_completion_dates,not_recovered_search_incomplete,Year-end schedule alone cannot establish this field,Retrieve earlier capital reviews and original plan; join dated disaster and asset records
ballina:reference:6503,2020,three_pre_event_budget_years,not_recovered_search_incomplete,Year-end schedule alone cannot establish this field,Retrieve earlier capital reviews and original plan; join dated disaster and asset records
ballina:reference:6503,2020,event_overlap_screen,not_recovered_search_incomplete,Year-end schedule alone cannot establish this field,Retrieve earlier capital reviews and original plan; join dated disaster and asset records
ballina:reference:6531,2020,Q1_amount_aud,amount_recovered_adoption_unverified,Quarterly annual estimate image-verified including proposed variations,Verify council resolution adoption and exact scope; do not treat amount as approved until checked
ballina:reference:6531,2020,Q2_amount_aud,resolved_explicit_revised_amount_approved,Schedule amount matches council resolution,"Retain original adoption, event alignment and other separate gates"
ballina:reference:6531,2020,Q3_amount_aud,resolved_explicit_revised_amount_approved,Schedule amount matches council resolution,"Retain original adoption, event alignment and other separate gates"
ballina:reference:6531,2020,original_adoption_document,resolved_adopted_plan,Final plan PDF45 and adopted June25 amendments verify original2020/21 allocation,Retain independent asset-scope and event checks
ballina:reference:6531,2020,damage_access_assessment,not_recovered_search_incomplete,Year-end schedule alone cannot establish this field,Retrieve earlier capital reviews and original plan; join dated disaster and asset records
ballina:reference:6531,2020,exact_completion_dates,not_recovered_search_incomplete,Year-end schedule alone cannot establish this field,Retrieve earlier capital reviews and original plan; join dated disaster and asset records
ballina:reference:6531,2020,three_pre_event_budget_years,not_recovered_search_incomplete,Year-end schedule alone cannot establish this field,Retrieve earlier capital reviews and original plan; join dated disaster and asset records
ballina:reference:6531,2020,event_overlap_screen,not_recovered_search_incomplete,Year-end schedule alone cannot establish this field,Retrieve earlier capital reviews and original plan; join dated disaster and asset records
ballina:reference:6545,2020,Q1_amount_aud,amount_recovered_adoption_unverified,Quarterly annual estimate image-verified including proposed variations,Verify council resolution adoption and exact scope; do not treat amount as approved until checked
ballina:reference:6545,2020,Q2_amount_aud,amount_recovered_adoption_unverified,Quarterly annual estimate image-verified including proposed variations,Verify council resolution adoption and exact scope; do not treat amount as approved until checked
ballina:reference:6545,2020,Q3_amount_aud,amount_recovered_adoption_unverified,Quarterly annual estimate image-verified including proposed variations,Verify council resolution adoption and exact scope; do not treat amount as approved until checked
ballina:reference:6545,2020,original_adoption_document,resolved_adopted_plan,Final plan PDF45 and adopted June25 amendments verify original2020/21 allocation,Retain independent asset-scope and event checks
ballina:reference:6545,2020,damage_access_assessment,not_recovered_search_incomplete,Year-end schedule alone cannot establish this field,Retrieve earlier capital reviews and original plan; join dated disaster and asset records
ballina:reference:6545,2020,exact_completion_dates,not_recovered_search_incomplete,Year-end schedule alone cannot establish this field,Retrieve earlier capital reviews and original plan; join dated disaster and asset records
ballina:reference:6545,2020,three_pre_event_budget_years,not_recovered_search_incomplete,Year-end schedule alone cannot establish this field,Retrieve earlier capital reviews and original plan; join dated disaster and asset records
ballina:reference:6545,2020,event_overlap_screen,not_recovered_search_incomplete,Year-end schedule alone cannot establish this field,Retrieve earlier capital reviews and original plan; join dated disaster and asset records
ballina:reference:2372,2020,Q1_amount_aud,amount_recovered_adoption_unverified,Quarterly annual estimate image-verified including proposed variations,Verify council resolution adoption and exact scope; do not treat amount as approved until checked
ballina:reference:2372,2020,Q2_amount_aud,resolved_explicit_revised_amount_approved,Schedule amount matches council resolution,"Retain original adoption, event alignment and other separate gates"
ballina:reference:2372,2020,Q3_amount_aud,amount_recovered_adoption_unverified,Quarterly annual estimate image-verified including proposed variations,Verify council resolution adoption and exact scope; do not treat amount as approved until checked
ballina:reference:2372,2020,original_adoption_document,resolved_adopted_plan,Final plan PDF45 and adopted June25 amendments verify original2020/21 allocation,Retain independent asset-scope and event checks
ballina:reference:2372,2020,damage_access_assessment,not_recovered_search_incomplete,Year-end schedule alone cannot establish this field,Retrieve earlier capital reviews and original plan; join dated disaster and asset records
ballina:reference:2372,2020,exact_completion_dates,not_recovered_search_incomplete,Year-end schedule alone cannot establish this field,Retrieve earlier capital reviews and original plan; join dated disaster and asset records
ballina:reference:2372,2020,three_pre_event_budget_years,not_recovered_search_incomplete,Year-end schedule alone cannot establish this field,Retrieve earlier capital reviews and original plan; join dated disaster and asset records
ballina:reference:2372,2020,event_overlap_screen,not_recovered_search_incomplete,Year-end schedule alone cannot establish this field,Retrieve earlier capital reviews and original plan; join dated disaster and asset records
ballina:reference:2544,2020,Q1_amount_aud,not_recovered_search_incomplete,Year-end schedule alone cannot establish this field,Retrieve earlier capital reviews and original plan; join dated disaster and asset records
ballina:reference:2544,2020,Q2_amount_aud,not_recovered_search_incomplete,Year-end schedule alone cannot establish this field,Retrieve earlier capital reviews and original plan; join dated disaster and asset records
ballina:reference:2544,2020,Q3_amount_aud,not_recovered_search_incomplete,Year-end schedule alone cannot establish this field,Retrieve earlier capital reviews and original plan; join dated disaster and asset records
ballina:reference:2544,2020,original_adoption_document,not_recovered_search_incomplete,Year-end schedule alone cannot establish this field,Retrieve earlier capital reviews and original plan; join dated disaster and asset records
ballina:reference:2544,2020,damage_access_assessment,not_recovered_search_incomplete,Year-end schedule alone cannot establish this field,Retrieve earlier capital reviews and original plan; join dated disaster and asset records
ballina:reference:2544,2020,exact_completion_dates,not_recovered_search_incomplete,Year-end schedule alone cannot establish this field,Retrieve earlier capital reviews and original plan; join dated disaster and asset records
ballina:reference:2544,2020,three_pre_event_budget_years,not_recovered_search_incomplete,Year-end schedule alone cannot establish this field,Retrieve earlier capital reviews and original plan; join dated disaster and asset records
ballina:reference:2544,2020,event_overlap_screen,not_recovered_search_incomplete,Year-end schedule alone cannot establish this field,Retrieve earlier capital reviews and original plan; join dated disaster and asset records
ballina:reference:2160,2018,Q1_amount_aud,not_recovered_search_incomplete,Historical annual schedule does not establish this field,Retrieve contemporaneous quarterly reviews and original plan; verify project phases and disaster overlap
ballina:reference:2160,2018,Q2_amount_aud,not_recovered_search_incomplete,Historical annual schedule does not establish this field,Retrieve contemporaneous quarterly reviews and original plan; verify project phases and disaster overlap
ballina:reference:2160,2018,Q3_amount_aud,not_recovered_search_incomplete,Historical annual schedule does not establish this field,Retrieve contemporaneous quarterly reviews and original plan; verify project phases and disaster overlap
ballina:reference:2160,2018,original_adoption_document,plan_recovered_exact_adoption_resolution_unverified,Original-year plan allocation corroborated against retrospective original estimate,Verify contemporaneous adoption resolution and publication date; retain scope checks
ballina:reference:2160,2018,expenditure_accounting_basis,not_recovered_search_incomplete,Historical annual schedule does not establish this field,Retrieve contemporaneous quarterly reviews and original plan; verify project phases and disaster overlap
ballina:reference:2160,2018,crossyear_asset_scope,not_recovered_search_incomplete,Historical annual schedule does not establish this field,Retrieve contemporaneous quarterly reviews and original plan; verify project phases and disaster overlap
ballina:reference:2160,2018,damage_access_assessment,not_recovered_search_incomplete,Historical annual schedule does not establish this field,Retrieve contemporaneous quarterly reviews and original plan; verify project phases and disaster overlap
ballina:reference:2160,2018,event_overlap_screen,not_recovered_search_incomplete,Historical annual schedule does not establish this field,Retrieve contemporaneous quarterly reviews and original plan; verify project phases and disaster overlap
ballina:reference:5488,2018,Q1_amount_aud,not_recovered_search_incomplete,Historical annual schedule does not establish this field,Retrieve contemporaneous quarterly reviews and original plan; verify project phases and disaster overlap
ballina:reference:5488,2018,Q2_amount_aud,not_recovered_search_incomplete,Historical annual schedule does not establish this field,Retrieve contemporaneous quarterly reviews and original plan; verify project phases and disaster overlap
ballina:reference:5488,2018,Q3_amount_aud,not_recovered_search_incomplete,Historical annual schedule does not establish this field,Retrieve contemporaneous quarterly reviews and original plan; verify project phases and disaster overlap
ballina:reference:5488,2018,original_adoption_document,plan_recovered_exact_adoption_resolution_unverified,Original-year plan allocation corroborated against retrospective original estimate,Verify contemporaneous adoption resolution and publication date; retain scope checks
ballina:reference:5488,2018,expenditure_accounting_basis,not_recovered_search_incomplete,Historical annual schedule does not establish this field,Retrieve contemporaneous quarterly reviews and original plan; verify project phases and disaster overlap
ballina:reference:5488,2018,crossyear_asset_scope,not_recovered_search_incomplete,Historical annual schedule does not establish this field,Retrieve contemporaneous quarterly reviews and original plan; verify project phases and disaster overlap
ballina:reference:5488,2018,damage_access_assessment,not_recovered_search_incomplete,Historical annual schedule does not establish this field,Retrieve contemporaneous quarterly reviews and original plan; verify project phases and disaster overlap
ballina:reference:5488,2018,event_overlap_screen,not_recovered_search_incomplete,Historical annual schedule does not establish this field,Retrieve contemporaneous quarterly reviews and original plan; verify project phases and disaster overlap
ballina:reference:6501,2018,Q1_amount_aud,not_recovered_search_incomplete,Historical annual schedule does not establish this field,Retrieve contemporaneous quarterly reviews and original plan; verify project phases and disaster overlap
ballina:reference:6501,2018,Q2_amount_aud,not_recovered_search_incomplete,Historical annual schedule does not establish this field,Retrieve contemporaneous quarterly reviews and original plan; verify project phases and disaster overlap
ballina:reference:6501,2018,Q3_amount_aud,not_recovered_search_incomplete,Historical annual schedule does not establish this field,Retrieve contemporaneous quarterly reviews and original plan; verify project phases and disaster overlap
ballina:reference:6501,2018,original_adoption_document,plan_recovered_exact_adoption_resolution_unverified,Original-year plan allocation corroborated against retrospective original estimate,Verify contemporaneous adoption resolution and publication date; retain scope checks
ballina:reference:6501,2018,expenditure_accounting_basis,not_recovered_search_incomplete,Historical annual schedule does not establish this field,Retrieve contemporaneous quarterly reviews and original plan; verify project phases and disaster overlap
ballina:reference:6501,2018,crossyear_asset_scope,not_recovered_search_incomplete,Historical annual schedule does not establish this field,Retrieve contemporaneous quarterly reviews and original plan; verify project phases and disaster overlap
ballina:reference:6501,2018,damage_access_assessment,not_recovered_search_incomplete,Historical annual schedule does not establish this field,Retrieve contemporaneous quarterly reviews and original plan; verify project phases and disaster overlap
ballina:reference:6501,2018,event_overlap_screen,not_recovered_search_incomplete,Historical annual schedule does not establish this field,Retrieve contemporaneous quarterly reviews and original plan; verify project phases and disaster overlap
ballina:reference:6503,2018,Q1_amount_aud,not_recovered_search_incomplete,Historical annual schedule does not establish this field,Retrieve contemporaneous quarterly reviews and original plan; verify project phases and disaster overlap
ballina:reference:6503,2018,Q2_amount_aud,not_recovered_search_incomplete,Historical annual schedule does not establish this field,Retrieve contemporaneous quarterly reviews and original plan; verify project phases and disaster overlap
ballina:reference:6503,2018,Q3_amount_aud,not_recovered_search_incomplete,Historical annual schedule does not establish this field,Retrieve contemporaneous quarterly reviews and original plan; verify project phases and disaster overlap
ballina:reference:6503,2018,original_adoption_document,plan_recovered_exact_adoption_resolution_unverified,Original-year plan allocation corroborated against retrospective original estimate,Verify contemporaneous adoption resolution and publication date; retain scope checks
ballina:reference:6503,2018,expenditure_accounting_basis,not_recovered_search_incomplete,Historical annual schedule does not establish this field,Retrieve contemporaneous quarterly reviews and original plan; verify project phases and disaster overlap
ballina:reference:6503,2018,crossyear_asset_scope,not_recovered_search_incomplete,Historical annual schedule does not establish this field,Retrieve contemporaneous quarterly reviews and original plan; verify project phases and disaster overlap
ballina:reference:6503,2018,damage_access_assessment,not_recovered_search_incomplete,Historical annual schedule does not establish this field,Retrieve contemporaneous quarterly reviews and original plan; verify project phases and disaster overlap
ballina:reference:6503,2018,event_overlap_screen,not_recovered_search_incomplete,Historical annual schedule does not establish this field,Retrieve contemporaneous quarterly reviews and original plan; verify project phases and disaster overlap
ballina:reference:2372,2018,Q1_amount_aud,not_recovered_search_incomplete,Historical annual schedule does not establish this field,Retrieve contemporaneous quarterly reviews and original plan; verify project phases and disaster overlap
ballina:reference:2372,2018,Q2_amount_aud,not_recovered_search_incomplete,Historical annual schedule does not establish this field,Retrieve contemporaneous quarterly reviews and original plan; verify project phases and disaster overlap
ballina:reference:2372,2018,Q3_amount_aud,not_recovered_search_incomplete,Historical annual schedule does not establish this field,Retrieve contemporaneous quarterly reviews and original plan; verify project phases and disaster overlap
ballina:reference:2372,2018,original_adoption_document,not_recovered_search_incomplete,Historical annual schedule does not establish this field,Retrieve contemporaneous quarterly reviews and original plan; verify project phases and disaster overlap
ballina:reference:2372,2018,expenditure_accounting_basis,not_recovered_search_incomplete,Historical annual schedule does not establish this field,Retrieve contemporaneous quarterly reviews and original plan; verify project phases and disaster overlap
ballina:reference:2372,2018,crossyear_asset_scope,not_recovered_search_incomplete,Historical annual schedule does not establish this field,Retrieve contemporaneous quarterly reviews and original plan; verify project phases and disaster overlap
ballina:reference:2372,2018,damage_access_assessment,not_recovered_search_incomplete,Historical annual schedule does not establish this field,Retrieve contemporaneous quarterly reviews and original plan; verify project phases and disaster overlap
ballina:reference:2372,2018,event_overlap_screen,not_recovered_search_incomplete,Historical annual schedule does not establish this field,Retrieve contemporaneous quarterly reviews and original plan; verify project phases and disaster overlap
ballina:reference:2160,2019,Q1_amount_aud,not_recovered_search_incomplete,Historical annual schedule does not establish this field,Retrieve contemporaneous quarterly reviews and original plan; verify project phases and disaster overlap
ballina:reference:2160,2019,Q2_amount_aud,not_recovered_search_incomplete,Historical annual schedule does not establish this field,Retrieve contemporaneous quarterly reviews and original plan; verify project phases and disaster overlap
ballina:reference:2160,2019,Q3_amount_aud,not_recovered_search_incomplete,Historical annual schedule does not establish this field,Retrieve contemporaneous quarterly reviews and original plan; verify project phases and disaster overlap
ballina:reference:2160,2019,original_adoption_document,plan_recovered_exact_adoption_resolution_unverified,Original-year plan allocation corroborated against retrospective original estimate,Verify contemporaneous adoption resolution and publication date; retain scope checks
ballina:reference:2160,2019,expenditure_accounting_basis,not_recovered_search_incomplete,Historical annual schedule does not establish this field,Retrieve contemporaneous quarterly reviews and original plan; verify project phases and disaster overlap
ballina:reference:2160,2019,crossyear_asset_scope,not_recovered_search_incomplete,Historical annual schedule does not establish this field,Retrieve contemporaneous quarterly reviews and original plan; verify project phases and disaster overlap
ballina:reference:2160,2019,damage_access_assessment,not_recovered_search_incomplete,Historical annual schedule does not establish this field,Retrieve contemporaneous quarterly reviews and original plan; verify project phases and disaster overlap
ballina:reference:2160,2019,event_overlap_screen,not_recovered_search_incomplete,Historical annual schedule does not establish this field,Retrieve contemporaneous quarterly reviews and original plan; verify project phases and disaster overlap
ballina:reference:6532,2019,Q1_amount_aud,not_recovered_search_incomplete,Historical annual schedule does not establish this field,Retrieve contemporaneous quarterly reviews and original plan; verify project phases and disaster overlap
ballina:reference:6532,2019,Q2_amount_aud,not_recovered_search_incomplete,Historical annual schedule does not establish this field,Retrieve contemporaneous quarterly reviews and original plan; verify project phases and disaster overlap
ballina:reference:6532,2019,Q3_amount_aud,not_recovered_search_incomplete,Historical annual schedule does not establish this field,Retrieve contemporaneous quarterly reviews and original plan; verify project phases and disaster overlap
ballina:reference:6532,2019,original_adoption_document,plan_recovered_exact_adoption_resolution_unverified,Original-year plan allocation corroborated against retrospective original estimate,Verify contemporaneous adoption resolution and publication date; retain scope checks
ballina:reference:6532,2019,expenditure_accounting_basis,not_recovered_search_incomplete,Historical annual schedule does not establish this field,Retrieve contemporaneous quarterly reviews and original plan; verify project phases and disaster overlap
ballina:reference:6532,2019,crossyear_asset_scope,not_recovered_search_incomplete,Historical annual schedule does not establish this field,Retrieve contemporaneous quarterly reviews and original plan; verify project phases and disaster overlap
ballina:reference:6532,2019,damage_access_assessment,not_recovered_search_incomplete,Historical annual schedule does not establish this field,Retrieve contemporaneous quarterly reviews and original plan; verify project phases and disaster overlap
ballina:reference:6532,2019,event_overlap_screen,not_recovered_search_incomplete,Historical annual schedule does not establish this field,Retrieve contemporaneous quarterly reviews and original plan; verify project phases and disaster overlap
ballina:reference:5488,2019,Q1_amount_aud,not_recovered_search_incomplete,Historical annual schedule does not establish this field,Retrieve contemporaneous quarterly reviews and original plan; verify project phases and disaster overlap
ballina:reference:5488,2019,Q2_amount_aud,not_recovered_search_incomplete,Historical annual schedule does not establish this field,Retrieve contemporaneous quarterly reviews and original plan; verify project phases and disaster overlap
ballina:reference:5488,2019,Q3_amount_aud,not_recovered_search_incomplete,Historical annual schedule does not establish this field,Retrieve contemporaneous quarterly reviews and original plan; verify project phases and disaster overlap
ballina:reference:5488,2019,original_adoption_document,plan_recovered_exact_adoption_resolution_unverified,Original-year plan allocation corroborated against retrospective original estimate,Verify contemporaneous adoption resolution and publication date; retain scope checks
ballina:reference:5488,2019,expenditure_accounting_basis,not_recovered_search_incomplete,Historical annual schedule does not establish this field,Retrieve contemporaneous quarterly reviews and original plan; verify project phases and disaster overlap
ballina:reference:5488,2019,crossyear_asset_scope,not_recovered_search_incomplete,Historical annual schedule does not establish this field,Retrieve contemporaneous quarterly reviews and original plan; verify project phases and disaster overlap
ballina:reference:5488,2019,damage_access_assessment,not_recovered_search_incomplete,Historical annual schedule does not establish this field,Retrieve contemporaneous quarterly reviews and original plan; verify project phases and disaster overlap
ballina:reference:5488,2019,event_overlap_screen,not_recovered_search_incomplete,Historical annual schedule does not establish this field,Retrieve contemporaneous quarterly reviews and original plan; verify project phases and disaster overlap
ballina:reference:6501,2019,Q1_amount_aud,not_recovered_search_incomplete,Historical annual schedule does not establish this field,Retrieve contemporaneous quarterly reviews and original plan; verify project phases and disaster overlap
ballina:reference:6501,2019,Q2_amount_aud,not_recovered_search_incomplete,Historical annual schedule does not establish this field,Retrieve contemporaneous quarterly reviews and original plan; verify project phases and disaster overlap
ballina:reference:6501,2019,Q3_amount_aud,not_recovered_search_incomplete,Historical annual schedule does not establish this field,Retrieve contemporaneous quarterly reviews and original plan; verify project phases and disaster overlap
ballina:reference:6501,2019,original_adoption_document,plan_recovered_exact_adoption_resolution_unverified,Original-year plan allocation corroborated against retrospective original estimate,Verify contemporaneous adoption resolution and publication date; retain scope checks
ballina:reference:6501,2019,expenditure_accounting_basis,not_recovered_search_incomplete,Historical annual schedule does not establish this field,Retrieve contemporaneous quarterly reviews and original plan; verify project phases and disaster overlap
ballina:reference:6501,2019,crossyear_asset_scope,not_recovered_search_incomplete,Historical annual schedule does not establish this field,Retrieve contemporaneous quarterly reviews and original plan; verify project phases and disaster overlap
ballina:reference:6501,2019,damage_access_assessment,not_recovered_search_incomplete,Historical annual schedule does not establish this field,Retrieve contemporaneous quarterly reviews and original plan; verify project phases and disaster overlap
ballina:reference:6501,2019,event_overlap_screen,not_recovered_search_incomplete,Historical annual schedule does not establish this field,Retrieve contemporaneous quarterly reviews and original plan; verify project phases and disaster overlap
ballina:reference:6503,2019,Q1_amount_aud,not_recovered_search_incomplete,Historical annual schedule does not establish this field,Retrieve contemporaneous quarterly reviews and original plan; verify project phases and disaster overlap
ballina:reference:6503,2019,Q2_amount_aud,not_recovered_search_incomplete,Historical annual schedule does not establish this field,Retrieve contemporaneous quarterly reviews and original plan; verify project phases and disaster overlap
ballina:reference:6503,2019,Q3_amount_aud,not_recovered_search_incomplete,Historical annual schedule does not establish this field,Retrieve contemporaneous quarterly reviews and original plan; verify project phases and disaster overlap
ballina:reference:6503,2019,original_adoption_document,plan_recovered_exact_adoption_resolution_unverified,Original-year plan allocation corroborated against retrospective original estimate,Verify contemporaneous adoption resolution and publication date; retain scope checks
ballina:reference:6503,2019,expenditure_accounting_basis,not_recovered_search_incomplete,Historical annual schedule does not establish this field,Retrieve contemporaneous quarterly reviews and original plan; verify project phases and disaster overlap
ballina:reference:6503,2019,crossyear_asset_scope,not_recovered_search_incomplete,Historical annual schedule does not establish this field,Retrieve contemporaneous quarterly reviews and original plan; verify project phases and disaster overlap
ballina:reference:6503,2019,damage_access_assessment,not_recovered_search_incomplete,Historical annual schedule does not establish this field,Retrieve contemporaneous quarterly reviews and original plan; verify project phases and disaster overlap
ballina:reference:6503,2019,event_overlap_screen,not_recovered_search_incomplete,Historical annual schedule does not establish this field,Retrieve contemporaneous quarterly reviews and original plan; verify project phases and disaster overlap
ballina:reference:6531,2019,Q1_amount_aud,not_recovered_search_incomplete,Historical annual schedule does not establish this field,Retrieve contemporaneous quarterly reviews and original plan; verify project phases and disaster overlap
ballina:reference:6531,2019,Q2_amount_aud,not_recovered_search_incomplete,Historical annual schedule does not establish this field,Retrieve contemporaneous quarterly reviews and original plan; verify project phases and disaster overlap
ballina:reference:6531,2019,Q3_amount_aud,not_recovered_search_incomplete,Historical annual schedule does not establish this field,Retrieve contemporaneous quarterly reviews and original plan; verify project phases and disaster overlap
ballina:reference:6531,2019,original_adoption_document,plan_recovered_exact_adoption_resolution_unverified,Original-year plan allocation corroborated against retrospective original estimate,Verify contemporaneous adoption resolution and publication date; retain scope checks
ballina:reference:6531,2019,expenditure_accounting_basis,not_recovered_search_incomplete,Historical annual schedule does not establish this field,Retrieve contemporaneous quarterly reviews and original plan; verify project phases and disaster overlap
ballina:reference:6531,2019,crossyear_asset_scope,not_recovered_search_incomplete,Historical annual schedule does not establish this field,Retrieve contemporaneous quarterly reviews and original plan; verify project phases and disaster overlap
ballina:reference:6531,2019,damage_access_assessment,not_recovered_search_incomplete,Historical annual schedule does not establish this field,Retrieve contemporaneous quarterly reviews and original plan; verify project phases and disaster overlap
ballina:reference:6531,2019,event_overlap_screen,not_recovered_search_incomplete,Historical annual schedule does not establish this field,Retrieve contemporaneous quarterly reviews and original plan; verify project phases and disaster overlap
ballina:reference:2372,2019,Q1_amount_aud,not_recovered_search_incomplete,Historical annual schedule does not establish this field,Retrieve contemporaneous quarterly reviews and original plan; verify project phases and disaster overlap
ballina:reference:2372,2019,Q2_amount_aud,not_recovered_search_incomplete,Historical annual schedule does not establish this field,Retrieve contemporaneous quarterly reviews and original plan; verify project phases and disaster overlap
ballina:reference:2372,2019,Q3_amount_aud,not_recovered_search_incomplete,Historical annual schedule does not establish this field,Retrieve contemporaneous quarterly reviews and original plan; verify project phases and disaster overlap
ballina:reference:2372,2019,original_adoption_document,plan_recovered_exact_adoption_resolution_unverified,Original-year plan allocation corroborated against retrospective original estimate,Verify contemporaneous adoption resolution and publication date; retain scope checks
ballina:reference:2372,2019,expenditure_accounting_basis,not_recovered_search_incomplete,Historical annual schedule does not establish this field,Retrieve contemporaneous quarterly reviews and original plan; verify project phases and disaster overlap
ballina:reference:2372,2019,crossyear_asset_scope,not_recovered_search_incomplete,Historical annual schedule does not establish this field,Retrieve contemporaneous quarterly reviews and original plan; verify project phases and disaster overlap
ballina:reference:2372,2019,damage_access_assessment,not_recovered_search_incomplete,Historical annual schedule does not establish this field,Retrieve contemporaneous quarterly reviews and original plan; verify project phases and disaster overlap
ballina:reference:2372,2019,event_overlap_screen,not_recovered_search_incomplete,Historical annual schedule does not establish this field,Retrieve contemporaneous quarterly reviews and original plan; verify project phases and disaster overlap
ballina:reference:2160,2017,Q1_amount_aud,amount_recovered_report_noted_no_new_approval,Minutes note report and approve listed other amendments; skate estimate is reported not newly approved,Trace original/carryover authorisation; retain scope and damage checks
ballina:reference:2160,2017,Q2_amount_aud,amount_recovered_report_noted_no_new_approval,Minutes note report and approve listed other amendments; skate estimate is reported not newly approved,Trace original/carryover authorisation; retain scope and damage checks
ballina:reference:2160,2017,Q3_amount_aud,amount_and_decision_verified,50000 adopted26April2018 in resolution260418/18,"Retain original allocation, scope, damage and accounting checks"
ballina:reference:2160,2017,original_adoption_document,not_recovered_search_incomplete,Annual report only; reference2160 also labels cemetery project. Initial adoption resolution found but original allocation attachment not yet verified.,Retrieve original exhibited plan and quarterly capital schedules; match category and name and audit exposure
ballina:reference:2160,2017,expenditure_accounting_basis,not_recovered_search_incomplete,Annual report only; reference2160 also labels cemetery project. Initial adoption resolution found but original allocation attachment not yet verified.,Retrieve original exhibited plan and quarterly capital schedules; match category and name and audit exposure
ballina:reference:2160,2017,crossyear_asset_scope,not_recovered_search_incomplete,Annual report only; reference2160 also labels cemetery project. Initial adoption resolution found but original allocation attachment not yet verified.,Retrieve original exhibited plan and quarterly capital schedules; match category and name and audit exposure
ballina:reference:2160,2017,damage_access_assessment,not_recovered_search_incomplete,Annual report only; reference2160 also labels cemetery project. Initial adoption resolution found but original allocation attachment not yet verified.,Retrieve original exhibited plan and quarterly capital schedules; match category and name and audit exposure
ballina:reference:2160,2017,event_overlap_screen,not_recovered_search_incomplete,Annual report only; reference2160 also labels cemetery project. Initial adoption resolution found but original allocation attachment not yet verified.,Retrieve original exhibited plan and quarterly capital schedules; match category and name and audit exposure
