url,link_status,http_code,final_url,checked_date,error
http://gwydirshire.com/wp-content/uploads/2017/12/GSC_Annual_Report2016-2017-financials.pdf,OK,200,,2026-10-02,
http://royalcommission.vic.gov.au/Finaldocuments/volume-1/HR/VBRC_Vol1_ChapterNN_HR.pdf,OK,200,https://www.vic.gov.au/inquiries-and-commissions,2026-10-02,
http://royalcommission.vic.gov.au/Finaldocuments/volume-1/HR/VBRC_Vol1_Introduction_HR.pdf,OK,200,,2026-10-02,
http://royalcommission.vic.gov.au/finaldocuments/summary/PF/VBRC_Summary_PF.pdf,OK,200,,2026-10-02,
http://royalcommission.vic.gov.au/getdoc/d4fdd202-24b9-4625-996a-288fb655b492/TEN.046.001.0001.pdf,OK,200,,2026-10-02,
http://shoalhaven.infocouncil.biz/Open/2020/01/CL_20200120_AGN_16155_AT_EXTRA.htm,OK,200,https://shoalhaven.infocouncil.biz/Open/2020/01/CL_20200120_AGN_16155_AT_EXTRA.htm,2026-10-02,
http://web.archive.org/web/20201101051538id_/https://minister.homeaffairs.gov.au/davidlittleproud/Pages/nsw-bushfire-community-resilience-fund-grants.aspx,BLOCKED,429,,2026-10-02,
http://web.archive.org/web/20210309162441id_/https://www.bushfirerecovery.gov.au/sites/default/files/files/Local%20council%20list_%20PDF%20download.pdf,BLOCKED,429,,2026-10-02,
http://web.archive.org/web/20210928190011/https://www.bushfirerecovery.gov.au/news/more-funding-local-governments-recovering-bushfires,OK,200,,2026-10-02,
http://web.archive.org/web/20220815212716id_/https://recovery.gov.au/sites/default/files/BSBR%20-%20Approved%20Projects..pdf,BLOCKED,429,,2026-10-02,
http://web.archive.org/web/20230319095607/https://www.pmhc.nsw.gov.au/files/assets/public/document-files/your-council/annualreports/2019-2020-annual-report-part-a-community-report-card-final.pdf,BLOCKED,429,,2026-10-02,
http://web.archive.org/web/20250414191254/https://www.midcoast.nsw.gov.au/files/assets/public/v/3/document-resources/council/plans-amp-publications/mcc-2019-20-annual-report.pdf,BLOCKED,429,,2026-10-02,
http://webdocs.bankstown.nsw.gov.au/api/publish?documentPath=aHR0cDovL2lzaGFyZS9zaXRlcy9GaW5hbmNpYWxTZXJ2aWNlcy9GaW5hbmNpYWwgUmVwb3J0aW5nL0FubnVhbCBGaW5hbmNpYWwgU3RhdGVtZW50cy8yMDE2IDIwMTcgQW5udWFsIEZpbmFuY2lhbCBTdGF0ZW1lbnRzL0NCQ19HZW5lcmFsIFB1cnBvc2UgRmluYW5jaWFsIFN0YXRlbWVudHNfMTYxNy5wZGY=&title=CBC_General%20Purpose%20Financial%20Statements_1617.pdf,OK,200,https://webdocs.bankstown.nsw.gov.au/api/publish?documentPath=aHR0cDovL2lzaGFyZS9zaXRlcy9GaW5hbmNpYWxTZXJ2aWNlcy9GaW5hbmNpYWwgUmVwb3J0aW5nL0FubnVhbCBGaW5hbmNpYWwgU3RhdGVtZW50cy8yMDE2IDIwMTcgQW5udWFsIEZpbmFuY2lhbCBTdGF0ZW1lbnRzL0NCQ19HZW5lcmFsIFB1cnBvc2UgRmluYW5jaWFsIFN0YXRlbWVudHNfMTYxNy5wZGY=&title=CBC_General%20Purpose%20Financial%20Statements_1617.pdf,2026-10-02,
http://www.abc.net.au/news/2017-01-18/properties-lost-as-nsw-firefighters-tackle-kurri-kurri-blazes/8191438,OK,200,https://www.abc.net.au/news/2017-01-18/homes-ablaze-as-firefighters-tackle-hunter-valley-bushfires/8191438,2026-10-02,
http://www.abc.net.au/news/2018-08-19/salt-ash-bushfire-in-emergency-state/10137646,OK,200,https://www.abc.net.au/news/2018-08-19/nsw-bushfires-salt-ash-blaze-downgraded/10137646,2026-10-02,
http://www.cfa.vic.gov.au/about-us/history-major-fires/major-fires/2019-2020-bushfires,OK,200,https://www.cfa.vic.gov.au/about-us/who-we-are/history-and-major-fires/2019-2020-bushfires,2026-10-02,
http://www.cfa.vic.gov.au/about-us/history-major-fires/major-fires/black-saturday-2009,OK,200,https://www.cfa.vic.gov.au/about-us/who-we-are/history-and-major-fires/black-saturday/black-saturday,2026-10-02,
http://www.iag.com.au/sites/default/files/Newsroom%20PDFs/Report%20-%20The%20backbone%20of%20regional%20and%20rural%20economies_0.pdf,OK,200,https://www.iag.com.au/,2026-10-02,
https://1800respect.org.au/news-and-media/press-release-archive/violence-in-times-of-disaster-october-2016,OK,200,,2026-10-02,
https://24noticias.sapo.pt/local/leiria?pagina=46,BLOCKED,429,,2026-10-02,
https://FridayOffcuts.com/index.cfm?id=841,OK,200,https://fridayoffcuts.com/index.cfm?id=841,2026-10-02,
https://aahms.org/wp-content/uploads/2022/02/The-Australian-Bushfires-and-the-impact-on-health_evidence-doc.pdf,OK,200,https://aahms.org/wp-content/uploads/2025/09/The-Australian-Bushfires-and-the-impact-on-health_evidence-doc.pdf,2026-10-02,
https://aapnews.aap.com.au/news/extreme-fire-danger-for-nsw-as-arson-probe-continues,OK,200,,2026-10-02,
https://aapnews.aap.com.au/news/rebuilding-homes-to-be-quicker-after-nsw-disasters,OK,200,,2026-10-02,
https://aapnews.aap.com.au/news/residents-relief-as-storm-brings-rain-to-fire-grounds,OK,200,,2026-10-02,
https://aapnews.aap.com.au/news/seven-homes-lost-in-northern-nsw-bushfire,OK,200,,2026-10-02,
https://aapnews.com.au/news/rebuilding-homes-to-be-quicker-after-nsw-disasters,OK,200,https://aapnews.aap.com.au/news/rebuilding-homes-to-be-quicker-after-nsw-disasters,2026-10-02,
https://aares.org.au/events/AARES-Federal-Webinar-Are-Australians-building-back-better-after-the-Black-Summer-fires,OK,200,https://www.aares.org.au/events/AARES-Federal-Webinar-Are-Australians-building-back-better-after-the-Black-Summer-fires,2026-10-02,
https://ab.co/2ZUodwa,OK,200,https://www.abc.net.au/news/2020-01-07/farmers-recount-heartbreaking-toll-of-bushfire-livestock-losses/11844696?fbclid=IwAR2CLsjUeHYGwOM6OZzkt8DrRBBd-O6ehfpQz86fAu7rqMroR7bSlNXXn0M,2026-10-02,
https://ab.co/35K3MUg,OK,200,https://www.abc.net.au/news/2020-01-09/nsw-government-commits-one-billion-to-fires-recovery/11854274,2026-10-02,
https://ab.co/3ggUK7s,OK,200,https://www.abc.net.au/news/2020-05-26/bushfire-royal-commission-hearings-smoke-killed-445-people/12286094,2026-10-02,
https://abc7news.com/amp/post/california-home-insurance-premiums-spike-84-wildfire-risk-grows-stanford-researchers-say/19436810/,OK,200,,2026-10-02,
https://abc7news.com/post/california-home-insurance-premiums-spike-84-wildfire-risk-grows-stanford-researchers-say/19436810/,OK,200,,2026-10-02,
https://about.unimelb.edu.au/newsroom/news/2016/november/social-ties-critical-for-black-saturday-bushfires-survivors-study,BLOCKED,403,,2026-10-02,
https://about.unimelb.edu.au/newsroom/news/2021/march/bushfire-recovery-its-a-long-story-10-year-report,BLOCKED,403,,2026-10-02,
https://aboutregional.com.au/?p=349091,OK,200,https://aboutregional.com.au/can-south-coast-tourism-businesses-reclaim-a-summer-lost-to-fire/349091/,2026-10-02,
https://aboutregional.com.au/?p=365641,OK,200,https://aboutregional.com.au/bega-mayor-urges-property-owners-to-put-vacant-properties-up-for-rent-to-ease-housing-shortage/365641/,2026-10-02,
https://aboutregional.com.au/?p=366707,OK,200,https://aboutregional.com.au/musical-chairs-for-holiday-makers-as-border-closures-disrupt-plans/366707/,2026-10-02,
https://aboutregional.com.au/?p=370020,OK,200,https://aboutregional.com.au/new-survey-reveals-half-of-bega-valley-businesses-could-collapse-in-2021/370020/,2026-10-02,
https://aboutregional.com.au/?p=373027,OK,200,https://aboutregional.com.au/promising-signs-as-south-coast-tourism-comes-back-to-life/373027/,2026-10-02,
https://aboutregional.com.au/?p=385874,OK,200,https://aboutregional.com.au/two-year-extension-granted-for-bega-valleys-fire-affected-residents-living-in-temporary-homes/385874/,2026-10-02,
https://aboutregional.com.au/?p=412527,OK,200,https://aboutregional.com.au/with-holiday-bookings-down-canberrans-could-make-or-break-summer-in-eurobodalla/412527/,2026-10-02,
https://aboutregional.com.au/?p=417122,OK,200,https://aboutregional.com.au/bushfire-report-preparedness-key-to-better-mental-health-following-natural-disasters/417122/,2026-10-02,
https://aboutregional.com.au/?p=434458,OK,200,https://aboutregional.com.au/far-south-coast-school-closures-down-to-pre-agreed-thresholds-as-region-braces-for-a-dry-summer/434458/,2026-10-02,
https://aboutregional.com.au/?p=465878,OK,200,https://aboutregional.com.au/five-years-after-the-fatal-bushfires-can-far-south-coast-communications-infrastructure-better-withstand-disasters/465878/,2026-10-02,
https://aboutregional.com.au/far-south-coast-school-closures-down-to-pre-agreed-thresholds-as-region-braces-for-a-dry-summer/434458/,OK,200,,2026-10-02,
https://aboutregional.com.au/fight-to-improve-eurobodallas-communication-infrastructure-ramps-up-ahead-of-federal-election/,OK,200,,2026-10-02,
https://aboutregional.com.au/promising-signs-as-south-coast-tourism-comes-back-to-life/,OK,200,,2026-10-02,
https://abs.gov.au/AUSSTATS/abs@.nsf/7d12b0f6763c78caca257061001cc588!OpenView&Start=5039.113&Count=1000&Expand=5039.126,OK,200,https://www.abs.gov.au:443/AUSSTATS/abs@.nsf/7d12b0f6763c78caca257061001cc588!OpenView&Start=5039.113&Count=1000&Expand=5039.126,2026-10-02,
https://abs.gov.au/AUSSTATS/abs@.nsf/7d12b0f6763c78caca257061001cc588!OpenView&Start=5039.58&Count=1000&Expand=5039.65,OK,200,https://www.abs.gov.au:443/AUSSTATS/abs@.nsf/7d12b0f6763c78caca257061001cc588!OpenView&Start=5039.58&Count=1000&Expand=5039.65,2026-10-02,
https://abs.gov.au/Ausstats/abs@.nsf/0/E659BC200FA398E7CA2585910016DE0B,OK,200,https://www.abs.gov.au/statistics/labour/employment-and-unemployment/labour-force-australia-detailed-quarterly/latest-release,2026-10-02,
https://abs.gov.au/articles/population-movement-australia,OK,200,https://www.abs.gov.au:443/articles/population-movement-australia,2026-10-02,
https://abs.gov.au/ausstats/abs@.nsf/Lookup/2007.0main+features142021,OK,200,https://www.abs.gov.au:443/ausstats/abs@.nsf/Lookup/2007.0main+features142021,2026-10-02,
https://abs.gov.au/ausstats/abs@.nsf/Previousproducts/9A479914B1D43E57CA2576CE001B9543?opendocument=,OK,200,https://www.abs.gov.au:443/ausstats/abs@.nsf/Previousproducts/9A479914B1D43E57CA2576CE001B9543?opendocument=,2026-10-02,
https://abs.gov.au/census/find-census-data/community-profiles/2021/POA2096,OK,200,,2026-10-02,
https://abs.gov.au/census/find-census-data/quickstats/2021/104011080,OK,200,,2026-10-02,
https://abs.gov.au/census/find-census-data/quickstats/2021/ILOC10400403,OK,200,,2026-10-02,
https://abs.gov.au/census/find-census-data/quickstats/2021/IQS104011080,OK,200,,2026-10-02,
https://abs.gov.au/census/find-census-data/quickstats/2021/SAL11739,OK,200,,2026-10-02,
https://academic.oup.com/joeg/article/4093904,BLOCKED,403,,2026-10-02,
https://academicnewsletter.sufe.edu.cn/info/264646,FAILED,,,2026-10-02,"ConnectionError: HTTPSConnectionPool(host='academicnewsletter.sufe.edu.cn', port=443): Max retries exceeded with url: /info/264646 (Caused by NewConnectionError('<urll"
https://academicnewsletter.sufe.edu.cn/info/276867,FAILED,,,2026-10-02,"ConnectionError: HTTPSConnectionPool(host='academicnewsletter.sufe.edu.cn', port=443): Max retries exceeded with url: /info/276867 (Caused by NewConnectionError('<urll"
https://academicnewsletter.sufe.edu.cn/info/342482,FAILED,,,2026-10-02,"ConnectionError: HTTPSConnectionPool(host='academicnewsletter.sufe.edu.cn', port=443): Max retries exceeded with url: /info/342482 (Caused by NewConnectionError('<urll"
https://academicnewsletter.sufe.edu.cn/info/342500,FAILED,,,2026-10-02,"ConnectionError: HTTPSConnectionPool(host='academicnewsletter.sufe.edu.cn', port=443): Max retries exceeded with url: /info/342500 (Caused by NewConnectionError('<urll"
https://academicnewsletter.sufe.edu.cn/info/342756,FAILED,,,2026-10-02,"ConnectionError: HTTPSConnectionPool(host='academicnewsletter.sufe.edu.cn', port=443): Max retries exceeded with url: /info/342756 (Caused by NewConnectionError('<urll"
https://academicnewsletter.sufe.edu.cn/info/354921,FAILED,,,2026-10-02,"ConnectionError: HTTPSConnectionPool(host='academicnewsletter.sufe.edu.cn', port=443): Max retries exceeded with url: /info/354921 (Caused by NewConnectionError('<urll"
https://acara.edu.au/contact-us/acara-data-access,OK,200,,2026-10-02,
https://acara.edu.au/news-and-media/acara-update-archive/acara-update-archive-2025/acara-update-dec-2025,OK,200,,2026-10-02,
https://access.prov.vic.gov.au/archive/VA4864,FAILED,,,2026-10-02,"ConnectionError: HTTPSConnectionPool(host='access.prov.vic.gov.au', port=443): Max retries exceeded with url: /archive/VA4864 (Caused by NameResolutionError(""<urllib3."
https://accessnews.com.au/professional-services/item/2674-tourism-burnt-by-bush-fires,OK,200,https://www.accessnews.com.au/professional-services/item/2674-tourism-burnt-by-bush-fires,2026-10-02,
https://accountantsdaily.com.au/business/14089-2-in-3-aussie-smes-impacted-by-bushfires%20class=astylenone,OK,200,https://www.accountantsdaily.com.au/business/14089-2-in-3-aussie-smes-impacted-by-bushfires%20class=astylenone,2026-10-02,
https://acma.gov.au/node/2923,OK,200,https://www.acma.gov.au/publications/2020-09/report/action-telco-consumer-protections-april-june-2020,2026-10-02,
https://ada.edu.au/?p=492,OK,200,https://ada.edu.au/household-income-and-labour-dynamics-in-australia-hilda-survey/,2026-10-02,
https://ada.edu.au/household-income-and-labour-dynamics-in-australia-hilda-survey,OK,200,https://ada.edu.au/household-income-and-labour-dynamics-in-australia-hilda-survey/,2026-10-02,
https://admin.nber.org/data-appendix/w20713/2014-09-02-online-appendix.pdf,OK,200,https://data.nber.org/data-appendix//w20713/2014-09-02-online-appendix.pdf,2026-10-02,
https://admin.nber.org/data-appendix/w22272/2016-05-16-Deryugina-appendix.pdf,OK,200,https://data.nber.org/data-appendix//w22272/2016-05-16-Deryugina-appendix.pdf,2026-10-02,
https://admin.rfs.nsw.gov.au/__data/assets/pdf_file/0018/4464/Annual-Report-2006-2007.pdf,FAILED,,,2026-10-02,"ConnectionError: HTTPSConnectionPool(host='admin.rfs.nsw.gov.au', port=443): Max retries exceeded with url: /__data/assets/pdf_file/0018/4464/Annual-Report-2006-2007.p"
https://admin.rfs.nsw.gov.au/__data/assets/pdf_file/0018/4491/RFS-Annual-Report-2004-2005.pdf,FAILED,,,2026-10-02,"ConnectionError: HTTPSConnectionPool(host='admin.rfs.nsw.gov.au', port=443): Max retries exceeded with url: /__data/assets/pdf_file/0018/4491/RFS-Annual-Report-2004-20"
https://admin.rfs.nsw.gov.au/__data/assets/pdf_file/0020/4484/RFS-Annual-Report-2005-2006-Part-2-pages-1-53.pdf,FAILED,,,2026-10-02,"ConnectionError: HTTPSConnectionPool(host='admin.rfs.nsw.gov.au', port=443): Max retries exceeded with url: /__data/assets/pdf_file/0020/4484/RFS-Annual-Report-2005-20"
https://adra.org.au/black-summer/,OK,200,,2026-10-02,
https://ads.atmosphere.copernicus.eu/,OK,200,,2026-10-02,
https://aeastaging.aeaweb.org/research/hurricane-aid-transfer-benefit-fiscal-cost,OK,200,,2026-10-02,
https://aeaweb.org/conference/2014/retrieve.php?pdfid=243,OK,200,https://www.aeaweb.org/conference/2014/retrieve.php?pdfid=243,2026-10-02,
https://aeaweb.org/conference/2020/preliminary/paper/YYnFtk9N,OK,200,https://www.aeaweb.org/conference/2020/preliminary/paper/YYnFtk9N,2026-10-02,
https://aeaweb.org/content/file?id=5054,OK,200,https://www.aeaweb.org/content/file?id=5054,2026-10-02,
https://afac-2015.m.asnevents.com.au/schedule/session/5795/abstract/24064,OK,200,,2026-10-02,
https://ageconsearch.umn.edu/record/235236?ln=en,OK,202,,2026-10-02,
https://ageconsearch.umn.edu/record/235304/files/Fleming_%20C%20upload.pdf,OK,202,,2026-10-02,
https://agendasandminutes.wollondilly.nsw.gov.au/,OK,200,,2026-10-02,
https://agendasandminutes.wollondilly.nsw.gov.au/Open/2020/02/CO20200211AGN2245_AT_EXTRA.htm,OK,200,,2026-10-02,
https://agendasandminutes.wollondilly.nsw.gov.au/Open/2020/06/CO20200616AGN2238.htm,OK,200,,2026-10-02,
https://agendasandminutes.wollondilly.nsw.gov.au/Open/2020/10/CO20201020AGN2242.HTM,OK,200,,2026-10-02,
https://agriculture.gov.au/abares/aclump/land-use/agriculture-census-dashboards,OK,200,https://www.agriculture.gov.au/abares/aclump/land-use/agriculture-census-dashboards,2026-10-02,
https://agu.confex.com/agu/fm14/webprogram/Paper3839.html,OK,200,https://studio.m-anage.com/agu/fm14/webprogram/Paper3839.html,2026-10-02,
https://aic.gov.au/sites/default/files/2020-05/bfab002.pdf,OK,200,https://www.aic.gov.au/sites/default/files/2020-05/bfab002.pdf,2026-10-02,
https://alga.com.au/?p=13582,BROKEN,404,,2026-10-02,
https://alga.com.au/?p=14001,BROKEN,404,,2026-10-02,
https://alga.com.au/?p=15501,BROKEN,404,,2026-10-02,
https://alga.com.au/budget-2020-21-what-it-means-for-the-local-government-sector/,OK,200,,2026-10-02,
https://amp.cbc.ca/news/canada/edmonton/fort-mcmurray-prepares-temporary-housing-for-residents-who-lost-homes-1.3588572,OK,200,https://www.cbc.ca/news/canada/edmonton/fort-mcmurray-prepares-temporary-housing-for-residents-who-lost-homes-1.3588572,2026-10-02,
https://analytics.uhero.hawaii.edu/maui-recovery-dashboard/housing-and-jobs/housing/rents,OK,200,,2026-10-02,
https://andrewmclachlan.com.au/briefing-room/media/fighting-spirit-lives-on-after-black-summer-fires-the-australian,BROKEN,404,,2026-10-02,
https://anrows.intersearch.com.au/anrowsjspui/handle/1/12860,OK,200,https://anrows.intersearch.com.au/handle/1/12860,2026-10-02,
https://anrows.intersearch.com.au/anrowsjspui/handle/1/12860?mode=full,OK,200,https://anrows.intersearch.com.au/handle/1/12860?mode=full,2026-10-02,
https://anrows.intersearch.com.au/anrowsjspui/handle/1/15489,OK,200,https://anrows.intersearch.com.au/handle/1/15489,2026-10-02,
https://anrows.intersearch.com.au/anrowsjspui/handle/1/15489?mode=full,OK,200,https://anrows.intersearch.com.au/handle/1/15489?mode=full,2026-10-02,
https://anrows.intersearch.com.au/anrowsjspui/handle/1/19654,OK,200,https://anrows.intersearch.com.au/handle/1/19654,2026-10-02,
https://anrows.intersearch.com.au/anrowsjspui/handle/1/19654?mode=full,OK,200,https://anrows.intersearch.com.au/handle/1/19654?mode=full,2026-10-02,
https://anthonyalbanese.com.au/albanese-chalmers-oconnor-transcript-doorstop-interview-parliament-house-canberra-thursday-14-may-2020,OK,200,,2026-10-02,
https://anzmh.asn.au/blog/disaster/violence-against-women-in-time-of-disaster,OK,200,,2026-10-02,
https://anzmh.asn.au/blog/mental-health/five-years-black-saturday-survivors-ok,OK,200,,2026-10-02,
https://anzmh.asn.au/disaster/violence-against-women-in-time-of-disaster,OK,200,https://anzmh.asn.au/blog/disaster/violence-against-women-in-time-of-disaster,2026-10-02,
https://anzmh.asn.au/mental-health/use-of-medicare-subsidised-mental-health-services-rising/,OK,200,https://anzmh.asn.au/blog/mental-health/use-of-medicare-subsidised-mental-health-services-rising,2026-10-02,
https://aph.gov.au/Parliamentary_Business/Committees/Senate/Finance_and_Public_Administration/Bushfirerecovery/Government_Response,OK,200,https://www.aph.gov.au/Parliamentary_Business/Committees/Senate/Finance_and_Public_Administration/Bushfirerecovery/Government_Response,2026-10-02,
https://aph.gov.au/Parliamentary_Business/Committees/Senate/Finance_and_Public_Administration/Bushfirerecovery/Media_Releases,OK,200,https://www.aph.gov.au/Parliamentary_Business/Committees/Senate/Finance_and_Public_Administration/Bushfirerecovery/Media_Releases,2026-10-02,
https://api.internal-displacement.org/sites/default/files/publications/documents/Australian%20bushfires_Final.pdf,OK,200,,2026-10-02,
https://api.parliament.nsw.gov.au/api/hansard/search/daily/fragment/HANSARD-1323879322-100235,OK,200,,2026-10-02,
https://api.parliament.nsw.gov.au/api/hansard/search/daily/fragment/HANSARD-1323879322-103402,OK,200,,2026-10-02,
https://api.parliament.nsw.gov.au/api/hansard/search/daily/fragment/HANSARD-1323879322-95028,OK,200,,2026-10-02,
https://api.parliament.nsw.gov.au/api/hansard/search/daily/fragment/HANSARD-1323879322-95356,OK,200,,2026-10-02,
https://api.parliament.nsw.gov.au/api/hansard/search/daily/fragment/HANSARD-1323879322-98887,OK,200,,2026-10-02,
https://apo.org.au/node/22187,OK,200,,2026-10-02,
https://apo.org.au/node/307786,OK,200,,2026-10-02,
https://apo.org.au/node/311100,OK,200,,2026-10-02,
https://apo.org.au/node/315408,OK,200,,2026-10-02,
https://apo.org.au/node/322773,OK,200,,2026-10-02,
https://apo.org.au/node/70873,OK,200,,2026-10-02,
https://apo.org.au/organisation/303296,OK,200,,2026-10-02,
https://apo.org.au/organisation/59153?page=69,OK,200,,2026-10-02,
https://apo.org.au/organisation/80008,OK,200,,2026-10-02,
https://apo.org.au/organisation/81634?page=1,OK,200,,2026-10-02,
https://apo.org.au/person/18546,OK,200,,2026-10-02,
https://apo.org.au/person/18547,OK,200,,2026-10-02,
https://apo.org.au/sites/default/files/resource-files/2014-09/apo-nid41472_1.pdf,OK,200,,2026-10-02,
https://apo.org.au/sites/default/files/resource-files/2014-09/apo-nid41472_2.pdf,OK,200,,2026-10-02,
https://apo.org.au/sites/default/files/resource-files/2020-02/apo-nid275486.pdf,OK,200,,2026-10-02,
https://apo.org.au/subject/4061587d-5e42-469f-8101-bdcd8ccb23e6?page=2,OK,200,,2026-10-02,
https://apo.org.au/taxonomy/term/2982?page=69,OK,200,,2026-10-02,
https://aqi-web.matrix.squiz.cloud/air-quality-data-services/data-download-facility,BLOCKED,403,,2026-10-02,
https://ar5iv.labs.arxiv.org/html/2308.02739,OK,200,,2026-10-02,
https://archive-api.open-meteo.com/v1/archive,OK,200,,2026-10-02,
https://archive-api.open-meteo.com/v1/archive?latitude=-33.4&longitude=150.4&start_date=2019-10-24&end_date=2019-12-23,OK,200,,2026-10-02,
"https://archive-api.open-meteo.com/v1/archive?latitude=-33.4&longitude=150.4&start_date=2019-10-24&end_date=2019-12-23&daily=temperature_2m_max,relative_humidity_2m_min,wind_speed_10m_max,precipitation_sum&timezone=Australia/Sydney",OK,200,,2026-10-02,
https://archive-nwfsc.forestry.oregonstate.edu/biblio/effect-large-wildfires-local-labor-markets,FAILED,,,2026-10-02,"ConnectionError: HTTPSConnectionPool(host='archive-nwfsc.forestry.oregonstate.edu', port=443): Max retries exceeded with url: /biblio/effect-large-wildfires-local-labo"
https://archive.kempsey.nsw.gov.au/council-meetings/2018/2018-11-20/index.html,OK,200,,2026-10-02,
https://archive.kempsey.nsw.gov.au/council-meetings/2018/2018-11-20/pubs/13-05-1-september-2018-quarterly-budget-review-statement.pdf,OK,200,,2026-10-02,
https://archive.kempsey.nsw.gov.au/council-meetings/2018/index.html,OK,200,,2026-10-02,
https://archive.kempsey.nsw.gov.au/council-meetings/2019/2019-02-19/index.html,OK,200,,2026-10-02,
https://archive.kempsey.nsw.gov.au/council-meetings/2019/2019-02-19/pubs/13-05-01-december-2018-quarterly-budget-review-statements.pdf,OK,200,,2026-10-02,
https://archive.kempsey.nsw.gov.au/council-meetings/2019/2019-05-21/index.html,OK,200,,2026-10-02,
https://archive.kempsey.nsw.gov.au/council-meetings/2019/2019-05-21/pubs/13-02-01-march-2019-quarterly-budget-review-statements.pdf,OK,200,,2026-10-02,
https://archive.kempsey.nsw.gov.au/council-meetings/2019/2019-11-28/index.html,OK,200,,2026-10-02,
https://archive.kempsey.nsw.gov.au/council-meetings/2019/2019-11-28/pubs/09-01-01-september-2019-quarterly-budget-review-statements-qbrs-final.pdf,OK,200,,2026-10-02,
https://archive.kempsey.nsw.gov.au/council-meetings/2019/index.html,OK,200,,2026-10-02,
https://archive.kempsey.nsw.gov.au/council-meetings/2020/2020-02-18/index.html,OK,200,,2026-10-02,
https://archive.kempsey.nsw.gov.au/council-meetings/2020/2020-02-18/pubs/09-02-01-qbr-statements-december-2019.pdf,OK,200,,2026-10-02,
https://archive.kempsey.nsw.gov.au/council-meetings/2020/2020-05-19/index.html,OK,200,,2026-10-02,
https://archive.kempsey.nsw.gov.au/council-meetings/2020/2020-05-19/pubs/09-02-01-march-2020-quarterly-budget-review-statemnt.pdf,OK,200,,2026-10-02,
https://archive.kempsey.nsw.gov.au/council-meetings/2020/2020-11-17/index.html,OK,200,,2026-10-02,
https://archive.kempsey.nsw.gov.au/council-meetings/2020/2020-11-17/pubs/09-04-01-2020-21-sept-quarterly-budget-review-statement.pdf,OK,200,,2026-10-02,
https://archive.kempsey.nsw.gov.au/council-meetings/2020/index.html,OK,200,,2026-10-02,
https://archive.kempsey.nsw.gov.au/council-meetings/2021/2021-02-16/index.html,OK,200,,2026-10-02,
https://archive.kempsey.nsw.gov.au/council-meetings/2021/2021-02-16/pubs/09-02-01-december-quarter-quarterly-budget-review-statement.pdf,OK,200,,2026-10-02,
https://archive.kempsey.nsw.gov.au/council-meetings/2021/2021-05-18/index.html,OK,200,,2026-10-02,
https://archive.kempsey.nsw.gov.au/council-meetings/2021/2021-05-18/pubs/09-04-01-q3-2020-21-march-2021-quarterly-budget-review-statement.pdf,OK,200,,2026-10-02,
https://archive.kempsey.nsw.gov.au/council-meetings/2021/2021-11-16/index.html,OK,200,,2026-10-02,
https://archive.kempsey.nsw.gov.au/council-meetings/2021/2021-11-16/pubs/09-04-01-Q1-2021-22-september-quarterly-budget-review-statement.pdf,OK,200,,2026-10-02,
https://archive.kempsey.nsw.gov.au/council-meetings/2021/index.html,OK,200,,2026-10-02,
https://archive.kempsey.nsw.gov.au/council-meetings/index.html,OK,200,,2026-10-02,
https://archive2024.destinationnsw.com.au/?p=2569,FAILED,,,2026-10-02,"ConnectionError: HTTPSConnectionPool(host='archive2024.destinationnsw.com.au', port=443): Max retries exceeded with url: /?p=2569 (Caused by NameResolutionError(""<urll"
https://archive2024.destinationnsw.com.au/?p=2580,FAILED,,,2026-10-02,"ConnectionError: HTTPSConnectionPool(host='archive2024.destinationnsw.com.au', port=443): Max retries exceeded with url: /?p=2580 (Caused by NameResolutionError(""<urll"
https://archive2024.destinationnsw.com.au/wp-content/uploads/2013/10/New-visitor-profiles-help-councils-tourism-plans.pdf,FAILED,,,2026-10-02,"ConnectionError: HTTPSConnectionPool(host='archive2024.destinationnsw.com.au', port=443): Max retries exceeded with url: /wp-content/uploads/2013/10/New-visitor-profil"
https://arr.news/2021/10/11/blazeaid-tumbarumba-closes/,OK,200,,2026-10-02,
https://arxiv.org/pdf/2308.02739,OK,200,,2026-10-02,
https://arxiv.org/pdf/2510.22817,OK,200,,2026-10-02,
https://arxiv.org/pdf/2603.05724,OK,200,,2026-10-02,
https://asbfeo.gov.au/sites/default/files/2021-12/Quarterly%20Report%20-%20Qtr%201%202020.pdf,OK,200,,2026-10-02,
https://asbfeo.gov.au/sites/default/files/2022-11/Terms%20of%20Reference.pdf,OK,200,,2026-10-02,
https://asic.gov.au/about-asic/news-centre/find-a-media-release/2021-releases/21-326mr-asic-encourages-home-insurers-to-be-consumer-centric-in-handling-claims-this-summer/,OK,200,https://www.asic.gov.au/about-asic/news-centre/find-a-media-release/2021-releases/21-326mr-asic-encourages-home-insurers-to-be-consumer-centric-in-handling-claims-this-summer,2026-10-02,
https://asic.gov.au/regulatory-resources/insolvency/insolvency-statistics/,BROKEN,404,https://www.asic.gov.au/regulatory-resources/insolvency/insolvency-statistics,2026-10-02,
https://assets.csi.edu.au/assets/After-the-Fires-Slides-for-CSI-UWA-seminar-series.pdf,OK,200,,2026-10-02,
https://assets.egipps.vic.gov.au/pubwebcontent/egsc/community-family/East%20Gippsland%20Bushfire%20Final%20Progress%20Report%207FEB24_compressed.pdf,OK,200,,2026-10-02,
https://assets.pc.gov.au/inquiries/completed/disaster-funding/draft/disaster-funding-draft-volume1.pdf,OK,200,,2026-10-02,
https://assets.pc.gov.au/inquiries/completed/disaster-funding/issues/disaster-funding-issues.docx,OK,200,,2026-10-02,
https://assets.pc.gov.au/inquiries/completed/disaster-funding/issues/disaster-funding-issues.pdf,OK,200,,2026-10-02,
https://assets.pc.gov.au/inquiries/completed/disaster-funding/report/disaster-funding-volume1.pdf,OK,200,,2026-10-02,
https://assets.pc.gov.au/inquiries/completed/disaster-funding/report/disaster-funding-volume2.pdf,OK,200,,2026-10-02,
https://assets.pc.gov.au/inquiries/completed/disaster-funding/submissions/submissions-test/submission-counter/sub026-disaster-funding_1.pdf,OK,200,,2026-10-02,
https://assets.pc.gov.au/inquiries/completed/disaster-funding/submissions/submissions-test2/submission-counter/subdr125-disaster-funding_1.pdf,OK,200,,2026-10-02,
https://assets.pc.gov.au/inquiries/completed/disaster-funding/submissions/submissions-test2/submission-counter/subdr140-disaster-funding_1.pdf,OK,200,,2026-10-02,
https://assets.pc.gov.au/inquiries/completed/disaster-funding/submissions/submissions-test2/submission-counter/subdr184-disaster-funding_1.pdf,OK,200,,2026-10-02,
https://assets.pc.gov.au/inquiries/completed/disaster-funding/submissions/submissions-test2/submission-counter/subdr196-disaster-funding_1.pdf,OK,200,,2026-10-02,
https://assets.pc.gov.au/inquiries/completed/disaster-funding/submissions/submissions-test2/submission-counter/subdr207-disaster-funding_1.pdf,OK,200,,2026-10-02,
https://assets.pc.gov.au/inquiries/completed/disaster-funding/submissions/submissions-test2/submission-counter/subdr210-disaster-funding_1.pdf,OK,200,,2026-10-02,
https://assets.pc.gov.au/inquiries/completed/disaster-funding/submissions/submissions-test2/submission-counter/subdr221-disaster-funding-attachment2_1.pdf,OK,200,,2026-10-02,
https://assets.sorell.tas.gov.au/uploads/2023/05/Strategic-Plan-2019-2029-Review-2023.pdf,OK,200,,2026-10-02,
https://assets.wwf.org.au/image/upload/v1/website-media/resources/WWF_Report-Fire_on_the_Farm_converted,OK,200,,2026-10-02,
https://asthma.org.au/wp-content/uploads/2020/07/AA6_Smoke-Impact-Survey-1920_Snapshot.pdf,OK,200,,2026-10-02,
https://ato.gov.au/about-ato/research-and-statistics/in-detail/taxation-statistics/taxation-statistics-2022-23,OK,200,https://www.ato.gov.au/about-ato/research-and-statistics/in-detail/taxation-statistics/taxation-statistics-previous-editions/taxation-statistics-2022-23,2026-10-02,
https://ato.gov.au/about-ato/research-and-statistics/in-detail/taxation-statistics/taxation-statistics-previous-editions/taxation-statistics-2019-20/statistics/individuals-statistics,OK,200,https://www.ato.gov.au/about-ato/research-and-statistics/in-detail/taxation-statistics/taxation-statistics-previous-editions/taxation-statistics-2019-20/statistics/individuals-statistics,2026-10-02,
https://ats.org/ats-news/maps-offer-neighborhood-level-insight-into-american-migration/,OK,200,https://ats.org/explore/in-the-news/maps-offer-neighborhood-level-insight-into-american-migration/,2026-10-02,
https://audit.tas.gov.au/publication/local-government-authorities-2016-17/,OK,200,,2026-10-02,
https://audit.tas.gov.au/publication/local-government-authorities-2017-18/,OK,200,,2026-10-02,
https://audit.tas.gov.au/publication/report-of-the-auditor-general-2013-14/,OK,200,,2026-10-02,
https://audit.tas.gov.au/wp-content/uploads/Volume-4-II.pdf,OK,200,https://audit-tas-gov-au.assets.ionatahosting.net/uploads/Volume-4-II.pdf,2026-10-02,
https://audit.wa.gov.au/reports-and-publications/reports/local-government-2025-financial-audit-results/,OK,200,,2026-10-02,
https://austorganic.com/?p=1833,OK,200,https://austorganic.com/farm-production-value-holds-despite-bushfires-drought/,2026-10-02,
https://austorganic.com/farm-production-value-holds-despite-bushfires-drought/,OK,200,,2026-10-02,
https://australiainstitute.org.au/post/survey-reveals-bushfires-cost-1-8-million-work-days-leave-5-million-sick-from-smoke/,OK,200,,2026-10-02,
https://australianbusinessroundtable.com.au/assets/documents/Report%20-%20Social%20costs/Report%20-%20The%20economic%20cost%20of%20the%20social%20impact%20of%20natural%20disasters.pdf,OK,200,,2026-10-02,
https://australianfires.humspace.ucla.edu/,OK,200,,2026-10-02,
https://australianoftheyear.org.au/recipients/dr-raymond-akhurst,OK,200,,2026-10-02,
https://australianunity.com.au/wellbeing/what-is-real-wellbeing/the-events-linked-to-our-wellbeing,OK,200,https://www.australianunity.com.au/wellbeing/the-australian-unity-wellbeing-index,2026-10-02,
https://australianwomenshealth.org/wp-content/uploads/2025/06/Doc-006-Vol.-1-Relationships-After-Black-Saturday-1.pdf,OK,200,,2026-10-02,
https://axios.com/local/san-diego/2025/09/24/california-home-insurance-wildfire-costs,BLOCKED,403,https://www.axios.com/local/san-diego/2025/09/24/california-home-insurance-wildfire-costs,2026-10-02,
https://baicommunications.com/wp-content/uploads/2024/05/BAI_Bushfires_case_study.pdf,OK,200,,2026-10-02,
https://bairnsdaleadvertiser.com.au/?p=789,OK,200,https://bairnsdaleadvertiser.com.au/789/blazeaid-finishing-up/,2026-10-02,
https://ballina.nsw.gov.au/files/assets/public/v/1/council/documents/council-documents/2015-16-annual-financial-statements.pdf,BLOCKED,403,https://www.ballina.nsw.gov.au/files/assets/public/v/1/council/documents/council-documents/2015-16-annual-financial-statements.pdf,2026-10-02,
https://ballina.nsw.gov.au/files/assets/public/v/1/council/documents/council-documents/ballina-shire-council-financial-statements-2016-17.pdf,BLOCKED,403,https://www.ballina.nsw.gov.au/files/assets/public/v/1/council/documents/council-documents/ballina-shire-council-financial-statements-2016-17.pdf,2026-10-02,
https://ballina.nsw.gov.au/files/assets/public/v/1/council/documents/forms/2022-23-final-audited-financial-statements.pdf,BLOCKED,403,https://www.ballina.nsw.gov.au/files/assets/public/v/1/council/documents/forms/2022-23-final-audited-financial-statements.pdf,2026-10-02,
https://ballina.nsw.gov.au/files/assets/public/v/1/council/documents/forms/ballina-shire-council-annual-three-in-one-financial-statements-2022-1.pdf,BLOCKED,403,https://www.ballina.nsw.gov.au/files/assets/public/v/1/council/documents/forms/ballina-shire-council-annual-three-in-one-financial-statements-2022-1.pdf,2026-10-02,
https://balranald.nsw.gov.au/business/council-documents/annual-reports-documents/,BLOCKED,403,,2026-10-02,
https://bbcatholic.org.au/pymble/news-and-events/parish-news/vinnies-bushfire-appeal,BLOCKED,403,https://www.bbcatholic.org.au/pymble/news-and-events/parish-news/vinnies-bushfire-appeal,2026-10-02,
https://bccondosandhomes.com/news/blog/wildfires-effect-on-fort-mac-housing-market,BLOCKED,403,,2026-10-02,
https://beaudesertbulletin.com/council-opposes-changes-to-federal-disaster-funding/,OK,200,,2026-10-02,
https://begavalley.nsw.gov.au/council/audited-financial-statements-for-public-review,BLOCKED,403,https://www.begavalley.nsw.gov.au/council/audited-financial-statements-for-public-review,2026-10-02,
https://begavalley.nsw.gov.au/council/council-s-recovery-work-commended,BLOCKED,403,https://www.begavalley.nsw.gov.au/council/council-s-recovery-work-commended,2026-10-02,
https://begavalley.nsw.gov.au/council/second-anniversary-of-black-summer-bushfires,BLOCKED,403,https://www.begavalley.nsw.gov.au/council/second-anniversary-of-black-summer-bushfires,2026-10-02,
https://begavalley.nsw.gov.au/performance-reports,BLOCKED,403,https://www.begavalley.nsw.gov.au/performance-reports,2026-10-02,
https://benny.aeaweb.org/research/new-orleans-katrina-long-term-recovery-income,OK,200,,2026-10-02,
https://beta.bellingen.nsw.gov.au/files/sharedassets/public/v/1/files/annual-reports/2020-21-financial-statements.pdf,BLOCKED,403,https://www.bellingen.nsw.gov.au/files/sharedassets/public/v/1/files/annual-reports/2020-21-financial-statements.pdf,2026-10-02,
https://better.lakemac.com.au/files/assets/public/v/1/council/annual-reports/lake-macquarie-city-council-annual-financial-statements-2022-2023-final.pdf,BLOCKED,403,https://www.lakemac.com.au/,2026-10-02,
https://better.lakemac.com.au/files/assets/public/v/1/council/annual-reports/lake-macquarie-city-council-annual-report-2022-2023.pdf,BLOCKED,403,https://www.lakemac.com.au/,2026-10-02,
https://beyou.edu.au/-/media/about/news/be-you-bushfire-response-program-and-snowy-valleys.pdf,OK,200,,2026-10-02,
https://beyou.edu.au/about/be-you-stories/learning-community-stories/empowering-childrens-voice-in-disaster-recovery,OK,200,,2026-10-02,
https://beyou.edu.au/stories/learning-community-stories/empowering-childrens-voice-in-disaster-recovery,OK,200,https://beyou.edu.au/about/be-you-stories/learning-community-stories/empowering-childrens-voice-in-disaster-recovery,2026-10-02,
https://blandshire.nsw.gov.au/Your-Council/Annual-Report-and-Annual-Financial-Statements,BLOCKED,403,https://www.blandshire.nsw.gov.au/Your-Council/Annual-Report-and-Annual-Financial-Statements,2026-10-02,
https://blog.tomw.net.au/2010/07/2009-victorian-bushfires-royal.html,OK,200,,2026-10-02,
https://blog.tomw.net.au/2010/07/2009-victorian-bushfires-royal.html?m=1,OK,200,,2026-10-02,
https://blogs.rch.org.au/news/?p=7720,OK,200,https://blogs.rch.org.au/news/family-violence-expected-to-increase-following-bushfire-crisis/,2026-10-02,
https://bnhcrc.com.au/about-us/board-and-staff/tasmin%20dilworth,OK,200,https://naturalhazards.com.au/about-us/board-and-staff/tasmin%20dilworth,2026-10-02,
https://bnhcrc.com.au/node/6994,BROKEN,404,https://naturalhazards.com.au/node/6994,2026-10-02,
https://bnhcrc.com.au/publications/black-summer-nsw-community,BROKEN,404,https://naturalhazards.com.au/publications/black-summer-nsw-community,2026-10-02,
https://bnhcrc.com.au/research/research-projects/community-attitudes-and-experiences-201920-nsw-bushfire-season,OK,200,https://naturalhazards.com.au/research/research-projects/community-attitudes-and-experiences-201920-nsw-bushfire-season,2026-10-02,
https://bnhcrc.com.au/resources/publications/report/black-summer-how-nsw-community-responded-2019-20-bushfire-season,OK,200,https://naturalhazards.com.au/resources/publications/report/black-summer-how-nsw-community-responded-2019-20-bushfire-season,2026-10-02,
https://bnhcrc.com.au/user/1374/publications/biblio?page=1,BROKEN,404,https://naturalhazards.com.au/user/1374/publications/biblio?page=1,2026-10-02,
https://bo.agroportal.pt/?p=882607,OK,200,https://www.agroportal.pt/pedrogao-grande-marcelo-destaca-capacidade-maior-de-prevencao-e-de-resposta-aos-incendios/,2026-10-02,
https://bo.agroportal.pt/despovoamento-e-desemprego-continuam-por-resolver-na-regiao,OK,200,https://www.agroportal.pt/despovoamento-e-desemprego-continuam-por-resolver-na-regiao/,2026-10-02,
https://bo.agroportal.pt/pedrogao-grande-ex-ministro-do-planeamento-classifica-reconstrucao-como-totalmente-inedita,OK,200,https://www.agroportal.pt/pedrogao-grande-ex-ministro-do-planeamento-classifica-reconstrucao-como-totalmente-inedita/,2026-10-02,
https://bocsar.nsw.gov.au/content/dcj/bocsar/bocsar-home/how-we-work.html,OK,200,https://bocsar.nsw.gov.au/how-we-work.html,2026-10-02,
https://bocsar.nsw.gov.au/statistics-dashboards/crime-and-policing/crime-trends-dashboard.html,OK,200,,2026-10-02,
https://bogan.nsw.gov.au/images/Annual_Financial_Statements-2025_3_in_1.pdf,BROKEN,404,,2026-10-02,
https://bogan.nsw.gov.au/images/Bogan_Shire_Council_-_Annual_Financial_Statements-2023_004.pdf,BROKEN,404,,2026-10-02,
https://bogan.nsw.gov.au/images/Bogan_Shire_Council_Annual_Report_2019-20_Adopted_26-11-2020_.pdf,BROKEN,404,,2026-10-02,
https://bogan.nsw.gov.au/images/Bogan_Shire_Council_Annual_Report_2020-21.pdf,BROKEN,404,,2026-10-02,
https://bogan.nsw.gov.au/your-council/council-documents/annual-report,BROKEN,404,,2026-10-02,
https://bogan.nsw.gov.au/your-council/publications/integrated-planning-and-reporting/ip-r-documents/annual-report25,OK,200,,2026-10-02,
https://boq.com.au/blog/economic-update/bushfires-and-the-economy,OK,200,https://www.boq.com.au/blog/economic-update/bushfires-and-the-economy,2026-10-02,
https://boris.unibe.ch/185816/,FAILED,,,2026-10-02,"ConnectTimeout: HTTPSConnectionPool(host='boris.unibe.ch', port=443): Max retries exceeded with url: /185816/ (Caused by ConnectTimeoutError(<urllib3.connection.HTTPS"
https://bourke.nsw.gov.au/council/reports/,OK,200,,2026-10-02,
https://bourke.nsw.gov.au/wp-content/uploads/2018/09/Bourke-Shire-Council-General-Purpose-Financial-Statements-2015-16.pdf,OK,200,,2026-10-02,
https://bourke.nsw.gov.au/wp-content/uploads/2018/09/General-Purpose-Financial-Statements-2016-2017.pdf,OK,200,,2026-10-02,
https://bourke.nsw.gov.au/wp-content/uploads/2018/11/General-Purpose-Financial-Statement-2017-2018.pdf,OK,200,,2026-10-02,
https://bourke.nsw.gov.au/wp-content/uploads/2019/09/General-Purpose-Financial-Statement-2018-2019.pdf,OK,200,,2026-10-02,
https://bourke.nsw.gov.au/wp-content/uploads/2020/12/Bourke-Shire-Council-Annual_Financial_Statements-2020-OLG.pdf,OK,200,,2026-10-02,
https://bourke.nsw.gov.au/wp-content/uploads/2021/09/Bourke_Annual_Financial_Statements_2021_Final_OLG.pdf,OK,200,,2026-10-02,
https://bourke.nsw.gov.au/wp-content/uploads/2022/10/Bourke_Annual_Financial_Statements-2022_OLG.pdf,OK,200,,2026-10-02,
https://bourke.nsw.gov.au/wp-content/uploads/2023/10/Annual-Financial-Statements-2022-2023.pdf,OK,200,,2026-10-02,
https://bourke.nsw.gov.au/wp-content/uploads/2024/11/Annual-Financial-Statements_2023-24.pdf,OK,200,,2026-10-02,
https://brewarrina.nsw.gov.au/council/council-publications-policies/,OK,200,,2026-10-02,
https://brewarrina.nsw.gov.au/wp-content/uploads/2024/04/Annual-Report-16-17-two.pdf,OK,200,,2026-10-02,
https://brewarrina.nsw.gov.au/wp-content/uploads/2024/09/3.1-Brewarrina-Shire-Council-Financial-Statements-2021-22.pdf,OK,200,,2026-10-02,
https://brewarrina.nsw.gov.au/wp-content/uploads/2024/09/Annual_Financial_Statements-2021_Audited.pdf,OK,200,,2026-10-02,
https://brewarrina.nsw.gov.au/wp-content/uploads/2024/09/ar_fs2022-23.pdf,OK,200,,2026-10-02,
https://brewarrina.nsw.gov.au/wp-content/uploads/2024/11/Brewarrina-Shire-Council-Financial-Statements-2023-24-audited.pdf,OK,200,,2026-10-02,
https://budget.gov.au/content/bp3/download/bp3_11_part_2_contingent_final.docx,OK,200,,2026-10-02,
https://business.nab.com.au/nab-sme-bushfire-impact-survey-part-1-38747,BROKEN,404,,2026-10-02,
https://businessnewsroom.deakin.edu.au/news/2019/02/black-saturday-bushfires-counting-the-costs/,OK,200,,2026-10-02,
https://businessnewsroom.deakin.edu.au/news/2019/12/analysis-of-black-saturday-fires-shows-likely-cost-of-recent-qld-and-nsw-fires/,OK,200,,2026-10-02,
https://businessnsw.com/getmedia/bc52716e-4a9d-47d5-a2dd-8a7431ec6301/inquiry-into-regional-australia;-submission-to-select-committee-on-regional-australia-june-2020.pdf?ext=.pdf,OK,200,https://www.businessnsw.com/getmedia/bc52716e-4a9d-47d5-a2dd-8a7431ec6301/inquiry-into-regional-australia;-submission-to-select-committee-on-regional-australia-june-2020.pdf?ext=.pdf,2026-10-02,
https://businesspapers.griffith.nsw.gov.au/Open/2022/11/CO_22112022_AGN_1583_AT.PDF,OK,200,,2026-10-02,
https://businesspapers.parracity.nsw.gov.au/Open/2021/10/OC_25102021_AGN_674_AT.htm,OK,200,,2026-10-02,
https://businesspapers.parracity.nsw.gov.au/Open/2022/11/OC_28112022_AGN_738_AT.HTM,OK,200,,2026-10-02,
https://byron.infocouncil.biz/,OK,200,,2026-10-02,
https://caliper.com/maptitude/solutions/postcode-mapping-software-australia.htm,OK,200,https://www.caliper.com/maptitude/solutions/postcode-mapping-software-australia.htm,2026-10-02,
https://canada.constructconnect.com/?p=35385,OK,200,https://canada.constructconnect.com/joc/news/economic/2016/08/cmhc-predicts-fort-mcmurray-residential-construction-boom-1017848w,2026-10-02,
https://canberratimes.com.au/story/6575305/how-the-bushfires-are-affecting-our-food-producers,OK,200,https://www.canberratimes.com.au/story/6575305/how-the-bushfires-are-affecting-our-food-producers/,2026-10-02,
https://canberratimes.com.au/story/6648385/first-new-season-apples-picked-as-batlow-begins-bushfire-recovery,OK,200,https://www.canberratimes.com.au/story/6648385/first-new-season-apples-picked-as-batlow-begins-bushfire-recovery/,2026-10-02,
https://canberratimes.com.au/story/7497066/bushfire-survivors-given-a-further-two-years-to-stay-on-their-land-in-temporary-accommodation,OK,200,https://www.canberratimes.com.au/story/7497066/bushfire-survivors-given-a-further-two-years-to-stay-on-their-land-in-temporary-accommodation/,2026-10-02,
https://canberratimes.com.au/story/7548477/mice-floods-pandemic-south-coast-hit-with-ongoing-challenges-two-years-after-bushfires,OK,200,https://www.canberratimes.com.au/story/7548477/mice-floods-pandemic-south-coast-hit-with-ongoing-challenges-two-years-after-bushfires/,2026-10-02,
https://canberratimes.com.au/story/7715508/heartbreaking-situation-as-anglicares-bega-rental-snapshot-highlights-lack-of-options-for-low-income-earners,OK,200,https://www.canberratimes.com.au/story/7715508/heartbreaking-situation-as-anglicares-bega-rental-snapshot-highlights-lack-of-options-for-low-income-earners/,2026-10-02,
https://canberratimes.com.au/story/8155248,OK,200,https://www.canberratimes.com.au/story/8155248/south-coast-town-rated-nsws-worst-for-renters-with-pets/,2026-10-02,
https://carrathool.nsw.gov.au/about-council/publications/,OK,200,,2026-10-02,
https://carrathool.nsw.gov.au/about-council/publications/agendas-and-minutes/,OK,200,,2026-10-02,
https://carrathool.nsw.gov.au/about-council/publications/annual-report/,OK,200,,2026-10-02,
https://carrathool.nsw.gov.au/agendas-and-minutes/,OK,200,https://carrathool.nsw.gov.au/about-council/publications/agendas-and-minutes/,2026-10-02,
https://carrathool.nsw.gov.au/annual-report/,OK,200,https://carrathool.nsw.gov.au/about-council/publications/annual-report/,2026-10-02,
https://carrathool.nsw.gov.au/wp-content/uploads/IPR/Annual-Report/2018-19-Annual-Report.pdf,OK,200,,2026-10-02,
https://carrathool.nsw.gov.au/wp-content/uploads/IPR/Annual-Report/2020-21-Annual-Report.pdf,OK,200,,2026-10-02,
https://carrathool.nsw.gov.au/wp-content/uploads/IPR/Annual-Report/2022-2023-Final-Annual-Report.pdf,OK,200,,2026-10-02,
https://carrathool.nsw.gov.au/wp-content/uploads/IPR/Annual-Report/Annual-Report-2021-22-FINAL.pdf,OK,200,,2026-10-02,
https://carrathool.nsw.gov.au/wp-content/uploads/IPR/Annual-Report/Combined-Master-Annual-Report-2023-2024.pdf,OK,200,,2026-10-02,
https://carrathool.nsw.gov.au/wp-json/wp/v2/media,OK,200,,2026-10-02,
https://catalogue.data.infrastructure.gov.au/dataset/rdh-buildingapprovals/resource/b0d935a1-ab6e-4e3c-a343-48e0ad27395b,OK,200,,2026-10-02,
https://catalogue.data.infrastructure.gov.au/dataset/rdh-bulk-property-sales-information-nsw,OK,200,,2026-10-02,
https://catalogue.data.infrastructure.gov.au/dataset/rdh-bulk-property-sales-information-nsw/resource/7cb5fbed-5906-4bab-934a-8b01bacc8813,OK,200,,2026-10-02,
https://catalogue.data.infrastructure.gov.au/dataset/rdh-household-income-and-labour-dynamics-in-australia-hilda-survey,OK,200,,2026-10-02,
https://catalogue.data.infrastructure.gov.au/dataset/rdh-household-income-and-labour-dynamics-in-australia-hilda-survey/resource/a8619276-b842-4602-a964-98aa51469f07,OK,200,,2026-10-02,
https://catalogue.data.infrastructure.gov.au/dataset/rdh-medicare-subsidised-gp-allied-health-and-specialist-health-care-across-local-areas,OK,200,,2026-10-02,
https://catalogue.data.infrastructure.gov.au/dataset/rdh-medicare-subsidised-gp-allied-health-and-specialist-health-care-across-local-areas/resource/99ad4ba9-4c7c-44ac-be0d-22110a906e31,OK,200,,2026-10-02,
https://catalogue.data.infrastructure.gov.au/dataset/rdh-medicare-subsidised-mental-health-specific-services,OK,200,,2026-10-02,
https://catalogue.data.infrastructure.gov.au/dataset/rdh-medicare-subsidised-mental-health-specific-services/resource/12a4543f-c3f4-474c-aa55-b96dd19e5fec,OK,200,,2026-10-02,
https://catalogue.data.infrastructure.gov.au/dataset/rdh-nsw-crime-tool/resource/6956c64e-78e9-449f-b061-76c606c8447f,OK,200,,2026-10-02,
https://catalogue.data.infrastructure.gov.au/dataset/rdh-rental-bond-data-nsw,OK,200,,2026-10-02,
https://catalogue.data.infrastructure.gov.au/dataset/rdh-rental-bond-data-nsw/resource/54a341ca-f6b7-4f8d-9486-54bd5797c6ac,OK,200,,2026-10-02,
https://catalogue.data.infrastructure.gov.au/dataset/rdh-socio-economic-indexes-for-areas-seifa,OK,200,,2026-10-02,
https://catalogue.data.infrastructure.gov.au/dataset/rdh-total-value-of-dwellings/resource/cc2ede9f-e7cb-4793-87f6-5d251eeb9c18,OK,200,,2026-10-02,
https://catalogue.data.infrastructure.gov.au/group/ba37c04a-d209-479b-8114-c5b73d18ee41?tags=NT,OK,200,https://catalogue.data.infrastructure.gov.au/group/australianinstituteofhealthandwelfareaihw?tags=NT,2026-10-02,
https://catalogue.data.infrastructure.gov.au/group/ba37c04a-d209-479b-8114-c5b73d18ee41?tags=TAS,OK,200,https://catalogue.data.infrastructure.gov.au/group/australianinstituteofhealthandwelfareaihw?tags=TAS,2026-10-02,
https://catalogue.data.infrastructure.gov.au/group/insurancecouncilofaustralia,OK,200,,2026-10-02,
https://catalogue.data.infrastructure.gov.au/group/nsw-valuer-general,OK,200,,2026-10-02,
https://catalogue.data.infrastructure.gov.au/organization/regional-data-hub?page=4,OK,200,,2026-10-02,
https://catalogue.data.wa.gov.au,OK,200,https://data.wa.gov.au:443/,2026-10-02,
https://catalogue.data.wa.gov.au/dataset/mycouncil,OK,200,,2026-10-02,
https://catalogue.data.wa.gov.au/dataset/mycouncil/resource/73098951-68aa-4d37-8d8d-d956d339e3a7,OK,200,,2026-10-02,
https://causalclaims.trfetzer.com/paper/w20713.html,OK,200,,2026-10-02,
https://causalclaims.trfetzer.com/paper/w22272.html,OK,200,,2026-10-02,
https://causalclaims.trfetzer.com/paper/w29952.html,OK,200,,2026-10-02,
https://ccnse.ca/sites/default/files/2026-08/Evacuations%20Annotated%20Bib%20NCCEH%2020260820.pdf,BLOCKED,403,,2026-10-02,
https://cdn.centralcoast.nsw.gov.au/sites/default/files/2023-05/annual_financial_statements_2021-22_-_consolidated_-_final.pdf,OK,200,,2026-10-02,
https://cdn.centralcoast.nsw.gov.au/sites/default/files/2023-11/attachment_1_-_consolidated_financial_report_300620.pdf,OK,200,,2026-10-02,
https://cdn.centralcoast.nsw.gov.au/sites/default/files/2024-01/annual_report_2022-23_and_financial_statements_-_final.pdf,OK,200,,2026-10-02,
https://cdn.centralcoast.nsw.gov.au/sites/default/files/Council/Meetings_and_minutes/02-attachments25may20210_1.pdf,OK,200,,2026-10-02,
https://cdn.centralcoast.nsw.gov.au/sites/default/files/Council/Meetings_and_minutes/Attachments_Provided_Under_Separate_Cover_23_Feb_2021_-_Final.pdf,OK,200,,2026-10-02,
https://cdn.centralcoast.nsw.gov.au/sites/default/files/Council/Meetings_and_minutes/amendeditem-22-2019-20q3businessreport.pdf,OK,200,,2026-10-02,
https://cdn.centralcoast.nsw.gov.au/sites/default/files/documents/annual-reports/2017-2018/financials/2017-18consolidatedfinancialstatements.pdf,OK,200,,2026-10-02,
https://cdn.centralcoast.nsw.gov.au/sites/default/files/meetings-docs/edit-meeting/em-council-meeting-11/02/2019/om11february2019-businesspaper.pdf,OK,200,,2026-10-02,
https://cdn.centralcoast.nsw.gov.au/sites/default/files/meetings/24february2020-attachments0.pdf,OK,200,,2026-10-02,
https://cdn.centralcoast.nsw.gov.au/sites/default/files/meetings/Enclosure-Q1.pdf,OK,200,,2026-10-02,
https://cdn.centralcoast.nsw.gov.au/sites/default/files/meetings/aricsupportingpapers-8june2022-approvedforrelease.pdf,OK,200,,2026-10-02,
https://cdn.centralcoast.nsw.gov.au/sites/default/files/meetings/aricsupportingpapers-9march2022-approvedforrelease.pdf,OK,200,,2026-10-02,
https://cdn.centralcoast.nsw.gov.au/sites/default/files/meetings/item312-2019-20q1businessreport-attachment1-a1businessreportjulytoseptember.pdf,OK,200,,2026-10-02,
https://cdn.centralcoast.nsw.gov.au/sites/default/files/meetings/minutes-om27may2019.pdf,OK,200,,2026-10-02,
https://cdn.centralcoast.nsw.gov.au/sites/default/files/reports/annual-report-2016-17-audited-financial-statements.pdf,OK,200,,2026-10-02,
https://cdn.centralcoast.nsw.gov.au/sites/default/files/reports/full-report_2.pdf,OK,200,,2026-10-02,
https://cdn.getup.org.au/2798-Smokescreen-_21_Feb_-_Edited_FINAL_(1).pdf,OK,200,,2026-10-02,
https://cdn.shellharbour.nsw.gov.au/sites/default/files/Audited_Financial_Statements_for_year_ending_30_June_2024.pdf,OK,200,,2026-10-02,
https://cdn.shellharbour.nsw.gov.au/sites/default/files/Council_documents/full-report_13.pdf,OK,200,,2026-10-02,
https://cdn.shellharbour.nsw.gov.au/sites/default/files/Meetings/10_2_3_Attachment_1_2019_2020_Annual_Report_including_Audited_Financial_Statements_1_0.pdf,OK,200,,2026-10-02,
https://cdn.shellharbour.nsw.gov.au/sites/default/files/Meetings/2017-10-31-11-1-1-Attachment-1-Annual-Report-2016-17.pdf,OK,200,,2026-10-02,
https://cdn.shellharbour.nsw.gov.au/sites/default/files/Meetings/Item-11-2-2-Att-1-Final-SCC-Audited-Financial-Statements-USC_0.pdf,OK,200,,2026-10-02,
https://cdn.shellharbour.nsw.gov.au/sites/default/files/Public_exhibiton_documents/Audited_Financial_Statements_1819.pdf,OK,200,,2026-10-02,
https://cdn.shellharbour.nsw.gov.au/sites/default/files/Reports/full-report_5_3.pdf,OK,200,,2026-10-02,
https://cdn.shellharbour.nsw.gov.au/sites/default/files/Shellharbour_City_Council_-_Audited_Financial_Statements_for_year_ended_30.06.2022_1.pdf,OK,200,,2026-10-02,
https://cdn.www.census.gov/data/academy/webinars/2021/storms-and-jobs.html,OK,200,,2026-10-02,
https://cdn.www.census.gov/library/working-papers/2014/adrm/ces-wp-14-20.html,OK,200,,2026-10-02,
https://censusdata.uk/w00010090-output-area-at-ss658931/ts054-tenure,BLOCKED,403,,2026-10-02,
https://centralcoast.infocouncil.biz/Open/2021/04/OC_27042021_AGN.PDF,BROKEN,404,,2026-10-02,
https://centralcoast.infocouncil.biz/Open/2022/05/OC_24052022_AGN_AT.htm,BROKEN,404,,2026-10-02,
https://centralcoast.infocouncil.biz/Open/2024/10/OC_29102024_AGN_AT_SUP.htm,BROKEN,404,,2026-10-02,
https://chicagopolicyreview.org/?p=13714,BLOCKED,403,,2026-10-02,
https://cipr.cass.anu.edu.au/research/publications/aboriginal-peoples-and-response-2019-2020-bushfires,OK,200,,2026-10-02,
https://citydata.ada.unsw.edu.au/dataset/?tags=sales,OK,200,,2026-10-02,
https://citydata.ada.unsw.edu.au/dataset/nsw-valuer-general-property-sales,OK,200,,2026-10-02,
https://citydata.ada.unsw.edu.au/dataset/nsw-valuer-general-property-sales/resource/e7f250a3-f0cc-43df-adbb-8d8fb058e808,OK,200,,2026-10-02,
https://citynews.com.au/2021/chamber-wants-better-support-for-smoke-affected-businesses/,OK,200,,2026-10-02,
https://citynews.com.au/?p=289176,OK,200,https://citynews.com.au/2023/more-to-mental-health-around-bushfires/,2026-10-02,
https://climatealliance.org.au/blog/2020/climate-of-the-nation-climate-change-concern-hits-82-the-australia-institute,OK,200,https://www.climatealliance.org.au/blog/2020/climate-of-the-nation-climate-change-concern-hits-82-the-australia-institute,2026-10-02,
https://climateandhealthalliance.org/wp-content/uploads/2021/06/016062021_GCHA_bushfire_report_australia.pdf,OK,200,,2026-10-02,
https://climatecouncil.org.au/?p=24071,OK,200,https://www.climatecouncil.org.au/resources/summer-of-crisis/,2026-10-02,
https://climatecouncil.org.au/?p=24094,BROKEN,404,https://www.climatecouncil.org.au/?p=24094,2026-10-02,
https://coloradobiz.com/homeowners-struggle-with-inadequate-insurance-coverage-after-wildfires/,BLOCKED,403,,2026-10-02,
https://commsalliance.com.au/Documents/newsletter/we-communicate/2020-we-communicate/Latest-Edition35,OK,200,https://www.austelco.org.au/news-and-resources/news/?filter_cat=newsletter,2026-10-02,
https://commsmarketstudy@accc.gov.au/system/files/accc-submission-to-treasury-consultation-on-standard-cover-and-standardised-definitions-for-insurance-redacted.pdf,BLOCKED,403,https://www.accc.gov.au/system/files/accc-submission-to-treasury-consultation-on-standard-cover-and-standardised-definitions-for-insurance-redacted.pdf,2026-10-02,
https://concreit.com/blog/real-estate-in-the-wake-of-california-wildfires,OK,200,https://www.concreit.com/blog/real-estate-in-the-wake-of-california-wildfires,2026-10-02,
https://conference.iza.org/conference_files/environ_2016/borgschulte_m9906.pdf,SERVER ERROR,503,,2026-10-02,
https://conference.nber.org/conf_papers/f160625.pdf,OK,200,,2026-10-02,
https://consumeraction.org.au/?p=34829,OK,200,https://consumeraction.org.au/consumer-group-tells-bushfire-royal-commission-that-climate-change-is-creating-a-perfect-storm-for-insurance-affordability/,2026-10-02,
https://consumeraction.org.au/?p=4775,OK,200,https://consumeraction.org.au/submission-response-to-the-2009-victorian-bushfires-royal-commissions-fire-services-levy-and-insurance-discussion-paper/,2026-10-02,
https://consumeraction.org.au/submission-response-to-the-2009-victorian-bushfires-royal-commissions-fire-services-levy-and-insurance-discussion-paper/,OK,200,,2026-10-02,
https://consumeraction.org.au/wp-content/uploads/2020/04/FINAL_Response-to-Notice-to-Give-Information-NTG-HB1-008.pdf,OK,200,,2026-10-02,
https://content.actuaries.asn.au/resources/resource-ce6yyqn64sx3-2093352434-18078,OK,200,,2026-10-02,
https://coolamon.nsw.gov.au/financial-statements,OK,200,,2026-10-02,
https://copsmodels.com/elecpapr/g-299.htm,OK,200,,2026-10-02,
https://core.ac.uk/works/136368232,BLOCKED,403,,2026-10-02,
https://coreuat-cdn.smartcompany.com.au/?p=182865,OK,200,https://coreuat.smartcompany.com.au/finance/small-businesses-bushfire-grants-government/,2026-10-02,
https://coreuat-cdn.smartcompany.com.au/?p=34292,OK,200,https://coreuat.smartcompany.com.au/finance/insurance-premiums-set-to-rise-in-wake-of-nsw-bushfires-but-savvy-businesses-can-dodge-the-worst-of-it/,2026-10-02,
https://coroners.nsw.gov.au/documents/findings/2019/Sir%20Ivan%20Doherty%20Drive%20Leadville%20Fire%20Findings.pdf,OK,200,,2026-10-02,
https://coroners.nsw.gov.au/documents/findings/2024/Inquiry_into_the_fire_at_Yankees_Gap_Road_Bemboka.pdf,OK,200,,2026-10-02,
https://coroners.nsw.gov.au/documents/reports/bushfires/2019-20-NSW-Bushfires-Coronial-Inquiry-Vol1.pdf,OK,200,,2026-10-02,
https://cosmosmagazine.com/earth/climate/burning-up-the-health-budget,BLOCKED,403,https://connectsci.au/news,2026-10-02,
https://cosmosmagazine.com/health/body-and-mind/health-effects-of-bushfire-smoke,BLOCKED,403,https://connectsci.au/news,2026-10-02,
https://council.lithgow.com/business-papers-for-ordinary-meeting-of-council-22-february-2021/,OK,200,,2026-10-02,
https://council.lithgow.com/business-papers-for-ordinary-meeting-of-council-23-november-2020/,BROKEN,404,,2026-10-02,
https://council.lithgow.com/business-papers-for-ordinary-meeting-of-council-24-february-2020/,OK,200,,2026-10-02,
https://council.lithgow.com/business-papers-for-ordinary-meeting-of-council-24-may-2021/,OK,200,,2026-10-02,
https://council.lithgow.com/business-papers-for-ordinary-meeting-of-council-25-may-2020/,OK,200,,2026-10-02,
https://council.lithgow.com/business-papers-for-ordinary-meeting-of-council-25-november-2019/,OK,200,,2026-10-02,
https://council.lithgow.com/business-papers-for-ordinary-meeting-of-council-28-october-2019/,OK,200,,2026-10-02,
https://council.lithgow.com/download/16461/,OK,200,,2026-10-02,
https://council.lithgow.com/download/17748/,OK,200,,2026-10-02,
https://council.lithgow.com/download/25356/,OK,200,,2026-10-02,
https://council.lithgow.com/download/27312/,OK,200,,2026-10-02,
https://councillorzamprogno.info/tag/commonwealth-government/,OK,200,,2026-10-02,
https://councilsinfocus.sa.gov.au/,BLOCKED,403,,2026-10-02,
https://councilsinfocus.sa.gov.au/about_the_data,BLOCKED,403,,2026-10-02,
https://curtin.edu.au/news/?p=22657,OK,200,https://www.curtin.edu.au/news/media-release/after-the-fires-reveals-urgent-mental-health-needs-of-bushfire-responders/,2026-10-02,
https://cvnews.com.au/nymboida-fire-destroys-3-homes-scorches-12750-hectares/,OK,200,,2026-10-02,
https://d28rz98at9flks.cloudfront.net/149017/149017_00_0.zip,OK,200,,2026-10-02,
https://dailyadvertiser.com.au/story/8571229/coroner-heeds-lessons-from-deadly-black-summer-infernos/?cs=9612,OK,200,https://www.dailyadvertiser.com.au/story/8571229/coroner-heeds-lessons-from-deadly-black-summer-infernos/?cs=9612,2026-10-02,
https://dandenong.starcommunity.com.au/news/2023-02-22/my-school-update/,OK,200,,2026-10-02,
https://data-downloads.slip.wa.gov.au/OBRM-024/,OK,200,https://sso.slip.wa.gov.au/as/authorization.oauth2?response_type=code&client_id=SelfService&redirect_uri=https%3A%2F%2Fdata-downloads.slip.wa.gov.au%2Fsignin-pingfederate&scope=openid%20profile%20email%20address%20phone&state=f86dtUFz2x8jUW_5yImTjHgbWGoPBvDT2QsA41q4T0d6KpVYg_fQUr-p12T00C9Jn9L0T4b1nVj_aKL6QpPK_lGopZLx4b-IfrtkMM-Q6nL6q0BG056fwtAxqPt-FZI6ACIZJGUcfpJDrCd0ScKAujGo_Qeu1fmebS3gCpOVRlmD4khN3VJnFVhBdyltdiVXTaguTeq7l67ysUIeSVHbuJazijFTDrBXr7bTspQX4Qmogl4ukq-gN4ufr1JIPrQUfwHbJ2alxGMe3rNNAX6k_d6srrdqe_Bg_ruI_FoiNnlkehJerFWTyOxdMW6wLXzLrJ0NeTfPYd1isK6PXR3cSQ&nonce=78995df6-baed-4d36-9e1b-1916665366d3,2026-10-02,
https://data.aurin.org.au/dataset/2e1cad79-393d-4006-9ac2-1826248f0ed3,OK,200,,2026-10-02,
https://data.aurin.org.au/dataset/33ac1b70-a3ab-403a-a02f-269e148d127d,OK,200,,2026-10-02,
https://data.aurin.org.au/dataset/44094ed8-545d-4842-8698-9e1f029c1523,OK,200,,2026-10-02,
https://data.aurin.org.au/dataset/5ca30810-76f3-4eef-819b-51676d974a46,OK,200,,2026-10-02,
https://data.aurin.org.au/dataset/5ef48005-f90f-4711-9939-cd1c7e63d208,OK,200,,2026-10-02,
https://data.aurin.org.au/dataset/82514fee-5c6d-429c-b607-602df70babc3,OK,200,,2026-10-02,
https://data.aurin.org.au/dataset/?tags=crime,OK,200,https://data.aurin.org.au/dataset?tags=crime,2026-10-02,
https://data.aurin.org.au/dataset/a8f61beb-c4b0-4099-a042-936499bf20f3,OK,200,,2026-10-02,
https://data.aurin.org.au/dataset/au-govt-abs-census-sa1-g20b-unpaid-domestic-work-hrs-by-age-by-sex-census-2016-sa1-2016,OK,200,,2026-10-02,
https://data.aurin.org.au/dataset/au-govt-ga-nexis-residential-building-exposure-sa1-2020-sa1-2016,OK,200,,2026-10-02,
https://data.aurin.org.au/dataset/b08d9ade-b607-4ff6-b2f0-eb5eb38d93c0,OK,200,,2026-10-02,
https://data.aurin.org.au/dataset/changes/aa23d24c-940b-4b30-a2c3-7c0bbcd4c3aa,OK,200,,2026-10-02,
https://data.aurin.org.au/dataset/d7281ee0-d78e-429d-8fd2-8ef9c102b7f0,OK,200,,2026-10-02,
https://data.aurin.org.au/dataset/d7de4c31-139e-4767-8c9a-cefeb66cc139,OK,200,,2026-10-02,
https://data.aurin.org.au/dataset/e3dd85c8-0f8a-40b1-8750-95295c1d726b,OK,200,,2026-10-02,
https://data.aurin.org.au/dataset/e7858715-6dae-43bf-a1de-752e968cef07,OK,200,,2026-10-02,
https://data.aurin.org.au/dataset/f66c31b1-1fd3-491f-89ba-5c7a7dc95fef,OK,200,,2026-10-02,
https://data.aurin.org.au/dataset?q=shsc,OK,200,,2026-10-02,
https://data.aurin.org.au/group/open?page=67,OK,200,,2026-10-02,
https://data.gov.au/data/api/3/action/package_show?id=dss-payment-demographic-data,OK,200,,2026-10-02,
https://data.gov.au/data/api/3/action/package_show?id=dss-payments-by-local-government-area,OK,200,,2026-10-02,
https://data.gov.au/data/dataset/02d62b84-5515-4089-9067-7e461cf65d60,OK,200,https://data.gov.au/data/dataset/nsw-3-14452-annual-report-office-of-local-government-24-february-2014-30-june-2014,2026-10-02,
https://data.gov.au/data/dataset/10ba7303-e3af-41b4-98b5-e04db77caea8/resource/ada7908b-afe6-48f3-966b-789aa26c1391/download/drfa_activation_history_by_location_2026_august_11.csv,OK,200,,2026-10-02,
https://data.gov.au/data/dataset/2020-local-government-interactive-map-dataset,OK,200,,2026-10-02,
https://data.gov.au/data/dataset/327f9982-e610-4ffe-a51c-4047e97c7e7d,OK,200,https://data.gov.au/data/dataset/nsw-http-www-valuergeneral-nsw-gov-au-land-value-summaries-lv-php,2026-10-02,
https://data.gov.au/data/dataset/3528bae9-7598-45ba-aafa-2cf9315ddfdb,OK,200,https://data.gov.au/data/dataset/services-australia-service-delivery-quarterly-operational-data,2026-10-02,
https://data.gov.au/data/dataset/3c45b53c-c6c3-4fcb-9023-f05d95ab42a9/resource/49defcb3-37d9-4bd7-ac2e-b4b18d0ed676/download/dss-demographics-2022-lga-september-2024.csv,OK,200,,2026-10-02,
https://data.gov.au/data/dataset/3c45b53c-c6c3-4fcb-9023-f05d95ab42a9/resource/7b5028a3-bab9-437c-a95f-a54377bf6665/download/dss-payments-mar-2021-to-mar-2023-by-2020-lga.csv,OK,200,,2026-10-02,
https://data.gov.au/data/dataset/3c45b53c-c6c3-4fcb-9023-f05d95ab42a9/resource/865d5277-1525-41f3-881a-680539959c1d/download/dss-payments-mar-2019-to-dec-2020-by-2018-lga.csv,OK,200,,2026-10-02,
https://data.gov.au/data/dataset/3c45b53c-c6c3-4fcb-9023-f05d95ab42a9/resource/b3d92d5c-2e59-4986-9519-ba16d1897291/download/dss-benefit-and-payment-recipient-demographics-2024-lga-june-2026.csv,OK,200,,2026-10-02,
https://data.gov.au/data/dataset/3c45b53c-c6c3-4fcb-9023-f05d95ab42a9/resource/db7b5095-1cba-494f-92b8-9cc82b903276/download/dss-payments-mar-2016-to-dec-2018-by-2014-lga.csv,OK,200,,2026-10-02,
https://data.gov.au/data/dataset/475e832b-1a7b-4398-ba25-dd356ff91dc2,OK,200,https://data.gov.au/data/dataset/building-approvals-by-statistical-area-sa2-and-above,2026-10-02,
https://data.gov.au/data/dataset/526e3bdf-57b2-4b3d-931c-843baaeb9381,OK,200,https://data.gov.au/data/dataset/medicare-benefits-schedule-statistics,2026-10-02,
https://data.gov.au/data/dataset/7747bab5-2d62-4637-bd0c-3c0a3ec7fcde,OK,200,https://data.gov.au/data/dataset/quarterly_personal_insolvency_statistics,2026-10-02,
https://data.gov.au/data/dataset/?tags=drfa,OK,200,,2026-10-02,
https://data.gov.au/data/dataset/?tags=fire,OK,200,,2026-10-02,
https://data.gov.au/data/dataset/?tags=g19,OK,200,,2026-10-02,
https://data.gov.au/data/dataset/?tags=nema,OK,200,,2026-10-02,
https://data.gov.au/data/dataset/activity/2020-local-government-interactive-map-dataset,OK,200,,2026-10-02,
https://data.gov.au/data/dataset/au-govt-abs-abs-building-approvals-sa2-2019-20-sa2-2016/resource/bd414279-094f-4418-87c2-dac613000489,OK,200,,2026-10-02,
https://data.gov.au/data/dataset/b1c37916-d655-452e-ae0c-299fd1ba2449,OK,200,https://data.gov.au/data/dataset/nsw-3-19746-performance-audit-report-bushfire-recovery-grants,2026-10-02,
https://data.gov.au/data/dataset/bd00d98b-52bc-4dac-b774-ab821debd1f7,OK,200,https://data.gov.au/data/dataset/au-govt-ga-nexis-residential-building-exposure-sa1-2017-sa1,2026-10-02,
https://data.gov.au/data/dataset/building-approvals-by-statistical-area-sa2-and-above,OK,200,,2026-10-02,
https://data.gov.au/data/dataset/building-approvals-by-statistical-area-sa2-and-above/resource/ca857c08-b066-4261-b072-f137d92ffd65,OK,200,,2026-10-02,
https://data.gov.au/data/dataset/c6f1a2d4-ad86-41ab-aaa6-5ed3382bef92,OK,200,https://data.gov.au/data/dataset/au-govt-abs-abs-regional-population-lga-2001-2021-na,2026-10-02,
https://data.gov.au/data/dataset/cff2ae8a-55e4-47db-a66d-e177fe0ac6a0/resource/015ac152-0311-4367-bf9d-b933fb3e5297/download/expanded-dss-demographics-december-2022.xlsx,OK,200,,2026-10-02,
https://data.gov.au/data/dataset/cff2ae8a-55e4-47db-a66d-e177fe0ac6a0/resource/0429d083-d8d2-4fff-bc75-f9100e1723ad/download/dss-demographics-december-2020-final.xlsx,OK,200,,2026-10-02,
https://data.gov.au/data/dataset/cff2ae8a-55e4-47db-a66d-e177fe0ac6a0/resource/0457422b-f338-4dd8-82b7-35a5d97f798d/download/dss-demographics-june-2017.xlsx,OK,200,,2026-10-02,
https://data.gov.au/data/dataset/cff2ae8a-55e4-47db-a66d-e177fe0ac6a0/resource/0a6df0ff-03a3-451e-a4b2-e0224e647379/download/dss-demographics-june-2021-final.xlsx,OK,200,,2026-10-02,
https://data.gov.au/data/dataset/cff2ae8a-55e4-47db-a66d-e177fe0ac6a0/resource/0df3e302-bf6a-4f41-99a3-c186cbd5216c/download/dss-demographics-march-2023-aligned.xlsx,OK,200,,2026-10-02,
https://data.gov.au/data/dataset/cff2ae8a-55e4-47db-a66d-e177fe0ac6a0/resource/1188c950-542a-4ca6-9e3e-9f91f53d9314/download/dss-demographics-june-2022-final.xlsx,OK,200,,2026-10-02,
https://data.gov.au/data/dataset/cff2ae8a-55e4-47db-a66d-e177fe0ac6a0/resource/1289b459-fd8c-4019-9a59-983777a617fd/download/dss-demographics-march-2024-final.xlsx,OK,200,,2026-10-02,
https://data.gov.au/data/dataset/cff2ae8a-55e4-47db-a66d-e177fe0ac6a0/resource/1ab39d1b-328a-4311-8b35-ee13c3f0dfc7/download/dss-demographics-dec-2019-final.xlsx,OK,200,,2026-10-02,
https://data.gov.au/data/dataset/cff2ae8a-55e4-47db-a66d-e177fe0ac6a0/resource/1fb71211-4e8a-4bf2-b659-148cd4d6972d/download/dss-demographics-sept-2019-final.xlsx,OK,200,,2026-10-02,
https://data.gov.au/data/dataset/cff2ae8a-55e4-47db-a66d-e177fe0ac6a0/resource/22801f16-c709-4e4b-9426-ba943bf7aaf7/download/september2013paymentrecipientsby2013localgovernmentarealgaandpaymenttype.csv,OK,200,,2026-10-02,
https://data.gov.au/data/dataset/cff2ae8a-55e4-47db-a66d-e177fe0ac6a0/resource/289308f1-23e8-48a6-9df9-14f96c591abf/download/dss-demographics-september-2016.xlsx,OK,200,,2026-10-02,
https://data.gov.au/data/dataset/cff2ae8a-55e4-47db-a66d-e177fe0ac6a0/resource/28d86295-2702-4b6a-801d-43f46c8a806c/download/dss-demographics-september-2017.xlsx,OK,200,,2026-10-02,
https://data.gov.au/data/dataset/cff2ae8a-55e4-47db-a66d-e177fe0ac6a0/resource/38a5c0c7-5246-428b-bc0c-3d1fe153ea78/download/dss-demographics-december-2024-final.xlsx,OK,200,,2026-10-02,
https://data.gov.au/data/dataset/cff2ae8a-55e4-47db-a66d-e177fe0ac6a0/resource/3d7891bc-6861-47c8-b967-f8807059fa83/download/dss-demographics-june-2019-4.xlsx,OK,200,,2026-10-02,
https://data.gov.au/data/dataset/cff2ae8a-55e4-47db-a66d-e177fe0ac6a0/resource/48e48238-1ad9-4555-9ffa-02dfb4908eb3/download/dss-demographics-december-2022.xlsx,OK,200,,2026-10-02,
https://data.gov.au/data/dataset/cff2ae8a-55e4-47db-a66d-e177fe0ac6a0/resource/4e42c6d8-bc54-4c52-913f-249b259a5c24/download/dss-demographics-september-2022.xlsx,OK,200,,2026-10-02,
https://data.gov.au/data/dataset/cff2ae8a-55e4-47db-a66d-e177fe0ac6a0/resource/50429fc7-69ee-4e78-a624-d0d40e3eb888/download/dssdemographics-march-2019-conf-final.xlsx,OK,200,,2026-10-02,
https://data.gov.au/data/dataset/cff2ae8a-55e4-47db-a66d-e177fe0ac6a0/resource/51f47c53-db92-46b2-8e9d-77b046814cce/download/dss-demographics-march-2016.xlsx,OK,200,,2026-10-02,
https://data.gov.au/data/dataset/cff2ae8a-55e4-47db-a66d-e177fe0ac6a0/resource/57c91779-cce6-4ec4-b94f-50464ca55a77/download/dss-demographics-june-2018.xlsx,OK,200,,2026-10-02,
https://data.gov.au/data/dataset/cff2ae8a-55e4-47db-a66d-e177fe0ac6a0/resource/65515027-eb42-4257-9b32-6bfec21e00e8/download/dss-demographics-december-2021.xlsx,OK,200,,2026-10-02,
https://data.gov.au/data/dataset/cff2ae8a-55e4-47db-a66d-e177fe0ac6a0/resource/6c93023e-9c64-484d-9503-69cc8209afa6/download/dss-demographics-june-2024-final.xlsx,OK,200,,2026-10-02,
https://data.gov.au/data/dataset/cff2ae8a-55e4-47db-a66d-e177fe0ac6a0/resource/6de5b023-01b3-4562-b4a7-d7a4cc93df75/download/dss-demographics-march-2025-final.xlsx,OK,200,,2026-10-02,
https://data.gov.au/data/dataset/cff2ae8a-55e4-47db-a66d-e177fe0ac6a0/resource/78864f05-50a8-47e1-8b15-5d54359d6918/download/dss-demographics-september-2023-final.xlsx,OK,200,,2026-10-02,
https://data.gov.au/data/dataset/cff2ae8a-55e4-47db-a66d-e177fe0ac6a0/resource/7a6457a8-44a3-406c-b552-62eb0fef9d66/download/dss-demographics-june-2023-final.xlsx,OK,200,,2026-10-02,
https://data.gov.au/data/dataset/cff2ae8a-55e4-47db-a66d-e177fe0ac6a0/resource/80cc89a3-3208-4e0d-9745-598f7a882e28/download/dss-demographics-september-2021.xlsx,OK,200,,2026-10-02,
https://data.gov.au/data/dataset/cff2ae8a-55e4-47db-a66d-e177fe0ac6a0/resource/829fc910-e263-4a59-ad33-1cd1159ce0df/download/dss-demographics-june-2016.xlsx,OK,200,,2026-10-02,
https://data.gov.au/data/dataset/cff2ae8a-55e4-47db-a66d-e177fe0ac6a0/resource/a3da3714-96f1-48e2-994c-f5dd01a06745/download/dss-demographics-september-2020-final.xlsx,OK,200,,2026-10-02,
https://data.gov.au/data/dataset/cff2ae8a-55e4-47db-a66d-e177fe0ac6a0/resource/a4ed66ca-e829-4b01-ad72-b693142a65e8/download/dss-demographics-december-2016.xlsx,OK,200,,2026-10-02,
https://data.gov.au/data/dataset/cff2ae8a-55e4-47db-a66d-e177fe0ac6a0/resource/adbe8196-5669-4f33-b01a-65b04ad41b55/download/dss-demographics-march-2017.xlsx,OK,200,,2026-10-02,
https://data.gov.au/data/dataset/cff2ae8a-55e4-47db-a66d-e177fe0ac6a0/resource/b67aa3d6-063a-4e55-8941-6ca291754523/download/dss-demographics-march-2022-final.xlsx,OK,200,,2026-10-02,
https://data.gov.au/data/dataset/cff2ae8a-55e4-47db-a66d-e177fe0ac6a0/resource/be62aff6-a77e-4ea9-b14f-c34b1e608036/download/dss-demographics-march-2023-historic.xlsx,OK,200,,2026-10-02,
https://data.gov.au/data/dataset/cff2ae8a-55e4-47db-a66d-e177fe0ac6a0/resource/c19d7435-e596-4b1c-a73d-3fc561172f80/download/dssdemographics-september-2018-conf.xlsx,OK,200,,2026-10-02,
https://data.gov.au/data/dataset/cff2ae8a-55e4-47db-a66d-e177fe0ac6a0/resource/c3adb418-d2f9-48a8-bca6-66fa448628e5/download/dss-benefit-and-payment-recipient-demographics-june-2025-final.xlsx,OK,200,,2026-10-02,
https://data.gov.au/data/dataset/cff2ae8a-55e4-47db-a66d-e177fe0ac6a0/resource/c4db7814-fde1-4448-a7b5-94fb666b85d2/download/dss-payment-demographics-dataset-december-2018.xlsx,OK,200,,2026-10-02,
https://data.gov.au/data/dataset/cff2ae8a-55e4-47db-a66d-e177fe0ac6a0/resource/c91d7ee0-59e0-4fc9-92a9-066b840d1139/download/dss-demographics-june-2020-final.xlsx,OK,200,,2026-10-02,
https://data.gov.au/data/dataset/cff2ae8a-55e4-47db-a66d-e177fe0ac6a0/resource/c9bcd6ed-b6bd-423b-abc5-86b54bd7a591/download/dss-demographics-march-2018.xlsx,OK,200,,2026-10-02,
https://data.gov.au/data/dataset/cff2ae8a-55e4-47db-a66d-e177fe0ac6a0/resource/d3fc019c-0b4d-401a-937a-fde9591ad46a/download/dss-demographics-december-2023-final.xlsx,OK,200,,2026-10-02,
https://data.gov.au/data/dataset/cff2ae8a-55e4-47db-a66d-e177fe0ac6a0/resource/e9de2352-c21b-4c5f-bb5b-02020227f1eb/download/dss-demographics-march-2021-final.xlsx,OK,200,,2026-10-02,
https://data.gov.au/data/dataset/cff2ae8a-55e4-47db-a66d-e177fe0ac6a0/resource/f72fe318-bfec-46e0-9f54-3c4efacf93c0/download/dss-demographics-march-2020-final.xlsx,OK,200,,2026-10-02,
https://data.gov.au/data/dataset/cff2ae8a-55e4-47db-a66d-e177fe0ac6a0/resource/fd1e5a28-5e12-4c70-9d1d-d564c1c3e892/download/dss-demographics-december-2017.xlsx,OK,200,,2026-10-02,
https://data.gov.au/data/dataset/cff2ae8a-55e4-47db-a66d-e177fe0ac6a0/resource/fdbaedf6-70e9-4751-bb43-613bbc47e2c7/download/dss-demographics-september-2024-final.xlsx,OK,200,,2026-10-02,
https://data.gov.au/data/dataset/d4c4af9a-eb9f-413d-b8b3-e22b0d47e8f2,OK,200,https://data.gov.au/data/dataset/nsw-nsw-landuse-2017-v1p5-f0ed-clone-a95d,2026-10-02,
https://data.gov.au/data/dataset/d7de4c31-139e-4767-8c9a-cefeb66cc139,OK,200,https://data.gov.au/data/dataset/au-govt-abs-abs-regional-internal-migration-estimated-sa2-2007-2016-sa2,2026-10-02,
https://data.gov.au/data/dataset/db501fa0-a578-41de-8f1d-197c0741401b,OK,200,https://data.gov.au/data/dataset/au-govt-abs-abs-regional-internal-migration-by-age-sa2-2017-2020-sa2-2016,2026-10-02,
https://data.gov.au/data/dataset/disaster-history-payment-by-lga,REDIRECT,302,,2026-10-02,
https://data.gov.au/data/dataset/dss-payment-demographic-data,OK,200,,2026-10-02,
https://data.gov.au/data/dataset/dss-payment-demographic-data/resource/274a8714-fb41-4d83-a70f-1b1296c4ad36,OK,200,,2026-10-02,
https://data.gov.au/data/dataset/dss-payment-demographic-data/resource/289308f1-23e8-48a6-9df9-14f96c591abf,OK,200,,2026-10-02,
https://data.gov.au/data/dataset/dss-payment-demographic-data/resource/adbe8196-5669-4f33-b01a-65b04ad41b55,OK,200,,2026-10-02,
https://data.gov.au/data/dataset/dss-payments-by-statistical-area-2/resource/381e8508-26fe-4656-a88f-69ae15ee69a7,REDIRECT,302,,2026-10-02,
https://data.gov.au/data/dataset/e3dd85c8-0f8a-40b1-8750-95295c1d726b,OK,200,https://data.gov.au/data/dataset/au-govt-abs-census-sa2-g20a-unpaid-domestic-work-hrs-by-age-by-sex-census-2016-sa2-2016,2026-10-02,
https://data.gov.au/data/dataset/insolvency-statistics/resource/e41e656b-9478-4dcb-92d6-e8eb1cf14e22,OK,200,,2026-10-02,
https://data.gov.au/data/dataset/nsw-fire-extent-and-severity-mapping-fesm-2019-20/resource/6d352d1d-e304-4d93-ac1e-b9b312a8c8f0,REDIRECT,302,,2026-10-02,
https://data.gov.au/data/dataset/nsw-fire-extent-and-severity-mapping-fesm-2019-20/resource/c87271dc-831a-4f3d-9d5d-91788750a819,REDIRECT,302,,2026-10-02,
https://data.gov.au/data/dataset/nsw-fire-extent-and-severity-mapping-fesm-2019-20/resource/c939ddfd-f23c-45f2-b855-166363b58605,REDIRECT,302,,2026-10-02,
https://data.gov.au/data/dataset/nsw-fire-extent-and-severity-mapping-fesm-2019-20/resource/df4137fb-7242-43f5-bc0e-21b42b3c893b,REDIRECT,302,,2026-10-02,
https://data.gov.au/data/dataset/nsw-http-www-valuergeneral-nsw-gov-au-land-value-summaries-lv-php/resource/275da52d-66db-46df-8bd4-37fdac0f669e,OK,200,,2026-10-02,
https://data.gov.au/data/dataset/nsw-nsw-landuse-2017-v1p5-f0ed-clone-a95d/resource/435e4a42-0ca7-43d0-823b-a895038261c2,REDIRECT,302,,2026-10-02,
https://data.gov.au/data/dataset/nsw-nsw-landuse-2017-v1p5-f0ed-clone-a95d/resource/8b6e627c-4085-45ad-83bd-4a7af0ec4ad9,REDIRECT,302,,2026-10-02,
https://data.gov.au/data/dataset/quarterly-regional-statistics/resource/c178db89-d481-4218-81e0-1f370586f68b,OK,200,,2026-10-02,
https://data.gov.au/data/dataset/seifa,OK,200,,2026-10-02,
https://data.gov.au/data/dataset/taxation-statistics-2019-20/resource/3e49a39a-5b01-44b7-b67e-ce056ef6548c,OK,200,,2026-10-02,
https://data.gov.au/data/dataset/taxation-statistics-2019-20/resource/50bad443-39eb-4f60-bce5-d2978fc61e1b,OK,200,,2026-10-02,
https://data.gov.au/data/dataset/taxation-statistics-2019-20/resource/ef7ceecb-e6f8-441f-81bb-0a2ccf9ee69e,OK,200,,2026-10-02,
https://data.gov.au/data/dataset/taxation-statistics-2022-23/resource/1dfcc611-9f62-4679-a4cb-d4c3df8af4b4,OK,200,,2026-10-02,
https://data.gov.au/data/dataset/taxation-statistics-2022-23/resource/e4b8c6b4-1185-4be6-9bd7-cf4385934d00,OK,200,,2026-10-02,
https://data.gov.au/data/dataset/taxation-statistics-postcode-data/resource/d2eb3863-78c6-4afe-a348-83043df5aeab,OK,200,,2026-10-02,
https://data.gov.au/data/en/dataset/0009c7ce-b4ac-44f0-b3a1-56c9dc744c48,OK,200,https://data.gov.au/data/en/dataset/local-economic-recovery-projects-for-2019-20-bushfires,2026-10-02,
https://data.gov.au/data/en/dataset/?page=4688,OK,200,,2026-10-02,
https://data.gov.au/data/en/dataset/?page=4693,OK,200,,2026-10-02,
https://data.gov.au/data/en/dataset/?page=4783,OK,200,,2026-10-02,
https://data.gov.au/data/en/dataset/?tags=flood,OK,200,,2026-10-02,
https://data.gov.au/data/en/dataset/b1c37916-d655-452e-ae0c-299fd1ba2449,OK,200,https://data.gov.au/data/en/dataset/nsw-3-19746-performance-audit-report-bushfire-recovery-grants,2026-10-02,
https://data.gov.au/data/en/dataset/b1c37916-d655-452e-ae0c-299fd1ba2449.n3,OK,200,,2026-10-02,
https://data.gov.au/data/en/dataset/soe2020-livestock-meat-production/resource/352a6e1f-d3aa-4dab-b481-e2857b1c119d,REDIRECT,302,,2026-10-02,
https://data.gov.au/data/group/community?tags=DSS,OK,200,,2026-10-02,
https://data.gov.au/data/organization/f7696dc3-e407-4c5f-bfaa-1f6d9ef37f17?tags=COB,OK,200,https://data.gov.au/data/organization/department-of-social-services?tags=COB,2026-10-02,
https://data.gov.au/data/user/nrra_data,BLOCKED,403,,2026-10-02,
https://data.nsw.gov.au/data/dataset/13922269-4b3a-4d6d-ae5b-612ae9fd59b2,OK,200,https://data.nsw.gov.au/data/dataset/local-government-area-visitor-profiles,2026-10-02,
https://data.nsw.gov.au/data/dataset/327f9982-e610-4ffe-a51c-4047e97c7e7d,OK,200,https://data.nsw.gov.au/data/dataset/http-www-valuergeneral-nsw-gov-au-land-value-summaries-lv-php,2026-10-02,
https://data.nsw.gov.au/data/dataset/?page=655,OK,200,,2026-10-02,
https://data.nsw.gov.au/data/dataset/activity/3-19746-performance-audit-report--bushfire-recovery-grants,OK,200,,2026-10-02,
https://data.nsw.gov.au/data/dataset/b1c37916-d655-452e-ae0c-299fd1ba2449,OK,200,https://data.nsw.gov.au/data/dataset/3-19746-performance-audit-report--bushfire-recovery-grants,2026-10-02,
https://data.nsw.gov.au/data/dataset/b1c37916-d655-452e-ae0c-299fd1ba2449/history/26aa5feb-a410-43dc-b34e-f4e7f0bfc581,BLOCKED,403,https://data.nsw.gov.au/data/dataset/3-19746-performance-audit-report--bushfire-recovery-grants/history/26aa5feb-a410-43dc-b34e-f4e7f0bfc581,2026-10-02,
https://data.nsw.gov.au/data/dataset/c4e2deda-c300-428f-9cd6-9fe3822ca8a0/resource/b7c718e0-4789-4302-9987-b3dcff4fe7f2/download/schools-and-students-2022-statistical-bulletin.pdf,OK,200,,2026-10-02,
https://data.nsw.gov.au/data/dataset/crime-data-by-offence/resource/1d5b2851-52e9-4327-a81b-19149c63f736,BROKEN,404,,2026-10-02,
https://data.nsw.gov.au/data/dataset/nsw-education-attendance-rate-at-government-schools-nsw,OK,200,,2026-10-02,
https://data.nsw.gov.au/data/dataset/nsw-landuse-2017-v1p5-f0ed-clone-a95d,OK,200,,2026-10-02,
https://data.nsw.gov.au/data/dataset/rental-bond-lodgement,OK,200,,2026-10-02,
https://data.nsw.gov.au/data/dataset/rental-bond-lodgement/history/55805343-15b7-491d-8bf2-86bf6b41af96,BLOCKED,403,,2026-10-02,
https://data.nsw.gov.au/data/en/dataset/1-54bec643c2ba4a3a8ee52fb8647e797b/history/fcde0b8d-b016-4ff9-ba68-b6ff8e036f45,BROKEN,404,,2026-10-02,
https://data.nsw.gov.au/data/en/dataset/activity/nsw-education-enrolments-in-government-schools,OK,200,,2026-10-02,
https://data.nsw.gov.au/data/en/dataset/crime-data-by-offence,BROKEN,404,,2026-10-02,
https://data.nsw.gov.au/data/en/dataset/d4c4af9a-eb9f-413d-b8b3-e22b0d47e8f2,OK,200,https://data.nsw.gov.au/data/en/dataset/nsw-landuse-2017-v1p5-f0ed-clone-a95d,2026-10-02,
https://data.nsw.gov.au/data/en/organization/activity/education,OK,200,,2026-10-02,
https://data.nsw.gov.au/data/group/activity/education-and-training?offset=0,OK,200,,2026-10-02,
https://data.nsw.gov.au/data/organization/about/blayney-shire-council,OK,200,,2026-10-02,
https://data.nsw.gov.au/data/organization/activity/education,OK,200,,2026-10-02,
https://data.nsw.gov.au/data/organization/singleton-shire-council,OK,200,,2026-10-02,
https://data.sa.gov.au/data/dataset/2bada993-8377-49ef-b0f4-c9cffadc02b6/resource/b8274025-6535-4641-b1d0-a66a75c81f2c/download/state-recovery-pinery-fire-statistics.xlsx,FAILED,,,2026-10-02,"ReadTimeout: HTTPSConnectionPool(host='data.sa.gov.au', port=443): Read timed out. (read timeout=25)"
https://data.sa.gov.au/data/dataset/30e275dd-a6f3-4af5-8b8a-6f4919ff6fe7,OK,200,https://data.sa.gov.au/data/dataset/bushfire-protection-areas,2026-10-02,
https://data.sa.gov.au/data/dataset/building-approvals,OK,200,,2026-10-02,
https://datasets.live.lz.seed.nsw.gov.au/dataset/nsw-landuse-2017-v1p5-f0ed-clone-a95d/metaexport/iso19115_html,FAILED,,,2026-10-02,"SSLError: HTTPSConnectionPool(host='datasets.live.lz.seed.nsw.gov.au', port=443): Max retries exceeded with url: /dataset/nsw-landuse-2017-v1p5-f0ed-clone-a95d/"
https://datasets.live.lz.seed.nsw.gov.au/dataset/nsw-landuse-2017-v1p5-f0ed-clone-a95d/metaexport/iso19115_pdf,FAILED,,,2026-10-02,"SSLError: HTTPSConnectionPool(host='datasets.live.lz.seed.nsw.gov.au', port=443): Max retries exceeded with url: /dataset/nsw-landuse-2017-v1p5-f0ed-clone-a95d/"
https://datasets.live.lz.seed.nsw.gov.au/dataset/nsw-landuse-2017-v1p5-f0ed-clone-a95d/resource/e9f2f570-195a-4fe7-8267-6eec30875346,FAILED,,,2026-10-02,"SSLError: HTTPSConnectionPool(host='datasets.live.lz.seed.nsw.gov.au', port=443): Max retries exceeded with url: /dataset/nsw-landuse-2017-v1p5-f0ed-clone-a95d/"
https://datasets.live.lz.seed.nsw.gov.au/group/about/bushfire,FAILED,,,2026-10-02,"SSLError: HTTPSConnectionPool(host='datasets.live.lz.seed.nsw.gov.au', port=443): Max retries exceeded with url: /group/about/bushfire (Caused by SSLError(SSLEr"
https://datasets.seed.nsw.gov.au/dataset/4eec3fa1-3958-4c17-8cf0-906f61c6b033/resource/591b178f-356a-4dd8-a6a5-3f54f399a688/download/fesm_grid20260331.zip,OK,200,https://s3.ap-southeast-2.amazonaws.com/oeh-prod-cloudstorage/resources/591b178f-356a-4dd8-a6a5-3f54f399a688/fesm_grid20260331.zip?X-Amz-Algorithm=AWS4-HMAC-SHA256&X-Amz-Credential=AKIAIXHLCNGLM7VP7UOQ%2F20261002%2Fap-southeast-2%2Fs3%2Faws4_request&X-Amz-Date=20261002T045653Z&X-Amz-Expires=3600&X-Amz-SignedHeaders=host&X-Amz-Signature=eba2503f439a489f41b72624cb311e1f66ade3b1b21069d87f162a975816f074,2026-10-02,
https://datasets.seed.nsw.gov.au/dataset/5c256ed5-5268-4b20-9564-5c9f297f01e2/resource/5d559001-d46d-41e6-9c2e-192b549f1d81/download/fesm_grid.zip,OK,200,https://s3.ap-southeast-2.amazonaws.com/oeh-prod-cloudstorage/resources/5d559001-d46d-41e6-9c2e-192b549f1d81/fesm_grid.zip?X-Amz-Algorithm=AWS4-HMAC-SHA256&X-Amz-Credential=AKIAIXHLCNGLM7VP7UOQ%2F20261002%2Fap-southeast-2%2Fs3%2Faws4_request&X-Amz-Date=20261002T050240Z&X-Amz-Expires=3600&X-Amz-SignedHeaders=host&X-Amz-Signature=fab3902aefaf467482ee8e284280fb53791b7aa1a96bb8aaf889b24a7e1e09b4,2026-10-02,
https://datasets.seed.nsw.gov.au/dataset/5c8ba8c8-2518-460c-be6c-0901e4b77a3f/resource/75f383f2-7664-4892-af65-d0c46f60c987/download/cvmsre_nswwildfire_20142015_ag1l0.zip,OK,200,https://s3.ap-southeast-2.amazonaws.com/oeh-prod-cloudstorage/resources/75f383f2-7664-4892-af65-d0c46f60c987/cvmsre_nswwildfire_20142015_ag1l0.zip?X-Amz-Algorithm=AWS4-HMAC-SHA256&X-Amz-Credential=AKIAIXHLCNGLM7VP7UOQ%2F20261002%2Fap-southeast-2%2Fs3%2Faws4_request&X-Amz-Date=20261002T050446Z&X-Amz-Expires=3600&X-Amz-SignedHeaders=host&X-Amz-Signature=804be0a07eb65f71a3d97b2c5299dc46b5954dee0136662f03c339136db7852b,2026-10-02,
https://datasets.seed.nsw.gov.au/dataset/6ff6aedc-5131-4667-ac34-e9d9aa8aeb99/resource/885353fe-61f7-4b8f-9099-ade2cbc17007/download/fesm201718grid.zip,OK,200,https://s3.ap-southeast-2.amazonaws.com/oeh-prod-cloudstorage/resources/885353fe-61f7-4b8f-9099-ade2cbc17007/fesm201718grid.zip?X-Amz-Algorithm=AWS4-HMAC-SHA256&X-Amz-Credential=AKIAIXHLCNGLM7VP7UOQ%2F20261002%2Fap-southeast-2%2Fs3%2Faws4_request&X-Amz-Date=20261002T050603Z&X-Amz-Expires=3600&X-Amz-SignedHeaders=host&X-Amz-Signature=3bb2edc6a944f2afd0ca405d3b9422571cc9f24d926783c095e202a4a2f2c3f8,2026-10-02,
https://datasets.seed.nsw.gov.au/dataset/71e2d6bb-136a-4046-aba4-2bbe77086392/resource/18d9fad3-b421-4183-879f-ab902af1ffc6/download/fireseverityfesm.zip,OK,200,https://s3.ap-southeast-2.amazonaws.com/oeh-prod-cloudstorage/resources/18d9fad3-b421-4183-879f-ab902af1ffc6/fireseverityfesm.zip?X-Amz-Algorithm=AWS4-HMAC-SHA256&X-Amz-Credential=AKIAIXHLCNGLM7VP7UOQ%2F20261002%2Fap-southeast-2%2Fs3%2Faws4_request&X-Amz-Date=20261002T050701Z&X-Amz-Expires=3600&X-Amz-SignedHeaders=host&X-Amz-Signature=fba920a8212a90a76021d11f3ca1bf217a70b3d52ec9c0d068a011be7a136c20,2026-10-02,
https://datasets.seed.nsw.gov.au/dataset/83620eb4-1c0f-4ef4-a5d7-d34cb545d8f7/resource/d2b12d49-7e65-457c-8359-1040d685275f/download/cvmsre_nswwildfire_20152016_ag1l0.zip,OK,200,https://s3.ap-southeast-2.amazonaws.com/oeh-prod-cloudstorage/resources/d2b12d49-7e65-457c-8359-1040d685275f/cvmsre_nswwildfire_20152016_ag1l0.zip?X-Amz-Algorithm=AWS4-HMAC-SHA256&X-Amz-Credential=AKIAIXHLCNGLM7VP7UOQ%2F20261002%2Fap-southeast-2%2Fs3%2Faws4_request&X-Amz-Date=20261002T050749Z&X-Amz-Expires=3600&X-Amz-SignedHeaders=host&X-Amz-Signature=a3af6c878ad643cc8e1d776fa5ca572fa7e288a29787c990e0d2d9b0384b7d3a,2026-10-02,
https://datasets.seed.nsw.gov.au/dataset/bb749e1d-dcf0-4f66-8f8f-40715ac41c1c/resource/9c04f0cf-67d5-421d-aa3c-b3b3e2b4c471/download/fire_fesm_2021_2022_grid.zip,OK,200,https://s3.ap-southeast-2.amazonaws.com/oeh-prod-cloudstorage/resources/9c04f0cf-67d5-421d-aa3c-b3b3e2b4c471/fire_fesm_2021_2022_grid.zip?X-Amz-Algorithm=AWS4-HMAC-SHA256&X-Amz-Credential=AKIAIXHLCNGLM7VP7UOQ%2F20261002%2Fap-southeast-2%2Fs3%2Faws4_request&X-Amz-Date=20261002T050828Z&X-Amz-Expires=3600&X-Amz-SignedHeaders=host&X-Amz-Signature=6acdde44f348d7ebca8ae5fa3ab388feb562a9a143fbd153f727ba56057c04e3,2026-10-02,
https://datasets.seed.nsw.gov.au/dataset/c2427005-febe-4e4e-a300-2c4ddd0066be/resource/9c7f4251-8b45-48da-bb1a-bc22a37994a0/download/fesm201819grid.zip,OK,200,https://s3.ap-southeast-2.amazonaws.com/oeh-prod-cloudstorage/resources/9c7f4251-8b45-48da-bb1a-bc22a37994a0/fesm201819grid.zip?X-Amz-Algorithm=AWS4-HMAC-SHA256&X-Amz-Credential=AKIAIXHLCNGLM7VP7UOQ%2F20261002%2Fap-southeast-2%2Fs3%2Faws4_request&X-Amz-Date=20261002T050900Z&X-Amz-Expires=3600&X-Amz-SignedHeaders=host&X-Amz-Signature=8023c29b88326bbc7ba54bd6c2eb0ab3730439821539c1ab175952da216cd82d,2026-10-02,
https://datasets.seed.nsw.gov.au/dataset/d916bcef-cd6a-4a35-ba35-c5f80af062d4/resource/48949f0c-dbfb-48e8-9d8b-99ceb6807ad1/download/fesmwfs2425_grid.zip,OK,200,https://s3.ap-southeast-2.amazonaws.com/oeh-prod-cloudstorage/resources/48949f0c-dbfb-48e8-9d8b-99ceb6807ad1/fesmwfs2425_grid.zip?X-Amz-Algorithm=AWS4-HMAC-SHA256&X-Amz-Credential=AKIAIXHLCNGLM7VP7UOQ%2F20261002%2Fap-southeast-2%2Fs3%2Faws4_request&X-Amz-Date=20261002T050931Z&X-Amz-Expires=3600&X-Amz-SignedHeaders=host&X-Amz-Signature=850f29528de72dc479f859eadecabe9191866b4ab5b85fab13e6098c283ca607,2026-10-02,
https://datasets.seed.nsw.gov.au/dataset/eeaf2006-db96-4218-a124-43b19cd15765/resource/b9251d24-87f3-4dd3-b3d1-80f1894cfa6b/download/fire_fesm_2016_17_grid_data.zip,OK,200,https://s3.ap-southeast-2.amazonaws.com/oeh-prod-cloudstorage/resources/b9251d24-87f3-4dd3-b3d1-80f1894cfa6b/fire_fesm_2016_17_grid_data.zip?X-Amz-Algorithm=AWS4-HMAC-SHA256&X-Amz-Credential=AKIAIXHLCNGLM7VP7UOQ%2F20261002%2Fap-southeast-2%2Fs3%2Faws4_request&X-Amz-Date=20261002T051004Z&X-Amz-Expires=3600&X-Amz-SignedHeaders=host&X-Amz-Signature=bbd10814d88162110f14d3295f3cced0630cb12c19cb4b742a0205f122e9fd01,2026-10-02,
https://datasets.seed.nsw.gov.au/dataset/f7eb3f73-5831-4cc9-8259-8d1f210214ac/resource/51106786-6f4c-4383-a3c5-5ae59b397e0e/download/fireseverityfesm.zip,OK,200,https://s3.ap-southeast-2.amazonaws.com/oeh-prod-cloudstorage/resources/51106786-6f4c-4383-a3c5-5ae59b397e0e/fireseverityfesm.zip?X-Amz-Algorithm=AWS4-HMAC-SHA256&X-Amz-Credential=AKIAIXHLCNGLM7VP7UOQ%2F20261002%2Fap-southeast-2%2Fs3%2Faws4_request&X-Amz-Date=20261002T051037Z&X-Amz-Expires=3600&X-Amz-SignedHeaders=host&X-Amz-Signature=41d4ba952b828499ceb3d70958af5783df872fea88e928cf3b9ddccf884d9369,2026-10-02,
https://datasets.seed.nsw.gov.au/dataset/f8e725eb-132d-43bf-b6bc-31048540fb53/resource/5e0891c8-7a1b-4c29-bd61-88ba7d89171a/download/fesm2324_grid.zip,OK,200,https://s3.ap-southeast-2.amazonaws.com/oeh-prod-cloudstorage/resources/5e0891c8-7a1b-4c29-bd61-88ba7d89171a/fesm2324_grid.zip?X-Amz-Algorithm=AWS4-HMAC-SHA256&X-Amz-Credential=AKIAIXHLCNGLM7VP7UOQ%2F20261002%2Fap-southeast-2%2Fs3%2Faws4_request&X-Amz-Date=20261002T051108Z&X-Amz-Expires=3600&X-Amz-SignedHeaders=host&X-Amz-Signature=604996adbec7ec91d0cb8dd3ff1f7cd3b7cac74e316e72e0b87f806c3ca4d869,2026-10-02,
https://datasets.seed.nsw.gov.au/dataset/fire-extent-and-severity-mapping-fesm,OK,200,,2026-10-02,
https://datasets.seed.nsw.gov.au/dataset/fire-extent-and-severity-mapping-fesm-2019-20/metaexport/iso19115_pdf,SERVER ERROR,500,,2026-10-02,
https://datasets.seed.nsw.gov.au/dataset/nsw-landuse-2017-v1p5-f0ed-clone-a95d,OK,200,,2026-10-02,
https://datashare.maps.vic.gov.au/search?md=93136d30-5c02-597f-bdec-c26928766b41,OK,200,,2026-10-02,
https://datashare.maps.vic.gov.au/search?md=a502df15-7b90-5e96-b1a0-ba29e95558b2,OK,200,,2026-10-02,
https://dataverse.ada.edu.au/dataverse/DSSLongitudinalStudies,OK,200,,2026-10-02,
https://dbedt.hawaii.gov/?p=12054,BROKEN,404,,2026-10-02,
https://dc.fortune.com/2025/01/11/homeowners-insurance-la-wildfires-rebuilding-costs-disaster-coverage/,OK,200,https://fortune.com/2025/01/11/homeowners-insurance-la-wildfires-rebuilding-costs-disaster-coverage/,2026-10-02,
https://dcj.nsw.gov.au/content/dam/dcj/dcj-website/documents/about-us/families-and-communities-statistics/housing-and-rent-sales/Rent_tables_December_2024_quarter.xlsx,OK,200,https://dcj.nsw.gov.au/documents/about-us/families-and-communities-statistics/housing-and-rent-sales/Rent_tables_December_2024_quarter.xlsx,2026-10-02,
https://dcj.nsw.gov.au/content/dam/dcj/dcj-website/documents/about-us/families-and-communities-statistics/housing-and-rent-sales/Rent_tables_June_2025_quarter.xlsx,OK,200,https://dcj.nsw.gov.au/documents/about-us/families-and-communities-statistics/housing-and-rent-sales/Rent_tables_June_2025_quarter.xlsx,2026-10-02,
https://dcj.nsw.gov.au/content/dam/dcj/dcj-website/documents/about-us/families-and-communities-statistics/housing-and-rent-sales/issue-149-rent-tables-sep-2024-quarter.xlsx,OK,200,https://dcj.nsw.gov.au/documents/about-us/families-and-communities-statistics/housing-and-rent-sales/issue-149-rent-tables-sep-2024-quarter.xlsx,2026-10-02,
https://dcj.nsw.gov.au/content/dam/dcj/dcj-website/documents/about-us/families-and-communities-statistics/housing-and-rent-sales/issue-151-rent-tables-mar-2025.xlsx,OK,200,https://dcj.nsw.gov.au/documents/about-us/families-and-communities-statistics/housing-and-rent-sales/issue-151-rent-tables-mar-2025.xlsx,2026-10-02,
https://dcj.nsw.gov.au/content/dam/dcj/dcj-website/documents/about-us/families-and-communities-statistics/housing-and-rent-sales/previous-rent-and-sales-reports/issue-120-rent-tables-june-2017.xls,OK,200,https://dcj.nsw.gov.au/documents/about-us/families-and-communities-statistics/housing-and-rent-sales/previous-rent-and-sales-reports/issue-120-rent-tables-june-2017.xls,2026-10-02,
https://dcj.nsw.gov.au/content/dam/dcj/dcj-website/documents/about-us/families-and-communities-statistics/housing-and-rent-sales/previous-rent-and-sales-reports/issue-121-rent-tables-september-2017.xlsx,OK,200,https://dcj.nsw.gov.au/documents/about-us/families-and-communities-statistics/housing-and-rent-sales/previous-rent-and-sales-reports/issue-121-rent-tables-september-2017.xlsx,2026-10-02,
https://dcj.nsw.gov.au/content/dam/dcj/dcj-website/documents/about-us/families-and-communities-statistics/housing-and-rent-sales/previous-rent-and-sales-reports/issue-122-rent-tables-december-2017.xlsx,OK,200,https://dcj.nsw.gov.au/documents/about-us/families-and-communities-statistics/housing-and-rent-sales/previous-rent-and-sales-reports/issue-122-rent-tables-december-2017.xlsx,2026-10-02,
https://dcj.nsw.gov.au/content/dam/dcj/dcj-website/documents/about-us/families-and-communities-statistics/housing-and-rent-sales/previous-rent-and-sales-reports/issue-123-rent-tables-march-2018.xlsx,OK,200,https://dcj.nsw.gov.au/documents/about-us/families-and-communities-statistics/housing-and-rent-sales/previous-rent-and-sales-reports/issue-123-rent-tables-march-2018.xlsx,2026-10-02,
https://dcj.nsw.gov.au/content/dam/dcj/dcj-website/documents/about-us/families-and-communities-statistics/housing-and-rent-sales/previous-rent-and-sales-reports/issue-124-rent-tables-june-2018.xlsx,OK,200,https://dcj.nsw.gov.au/documents/about-us/families-and-communities-statistics/housing-and-rent-sales/previous-rent-and-sales-reports/issue-124-rent-tables-june-2018.xlsx,2026-10-02,
https://dcj.nsw.gov.au/content/dam/dcj/dcj-website/documents/about-us/families-and-communities-statistics/housing-and-rent-sales/previous-rent-and-sales-reports/issue-125-rent-tables-september-2018.xlsx,OK,200,https://dcj.nsw.gov.au/documents/about-us/families-and-communities-statistics/housing-and-rent-sales/previous-rent-and-sales-reports/issue-125-rent-tables-september-2018.xlsx,2026-10-02,
https://dcj.nsw.gov.au/content/dam/dcj/dcj-website/documents/about-us/families-and-communities-statistics/housing-and-rent-sales/previous-rent-and-sales-reports/issue-126-rent-tables-december-2018.xlsx,OK,200,https://dcj.nsw.gov.au/documents/about-us/families-and-communities-statistics/housing-and-rent-sales/previous-rent-and-sales-reports/issue-126-rent-tables-december-2018.xlsx,2026-10-02,
https://dcj.nsw.gov.au/content/dam/dcj/dcj-website/documents/about-us/families-and-communities-statistics/housing-and-rent-sales/previous-rent-and-sales-reports/issue-127-rent-tables-march-2019.xlsx,OK,200,https://dcj.nsw.gov.au/documents/about-us/families-and-communities-statistics/housing-and-rent-sales/previous-rent-and-sales-reports/issue-127-rent-tables-march-2019.xlsx,2026-10-02,
https://dcj.nsw.gov.au/content/dam/dcj/dcj-website/documents/about-us/families-and-communities-statistics/housing-and-rent-sales/previous-rent-and-sales-reports/issue-128-rent-tables-june-2019.xlsx,OK,200,https://dcj.nsw.gov.au/documents/about-us/families-and-communities-statistics/housing-and-rent-sales/previous-rent-and-sales-reports/issue-128-rent-tables-june-2019.xlsx,2026-10-02,
https://dcj.nsw.gov.au/content/dam/dcj/dcj-website/documents/about-us/families-and-communities-statistics/housing-and-rent-sales/previous-rent-and-sales-reports/issue-129-rent-tables-september-2019.xlsx,OK,200,https://dcj.nsw.gov.au/documents/about-us/families-and-communities-statistics/housing-and-rent-sales/previous-rent-and-sales-reports/issue-129-rent-tables-september-2019.xlsx,2026-10-02,
https://dcj.nsw.gov.au/content/dam/dcj/dcj-website/documents/about-us/families-and-communities-statistics/housing-and-rent-sales/previous-rent-and-sales-reports/issue-130-rent-tables-december-2019.xlsx,OK,200,https://dcj.nsw.gov.au/documents/about-us/families-and-communities-statistics/housing-and-rent-sales/previous-rent-and-sales-reports/issue-130-rent-tables-december-2019.xlsx,2026-10-02,
https://dcj.nsw.gov.au/content/dam/dcj/dcj-website/documents/about-us/families-and-communities-statistics/housing-and-rent-sales/previous-rent-and-sales-reports/issue-131-rent-tables-march-2020.xlsx,OK,200,https://dcj.nsw.gov.au/documents/about-us/families-and-communities-statistics/housing-and-rent-sales/previous-rent-and-sales-reports/issue-131-rent-tables-march-2020.xlsx,2026-10-02,
https://dcj.nsw.gov.au/content/dam/dcj/dcj-website/documents/about-us/families-and-communities-statistics/housing-and-rent-sales/previous-rent-and-sales-reports/issue-132-rent-tables-june-2020.xlsx,OK,200,https://dcj.nsw.gov.au/documents/about-us/families-and-communities-statistics/housing-and-rent-sales/previous-rent-and-sales-reports/issue-132-rent-tables-june-2020.xlsx,2026-10-02,
https://dcj.nsw.gov.au/content/dam/dcj/dcj-website/documents/about-us/families-and-communities-statistics/housing-and-rent-sales/previous-rent-and-sales-reports/issue-133-rent-tables-september-2020.xlsx,OK,200,https://dcj.nsw.gov.au/documents/about-us/families-and-communities-statistics/housing-and-rent-sales/previous-rent-and-sales-reports/issue-133-rent-tables-september-2020.xlsx,2026-10-02,
https://dcj.nsw.gov.au/content/dam/dcj/dcj-website/documents/about-us/families-and-communities-statistics/housing-and-rent-sales/previous-rent-and-sales-reports/issue-134-rent-tables-december-2020.xlsx,OK,200,https://dcj.nsw.gov.au/documents/about-us/families-and-communities-statistics/housing-and-rent-sales/previous-rent-and-sales-reports/issue-134-rent-tables-december-2020.xlsx,2026-10-02,
https://dcj.nsw.gov.au/content/dam/dcj/dcj-website/documents/about-us/families-and-communities-statistics/housing-and-rent-sales/previous-rent-and-sales-reports/issue-135-rent-tables-march-2021.xlsx,OK,200,https://dcj.nsw.gov.au/documents/about-us/families-and-communities-statistics/housing-and-rent-sales/previous-rent-and-sales-reports/issue-135-rent-tables-march-2021.xlsx,2026-10-02,
https://dcj.nsw.gov.au/content/dam/dcj/dcj-website/documents/about-us/families-and-communities-statistics/housing-and-rent-sales/previous-rent-and-sales-reports/issue-136-rent-tables-june-2021.xlsx,OK,200,https://dcj.nsw.gov.au/documents/about-us/families-and-communities-statistics/housing-and-rent-sales/previous-rent-and-sales-reports/issue-136-rent-tables-june-2021.xlsx,2026-10-02,
https://dcj.nsw.gov.au/content/dam/dcj/dcj-website/documents/about-us/families-and-communities-statistics/housing-and-rent-sales/previous-rent-and-sales-reports/issue-137-rent-tables-september-2021.xlsx,OK,200,https://dcj.nsw.gov.au/documents/about-us/families-and-communities-statistics/housing-and-rent-sales/previous-rent-and-sales-reports/issue-137-rent-tables-september-2021.xlsx,2026-10-02,
https://dcj.nsw.gov.au/content/dam/dcj/dcj-website/documents/about-us/families-and-communities-statistics/housing-and-rent-sales/previous-rent-and-sales-reports/issue-138-rent-tables-december-2021.xlsx,OK,200,https://dcj.nsw.gov.au/documents/about-us/families-and-communities-statistics/housing-and-rent-sales/previous-rent-and-sales-reports/issue-138-rent-tables-december-2021.xlsx,2026-10-02,
https://dcj.nsw.gov.au/content/dam/dcj/dcj-website/documents/about-us/families-and-communities-statistics/housing-and-rent-sales/previous-rent-and-sales-reports/issue-139-rent-tables-march-2022.xlsx,OK,200,https://dcj.nsw.gov.au/documents/about-us/families-and-communities-statistics/housing-and-rent-sales/previous-rent-and-sales-reports/issue-139-rent-tables-march-2022.xlsx,2026-10-02,
https://dcj.nsw.gov.au/content/dam/dcj/dcj-website/documents/about-us/families-and-communities-statistics/housing-and-rent-sales/previous-rent-and-sales-reports/issue-140-rent-tables-june-2022.xlsx,OK,200,https://dcj.nsw.gov.au/documents/about-us/families-and-communities-statistics/housing-and-rent-sales/previous-rent-and-sales-reports/issue-140-rent-tables-june-2022.xlsx,2026-10-02,
https://dcj.nsw.gov.au/content/dam/dcj/dcj-website/documents/about-us/families-and-communities-statistics/housing-and-rent-sales/previous-rent-and-sales-reports/issue-141-rent-tables-september-2022.xlsx,OK,200,https://dcj.nsw.gov.au/documents/about-us/families-and-communities-statistics/housing-and-rent-sales/previous-rent-and-sales-reports/issue-141-rent-tables-september-2022.xlsx,2026-10-02,
https://dcj.nsw.gov.au/content/dam/dcj/dcj-website/documents/about-us/families-and-communities-statistics/housing-and-rent-sales/previous-rent-and-sales-reports/issue-142-rent-tables-december-2022.xlsx,OK,200,https://dcj.nsw.gov.au/documents/about-us/families-and-communities-statistics/housing-and-rent-sales/previous-rent-and-sales-reports/issue-142-rent-tables-december-2022.xlsx,2026-10-02,
https://dcj.nsw.gov.au/content/dam/dcj/dcj-website/documents/about-us/families-and-communities-statistics/housing-and-rent-sales/previous-rent-and-sales-reports/issue-143-rent-tables-march-2023.xlsx,OK,200,https://dcj.nsw.gov.au/documents/about-us/families-and-communities-statistics/housing-and-rent-sales/previous-rent-and-sales-reports/issue-143-rent-tables-march-2023.xlsx,2026-10-02,
https://dcj.nsw.gov.au/content/dam/dcj/dcj-website/documents/about-us/families-and-communities-statistics/housing-and-rent-sales/previous-rent-and-sales-reports/issue-144-rent-tables-june-2023.xlsx,OK,200,https://dcj.nsw.gov.au/documents/about-us/families-and-communities-statistics/housing-and-rent-sales/previous-rent-and-sales-reports/issue-144-rent-tables-june-2023.xlsx,2026-10-02,
https://dcj.nsw.gov.au/content/dam/dcj/dcj-website/documents/about-us/families-and-communities-statistics/housing-and-rent-sales/previous-rent-and-sales-reports/issue-145-rent-tables-september-2023.xlsx,OK,200,https://dcj.nsw.gov.au/documents/about-us/families-and-communities-statistics/housing-and-rent-sales/previous-rent-and-sales-reports/issue-145-rent-tables-september-2023.xlsx,2026-10-02,
https://dcj.nsw.gov.au/content/dam/dcj/dcj-website/documents/about-us/families-and-communities-statistics/housing-and-rent-sales/previous-rent-and-sales-reports/issue-146-rent-tables-december-2023.xlsx,OK,200,https://dcj.nsw.gov.au/documents/about-us/families-and-communities-statistics/housing-and-rent-sales/previous-rent-and-sales-reports/issue-146-rent-tables-december-2023.xlsx,2026-10-02,
https://dcj.nsw.gov.au/content/dam/dcj/dcj-website/documents/about-us/families-and-communities-statistics/housing-and-rent-sales/previous-rent-and-sales-reports/issue-147-rent-tables-march-2024-quarter.xlsx,OK,200,https://dcj.nsw.gov.au/documents/about-us/families-and-communities-statistics/housing-and-rent-sales/previous-rent-and-sales-reports/issue-147-rent-tables-march-2024-quarter.xlsx,2026-10-02,
https://dcj.nsw.gov.au/content/dam/dcj/dcj-website/documents/about-us/families-and-communities-statistics/housing-and-rent-sales/previous-rent-and-sales-reports/issue-148-rent-tables-june-2024-quarter.xlsx,OK,200,https://dcj.nsw.gov.au/documents/about-us/families-and-communities-statistics/housing-and-rent-sales/previous-rent-and-sales-reports/issue-148-rent-tables-june-2024-quarter.xlsx,2026-10-02,
https://dcj.nsw.gov.au/content/dam/dcj/dcj-website/documents/about-us/families-and-communities-statistics/housing-and-rent-sales/rent-tables-june-2026-quarter.xlsx,OK,200,https://dcj.nsw.gov.au/documents/about-us/families-and-communities-statistics/housing-and-rent-sales/rent-tables-june-2026-quarter.xlsx,2026-10-02,
https://dcj.nsw.gov.au/content/dam/dcj/dcj-website/documents/about-us/families-and-communities-statistics/housing-and-rent-sales/rent-tables-march-2026-quarter.xlsx,OK,200,https://dcj.nsw.gov.au/documents/about-us/families-and-communities-statistics/housing-and-rent-sales/rent-tables-march-2026-quarter.xlsx,2026-10-02,
https://dcj.nsw.gov.au/content/dam/dcj/dcj-website/documents/about-us/families-and-communities-statistics/housing-and-rent-sales/rent_tables_december_2025_quarter.xlsx,OK,200,https://dcj.nsw.gov.au/documents/about-us/families-and-communities-statistics/housing-and-rent-sales/rent_tables_december_2025_quarter.xlsx,2026-10-02,
https://dcj.nsw.gov.au/content/dam/dcj/dcj-website/documents/about-us/families-and-communities-statistics/housing-and-rent-sales/rent_tables_september_2025_quarter.xlsx,OK,200,https://dcj.nsw.gov.au/documents/about-us/families-and-communities-statistics/housing-and-rent-sales/rent_tables_september_2025_quarter.xlsx,2026-10-02,
https://deakin.edu.au/about-deakin/news-and-media-releases/articles/past-research-points-to-potential-economic-impacts-of-recent-bushfires,BLOCKED,403,https://www.deakin.edu.au/about-deakin/news-and-media-releases/articles/past-research-points-to-potential-economic-impacts-of-recent-bushfires,2026-10-02,
https://deakin.figshare.com/articles/report/Disasters_and_Economic_Resilience_The_Effects_of_the_Black_Saturday_bushfires_on_individual_income_A_case_study/20584317,OK,202,,2026-10-02,
https://depscope.dev/api/check/cran/nswgeo,BROKEN,410,,2026-10-02,
https://deryugina.com/the-fiscal-cost-of-hurricanes-disaster-aid-versus-social-insurance/,OK,200,,2026-10-02,
https://deryugina.com/wp-content/uploads/2018/11/KatrinaAndEconomicOutcomes.pdf,OK,200,,2026-10-02,
https://destinationnsw.com.au/insights/regional-statistics,OK,200,https://www.destinationnsw.com.au/insights/regional-statistics,2026-10-02,
https://devweb.dga.links.com.au/data/dataset/2020-local-government-interactive-map-dataset,FAILED,,,2026-10-02,"ConnectTimeout: HTTPSConnectionPool(host='devweb.dga.links.com.au', port=443): Max retries exceeded with url: /data/dataset/2020-local-government-interactive-map-data"
https://devweb.dga.links.com.au/data/dataset/2cf802fc-783b-4151-9693-60f6631a4ce5,FAILED,,,2026-10-02,"ConnectTimeout: HTTPSConnectionPool(host='devweb.dga.links.com.au', port=443): Max retries exceeded with url: /data/dataset/2cf802fc-783b-4151-9693-60f6631a4ce5 (Caus"
https://devweb.dga.links.com.au/data/dataset/475e832b-1a7b-4398-ba25-dd356ff91dc2,FAILED,,,2026-10-02,"ConnectTimeout: HTTPSConnectionPool(host='devweb.dga.links.com.au', port=443): Max retries exceeded with url: /data/dataset/475e832b-1a7b-4398-ba25-dd356ff91dc2 (Caus"
https://devweb.dga.links.com.au/data/dataset/526e3bdf-57b2-4b3d-931c-843baaeb9381,FAILED,,,2026-10-02,"ConnectTimeout: HTTPSConnectionPool(host='devweb.dga.links.com.au', port=443): Max retries exceeded with url: /data/dataset/526e3bdf-57b2-4b3d-931c-843baaeb9381 (Caus"
https://devweb.dga.links.com.au/data/dataset/a8f61beb-c4b0-4099-a042-936499bf20f3,FAILED,,,2026-10-02,"ConnectTimeout: HTTPSConnectionPool(host='devweb.dga.links.com.au', port=443): Max retries exceeded with url: /data/dataset/a8f61beb-c4b0-4099-a042-936499bf20f3 (Caus"
https://devweb.dga.links.com.au/data/dataset/au-govt-abs-census-sa2-g20a-unpaid-domestic-work-hrs-by-age-by-sex-census-2016-sa2-2016/resource/262981a3-698f-45b0-8e14-80d16d15f357,FAILED,,,2026-10-02,"ConnectTimeout: HTTPSConnectionPool(host='devweb.dga.links.com.au', port=443): Max retries exceeded with url: /data/dataset/au-govt-abs-census-sa2-g20a-unpaid-domesti"
https://devweb.dga.links.com.au/data/dataset/au-govt-abs-census-sa2-p20a-unpaid-domestic-work-hrs-by-age-by-sex-census-2016-sa2-2016/resource/5633f963-b7f1-4a40-812c-5051ad0b3fb1,FAILED,,,2026-10-02,"ConnectTimeout: HTTPSConnectionPool(host='devweb.dga.links.com.au', port=443): Max retries exceeded with url: /data/dataset/au-govt-abs-census-sa2-p20a-unpaid-domesti"
https://devweb.dga.links.com.au/data/dataset/b1c37916-d655-452e-ae0c-299fd1ba2449,FAILED,,,2026-10-02,"ConnectTimeout: HTTPSConnectionPool(host='devweb.dga.links.com.au', port=443): Max retries exceeded with url: /data/dataset/b1c37916-d655-452e-ae0c-299fd1ba2449 (Caus"
https://devweb.dga.links.com.au/data/dataset/building-approvals-by-statistical-area-sa2-and-above/resource/ca857c08-b066-4261-b072-f137d92ffd65,FAILED,,,2026-10-02,"ConnectTimeout: HTTPSConnectionPool(host='devweb.dga.links.com.au', port=443): Max retries exceeded with url: /data/dataset/building-approvals-by-statistical-area-sa2"
https://devweb.dga.links.com.au/data/dataset/crime-data-by-offence/resource/1d5b2851-52e9-4327-a81b-19149c63f736,FAILED,,,2026-10-02,"ConnectTimeout: HTTPSConnectionPool(host='devweb.dga.links.com.au', port=443): Max retries exceeded with url: /data/dataset/crime-data-by-offence/resource/1d5b2851-52"
https://devweb.dga.links.com.au/data/dataset/dss-payment-demographic-data,FAILED,,,2026-10-02,"ConnectTimeout: HTTPSConnectionPool(host='devweb.dga.links.com.au', port=443): Max retries exceeded with url: /data/dataset/dss-payment-demographic-data (Caused by Co"
https://devweb.dga.links.com.au/data/dataset/groups/nsw-govt-bocsar-bocsar-domestic-violence-lga-2017-18-lga2018,FAILED,,,2026-10-02,"ConnectTimeout: HTTPSConnectionPool(host='devweb.dga.links.com.au', port=443): Max retries exceeded with url: /data/dataset/groups/nsw-govt-bocsar-bocsar-domestic-vio"
https://devweb.dga.links.com.au/data/dataset/nsw-and-sqld-flood-drfa-activated-lgas-march-2021,FAILED,,,2026-10-02,"ConnectTimeout: HTTPSConnectionPool(host='devweb.dga.links.com.au', port=443): Max retries exceeded with url: /data/dataset/nsw-and-sqld-flood-drfa-activated-lgas-mar"
https://devweb.dga.links.com.au/data/dataset/nsw-fire-extent-and-severity-mapping-fesm-2019-20/resource/e507d02f-f8b5-4a11-ab3c-ca5bc969e4b5,FAILED,,,2026-10-02,"ConnectTimeout: HTTPSConnectionPool(host='devweb.dga.links.com.au', port=443): Max retries exceeded with url: /data/dataset/nsw-fire-extent-and-severity-mapping-fesm-"
https://devweb.dga.links.com.au/data/organization/department-of-social-services?page=1,FAILED,,,2026-10-02,"ConnectTimeout: HTTPSConnectionPool(host='devweb.dga.links.com.au', port=443): Max retries exceeded with url: /data/organization/department-of-social-services?page=1 "
https://devweb.dga.links.com.au/data/organization/department-of-social-services?tags=DSS,FAILED,,,2026-10-02,"ConnectTimeout: HTTPSConnectionPool(host='devweb.dga.links.com.au', port=443): Max retries exceeded with url: /data/organization/department-of-social-services?tags=DS"
https://devweb.dga.links.com.au/data/user/dss_data-requests1,FAILED,,,2026-10-02,"ConnectTimeout: HTTPSConnectionPool(host='devweb.dga.links.com.au', port=443): Max retries exceeded with url: /data/user/dss_data-requests1 (Caused by ConnectTimeoutE"
https://dhud.sa.gov.au/our-department/local-govt/grants-commission/reports-over-time,BLOCKED,403,,2026-10-02,
https://digitalcommons.trinity.edu/econ_faculty/72,OK,200,https://digitalcommons.trinity.edu/econ_faculty/72/,2026-10-02,
https://digitalfinanceanalytics.com/blog/?p=36539,FAILED,,,2026-10-02,"SSLError: HTTPSConnectionPool(host='digitalfinanceanalytics.com', port=443): Max retries exceeded with url: /blog/?p=36539 (Caused by SSLError(SSLCertVerificati"
https://digitalfinanceanalytics.com/blog/?p=36910,FAILED,,,2026-10-02,"SSLError: HTTPSConnectionPool(host='digitalfinanceanalytics.com', port=443): Max retries exceeded with url: /blog/?p=36910 (Caused by SSLError(SSLCertVerificati"
https://digitalfinanceanalytics.com/blog/?p=37268,FAILED,,,2026-10-02,"SSLError: HTTPSConnectionPool(host='digitalfinanceanalytics.com', port=443): Max retries exceeded with url: /blog/?p=37268 (Caused by SSLError(SSLCertVerificati"
https://digitalfinanceanalytics.com/blog/category/bushfires,FAILED,,,2026-10-02,"SSLError: HTTPSConnectionPool(host='digitalfinanceanalytics.com', port=443): Max retries exceeded with url: /blog/category/bushfires (Caused by SSLError(SSLCert"
https://dincel.com.au/theme_dincel/static/resources/edm/housing-nov-2020_dincel.pdf,OK,200,https://www.dincel.com.au/theme_dincel/static/resources/edm/housing-nov-2020_dincel.pdf,2026-10-02,
https://direct.businessnewsaustralia.com/articles/climate-council-predicts-one-in-25-australian-homes-could-be-uninsurable-by-2030.html,OK,200,,2026-10-02,
https://discover.data.vic.gov.au/dataset/local-government-performance-reporting,OK,200,,2026-10-02,
https://discover.data.vic.gov.au/dataset/native-vegetation-modelled-2005-ecological-vegetation-classes-with-bioregional-conservation-sta,OK,200,,2026-10-02,
"https://discovery-imamu.kwaretech.com/EdsRecord/edsbas,edsbas.1413EC83",FAILED,,,2026-10-02,"ConnectTimeout: HTTPSConnectionPool(host='discovery-imamu.kwaretech.com', port=443): Max retries exceeded with url: /EdsRecord/edsbas,edsbas.1413EC83 (Caused by Conne"
https://discovery-pp.ucl.ac.uk/id/eprint/10116978,BLOCKED,403,,2026-10-02,
https://discovery.ucl.ac.uk/id/eprint/10116978/,OK,200,,2026-10-02,
https://dit.sa.gov.au/__data/assets/pdf_file/0003/1542027/2023-24-Database-Reports.pdf,BLOCKED,403,,2026-10-02,
https://dit.sa.gov.au/__data/assets/pdf_file/0008/1404728/2022-23-Database-Report.pdf,BLOCKED,403,,2026-10-02,
https://dit.sa.gov.au/local-government/documents/office-of-local-government/Local-Government-Finances-Financial-Performance-and-Position-2022-23.pdf,BLOCKED,403,,2026-10-02,
https://dit.sa.gov.au/local-government/documents/office-of-local-government/financial_sustainability_information_paper_9.pdf,BLOCKED,403,,2026-10-02,
https://doaj.org/article/23aa077ee17542c2ba0684a619596c66,BLOCKED,403,,2026-10-02,
https://doc.emdat.be/docs/protocols/entry-criteria/,OK,200,,2026-10-02,
https://docs.iza.org/dp15373.pdf,OK,200,,2026-10-02,
https://docs.singleton.nsw.gov.au/default.aspx?DocID=OnXhpZJeVhA%3D,OK,200,,2026-10-02,
https://docs.singleton.nsw.gov.au/default.aspx?DocID=vOD1p1H9X7k%3D,OK,200,,2026-10-02,
https://documents.parliament.qld.gov.au/com/LGSBCSC-AACA/IVQ-1A2A/submissions/00000280.pdf,OK,200,,2026-10-02,
https://documents.parliament.qld.gov.au/speeches/spk2019/Mark_Furner-Ferny Grove-20190917-914806981394.pdf,OK,200,https://documents.parliament.qld.gov.au/speeches/spk2019/Mark_Furner-Ferny%20Grove-20190917-914806981394.pdf,2026-10-02,
https://documents.uow.edu.au/content/groups/public/@web/@raid/documents/doc/uow271532.pdf,OK,200,,2026-10-02,
https://doi.org/10.1002/ajs4.21,BLOCKED,403,https://onlinelibrary.wiley.com/doi/10.1002/ajs4.21,2026-10-02,
https://doi.org/10.1007/978-3-540-24787-6_2,OK,200,https://link.springer.com/chapter/10.1007/978-3-540-24787-6_2,2026-10-02,
https://doi.org/10.1007/s10584-021-03064-6,OK,200,https://link.springer.com/10.1007/s10584-021-03064-6,2026-10-02,
https://doi.org/10.1007/s11069-012-0152-2,OK,200,https://link.springer.com/article/10.1007/s11069-012-0152-2,2026-10-02,
https://doi.org/10.1007/s11069-012-0334-y,OK,200,https://link.springer.com/article/10.1007/s11069-012-0334-y,2026-10-02,
https://doi.org/10.1007/s11069-021-05106-9,OK,200,https://link.springer.com/10.1007/s11069-021-05106-9,2026-10-02,
https://doi.org/10.1007/s11069-025-07395-w,OK,200,https://link.springer.com/10.1007/s11069-025-07395-w,2026-10-02,
https://doi.org/10.1007/s11205-017-1832-9,OK,200,https://link.springer.com/article/10.1007/s11205-017-1832-9,2026-10-02,
https://doi.org/10.1007/s41885-022-00120-y,OK,200,https://link.springer.com/10.1007/s41885-022-00120-y,2026-10-02,
https://doi.org/10.1007/s41885-024-00142-8,OK,200,https://link.springer.com/10.1007/s41885-024-00142-8,2026-10-02,
https://doi.org/10.1016/j.eap.2019.04.013,OK,200,https://linkinghub.elsevier.com/retrieve/pii/S0313592619300748,2026-10-02,
https://doi.org/10.1016/j.ecolind.2017.03.056,OK,200,https://linkinghub.elsevier.com/retrieve/pii/S1470160X17301759,2026-10-02,
https://doi.org/10.1016/j.eneco.2013.09.029,OK,200,https://linkinghub.elsevier.com/retrieve/pii/S0140988313002247,2026-10-02,
https://doi.org/10.1016/j.envsci.2008.01.005,OK,200,https://linkinghub.elsevier.com/retrieve/pii/S1462901108000142,2026-10-02,
https://doi.org/10.1016/j.envsci.2013.09.013,OK,200,https://linkinghub.elsevier.com/retrieve/pii/S1462901113002074,2026-10-02,
https://doi.org/10.1016/j.forpol.2013.08.010,OK,200,https://linkinghub.elsevier.com/retrieve/pii/S138993411300172X,2026-10-02,
https://doi.org/10.1016/j.gloenvcha.2023.102743,OK,200,https://linkinghub.elsevier.com/retrieve/pii/S0959378023001097,2026-10-02,
https://doi.org/10.1016/j.habitatint.2025.103495,OK,200,https://linkinghub.elsevier.com/retrieve/pii/S0197397525002115,2026-10-02,
https://doi.org/10.1016/j.ijdrr.2016.07.005,OK,200,https://linkinghub.elsevier.com/retrieve/pii/S2212420916300887,2026-10-02,
https://doi.org/10.1016/j.ijdrr.2017.01.004,OK,200,https://linkinghub.elsevier.com/retrieve/pii/S221242091630440X,2026-10-02,
https://doi.org/10.1016/j.ijdrr.2017.09.015,OK,200,https://linkinghub.elsevier.com/retrieve/pii/S2212420917302364,2026-10-02,
https://doi.org/10.1016/j.ijdrr.2021.102422,OK,200,https://linkinghub.elsevier.com/retrieve/pii/S2212420921003836,2026-10-02,
https://doi.org/10.1016/j.ijdrr.2025.105222,OK,200,https://linkinghub.elsevier.com/retrieve/pii/S2212420925000469,2026-10-02,
https://doi.org/10.1016/j.ijdrr.2026.105999,OK,200,https://linkinghub.elsevier.com/retrieve/pii/S2212420926000117,2026-10-02,
https://doi.org/10.1016/j.ijdrr.2026.106066,OK,200,https://linkinghub.elsevier.com/retrieve/pii/S2212420926000786,2026-10-02,
https://doi.org/10.1016/j.jebo.2021.10.029,OK,200,https://linkinghub.elsevier.com/retrieve/pii/S0167268121004595,2026-10-02,
https://doi.org/10.1016/j.jeem.2018.07.005,OK,200,https://linkinghub.elsevier.com/retrieve/pii/S0095069617305181,2026-10-02,
https://doi.org/10.1016/j.jeem.2023.102787,OK,200,https://linkinghub.elsevier.com/retrieve/pii/S0095069623000050,2026-10-02,
https://doi.org/10.1016/j.jeem.2024.103109,OK,200,https://linkinghub.elsevier.com/retrieve/pii/S0095069624001839,2026-10-02,
https://doi.org/10.1016/j.jnlssr.2020.06.009,OK,200,https://linkinghub.elsevier.com/retrieve/pii/S2666449620300098,2026-10-02,
https://doi.org/10.1016/j.jue.2022.103516,OK,200,https://linkinghub.elsevier.com/retrieve/pii/S0094119022000924,2026-10-02,
https://doi.org/10.1016/j.oneear.2025.101454,OK,200,https://linkinghub.elsevier.com/retrieve/pii/S2590332225002805,2026-10-02,
https://doi.org/10.1017/S1355770X1000046X,OK,200,https://www.cambridge.org/core/journals/environment-and-development-economics/article/abs/fiscal-storms-public-spending-and-revenues-in-the-aftermath-of-natural-disasters/681E3FE807F739097D71CBE090C8F89A,2026-10-02,
https://doi.org/10.1038/s41598-022-17878-6,OK,200,https://www.nature.com/articles/s41598-022-17878-6,2026-10-02,
https://doi.org/10.1038/s41893-020-00610-5,OK,200,https://www.nature.com/articles/s41893-020-00610-5,2026-10-02,
https://doi.org/10.1038/s41893-020-00646-7,OK,200,https://www.nature.com/articles/s41893-020-00646-7,2026-10-02,
https://doi.org/10.1071/WF09077,BLOCKED,403,https://connectsci.au/wf/article/19/7/803/23262/The-economic-cost-of-adverse-health-effects-from,2026-10-02,
https://doi.org/10.1080/00045608.2012.700616,BLOCKED,403,https://www.tandfonline.com/doi/full/10.1080/00045608.2012.700616,2026-10-02,
https://doi.org/10.1080/08941920.2014.905812,BLOCKED,403,https://www.tandfonline.com/doi/abs/10.1080/08941920.2014.905812,2026-10-02,
https://doi.org/10.1080/17477891.2019.1609406,BLOCKED,403,https://www.tandfonline.com/doi/full/10.1080/17477891.2019.1609406,2026-10-02,
https://doi.org/10.1080/19475705.2021.1964618,BLOCKED,403,https://www.tandfonline.com/doi/full/10.1080/19475705.2021.1964618,2026-10-02,
https://doi.org/10.1080/24694452.2018.1535887,BLOCKED,403,https://www.tandfonline.com/doi/full/10.1080/24694452.2018.1535887,2026-10-02,
https://doi.org/10.1080/24694452.2025.2604851,BLOCKED,403,https://www.tandfonline.com/doi/full/10.1080/24694452.2025.2604851,2026-10-02,
https://doi.org/10.1086/717492,BLOCKED,403,https://www.journals.uchicago.edu/doi/10.1086/717492,2026-10-02,
https://doi.org/10.1086/735533,BLOCKED,403,https://www.journals.uchicago.edu/doi/10.1086/735533,2026-10-02,
https://doi.org/10.1093/reep/rez004,BLOCKED,403,https://www.journals.uchicago.edu/doi/10.1093/reep/rez004,2026-10-02,
https://doi.org/10.1093/wber/lht041,BLOCKED,403,https://academic.oup.com/wber/article/29/1/129/1679270,2026-10-02,
https://doi.org/10.1108/09653560810855883,BLOCKED,403,https://www.emerald.com/dpm/article/17/1/62-82/76312,2026-10-02,
https://doi.org/10.1111/1467-8489.12441,BLOCKED,403,https://onlinelibrary.wiley.com/doi/10.1111/1467-8489.12441,2026-10-02,
https://doi.org/10.1111/1467-8500.12152,BLOCKED,403,https://onlinelibrary.wiley.com/doi/10.1111/1467-8500.12152,2026-10-02,
https://doi.org/10.1111/1467-8500.12158,BLOCKED,403,https://onlinelibrary.wiley.com/doi/10.1111/1467-8500.12158,2026-10-02,
https://doi.org/10.1111/1475-4932.12446,BLOCKED,403,https://onlinelibrary.wiley.com/doi/10.1111/1475-4932.12446,2026-10-02,
https://doi.org/10.1111/1475-4932.12688,BLOCKED,403,https://onlinelibrary.wiley.com/doi/10.1111/1475-4932.12688,2026-10-02,
https://doi.org/10.1111/1540-6237.8402002,BLOCKED,403,https://onlinelibrary.wiley.com/doi/10.1111/1540-6237.8402002,2026-10-02,
https://doi.org/10.1111/1758-5899.12272,BLOCKED,403,https://onlinelibrary.wiley.com/doi/10.1111/1758-5899.12272,2026-10-02,
https://doi.org/10.1111/auar.12092,BLOCKED,403,https://onlinelibrary.wiley.com/doi/10.1111/auar.12092,2026-10-02,
https://doi.org/10.1111/j.1467-985X.2005.00350.x,BLOCKED,403,https://academic.oup.com/jrsssa/article/168/2/307/7084307,2026-10-02,
https://doi.org/10.1111/pbaf.12245,BLOCKED,403,https://onlinelibrary.wiley.com/doi/10.1111/pbaf.12245,2026-10-02,
https://doi.org/10.1162/REST_a_00082,BLOCKED,403,https://direct.mit.edu/rest/article/93/2/575-589/58602,2026-10-02,
https://doi.org/10.1162/REST_a_00413,BLOCKED,403,https://direct.mit.edu/rest/article/95/5/1549/58167/Catastrophic-Natural-Disasters-and-Economic-Growth,2026-10-02,
https://doi.org/10.1162/rest_a_01243,BLOCKED,403,https://direct.mit.edu/rest/article/106/6/1558/113174/Air-Pollution-and-the-Labor-Market-Evidence-from,2026-10-02,
https://doi.org/10.1177/0004867414534476,BLOCKED,403,https://journals.sagepub.com/doi/10.1177/0004867414534476,2026-10-02,
https://doi.org/10.1177/0004867417714337,BLOCKED,403,https://journals.sagepub.com/doi/10.1177/0004867417714337,2026-10-02,
https://doi.org/10.1177/0004867420969815,BLOCKED,403,https://journals.sagepub.com/doi/10.1177/0004867420969815,2026-10-02,
https://doi.org/10.1177/10911421231179535,BLOCKED,403,https://journals.sagepub.com/doi/10.1177/10911421231179535,2026-10-02,
https://doi.org/10.1177/10911421261446690,BLOCKED,403,https://journals.sagepub.com/doi/10.1177/10911421261446690,2026-10-02,
https://doi.org/10.1186/1471-2458-13-1036,OK,200,https://link.springer.com/article/10.1186/1471-2458-13-1036,2026-10-02,
https://doi.org/10.1257/app.20160307,BLOCKED,403,https://pubs.aeaweb.org/doi/10.1257/app.20160307,2026-10-02,
https://doi.org/10.1257/pol.20140296,BLOCKED,403,https://pubs.aeaweb.org/doi/10.1257/pol.20140296,2026-10-02,
https://doi.org/10.1371/journal.pone.0221585,OK,200,https://journals.plos.org/plosone/article?id=10.1371/journal.pone.0221585,2026-10-02,
https://doi.org/10.14195/978-989-26-0884-6_77,SERVER ERROR,500,https://v1.ucdigitalis.uc.pt:443/pombalina/item/70254,2026-10-02,
https://doi.org/10.1596/1813-9450-5507,OK,200,https://openknowledge.worldbank.org/handle/10986/3991,2026-10-02,
https://doi.org/10.1596/1813-9450-5564,OK,200,https://openknowledge.worldbank.org/handle/10986/3331,2026-10-02,
https://doi.org/10.1596/978-1-4648-1003-9,OK,200,https://openknowledge.worldbank.org/handle/10986/25335,2026-10-02,
https://doi.org/10.17310/ntj.2018.1.01,BLOCKED,403,https://www.journals.uchicago.edu/doi/10.17310/ntj.2018.1.01,2026-10-02,
https://doi.org/10.1787/9789264043466-en,BLOCKED,403,https://www.oecd.org/en/publications/handbook-on-constructing-composite-indicators-methodology-and-user-guide_9789264043466-en.html,2026-10-02,
https://doi.org/10.2139/ssrn.4222775,BLOCKED,403,https://www.ssrn.com/abstract=4222775,2026-10-02,
https://doi.org/10.2202/1547-7355.1732,OK,202,https://www.degruyterbrill.com/document/doi/10.2202/1547-7355.1732/html,2026-10-02,
https://doi.org/10.3368/jhr.44.1.251,OK,200,https://jhr.uwpress.org/content/44/1/251,2026-10-02,
https://doi.org/10.3386/w30280,OK,200,https://www.nber.org/system/files/working_papers/w30280/w30280.pdf,2026-10-02,
https://doi.org/10.3389/fenvs.2022.943000,OK,200,https://www.frontiersin.org/journals/environmental-science/articles/10.3389/fenvs.2022.943000/full,2026-10-02,
https://doi.org/10.3390/fire1010009,BLOCKED,403,https://www.mdpi.com/2571-6255/1/1/9,2026-10-02,
https://doi.org/10.3390/su12156006,BLOCKED,403,https://www.mdpi.com/2071-1050/12/15/6006,2026-10-02,
https://doi.org/10.3390/su13169078,BLOCKED,403,https://www.mdpi.com/2071-1050/13/16/9078,2026-10-02,
https://doi.org/10.5194/nhess-10-1697-2010,OK,200,https://nhess.copernicus.org/articles/10/1697/2010/,2026-10-02,
https://doi.org/10.5194/nhess-13-1351-2013,OK,200,https://nhess.copernicus.org/articles/13/1351/2013/,2026-10-02,
https://doi.org/10.5694/mja2.50545,BLOCKED,403,https://onlinelibrary.wiley.com/doi/10.5694/mja2.50545,2026-10-02,
https://doi.org/10.5849/jof.13-012,BLOCKED,403,https://academic.oup.com/jof/article/111/6/404-411/4599587,2026-10-02,
https://doi.org/10.6028/NIST.SP.1215,OK,200,https://nvlpubs.nist.gov/nistpubs/SpecialPublications/NIST.SP.1215.pdf,2026-10-02,
https://dornsife.usc.edu/news-briefs/?p=357,OK,200,https://dornsife.usc.edu/news-briefs/humanities/2022/02/effects-of-wildfire-caused-school-closures/,2026-10-02,
https://douglas.qld.gov.au/download/finance/fees_and_charges/Item%203%207%20-%20Submission%20to%20Productivity%20Commission%20-Natural%20Disaster%20Funding%20Arrangements.pdf,BROKEN,404,,2026-10-02,
https://download.geofabrik.de/australia-oceania/australia-190101.osm.pbf,FAILED,,,2026-10-02,"ReadTimeout: HTTPSConnectionPool(host='download.geofabrik.de', port=443): Read timed out. (read timeout=25)"
https://dss.gov.au/system/files/resources/longitudinal-studies-hilda-fact-sheet-2022-aug_0.pdf,OK,200,https://www.dss.gov.au/system/files/resources/longitudinal-studies-hilda-fact-sheet-2022-aug_0.pdf,2026-10-02,
https://dubbo.nsw.gov.au/About-Council/Our-Responsibilities/reporting,OK,200,https://www.dubbo.nsw.gov.au/About-Council/Our-Responsibilities/reporting,2026-10-02,
https://dungog.nsw.gov.au/files/assets/public/v/2/councildocuments/annual_reports/2023-2024/annual_financial_statements-2024.pdf,BLOCKED,403,https://www.dungog.nsw.gov.au/files/assets/public/v/2/councildocuments/annual_reports/2023-2024/annual_financial_statements-2024.pdf,2026-10-02,
https://duniam.com.au/?p=435,BLOCKED,403,,2026-10-02,
https://dynamicbusiness.com.au/topics/news/companies-tallying-economic-hit-from-bushfires.html,OK,200,https://dynamicbusiness.com/topics/news/companies-tallying-economic-hit-from-bushfires.html,2026-10-02,
https://easychair.org/publications/open/klp6,OK,200,,2026-10-02,
https://ec.europa.eu/regional_policy/sources/evaluation/eusf_2002_2016/eusf_2002_2016_el_case_en.pdf,OK,200,,2026-10-02,
https://ecite.utas.edu.au/143677,OK,202,https://figshare.utas.edu.au/articles/journal_contribution/The_2020_special_report_of_the_MJA-Lancet_Countdown_on_health_and_climate_change_lessons_learnt_from_Australia_s_Black_Summer_/22996616,2026-10-02,
https://eco.sapo.pt/2017/07/03/pedrogao-governo-aponta-para-497-milhoes-de-euros-de-prejuizo/,OK,200,,2026-10-02,
https://economy.id.com.au/hume/employment-locations,OK,200,,2026-10-02,
https://economy.id.com.au/knox/employment-locations,OK,200,,2026-10-02,
https://economy.id.com.au:/cook/employment-locations,OK,200,https://economy.id.com.au/cook/employment-locations,2026-10-02,
https://economy.id.com.au:/crjo/employment-locations,OK,200,https://economy.id.com.au/crjo/employment-locations,2026-10-02,
https://econpapers.repec.org/RePEc:bls:wpaper:499,OK,200,https://econpapers.repec.org/paper/blswpaper/499.htm,2026-10-02,
https://econpapers.repec.org/paper/fipfedcwp/1406.htm,OK,200,,2026-10-02,
https://edcm.edu.gr/en/newsletter-en/edcm-newsletter-8-attica-fires-july-2018,OK,200,,2026-10-02,
https://edge.airmedia.org/ashes-2003,FAILED,,,2026-10-02,"ConnectTimeout: HTTPSConnectionPool(host='edge.airmedia.org', port=443): Max retries exceeded with url: /ashes-2003 (Caused by ConnectTimeoutError(<urllib3.connection"
https://edmonton.taproot.news/briefs/2024/05/16/headlines-may-16-2024,OK,200,,2026-10-02,
https://education.nsw.gov.au/about-us/education-data-and-research/cese/publications/research-reports/impact-of-bushfires-on-student-wellbeing-and-learning,OK,200,,2026-10-02,
https://education.nsw.gov.au/news/latest-news/how-our-schools-are-preparing-for-bushfires,OK,200,,2026-10-02,
https://education.nsw.gov.au/schooling/school-operational-status/how-schools-prepare-for-emergencies,OK,200,,2026-10-02,
https://education.nsw.gov.au:443/content/dam/main-education/en/home/about-us/strategies-and-reports/annual-reports/2020-annual-report.pdf,OK,200,,2026-10-02,
https://educationmattersmag.com.au/2024-naplan-data-now-live-on-acaras-my-school-website/,OK,200,,2026-10-02,
https://educationmattersmag.com.au/my-school-website-updated-with-schools-latest-naplan-data/,OK,200,,2026-10-02,
https://educationmattersmag.com.au/parents-can-access-latest-school-data-on-acaras-my-school-website/,OK,200,,2026-10-02,
https://elca.climatecouncil.org.au/?p=1017,OK,200,https://www.climatecouncil.org.au/wp-signup.php?new=elca.climatecouncil.org.au,2026-10-02,
https://eliteagent.com/?p=171510,OK,200,https://eliteagent.com/how-will-the-bushfire-crisis-impact-property-prices/,2026-10-02,
https://eliteagent.com/how-will-the-bushfire-crisis-impact-property-prices/,OK,200,,2026-10-02,
https://eliteagent.com/nerida-conisbee-challenges-ahead-but-market-will-recover-from-floods/,OK,200,,2026-10-02,
https://en.wikipedia.org/wiki/2018_Attica_wildfires,OK,200,,2026-10-02,
https://encyclopedia.pub/entry/7318,BLOCKED,403,,2026-10-02,
https://encyclopedia.pub/entry/history/compare_revision/17079,BLOCKED,403,,2026-10-02,
https://encyclopedia.pub/entry/history/show/17079,BLOCKED,403,,2026-10-02,
https://energynetworks.com.au/news/energy-insider/2020-energy-insider/bushfires-royal-commission-energy-sector-issues,OK,200,https://www.energynetworks.com.au/news/energy-insider/2020-energy-insider/bushfires-royal-commission-energy-sector-issues/,2026-10-02,
https://epa.nsw.gov.au/Working-together/Grants/Bushfire-recovery-programs/Bushfire-generated-green-waste-clean-up-and-processing-program,OK,200,https://www.epa.nsw.gov.au/Working-together/Grants/Bushfire-recovery-programs/Bushfire-generated-green-waste-clean-up-and-processing-program,2026-10-02,
https://epa.nsw.gov.au/Working-together/Grants/Bushfire-recovery-programs/Council-landfills,OK,200,https://www.epa.nsw.gov.au/Working-together/Grants/Bushfire-recovery-programs/Council-landfills,2026-10-02,
https://eprints.utas.edu.au/47714/,OK,202,https://figshare.utas.edu.au/articles/thesis/Assessing_the_health_burden_of_bushfire_smoke_in_Australia/23246435,2026-10-02,
https://escholarship.org/content/qt55397474/qt55397474.pdf,OK,200,,2026-10-02,
https://escholarship.org/uc/item/1kg4v5v1,OK,202,,2026-10-02,
https://esdnews.com.au/key-power-learnings-from-bushfire-season/,OK,200,,2026-10-02,
https://eservice.alburycity.nsw.gov.au/ACCPublicDocs/DocumentViewer.aspx?DocID=1677116,OK,200,,2026-10-02,
https://eservice.alburycity.nsw.gov.au/ACCPublicDocs/DocumentViewer.aspx?DocID=1892954,OK,200,,2026-10-02,
https://eservice.alburycity.nsw.gov.au/ACCPublicDocs/DocumentViewer.aspx?DocID=2138380,OK,200,,2026-10-02,
https://eservice.alburycity.nsw.gov.au/ACCPublicDocs/DocumentViewer.aspx?DocID=2376062,OK,200,,2026-10-02,
https://eservice.alburycity.nsw.gov.au/ACCPublicDocs/DocumentViewer.aspx?DocID=2385816,OK,200,,2026-10-02,
https://eservice.alburycity.nsw.gov.au/ACCPublicDocs/DocumentViewer.aspx?DocID=2723433,OK,200,,2026-10-02,
https://eservice.alburycity.nsw.gov.au/ACCPublicDocs/DocumentViewer.aspx?DocID=3171892,OK,200,,2026-10-02,
https://eservice.alburycity.nsw.gov.au/ACCPublicDocs/RecordURI?URI=3365626,OK,200,,2026-10-02,
https://eservice.alburycity.nsw.gov.au/ACCPublicDocs/RecordURI?URI=3984624,OK,200,,2026-10-02,
https://eservice.alburycity.nsw.gov.au/ACCPublicDocs/RecordURI?URI=4367005,OK,200,,2026-10-02,
https://esf.com.au/wp-content/uploads/2021/01/KD_November-2020.pdf,OK,200,,2026-10-02,
https://esg.wharton.upenn.edu/?p=10622,OK,200,https://impact.wharton.upenn.edu/homepage/california-wildfires-esg-initiative-research-and-resources/,2026-10-02,
https://eturbonews.com/?p=76786,OK,200,https://eturbonews.com/fires-costing-blue-mountains-tourism-2-million-day/,2026-10-02,
https://explore.cnr.it/resource/item/136246,OK,200,,2026-10-02,
https://farnsworth-stg.curtin.edu.au/research/wp-content/uploads/sites/2/2023/09/After-the-Fires-Survey-Report-Final-Report.pdf,OK,200,,2026-10-02,
https://fbeu.net/2021/02/01/media-release-8/,OK,200,,2026-10-02,
https://fbeu.net/?p=17667,OK,200,https://fbeu.net/2021/02/01/media-release-8/,2026-10-02,
https://fennerschool.anu.edu.au/news-events/news/fenner-news-debilitating-health-impacts-smoke-australias-black-summer-bushfires,OK,200,,2026-10-02,
https://fhta.com.fj/australia-bushfires-victorian-towns-far-from-fires-struggle-to-attract-tourists/,OK,200,,2026-10-02,
https://figshare.swinburne.edu.au/articles/report/Beyond_bushfires_Community_resilience_and_recovery_Final_report_2010_-_2016_/26295496,OK,202,,2026-10-02,
https://figshare.utas.edu.au/articles/journal_contribution/House_and_contents_underinsurance_Insights_from_bushfire-prone_Australia/23012414,OK,202,,2026-10-02,
https://figshare.utas.edu.au/articles/journal_contribution/House_and_contents_underinsurance_Insights_from_bushfire-prone_Australia/23012414/1,OK,202,,2026-10-02,
https://fii.unisa.edu.au/media-centre/Releases/2019/10-years-on-from-black-saturday-how-have-survivors-fared,BROKEN,404,,2026-10-02,
https://files-em.em.vic.gov.au/public/EMV-web/Review_of_the_Wye_River_and_Separation_Creek_Fire_Recovery.pdf,OK,200,,2026-10-02,
https://files.northernbeaches.nsw.gov.au/nbc-prod-files/documents/2023-04/financial-reports-2021-22-dec22.pdf,OK,200,,2026-10-02,
https://files.northernbeaches.nsw.gov.au/nbc-prod-files/documents/2023-04/financial-statement-2020-21-feb23.pdf,OK,200,,2026-10-02,
https://files.northernbeaches.nsw.gov.au/nbc-prod-files/documents/2023-04/financial-statements-2016-17-feb23.pdf,OK,200,,2026-10-02,
https://files.northernbeaches.nsw.gov.au/nbc-prod-files/documents/2023-04/financial-statements-2017-18-feb23.pdf,OK,200,,2026-10-02,
https://files.northernbeaches.nsw.gov.au/nbc-prod-files/documents/2023-04/financial-statements-2019-20-feb23.pdf,OK,200,,2026-10-02,
https://files.northernbeaches.nsw.gov.au/nbc-prod-files/documents/2023-11/Financial%20Statements%201%20July%202022%20to%2030%20June%202023%20%28PDF%29.pdf,OK,200,,2026-10-02,
https://files.northernbeaches.nsw.gov.au/nbc-prod-files/documents/annual-reports/2018-2019/financials/annual-report-201819-financial-reports.pdf,OK,200,,2026-10-02,
https://files.northernbeaches.nsw.gov.au/nbc-prod-files/media/files/2024-11/financial-statements-202324.pdf,OK,200,,2026-10-02,
https://files.parliament.nsw.gov.au/fileapi/ParlFiles/GetArtifact?serverRelativeUrl=/tp/files/72400/NSW+Rural+Assistance+Authority+Annual+Report.PDF,OK,200,https://files.parliament.nsw.gov.au/fileapi/ParlFiles/GetArtifact/NSW%20Rural%20Assistance%20Authority%20Annual%20Report.PDF?serverRelativeUrl=%2Ftp%2Ffiles%2F72400%2FNSW%20Rural%20Assistance%20Authority%20Annual%20Report.PDF,2026-10-02,
https://financialrights.org.au/submission/royal-commission-into-national-natural-disaster-arrangements-bushfire-royal-commission,OK,200,https://financialrights.org.au/submission/royal-commission-into-national-natural-disaster-arrangements-bushfire-royal-commission/,2026-10-02,
https://financialrights.org.au/wp-content/uploads/2021/07/Financial-Rights-Exposed-Report_FINAL.pdf,BROKEN,404,,2026-10-02,
https://findanexpert.unimelb.edu.au/scholarlywork/1214622-longitudinal study of changing psychological outcomes following the victorian black saturday bushfires,OK,200,https://findanexpert.unimelb.edu.au/scholarlywork/1214622-longitudinal-study-of-changing-psychological-outcomes-following-the-victorian-black-saturday-bushfires,2026-10-02,
https://findanexpert.unimelb.edu.au/scholarlywork/1480288-the dynamic course of psychological outcomes following the victorian black saturday bushfires,OK,200,https://findanexpert.unimelb.edu.au/scholarlywork/1480288-the-dynamic-course-of-psychological-outcomes-following-the-victorian-black-saturday-bushfires,2026-10-02,
https://findanexpert.unimelb.edu.au/scholarlywork/1480288-the-dynamic-course-of-psychological-outcomes-following-the-victorian-black-saturday-bushfires,OK,200,,2026-10-02,
https://findanexpert.unimelb.edu.au/scholarlywork/1977708-bushfire-preparation-and-recovery--a-manual-for-livestock-producers,OK,200,,2026-10-02,
https://findanexpert.unimelb.edu.au/scholarlywork/841029-psychological outcomes following the victorian black saturday bushfires,OK,200,https://findanexpert.unimelb.edu.au/scholarlywork/841029-psychological%20outcomes%20following%20the%20victorian%20black%20saturday%20bushfires,2026-10-02,
https://findanexpert.unimelb.edu.au/scholarlywork/841029-psychological-outcomes-following-the-victorian-black-saturday-bushfires,OK,200,,2026-10-02,
https://fireaviation.com/2015/12/14/thor-builds-retardant-line-in-australia/,BROKEN,404,,2026-10-02,
https://formerministers.dss.gov.au/19313/additional-financial-counselling-services-in-bushfire-affected-areas/,OK,200,,2026-10-02,
https://formerministers.dss.gov.au/?p=19313,OK,200,https://formerministers.dss.gov.au/19313/additional-financial-counselling-services-in-bushfire-affected-areas/,2026-10-02,
https://fortune.com/2025/01/11/homeowners-insurance-la-wildfires-rebuilding-costs-disaster-coverage,OK,200,https://fortune.com/2025/01/11/homeowners-insurance-la-wildfires-rebuilding-costs-disaster-coverage/,2026-10-02,
https://frontiersin.org/articles/10.3389/fpubh.2021.655357/full,OK,200,https://www.frontiersin.org/journals/public-health/articles/10.3389/fpubh.2021.655357/full,2026-10-02,
https://frrr.org.au/?p=10186,BROKEN,404,,2026-10-02,
https://fwpa.com.au/wp-content/uploads/2004/05/PN02.1005-bushfires.pdf,OK,200,,2026-10-02,
https://gdp.com.au/suburb/grafton-nsw,OK,200,,2026-10-02,
https://geo.abs.gov.au/arcgis/rest/services/Hosted/ABS_2021_Census_G23_LGA/FeatureServer/0,OK,200,,2026-10-02,
https://geo.abs.gov.au/arcgis/rest/services/Hosted/ABS_2021_Census_G23_LGA/FeatureServer/layers,OK,200,,2026-10-02,
https://geo.abs.gov.au/arcgis/rest/services/Hosted/ABS_2021_Census_G23_SA2/FeatureServer/0,OK,200,,2026-10-02,
https://geo.abs.gov.au/arcgis/rest/services/Hosted/ABS_2021_Census_G23_SA2/FeatureServer/layers,OK,200,,2026-10-02,
https://geo.abs.gov.au/arcgis/rest/services/Hosted/ABS_2021_Census_G37_SA2/FeatureServer/0,OK,200,,2026-10-02,
https://geo.abs.gov.au/arcgis/rest/services/Hosted/ABS_2021_Census_G37_SA2/FeatureServer/0/metadata,BROKEN,400,,2026-10-02,
https://geo.abs.gov.au/arcgis/rest/services/Hosted/ABS_2021_Census_G37_SA2/FeatureServer/layers,OK,200,,2026-10-02,
https://geo.abs.gov.au/arcgis/rest/services/Hosted/ABS_2021_Census_G40_SA2/FeatureServer/0,OK,200,,2026-10-02,
https://geo.abs.gov.au/arcgis/rest/services/Hosted/ABS_Socio_Economic_Indexes_for_Areas_SEIFA_by_2021_SA2/FeatureServer/0,OK,200,,2026-10-02,
https://geo.abs.gov.au/arcgis/rest/services/Hosted/ABS_Socio_Economic_Indexes_for_Areas_SEIFA_by_2021_SA2/FeatureServer/layers,OK,200,,2026-10-02,
https://ger.org.au/?p=2907,OK,200,https://ger.org.au/bushfire-recovery-project-helping-to-heal-country-and-community-on-nsw-south-coast/,2026-10-02,
https://gis.mdba.gov.au/arcgis/rest/services/Vegetation/NVIS_Version_6_0_Australia_Present_Major_Vegetation_Groups/ImageServer,OK,200,,2026-10-02,
"https://gis.mdba.gov.au/arcgis/rest/services/Vegetation/NVIS_Version_6_0_Australia_Present_Major_Vegetation_Groups/ImageServer/exportImage?bbox=835300,-4213400,2082700,-3206900&bboxSR=3577&imageSR=3577&format=tiff&pixelType=S8&f=image",OK,200,,2026-10-02,
https://gizmodo.com.au/?p=1496801,OK,200,https://gizmodo.com,2026-10-02,
https://gizmodo.com/the-australian-bushfires-stuck-the-country-with-a-1-5-1845129245,OK,200,,2026-10-02,
https://gleninnessevern.infocouncil.biz/,OK,200,,2026-10-02,
https://globalnews.ca/news/2704158/edmonton-launches-online-housing-registry-for-fort-mcmurray-wildfire-evacuees/amp/,OK,200,https://globalnews.ca/news/2704158/edmonton-launches-online-housing-registry-for-fort-mcmurray-wildfire-evacuees/,2026-10-02,
https://globalnews.ca/video/9784857/rental-market-crisis-canadians-struggle-as-prices-soar-supplies-dwindle-and-demand-rises/,OK,200,,2026-10-02,
https://globalnightlight.s3.amazonaws.com,OK,200,https://globalnightlight.s3.amazonaws.com/,2026-10-02,
https://globalnightlight.s3.amazonaws.com/composites/,BROKEN,404,,2026-10-02,
https://goodfruit.com/prengaman-a-focus-on-fire-recovery,OK,200,https://goodfruit.com/prengaman-a-focus-on-fire-recovery/,2026-10-02,
https://governmentnews.com.au/?p=108793,OK,200,https://www.governmentnews.com.au/cost-shift-report-says-state-charges-eating-up-council-funds/,2026-10-02,
https://governor.hawaii.gov/wp-content/uploads/2023/09/NEWS-RELEASE_MAUI-WILDFIRE-IMPACTS-ECONOMIC-RECOVERY.pdf,OK,200,,2026-10-02,
https://gracosway.com.au/gracosway-weekly-wrap-up-bushfire-royal-commission-established/,BROKEN,404,,2026-10-02,
https://grist.org/article/wildfires-cant-cool-hot-real-estate-markets/,OK,200,,2026-10-02,
https://gunnedahtimes.com.au/?p=92999,OK,200,https://gunnedahtimes.com.au/2025/10/03/nsw-council-rate-pegs-set-for-2026-27-including-gunnedah-2/,2026-10-02,
https://gunnedahtimes.com.au/?p=93062,OK,200,https://gunnedahtimes.com.au/2025/10/01/nsw-council-rate-pegs-set-for-2026-27-including-gunnedah/,2026-10-02,
https://gwern.net/doc/economics/georgism/2022-liao.pdf,OK,200,,2026-10-02,
https://gwydirshire.com/wp-content/uploads/2018/11/Annual-Financial-Statements-YE-1718-R.pdf,OK,200,,2026-10-02,
https://haveyoursay.cbcity.nsw.gov.au/annual-financial-statements,OK,200,,2026-10-02,
https://haveyoursay.cbcity.nsw.gov.au/annual-financial-statements-20192020,OK,200,,2026-10-02,
https://haveyoursay.cbcity.nsw.gov.au/annual-financial-statements-2020-21,OK,200,,2026-10-02,
https://haveyoursay.cbcity.nsw.gov.au/annual-financial-statements-2021-22,OK,200,,2026-10-02,
https://haveyoursay.cbcity.nsw.gov.au/annual-financial-statements-2022-23,OK,200,,2026-10-02,
https://haveyoursay.cbcity.nsw.gov.au/annual-financial-statements-2023-24,OK,200,,2026-10-02,
https://haveyoursay.oberon.nsw.gov.au/2023-2024-audited-financial-statements,OK,200,,2026-10-02,
https://haveyoursay.oberon.nsw.gov.au/2024-2025-audited-financial-statements,OK,200,,2026-10-02,
https://haveyoursay.oberon.nsw.gov.au/97400/widgets/450639/documents/298420,OK,200,,2026-10-02,
https://haveyoursay.oberon.nsw.gov.au/97400/widgets/450639/documents/298420/download,OK,200,https://ehq-production-australia.s3.ap-southeast-2.amazonaws.com/8f5c04574690c81c1282375a220201ee9d03f0e0/original/1730764630/3a92a9fcd41dcc1c28086595125d2d78_Annual_Financial_Statements-GPFS-2024.pdf?X-Amz-Algorithm=AWS4-HMAC-SHA256&X-Amz-Credential=AKIA4KKNQAKIII4DU7AG%2F20261002%2Fap-southeast-2%2Fs3%2Faws4_request&X-Amz-Date=20261002T050628Z&X-Amz-Expires=300&X-Amz-SignedHeaders=host&X-Amz-Signature=b7e26085f442344727c004afcfac7ad6630ac474d03ece2d0e62ed1080adc453,2026-10-02,
https://haveyoursay.oberon.nsw.gov.au/projects,OK,200,,2026-10-02,
https://hazards.colorado.edu/quick-response-report/renter-experiences-after-colorados-marshall-fire,OK,200,,2026-10-02,
https://hazards.colorado.edu/uploads/cv/GADPod%20CV%20June%202017.pdf,OK,200,,2026-10-02,
https://healthstats.nsw.gov.au/topic-overview//Hospitalisations,OK,200,,2026-10-02,
https://healthstats.nsw.gov.au/topic-overview/Asthma,OK,200,,2026-10-02,
https://healthstats.nsw.gov.au/topic-overview/Emergency%20Department%20Presentations/Sydney%20LHD/sydneylhd/LHD,OK,200,,2026-10-02,
https://healthstats.nsw.gov.au/topic-overview/Respiratory%20disease,OK,200,,2026-10-02,
https://helenhaines.org/media/senate-bushfire-hearing-to-focus-on-north-east-impact,OK,200,https://www.helenhaines.org/media/senate-bushfire-hearing-to-focus-on-north-east-impact/,2026-10-02,
https://hero.epa.gov/reference/3236173,OK,200,https://hero.epa.gov/reference/3236173/,2026-10-02,
https://hillshaveyoursay.thehills.nsw.gov.au/96939/widgets/448940/documents/296922,OK,200,,2026-10-02,
https://hillshaveyoursay.thehills.nsw.gov.au/presentation-of-financial-statements-2023-2024,OK,200,,2026-10-02,
https://hothouse.substack.com/p/mauis-post-wildfire-housing-crisis,OK,200,,2026-10-02,
https://hotspots.dea.ga.gov.au/geoserver/wfs,BROKEN,400,,2026-10-02,
https://hotspots.dea.ga.gov.au/geoserver/wfs?service=WFS&version=2.0.0&request=GetFeature&typeNames=public:hotspots,FAILED,,,2026-10-02,"ReadTimeout: HTTPSConnectionPool(host='hotspots.dea.ga.gov.au', port=443): Read timed out. (read timeout=25)"
"https://hotspots.dea.ga.gov.au/geoserver/wfs?service=WFS&version=2.0.0&request=GetFeature&typeNames=public:hotspots&outputFormat=application/json&count=10&CQL_FILTER=datetime%20BETWEEN%20%272019-12-01T00:00:00Z%27%20AND%20%272019-12-02T00:00:00Z%27%20AND%20BBOX(geometry,-33.9000,150.0000,-32.9000,150.9000)",OK,200,,2026-10-02,
https://hrcareer.net.au/archived-news/accc-calls-for-insurance-change,FAILED,,,2026-10-02,"ConnectionError: HTTPSConnectionPool(host='hrcareer.net.au', port=443): Max retries exceeded with url: /archived-news/accc-calls-for-insurance-change (Caused by NameRe"
https://hrcareer.net.au/archived-news/black-summer-hit-studied,FAILED,,,2026-10-02,"ConnectionError: HTTPSConnectionPool(host='hrcareer.net.au', port=443): Max retries exceeded with url: /archived-news/black-summer-hit-studied (Caused by NameResolutio"
https://hrcareer.net.au/archived-news/map-shows-insurance-risk,FAILED,,,2026-10-02,"ConnectionError: HTTPSConnectionPool(host='hrcareer.net.au', port=443): Max retries exceeded with url: /archived-news/map-shows-insurance-risk (Caused by NameResolutio"
https://humanrights.unsw.edu.au/node/1520,OK,200,https://www.humanrights.unsw.edu.au/news/specialist-homelessness-services-annual-report,2026-10-02,
https://hunterjo.nsw.gov.au/?p=3410,OK,200,https://hunterjo.nsw.gov.au/black-summer-bushfire-recovery-grants-2021/,2026-10-02,
https://hunterjo.nsw.gov.au/black-summer-bushfire-recovery-grants-2021,OK,200,https://hunterjo.nsw.gov.au/black-summer-bushfire-recovery-grants-2021/,2026-10-02,
https://hunterjo.nsw.gov.au/bushfire-local-economic-recovery-fund/,OK,200,,2026-10-02,
https://hunterjo.nsw.gov.au/bushfire-local-economic-recovery-fund/page/80,OK,200,https://hunterjo.nsw.gov.au/bushfire-local-economic-recovery-fund/,2026-10-02,
https://hunterjo.nsw.gov.au/bushfire-local-economic-recovery-fund/page/96,OK,200,https://hunterjo.nsw.gov.au/bushfire-local-economic-recovery-fund/,2026-10-02,
https://iag.com.au/node/14541,BROKEN,404,https://www.iag.com.au/node/14541,2026-10-02,
https://iag.com.au/node/8186,BROKEN,404,https://www.iag.com.au/node/8186,2026-10-02,
https://iceds.anu.edu.au/news-events/news/bushfires-drive-mental-respiratory-health-increases-report,BROKEN,404,,2026-10-02,
https://ideas.repec.Org/e/pku187.html,OK,200,https://ideas.repec.org/e/pku187.html,2026-10-02,
https://ideas.repec.org/a/eee/jhouse/v66y2024ics1051137724000421.html,OK,200,,2026-10-02,
https://ideas.repec.org/a/oup/jecgeo/v18y2018i6p1285-1313..html,OK,200,,2026-10-02,
https://ideas.repec.org/a/spr/nathaz/v85y2017i3d10.1007_s11069-016-2652-y.html,OK,200,,2026-10-02,
https://ideas.repec.org/a/ucp/jaerec/doi10.1086-717492.html,OK,200,,2026-10-02,
https://ideas.repec.org/p/ala/wpaper/2023-01.html,OK,200,,2026-10-02,
https://ideas.repec.org/p/cen/wpaper/15-21.html,OK,200,,2026-10-02,
https://ideas.repec.org/r/kap/jrefec/v38y2009i2p155-172.html,OK,200,,2026-10-02,
https://ifp.nyu.edu/?p=1633323,FAILED,,,2026-10-02,"SSLError: HTTPSConnectionPool(host='ifp.nyu.edu', port=443): Max retries exceeded with url: /?p=1633323 (Caused by SSLError(SSLCertVerificationError(1, '[SSL: C"
https://impact.wharton.upenn.edu/?p=10622,OK,200,https://impact.wharton.upenn.edu/homepage/california-wildfires-esg-initiative-research-and-resources/,2026-10-02,
https://impact.wharton.upenn.edu/?p=6639,OK,200,https://impact.wharton.upenn.edu/news/the-fiscal-impacts-of-wildfires-on-california-municipalities/,2026-10-02,
https://impact.wharton.upenn.edu/news/the-fiscal-impacts-of-wildfires-on-california-municipalities/,OK,200,,2026-10-02,
https://infochoice.com.au/news/property-prices-in-the-face-of-natural-disasters,OK,200,https://www.infochoice.com.au:443/,2026-10-02,
https://infocouncil.coffsharbour.nsw.gov.au/Open/2020/11/CO_20201126_AGN_2226_AT_BMK.HTM,FAILED,,,2026-10-02,"ConnectionError: HTTPSConnectionPool(host='infocouncil.coffsharbour.nsw.gov.au', port=443): Max retries exceeded with url: /Open/2020/11/CO_20201126_AGN_2226_AT_BMK.HT"
https://infocouncil.lismore.nsw.gov.au/Open/2020/10/OC_13102020_AGN_AT.PDF,FAILED,,,2026-10-02,"ConnectTimeout: HTTPSConnectionPool(host='infocouncil.lismore.nsw.gov.au', port=443): Max retries exceeded with url: /Open/2020/10/OC_13102020_AGN_AT.PDF (Caused by C"
https://insidelocalgovernment.com.au/blue-mountains-council-welcomes-nsw-auditor-generals-scathing-assessment-of-bushfire-recovery-grant-selection/,OK,200,,2026-10-02,
https://insidelocalgovernment.com.au/disaster-assistance-activated-for-nsw-hunter-mid-north-coast/,OK,200,,2026-10-02,
https://insight.domain.com.au/?p=8139,BLOCKED,403,,2026-10-02,
https://insurancebusinessmag.com/au/news/catastrophe/asic-offers-insurance-tips-on-handling-claims-in-summer-318492.aspx,OK,200,https://www.insurancebusinessmag.com/au/news/catastrophe/asic-offers-insurance-tips-on-handling-claims-in-summer-318492.aspx,2026-10-02,
https://insurancecouncil.com.au/industry-members/data-hub/,OK,200,,2026-10-02,
https://insurancecouncil.com.au/industrymembers/data-hub/,OK,200,https://insurancecouncil.com.au/industry-members/data-hub/,2026-10-02,
https://insurancecouncil.com.au/resources/data-hub/,OK,200,https://insurancecouncil.com.au/industry-members/data-hub/,2026-10-02,
https://insurancecouncil.com.au/topic/underinsurance,BROKEN,404,https://insurancecouncil.com.au/404,2026-10-02,
https://insurancecouncil.com.au/wp-content/uploads/2021/09/ICA008_CatastropheReport_6.5_FA1_online.pdf,OK,200,,2026-10-02,
https://insurancecouncil.com.au/wp-content/uploads/2022/05/ICA-Historical-Catastrophe-List-April-2022.xlsx,OK,200,,2026-10-02,
https://insurancecouncil.com.au/wp-content/uploads/2024/07/ICA-Historical-Normalised-Catastrophe-June-2024.xlsx,OK,200,,2026-10-02,
https://insurancecouncil.com.au/wp-content/uploads/2026/08/ICA-Historical-Normalised-Catastrophe-Master-Updated-2026_07.xlsx,OK,200,,2026-10-02,
https://insurancecouncil.com.au/wp-content/uploads/resources/Media%20releases/2020/2020_05/2020_05_Insurance%20bill%20for%20season%20of%20natural%20disasters%20climbs%20over%20$5.19b.pdf,OK,200,,2026-10-02,
https://insurancenews.com.au/analysis/catastrophe-facts-reports-uncover-the-cost-of-disasters,OK,200,https://www.insurancenews.com.au/analysis/catastrophe-facts-reports-uncover-the-cost-of-disasters,2026-10-02,
https://insurancenews.com.au/analysis/five-to-forget-2022-flood-tops-catastrophe-list,OK,200,https://www.insurancenews.com.au/analysis/five-to-forget-2022-flood-tops-catastrophe-list,2026-10-02,
https://insurancenews.com.au/breaking-news/acccs-final-report-urges-broker-commissions-ban,OK,200,https://www.insurancenews.com.au/breaking-news/acccs-final-report-urges-broker-commissions-ban,2026-10-02,
https://insurancenews.com.au/daily/accc-hands-final-insurance-affordability-report-to-government,OK,200,https://www.insurancenews.com.au/daily/accc-hands-final-insurance-affordability-report-to-government,2026-10-02,
https://insurancenews.com.au/daily/bushfire-royal-commission-told-of-underinsurance-issues,OK,200,https://www.insurancenews.com.au/daily/bushfire-royal-commission-told-of-underinsurance-issues,2026-10-02,
https://insurancenews.com.au/daily/uninsurable-nation-half-a-million-homes-face-insurance-crunch-says-report,OK,200,https://www.insurancenews.com.au/daily/uninsurable-nation-half-a-million-homes-face-insurance-crunch-says-report,2026-10-02,
https://insurancenews.com.au/local/bushfire-recovery-chief-highlights-underinsurance-burden,OK,200,https://www.insurancenews.com.au/local/bushfire-recovery-chief-highlights-underinsurance-burden,2026-10-02,
https://insurancenews.com.au/local/bushfire-smoke-sensors-help-vineyards-avoid-sour-grapes,OK,200,https://www.insurancenews.com.au/local/bushfire-smoke-sensors-help-vineyards-avoid-sour-grapes,2026-10-02,
https://insurancenews.com.au/local/bushfires-report-urges-insurer-action,OK,200,https://www.insurancenews.com.au/local/bushfires-report-urges-insurer-action,2026-10-02,
https://insurancenews.com.au/local/ica-reveals-latest-catastrophe-loss-data,OK,200,https://www.insurancenews.com.au/local/ica-reveals-latest-catastrophe-loss-data,2026-10-02,
https://insurancenews.com.au/local/report-warns-of-insurability-crisis-as-climate-change-takes-hold,OK,200,https://www.insurancenews.com.au/local/report-warns-of-insurability-crisis-as-climate-change-takes-hold,2026-10-02,
https://insurancenews.com.au/local/two-years-on-most-victorian-bushfire-claims-settled,OK,200,https://www.insurancenews.com.au/local/two-years-on-most-victorian-bushfire-claims-settled,2026-10-02,
https://insurancenews.com.au/regulatory-government/government-receives-disaster-funding-report,OK,200,https://www.insurancenews.com.au/regulatory-government/government-receives-disaster-funding-report,2026-10-02,
https://internationalfireandsafetyjournal.com/five-years-on-nsw-reflects-on-lessons-from-black-summer-fires/,OK,200,,2026-10-02,
https://intranet.ecotourism.org.au/news/beauty-from-ashes-wolgan-valley-eco-tours/,FAILED,,,2026-10-02,"ConnectionError: HTTPSConnectionPool(host='intranet.ecotourism.org.au', port=443): Max retries exceeded with url: /news/beauty-from-ashes-wolgan-valley-eco-tours/ (Cau"
https://inverell.nsw.gov.au/council/council-documents/annual-reports/,BROKEN,404,,2026-10-02,
https://inverell.nsw.gov.au/wp-content/uploads/2017/11/ISCPublication_FinancialStatements2015_16.pdf,OK,200,,2026-10-02,
https://inverell.nsw.gov.au/wp-content/uploads/2018/11/BusinessPaper_OrdinaryCouncilMeeting_-Business-Paper_28112018.pdf,OK,200,,2026-10-02,
https://inverell.nsw.gov.au/wp-content/uploads/2019/03/InverellShireCouncil_AnnualReport_2017_2018.pdf,OK,200,,2026-10-02,
https://inverell.nsw.gov.au/wp-content/uploads/2019/11/Financial-Statements-2018-19.pdf,OK,200,,2026-10-02,
https://inverell.nsw.gov.au/wp-content/uploads/2020/12/Financial_Statements_2019-2020.pdf,OK,200,,2026-10-02,
https://inverell.nsw.gov.au/wp-content/uploads/2023/11/Annual_Financial_Statements-2022-2023.pdf,OK,200,,2026-10-02,
https://inverell.nsw.gov.au/wp-content/uploads/2024/11/Annual-Financial-Statements-2023-2024.pdf,OK,200,,2026-10-02,
https://inverell.nsw.gov.au/your-council/business-papers-minutes-council-meetings/,OK,200,,2026-10-02,
https://inverell.nsw.gov.au/your-council/business-papers-minutes-council-meetings/meeting-archives/,OK,200,,2026-10-02,
https://inverell.nsw.gov.au/your-council/business-papers-minutes-council-meetings/ordinary-council-meeting/,OK,200,https://inverell.nsw.gov.au/series/ordinary-council-meeting/,2026-10-02,
https://inverell.nsw.gov.au/your-council/council-publications/,OK,200,,2026-10-02,
https://ipart.nsw.gov.au/Home/Industries/Local-Government/For-Ratepayers,OK,200,https://www.ipart.nsw.gov.au/Home/Industries/Local-Government/For-Ratepayers,2026-10-02,
https://ipart.nsw.gov.au/sites/default/files/cm9_documents/Attachment-9-2017-18-Audited-Financial-Report.PDF,OK,200,https://www.ipart.nsw.gov.au/sites/default/files/cm9_documents/Attachment-9-2017-18-Audited-Financial-Report.PDF,2026-10-02,
https://ipart.nsw.gov.au/sites/default/files/cm9_documents/Online-Submission-Lake-Macquarie-City-Council-Name-suppressed-15-Mar-2024-113843893.PDF,OK,200,https://www.ipart.nsw.gov.au/sites/default/files/cm9_documents/Online-Submission-Lake-Macquarie-City-Council-Name-suppressed-15-Mar-2024-113843893.PDF,2026-10-02,
https://ipart.nsw.gov.au/sites/default/files/documents/annual-report-report-on-iparts-functions-in-relation-to-local-government-in-2019-20-october-2020.pdf,OK,200,https://www.ipart.nsw.gov.au/sites/default/files/documents/annual-report-report-on-iparts-functions-in-relation-to-local-government-in-2019-20-october-2020.pdf,2026-10-02,
https://ipweaqbackup.intersearch.com.au/ipweaqjspui/handle/1/4029,OK,200,,2026-10-02,
https://ipweaqbackup.intersearch.com.au/ipweaqjspui/handle/1/4029?mode=full,OK,200,,2026-10-02,
https://iris.cnr.it/handle/20.500.14243/382580,BLOCKED,403,,2026-10-02,
https://isa.sydney.edu.au/?p=476,OK,200,https://isa.sydney.edu.au,2026-10-02,
https://isa.sydney.edu.au/research-isa/,OK,200,,2026-10-02,
https://itwire.com/government-tech-news/technology-regulation/conroy-releases-warrnambool-fire-report,OK,200,,2026-10-02,
https://itwire.com/it-industry-news/telecoms-and-nbn/telecoms-network-resilience-at-time-of-disasters-under-review-post-bushfires,OK,200,,2026-10-02,
https://janellesaffin.com.au/?p=2838,OK,200,https://janellesaffin.com.au/2023/02/19/statement-on-bushfire-funding-rorts/,2026-10-02,
https://johnmenadue.com/coalition-government-continues-to-short-change-bushfire-victims,OK,200,https://johnmenadue.com/post/2021/02/coalition-government-continues-to-short-change-bushfire-victims/,2026-10-02,
https://jointheconversation.sutherlandshire.nsw.gov.au/22359/widgets/142595/documents/44715,OK,200,,2026-10-02,
https://jointheconversation.sutherlandshire.nsw.gov.au/50703/widgets/266698/documents/119627,OK,200,,2026-10-02,
https://jointheconversation.sutherlandshire.nsw.gov.au/62691/widgets/314857/documents/185416,OK,200,,2026-10-02,
https://jointheconversation.sutherlandshire.nsw.gov.au/73295/widgets/355277/documents/218531,OK,200,,2026-10-02,
https://jointheconversation.sutherlandshire.nsw.gov.au/councils-financial-reports-year-ended-30-june-2016,OK,200,,2026-10-02,
https://jointheconversation.sutherlandshire.nsw.gov.au/councils-financial-statements-year-ended-30-June-2018,OK,200,,2026-10-02,
https://jointheconversation.sutherlandshire.nsw.gov.au/financial-statements,OK,200,,2026-10-02,
https://jointheconversation.sutherlandshire.nsw.gov.au/financial-statements-year-ended-30-june-2021,OK,200,,2026-10-02,
https://jointheconversation.sutherlandshire.nsw.gov.au/financial-statements2020,OK,200,,2026-10-02,
https://karangi-p.schools.nsw.gov.au/news/2019/11/due-to-extreme-bush-fire-conditions---please-note-karangi-public.html,BROKEN,404,,2026-10-02,
https://kin.com/blog/brief-history-of-wildfires,OK,200,https://www.kin.com/blog/brief-history-of-wildfires/,2026-10-02,
https://knowledge.aidr.org.au/disasters/,OK,200,,2026-10-02,
https://knowledge.aidr.org.au/media/10344/aidr_major-incidents-report_2022-23.pdf,OK,200,,2026-10-02,
https://knowledge.aidr.org.au/media/10654/aidr_major-incidents-report_2021-2022.pdf,OK,200,,2026-10-02,
https://knowledge.aidr.org.au/media/12299/ajem-2026-02_7.pdf,OK,200,,2026-10-02,
https://knowledge.aidr.org.au/media/12446/bushfire-evaluation-report-pinery-fire-recovery-program-south-australia-2015.pdf,OK,200,,2026-10-02,
https://knowledge.aidr.org.au/media/12704/thu-213-1145-jane-fisher_r-krishna.pdf,OK,200,,2026-10-02,
https://knowledge.aidr.org.au/media/3999/bru_-_review_of_recovery_arrangements.pdf,OK,200,,2026-10-02,
https://knowledge.aidr.org.au/media/4088/yr_2009_bushfires_evaluation_full_report.pdf,OK,200,,2026-10-02,
https://knowledge.aidr.org.au/media/5929/major-incidents-report-1617.pdf,OK,200,,2026-10-02,
https://knowledge.aidr.org.au/media/6196/major-incidents-report-1718.pdf,OK,200,,2026-10-02,
https://knowledge.aidr.org.au/media/6628/ajem-201904-02-mehmet-ulubasoglu-etal-farah-beaini.pdf,OK,200,,2026-10-02,
https://knowledge.aidr.org.au/media/8049/aidr_major-incidents-report_2019-20.pdf,OK,200,,2026-10-02,
https://knowledge.aidr.org.au/media/8998/108-providing-mental-health-support-to-people-impacted-by-the-black-summer-bushfires-clinical-observations-and-insights.pdf,OK,200,,2026-10-02,
https://knowledge.aidr.org.au/resources/2018-bushfire-nsw-kingiman-bushfire/,OK,200,,2026-10-02,
https://knowledge.aidr.org.au/resources/2018-bushfire-nsw-tathra-bushfire/,OK,200,,2026-10-02,
https://knowledge.aidr.org.au/resources/2018-bushfire-vic-south-west-complex-fires/,OK,200,,2026-10-02,
https://knowledge.aidr.org.au/resources/2019-bushfire-nsw-bruxner-highway-fire/,OK,200,,2026-10-02,
https://knowledge.aidr.org.au/resources/2019-bushfire-nsw-tingha-plateau-fire/,OK,200,,2026-10-02,
https://knowledge.aidr.org.au/resources/2019-bushfire-nsw-underground-toxic-waste-fire/,OK,200,,2026-10-02,
https://knowledge.aidr.org.au/resources/2019-bushfire-vic-eastern-victorian-bushfires/,OK,200,,2026-10-02,
https://knowledge.aidr.org.au/resources/2019-bushfire-wa-esperance-complex-bushfires/,OK,200,,2026-10-02,
https://knowledge.aidr.org.au/resources/ajem-apr-2013-practical-stories-family-violence-after-natural-disaster-training/,OK,200,,2026-10-02,
https://knowledge.aidr.org.au/resources/ajem-apr-2013-practical-stories-the-toodyay-experience-connecting-with-men-in-disaster-recovery/,OK,200,,2026-10-02,
https://knowledge.aidr.org.au/resources/ajem-apr-2013-the-hidden-disaster-domestic-violence-in-the-aftermath-of-natural-disaster/,OK,200,,2026-10-02,
https://knowledge.aidr.org.au/resources/ajem-apr-2018-updating-the-costs-of-disasters-in-australia/,OK,200,,2026-10-02,
https://knowledge.aidr.org.au/resources/ajem-april-2019-black-saturday-bushfires-counting-the-cost/,OK,200,,2026-10-02,
https://knowledge.aidr.org.au/resources/ajem-january-2025-the-state-disaster-mitigation-plan-guides-and-unifies-disaster-risk-reduction-efforts-in-new-south-wales/,OK,200,,2026-10-02,
https://knowledge.aidr.org.au/resources/ajem-october-2020-the-unequal-burden-of-disasters-in-australia/,OK,200,,2026-10-02,
https://knowledge.aidr.org.au/resources/black-summer-bushfires-nsw-2019-20/,OK,200,,2026-10-02,
https://knowledge.aidr.org.au/resources/black-summer-bushfires-qld-2019/,OK,200,,2026-10-02,
https://knowledge.aidr.org.au/resources/black-summer-bushfires-vic-2019-20/,OK,200,,2026-10-02,
https://knowledge.aidr.org.au/resources/bushfire-alpine-region-and-north-eastern-victoria/,OK,200,,2026-10-02,
https://knowledge.aidr.org.au/resources/bushfire-black-saturday-victoria-2009,OK,200,,2026-10-02,
https://knowledge.aidr.org.au/resources/bushfire-blue-mountains-2013/,OK,200,,2026-10-02,
https://knowledge.aidr.org.au/resources/bushfire-carwoola-nsw-2017/,OK,200,,2026-10-02,
https://knowledge.aidr.org.au/resources/bushfire-coonabarabran-nsw-2013/,OK,200,,2026-10-02,
https://knowledge.aidr.org.au/resources/bushfire-grampians-national-park-victoria/,OK,200,,2026-10-02,
https://knowledge.aidr.org.au/resources/bushfire-great-divide-complex-victoria/,OK,200,,2026-10-02,
https://knowledge.aidr.org.au/resources/bushfire-hazelwood-open-cut-mine-fire-victoria-2014/,OK,200,,2026-10-02,
https://knowledge.aidr.org.au/resources/bushfire-hudson-november-2023/,OK,200,,2026-10-02,
https://knowledge.aidr.org.au/resources/bushfire-llandilo-nsw-2016/,OK,200,,2026-10-02,
https://knowledge.aidr.org.au/resources/bushfire-margaret-river-wa/,OK,200,,2026-10-02,
https://knowledge.aidr.org.au/resources/bushfire-parkerville-and-perth-hills-western-australia-2014/,OK,200,,2026-10-02,
https://knowledge.aidr.org.au/resources/bushfire-perth-hills-western-australia-2011/,OK,200,,2026-10-02,
https://knowledge.aidr.org.au/resources/bushfire-sir-ivan-2017/,OK,200,,2026-10-02,
https://knowledge.aidr.org.au/resources/bushfire-victoria-2006/,OK,200,,2026-10-02,
https://knowledge.aidr.org.au/resources/bushfire-victoria-2014/,OK,200,,2026-10-02,
https://knowledge.aidr.org.au/resources/bushfire-waroona-yarloop-fire-2016/,OK,200,,2026-10-02,
https://knowledge.aidr.org.au/resources/bushfire-wooroloo-perth-hills-western-australia-2021/,OK,200,,2026-10-02,
https://knowledge.aidr.org.au/resources/bushfire-wye-river-jamieson-track-great-ocean-road-victoria-2015-2016/,OK,200,,2026-10-02,
https://knowledge.aidr.org.au/resources/heatwaves-and-associated-bushfires-south-eastern-australia-2017/,OK,200,,2026-10-02,
https://knowledge.aidr.org.au/resources/major-incidents-report/,OK,200,,2026-10-02,
https://knowyourcouncil.vic.gov.au/__data/assets/excel_doc/0008/35738/LGPRF-2014-2018-Full-Council-Data-Set.xlsx,OK,200,https://www.vic.gov.au/know-your-council,2026-10-02,
https://kristymcbain.com.au/news/speeches/regional-communities-leading-the-way/,OK,200,,2026-10-02,
https://kristymcbain.com.au/news/speeches/the-jobs-of-the-future-start-now/,OK,200,,2026-10-02,
https://kristymcbain.com.au/news/transcripts/abc-riverina-bushfire-recovery/,OK,200,,2026-10-02,
https://kyogle.resolve.red/portal/,OK,200,,2026-10-02,
https://landcare.nsw.gov.au/groups/mid-coast-2-tops-landcare-connection/bushfire-resilient-gardens,OK,200,https://landcare.nsw.gov.au/groups/mid-coast-2-tops-landcare-connection/bushfire-resilient-gardens/,2026-10-02,
https://lansdowne-p.schools.nsw.gov.au/news/2019/11/school-closed.html,BROKEN,404,,2026-10-02,
https://le.uwpress.org/content/wple/early/2023/08/15/le.100.1.102322-0093R.full.pdf,OK,200,,2026-10-02,
https://lenz.io/c/35028715,OK,200,https://lenz.io/c/black-summer-bushfires-103b-aud-economic-cost-35028715,2026-10-02,
https://lenz.io/c/black-summer-bushfires-103b-aud-economic-cost-35028715,OK,200,,2026-10-02,
https://lewis.ucla.edu/?p=23108,OK,200,https://lewis.ucla.edu/2025/02/05/85-wildfires-displacement-and-housing-prices-with-hannah-hennighausen/,2026-10-02,
https://lewis.ucla.edu/?p=23138,OK,200,https://lewis.ucla.edu/research/the-palisades-and-eaton-fires-neighborhood-data-and-potential-housing-market-effects/,2026-10-02,
https://lewis.ucla.edu/?p=24759,OK,200,https://lewis.ucla.edu/research/wildfire-disaster-recovery-gentrification/,2026-10-02,
https://lewis.ucla.edu/?p=25065,OK,200,https://lewis.ucla.edu/research/la-wildfires-strengthening-affordable-housing-options-for-low-income-and-informally-housed-renters/,2026-10-02,
https://lewis.ucla.edu/research/la-wildfires-strengthening-affordable-housing-options-for-low-income-and-informally-housed-renters/,OK,200,,2026-10-02,
https://lewis.ucla.edu/research/wildfire-disaster-recovery-gentrification/,OK,200,,2026-10-02,
https://lgnsw.org.au/Public/News/Articles/2020-media-releases/0205_Rates_Relief_for_Bushfire_Victims.aspx,BROKEN,404,https://lgnsw.org.au/404.aspx?aspxerrorpath=%2fPublic%2fNews%2fArticles%2f2020-media-releases%2f0205_Rates_Relief_for_Bushfire_Victims.aspx&aspxerrorhost=https%3a%2f%2flgnsw.org.au&aspxerroropid=05f00e886764229a8322977b59a1889b,2026-10-02,
https://lgnsw.org.au/Public/News/Articles/2020-media-releases/1019_bushfire_funsing.aspx,BROKEN,404,https://lgnsw.org.au/404.aspx?aspxerrorpath=%2fPublic%2fNews%2fArticles%2f2020-media-releases%2f1019_bushfire_funsing.aspx&aspxerrorhost=https%3a%2f%2flgnsw.org.au&aspxerroropid=a12df93cb7eeb650a8605a1f2a9c6997,2026-10-02,
https://lgnsw.org.au/Public/Public/News/President-Message/PM_013120.aspx,BROKEN,404,https://lgnsw.org.au/404.aspx?aspxerrorpath=%2fPublic%2fPublic%2fNews%2fPresident-Message%2fPM_013120.aspx&aspxerrorhost=https%3a%2f%2flgnsw.org.au&aspxerroropid=91e0529028b64613728e4773afe242b3,2026-10-02,
https://libguides.library.qut.edu.au/az/household-income-and-labour-dynamics-in-australia-survey-hilda-dataset-how-to-request-access,OK,200,,2026-10-02,
https://library-blog.csu.edu.au/2010/08/03/2009-victorian-bushfires-roya/,OK,200,,2026-10-02,
https://library.dbca.wa.gov.au/FullTextFiles/072096.pdf,OK,200,,2026-10-02,
https://library.peoplespharmacy.com/ashes-2003,BROKEN,410,,2026-10-02,
https://library.vine.org.nz/bib/4702,OK,200,,2026-10-02,
https://library.vine.org.nz/bib/6619,OK,200,,2026-10-02,
https://lifecoursecentre.org.au/?p=18196,OK,200,https://lifecoursecentre.org.au/working-papers/disasters-and-individual-wellbeing-evidence-from-australia/,2026-10-02,
https://lifecoursecentre.org.au/working-papers/disasters-and-individual-wellbeing-evidence-from-australia/,OK,200,,2026-10-02,
https://lightningbroadband.com.au/news/bushfire-telecommunications-report-lba040,BROKEN,404,,2026-10-02,
https://lightsonpenrithmag.accessnews.com.au/professional-services/item/2674-tourism-burnt-by-bush-fires,FAILED,,,2026-10-02,"ConnectionError: HTTPSConnectionPool(host='lightsonpenrithmag.accessnews.com.au', port=443): Max retries exceeded with url: /professional-services/item/2674-tourism-bu"
https://lismore.nsw.gov.au/infocouncil2/,BLOCKED,403,https://www.lismore.nsw.gov.au/infocouncil2/,2026-10-02,
https://lismoreapp.com.au/NewsStory/natural-disaster-declarations-made-for-six-lgas-following-nsw-bushfires/6934d9ceeaa31a002d7e08f5,OK,200,,2026-10-02,
https://lismoreapp.com.au/NewsStory/new-payments-to-support-nsw-volunteer-firefighters/5e093eca347a78002b18fe4d,OK,200,,2026-10-02,
https://listdata.thelist.tas.gov.au/opendata/,OK,200,,2026-10-02,
https://listdata.thelist.tas.gov.au/opendata/data/TASMANIAN_PLANNING_SCHEME_CODE_OVERLAY_STATEWIDE.zip,OK,200,,2026-10-02,
https://llewobrien.com.au/additional-financial-counselling-services-in-bushfire-affected-areas/,OK,200,,2026-10-02,
https://location.sa.gov.au/LMS/Reports/ReportMetadata.aspx?p_no=2543&pu=y,OK,200,,2026-10-02,
https://location.sa.gov.au/LMS/Reports/ReportMetadata.aspx?p_no=679&pu=y,OK,200,,2026-10-02,
https://location.sa.gov.au/viewer/?map=hybrid&x=138.38583&y=-34.96074&z=9&uids=26,OK,200,,2026-10-02,
https://lockhart.nsw.gov.au/council/council-meetings/business-papers-and-minutes/,OK,200,,2026-10-02,
https://lockhart.nsw.gov.au/council/council-policies-plans-reports/,OK,200,,2026-10-02,
https://lockhart.nsw.gov.au/wp-content/uploads/2023/01/Annual_Financial_Statements-2021-3-in-1-1.pdf,OK,200,,2026-10-02,
https://lockhart.nsw.gov.au/wp-content/uploads/2023/01/Annual_Financial_Statements-2022-3-in-1.pdf,OK,200,,2026-10-02,
https://lockhart.nsw.gov.au/wp-content/uploads/2023/12/Lockhart-Shire-Council-Financial-Statements-2022-23.pdf,OK,200,,2026-10-02,
https://lockhart.nsw.gov.au/wp-content/uploads/2024/11/Annual_Financial_Statements-2024.pdf,OK,200,,2026-10-02,
https://lsj.com.au/articles/bushfires-when-may-an-insurer-deny-indemnity/,OK,200,,2026-10-02,
https://m.koreaherald.com/global_insite/view.php?ud=x8qa95k,BROKEN,404,,2026-10-02,
"https://mail.naturalbeekeeping.com.au/files/From the ashes/From the ashes, a food-led revival in the Blue Mountains.html",OK,200,"https://mail.naturalbeekeeping.com.au/files/From%20the%20ashes/From%20the%20ashes,%20a%20food-led%20revival%20in%20the%20Blue%20Mountains.html",2026-10-02,
https://mailman.anu.edu.au/pipermail/link/2020-January/038639.html,OK,200,,2026-10-02,
https://mapprod3.environment.nsw.gov.au/arcgis/rest/services/ePlanning/Planning_Portal_Hazard/MapServer/229/query,OK,200,,2026-10-02,
https://mauinow.com/2023/09/07/dbedt-estimates-maui-wildfire-impacts-on-economic-recovery/,OK,200,,2026-10-02,
https://mauinow.com/2024/09/15/lahaina-fire-leads-to-disappearing-tourism-jobs-desperately-needed-construction-workers/,OK,200,,2026-10-02,
https://mauinow.com/?p=429001,OK,200,https://mauinow.com/2023/09/07/dbedt-estimates-maui-wildfire-impacts-on-economic-recovery/,2026-10-02,
https://mauinow.com/?p=430692,OK,200,https://mauinow.com/2023/09/22/uhero-wildfires-deliver-heavy-blow-to-maui-economy-rebuilding-challenges-detailed/,2026-10-02,
https://mauinow.com/?p=468999,OK,200,https://mauinow.com/2024/10/08/maui-wildfire-survey-uncovers-alarming-rise-in-poverty-housing-instability-for-fire-survivors/,2026-10-02,
https://mcp.apo.org.au/node/321486,SERVER ERROR,526,,2026-10-02,
https://mcp.apo.org.au/node/70873,SERVER ERROR,526,,2026-10-02,
https://mcp.depscope.dev/pkg/cran/nswgeo,BROKEN,410,,2026-10-02,
https://mdpi-res.com/d_attachment/beverages/beverages-07-00007/article_deploy/beverages-07-00007.pdf,OK,200,,2026-10-02,
https://media.springernature.com/original/springer-static/esm/art%3A10.1007%2Fs41885-024-00142-8/MediaObjects/41885_2024_142_MOESM1_ESM.pdf,OK,200,,2026-10-02,
https://medicalrepublic.com.au/bushfires-cost-billions-in-physical-mental-healthcare/34683,OK,200,https://www.medicalrepublic.com.au/bushfires-cost-billions-in-physical-mental-healthcare/4150,2026-10-02,
https://medicine-psychology.anu.edu.au/files/ANU%20Bushfire%202021%20Survey%20Report.pdf,OK,200,,2026-10-02,
https://medicine-psychology.anu.edu.au/files/ANU%20Bushfire%202021%20Survey%20Summary.pdf,OK,200,,2026-10-02,
https://meetingorganizer.copernicus.org/EGU2017/EGU2017-10867.pdf?pdf,OK,200,,2026-10-02,
https://melbourneinstitute.unimelb.edu.au/news/news/new-hilda-data-release,BLOCKED,403,,2026-10-02,
https://menzies.utas.edu.au/news-and-events/media-releases/2020/smoke-related-health-costs-of-2019-20-bushfires-estimated-at-$1.95-billion,BLOCKED,403,,2026-10-02,
https://metatoc.com/papers/31402-psychological-outcomes-following-the-victorian-black-saturday-bushfires,FAILED,,,2026-10-02,"ReadTimeout: HTTPSConnectionPool(host='metatoc.com', port=443): Read timed out. (read timeout=25)"
https://mhaustralia.org/sites/default/files/docs/research_methodology_-_mapping_mental_health_care_-_natsem_and_mental_health_australia_oct2023_0.pdf,OK,200,https://www.mentalhealthaustralia.org.au/sites/default/files/docs/research_methodology_-_mapping_mental_health_care_-_natsem_and_mental_health_australia_oct2023_0.pdf,2026-10-02,
https://mhaustralia.org/sites/default/files/imported/component/rsfiles/mental-health-services/COAG_MBS_1st_Report.pdf,BROKEN,404,https://www.mentalhealthaustralia.org.au/sites/default/files/imported/component/rsfiles/mental-health-services/COAG_MBS_1st_Report.pdf,2026-10-02,
https://michaelwest.com.au/?p=270259,BLOCKED,403,,2026-10-02,
https://michaelwest.com.au/federal-bushfire-recovery-funds-whats-the-scam/,BLOCKED,403,,2026-10-02,
https://microdata.fao.org/index.php/catalog/2845,OK,200,,2026-10-02,
https://microdata.fao.org/index.php/catalog/2845/pdf-documentation,OK,200,,2026-10-02,
https://microdata.fao.org/index.php/catalog/2845/study-description,OK,200,,2026-10-02,
https://microdata.fao.org/index.php/metadata/export/2845/ddi,OK,200,,2026-10-02,
https://minerva-access.unimelb.edu.au/server/api/core/bitstreams/09f4555f-e275-493a-96ff-f3300445ea50/content,OK,200,,2026-10-02,
https://minerva-access.unimelb.edu.au/server/api/core/bitstreams/88862233-c44a-4d11-a703-00f9c0aa8dd1/content,OK,200,,2026-10-02,
https://minerva-access.unimelb.edu.au/server/api/core/bitstreams/f181001e-e21f-49a5-9d12-e88d2c351018/content,OK,200,,2026-10-02,
https://minister.homeaffairs.gov.au/KristyMcBain/Pages/natural-disaster-declarations-made-six-lgas-following-nsw-bushfires.aspx,OK,200,,2026-10-02,
https://minister.homeaffairs.gov.au/MurrayWatt/Pages/disaster-assistance-following-severe-bushfires-across-nsw.aspx,OK,200,,2026-10-02,
https://minister.homeaffairs.gov.au/davidlittleproud/Pages/bushfire-disaster-payment-applications-closing-soon.aspx,OK,200,,2026-10-02,
https://minister.homeaffairs.gov.au/davidlittleproud/Pages/government-assistance-for-bushfire-affected-communities-WA.aspx,OK,200,,2026-10-02,
https://minister.homeaffairs.gov.au/davidlittleproud/Pages/nsw-bushfire-community-resilience-fund-grants.aspx,OK,200,,2026-10-02,
https://minister.homeaffairs.gov.au/lindareynolds/Pages/bushfire-assistance-northern-central-west-nsw.aspx,OK,200,,2026-10-02,
https://ministers.dss.gov.au/node/13986,BLOCKED,403,,2026-10-02,
https://mosman.nsw.gov.au/council/reports/financial,OK,200,,2026-10-02,
https://mosman.nsw.gov.au/sites/default/files/2021-04/Annual_Financial_Statements-2020.pdf,OK,200,,2026-10-02,
https://mosman.nsw.gov.au/sites/default/files/2021-04/Financial%20Statements%20for%20the%20Year%20Ended%2030%20June%202017.pdf,OK,200,,2026-10-02,
https://mosman.nsw.gov.au/sites/default/files/2021-04/Mosman%20Council%20-%20Annual%20Financial%20Statements%20YE%201718.pdf,OK,200,,2026-10-02,
https://mosman.nsw.gov.au/sites/default/files/2021-04/Mosman%20Council%20-%20Financial%20Statements%20for%20the%20Year%20Ended%2030%20June%202016.pdf,OK,200,,2026-10-02,
https://mosman.nsw.gov.au/sites/default/files/2021-04/Mosman%20Council%20-%20Financial%20Statements-%202018%202019.pdf,OK,200,,2026-10-02,
https://mosman.nsw.gov.au/sites/default/files/2021-11/Annual_Financial_Statements-2021%20%283%29.pdf,OK,200,,2026-10-02,
https://mosman.nsw.gov.au/sites/default/files/2022-10/Annual%20Financial%20Statement%202022.pdf,OK,200,,2026-10-02,
https://mosman.nsw.gov.au/sites/default/files/2023-10/Annual_Financial_Statements%20%28Audited%29%20GPFS%20%26%20SS%202023.pdf,OK,200,,2026-10-02,
https://mosman.nsw.gov.au/sites/default/files/2024-10/Annual_Financial_Statements%20GPFS%20%26%20SS%20%28Audited%29-2024.02_LR.pdf,OK,200,,2026-10-02,
https://mozo.com.au/home-loans/articles/bushfires-expected-to-have-major-short-term-impacts-on-property-prices,BROKEN,404,https://www.mozo.com.au/home-loans/articles/bushfires-expected-to-have-major-short-term-impacts-on-property-prices,2026-10-02,
https://mozo.com.au/insurance/home-insurance/articles/australia-bushfires-big-and-small-banks-lend-a-hand-to-impacted-communities,OK,200,https://www.mozo.com.au/insurance/home-insurance/articles/australia-bushfires-big-and-small-banks-lend-a-hand-to-impacted-communities,2026-10-02,
https://mpra.ub.uni-muenchen.de/109652/1/MPRA_paper_109652.pdf,OK,200,,2026-10-02,
https://msn.benevity.org/community/cause/036-91161127340/project/43MF75LK35,OK,200,,2026-10-02,
https://msn.benevity.org/de/community/cause/036-91161127340/project/43MF75LK35,OK,200,,2026-10-02,
https://msn.benevity.org/fr/community/cause/036-91161127340/project/43MF75LK35,OK,200,,2026-10-02,
https://mspgh.unimelb.edu.au/__data/assets/pdf_file/0004/4165843/10-years-Beyond-Bushfires-report.pdf,BLOCKED,403,,2026-10-02,
https://mspgh.unimelb.edu.au/centres-institutes/centre-for-health-equity/research-group/beyond-disasters/projects/beyond-bushfires/original-beyond-bushfires-study,BLOCKED,403,,2026-10-02,
https://mspgh.unimelb.edu.au/centres-institutes/centre-for-health-equity/research-group/beyond-disasters/resources/news-listing/news-and-events/study-extension-10-years-beyond-bushfires,BLOCKED,403,,2026-10-02,
https://mspgh.unimelb.edu.au/centres-institutes/centre-for-health-equity/research-group/child-community-wellbeing/research/trauma-and-resilience/community-recovery-project/about-the-study,BLOCKED,403,,2026-10-02,
https://mspgh.unimelb.edu.au/news-and-events/launch-of-the-10-years-beyond-bushfires-report,BLOCKED,403,,2026-10-02,
https://murrumbidgee.nsw.gov.au/files/assets/public/v/1/council-meetings/2024/december-2024/council-meeting-17-december-2024-attachments.pdf,BLOCKED,403,https://www.murrumbidgee.nsw.gov.au/files/assets/public/v/1/council-meetings/2024/december-2024/council-meeting-17-december-2024-attachments.pdf,2026-10-02,
https://my.gov.au/en/services/living-arrangements/experiencing-a-natural-disaster/getting-help-after-a-natural-disaster/australian-government-disaster-recovery-payment,OK,200,https://my.gov.au/en/services/living-arrangements/experiencing-a-natural-disaster/getting-help-after-a-natural-disaster,2026-10-02,HEAD: TooManyRedirects
https://mycouncil.wa.gov.au/,OK,200,,2026-10-02,
https://mycouncil.wa.gov.au/Home/faqs,OK,200,,2026-10-02,
https://nambucca.infocouncil.biz/,OK,200,,2026-10-02,
https://nambucca.infocouncil.biz/Open/2023/06/CO_15062023_AGN_1326.PDF,OK,200,,2026-10-02,
https://nationalretail.org.au/catastrophic-events-disrupt-retail,BROKEN,404,https://www.nationalretail.org.au/catastrophic-events-disrupt-retail,2026-10-02,
"https://naturalbeekeeping.com.au/files/From the ashes/From the ashes, a food-led revival in the Blue Mountains.html",OK,200,"https://naturalbeekeeping.com.au/files/From%20the%20ashes/From%20the%20ashes,%20a%20food-led%20revival%20in%20the%20Blue%20Mountains.html",2026-10-02,
https://naturalhazards.com.au/node/6994,BROKEN,404,,2026-10-02,
https://naturalhazards.com.au/resources/publications/report/black-summer-how-nsw-community-responded-2019-20-bushfire-season,OK,200,,2026-10-02,
https://naturalhazardsscience-hub.seed.nsw.gov.au/bushfire-related-datasets,OK,200,,2026-10-02,
https://naturepolicy.ucdavis.edu/news/lab-seminar-5-minute-egg-timers-impact-wildfires-home-insurance-market,BLOCKED,403,,2026-10-02,
https://nbclosangeles.com/news/local/displaced-los-angeles-area-residents-face-spiking-rents-as-authorities-warn-of-price-gouging/3603909/?os=a,OK,200,https://www.nbclosangeles.com/news/local/displaced-los-angeles-area-residents-face-spiking-rents-as-authorities-warn-of-price-gouging/3603909/?os=a,2026-10-02,
https://ncc.nsw.gov.au/about-us/our-responsibilities/integrated-planning-and-reporting/annual-report,OK,200,https://newcastle.nsw.gov.au/about-us/our-responsibilities/annual-report,2026-10-02,
https://ncc.nsw.gov.au/about-us/our-responsibilities/integrated-planning-and-reporting/general-purpose-financial-statements,OK,200,https://newcastle.nsw.gov.au/about-us/our-responsibilities/planning-service-delivery-and-reporting,2026-10-02,
https://ncc.nsw.gov.au/getmedia/24c293d7-0677-497d-a24a-dd72221bbf39/City-of-Newcastle-Annual-Financial-Statements-2020-2021.pdf,OK,200,https://newcastle.nsw.gov.au/getmedia/24c293d7-0677-497d-a24a-dd72221bbf39/City-of-Newcastle-Annual-Financial-Statements-2020-2021.pdf,2026-10-02,
https://ncc.nsw.gov.au/getmedia/29DBA730-636B-4F6B-9BF8-A256A1D67A2B/Final-Financial-Statements_1617-20171016.pdf,BROKEN,404,https://newcastle.nsw.gov.au/getmedia/29DBA730-636B-4F6B-9BF8-A256A1D67A2B/Final-Financial-Statements_1617-20171016.pdf,2026-10-02,
https://ncc.nsw.gov.au/getmedia/37c02ebe-fef8-4aa5-910e-8f5816dacb7b/City-of-Newcastle-Annual-Financial-Statements-2018-19.pdf,OK,200,https://newcastle.nsw.gov.au/getmedia/37c02ebe-fef8-4aa5-910e-8f5816dacb7b/City-of-Newcastle-Annual-Financial-Statements-2018-19.pdf,2026-10-02,
https://ncc.nsw.gov.au/getmedia/4378df63-452b-43b2-bf48-f9a4a225b8a1/City-of-Newcastle-Annual-Financial-Statements-2021-2022.pdf,OK,200,https://newcastle.nsw.gov.au/getmedia/4378df63-452b-43b2-bf48-f9a4a225b8a1/City-of-Newcastle-Annual-Financial-Statements-2021-2022.pdf,2026-10-02,
https://ncc.nsw.gov.au/getmedia/681bf977-f8b1-4aa0-84c2-ba8348ff8c50/Annual-Financial-Statements-2023.pdf,OK,200,https://newcastle.nsw.gov.au/getmedia/681bf977-f8b1-4aa0-84c2-ba8348ff8c50/Annual-Financial-Statements-2023.pdf,2026-10-02,
https://ncc.nsw.gov.au/getmedia/ddb5f981-ba8a-441c-965c-c95a07f50f44/City-of-Newcastle-Annual-Financial-Statements-2019-20.pdf,OK,200,https://newcastle.nsw.gov.au/getmedia/ddb5f981-ba8a-441c-965c-c95a07f50f44/City-of-Newcastle-Annual-Financial-Statements-2019-20.pdf,2026-10-02,
https://ncc.nsw.gov.au/getmedia/e7f35dd5-c928-47d8-a705-4da1ddbc7ec9/Annual-Financial-Statements-2024-(Final)-Newcastle-City-Council.pdf,OK,200,https://newcastle.nsw.gov.au/getmedia/e7f35dd5-c928-47d8-a705-4da1ddbc7ec9/Annual-Financial-Statements-2024-(Final)-Newcastle-City-Council.pdf,2026-10-02,
https://nema.gov.au/sites/default/files/2024-08/The%20new%20benchmark%20for%20catastrophe%20preparedness%20in%20Australia%20Oct%202023.pdf,OK,200,https://www.nema.gov.au/sites/default/files/2024-08/The%20new%20benchmark%20for%20catastrophe%20preparedness%20in%20Australia%20Oct%202023.pdf,2026-10-02,
https://nema.gov.au/stories/bushfire-recovery-workshops,OK,200,https://www.nema.gov.au/about-us/media-centre/workshops-support-black-summer-bushfire-recovery,2026-10-02,
https://newcastle.nsw.gov.au/Newcastle/media/Documents/Council/Annual-Report_November-28-FINAL-WEB_1.pdf,OK,200,https://newcastle.nsw.gov.au/getmedia/25BBA098-058C-489D-8ECE-2E523E3635F4/Annual-Report_November-28-FINAL-WEB_1.pdf,2026-10-02,
https://newcastle.nsw.gov.au/getattachment/29DBA730-636B-4F6B-9BF8-A256A1D67A2B/Final-Financial-Statements_1617-20171016.pdf,BROKEN,404,,2026-10-02,
https://newcastle.nsw.gov.au/getmedia/29DBA730-636B-4F6B-9BF8-A256A1D67A2B/Final-Financial-Statements_1617-20171016.pdf,BROKEN,404,,2026-10-02,
https://newcastle.nsw.gov.au/getmedia/29dba730-636b-4f6b-9bf8-a256a1d67a2b/Final-Financial-Statements_1617-20171016.pdf,BROKEN,404,,2026-10-02,
https://newcastleherald.com.au/story/7137348/we-feel-pretty-let-down-black-summer-bushfire-towns-waiting-for-funds,OK,200,https://www.newcastleherald.com.au/story/7137348/we-feel-pretty-let-down-black-summer-bushfire-towns-waiting-for-funds/,2026-10-02,
https://news.berkeley.edu/?p=123897,OK,200,https://news.berkeley.edu/2024/07/18/researchers-reveal-a-hidden-factor-in-californias-insurance-crisis-the-winners-curse/,2026-10-02,
https://news.cfa.vic.gov.au/news/mallacoota-s-road-to-recovery,OK,200,,2026-10-02,
https://news.dfes.wa.gov.au/media-releases-feature-stories/bumper-crops-catastrophic-conditions-made-esperance-fires-unstoppable/,OK,200,,2026-10-02,
https://news.dfes.wa.gov.au/media-releases-feature-stories/updated-map-of-bush-fire-prone-areas-released-tomorrow/,OK,200,,2026-10-02,
https://news.flinders.edu.au/blog/2022/03/15/domestic-violence-increase-during-natural-disasters/,OK,200,,2026-10-02,
https://news.stanford.edu/?p=45351,BLOCKED,403,,2026-10-02,
https://newsofthearea.com.au/?p=126833,OK,200,https://www.newsofthearea.com.au/disaster-survey-a-must-for-fire-affected-farmers,2026-10-02,
https://newsroom.iza.org/en/archive/research/how-wildfires-affect-labor-income,OK,200,https://newsroom.iza.org/en/archive/research/how-wildfires-affect-labor-income?password-protected=login&redirect_to=https%3A%2F%2Fnewsroom.iza.org%2Fen%2Farchive%2Fresearch%2Fhow-wildfires-affect-labor-income,2026-10-02,
https://niba.com.au/news/insurance-catastrophe-resilience-report-2022-23-released,BROKEN,404,,2026-10-02,
https://nielseniq.com/global/en/insights/report/2018/map-of-the-month-mesh-blocks-and-4-digit-postcodes-in-sydney/,BROKEN,404,,2026-10-02,
https://northerndailyleader.com.au/story/6495252/almost-17m-in-aid-to-bushfire-hit-areas,OK,200,https://www.northerndailyleader.com.au/story/6495252/almost-17m-in-aid-to-bushfire-hit-areas/,2026-10-02,
https://nsw.gov.au/nsw-government/projects-and-initiatives/nsw-bushfire-inquiry/nsw-bushfire-inquiry-progress-reports,OK,200,https://www.nsw.gov.au/departments-and-agencies/premiers-department/access-to-information/nsw-bushfire-inquiry/nsw-bushfire-inquiry-report,2026-10-02,
https://nsw.gov.au/sites/default/files/2023-08/Bushfire-Recovery-Programs-summary-report.pdf,OK,200,https://www.nsw.gov.au:443/sites/default/files/2023-08/Bushfire-Recovery-Programs-summary-report.pdf,2026-10-02,
https://nswfarmers.org.au/NSWFA/Posts/News/mr.001.20.aspx,BROKEN,404,https://nswfarmers.org.au/404.aspx?aspxerrorpath=%2fNSWFA%2fPosts%2fNews%2fmr.001.20.aspx&aspxerrorhost=https%3a%2f%2fnswfarmers.org.au&aspxerroropid=80d35539df20d750f09693ba7b56c09b,2026-10-02,
https://nwfsc.forestry.oregonstate.edu/sites/default/files/publications/WP_42.pdf,FAILED,,,2026-10-02,"ConnectionError: HTTPSConnectionPool(host='nwfsc.forestry.oregonstate.edu', port=443): Max retries exceeded with url: /sites/default/files/publications/WP_42.pdf (Caus"
https://oasisbr.ibict.br/vufind/Record/RCAP_cefe9bbb1471f42b998c9044c664c909,OK,200,,2026-10-02,
https://oia.pmc.gov.au/sites/default/files/posts/2022/11/Royal%20Commission%20into%20National%20Natural%20Disaster%20Arrangements%20-%20Report%20%20%5Baccessible%5D.pdf,OK,200,,2026-10-02,
https://online.nsw.liberal.org.au/Shared-Content/News/2020/NSW-GOVERNMENT-WEEKLY-UPDATE-7-FEBRUARY-2020,BLOCKED,403,,2026-10-02,
https://opendata.maps.vic.gov.au/geoserver/wfs,BROKEN,400,,2026-10-02,
https://opendata.transport.nsw.gov.au/,OK,200,,2026-10-02,
https://opennetzero.org/regional-data-hub/rdh-agriculturalcommodities,OK,200,,2026-10-02,
https://opennetzero.org/regional-data-hub/rdh-medicare-subsidised-gp-allied-health-and-specialist-health-care-across-local-areas,OK,200,,2026-10-02,
https://opennetzero.org/regional-data-hub/rdh-regionalpopulationestimates,OK,200,,2026-10-02,
https://opennetzero.org/regional-data-hub/rdh-rental-bond-data-nsw,OK,200,,2026-10-02,
https://opennetzero.org/regional-data-hub/rdh-socio-economic-indexes-for-areas-seifa,OK,200,,2026-10-02,
https://openresearch-repository.anu.edu.au/collections/31786523-d416-489e-b362-083bebc5f3d4,OK,200,,2026-10-02,
https://openresearch-repository.anu.edu.au/handle/1885/281404,OK,200,,2026-10-02,
https://openresearch-repository.anu.edu.au/items/3a45d05a-4ce1-48dd-83e4-729b1e9525af,OK,200,,2026-10-02,
https://openresearch-repository.anu.edu.au/items/3a45d05a-4ce1-48dd-83e4-729b1e9525af/full,OK,200,,2026-10-02,
https://openresearch-repository.anu.edu.au/items/9567a816-e80d-4a54-bb13-8112d7ecb6c6,OK,200,,2026-10-02,
https://ova.galencentre.org/?p=3728,BLOCKED,429,,2026-10-02,
https://papers.ssrn.com/abstract=3396611,BLOCKED,403,,2026-10-02,
https://parliament.vic.gov.au/495ff4/globalassets/sections-shared/about/publications/research-papers/2019-20-bushfires_rn_2020_1.pdf,OK,200,https://www.parliament.vic.gov.au/495de3/globalassets/sections-shared/about/publications/research-papers/2019-20-bushfires_rn_2020_1.pdf,2026-10-02,
https://parliament.vic.gov.au/4962fb/contentassets/4362cd5809de4ea79c58786d34f267cb/1.-final-swan-hill-city-council---07082024.pdf,BROKEN,404,https://www.parliament.vic.gov.au/4962fb/contentassets/4362cd5809de4ea79c58786d34f267cb/1.-final-swan-hill-city-council---07082024.pdf,2026-10-02,
https://penrith.infocouncil.biz/,OK,200,,2026-10-02,
https://penrith.infocouncil.biz/Open/2018/11/CNL_26112018_AGN_AT.PDF,OK,200,,2026-10-02,
https://penrith.infocouncil.biz/Open/2019/02/CNL_25022019_AGN_AT.PDF,OK,200,,2026-10-02,
https://penrith.infocouncil.biz/Open/2019/05/CNL_27052019_AGN_AT.PDF,OK,200,,2026-10-02,
https://penrith.infocouncil.biz/Open/2019/11/CNL_25112019_AGN_AT.PDF,OK,200,,2026-10-02,
https://penrith.infocouncil.biz/Open/2020/02/CNL_24022020_AGN_AT.PDF,OK,200,,2026-10-02,
https://penrith.infocouncil.biz/Open/2020/05/CNL_25052020_AGN_AT.PDF,OK,200,,2026-10-02,
https://penrith.infocouncil.biz/Open/2020/11/CNL_30112020_AGN_AT.PDF,OK,200,,2026-10-02,
https://penrith.infocouncil.biz/Open/2021/02/CNL_22022021_AGN_AT.PDF,OK,200,,2026-10-02,
https://penrith.infocouncil.biz/Open/2021/05/CNL_24052021_AGN_AT.PDF,OK,200,,2026-10-02,
https://penrith.infocouncil.biz/Open/2021/11/CNL_22112021_AGN_AT.PDF,OK,200,,2026-10-02,
https://penrith.infocouncil.biz/Open/2022/02/CNL_21022022_AGN_AT.PDF,OK,200,,2026-10-02,
https://penrith.infocouncil.biz/Open/2022/05/CNL_30052022_AGN_AT.PDF,OK,200,,2026-10-02,
https://penrithcity.nsw.gov.au/images/documents/resources-documents/documents/financial_statements_2023-24.pdf,OK,200,,2026-10-02,
https://phoenix.alego.edsqa01.aws.sbs.com.au/food/article/black-summer-bushfires-anniversary-a-struggling-food-industry-one-year-on/jjqa0f3yi,FAILED,,,2026-10-02,"ConnectionError: HTTPSConnectionPool(host='phoenix.alego.edsqa01.aws.sbs.com.au', port=443): Max retries exceeded with url: /food/article/black-summer-bushfires-annive"
https://phoenix.alego.edsqa01.aws.sbs.com.au/language/korean/en/podcast-episode/a-year-of-challenges-for-australias-politicians/ybop29k1f,FAILED,,,2026-10-02,"ConnectionError: HTTPSConnectionPool(host='phoenix.alego.edsqa01.aws.sbs.com.au', port=443): Max retries exceeded with url: /language/korean/en/podcast-episode/a-year-"
https://phoenix.alego.edsqa01.aws.sbs.com.au/news/article/eden-residents-dodge-massive-bullet-but-are-heartbroken-by-fire-damage-to-homes-and-tourism-industry/3elh31df0,FAILED,,,2026-10-02,"ConnectionError: HTTPSConnectionPool(host='phoenix.alego.edsqa01.aws.sbs.com.au', port=443): Max retries exceeded with url: /news/article/eden-residents-dodge-massive-"
https://phoenix.alego.edsqa01.aws.sbs.com.au/news/article/fears-livestock-losses-in-nsw-could-reach-20-000/g4nv8yjl0,FAILED,,,2026-10-02,"ConnectionError: HTTPSConnectionPool(host='phoenix.alego.edsqa01.aws.sbs.com.au', port=443): Max retries exceeded with url: /news/article/fears-livestock-losses-in-nsw"
https://phoenix.alego.edsqa01.aws.sbs.com.au/news/article/five-years-after-black-summer-communities-battling-homelessness-and-fatigue/h4wmtjoc8,FAILED,,,2026-10-02,"ConnectionError: HTTPSConnectionPool(host='phoenix.alego.edsqa01.aws.sbs.com.au', port=443): Max retries exceeded with url: /news/article/five-years-after-black-summer"
https://phoenix.alego.edsqa01.aws.sbs.com.au/news/article/less-than-half-of-the-governments-bushfire-recovery-funds-have-been-allocated-new-research-shows/2u2br8ojo,FAILED,,,2026-10-02,"ConnectionError: HTTPSConnectionPool(host='phoenix.alego.edsqa01.aws.sbs.com.au', port=443): Max retries exceeded with url: /news/article/less-than-half-of-the-governm"
https://phoenix.alego.edsqa01.aws.sbs.com.au/news/article/more-than-half-a-million-homes-across-australia-will-be-uninsurable-by-2030-due-to-climate-change-report-warns/gtrb60q0q,FAILED,,,2026-10-02,"ConnectionError: HTTPSConnectionPool(host='phoenix.alego.edsqa01.aws.sbs.com.au', port=443): Max retries exceeded with url: /news/article/more-than-half-a-million-home"
https://phoenix.alego.edsqa01.aws.sbs.com.au/news/article/nsw-facing-huge-clean-up-after-horror-bushfires/zgbiyhes0,FAILED,,,2026-10-02,"ConnectionError: HTTPSConnectionPool(host='phoenix.alego.edsqa01.aws.sbs.com.au', port=443): Max retries exceeded with url: /news/article/nsw-facing-huge-clean-up-afte"
https://phoenix.alego.edsqa01.aws.sbs.com.au/news/insight/article/bruce-has-been-living-in-a-tent-because-he-couldnt-afford-a-home-hes-not-alone/5ret3ruxj,FAILED,,,2026-10-02,"ConnectionError: HTTPSConnectionPool(host='phoenix.alego.edsqa01.aws.sbs.com.au', port=443): Max retries exceeded with url: /news/insight/article/bruce-has-been-living"
https://phoenix.alego.edsqa01.aws.sbs.com.au/news/insight/article/distress-depression-and-drug-use-young-people-fear-for-their-future-after-the-bushfires/ozcphma30,FAILED,,,2026-10-02,"ConnectionError: HTTPSConnectionPool(host='phoenix.alego.edsqa01.aws.sbs.com.au', port=443): Max retries exceeded with url: /news/insight/article/distress-depression-a"
https://phoenix.chrisfo.edsqa01.aws.sbs.com.au/news/article/less-than-half-of-the-governments-bushfire-recovery-funds-have-been-allocated-new-research-shows/2u2br8ojo,BLOCKED,401,,2026-10-02,
https://phoenix.chrisfo.edsqa01.aws.sbs.com.au/news/article/more-than-half-a-million-homes-across-australia-will-be-uninsurable-by-2030-due-to-climate-change-report-warns/gtrb60q0q,BLOCKED,401,,2026-10-02,
https://phoenix.chrisfo.edsqa01.aws.sbs.com.au/news/article/nsw-facing-huge-clean-up-after-horror-bushfires/zgbiyhes0,BLOCKED,401,,2026-10-02,
https://phoenix.chrisfo.edsqa01.aws.sbs.com.au/news/insight/article/bruce-has-been-living-in-a-tent-because-he-couldnt-afford-a-home-hes-not-alone/5ret3ruxj,BLOCKED,401,,2026-10-02,
https://phoenix.danielpe.edsqa01.aws.sbs.com.au/food/article/black-summer-bushfires-anniversary-a-struggling-food-industry-one-year-on/jjqa0f3yi,BLOCKED,401,,2026-10-02,
https://phoenix.danielpe.edsqa01.aws.sbs.com.au/language/punjabi/en/article/indian-origin-builder-offers-100-apartments-to-fire-affected-people-in-canada/dzxab06le,BLOCKED,401,,2026-10-02,
https://phoenix.danielpe.edsqa01.aws.sbs.com.au/news/article/five-years-after-black-summer-communities-battling-homelessness-and-fatigue/h4wmtjoc8,BLOCKED,401,,2026-10-02,
https://phoenix.danielpe.edsqa01.aws.sbs.com.au/news/article/heres-how-you-can-help-the-victims-of-australias-devastating-bushfire-crisis/i2u09m4l8,BLOCKED,401,,2026-10-02,
https://phoenix.danielpe.edsqa01.aws.sbs.com.au/news/article/survivors-of-the-nsw-black-summer-bushfires-reflect-on-their-loss-as-inquiry-continues/2m12fkjm6,BLOCKED,401,,2026-10-02,
https://phoenix.danielpe.edsqa01.aws.sbs.com.au/news/article/tourists-return-to-bushfire-and-coronavirus-hit-regional-nsw-towns/uozp0yudj,BLOCKED,401,,2026-10-02,
https://phoenix.danielpe.edsqa01.aws.sbs.com.au/news/insight/article/distress-depression-and-drug-use-young-people-fear-for-their-future-after-the-bushfires/ozcphma30,BLOCKED,401,,2026-10-02,
https://phoenix.product.edsqa01.aws.sbs.com.au/news/insight/article/bruce-has-been-living-in-a-tent-because-he-couldnt-afford-a-home-hes-not-alone/5ret3ruxj,FAILED,,,2026-10-02,"ConnectionError: HTTPSConnectionPool(host='phoenix.product.edsqa01.aws.sbs.com.au', port=443): Max retries exceeded with url: /news/insight/article/bruce-has-been-livi"
https://pmc.gov.au/sites/default/files/reports/publications/annual_reports/2019-20-HTML/content/purpose-1-creating-economic-growth-and-jobs.html,BLOCKED,403,https://www.pmc.gov.au/sites/default/files/reports/publications/annual_reports/2019-20-HTML/content/purpose-1-creating-economic-growth-and-jobs.html,2026-10-02,
https://pmc.ncbi.nlm.nih.gov/articles/PMC5098256,OK,200,,2026-10-02,
https://pmc.ncbi.nlm.nih.gov/articles/PMC5621945,OK,200,,2026-10-02,
https://pmc.ncbi.nlm.nih.gov/articles/PMC7537075,OK,200,,2026-10-02,
https://pmc.ncbi.nlm.nih.gov/articles/PMC9546107,OK,200,,2026-10-02,
https://pmc.ncbi.nlm.nih.gov/articles/pmid/40596722,OK,200,,2026-10-02,
https://pmtranscripts.pmc.gov.au/node/38309,OK,200,https://pmtranscripts.pmc.gov.au/release/transcript-42578,2026-10-02,
https://pmtranscripts.pmc.gov.au/node/38310,OK,200,https://pmtranscripts.pmc.gov.au/release/transcript-42579,2026-10-02,
https://pmtranscripts.pmc.gov.au/node/38592,OK,200,https://pmtranscripts.pmc.gov.au/release/transcript-42861,2026-10-02,
https://podcastrex.com/shows/ucla-housing-voice/ep-85-wildfires-displacement-and-housing-prices-with-hannah-hennighausen,OK,200,,2026-10-02,
https://portal.glowfeed.com/publication/5fd311a2-f449-4a0f-b9e3-1b224baa3e95,OK,200,,2026-10-02,
https://portmacquarie.infocouncil.biz/Open/2018/11/OC_21112018_AGN.PDF,OK,200,,2026-10-02,
https://portmacquarie.infocouncil.biz/Open/2018/11/OC_21112018_ATT.htm,OK,200,,2026-10-02,
https://portmacquarie.infocouncil.biz/Open/2019/02/OC_20022019_AGN.PDF,OK,200,,2026-10-02,
https://portmacquarie.infocouncil.biz/Open/2019/05/OC_15052019_AGN.PDF,OK,200,,2026-10-02,
https://portmacquarie.infocouncil.biz/Open/2019/11/OC_20112019_AGN.PDF,OK,200,,2026-10-02,
https://portmacquarie.infocouncil.biz/Open/2019/11/OC_20112019_ATT.htm,OK,200,,2026-10-02,
https://portmacquarie.infocouncil.biz/Open/2020/02/OC_19022020_AGN.PDF,OK,200,,2026-10-02,
https://portmacquarie.infocouncil.biz/Open/2020/02/OC_19022020_ATT.PDF,OK,200,,2026-10-02,
https://portmacquarie.infocouncil.biz/Open/2020/05/OC_20052020_AGN.PDF,OK,200,,2026-10-02,
https://portmacquarie.infocouncil.biz/Open/2020/11/OC_18112020_AGN.PDF,OK,200,,2026-10-02,
https://portmacquarie.infocouncil.biz/Open/2021/02/OC_17022021_AGN.PDF,OK,200,,2026-10-02,
https://portmacquarie.infocouncil.biz/Open/2021/05/OC_19052021_AGN.PDF,OK,200,,2026-10-02,
https://portmacquarie.infocouncil.biz/Open/2021/10/OC_13102021_AGN.PDF,OK,200,,2026-10-02,
https://portmacquarie.infocouncil.biz/Open/2021/11/OC_03112021_AGN.PDF,OK,200,,2026-10-02,
https://portmacquarie.infocouncil.biz/Open/2022/02/OC_16022022_AGN.PDF,OK,200,,2026-10-02,
https://portmacquarie.infocouncil.biz/Open/2022/04/OC_21042022_AGN.PDF,OK,200,,2026-10-02,
https://portmacquarie.infocouncil.biz/Open/2022/05/OC_19052022_AGN.PDF,OK,200,,2026-10-02,
https://power.larc.nasa.gov/api/temporal/daily/point,BROKEN,422,,2026-10-02,
https://power.larc.nasa.gov/api/temporal/daily/point?parameters=PRECTOTCORR,BROKEN,422,,2026-10-02,
"https://power.larc.nasa.gov/api/temporal/daily/point?parameters=PRECTOTCORR,T2M_MAX,T2M_MIN&community=AG&latitude=-33.5&longitude=150.5&start=19910101&end=20251231&format=JSON",OK,200,,2026-10-02,
https://prep.redcross.org.au/globalassets/cms/documents/emergency-services/bushfires-9mth-update-final.pdf,OK,200,,2026-10-02,
https://preventionweb.net/publication/recovering-2003-canberra-bushfire-work-progress,OK,200,https://www.preventionweb.net/publication/recovering-2003-canberra-bushfire-work-progress,2026-10-02,
https://preventionweb.net/quick/31412,OK,200,https://www.preventionweb.net/news/australia-natural-disaster-funding-arrangements,2026-10-02,
https://preventionweb.net/quick/44186,OK,200,https://www.preventionweb.net/publication/natural-disaster-funding-productivity-commission-inquiry-report,2026-10-02,
https://preventionweb.net/quick/50621,OK,200,https://www.preventionweb.net/publication/final-report-nsw-bushfire-inquiry,2026-10-02,
https://preventionweb.net/quick/51954,OK,200,https://www.preventionweb.net/publication/lessons-black-summer-how-people-experienced-2019/20-nsw-fire-season,2026-10-02,
https://preventionweb.net/quick/68655,OK,200,https://www.preventionweb.net/publication/documents-and-publications/fire-farm-assessing-impacts-2019-2020-bushfires-food-and,2026-10-02,
https://preventionweb.net/quick/73704,OK,200,https://www.preventionweb.net/publication/after-fires-impacts-2019-20-black-summer-bushfires-wellbeing-emergency-services,2026-10-02,
https://preventionweb.net/quick/73707,OK,200,https://www.preventionweb.net/publication/backbone-regional-and-rural-economies-small-business-and-community-resilience,2026-10-02,
https://preventionweb.net/quick/76225,OK,200,https://www.preventionweb.net/publication/understanding-black-summer-bushfires-through-research-summary-key-findings-bushfire-and,2026-10-02,
https://probonoaustralia.com.au/?p=574185,OK,200,,2026-10-02,
https://probonoaustralia.com.au/?p=622269,OK,200,,2026-10-02,
https://prod-mycouncil-services.azurewebsites.net/data.svc/,OK,200,,2026-10-02,
https://psmag.com/?p=5369,OK,200,https://psmag.com/environment/why-some-home-prices-rebound-quickly-after-a-forest-fire/,2026-10-02,
https://psmag.com/environment/why-some-home-prices-rebound-quickly-after-a-forest-fire,OK,200,https://psmag.com/environment/why-some-home-prices-rebound-quickly-after-a-forest-fire/,2026-10-02,
https://psnews.com.au/?p=100748,OK,200,https://psnews.com.au/new-school-information-added-to-my-school/100748/,2026-10-02,
https://psnews.com.au/?p=100794,OK,200,https://psnews.com.au/new-school-details-added-to-my-school/100794/,2026-10-02,
https://psnews.com.au/?p=99536,OK,200,https://psnews.com.au/auditor-finds-bushfire-grants-ineffective/99536/,2026-10-02,
https://public-services.slip.wa.gov.au/public/rest/services/SLIP_Public_Services/Bush_Fire_Prone_Areas/MapServer,OK,200,,2026-10-02,
https://public-services.slip.wa.gov.au/public/services/SLIP_Public_Services/Bush_Fire_Prone_Areas_FS/MapServer/WFSServer,BROKEN,400,,2026-10-02,
https://publicaccountant.com.au/news/bushfire-assistance-for-small-and-family-business/,OK,200,,2026-10-02,
https://publications.ieu.asn.au/2019-december-2019/news2/school-communities-under-fire/,OK,200,,2026-10-02,
https://publish.csiro.au/wf/Fulltext/WF12140,BLOCKED,403,https://connectsci.au/wf/article-lookup/doi/10.1071/WF12140,2026-10-02,
https://publish.csiro.au/wf/Fulltext/wf12140,BLOCKED,403,https://connectsci.au/wf/article-lookup/doi/10.1071/wf12140,2026-10-02,
https://pursuit.unimelb.edu.au/articles/black-saturday-the-hidden-costs,BLOCKED,403,,2026-10-02,
https://pursuit.unimelb.edu.au/articles/bushfire-trauma-puts-schooling-at-risk,BLOCKED,403,,2026-10-02,
https://qbe.com/au/brokers/news/partner-news-stories/lessons-from-australias-worst-bushfire,BLOCKED,403,https://www.qbe.com/au/brokers/news/partner-news-stories/lessons-from-australias-worst-bushfire,2026-10-02,
https://qldspatial.information.qld.gov.au/catalogueadmin/rest/document?id=%7B676500B2-5468-4626-B1C2-02A92501ACC4%7D,OK,200,,2026-10-02,
https://quarto.org/,OK,200,,2026-10-02,
https://radioadelaide.org.au/2021/01/29/domestic-violence-prevention-in-emergency-responses,BROKEN,404,https://www.radioadelaide.org.au/2021/01/29/domestic-violence-prevention-in-emergency-responses,2026-10-02,
https://rdafcw.com.au/news/release-of-the-acccs-final-report-on-its-northern-australia-insurance-inquiry,OK,200,https://rdacwq.com.au/news/release-of-the-acccs-final-report-on-its-northern-australia-insurance-inquiry/,2026-10-02,
https://rdrr.io/cran/nswgeo,OK,200,https://rdrr.io/cran/nswgeo/,2026-10-02,
https://recipp.ipp.pt/entities/publication/25e1c04a-141a-4b6c-bd8d-d6073236eaa1,FAILED,,,2026-10-02,"ConnectTimeout: HTTPSConnectionPool(host='recipp.ipp.pt', port=443): Max retries exceeded with url: /entities/publication/25e1c04a-141a-4b6c-bd8d-d6073236eaa1 (Caused"
https://recovery.gov.au/sites/default/files/BSBR%20-%20Approved%20Projects..pdf,FAILED,,,2026-10-02,"ConnectionError: HTTPSConnectionPool(host='recovery.gov.au', port=443): Max retries exceeded with url: /sites/default/files/BSBR%20-%20Approved%20Projects..pdf (Caused"
https://recovery.gov.au/sites/default/files/first-national-action-plan%20%281%29.pdf,FAILED,,,2026-10-02,"ConnectionError: HTTPSConnectionPool(host='recovery.gov.au', port=443): Max retries exceeded with url: /sites/default/files/first-national-action-plan%20%281%29.pdf (C"
https://recovery.preventionweb.net/collections/recovery-collection-australia-black-summer-bushfires-2019-2020?page=2,OK,200,,2026-10-02,
https://recovery.preventionweb.net/collections/recovery-collection-australia-bushfire-2019-2020,OK,200,https://recovery.preventionweb.net/collections/recovery-collection-australia-black-summer-bushfires-2019-2020,2026-10-02,
https://recovery.preventionweb.net/publication/backbone-regional-and-rural-economies-small-business-and-community-resilience,OK,200,,2026-10-02,
https://recovery.preventionweb.net/publication/beyond-bushfires-community-resilience-and-recovery-report,OK,200,,2026-10-02,
https://recovery.preventionweb.net/publication/fire-farm-assessing-impacts-2019-2020-bushfires-food-and-agricultures-australia,OK,200,https://recovery.preventionweb.net/publication/documents-and-publications/fire-farm-assessing-impacts-2019-2020-bushfires-food-and,2026-10-02,
https://recovery.preventionweb.net/publication/natural-disaster-funding-productivity-commission-inquiry-report,OK,200,,2026-10-02,
https://recovery.preventionweb.net/publication/royal-commission-national-natural-disaster-arrangements-report,OK,200,,2026-10-02,
https://recovery.preventionweb.net/quick/15382,OK,200,https://recovery.preventionweb.net/organization/royal-commission-national-natural-disaster-arrangements-australia,2026-10-02,
https://recovery.preventionweb.net/quick/44186,OK,200,https://recovery.preventionweb.net/publication/natural-disaster-funding-productivity-commission-inquiry-report,2026-10-02,
https://recovery.preventionweb.net/quick/45648,OK,200,https://recovery.preventionweb.net/publication/beyond-bushfires-community-resilience-and-recovery-report,2026-10-02,
https://recovery.preventionweb.net/quick/51032,OK,200,https://recovery.preventionweb.net/publication/royal-commission-national-natural-disaster-arrangements-report,2026-10-02,
https://recovery.preventionweb.net/quick/68655,OK,200,https://recovery.preventionweb.net/publication/documents-and-publications/fire-farm-assessing-impacts-2019-2020-bushfires-food-and,2026-10-02,
https://recovery.preventionweb.net/quick/73704,OK,200,https://recovery.preventionweb.net/publication/after-fires-impacts-2019-20-black-summer-bushfires-wellbeing-emergency-services,2026-10-02,
https://recovery.preventionweb.net/quick/73707,OK,200,https://recovery.preventionweb.net/publication/backbone-regional-and-rural-economies-small-business-and-community-resilience,2026-10-02,
https://region.com.au/?p=256360,OK,200,https://region.com.au/tathra-bushfire-survivors-welcome-keelty-report-but-urge-action/256360/,2026-10-02,
https://region.com.au/?p=359793,OK,200,https://region.com.au/can-south-coast-tourism-businesses-reclaim-a-summer-lost-to-fire/359793/,2026-10-02,
https://region.com.au/?p=387291,OK,200,https://region.com.au/when-an-rfs-truck-rolled-there-was-no-communication-seven-years-on-nothing-has-changed-inquiry-hears/387291/,2026-10-02,
https://region.com.au/?p=418435,OK,200,https://region.com.au/myriad-factors-contribute-to-coastal-housing-shortage/418435/,2026-10-02,
https://region.com.au/?p=433472,OK,200,https://region.com.au/insurance-headaches-continue-for-people-affected-by-fire-and-storm-damage/433472/,2026-10-02,
https://region.com.au/?p=442085,OK,200,https://region.com.au/long-road-ahead-for-bushfire-funding-says-new-report/442085/,2026-10-02,
https://region.com.au/?p=636010,OK,200,https://region.com.au/bushfire-report-preparedness-key-to-better-mental-health-following-natural-disasters/636010/,2026-10-02,
https://region.com.au/?p=688515,OK,200,https://region.com.au/mental-health-outcomes-after-bushfire-exposure-examined-in-new-study/688515/,2026-10-02,
https://region.com.au/bushfire-homes-being-rebuilt-despite-costs/1875/,OK,200,,2026-10-02,
https://region.com.au/bushfire-recovery-agency-slammed-for-slow-flow-of-much-needed-assistance/361328/,OK,200,,2026-10-02,
https://region.com.au/can-south-coast-tourism-businesses-reclaim-a-summer-lost-to-fire/359793,OK,200,https://region.com.au/can-south-coast-tourism-businesses-reclaim-a-summer-lost-to-fire/359793/,2026-10-02,
https://region.com.au/federal-government-to-extend-support-payments-to-volunteer-act-firefighters/349097,OK,200,https://region.com.au/federal-government-to-extend-support-payments-to-volunteer-act-firefighters/349097/,2026-10-02,
https://region.com.au/insurance-headaches-continue-for-people-affected-by-fire-and-storm-damage/433472,OK,200,https://region.com.au/insurance-headaches-continue-for-people-affected-by-fire-and-storm-damage/433472/,2026-10-02,
https://region.com.au/long-road-ahead-for-bushfire-funding-says-new-report/442085/,OK,200,,2026-10-02,
https://region.com.au/mental-health-outcomes-after-bushfire-exposure-examined-in-new-study/688515/,OK,200,,2026-10-02,
https://region.com.au/myriad-factors-contribute-to-coastal-housing-shortage/418435/,OK,200,,2026-10-02,
https://region.com.au/only-eight-volunteers-accessed-commonwealth-compensation-after-bushfires/381200/,OK,200,,2026-10-02,
https://region.com.au/petrol-taken-from-buses-and-local-equipment-for-firefighting-trucks-royal-commission/385325,OK,200,https://region.com.au/petrol-taken-from-buses-and-local-equipment-for-firefighting-trucks-royal-commission/385325/,2026-10-02,
https://region.com.au/tathra-bushfire-survivors-welcome-keelty-report-but-urge-action/256360/,OK,200,,2026-10-02,
https://region.com.au/when-an-rfs-truck-rolled-there-was-no-communication-seven-years-on-nothing-has-changed-inquiry-hears/387291,OK,200,https://region.com.au/when-an-rfs-truck-rolled-there-was-no-communication-seven-years-on-nothing-has-changed-inquiry-hears/387291/,2026-10-02,
https://registry.opendata.aws/wb-light-every-night/,OK,200,,2026-10-02,
https://remplan.com.au/?p=9033,OK,200,https://www.remplan.com.au/blog/case-studies/economic-impact-of-the-2019-20-bushfires/,2026-10-02,
https://reneweconomy.com.au/australians-suffer-2-billion-health-bill-from-summer-bushfire-smoke-researchers-say-92813/,OK,200,,2026-10-02,
https://reneweconomy.com.au/australians-suffer-2-billion-health-bill-from-summer-bushfire-smoke-researchers-say-92813/amp/,OK,200,,2026-10-02,
https://reporter.anu.edu.au/all-stories/urgent-rethink-needed-to-better-manage-mental-health-impacts-of-bushfires,OK,200,,2026-10-02,
https://repositorio.ulisboa.pt/entities/publication/a4d9b910-554a-49f7-b67a-ed13aad68e7c,OK,200,,2026-10-02,
https://research.bond.edu.au/en/publications/australian-youth-mental-health-and-climate-change-concern-after-t/,OK,200,,2026-10-02,
https://research.fs.usda.gov/treesearch/37469,OK,200,,2026-10-02,
https://research.monash.edu/en/publications/a-numbers-game-lack-of-gendered-data-impedes-prevention-of-disast/,OK,200,,2026-10-02,
https://research.monash.edu/en/publications/the-2020-special-report-of-the-mjalancet-countdown-on-health-and-/,OK,200,,2026-10-02,
https://researchdata.edu.au/2020-national-operational-bushfire-boundaries/3517830,OK,200,https://researchdata.edu.au/2020-national-operational-bushfire-boundaries/3790654,2026-10-02,
https://researchdata.edu.au/2020-national-operational-bushfire-boundaries/3790654,OK,200,,2026-10-02,
https://researchdata.edu.au/abs-building-approvals-2019-2020/2748468,OK,200,https://researchdata.edu.au/search/#!/slug=abs-building-approvals-2019-2020,2026-10-02,
https://researchdata.edu.au/abs-net-internal-2017-2020/2748003,OK,200,https://researchdata.edu.au/search/#!/slug=abs-net-internal-2017-2020,2026-10-02,
https://researchdata.edu.au/abs-regional-population-2001-2019/2742705,OK,200,https://researchdata.edu.au/search/#!/slug=abs-regional-population-2001-2019,2026-10-02,
https://researchdata.edu.au/abs-regional-population-2001-2021/2747982,OK,200,https://researchdata.edu.au/search/#!/slug=abs-regional-population-2001-2021,2026-10-02,
https://researchdata.edu.au/agricultural-commodities/1952630,OK,200,,2026-10-02,
https://researchdata.edu.au/aihw-medicare-benefits-2013-2017/2738466,OK,200,https://researchdata.edu.au/search/#!/slug=aihw-medicare-benefits-2013-2017,2026-10-02,
https://researchdata.edu.au/aihw-specialist-homelessness-2014-2019/2738490,OK,200,https://researchdata.edu.au/search/#!/slug=aihw-specialist-homelessness-2014-2019,2026-10-02,
https://researchdata.edu.au/aihw-specialist-homelessness-2014-2019/2738886,OK,200,https://researchdata.edu.au/search/#!/slug=aihw-specialist-homelessness-2014-2019,2026-10-02,
https://researchdata.edu.au/apiforaccessingnapmdnationalairpollutionmonitordatabase/2832633,OK,200,https://researchdata.edu.au/apiforaccessingnapmdnationalairpollutionmonitordatabase/4051203,2026-10-02,
https://researchdata.edu.au/apiforaccessingnapmdnationalairpollutionmonitordatabase/4051203,OK,200,,2026-10-02,
https://researchdata.edu.au/bocsar-domestic-violence-2017-2018/2747778,OK,200,https://researchdata.edu.au/bocsar-domestic-violence-2017-2018/4121519,2026-10-02,
https://researchdata.edu.au/bulk-land-value-services-portal/971719,OK,200,https://researchdata.edu.au/bulk-land-value-services-portal/3810889,2026-10-02,
https://researchdata.edu.au/disaster-recovery-payment-management-information/2984452,OK,200,https://researchdata.edu.au/disaster-recovery-payment-management-information/3788389,2026-10-02,
https://researchdata.edu.au/drfa-activation-history-lga/2976880,OK,200,https://researchdata.edu.au/drfa-activation-history-lga/3796663,2026-10-02,
https://researchdata.edu.au/drfa-activation-history-lga/3796663,OK,200,,2026-10-02,
https://researchdata.edu.au/dss-benefit-payment-quarterly-data/2975938,OK,200,https://researchdata.edu.au/dss-benefit-payment-quarterly-data/3785947,2026-10-02,
https://researchdata.edu.au/dss-benefit-payment-quarterly-data/3785947,OK,200,,2026-10-02,
https://researchdata.edu.au/dss-payments-local-government-area/2976016,OK,200,https://researchdata.edu.au/dss-payments-local-government-area/3799339,2026-10-02,
https://researchdata.edu.au/geoscience-australia-nexis-sa1-2017/2747055,BROKEN,404,,2026-10-02,
https://researchdata.edu.au/local-economic-recovery-20-bushfires/3533667,OK,200,https://researchdata.edu.au/local-economic-recovery-20-bushfires/3787570,2026-10-02,
https://researchdata.edu.au/location-based-disaster-assistance-payments/2976046,BROKEN,404,,2026-10-02,
https://researchdata.edu.au/location-based-disaster-assistance-payments/3796657,OK,200,,2026-10-02,
https://researchdata.edu.au/medicare-benefits-schedule-statistics-report/2981215,OK,200,https://researchdata.edu.au/medicare-benefits-schedule-statistics-report/3806176,2026-10-02,
https://researchdata.edu.au/medicare-benefits-schedule-statistics/2999956,OK,200,https://researchdata.edu.au/medicare-benefits-schedule-statistics/3803650,2026-10-02,
https://researchdata.edu.au/national-exposure-information-1-sa1/1278205,BROKEN,404,,2026-10-02,
https://researchdata.edu.au/natural-disaster-relief-appeal-payments/3533436,OK,200,https://researchdata.edu.au/natural-disaster-relief-appeal-payments/3787330,2026-10-02,
https://researchdata.edu.au/nsw-southern-qld-march-2021/3801907,OK,200,,2026-10-02,
https://researchdata.edu.au/personal-insolvency-administrations/3529647,OK,200,https://researchdata.edu.au/personal-insolvency-administrations/3803932,2026-10-02,
https://researchdata.edu.au/personal-insolvency-administrations/3803932,OK,200,,2026-10-02,
https://researchdata.edu.au/rental-bond-lodgement/979915,OK,200,https://researchdata.edu.au/rental-bond-lodgement/3822484,2026-10-02,
https://researchers.mq.edu.au/en/publications/black-summer-how-the-nsw-community-responded-to-the-2019-20-bushf/,OK,200,,2026-10-02,
https://researchers.westernsydney.edu.au/en/publications/bushfire-building-damage-survey-a-nsw-perspective/,OK,200,,2026-10-02,
https://researchnow.flinders.edu.au/en/publications/longitudinal-study-of-changing-psychological-outcomes-following-t/,OK,200,,2026-10-02,
https://researchonline.jcu.edu.au/75752/,OK,200,,2026-10-02,
https://researchonline.lse.ac.uk/id/eprint/84754,OK,200,https://researchonline.lse.ac.uk/id/eprint/84754/,2026-10-02,
https://researchonline.lse.ac.uk/id/eprint/84754/1/usappblog-2017-09-07-insurance-and-government-assistance-means-that.pdf,OK,200,,2026-10-02,
https://researchportalplus.anu.edu.au/en/publications/mental-health-wellbeing-and-resilience-after-the-2019-20-bushfire/,OK,200,,2026-10-02,
https://researchportalplus.anu.edu.au/en/publications/mental-health-wellbeing-and-resilience-after-the-2019-20-bushfire/fingerprints/,OK,200,,2026-10-02,
https://researchportalplus.anu.edu.au/en/publications/the-social-cost-of-the-black-saturday-bushfires/,OK,200,,2026-10-02,
https://resolve.cambridge.org/core/journals/journal-of-financial-and-quantitative-analysis/article/household-financial-decisionmaking-after-natural-disasters-evidence-from-hurricane-harvey/9468AD2EE95BFBD2D50ECBEF1EF53299,OK,200,https://www.cambridge.org/core/journals/journal-of-financial-and-quantitative-analysis/article/household-financial-decisionmaking-after-natural-disasters-evidence-from-hurricane-harvey/9468AD2EE95BFBD2D50ECBEF1EF53299,2026-10-02,
https://resources.pedspandemicnetwork.org/library/4743/delayed-disaster-impacts-on-academic-performance-of-primary-school-children-4743,FAILED,,,2026-10-02,"ReadTimeout: HTTPSConnectionPool(host='resources.pedspandemicnetwork.org', port=443): Read timed out. (read timeout=25)"
https://resources.pedspandemicnetwork.org/library/7319/effects-of-the-fort-mcmurray-wildfires-on-the-health-of-evacuated-workers-follow-up-of-2-cohorts-7319,OK,200,https://resources.pedspandemicnetwork.org/library/7319/effects-of-the-fort-mcmurray-wildfires-on-the-health-of-evacuated-workers-follow-up-of-2-cohorts-7319/,2026-10-02,
https://rff.org/publications/journal-articles/the-fiscal-impacts-of-wildfires-on-california-municipalities,OK,200,https://www.rff.org/publications/journal-articles/the-fiscal-impacts-of-wildfires-on-california-municipalities/,2026-10-02,
https://richmondvalley.nsw.gov.au/,OK,200,,2026-10-02,
https://richmondvalley.nsw.gov.au/council/council-meetings/,OK,200,,2026-10-02,
https://richmondvalley.nsw.gov.au/council/council-meetings/2019-agendas-and-minutes/,OK,200,,2026-10-02,
https://richmondvalley.nsw.gov.au/council/council-meetings/2020-agendas-and-minutes/,OK,200,,2026-10-02,
https://richmondvalley.nsw.gov.au/council/council-meetings/2021-agendas-and-minutes/,OK,200,,2026-10-02,
https://richmondvalley.nsw.gov.au/council/council-meetings/2022-agendas-and-minutes/,OK,200,,2026-10-02,
https://richmondvalley.nsw.gov.au/council/governance/budgets-and-financial-reports/,OK,200,,2026-10-02,
https://richmondvalley.nsw.gov.au/wp-content/uploads/2018/09/253358_2015-2016_Financial_Statements.pdf,OK,200,,2026-10-02,
https://richmondvalley.nsw.gov.au/wp-content/uploads/2018/09/278824_2016-2017_Richmond_Valley_Council_Financial_Statements.pdf,OK,200,,2026-10-02,
https://richmondvalley.nsw.gov.au/wp-content/uploads/2019/01/299439_September_2018_Budget_Review_Statement.pdf,OK,200,,2026-10-02,
https://richmondvalley.nsw.gov.au/wp-content/uploads/2019/01/ATTACHMENTS_CO_20190219_ATT_3098_EXCLUDED.pdf,OK,200,,2026-10-02,
https://richmondvalley.nsw.gov.au/wp-content/uploads/2019/02/2017-2018-Financial-Statements.pdf,OK,200,,2026-10-02,
https://richmondvalley.nsw.gov.au/wp-content/uploads/2019/05/Attachments-21-May-2019.pdf,OK,200,,2026-10-02,
https://richmondvalley.nsw.gov.au/wp-content/uploads/2019/10/CO_20191022_AGN_3125_SUP.pdf,OK,200,,2026-10-02,
https://richmondvalley.nsw.gov.au/wp-content/uploads/2019/10/Ordinary-Meeting-Attachments-22-October-2019-and-Annual-Financial-Statements.pdf,OK,200,,2026-10-02,
https://richmondvalley.nsw.gov.au/wp-content/uploads/2019/10/Richmond-Valley-Council-Financial-Statements-2018-2019.pdf,OK,200,,2026-10-02,
https://richmondvalley.nsw.gov.au/wp-content/uploads/2019/11/CO_20191119_AGN_3126_AT.pdf,OK,200,,2026-10-02,
https://richmondvalley.nsw.gov.au/wp-content/uploads/2019/11/CO_20191119_ATT_3126_EXCLUDED.pdf,OK,200,,2026-10-02,
https://richmondvalley.nsw.gov.au/wp-content/uploads/2019/12/CO_20191217_ATT_3127_EXCLUDED.pdf,OK,200,,2026-10-02,
https://richmondvalley.nsw.gov.au/wp-content/uploads/2020/01/Bushfire-Recovery-Assistance-06012020-003.pdf,OK,200,,2026-10-02,
https://richmondvalley.nsw.gov.au/wp-content/uploads/2020/02/AttachmentsFeb2020.pdf,OK,200,,2026-10-02,
https://richmondvalley.nsw.gov.au/wp-content/uploads/2020/02/Rebuilding-Richmond-Valley-Revitalisation-Plan-s.pdf,OK,200,,2026-10-02,
https://richmondvalley.nsw.gov.au/wp-content/uploads/2020/05/Attachments-19-May-2020.pdf,OK,200,,2026-10-02,
https://richmondvalley.nsw.gov.au/wp-content/uploads/2020/06/Quarterly-Budget-Review-Statement-for-the-quarter-ended-31-December-2019.pdf,OK,200,,2026-10-02,
https://richmondvalley.nsw.gov.au/wp-content/uploads/2020/10/Richmond-Valley-Council-Financial-Statements-2019-20.pdf,OK,200,,2026-10-02,
https://richmondvalley.nsw.gov.au/wp-content/uploads/2021/05/Quarterly-Budget-Review-Statement-for-quarter-ended-30-September-2020.pdf,OK,200,,2026-10-02,
https://richmondvalley.nsw.gov.au/wp-content/uploads/2021/05/Quarterly-Budget-Review-Statement-for-the-quarter-ending-31-December-2020.pdf,OK,200,,2026-10-02,
https://richmondvalley.nsw.gov.au/wp-content/uploads/2021/05/Quarterly-Budget-Review-Statement-for-the-quarter-ending-31-March-2021.pdf,OK,200,,2026-10-02,
https://richmondvalley.nsw.gov.au/wp-content/uploads/2021/09/CO_20210921_AGN_3166_AT.pdf,OK,200,,2026-10-02,
https://richmondvalley.nsw.gov.au/wp-content/uploads/2021/10/Agenda-19-October-2021.pdf,OK,200,,2026-10-02,
https://richmondvalley.nsw.gov.au/wp-content/uploads/2021/10/Attachments-19-October-2021.pdf,OK,200,,2026-10-02,
https://richmondvalley.nsw.gov.au/wp-content/uploads/2021/11/Agenda-16-November-2021.pdf,OK,200,,2026-10-02,
https://richmondvalley.nsw.gov.au/wp-content/uploads/2021/11/Richmond-Valley-Council-Financial-Statements-2020-2021.pdf,OK,200,,2026-10-02,
https://richmondvalley.nsw.gov.au/wp-content/uploads/2022/10/Annual_Financial_Statements-2022.pdf,OK,200,,2026-10-02,
https://richmondvalley.nsw.gov.au/wp-content/uploads/2022/11/Quarterly-Budget-Review-Statement-31-December-2021.pdf,OK,200,,2026-10-02,
https://richmondvalley.nsw.gov.au/wp-content/uploads/2022/11/Quarterly-Budget-Review-Statement-for-the-quarter-ended-31-March-2022.pdf,OK,200,,2026-10-02,
https://richmondvalley.nsw.gov.au/wp-content/uploads/2023/10/FINAL-Annual_Financial_Statements-2023.pdf,OK,200,,2026-10-02,
https://richmondvalley.nsw.gov.au/wp-content/uploads/2024/10/Richmond-Valley-Council-Financial-Statements-for-the-year-ended-30-June-2024.pdf,OK,200,,2026-10-02,
https://ro.ecu.edu.au/ecuworks2022-2026/443,OK,200,https://ro.ecu.edu.au/ecuworks2022-2026/443/,2026-10-02,
https://ro.uow.edu.au/articles/journal_contribution/A_crisis_of_underinsurance_threatens_to_scar_rural_Australia_permanently/27717729,OK,202,,2026-10-02,
https://ro.uow.edu.au/articles/journal_contribution/House_and_contents_underinsurance_Insights_from_bushfire-prone_Australia/27820230,OK,202,,2026-10-02,
https://ro.uow.edu.au/articles/journal_contribution/When_insurance_and_goodwill_are_not_enough_Bushfire_Attack_Level_BAL_ratings_risk_calculations_and_disaster_resilience_in_Australia/27780216,OK,202,,2026-10-02,
https://ro.uow.edu.au/test2021/5441,OK,202,,2026-10-02,
https://roymorgan.com/findings/8313-australian-unemployment-estimates-february-2020-202003100419,OK,200,https://www.roymorgan.com/findings/over-2-4-million-australians-looking-for-work-following-summer-of-bushfires-along-australias-east-coast,2026-10-02,
https://rr-asia.woah.org/?p=9674,OK,200,https://rr-asia.woah.org/en/news/australias-black-summer-bushfires-reflections-on-recovery-one-year-on/,2026-10-02,
https://rr.pt/noticia/pais/2024/06/17/pedrogao-sete-anos-depois-estamos-sempre-com-a-espada-em-cima-da-cabeca/382707/,OK,200,,2026-10-02,
https://rune.une.edu.au/web/handle/1959.11/54566,OK,200,https://rune.une.edu.au/entities/publication/a5add75d-dbe7-4c62-9aff-85e68348785a,2026-10-02,
https://rune.une.edu.au/web/handle/1959.11/54566?mode=full,OK,200,https://rune.une.edu.au/entities/publication/a5add75d-dbe7-4c62-9aff-85e68348785a,2026-10-02,
https://rune.une.edu.au/web/handle/1959.11/54982?mode=full,OK,200,https://rune.une.edu.au/entities/publication/333da63f-e72d-4261-aae2-94f4ebac46b4,2026-10-02,
https://s3.amazonaws.com/elevation-tiles-prod/terrarium/11/1879/1227.png,OK,200,,2026-10-02,
https://s3.amazonaws.com/elevation-tiles-prod/terrarium/{z}/{x}/{y}.png,BROKEN,404,https://s3.amazonaws.com/elevation-tiles-prod/terrarium/%7Bz%7D/%7Bx%7D/%7By%7D.png,2026-10-02,
https://safeandequal.org.au/2020/01/,OK,200,,2026-10-02,
https://sappa.plan.sa.gov.au/,OK,200,,2026-10-02,
https://savvy.com.au/media-releases/the-uninsurables-the-australian-locations-most-vulnerable-to-extreme-weather-events/,OK,200,,2026-10-02,
https://sbs.com.au/news/article/insurance-costs-crippling-australian-homeowners-no-matter-what-they-do/abvhmzos8,OK,200,https://www.sbs.com.au:443/news/article/insurance-costs-crippling-australian-homeowners-no-matter-what-they-do/abvhmzos8,2026-10-02,
https://scholarsbank.uoregon.edu/items/849975ab-7add-41f9-b814-bd891b9fe321/full,BLOCKED,403,,2026-10-02,
https://scholarsbank.uoregon.edu/items/caa4d79b-7335-4aba-a2b2-296cd54345c2/full,BLOCKED,403,,2026-10-02,
https://science.anu.edu.au/news-events/news/urgent-rethink-needed-better-manage-mental-health-impacts-bushfires,OK,200,,2026-10-02,
https://sciencedaily.com/releases/2024/01/240130200927.htm,OK,200,,2026-10-02,
https://services-ap1.arcgis.com/ypkPEy1AmwPKGNNv/arcgis/rest/services/Historical_Bushfire_Extents_2020%E2%80%9325_View/FeatureServer/3/query?where=state%20LIKE%20%27NSW%25%27%20AND%20%28fire_type%20IS%20NULL%20OR%20fire_type%20%3C%3E%20%27Prescribed%20burn%27%29,OK,200,,2026-10-02,
https://services-ap1.arcgis.com/ypkPEy1AmwPKGNNv/arcgis/rest/services/Historical_Bushfire_Extents_2020%E2%80%9325_View/FeatureServer/3/query?where=state+LIKE+%27NSW%25%27&outFields=*&outSR=4283&f=geojson,OK,200,,2026-10-02,
https://services.ga.gov.au/gis/rest/services/NEXIS_Building_Exposure/MapServer,BROKEN,404,,2026-10-02,
https://services1.arcgis.com/vHnIGBHHqDR6y0CR/arcgis/rest/services/2021_ABS_General_Community_Profile/FeatureServer,OK,200,,2026-10-02,
https://servicesaustralia.gov.au/qld-ex-tropical-cyclone-alfred-mar-2025-australian-government-disaster-recovery-payment,BROKEN,404,https://www.servicesaustralia.gov.au/qld-ex-tropical-cyclone-alfred-mar-2025-australian-government-disaster-recovery-payment,2026-10-02,
https://sgsep.com.au/assets/main/SGS-Economcis-and-Planning-COVID-19-and-summer-bushfires-May2020-update.pdf,OK,200,https://sgs-assets.spicyweb.net.au/main/SGS-Economcis-and-Planning-COVID-19-and-summer-bushfires-May2020-update.pdf,2026-10-02,
https://sgsep.com.au/projects/suncorp-economic-benefits-of-insurance-analysis,OK,200,,2026-10-02,
https://sgsep.com.au/publications/insights/the-economic-impact-of-covid-19-and-bushfires,OK,200,,2026-10-02,
https://shoalhaven.infocouncil.biz/,OK,200,,2026-10-02,
https://shoalhaven.infocouncil.biz/Open/2018/11/CL_20181113_ATT_12930_EXCLUDED.PDF,OK,200,,2026-10-02,
https://shoalhaven.infocouncil.biz/Open/2019/02/SA_20190212_ATT_12918_EXCLUDED.PDF,OK,200,,2026-10-02,
https://shoalhaven.infocouncil.biz/Open/2019/05/SA_20190514_ATT_12925_EXCLUDED.PDF,OK,200,,2026-10-02,
https://shoalhaven.infocouncil.biz/Open/2019/11/CL_20191126_AGN_12948_AT.htm,OK,200,,2026-10-02,
https://shoalhaven.infocouncil.biz/Open/2019/12/SA_20191210_AGN_16050_AT.HTM,OK,200,,2026-10-02,
https://shoalhaven.infocouncil.biz/Open/2019/12/SA_20191210_ATT_16050_EXCLUDED.PDF,OK,200,,2026-10-02,
https://shoalhaven.infocouncil.biz/Open/2020/02/SA_20200211_ATT_16055_EXCLUDED.PDF,OK,200,,2026-10-02,
https://shoalhaven.infocouncil.biz/Open/2020/06/SA_20200609_ATT_16079_EXCLUDED.PDF,OK,200,,2026-10-02,
https://shoalhaven.infocouncil.biz/Open/2020/08/SA_20200811_ATT_16085_EXCLUDED.PDF,OK,200,,2026-10-02,
https://shoalhaven.infocouncil.biz/Open/2020/11/CL_20201124_AGN_16244_AT.htm,OK,200,,2026-10-02,
https://shoalhaven.infocouncil.biz/Open/2020/12/SA_20201208_AGN_16243_AT.HTM,OK,200,,2026-10-02,
https://shoalhaven.infocouncil.biz/Open/2020/12/SA_20201208_ATT_16243_EXCLUDED.PDF,OK,200,,2026-10-02,
https://shoalhaven.infocouncil.biz/Open/2021/05/SA_20210518_ATT_16395_EXCLUDED.PDF,OK,200,,2026-10-02,
https://shows.acast.com/black-summer/episodes/best-laid-plans,OK,200,,2026-10-02,
https://signal.sciencespo-lyon.fr/article/527856,OK,200,https://signal.sciencespo-lyon.fr/article/527856/Land-of-Fires-Urban-Growth-Economic-Crisis-and-Forest-Fires-in-Attica-Greece,2026-10-02,
https://singleton.infocouncil.biz/,OK,200,,2026-10-02,
https://singleton.infocouncil.biz/Open/2020/02/CM_18022020_AGN_AT.htm,BROKEN,404,,2026-10-02,
https://spectrumlocalnews.com/hi/hawaii/news/2024/10/09/report-finds-fire-survivors-struggling-with-housing--poverty,OK,200,,2026-10-02,
https://stats.bls.gOv/osmr/research-papers/2017/pdf/ec170070.pdf,BLOCKED,403,https://stats.bls.gov/osmr/research-papers/2017/pdf/ec170070.pdf,2026-10-02,
https://stephnakhleh.substack.com/p/cerro-grande-lessons-what-25-years,OK,200,,2026-10-02,
https://stmaryssen-h.schools.nsw.gov.au/news/2019/11/a-message-from-our-school-principal---bushfires--november-2019.html,BROKEN,404,,2026-10-02,
https://storage.googleapis.com/earthenginepartners-hansen/GFC-2023-v1.11/Hansen_GFC-2023-v1.11_treecover2000_20S_140E.tif,OK,200,,2026-10-02,
https://storage.googleapis.com/earthenginepartners-hansen/GFC-2023-v1.11/Hansen_GFC-2023-v1.11_treecover2000_20S_150E.tif,OK,200,,2026-10-02,
https://storage.googleapis.com/earthenginepartners-hansen/GFC-2023-v1.11/Hansen_GFC-2023-v1.11_treecover2000_30S_140E.tif,OK,200,,2026-10-02,
https://storage.googleapis.com/earthenginepartners-hansen/GFC-2023-v1.11/Hansen_GFC-2023-v1.11_treecover2000_30S_150E.tif,OK,200,,2026-10-02,
https://stride.podiatry.org.au/?p=6495,OK,200,https://stride.podiatry.org.au/magazine/stride-june-2023/,2026-10-02,
https://stride.podiatry.org.au/?p=6505,OK,200,https://stride.podiatry.org.au/articles/have-you-read-the-recent-aihw-report/,2026-10-02,
https://stride.podiatry.org.au/articles/have-you-read-the-recent-aihw-report/,OK,200,,2026-10-02,
https://sustainability.stanford.edu/news/wildfire-smoke-exposure-hurts-learning-outcomes,OK,200,,2026-10-02,
https://sutherlandshire.nsw.gov.au/__data/assets/pdf_file/0019/25039/Sutherland-Shire-Council-Financial-Statements-2021-2022.pdf,BLOCKED,403,,2026-10-02,
https://sutherlandshire.nsw.gov.au/__data/assets/pdf_file/0023/53924/Sutherland-Shire-Council-Financial_Statements-2022-23.pdf,BLOCKED,403,,2026-10-02,
https://sutherlandshire.nsw.gov.au/__data/assets/pdf_file/0025/88450/2023-2024-Sutherland-Shire-Council-Financial-Statements.pdf,BLOCKED,403,,2026-10-02,
https://switzer.com.au/?p=22965,OK,200,,2026-10-02,
https://swlb1.aeaweb.org/research/hurricane-aid-transfer-benefit-fiscal-cost,OK,200,,2026-10-02,
https://swlb1.aeaweb.org/research/new-orleans-katrina-long-term-recovery-income,OK,200,,2026-10-02,
https://tamworth.nsw.gov.au/ArticleDocuments/226/TRC Final Financial Reports 2015-2016rev1.PDF.aspx,BLOCKED,403,https://www.tamworth.nsw.gov.au/ArticleDocuments/226/TRC%20Final%20Financial%20Reports%202015-2016rev1.PDF.aspx,2026-10-02,
https://tech.cornell.edu/news/migrate-dataset,OK,200,https://tech.cornell.edu/news/migrate-dataset/,2026-10-02,
https://the-journal.com/?p=17904,BROKEN,404,https://www.the-journal.com/?p=17904,2026-10-02,
https://theadviser.com.au/breaking-news/39949-government-launches-bushfire-loans-grants-for-smes,OK,200,https://www.theadviser.com.au/borrower/39949-government-launches-bushfire-loans-grants-for-smes,2026-10-02,
https://theconversation.com/as-we-begin-to-assess-the-fire-damage-in-victoria-we-must-not-overlook-these-hidden-costs-273218,OK,200,,2026-10-02,
https://theconversation.com/five-years-on-from-black-saturday-most-survivors-are-doing-ok-33600,OK,200,,2026-10-02,
https://theconversation.com/new-research-shows-black-summers-megafires-left-lasting-scars-far-beyond-property-damage-264195,OK,200,,2026-10-02,
https://theconversation.com/properties-under-fire-why-so-many-australians-are-inadequately-insured-against-disaster-50588,OK,200,,2026-10-02,
https://theconversation.com/topics/bushfire-recovery-80739,OK,200,,2026-10-02,
https://theconversation.com/with-costs-approaching-100-billion-the-fires-are-australias-costliest-natural-disaster-129433,OK,200,,2026-10-02,
https://thefarmermagazine.com.au/?p=1050,OK,200,https://thefarmermagazine.com.au/survey-for-farmers-hit-by-the-2019-2020-bushfires/,2026-10-02,
https://thefarmermagazine.com.au/survey-for-farmers-hit-by-the-2019-2020-bushfires,BLOCKED,403,,2026-10-02,
https://thenewdaily.com.au/money/property/2018/02/16/natural-disaster-real-estate-values/,OK,200,https://www.thenewdaily.com.au/money/property/2018/02/16/natural-disaster-real-estate-values,2026-10-02,
https://thenewdaily.com.au/news/national/2020/01/13/australia-bushfires-before-and-after-devastation/,OK,200,https://www.thenewdaily.com.au/news/national/2020/01/13/australia-bushfires-before-and-after-devastation,2026-10-02,
https://thenewdaily.com.au/news/state/nsw/2023/02/02/barilaro-bushfire-funds-labor-seats/,OK,200,https://www.thenewdaily.com.au/news/state/nsw/2023/02/02/barilaro-bushfire-funds-labor-seats,2026-10-02,
https://ticket.digitech.ru:443/cotmmb/postcode-boundaries-australia.html,FAILED,,,2026-10-02,"SSLError: HTTPSConnectionPool(host='ticket.digitech.ru', port=443): Max retries exceeded with url: /cotmmb/postcode-boundaries-australia.html (Caused by SSLErro"
https://today.ucsd.edu/story/impact-of-wildfires-on-home-insurance,OK,200,,2026-10-02,
https://tools.bnhcrc.com.au/code/4,OK,200,https://tools.naturalhazards.com.au/code/4,2026-10-02,
https://tourism.act.gov.au/2020/02/bushfire-survey/,BROKEN,404,https://www.tourism.act.gov.au/2020/02/bushfire-survey,2026-10-02,
https://travelweekly.com.au/august-tourism-data-reveals-regional-australia-fared-better-than-capital-cities/,OK,200,,2026-10-02,
https://treasury.gov.au/sites/default/files/2019-03/c2011-ndir-ip-Australian_Local_Government_Association.pdf,OK,200,,2026-10-02,
https://trerc.tamu.edu/blog/when-disaster-strikes-hurricane-harvey/,OK,200,,2026-10-02,
https://tweed.resolve.red/portal/meeting/1842,OK,200,,2026-10-02,
https://u-pad.unimc.it/handle/11393/276775,BLOCKED,403,,2026-10-02,
https://uatcdn.smartcompany.com.au/?p=182865,SERVER ERROR,503,,2026-10-02,
https://uatcdn.smartcompany.com.au/?p=34292,SERVER ERROR,503,,2026-10-02,
https://uatdatansw.dac.nsw.gov.au/data/dataset/327f9982-e610-4ffe-a51c-4047e97c7e7d,FAILED,,,2026-10-02,"ReadTimeout: HTTPSConnectionPool(host='uatdatansw.dac.nsw.gov.au', port=443): Read timed out. (read timeout=25)"
https://uatdatansw.dac.nsw.gov.au/data/dataset/327f9982-e610-4ffe-a51c-4047e97c7e7d.n3,OK,200,,2026-10-02,
https://uatdatansw.dac.nsw.gov.au/data/dataset/rental-bond-data,FAILED,,,2026-10-02,"ReadTimeout: HTTPSConnectionPool(host='uatdatansw.dac.nsw.gov.au', port=443): Read timed out. (read timeout=25)"
https://uatdatansw.dac.nsw.gov.au/data/dataset/rental-bond-lodgement,FAILED,,,2026-10-02,"ReadTimeout: HTTPSConnectionPool(host='uatdatansw.dac.nsw.gov.au', port=443): Read timed out. (read timeout=25)"
https://uatdatansw.dac.nsw.gov.au/data/dataset/rental-bond-lodgements-2018,FAILED,,,2026-10-02,"ReadTimeout: HTTPSConnectionPool(host='uatdatansw.dac.nsw.gov.au', port=443): Read timed out. (read timeout=25)"
https://uatweb.datansw.links.com.au/data/dataset/b3a7c29c-2443-461a-b474-98aeacef22a8,FAILED,,,2026-10-02,"ConnectionError: HTTPSConnectionPool(host='uatweb.datansw.links.com.au', port=443): Max retries exceeded with url: /data/dataset/b3a7c29c-2443-461a-b474-98aeacef22a8 ("
https://uatweb.datansw.links.com.au/data/dataset/e0d84430-74d0-4350-a577-ce86dd9cf935,FAILED,,,2026-10-02,"ConnectionError: HTTPSConnectionPool(host='uatweb.datansw.links.com.au', port=443): Max retries exceeded with url: /data/dataset/e0d84430-74d0-4350-a577-ce86dd9cf935 ("
https://uatweb.datansw.links.com.au/data/dataset/rental-bond-data,FAILED,,,2026-10-02,"ConnectionError: HTTPSConnectionPool(host='uatweb.datansw.links.com.au', port=443): Max retries exceeded with url: /data/dataset/rental-bond-data (Caused by NameResolu"
https://uatweb.datansw.links.com.au/data/dataset/rental-bond-data/resource/78984796-35b5-42b1-88c4-6db2569e9348,FAILED,,,2026-10-02,"ConnectionError: HTTPSConnectionPool(host='uatweb.datansw.links.com.au', port=443): Max retries exceeded with url: /data/dataset/rental-bond-data/resource/78984796-35b"
https://uatweb.datansw.links.com.au/data/dataset/rental-bond-lodgements-2018,FAILED,,,2026-10-02,"ConnectionError: HTTPSConnectionPool(host='uatweb.datansw.links.com.au', port=443): Max retries exceeded with url: /data/dataset/rental-bond-lodgements-2018 (Caused by"
https://uclahousingvoice.buzzsprout.com/1745274/episodes/16563995-ep-85-wildfires-displacement-and-housing-prices-with-hannah-hennighausen,OK,200,,2026-10-02,
https://uhero.hawaii.edu/the-inter-regional-economic-impact-of-the-reduction-in-tourism-following-the-maui-wildfires/,OK,200,,2026-10-02,
https://uhero.hawaii.edu/wp-content/uploads/2023/09/23Q3_Press.pdf,OK,200,,2026-10-02,
https://uhero.hawaii.edu/wp-content/uploads/2024/10/OneYearAfterTheWildfires.pdf,OK,200,,2026-10-02,
https://uhero.hawaii.edu/wp-content/uploads/2025/08/ProgressAndVulnerabilityTwoYearsAfterTheWildfires.pdf,OK,200,,2026-10-02,
https://uk.news.yahoo.com/john-barilaro-given-24-hours-005934037.html,OK,200,,2026-10-02,
https://unimelb.edu.au/cdmps/news/news-items/test-news-item-1,BLOCKED,403,,2026-10-02,
https://unstats.un.org/sdgs/metadata/files/Metadata-01-05-02.pdf,OK,200,,2026-10-02,
https://uphelp.org/homeowners-urged-to-avoid-underinsurance-as-rebuilding-costs-rise/,BLOCKED,403,,2026-10-02,
https://uphelp.org/homeowners-urged-to-avoid-underinsurance-as-rebuilding-costs-rise/?print=pdf,BLOCKED,403,,2026-10-02,
https://uphelp.org/wp-content/uploads/2020/11/camp_fire_housing_study_-_final_9-1-20.pdf,OK,200,,2026-10-02,
https://upperlachlan.nsw.gov.au/council/plans-and-reports/,OK,200,,2026-10-02,
https://upperlachlan.nsw.gov.au/latest-news/landholders-share-their-experiences-and-gain-assistance/,OK,200,,2026-10-02,
https://upperlachlan.nsw.gov.au/latest-news/ulsc-financial-statements-2021-2022/,OK,200,,2026-10-02,
https://upperlachlan.nsw.gov.au/wp-content/uploads/2022/11/Annexure-A-Audited-Financial-Statements-2023-2024.pdf,OK,200,,2026-10-02,
https://upperlachlan.nsw.gov.au/wp-content/uploads/2022/11/Upper-Lachlan-Shire-Council-Financial-Statements-2022-23.pdf,OK,200,,2026-10-02,
https://uralla.prelive.opencities.com/files/assets/public/v/1/council/council-information/strategic-planning-and-reporting/uint-25-29814-uralla-shire-council-financial-statements-2024-25-audited.pdf,OK,200,,2026-10-02,
https://urban.com.au/expert-insights/how-do-bushfires-impact-property-prices-realestate-com-aus-nerida-conisbee,OK,200,https://www.apartments.com.au/expert-insights/how-do-bushfires-impact-property-prices-realestate-com-aus-nerida-conisbee,2026-10-02,
https://uss-lib-sbprod1.uoregon.edu/items/849975ab-7add-41f9-b814-bd891b9fe321/full,FAILED,,,2026-10-02,"ConnectionError: HTTPSConnectionPool(host='uss-lib-sbprod1.uoregon.edu', port=443): Max retries exceeded with url: /items/849975ab-7add-41f9-b814-bd891b9fe321/full (Ca"
https://uwa.edu.au/news/article/2021/october/survey-reveals-mental-health-impact-of-black-summer-fires-on-emergency-workers,OK,200,https://www.uwa.edu.au/news/article/2021/october/survey-reveals-mental-health-impact-of-black-summer-fires-on-emergency-workers,2026-10-02,
https://uwe-repository.worktribe.com/OutputFile/11914674,BLOCKED,403,,2026-10-02,
https://valuation.property.nsw.gov.au/embed/propertySalesInformation,OK,200,,2026-10-02,
https://vawnet.org/material/hidden-disaster-domestic-violence-aftermath-natural-disaster,OK,200,,2026-10-02,
https://vgls.sdp.sirsidynix.net.au/client/search/asset/1162341,OK,200,,2026-10-02,
https://vgls.sdp.sirsidynix.net.au/client/search/asset/1290067,OK,200,,2026-10-02,
https://vic.gov.au/10-years-beyond-bushfires-report,OK,200,https://www.vic.gov.au/10-years-beyond-bushfires-report,2026-10-02,
https://victimsservices.justice.nsw.gov.au/content/dam/dcj/bocsar/documents/publications/rcs/rcs-annual/rcs07.pdf,OK,200,https://www.nsw.gov.au/departments-and-agencies/victims-services,2026-10-02,
https://vinnies.org.au/nsw/articles/vinnies-bushfire-appeal-how-we-re-helping,OK,200,https://www.vinnies.org.au/nsw/articles/vinnies-bushfire-appeal-how-we-re-helping,2026-10-02,
https://volunteerfirefighters.org.au/?p=9648,OK,200,https://volunteerfirefighters.org.au/amta-submission-to-the-royal-commission,2026-10-02,
https://volunteerfirefighters.org.au/?p=9770,OK,200,https://volunteerfirefighters.org.au/news-roundup-may-12,2026-10-02,
https://volunteerfirefighters.org.au/amta-submission-to-the-royal-commission,OK,200,,2026-10-02,
https://volunteerfirefighters.org.au/category/enquiries-and-recommendations/page/3,OK,200,,2026-10-02,
https://volunteerfirefighters.org.au/news-roundup-may-12,OK,200,,2026-10-02,
https://wagga.nsw.gov.au/__data/assets/pdf_file/0003/101991/Annual-Financial-Statements-2017-18-Wagga-Wagga-City-Council.pdf,BLOCKED,403,,2026-10-02,
https://wagga.nsw.gov.au/__data/assets/pdf_file/0006/269412/Annual-Financial-Statements-2022-23-Wagga-Wagga-City-Council.pdf,BLOCKED,403,,2026-10-02,
https://wagga.nsw.gov.au/__data/assets/pdf_file/0007/298321/Annual-Financial-Statements-2023-24-Wagga-Wagga-City-Council.pdf,BLOCKED,403,,2026-10-02,
https://wagga.nsw.gov.au/__data/assets/pdf_file/0009/49869/Wagga-Wagga-City-Council-Financial-Statements-2015-16.pdf,BLOCKED,403,,2026-10-02,
https://wagga.nsw.gov.au/__data/assets/pdf_file/0010/69598/Wagga-Wagga-City-Council-Financial-Statements-2016-17.pdf,BLOCKED,403,,2026-10-02,
https://wagga.nsw.gov.au/__data/assets/pdf_file/0017/226115/Annual_Financial_Statements_2021-22_-_Wagga_Wagga_City_Council.pdf,BLOCKED,403,,2026-10-02,
https://wagga.nsw.gov.au/city-of-wagga-wagga/council-meetings,BLOCKED,403,,2026-10-02,
https://wagga.nsw.gov.au/imagesfiles/documents/the-council/planning-and-reporting/financial-statements/Annual-Financial-Statements-2023-24-Wagga-Wagga-City-Council.pdf,BLOCKED,403,,2026-10-02,
https://wagga.nsw.gov.au/imagesfiles/documents/the-council/planning-and-reporting/financial-statements/Wagga-Wagga-City-Council-Financial-Statements-2015-16.pdf,BLOCKED,403,,2026-10-02,
https://walcha.nsw.gov.au/2023-2024-financial-statements/,OK,200,,2026-10-02,
https://walcha.nsw.gov.au/council/agendas-minutes/agendas-business-papers/,OK,200,,2026-10-02,
https://walcha.nsw.gov.au/council/agendas-minutes/agendas-business-papers/2018-business-papers/,OK,200,,2026-10-02,
https://walcha.nsw.gov.au/council/agendas-minutes/agendas-business-papers/2019-business-papers-agendas/,OK,200,,2026-10-02,
https://walcha.nsw.gov.au/council/agendas-minutes/agendas-business-papers/2019-business-papers/,BROKEN,404,,2026-10-02,
https://walcha.nsw.gov.au/council/agendas-minutes/agendas-business-papers/2020-business-papers-agendas/,OK,200,,2026-10-02,
https://walcha.nsw.gov.au/council/agendas-minutes/agendas-business-papers/2021-business-papers/,OK,200,,2026-10-02,
https://walcha.nsw.gov.au/council/agendas-minutes/agendas-business-papers/2022-business-papers/,OK,200,,2026-10-02,
https://walcha.nsw.gov.au/council/council-documents-walcha/annual-reports/,OK,200,,2026-10-02,
https://walcha.nsw.gov.au/council/financial-statements/,OK,200,,2026-10-02,
https://walcha.nsw.gov.au/wp-content/uploads/2022/11/February-2019-Report-6.3-Attachment-Quarterly-Budget-Review.pdf,OK,200,,2026-10-02,
https://walcha.nsw.gov.au/wp-content/uploads/2022/11/May-2019-Ordinary-Meeting-Item-6.1-Attachment-Quarterly-Review.pdf,OK,200,,2026-10-02,
https://walcha.nsw.gov.au/wp-content/uploads/2022/11/October-2018-Report-6.1-Attachment-QBRS.pdf,OK,200,,2026-10-02,
https://walcha.nsw.gov.au/wp-content/uploads/2022/12/2020-2021-Annual-Report-Appendix-C-GPFS.pdf,OK,200,,2026-10-02,
https://walcha.nsw.gov.au/wp-content/uploads/2022/12/Annual-Financial-Statements-GPFS-2019-2020.pdf,OK,200,,2026-10-02,
https://walcha.nsw.gov.au/wp-content/uploads/2022/12/February-2021-Ordinary-Meeting-Business-Paper-24022021.pdf,OK,200,,2026-10-02,
https://walcha.nsw.gov.au/wp-content/uploads/2022/12/February-2022-Ordinary-Meeting-Attachments.pdf,OK,200,,2026-10-02,
https://walcha.nsw.gov.au/wp-content/uploads/2022/12/Item-6.1-QBRS-01102019-31122019.pdf,OK,200,,2026-10-02,
https://walcha.nsw.gov.au/wp-content/uploads/2022/12/May-2022-Ordinary-Meeting-Business-Paper-Attachments.pdf,OK,200,,2026-10-02,
https://walcha.nsw.gov.au/wp-content/uploads/2022/12/May20-Rpt-6.1-Att-QBRS-as-at-30-March-2020.pdf,OK,200,,2026-10-02,
https://walcha.nsw.gov.au/wp-content/uploads/2022/12/May21-Quarterly-Budget-Review-Statements.pdf,OK,200,,2026-10-02,
https://walcha.nsw.gov.au/wp-content/uploads/2022/12/November-2020-Quarterly-Budget-Review-Statements-as-at-30-September-2020.pdf,OK,200,,2026-10-02,
https://walcha.nsw.gov.au/wp-content/uploads/2022/12/November-2021-Item-6.1-Attachment-QBRS-01072021-to-30092021.pdf,OK,200,,2026-10-02,
https://walcha.nsw.gov.au/wp-content/uploads/2022/12/Rpt-6.1-QBRS-as-at-30-September-2019.pdf,OK,200,,2026-10-02,
https://walcha.nsw.gov.au/wp-content/uploads/2022/12/WC-GPFS-20182019.pdf,OK,200,,2026-10-02,
https://walcha.nsw.gov.au/wp-content/uploads/2023/05/Annual_Financial_Statements-GPFS-2022.pdf,OK,200,,2026-10-02,
https://walcha.nsw.gov.au/wp-content/uploads/2023/12/WC-20222023-AR-Appendix-B-GPFS-2023.pdf,OK,200,,2026-10-02,
https://walcha.nsw.gov.au/wp-content/uploads/2024/10/Annual_Financial_Statements-GPFS-2024.pdf,OK,200,,2026-10-02,
https://warrumbungle.nsw.gov.au/files/assets/public/v/1/our-council/publications-amp-reports/annual-financial-statements-2019-2020.pdf,BLOCKED,403,https://www.warrumbungle.nsw.gov.au/files/assets/public/v/1/our-council/publications-amp-reports/annual-financial-statements-2019-2020.pdf,2026-10-02,
https://warrumbungle.nsw.gov.au/files/assets/public/v/1/our-council/publications-amp-reports/annual-financial-statements-2021-2022.pdf,BLOCKED,403,https://www.warrumbungle.nsw.gov.au/files/assets/public/v/1/our-council/publications-amp-reports/annual-financial-statements-2021-2022.pdf,2026-10-02,
https://wayback.archive-it.org/22771/20240423201346/https://www.opengov.nsw.gov.au/download/14743,OK,200,,2026-10-02,
https://wayback.archive-it.org/22771/20240423201346/https://www.opengov.nsw.gov.au/download/14785,OK,200,,2026-10-02,
https://wayback.archive-it.org/22771/20240423201346/https://www.opengov.nsw.gov.au/download/15213,OK,200,,2026-10-02,
https://wayback.archive-it.org/22771/20240423201346/https://www.opengov.nsw.gov.au/download/15718,OK,200,,2026-10-02,
https://web.archive.org/web/,BLOCKED,429,,2026-10-02,
https://web.archive.org/web/2019/https://www.emergency.nsw.gov.au/Pages/publications/natural-disaster-declarations/2009-2010.aspx,BLOCKED,429,,2026-10-02,
https://web.archive.org/web/20190313085014/https://www.emergency.nsw.gov.au/Pages/publications/natural-disaster-declarations/2017-2018.aspx,BLOCKED,429,,2026-10-02,
https://web.archive.org/web/2020/https://www.emergency.nsw.gov.au/Pages/publications/natural-disaster-declarations/2012-2013.aspx,BLOCKED,429,,2026-10-02,
https://web.archive.org/web/2020/https://www.emergency.nsw.gov.au/Pages/publications/natural-disaster-declarations/2013-2014.aspx,BLOCKED,429,,2026-10-02,
https://web.archive.org/web/20210306024308id_/https://www.bushfirerecovery.gov.au/sites/default/files/video-gallery/NSW%20-%20LGA%20profiles%20-%20data%20as%20at%2031%20December%202020.docx,OK,200,,2026-10-02,
https://web.archive.org/web/2021id_/https://begavalley.nsw.gov.au/council/second-anniversary-of-black-summer-bushfires,BLOCKED,429,,2026-10-02,
https://web.archive.org/web/2021id_/https://www.begavalley.nsw.gov.au/page.asp?p=DOC-CHO-08-83-64,BLOCKED,429,,2026-10-02,
https://web.archive.org/web/2021id_/https://www.begavalley.nsw.gov.au/page.asp?p=DOC-RXI-35-20-01,BLOCKED,429,,2026-10-02,
https://web.archive.org/web/2021id_/https://www.begavalley.nsw.gov.au/page.asp?p=DOC-VMC-36-21-02,BLOCKED,429,,2026-10-02,
https://web.archive.org/web/2021id_/https://www.bushfirerecovery.gov.au/sites/default/files/video-gallery/NSW%20-%20LGA%20profiles%20-%20data%20as%20at%2031%20December%202020.docx,BLOCKED,429,,2026-10-02,
https://web.archive.org/web/2021id_/https://www.clarence.nsw.gov.au/Emergency-management/Recover/Disaster-recovery/2019-bushfire-recovery,BLOCKED,429,https://web.archive.org/web/20240720134058id_/https://www.clarence.nsw.gov.au/Emergency-management/Recover/Disaster-recovery/2019-bushfire-recovery,2026-10-02,
https://web.archive.org/web/2021id_/https://www.esc.nsw.gov.au/__data/assets/pdf_file/0007/160477/Eurobodalla-Recovery-Plan.pdf,BLOCKED,429,,2026-10-02,
https://web.archive.org/web/2021id_/https://www.kempsey.nsw.gov.au/files/sharedassets/public/docs/departments/corporate-performance/planning-amp-reporting/annual-report/2019-2020-annual-report-part-a.pdf,OK,200,https://web.archive.org/web/20211109073543id_/https://www.kempsey.nsw.gov.au/files/sharedassets/public/docs/departments/corporate-performance/planning-amp-reporting/annual-report/2019-2020-annual-report-part-a.pdf,2026-10-02,
https://web.archive.org/web/2021id_/https://www.snowyvalleys.nsw.gov.au/files/assets/public/meeting-minutes-amp-agendas/council-meeting-attachments/20200128/20200128-business-paper-extraordinary-council.pdf,BLOCKED,429,,2026-10-02,
https://web.archive.org/web/2022id_/https://www.hawkesbury.nsw.gov.au/__data/assets/pdf_file/0020/144083/20200225AT1toItem028.pdf,BLOCKED,429,https://web.archive.org/web/20221101163126id_/https://www.hawkesbury.nsw.gov.au/__data/assets/pdf_file/0020/144083/20200225AT1toItem028.pdf,2026-10-02,
https://web.archive.org/web/20230423195839/https://fireaviation.com/2015/12/14/thor-builds-retardant-line-in-australia/,BLOCKED,429,,2026-10-02,
https://web.archive.org/web/20231016051727/https://www.nbnnews.com.au/2023/10/16/firefighters-battle-blaze-near-byron-bays-iconic-coastline-for-third-day/,BLOCKED,429,,2026-10-02,
https://web.archive.org/web/20250316122020/https://www.disasterassist.gov.au/Pages/singleton-muswellbrook-bushfires-commencing-27122024.aspx,OK,200,,2026-10-02,
https://web.dev.salvationarmy.org.au/news-importer/christmas/christmas-stories/one-year-on-salvos-help-rebuild-lives-impacted-by-black-summer-bushfires/,BROKEN,404,,2026-10-02,
https://webcast.qprc.nsw.gov.au/archive/video19-1127.php,OK,200,,2026-10-02,
https://webcast.shoalhaven.nsw.gov.au/archive/video20-0324.php,OK,200,,2026-10-02,
https://webdocs.bankstown.nsw.gov.au/api/publish?documentPath=aHR0cDovL2lzaGFyZS9zaXRlcy9Db21tdW5pY2F0aW9ucy9QdWJsaWNhdGlvbnMvV2Vic2l0ZSBEb2N1bWVudHMvMjAyMC0yMSBBbm51YWxfRmluYW5jaWFsX1N0YXRlbWVudHMtR1BGUyBhbmQgU1MtMjktMTAtMjAyMS5wZGY=&title=2020-21%20Annual_Financial_Statements-GPFS%20and%20SS-29-10-2021.pdf,OK,200,,2026-10-02,
https://webdocs.bankstown.nsw.gov.au/api/publish?documentPath=aHR0cDovL2lzaGFyZS9zaXRlcy9Db21tdW5pY2F0aW9ucy9QdWJsaWNhdGlvbnMvV2Vic2l0ZSBEb2N1bWVudHMvQ2FudGVyYnVyeS1CYW5rc3Rvd24gQ291bmNpbCAtIEZpbmFuY2lhbCBTdGF0ZW1lbnRzIC0gMjAyMi0yMy5wZGY=&title=Canterbury-Bankstown%20Council%20-%20Financial%20Statements%20-%202022-23.pdf,OK,200,,2026-10-02,
https://webdocs.bankstown.nsw.gov.au/api/publish?documentPath=aHR0cDovL2lzaGFyZS9zaXRlcy9GaW5hbmNpYWxTZXJ2aWNlcy9GaW5hbmNpYWwgUmVwb3J0aW5nL0FubnVhbCBGaW5hbmNpYWwgU3RhdGVtZW50cy8yMDE3IDIwMTggQW5udWFsIEZpbmFuY2lhbCBTdGF0ZW1lbnRzL0NCQ19HZW5lcmFsIFB1cnBvc2UgRmluYW5jaWFsIFN0YXRlbWVudHNfMTcxOC5wZGY=&title=CBC_General%20Purpose%20Financial%20Statements_1718.pdf,OK,200,,2026-10-02,
https://webdocs.bankstown.nsw.gov.au/api/publish?documentPath=aHR0cDovL2lzaGFyZS9zaXRlcy9QbGFubmluZy9pcC9Bbm51YWwgUmVwb3J0LzIwMTgtMTkgQW5udWFsIFJlcG9ydC9DQkNpdHkgMjAxOC0xOSBGaW5hbmNpYWwgU3RhdGVtZW50cy5wZGY=&title=CBCity%202018-19%20Financial%20Statements.pdf,OK,200,,2026-10-02,
https://webdocs.bankstown.nsw.gov.au/api/publish?documentPath=aHR0cDovL2lzaGFyZS9zaXRlcy9QbGFubmluZy9pcC9Bbm51YWwgUmVwb3J0LzIwMTktMjAgQW5udWFsIFJlcG9ydC9BdWRpdGVkIENhbnRlcmJ1cnkgQmFua3N0b3duIENvdW5jaWwgQW5udWFsIEZpbmFuY2lhbCBTdGF0ZW1lbnRzIDIwMjAucGRm&title=Audited%20Canterbury%20Bankstown%20Council%20Annual%20Financial%20Statements%202020.pdf,OK,200,,2026-10-02,
https://webdocs.bankstown.nsw.gov.au/api/publish?documentPath=aHR0cDovL2lzaGFyZS9zaXRlcy9QbGFubmluZy9pcC9Bbm51YWwgUmVwb3J0LzIwMjEtMjIgQW5udWFsIFJlcG9ydC8yMDIxLTIyIENhbnRlcmJ1cnktQmFua3N0b3duIENvdW5jaWwgLSBGaW5hbmNpYWwgU3RhdGVtZW50cy5wZGY=&title=2021-22%20Canterbury-Bankstown%20Council%20-%20Financial%20Statements.pdf,OK,200,,2026-10-02,
https://webdocs.bankstown.nsw.gov.au/api/publish?documentPath=aHR0cDovL2lzaGFyZS9zaXRlcy9QbGFubmluZy9pcC9Bbm51YWwgUmVwb3J0LzIwMjMtMjQgQW5udWFsIFJlcG9ydC8rIDIwMjMtMjQgQW5udWFsIFJlcG9ydCAtIEZJTkFMIGluY2x1ZGluZyBGaW5hbmNpYWwgU3RhdGVtZW50cy5wZGY=&title=+%202023-24%20Annual%20Report%20-%20FINAL%20including%20Financial%20Statements.pdf,OK,200,,2026-10-02,
https://weforum.org/agenda/2022/10/smoke-can-harm-kids-ability-to-learn-health-exposure-climate-change,BLOCKED,403,https://www.weforum.org:443/agenda/2022/10/smoke-can-harm-kids-ability-to-learn-health-exposure-climate-change,2026-10-02,
https://westernadvocate.com.au/story/8118021/why-we-could-see-more-proactive-school-closures-in-future,OK,200,https://www.westernadvocate.com.au/story/8118021/why-we-could-see-more-proactive-school-closures-in-future/,2026-10-02,
https://wfdd.org/tags/australia-bushfires,OK,200,https://www.wfdd.org/tags/australia-bushfires,2026-10-02,
https://whealth.com.au/wp-content/uploads/2020/08/Gut-Feeling-Vol-4-the-workers.pdf,OK,200,https://www.whealth.com.au/wp-content/uploads/2020/08/Gut-Feeling-Vol-4-the-workers.pdf,2026-10-02,
https://wisemans.org.au/terraborra-north-fire-nth-colo-heights/,FAILED,,,2026-10-02,"SSLError: HTTPSConnectionPool(host='wisemans.org.au', port=443): Max retries exceeded with url: /terraborra-north-fire-nth-colo-heights/ (Caused by SSLError(SSL"
https://wol.iza.org/opinions/air-pollution-and-the-labor-market/,OK,200,https://wol.iza.org/opinions/air-pollution-and-the-labor-market,2026-10-02,
https://wollondilly.cdn.greenhousecreative.au/assets/Documents-NEW/Council/Corporate-Planning-and-Reporting/Annual_Financial_Statements_NotePN_Public_Notice_Presentation_of_Financial_Statements.pdf,OK,200,,2026-10-02,
https://wollondilly.cdn.greenhousecreative.au/assets/Documents-NEW/Council/Corporate-Planning-and-Reporting/Wollondilly-Shire-Council-Annual-Financial-Statements-30.06.2024.pdf,OK,200,,2026-10-02,
https://wollondilly.nsw.gov.au/assets/Documents-NEW/Council/Advertisements/Annual_Financial_Statements_NotePN_Public_Notice_Presentation_of_Financial_Statements.pdf,OK,200,https://www.wollondilly.nsw.gov.au/assets/Documents-NEW/Council/Advertisements/Annual_Financial_Statements_NotePN_Public_Notice_Presentation_of_Financial_Statements.pdf,2026-10-02,
https://wollondilly.nsw.gov.au/council/corporate-planning-and-reporting/councils-financial-statements,OK,200,https://www.wollondilly.nsw.gov.au/council/corporate-planning-and-reporting/councils-financial-statements,2026-10-02,
https://wollongong.nsw.gov.au/council/council-documents/reports/financial-report,BLOCKED,403,,2026-10-02,
https://womensagenda.com.au/?p=81027,OK,200,https://womensagenda.com.au/climate/domestic-violence-rates-increase-after-climate-disasters-new-study-finds/,2026-10-02,
https://womensagenda.com.au/latest/domestic-violence-will-spike-in-the-bushfire-aftermath-and-governments-can-no-longer-ignore-it/,OK,200,,2026-10-02,
https://womensagenda.com.au/life/domestic-violence-will-spike-in-the-bushfire-aftermath-and-governments-can-no-longer-ignore-it/,OK,200,,2026-10-02,
https://woodsolutions.com.au/impact-natural-hazards,FAILED,404,,2026-10-02,"SSLError: HTTPSConnectionPool(host='woodsolutions.com.au', port=443): Max retries exceeded with url: /impact-natural-hazards (Caused by SSLError(SSLError(1, '[S"
https://wrd.unwomen.org/explore/insights/australia-domestic-violence-will-spike-bushfire-aftermath-and-governments-can-no,BLOCKED,403,,2026-10-02,
https://wsc.nsw.gov.au/Council/Policies-Strategies-and-Reports/Council-Reports,BLOCKED,403,https://www.wsc.nsw.gov.au/Council/Policies-Strategies-and-Reports/Council-Reports,2026-10-02,
https://wsc.nsw.gov.au/files/assets/public/v/2/council/progress-reports/wingecarribee-annual_financial_statements-2024.pdf,BLOCKED,403,https://www.wsc.nsw.gov.au/files/assets/public/v/2/council/progress-reports/wingecarribee-annual_financial_statements-2024.pdf,2026-10-02,
https://wslhd.intersearch.com.au/wslhdjspui/handle/1/8400?mode=full,OK,200,,2026-10-02,
https://www.4bc.com.au/?p=124569,OK,200,https://www.4bc.com.au/podcast/andrew-constance-reminiscing-last-years-bushfires/,2026-10-02,
https://www.abc.net.au/btn/classroom/20200204-ep1-btn/11911010,OK,200,,2026-10-02,
https://www.abc.net.au/emergency/warning/a65c53ca-cb5e-11ef-84d2-06bc53d7f5d7,OK,200,,2026-10-02,
https://www.abc.net.au/emergency/warning/nsw/AUREMER-9955c67c4bde7ea08c04ca5f0da4e244,OK,200,,2026-10-02,
https://www.abc.net.au/emergency/warning/nsw/AUREMER-e90257b3495c381ec5f6d845df7a0cd0,OK,200,,2026-10-02,
https://www.abc.net.au/news/2009-12-31/power-lines-blamed-for-toodyay-bushfire/1194258,OK,200,,2026-10-02,
https://www.abc.net.au/news/2013-01-05/tragic-scenes-as-fires-destroy-homes/4453980,OK,200,,2026-10-02,
https://www.abc.net.au/news/2013-10-17/homes-destroyed-as-blazes-rip-through-nsw/5030158,OK,200,,2026-10-02,
https://www.abc.net.au/news/2013-10-22/children-to-face-court-over-heatherbrae-fire-catastrophe/5036894,OK,200,,2026-10-02,
https://www.abc.net.au/news/2014-10-17/remembering-the-blue-mountains-bushfires-one-year-on/5819100,OK,200,,2026-10-02,
https://www.abc.net.au/news/2015-01-12/black-saturday-infrastructure-marysville-cautionary-tale-sa-fire/6013114,OK,200,,2026-10-02,
https://www.abc.net.au/news/2015-09-28/nsw-coroner-unable-to-find-cause-of-coonabarabran-bushfire/6809016,OK,200,,2026-10-02,
https://www.abc.net.au/news/2016-01-23/all-clear-given-for-devastating-western-australian-bushfire/7109708,OK,200,,2026-10-02,
https://www.abc.net.au/news/2016-11-07/nsw-firefighters-to-battle-blazes-throughout-night/8000704,OK,200,,2026-10-02,
https://www.abc.net.au/news/2017-02-17/carwoola-grassfire-destroys-homes-near-queanbeyan/8280414,OK,200,,2026-10-02,
https://www.abc.net.au/news/2017-02-19/crews-contain-carwoola-blaze-but-11-homes-destroyed/8283848,OK,200,,2026-10-02,
https://www.abc.net.au/news/2017-08-16/nsw-fires-2017-sir-ivan-fire-recovery/8810284,OK,200,,2026-10-02,
https://www.abc.net.au/news/2017-09-25/homes-destroyed-in-ferocious-nsw-bushfire-near-comboyne/8981026,OK,200,,2026-10-02,
https://www.abc.net.au/news/2017-09-26/comboyne-opens-doors-to-bushfire-affected-families/8986492,OK,200,,2026-10-02,
https://www.abc.net.au/news/2017-10-18/adequate-bushfire-insurance-makes-difference-when-disaster-hits/9058628,OK,200,,2026-10-02,
https://www.abc.net.au/news/2018-05-23/royal-national-park-recovering-from-bushfire/9786674,OK,200,,2026-10-02,
https://www.abc.net.au/news/2018-08-16/houses-destroyed-bega-fire/10129172,OK,200,,2026-10-02,
https://www.abc.net.au/news/2018-08-16/nsw-fires-shock-nowra-as-authorities-warn-conditions-dangerous/10123456,OK,200,,2026-10-02,
https://www.abc.net.au/news/2018-08-19/nsw-bushfires-salt-ash-blaze-downgraded/10137646,OK,200,,2026-10-02,
https://www.abc.net.au/news/2018-11-22/salt-ash-bushfire-emergency-in-nsw-hunter-region-/10545264,OK,200,,2026-10-02,
https://www.abc.net.au/news/2019-02-03/aberfeldy-fire-coronial-report/10767938,OK,200,,2026-10-02,
https://www.abc.net.au/news/2019-02-15/nsw-fires-leave-tingha-and-tabulam-residents-shocked/10813476,OK,200,,2026-10-02,
https://www.abc.net.au/news/2019-03-09/bunyip-south-yinnar-fires-declared-catastrophe-for-insurance/10886216,OK,200,,2026-10-02,
https://www.abc.net.au/news/2019-03-09/bunyip-state-park-fire-destroyed-29-houses-authorities-confirm/10884798,OK,200,,2026-10-02,
https://www.abc.net.au/news/2019-08-14/four-homes-lost-to-bushfires-already-this-winter/11412296,OK,200,,2026-10-02,
https://www.abc.net.au/news/2019-09-07/new-south-wales-bushfires-destroy-buildings-in-tenterfield/11488116,OK,200,,2026-10-02,
https://www.abc.net.au/news/2019-09-09/queensland-fires-sunshine-coast-stanthorpe-beechmont-binna-burra/11490356,OK,200,,2026-10-02,
https://www.abc.net.au/news/2019-11-11/nsw-bushfires-850000-hectares-destroyed-worst-to-come/11691038,OK,200,,2026-10-02,
https://www.abc.net.au/news/2019-11-13/what-you-need-to-know-about-bushfire-insurance/11699382,OK,200,,2026-10-02,
https://www.abc.net.au/news/2019-11-22/queensland-bushfire-crisis-nsw-fires-cost-insurance-damage-bill/11725920,OK,200,,2026-10-02,
https://www.abc.net.au/news/2019-11-22/queensland-bushfires-emergency-destroys-homes-ravensbourne/11718954,OK,200,,2026-10-02,
https://www.abc.net.au/news/2019-12-07/esperance-bushfires-2015-inquest-fire-coronial-report-coroner/11767300,OK,200,,2026-10-02,
https://www.abc.net.au/news/2020-01-06/bushfires-in-victoria-destroy-at-least-200-homes/11844292,OK,200,,2026-10-02,
https://www.abc.net.au/news/2020-01-07/crisis-of-underinsurance-threatens-to-scar-rural-australia/11844992,OK,200,,2026-10-02,
https://www.abc.net.au/news/2020-01-22/fires-in-australia-home-insurance-rethink/11877742,OK,200,,2026-10-02,
https://www.abc.net.au/news/2020-01-30/race-to-harvest-riverina-pine-damaged-by-bushfires/11905456,OK,200,,2026-10-02,
https://www.abc.net.au/news/2020-01-31/nsw-balranald-council-placed-under-administration-after-inquiry/11912656,OK,200,,2026-10-02,
https://www.abc.net.au/news/2020-02-04/nsw-govt-pays-council-rates-waives-rebuilding-fees-after-fires/11928126,OK,200,,2026-10-02,
https://www.abc.net.au/news/2020-03-27/burning-during-total-fire-ban-caused-bushfire-destroyed-18-homes/12093952,OK,200,,2026-10-02,
https://www.abc.net.au/news/2020-07-30/macleay-valley-recovery-hub-opens-in-west-kempsey/12506128,OK,200,,2026-10-02,
https://www.abc.net.au/news/2020-08-23/bushfire-season-in-top-five-for-insurance-payouts/12578860,OK,200,,2026-10-02,
https://www.abc.net.au/news/2020-10-30/nsw-government-suspends-central-coast-council-over-debt/12832878,OK,200,,2026-10-02,
https://www.abc.net.au/news/2020-11-08/mid-north-coast-communities-recover-from-bushfire/12856630,OK,200,,2026-10-02,
https://www.abc.net.au/news/2020-12-28/black-summer-bushfire-survivors-rebuild-twelve-months-on/13016450,OK,200,,2026-10-02,
https://www.abc.net.au/news/2020-12-29/underinsured-conjola-residents-struggle-to-rebuild-nsw-bushfires/13006406,OK,200,,2026-10-02,
https://www.abc.net.au/news/2021-01-03/black-summer-remembered-south-coast-nsw-bushfires/13011334,OK,200,,2026-10-02,
https://www.abc.net.au/news/2021-01-29/scotsburn-bushfire-victims-get--compensation-five-years-later/13101888,OK,200,,2026-10-02,
https://www.abc.net.au/news/2021-03-04/mayors-seek-federal-help-on-disaster-clean-up-and-climate-change/13211908,OK,200,,2026-10-02,
https://www.abc.net.au/news/2021-05-13/wingecarribee-council-misspent-bushfire-recovery-funds-/100136084,OK,200,,2026-10-02,
https://www.abc.net.au/news/2022-04-03/mallacoota-housing-crisis-deepens-black-summer-fires/100955180,OK,200,,2026-10-02,
https://www.abc.net.au/news/2022-05-18/flood-bushfire-victims-insurance-affordability-federal-election/101072990,OK,200,,2026-10-02,
https://www.abc.net.au/news/2022-07-14/wingecarribee-councillors-sacked/101236902,OK,200,,2026-10-02,
https://www.abc.net.au/news/2022-10-11/kiama-council-on-notice-nsw-government-financial-mismanagement/101523364,OK,200,,2026-10-02,
https://www.abc.net.au/news/2023-02-12/grassfire-wee-jasper-yass-nsw-southern-tablelands-lightning/101962982,OK,200,,2026-10-02,
https://www.abc.net.au/news/2023-02-17/cowra-fire-threatens-properties-homes/101988150,OK,200,,2026-10-02,
https://www.abc.net.au/news/2023-03-15/hill-end-fire-toll-homes-destroyed-sheep-euthanased/102086476,OK,200,,2026-10-02,
https://www.abc.net.au/news/2023-03-17/nsw-taralga-fire-craigs-road-curraweela-downgraded-advice-level/102107548,OK,200,,2026-10-02,
https://www.abc.net.au/news/2023-06-05/selwyn-snow-resort-returns-to-snowy-mountains-after-bushires/102425588,OK,200,,2026-10-02,
https://www.abc.net.au/news/2023-07-04/central-darling-shire-council-administration-review-nsw-gov/102560114,OK,200,,2026-10-02,
https://www.abc.net.au/news/2023-08-11/yankees-gap-bushfire-coronial-inquiry-bega-valley-burn-off/102709748,OK,200,,2026-10-02,
https://www.abc.net.au/news/2023-09-14/rfs-decision-to-leave-yankees-gap-fire-questioned-nsw-inquiry/102857510,OK,200,,2026-10-02,
https://www.abc.net.au/news/2023-10-03/bushfires-threaten-homes-hunter-bega-valley-nsw/102927450,OK,200,,2026-10-02,
https://www.abc.net.au/news/2023-10-06/coolagolite-fires-homes-destroyed/102942542,OK,200,,2026-10-02,
https://www.abc.net.au/news/2023-10-17/nsw-bushfire-claims-life-properties-reported-lost/102984838,OK,200,,2026-10-02,
https://www.abc.net.au/news/2023-10-19/nsw-bushfres-kempsey-fire-properties-destroyed/102996120,OK,200,,2026-10-02,
https://www.abc.net.au/news/2023-10-21/nsw-weather-preview-hot-windy-bom-rfs-forecast-fire-danger/102998776,OK,200,,2026-10-02,
https://www.abc.net.au/news/2023-11-01/nsw-queensland-bushfires-wallangarra-tenterfield-tara/103046252,OK,200,,2026-10-02,
https://www.abc.net.au/news/2023-11-02/authorities-investigate-series-of-bushfires-gulgong-ulan-cope/103053778,OK,200,,2026-10-02,
https://www.abc.net.au/news/2023-11-03/homes-destroyed-fire-tenterfield-bushfire/103059872,OK,200,,2026-10-02,
https://www.abc.net.au/news/2023-11-16/nsw-fire-volunteer-death/103116168,OK,200,,2026-10-02,
https://www.abc.net.au/news/2023-12-15/hunter-valley-home-tyre-shop-destroyed-hunter-valley-bushfires/103232172,OK,200,,2026-10-02,
https://www.abc.net.au/news/2023-12-19/pilliga-bushfire-emergency-creates-pyrocumulonimbus-thunderstorm/103245060,OK,200,,2026-10-02,
https://www.abc.net.au/news/2024-01-15/grawin-opal-fields-bushfire-recovery/103284620,OK,200,,2026-10-02,
https://www.abc.net.au/news/2024-01-26/bushfire-burning-wooli-minnie-water-nsw-mid-north-coast/103394540,OK,200,,2026-10-02,
https://www.abc.net.au/news/2024-02-13/black-summer-bushfires-economic-impacts-research-snowy-valleys/103446338,OK,200,,2026-10-02,
https://www.abc.net.au/news/2024-03-19/bushfire-hit-pomonal-homes-demolition-costs-may-prevent-rebuilds/103587474,OK,200,,2026-10-02,
https://www.abc.net.au/news/2025-01-14/bushfire-insurance-affordability-home-contents/104803026,OK,200,,2026-10-02,
https://www.abc.net.au/news/2025-01-14/los-angeles-wildfires-insurance-australia-costs-premiums/104804164,OK,200,,2026-10-02,
https://www.abc.net.au/news/2025-09-23/mallacoota-builders-struggle-five-years-after-black-summer-fires/105562838,OK,200,,2026-10-02,
https://www.abc.net.au/news/2025-10-02/coutts-crossing-bushfire-emergency-nsw-north-coast/105845190,OK,200,,2026-10-02,
https://www.abc.net.au/news/2025-12-07/sixteen-homes-lost-koolewong-central-coast-fire-but-maybe-more/106110700,OK,200,,2026-10-02,
https://www.abc.net.au/news/2025-12-08/npws-firefighter-killed-by-falling-tree/106113538,OK,200,,2026-10-02,
https://www.abc.net.au/news/2026-01-06/yarloop-bushfire-10-year-anniversary-marked/106155544,OK,200,,2026-10-02,
https://www.abc.net.au/news/2026-01-12/victoria-bushfire-disaster-relief-assistance/106220966,OK,200,,2026-10-02,
https://www.abc.net.au/news/2026-02-26/seasonal-bushfire-outlook-autumn-victoria-wa-nsw-at-risk/106389778,OK,200,,2026-10-02,
https://www.abc.net.au/news/rural/2021-12-04/black-summer-bushfire-recovery-building-the-farm/100662056,OK,200,,2026-10-02,
https://www.abc.net.au/news/rural/2023-12-30/forestry-communities-cant-afford-another-fire-after-black-summer/103272090,OK,200,,2026-10-02,
https://www.abc.net.au/triplej/programs/hack/south-coast-bushfires-six-months-recovery-mental-health/12440376,OK,200,,2026-10-02,
https://www.abs.gov.au/AUSSTATS/SUBSCRIBER.NSF/log?openagent&1379055001_economy_2009-2013_lga_201506.zip&1379.0.55.001&Data%20Cubes&DC45B9F767450EB4CA257E70001519A8&0&2009-13&29.06.2015&Latest,OK,200,https://www.ausstats.abs.gov.au/ausstats/subscriber.nsf/0/DC45B9F767450EB4CA257E70001519A8/$File/1379055001_economy_2009-2013_lga_201506.zip,2026-10-02,
https://www.abs.gov.au/AUSSTATS/abs@.nsf/7d12b0f6763c78caca257061001cc588/1ec3c9e33dc29cc1ca25825f00168311!OpenDocument,OK,200,,2026-10-02,
https://www.abs.gov.au/AUSSTATS/abs@.nsf/7d12b0f6763c78caca257061001cc588/34507da0ec681eacca2568a900143e07!OpenDocument,OK,200,,2026-10-02,
https://www.abs.gov.au/AUSSTATS/abs@.nsf/7d12b0f6763c78caca257061001cc588/72dd075b6c131457ca25848d000f08bb!OpenDocument,OK,200,,2026-10-02,
https://www.abs.gov.au/AUSSTATS/abs@.nsf/7d12b0f6763c78caca257061001cc588/73f27cd20e64d581ca2573b400118529!OpenDocument,OK,200,,2026-10-02,
https://www.abs.gov.au/AUSSTATS/abs@.nsf/7d12b0f6763c78caca257061001cc588/9d46ceb5b55d48f9ca2583c1000f6de3!OpenDocument,OK,200,,2026-10-02,
https://www.abs.gov.au/AUSSTATS/abs@.nsf/7d12b0f6763c78caca257061001cc588/f7d31559a53bc8a3ca25714c001283b2!OpenDocument,OK,200,,2026-10-02,
https://www.abs.gov.au/AUSSTATS/abs@.nsf/DetailsPage/1379.0.55.0012008+to+2012,OK,200,,2026-10-02,
https://www.abs.gov.au/AUSSTATS/abs@.nsf/DetailsPage/2033.0.55.0012001?OpenDocument=,OK,200,,2026-10-02,
https://www.abs.gov.au/AUSSTATS/abs@.nsf/DetailsPage/2033.0.55.0012006?OpenDocument=,OK,200,,2026-10-02,
https://www.abs.gov.au/AUSSTATS/abs@.nsf/DetailsPage/2033.0.55.0012011?OpenDocument=,OK,200,,2026-10-02,
https://www.abs.gov.au/AUSSTATS/abs@.nsf/DetailsPage/2033.0.55.0012016?OpenDocument=,OK,200,,2026-10-02,
https://www.abs.gov.au/AUSSTATS/abs@.nsf/DetailsPage/3412.02013-14,OK,200,,2026-10-02,
https://www.abs.gov.au/AUSSTATS/abs@.nsf/DetailsPage/3412.02014-15,OK,200,,2026-10-02,
https://www.abs.gov.au/AUSSTATS/abs@.nsf/DetailsPage/3412.02015-16,OK,200,,2026-10-02,
https://www.abs.gov.au/AUSSTATS/abs@.nsf/DetailsPage/6524.0.55.0022001-02%20to%202005-06?OpenDocument=,OK,200,,2026-10-02,
https://www.abs.gov.au/AUSSTATS/abs@.nsf/DetailsPage/6524.0.55.0022005-06%20to%202010-11?OpenDocument=,OK,200,,2026-10-02,
https://www.abs.gov.au/AUSSTATS/abs@.nsf/DetailsPage/7503.02017-18,OK,200,https://www.abs.gov.au/statistics/industry/agriculture/value-agricultural-commodities-produced-australia/latest-release,2026-10-02,
https://www.abs.gov.au/AUSSTATS/abs@.nsf/DetailsPage/8165.0Jun%202013%20to%20Jun%202017?OpenDocument=,OK,200,,2026-10-02,
https://www.abs.gov.au/AUSSTATS/abs@.nsf/Lookup/1379.0.55.001Explanatory+Notes12008+to+2012,OK,200,,2026-10-02,
https://www.abs.gov.au/AUSSTATS/abs@.nsf/Lookup/7121.0Explanatory%20Notes12017-18,OK,200,https://www.abs.gov.au/statistics/industry/agriculture/agricultural-commodities-australia/latest-release,2026-10-02,
https://www.abs.gov.au/AUSSTATS/abs@.nsf/MF/6291.0.55.003,OK,200,https://www.abs.gov.au/statistics/labour/employment-and-unemployment/labour-force-australia-detailed-quarterly/latest-release,2026-10-02,
https://www.abs.gov.au/AUSSTATS/subscriber.nsf/log?openagent&1259030001_lga09aaust_shape.zip&1259.0.30.001&Data%20Cubes&794C356BF1ABEF18CA2575F400174776&0&July%202009&16.07.2009&Latest,OK,200,https://www.ausstats.abs.gov.au/ausstats/subscriber.nsf/0/794C356BF1ABEF18CA2575F400174776/$File/1259030001_lga09aaust_shape.zip,2026-10-02,
https://www.abs.gov.au/AUSSTATS/subscriber.nsf/log?openagent&1259030002_lga06aaust_shape.zip&1259.0.30.002&Data%20Cubes&5B3D3825D195847BCA25795D0024804A&0&2006&06.12.2011&Previous,OK,200,https://www.ausstats.abs.gov.au/ausstats/subscriber.nsf/0/5B3D3825D195847BCA25795D0024804A/$File/1259030002_lga06aaust_shape.zip,2026-10-02,
https://www.abs.gov.au/AUSSTATS/subscriber.nsf/log?openagent&1270055001_mb_2016_nsw_shape.zip&1270055001&Data%20Cubes&E9FA17AFA7EB9FEBCA257FED0013A5F5&0&July%202016&12.07.2016&Latest,OK,200,https://www.ausstats.abs.gov.au/ausstats/subscriber.nsf/0/E9FA17AFA7EB9FEBCA257FED0013A5F5/$File/1270055001_mb_2016_nsw_shape.zip,2026-10-02,
https://www.abs.gov.au/AUSSTATS/subscriber.nsf/log?openagent&1270055003_lga_2011_aust_shape.zip&1270.0.55.003&Data%20Cubes&4A320EE17A293459CA257937000CC967&0&July%202011&31.10.2011&Previous,OK,200,https://www.ausstats.abs.gov.au/ausstats/subscriber.nsf/0/4A320EE17A293459CA257937000CC967/$File/1270055003_lga_2011_aust_shape.zip,2026-10-02,
https://www.abs.gov.au/AUSSTATS/subscriber.nsf/log?openagent&1379055001_economy_2010-2014_lga_201606.zip&1379.0.55.001&Data%20Cubes&5622F64E4A0E1742CA2580360016C571&0&2010-14&23.09.2016&Latest,OK,200,https://www.ausstats.abs.gov.au/ausstats/subscriber.nsf/0/5622F64E4A0E1742CA2580360016C571/$File/1379055001_economy_2010-2014_lga_201606.zip,2026-10-02,
https://www.abs.gov.au/AUSSTATS/subscriber.nsf/log?openagent&2016%20census%20mesh%20block%20counts.csv&2074.0&Data%20Cubes&1DED88080198D6C6CA2581520083D113&0&2016&04.07.2017&Latest,OK,200,https://www.ausstats.abs.gov.au/ausstats/subscriber.nsf/0/1DED88080198D6C6CA2581520083D113/$File/2016%20census%20mesh%20block%20counts.csv,2026-10-02,
https://www.abs.gov.au/AUSSTATS/subscriber.nsf/log?openagent&2033.0.55.001%20lga%20indexes.xls&2033.0.55.001&Data%20Cubes&28EF8569335AC7CDCA257BAB00136B0F&0&2011&18.07.2013&Latest,OK,200,https://www.ausstats.abs.gov.au/ausstats/subscriber.nsf/0/28EF8569335AC7CDCA257BAB00136B0F/$File/2033.0.55.001%20lga%20indexes.xls,2026-10-02,
"https://www.abs.gov.au/AUSSTATS/subscriber.nsf/log?openagent&2033055001_%20seifa,%20local%20government%20areas,%20data%20cube%20only,%202006.xls&2033.0.55.001&Data%20Cubes&D51E2B1E6FB35F1ACA25741700117816&0&2006&26.03.2008&Latest",OK,200,"https://www.ausstats.abs.gov.au/ausstats/subscriber.nsf/0/D51E2B1E6FB35F1ACA25741700117816/$File/2033055001_%20seifa,%20local%20government%20areas,%20data%20cube%20only,%202006.xls",2026-10-02,
https://www.abs.gov.au/AUSSTATS/subscriber.nsf/log?openagent&6524055002do005_200102200506.xls&6524.0.55.002&Data%20Cubes&0AFFEAA09BFF4C6ACA257521000D6348&0&2001-02%20to%202005-06&17.12.2008&Latest,OK,200,https://www.ausstats.abs.gov.au/ausstats/subscriber.nsf/0/0AFFEAA09BFF4C6ACA257521000D6348/$File/6524055002do005_200102200506.xls,2026-10-02,
https://www.abs.gov.au/AUSSTATS/subscriber.nsf/log?openagent&6524055002do007_200102200506.xls&6524.0.55.002&Data%20Cubes&DE95CA5AAF7856CBCA257521000D6544&0&2001-02%20to%202005-06&17.12.2008&Latest,OK,200,https://www.ausstats.abs.gov.au/ausstats/subscriber.nsf/0/DE95CA5AAF7856CBCA257521000D6544/$File/6524055002do007_200102200506.xls,2026-10-02,
https://www.abs.gov.au/AUSSTATS/subscriber.nsf/log?openagent&8165009.zip&8165.0&Data%20Cubes&E530CAB1491CE443CA2573B70011AD1A&0&Jun%202003%20to%20Jun%202007&21.12.2007&Latest,OK,200,https://www.ausstats.abs.gov.au/ausstats/subscriber.nsf/0/E530CAB1491CE443CA2573B70011AD1A/$File/8165009.zip,2026-10-02,
https://www.abs.gov.au/AUSSTATS/subscriber.nsf/log?openagent&8165010.xls&8165.0&Data%20Cubes&9D41158E8411707FCA2583A700121737&0&June%202014%20to%20June%202018&21.02.2019&Latest,OK,200,https://www.ausstats.abs.gov.au/ausstats/subscriber.nsf/0/9D41158E8411707FCA2583A700121737/$File/8165010.xls,2026-10-02,
https://www.abs.gov.au/AUSSTATS/subscriber.nsf/log?openagent&8165011.xls&8165.0&Data%20Cubes&E5D31A6BA7DCC7B8CA2583A7001217AF&0&June%202014%20to%20June%202018&21.02.2019&Latest,OK,200,https://www.ausstats.abs.gov.au/ausstats/subscriber.nsf/0/E5D31A6BA7DCC7B8CA2583A7001217AF/$File/8165011.xls,2026-10-02,
https://www.abs.gov.au/AUSSTATS/subscriber.nsf/log?openagent&AUS.zip&2033.0.55.001&Data%20Cubes&9C5AD93C41B4FB69CA25715B007AA9C5&0&2001&22.08.2007&Latest,OK,200,https://www.ausstats.abs.gov.au/ausstats/subscriber.nsf/0/9C5AD93C41B4FB69CA25715B007AA9C5/$File/AUS.zip,2026-10-02,
"https://www.abs.gov.au/AUSSTATS/subscriber.nsf/log?openagent&national%20regional%20profile,%20economy,%20lga,%202007-2011.zip&1379.0.55.001&Data%20Cubes&A9647037ED70FAE8CA257B75001B118B&0&2007%20to%202011&27.05.2013&Previous",OK,200,"https://www.ausstats.abs.gov.au/ausstats/subscriber.nsf/0/A9647037ED70FAE8CA257B75001B118B/$File/national%20regional%20profile,%20economy,%20lga,%202007-2011.zip",2026-10-02,
"https://www.abs.gov.au/AUSSTATS/subscriber.nsf/log?openagent&national%20regional%20profile,%20economy,%20lga,%202008-2012.zip&1379.0.55.001&Data%20Cubes&8F23880EEA1C57A1CA257D0A0011782D&0&2008%20to%202012&04.07.2014&Latest",OK,200,"https://www.ausstats.abs.gov.au/ausstats/subscriber.nsf/0/8F23880EEA1C57A1CA257D0A0011782D/$File/national%20regional%20profile,%20economy,%20lga,%202008-2012.zip",2026-10-02,
https://www.abs.gov.au/AUSSTATS/subscriber.nsf/log?openagent&nrp%202004-2009%20csv%20file.csv&1379.0.55.001&Data%20Cubes&545FE21CB8A1A642CA25785D000DE95F&0&2005%20to%202009&25.03.2011&Latest,OK,200,https://www.ausstats.abs.gov.au/ausstats/subscriber.nsf/0/545FE21CB8A1A642CA25785D000DE95F/$File/nrp%202004-2009%20csv%20file.csv,2026-10-02,
https://www.abs.gov.au/Ausstats/abs@.nsf/0/CDC7E49DBE0778A8CA258575002743F9,OK,200,https://www.abs.gov.au/statistics/industry/agriculture/value-agricultural-commodities-produced-australia/latest-release,2026-10-02,
https://www.abs.gov.au/Ausstats/abs@.nsf/7d12b0f6763c78caca257061001cc588!OpenView&Start=4432&Count=1000&Expand=4598.1,OK,200,,2026-10-02,
https://www.abs.gov.au/Ausstats/abs@.nsf/7d12b0f6763c78caca257061001cc588!OpenView&Start=4561&Count=1000&Expand=4617.49,OK,200,,2026-10-02,
https://www.abs.gov.au/Ausstats/abs@.nsf/7d12b0f6763c78caca257061001cc588/29a58fedb5d412cfca25846c0013e226!OpenDocument,OK,200,,2026-10-02,
https://www.abs.gov.au/Ausstats/abs@.nsf/7d12b0f6763c78caca257061001cc588/4ce54c8d58855799ca2584ef00162498!OpenDocument,OK,200,,2026-10-02,
https://www.abs.gov.au/Ausstats/abs@.nsf/7d12b0f6763c78caca257061001cc588/9d46ceb5b55d48f9ca2583c1000f6de3!OpenDocument,OK,200,,2026-10-02,
https://www.abs.gov.au/articles/job-vacancies-down-year-february,OK,200,,2026-10-02,
https://www.abs.gov.au/articles/retail-turnover-falls-03-cent-january,OK,200,,2026-10-02,
https://www.abs.gov.au/articles/retail-turnover-falls-05-cent-december,OK,200,,2026-10-02,
https://www.abs.gov.au/ausstats/abs@.nsf/7d12b0f6763c78caca257061001cc588/7150a7935b629153ca2573b400118ae8!OpenDocument,OK,200,,2026-10-02,
https://www.abs.gov.au/ausstats/abs@.nsf/Latestproducts/2916.0Main%20Features202016/$File/AboutDataPacks_readme.pdf,OK,200,,2026-10-02,
https://www.abs.gov.au/ausstats/abs@.nsf/Lookup/1376.0main+features6002012,OK,200,,2026-10-02,
https://www.abs.gov.au/ausstats/abs@.nsf/Lookup/2901.0Chapter47402011,OK,200,,2026-10-02,
https://www.abs.gov.au/ausstats/abs@.nsf/Lookup/2901.0Chapter47402016,OK,200,,2026-10-02,
https://www.abs.gov.au/ausstats/abs@.nsf/Lookup/by%20Subject/1270.0.55.003~June%202020~Main%20Features~Local%20Government%20Areas%20(LGAs)~3,OK,200,,2026-10-02,
https://www.abs.gov.au/ausstats/abs@.nsf/lookup/2011.0.55.001main+features1042011,OK,200,,2026-10-02,
https://www.abs.gov.au/ausstats/abs@.nsf/mf/1016.0,OK,200,https://www.abs.gov.au/articles/droughts-fires-cyclones-hailstorms-and-pandemic-march-quarter-2020,2026-10-02,
https://www.abs.gov.au/ausstats/subscriber.nsf/log?openagent&2033055001%20-%20lga%20indexes.xls&2033.0.55.001,OK,200,https://www.abs.gov.au/ausstats/abs@.nsf/WebPages/Unexpected+Error?OpenDocument,2026-10-02,
https://www.abs.gov.au/ausstats/subscriber.nsf/log?openagent&2033055001%20-%20lga%20indexes.xls&2033.0.55.001&Data%20Cubes&5604C75C214CD3D0CA25825D000F91AE&0&2016&27.03.2018&Latest,OK,200,https://www.ausstats.abs.gov.au/ausstats/subscriber.nsf/0/5604C75C214CD3D0CA25825D000F91AE/$File/2033055001%20-%20lga%20indexes.xls,2026-10-02,
https://www.abs.gov.au/ausstats/subscriber.nsf/log?openagent&6524055002do003_200506201011.xls&6524.0.55.002&Data%20Cubes&7E5B1952AA505ECDCA257C12000CA87B&0&2005-06%20to%202010-11&29.10.2013&Latest,OK,200,https://www.ausstats.abs.gov.au/ausstats/subscriber.nsf/0/7E5B1952AA505ECDCA257C12000CA87B/$File/6524055002do003_200506201011.xls,2026-10-02,
https://www.abs.gov.au/ausstats/subscriber.nsf/log?openagent&8165010.xls&8165.0&Data%20Cubes&5A0C56A98A34F551CA25823A000AEB6B&0&Jun%202013%20to%20Jun%202017&20.02.2018&Latest,OK,200,https://www.ausstats.abs.gov.au/ausstats/subscriber.nsf/0/5A0C56A98A34F551CA25823A000AEB6B/$File/8165010.xls,2026-10-02,
https://www.abs.gov.au/ausstats/subscriber.nsf/log?openagent&8165011.xls&8165.0&Data%20Cubes&B7F69D8789887F6BCA25823A000AEBE4&0&Jun%202013%20to%20Jun%202017&20.02.2018&Latest,OK,200,https://www.ausstats.abs.gov.au/ausstats/subscriber.nsf/0/B7F69D8789887F6BCA25823A000AEBE4/$File/8165011.xls,2026-10-02,
https://www.abs.gov.au/ausstats/subscriber.nsf/log?openagent&816508.xls&8165.0&Data%20Cubes&7D1F5D98405E7ABDCA25823A000AE906&0&Jun%202013%20to%20Jun%202017&20.02.2018&Latest,OK,200,https://www.ausstats.abs.gov.au/ausstats/subscriber.nsf/0/7D1F5D98405E7ABDCA25823A000AE906/$File/816508.xls,2026-10-02,
https://www.abs.gov.au/ausstats/subscriber.nsf/log?openagent&SLA_EMP.xls&8165.0&Data%20Cubes&CBA875AA5B3291F6CA2577FF00114A7E&0&Jun%202007%20to%20Jun%202009&02.05.2011&Previous,OK,200,https://www.ausstats.abs.gov.au/ausstats/subscriber.nsf/0/CBA875AA5B3291F6CA2577FF00114A7E/$File/SLA_EMP.xls,2026-10-02,
https://www.abs.gov.au/ausstats/subscriber.nsf/log?openagent&nrp%202004-2010%20csv%20file.csv&1379.0.55.001&Data%20Cubes&72FA2883275E0F35CA25793D000CAC8B&0&2006%20to%202010&04.11.2011&Previous,OK,200,https://www.ausstats.abs.gov.au/ausstats/subscriber.nsf/0/72FA2883275E0F35CA25793D000CAC8B/$File/nrp%202004-2010%20csv%20file.csv,2026-10-02,
https://www.abs.gov.au/book/export/35402/print,OK,200,,2026-10-02,
https://www.abs.gov.au/census/find-census-data/community-profiles/2006/0,OK,200,,2026-10-02,
https://www.abs.gov.au/census/find-census-data/community-profiles/2021/SAL20014,OK,200,,2026-10-02,
https://www.abs.gov.au/census/find-census-data/community-profiles/2021/SAL21903,OK,200,,2026-10-02,
https://www.abs.gov.au/census/find-census-data/community-profiles/2021/SAL41088,OK,200,,2026-10-02,
https://www.abs.gov.au/census/find-census-data/datapacks,OK,200,,2026-10-02,
https://www.abs.gov.au/census/find-census-data/datapacks/download/2011_BCP_LGA_for_AUST_short-header.zip,OK,200,,2026-10-02,
https://www.abs.gov.au/census/find-census-data/datapacks/download/2016_GCP_LGA_for_AUS_short-header.zip,OK,200,,2026-10-02,
https://www.abs.gov.au/census/find-census-data/datapacks/download/2016_GCP_LGA_for_NSW_short-header.zip,OK,200,,2026-10-02,
https://www.abs.gov.au/census/find-census-data/datapacks/download/2021_GCP_LGA_for_NSW_short-header.zip,OK,200,,2026-10-02,
https://www.abs.gov.au/census/find-census-data/datapacks/download/2021_GCP_LGA_for_VIC_short-header.zip,OK,200,,2026-10-02,
https://www.abs.gov.au/census/find-census-data/quickstats/2016/1,OK,200,,2026-10-02,
https://www.abs.gov.au/census/find-census-data/quickstats/2021/1,OK,200,,2026-10-02,
https://www.abs.gov.au/census/find-census-data/quickstats/2021/UCL113005,OK,200,,2026-10-02,
https://www.abs.gov.au/census/guide-census-data/2021-census-product-release-guide,OK,200,,2026-10-02,
https://www.abs.gov.au/census/guide-census-data/about-census-tools/community-profiles,OK,200,,2026-10-02,
https://www.abs.gov.au/census/guide-census-data/about-census-tools/datapacks,OK,200,,2026-10-02,
https://www.abs.gov.au/census/guide-census-data/census-dictionary/2021/variables-topic/location/household-five-year-mobility-indicator-mv5d,OK,200,,2026-10-02,
https://www.abs.gov.au/census/guide-census-data/census-dictionary/2021/variables-topic/location/place-usual-residence-five-years-ago-pur5p,OK,200,,2026-10-02,
https://www.abs.gov.au/census/guide-census-data/census-dictionary/2021/variables-topic/location/place-work-powp,OK,200,,2026-10-02,
https://www.abs.gov.au/census/guide-census-data/census-dictionary/2021/variables-topic/location/usual-address-five-years-ago-indicator-uai5p,OK,200,,2026-10-02,
https://www.abs.gov.au/census/guide-census-data/census-dictionary/2021/variables-topic/location/usual-address-one-year-ago-indicator-uai1p,OK,200,,2026-10-02,
https://www.abs.gov.au/census/guide-census-data/census-dictionary/2026/variables-topic/location/usual-address-five-years-ago-indicator-uai5p,OK,200,,2026-10-02,
https://www.abs.gov.au/census/guide-census-data/mesh-block-counts/2021/Mesh%20Block%20Counts%2C%202021.xlsx,OK,200,,2026-10-02,
https://www.abs.gov.au/methodologies/data-region-methodology/2011-22/14100DO0003_2011-22.xlsx,OK,200,,2026-10-02,
https://www.abs.gov.au/methodologies/data-region-methodology/2011-22/14100DO0004_2011-22.xlsx,OK,200,,2026-10-02,
https://www.abs.gov.au/methodologies/data-region-methodology/2011-22/14100DO0005_2011-22.xlsx,OK,200,,2026-10-02,
https://www.abs.gov.au/methodologies/data-region-methodology/2011-23/14100DO0003_2011-23.xlsx,OK,200,,2026-10-02,
https://www.abs.gov.au/methodologies/data-region-methodology/2011-23/14100DO0004_2011-23.xlsx,OK,200,,2026-10-02,
https://www.abs.gov.au/methodologies/data-region-methodology/2011-23/14100DO0005_2011-23.xlsx,OK,200,,2026-10-02,
https://www.abs.gov.au/methodologies/data-region-methodology/2011-24/14100DO0003_2011-24.xlsx,OK,200,,2026-10-02,
https://www.abs.gov.au/methodologies/data-region-methodology/2011-24/14100DO0004_2011-24.xlsx,OK,200,,2026-10-02,
https://www.abs.gov.au/methodologies/data-region-methodology/2011-24/14100DO0005_2011-24.xlsx,OK,200,,2026-10-02,
https://www.abs.gov.au/methodologies/data-region-methodology/2011-25/14100DO0003_2011-25.xlsx,OK,200,,2026-10-02,
https://www.abs.gov.au/methodologies/data-region-methodology/2011-25/14100DO0004_2011-25.xlsx,OK,200,,2026-10-02,
https://www.abs.gov.au/methodologies/data-region-methodology/2011-25/14100DO0005_2011-25.xlsx,OK,200,,2026-10-02,
https://www.abs.gov.au/methodologies/data-region-methodology/2015-20/14100DO0003_2015-20.xlsx,OK,200,,2026-10-02,
https://www.abs.gov.au/methodologies/data-region-methodology/2015-20/14100DO0004_2015-20.xlsx,OK,200,,2026-10-02,
https://www.abs.gov.au/methodologies/data-region-methodology/2015-20/14100DO0005_2015-20.xlsx,OK,200,,2026-10-02,
https://www.abs.gov.au/methodologies/socio-economic-indexes-areas-seifa-australia-methodology/2021,OK,200,,2026-10-02,
https://www.abs.gov.au/methodologies/total-value-dwellings-methodology/dec-quarter-2023,OK,200,,2026-10-02,
https://www.abs.gov.au/methodologies/total-value-dwellings-methodology/dec-quarter-2024,OK,200,,2026-10-02,
https://www.abs.gov.au/methodologies/total-value-dwellings-methodology/jun-quarter-2026,OK,200,,2026-10-02,
https://www.abs.gov.au/methodologies/total-value-dwellings-methodology/mar-quarter-2025,OK,200,,2026-10-02,
https://www.abs.gov.au/methodologies/total-value-dwellings-methodology/mar-quarter-2026,OK,200,,2026-10-02,
https://www.abs.gov.au/methodologies/total-value-dwellings-methodology/sep-quarter-2022,OK,200,,2026-10-02,
https://www.abs.gov.au/methodologies/total-value-dwellings-methodology/sep-quarter-2023,OK,200,,2026-10-02,
https://www.abs.gov.au/statistics/detailed-methodology-information/concepts-sources-methods/socio-economic-indexes-areas-seifa-technical-paper/2021,OK,200,,2026-10-02,
https://www.abs.gov.au/statistics/economy/business-indicators/counts-australian-businesses-including-entries-and-exits/jul2015-jun2019/816508.xls,OK,200,,2026-10-02,
https://www.abs.gov.au/statistics/economy/business-indicators/counts-australian-businesses-including-entries-and-exits/jul2015-jun2019/816510.xls,OK,200,,2026-10-02,
https://www.abs.gov.au/statistics/economy/business-indicators/counts-australian-businesses-including-entries-and-exits/jul2015-jun2019/816511.xls,OK,200,,2026-10-02,
https://www.abs.gov.au/statistics/economy/business-indicators/counts-australian-businesses-including-entries-and-exits/jul2016-jun2020/816510.xls,OK,200,,2026-10-02,
https://www.abs.gov.au/statistics/economy/business-indicators/counts-australian-businesses-including-entries-and-exits/jul2016-jun2020/816511.xls,OK,200,,2026-10-02,
https://www.abs.gov.au/statistics/economy/business-indicators/counts-australian-businesses-including-entries-and-exits/jul2017-jun2021/8165010.xlsx,OK,200,,2026-10-02,
https://www.abs.gov.au/statistics/economy/business-indicators/counts-australian-businesses-including-entries-and-exits/jul2017-jun2021/8165011.xlsx,OK,200,,2026-10-02,
https://www.abs.gov.au/statistics/economy/business-indicators/counts-australian-businesses-including-entries-and-exits/jul2017-jun2021/816508.xlsx,OK,200,,2026-10-02,
https://www.abs.gov.au/statistics/economy/business-indicators/counts-australian-businesses-including-entries-and-exits/jul2018-jun2022/816510.xlsx,OK,200,,2026-10-02,
https://www.abs.gov.au/statistics/economy/business-indicators/counts-australian-businesses-including-entries-and-exits/jul2018-jun2022/816511.xlsx,OK,200,,2026-10-02,
https://www.abs.gov.au/statistics/economy/business-indicators/counts-australian-businesses-including-entries-and-exits/jul2019-jun2023/8165DC08_revised.xlsx,OK,200,,2026-10-02,
https://www.abs.gov.au/statistics/economy/business-indicators/counts-australian-businesses-including-entries-and-exits/jul2019-jun2023/8165DC10_revised.xlsx,OK,200,,2026-10-02,
https://www.abs.gov.au/statistics/economy/business-indicators/counts-australian-businesses-including-entries-and-exits/jul2019-jun2023/8165DC11_revised.xlsx,OK,200,,2026-10-02,
https://www.abs.gov.au/statistics/economy/business-indicators/counts-australian-businesses-including-entries-and-exits/jul2020-jun2024/8165DC10.xlsx,OK,200,,2026-10-02,
https://www.abs.gov.au/statistics/economy/business-indicators/counts-australian-businesses-including-entries-and-exits/jul2020-jun2024/8165DC11.xlsx,OK,200,,2026-10-02,
https://www.abs.gov.au/statistics/economy/business-indicators/counts-australian-businesses-including-entries-and-exits/jul2021-jun2025/8165DC08.xlsx,OK,200,,2026-10-02,
https://www.abs.gov.au/statistics/economy/business-indicators/counts-australian-businesses-including-entries-and-exits/jul2021-jun2025/8165DC10.xlsx,OK,200,,2026-10-02,
https://www.abs.gov.au/statistics/economy/business-indicators/counts-australian-businesses-including-entries-and-exits/jul2021-jun2025/8165DC11.xlsx,OK,200,,2026-10-02,
https://www.abs.gov.au/statistics/economy/business-indicators/counts-australian-businesses-including-entries-and-exits/latest-release,OK,200,,2026-10-02,
https://www.abs.gov.au/statistics/economy/input-output,BROKEN,404,,2026-10-02,
https://www.abs.gov.au/statistics/economy/national-accounts/australian-national-accounts-national-income-expenditure-and-product,OK,200,,2026-10-02,
https://www.abs.gov.au/statistics/economy/national-accounts/australian-national-accounts-national-income-expenditure-and-product/jun-2026/5206025_SFD_Summary.xlsx,OK,200,,2026-10-02,
https://www.abs.gov.au/statistics/economy/national-accounts/australian-national-accounts-national-income-expenditure-and-product/jun-2026/5206026_SFD_NSW.xlsx,OK,200,,2026-10-02,
https://www.abs.gov.au/statistics/economy/price-indexes-and-inflation/total-value-dwellings/latest-release,OK,200,,2026-10-02,
https://www.abs.gov.au/statistics/industry/agriculture/agricultural-commodities-australia/2018-19,OK,200,,2026-10-02,
https://www.abs.gov.au/statistics/industry/agriculture/agricultural-commodities-australia/latest-release,OK,200,,2026-10-02,
https://www.abs.gov.au/statistics/industry/agriculture/value-agricultural-commodities-produced-australia/2020-21,OK,200,,2026-10-02,
https://www.abs.gov.au/statistics/industry/agriculture/value-agricultural-commodities-produced-australia/latest-release,OK,200,,2026-10-02,
https://www.abs.gov.au/statistics/industry/building-and-construction/building-approvals-australia/latest-release,OK,200,,2026-10-02,
https://www.abs.gov.au/statistics/industry/retail-and-wholesale-trade/retail-trade-australia/dec-2019,OK,200,,2026-10-02,
https://www.abs.gov.au/statistics/industry/retail-and-wholesale-trade/retail-trade-australia/latest-release,OK,200,,2026-10-02,
https://www.abs.gov.au/statistics/industry/tourism-and-transport,OK,200,,2026-10-02,
https://www.abs.gov.au/statistics/labour/earnings-and-working-conditions/personal-income-australia,OK,200,,2026-10-02,
https://www.abs.gov.au/statistics/labour/earnings-and-working-conditions/personal-income-australia/2011-12-2017-18/6524055002_DO001.xls,OK,200,,2026-10-02,
https://www.abs.gov.au/statistics/labour/earnings-and-working-conditions/personal-income-australia/2015-16-2019-20/6524055002_DO001.xlsx,OK,200,,2026-10-02,
https://www.abs.gov.au/statistics/labour/earnings-and-working-conditions/personal-income-australia/2021-22/Table%201%20-%20Total%20income%2C%20earners%20and%20summary%20statistics%20by%20geography%2C%202017-18%20to%202021-22.xlsx,OK,200,,2026-10-02,
https://www.abs.gov.au/statistics/labour/earnings-and-working-conditions/personal-income-australia/2022-23/Table%201%20-%20Total%20income%2C%20earners%20and%20summary%20statistics%20by%20geography%2C%202018-19%20to%202022-23.xlsx,OK,200,,2026-10-02,
https://www.abs.gov.au/statistics/labour/earnings-and-working-conditions/personal-income-australia/latest-release,OK,200,,2026-10-02,
https://www.abs.gov.au/statistics/labour/employment-and-unemployment/labour-force-australia-detailed/feb-2020,OK,200,,2026-10-02,
https://www.abs.gov.au/statistics/labour/employment-and-unemployment/labour-force-australia-detailed/jan-2020,OK,200,,2026-10-02,
https://www.abs.gov.au/statistics/labour/jobs/jobs-and-skills-australia-small-area-labour-markets,BROKEN,404,,2026-10-02,
https://www.abs.gov.au/statistics/labour/jobs/jobs-australia/latest-release,OK,200,,2026-10-02,
https://www.abs.gov.au/statistics/labour/jobs/payroll-jobs/week-ending-13-may-2023,OK,200,,2026-10-02,
https://www.abs.gov.au/statistics/labour/jobs/payroll-jobs/week-ending-13-may-2023/6160055001_DO005.xlsx,OK,200,,2026-10-02,
https://www.abs.gov.au/statistics/labour/jobs/payroll-jobs/week-ending-15-july-2023,OK,200,,2026-10-02,
https://www.abs.gov.au/statistics/labour/jobs/weekly-payroll-jobs,OK,200,https://www.abs.gov.au/statistics/labour/jobs/payroll-jobs,2026-10-02,
https://www.abs.gov.au/statistics/people/housing/housing-census/latest-release,OK,200,,2026-10-02,
https://www.abs.gov.au/statistics/people/people-and-communities/socio-economic-indexes-areas-seifa-australia/2021/Local%20Government%20Area%2C%20Indexes%2C%20SEIFA%202021.xlsx,OK,200,,2026-10-02,
https://www.abs.gov.au/statistics/people/people-and-communities/socio-economic-indexes-areas-seifa-australia/latest-release,OK,200,,2026-10-02,
https://www.abs.gov.au/statistics/people/people-and-communities/unpaid-work-and-care-census/latest-release,OK,200,,2026-10-02,
https://www.abs.gov.au/statistics/people/population/regional-population/2022-23/32180DS0004_2001-23.xlsx,OK,200,,2026-10-02,
https://www.abs.gov.au/statistics/people/population/regional-population/2024-25/32180DS0003_2001-25.xlsx,OK,200,,2026-10-02,
https://www.abs.gov.au/statistics/people/population/regional-population/2024-25/32180DS0004_2001-25.xlsx,OK,200,,2026-10-02,
https://www.abs.gov.au/statistics/people/population/regional-population/latest-release,OK,200,,2026-10-02,
https://www.abs.gov.au/statistics/standards/australian-statistical-geography-standard-asgs-edition-3/jul2021-jun2026/access-and-downloads/allocation-files/LGA_2021_AUST.xlsx,OK,200,https://www.abs.gov.au/statistics/standards/australian-statistical-geography-standard-asgs/edition-3-july-2021-june-2026/access-and-downloads/allocation-files/LGA_2021_AUST.xlsx,2026-10-02,
https://www.abs.gov.au/statistics/standards/australian-statistical-geography-standard-asgs-edition-3/jul2021-jun2026/access-and-downloads/allocation-files/MB_2021_AUST.xlsx,OK,200,https://www.abs.gov.au/statistics/standards/australian-statistical-geography-standard-asgs/edition-3-july-2021-june-2026/access-and-downloads/allocation-files/MB_2021_AUST.xlsx,2026-10-02,
https://www.abs.gov.au/statistics/standards/australian-statistical-geography-standard-asgs-edition-3/jul2021-jun2026/access-and-downloads/correspondences,OK,200,https://www.abs.gov.au/statistics/standards/australian-statistical-geography-standard-asgs/edition-3-july-2021-june-2026/access-and-downloads/correspondences,2026-10-02,
https://www.abs.gov.au/statistics/standards/australian-statistical-geography-standard-asgs/edition-3-july-2021-june-2026/access-and-downloads/digital-boundary-files/LGA_2021_AUST_GDA94_SHP.zip,OK,200,,2026-10-02,
https://www.abs.gov.au/statistics/standards/australian-statistical-geography-standard-asgs/edition-3-july-2021-june-2026/access-and-downloads/digital-boundary-files/MB_2021_AUST_SHP_GDA94.zip,OK,200,,2026-10-02,
https://www.abs.gov.au/statistics/standards/australian-statistical-geography-standard-asgs/edition-3-july-2021-june-2026/access-and-downloads/digital-boundary-files/RA_2021_AUST_GDA94.zip,OK,200,,2026-10-02,
https://www.abs.gov.au/statistics/standards/australian-statistical-geography-standard-asgs/edition-3-july-2021-june-2026/non-abs-structures/local-government-areas,OK,200,,2026-10-02,
https://www.abs.gov.au/websitedbs/censushome.nsf/4a256353001af3ed4b2562bb00121564/558e313d3e6e4a56ca257ab5000d732b!OpenDocument,OK,200,,2026-10-02,
https://www.abs.gov.au/websitedbs/censushome.nsf/4a256353001af3ed4b2562bb00121564/b06ba4de31a1f1eaca257e8900070b41!OpenDocument,OK,200,,2026-10-02,
https://www.abs.gov.au/websitedbs/d3310114.nsf/0/05a3435178e523c8ca2585c00020e493/$FILE/WorkingPopProfile96.pdf,OK,200,,2026-10-02,
https://www.abs.gov.au:443/statistics/industry/agriculture/agricultural-commodities-australia/2019-20,OK,200,,2026-10-02,
https://www.abs.gov.au:443/system/files/documents/4a8c0805128406c21e65414a486d332a/Internal%20migration%20slides_for%20web.pdf,OK,200,,2026-10-02,
https://www.abs.gov.au:443/system/files/documents/8d72633e0eee5d8f69aa8627e47b8090/Bushfire%20Recovery%20Agency.pdf,OK,200,,2026-10-02,
https://www.accc.gov.au/node/89736,BLOCKED,403,,2026-10-02,
https://www.accountantsdaily.com.au/business/14089-2-in-3-aussie-smes-impacted-by-bushfires,OK,200,,2026-10-02,
https://www.accountingtimes.com.au/economy/federal-budget-underestimates-natural-disaster-costs-by-6bn-report-finds,OK,200,,2026-10-02,
https://www.acma.gov.au/,OK,200,,2026-10-02,
https://www.acma.gov.au/publications/2020-06/report/impact-2019-20-bushfires-telecommunications-networks,BROKEN,404,,2026-10-02,
https://www.acma.gov.au/sites/default/files/2020-04/Impacts%20of%20the%202019-20%20bushfires%20on%20the%20telecommunications%20network_1.docx,OK,200,,2026-10-02,
https://www.acma.gov.au/sites/default/files/2020-09/Addendum%20to%20ACMA%20bushfire%20report_Updates%20received%20after%20publication_0.docx,OK,200,,2026-10-02,
https://www.actuaries.asn.au/research-analysis/property-insurance-affordability-challenges-and-potential-solutions,OK,200,,2026-10-02,
https://www.actuaries.asn.au/research-analysis/thought-leadership/property-insurance-affordability-challenges-and-potential-solutions,OK,200,,2026-10-02,
https://www.adelaide.edu.au/saces/news/list/2020/02/21/bushfires-and-weather-hurt-sa-tourism-activity-while-coronavirus-dampens-the,BROKEN,404,https://adelaide.edu.au/saces/news/list/2020/02/21/bushfires-and-weather-hurt-sa-tourism-activity-while-coronavirus-dampens-the/,2026-10-02,
https://www.adra.org.au/?p=10399,OK,200,https://adra.org.au/black-summer/,2026-10-02,
https://www.adviservoice.com.au/2020/12/actuaries-institute-says-better-measures-needed-to-understand-insurance-affordability/,OK,200,,2026-10-02,
https://www.aer.gov.au/,OK,200,,2026-10-02,
https://www.afacconference.com.au/2026-conference-program/health-research-female-firefighters-want-know,BROKEN,404,,2026-10-02,
https://www.afsa.gov.au/about-us/statistics/guide-quarterly-statistics,OK,200,https://www.afsa.gov.au/about-us/statistics-and-insights/headline-statistics/quarterly-personal-insolvency-statistics,2026-10-02,
https://www.afsa.gov.au/about-us/statistics/quarterly-personal-insolvency-statistics,OK,200,https://www.afsa.gov.au/about-us/statistics-and-insights/headline-statistics/quarterly-personal-insolvency-statistics,2026-10-02,
https://www.afsa.gov.au/quarterlypistats,OK,200,,2026-10-02,
https://www.afsa.gov.au/statistics,OK,200,https://www.afsa.gov.au/about-us/statistics-and-insights,2026-10-02,
https://www.agriculture.gov.au/abares/research-topics/forests/forest-economics/australian-plantation-statistics,BROKEN,404,,2026-10-02,
https://www.agriculture.gov.au/abares/research-topics/surveys/farm-data-portal,BROKEN,404,,2026-10-02,
https://www.agriculture.gov.au/agriculture-land/forestry/policies/rfa/regions/victoria/mer,OK,200,,2026-10-02,
https://www.agriculture.gov.au/sites/default/files/documents/bushfire-grants-factsheet_2.docx,OK,200,,2026-10-02,
https://www.agriculture.gov.au/sites/default/files/documents/vic-rfa-mer-bushfires-report-2022.pdf,OK,200,,2026-10-02,
https://www.agroportal.pt/?p=721687,OK,200,https://www.agroportal.pt/incendios-governo-diz-ter-investido-200-milhoes-em-pedrogao-grande/,2026-10-02,
https://www.agroportal.pt/despovoamento-e-desemprego-continuam-por-resolver-na-regiao/,OK,200,,2026-10-02,
https://www.ahc.sa.gov.au/assets/downloads/council/Reports/Annual-Reports/COUNCIL-Annual-Report-2014-2015.pdf,OK,200,,2026-10-02,
https://www.ahc.sa.gov.au/assets/downloads/council/Reports/Annual-Reports/COUNCIL-Annual-Report-2019-2020.pdf,OK,200,,2026-10-02,
https://www.aidr.org.au/media/11929/aidr_major-incidents-report_2023-24.pdf,OK,200,,2026-10-02,
https://www.aidr.org.au/media/7087/aidr_major-incidents-report_web_2019-08-22.pdf,OK,200,,2026-10-02,
https://www.aihw.gov.au/about-our-data/our-data-collections/specialist-homelessness-services-collection,OK,200,,2026-10-02,
https://www.aihw.gov.au/mental-health/topic-areas/medicare-subsisded-services,OK,200,https://www.aihw.gov.au/mental-health/topic-areas/community-based-services/medicare-mental-health,2026-10-02,
https://www.aihw.gov.au/reports/environment-and-health/data-update-health-impacts-2019-20-bushfires/contents/about,OK,200,,2026-10-02,
https://www.aihw.gov.au/reports/environment-and-health/short-term-health-impacts-2019-20-bushfires/contents/interactive-maps,OK,200,https://www.aihw.gov.au/reports/environment-and-health/short-term-health-impacts-2019-20-bushfires/contents/maps-by-region,2026-10-02,
https://www.aihw.gov.au/reports/environment-and-health/short-term-health-impacts-2019-20-bushfires/contents/maps-by-region,OK,200,,2026-10-02,
https://www.aihw.gov.au/reports/environment-and-health/short-term-health-impacts-2019-20-bushfires/contents/summary,OK,200,,2026-10-02,
https://www.aihw.gov.au/reports/primary-health-care/medicare-subsidised-gp-allied-health-and-specialis/contents/about,OK,200,,2026-10-02,
https://www.aihw.gov.au/reports/primary-health-care/medicare-subsidised-gp-allied-health-specialist/contents,OK,200,https://www.aihw.gov.au/reports/primary-health-care/medicare-subsidised-gp-allied-health-specialist/contents/about,2026-10-02,
https://www.airquality.nsw.gov.au/air-quality-data-services,BLOCKED,403,,2026-10-02,
https://www.airquality.nsw.gov.au/air-quality-data-services/data-explorer,BLOCKED,403,,2026-10-02,
https://www.alburycity.nsw.gov.au/council/publications-and-updates/reports/annual-reports,OK,200,,2026-10-02,
https://www.alburycity.nsw.gov.au/council/publications-and-updates/reports/financial-reports,OK,200,,2026-10-02,
https://www.aljazeera.com/amp/news/2019/12/31/residents-flee-towards-the-sea-as-australian-bushfires-intensify,OK,200,,2026-10-02,
https://www.aljazeera.com/news/2019/12/31/residents-flee-towards-the-sea-as-australian-bushfires-intensify,OK,200,,2026-10-02,
https://www.aljazeera.com/program/101-east/2020/9/25/australias-forgotten-bushfire-survivors,OK,200,https://www.aljazeera.com/video/101-east/2020/9/25/australias-forgotten-bushfire-survivors,2026-10-02,
https://www.alpineshire.vic.gov.au/sites/default/files/Alpine%20Municipal%20Recovery%20Plan%20Endorsed%2025%20June%202021.pdf,OK,200,,2026-10-02,
https://www.anao.gov.au/work/performance-audit/administration-the-disaster-recovery-funding-arrangements,OK,200,,2026-10-02,
https://www.anu.edu.au/news/all-news/how-we-can-better-manage-mental-health-impacts-of-bushfires,OK,200,,2026-10-02,
https://www.anzbloodstocknews.com/firefighters-work-to-contain-scone-fire/,OK,200,,2026-10-02,
https://www.aol.com/finance/three-fourths-homeowners-may-not-215126446.html,BROKEN,404,,2026-10-02,
https://www.apartments.com.au/expert-insights/how-do-bushfires-impact-property-prices-realestate-com-aus-nerida-conisbee,OK,200,,2026-10-02,
https://www.apartments.com.au/news/council-rates-relief-for-bushfire-affected-communities,OK,200,,2026-10-02,
https://www.apartments.com.au/news/nsw-bushfires-will-result-in-insurance-premium-rise,OK,200,,2026-10-02,
https://www.apartments.com.au/news/properties-under-fire-why-so-many-australians-are-inadequately-insured-against-disaster,OK,200,,2026-10-02,
https://www.apartments.com.au/news/regional-queensland-communities-need-more-affordable-strata-insurance-accc,OK,200,,2026-10-02,
https://www.apc.sa.gov.au/our-council/about-adelaide-plains-council,BLOCKED,403,,2026-10-02,
https://www.aph.gov.au/About_Parliament/Parliamentary_Departments/Parliamentary_Library/FlagPost/2022/March/Disaster_payment_reform,OK,200,https://www.aph.gov.au/About_Parliament/Parliamentary_departments/Parliamentary_Library/Research/FlagPost/2022/March/Disaster_payment_reform,2026-10-02,
https://www.aph.gov.au/About_Parliament/Parliamentary_Departments/Parliamentary_Library/pubs/rp/rp1920/Quick_Guides/IncomeSupportNaturalDisasters,OK,200,https://www.aph.gov.au/About_Parliament/Parliamentary_departments/Parliamentary_Library/Research,2026-10-02,
https://www.aph.gov.au/About_Parliament/Parliamentary_Departments/Parliamentary_Library/pubs/rp/rp1920/Quick_Guides/IncomeSupportNaturalDisastersUpdate,OK,200,https://www.aph.gov.au/About_Parliament/Parliamentary_departments/Parliamentary_Library/Research,2026-10-02,
https://www.aph.gov.au/About_Parliament/Parliamentary_departments/Parliamentary_Library/Research/Research_Papers/2021-22/201920AustralianBushfiresFAQupdate,OK,200,,2026-10-02,
https://www.aph.gov.au/Parliamentary_Business/Committees/Senate/Finance_and_Public_Administration/Bushfirerecovery,OK,200,,2026-10-02,
https://www.aph.gov.au/Parliamentary_Business/Committees/Senate/Finance_and_Public_Administration/Bushfirerecovery/Public_Hearings,OK,200,,2026-10-02,
https://www.aph.gov.au/Parliamentary_Business/Committees/Senate/Finance_and_Public_Administration/Bushfirerecovery/Report/Section,OK,200,,2026-10-02,
https://www.aph.gov.au/Parliamentary_Business/Committees/Senate/Finance_and_Public_Administration/Bushfirerecovery/Report/Section?id=committees%2freportsen%2f024597%2f77003,OK,200,https://www.aph.gov.au/Parliamentary_Business/Committees/Senate/Finance_and_Public_Administration/Bushfirerecovery/Report/Section?id=committees%2Freportsen%2F024597%2F77003,2026-10-02,
https://www.arabianbusiness.com/opinion/comment/437848-australia-counts-the-economic-cost-of-the-bushfires,BLOCKED,403,,2026-10-02,
https://www.arc.unsw.edu.au/volunteering/agt/agt-travel-diaries/australian-tourism-in-2020,OK,200,https://www.arc.unsw.edu.au/community/agt/agt-travel-diaries/australian-tourism-in-2020,2026-10-02,
https://www.arcgis.com/sharing/rest/content/items/5e70b5afc36a4c458a2cceb313eb3889/data,OK,200,,2026-10-02,
https://www.armidale.nsw.gov.au/Council,BLOCKED,403,,2026-10-02,
https://www.armidale.nsw.gov.au/Council/Administration/Financial-statements,BLOCKED,403,,2026-10-02,
https://www.armidale.nsw.gov.au/Council/Meetings-agendas-and-minutes,BLOCKED,403,,2026-10-02,
https://www.armidale.nsw.gov.au/files/assets/public/v/1/council/documents/2023-annual-financial-statements-armidale-regional-council.pdf,BLOCKED,403,,2026-10-02,
https://www.armidale.nsw.gov.au/files/assets/public/v/1/council/documents/agenda-28-april-2022.pdf,BLOCKED,403,,2026-10-02,
https://www.armidale.nsw.gov.au/files/assets/public/v/1/council/documents/agenda-ocm-25-may-2022.pdf,BLOCKED,403,,2026-10-02,
https://www.armidale.nsw.gov.au/files/assets/public/v/1/council/documents/arc-audited-financial-statements-30-june-2019-with-audit-reports-website.pdf,BLOCKED,403,,2026-10-02,
https://www.armidale.nsw.gov.au/files/assets/public/v/1/council/documents/armidale-regional-council-au_d-financial-statements-2019-20.pdf,BLOCKED,403,,2026-10-02,
https://www.armidale.nsw.gov.au/files/assets/public/v/1/council/documents/attachments-23-february-2022.pdf,BLOCKED,403,,2026-10-02,
https://www.armidale.nsw.gov.au/files/assets/public/v/1/council/documents/attachments-28-april-2022.pdf,BLOCKED,403,,2026-10-02,
https://www.armidaleexpress.com.au/story/6517021/quarterly-budget-review-puts-armidale-council-47-million-in-the-red/,OK,200,,2026-10-02,
https://www.armidaleregional.nsw.gov.au/ArticleDocuments/1137/OCM 28 July 2021 Agenda with embedded attachements.pdf.aspx,BLOCKED,403,https://www.armidale.nsw.gov.au/ArticleDocuments/1137/OCM%2028%20July%202021%20Agenda%20with%20embedded%20attachements.pdf.aspx,2026-10-02,
https://www.armidaleregional.nsw.gov.au/ArticleDocuments/1137/OCM 28 July 2021 Attachments.pdf.aspx,BLOCKED,403,https://www.armidale.nsw.gov.au/ArticleDocuments/1137/OCM%2028%20July%202021%20Attachments.pdf.aspx,2026-10-02,
https://www.armidaleregional.nsw.gov.au/council/meetings-agendas-and-minutes,BLOCKED,403,https://www.armidale.nsw.gov.au/council/meetings-agendas-and-minutes,2026-10-02,
https://www.asiainsurancereview.com/Magazine/ReadMagazineArticle?aid=44237,OK,200,,2026-10-02,
https://www.asiainsurancereview.com/News/View-NewsLetter-Article/id/78739/type/eDaily/Conferences/Gallery,OK,200,,2026-10-02,
https://www.asiainsurancereview.com/News/ViewNewsLetterArticle/id/74917/Type/eDaily/Australia-Actuaries-Institute-says-better-measures-needed-to-understand-insurance-affordability,OK,200,https://www.asiainsurancereview.com/News/View-NewsLetter-Article/id/74917/Type/eDaily/Australia-Actuaries-Institute-says-better-measures-needed-to-understand-insurance-affordability,2026-10-02,
https://www.asiainsurancereview.com/News/ViewNewsLetterArticle/id/78739/Type/eDaily/Conferences/Gallery,OK,200,https://www.asiainsurancereview.com/News/View-NewsLetter-Article/id/78739/Type/eDaily/Conferences/Gallery,2026-10-02,
https://www.asiainsurancereview.com/News/ViewNewsLetterArticle/id/78739/type/eDaily/Conferences/Gallery,OK,200,https://www.asiainsurancereview.com/News/View-NewsLetter-Article/id/78739/type/eDaily/Conferences/Gallery,2026-10-02,
https://www.ato.gov.au/about-ato/research-and-statistics/in-detail/taxation-statistics,OK,200,,2026-10-02,
https://www.ato.gov.au/about-ato/research-and-statistics/in-detail/taxation-statistics/taxation-statistics-2020-21/?page=6,OK,200,https://www.ato.gov.au/about-ato/research-and-statistics/in-detail/taxation-statistics/taxation-statistics-previous-editions/taxation-statistics-2020-21/statistics/individuals-statistics?page=6,2026-10-02,
https://www.ato.gov.au/about-ato/research-and-statistics/in-detail/taxation-statistics/taxation-statistics-2022-23/statistics/individuals-statistics,BROKEN,404,,2026-10-02,
https://www.ato.gov.au/about-ato/research-and-statistics/in-detail/taxation-statistics/taxation-statistics-2023-24/statistics-in-taxation-statistics-2023-24/individuals-statistics-for-taxation-statistics-2023-24,OK,200,,2026-10-02,
https://www.ato.gov.au/about-ato/research-and-statistics/in-detail/taxation-statistics/taxation-statistics-previous-editions/taxation-statistics-2019-20/statistics/individuals-statistics/individuals-detailed-tables,OK,200,,2026-10-02,
https://www.ato.gov.au/about-ato/research-and-statistics/in-detail/taxation-statistics/taxation-statistics-previous-editions/taxation-statistics-2020-21/statistics/individuals-statistics,OK,200,,2026-10-02,
https://www.ato.gov.au/about-ato/research-and-statistics/in-detail/taxation-statistics/taxation-statistics-previous-editions/taxation-statistics-2021-22/statistics/individuals-statistics,OK,200,,2026-10-02,
https://www.ato.gov.au/about-ato/research-and-statistics/in-detail/taxation-statistics/taxation-statistics-previous-editions/taxation-statistics-2022-23,OK,200,,2026-10-02,
https://www.ato.gov.au/about-ato/research-and-statistics/in-detail/taxation-statistics/taxation-statistics-previous-editions/taxation-statistics-2022-23/statistics/individuals-statistics,OK,200,,2026-10-02,
https://www.ato.gov.au/about-ato/research-and-statistics/in-detail/taxation-statistics/taxation-statistics-previous-editions/taxation-statistics-2022-23/statistics/snapshot,OK,200,,2026-10-02,
https://www.audible.de/podcast/Burnt/B0DQ8R33VR,OK,200,https://www.audible.com.au/?ref=Adbl_ip_rdr_from_DE&ipRedirectFrom=DE&ipRedirectOriginalURL=podcast%2FBurnt%2FB0DQ8R33VR,2026-10-02,
https://www.audit.nsw.gov.au/our-work/reports/financial-management-and-governance-in-midcoast-council,BLOCKED,403,,2026-10-02,
https://www.audit.nsw.gov.au/our-work/reports/local-government-business-and-service-continuity-arrangements-for-natural-disasters,BLOCKED,403,,2026-10-02,
https://www.audit.nsw.gov.au/our-work/reports/natural-disasters,BLOCKED,403,,2026-10-02,
https://www.audit.nsw.gov.au/our-work/reports/report-on-local-government-2020,BLOCKED,403,,2026-10-02,
https://www.audit.nsw.gov.au/sites/default/files/auditoffice/2017-Reports/Health%202017/Appendix%20seven%20%E2%80%93%20Performance%20information.pdf,BLOCKED,403,,2026-10-02,
https://www.audit.nsw.gov.au/sites/default/files/auditoffice/2019%20Reports/Report%20on%20Local%20Government%202018/Appendix%20nine%20-%20OLG%E2%80%99s%20performance%20indicators%20from%20the%20audited%20financial%20statement%20-%20Descriptions.pdf,BLOCKED,403,,2026-10-02,
https://www.audit.nsw.gov.au/sites/default/files/documents/Appendix%20two%20-%20Bushfire%20recovery%20grants.pdf,BLOCKED,403,,2026-10-02,
https://www.audit.nsw.gov.au/sites/default/files/documents/Bushfire%20recovery%20grants.pdf,BLOCKED,403,,2026-10-02,
https://www.audit.nsw.gov.au/sites/default/files/documents/FINAL%20REPORT%20-%20Local%20Government%202021.PDF,BLOCKED,403,,2026-10-02,
https://www.audit.nsw.gov.au/sites/default/files/documents/Final%20report%20-%20Local%20government%202024_0.pdf,BLOCKED,403,,2026-10-02,
https://www.audit.nsw.gov.au/sites/default/files/documents/Report%20on%20Local%20Government%202020.pdf,BLOCKED,403,,2026-10-02,
https://www.audit.nsw.gov.au/sites/default/files/documents/TABLING%20REPORT%20-%20Local%20Government%202022.pdf,BLOCKED,403,,2026-10-02,
https://www.audit.nsw.gov.au/sites/default/files/pdf-downloads/LG2017_Report%20on%20Local%20Government%202017%20Website%20PDF%20version_22-05-18.pdf,BLOCKED,403,,2026-10-02,
https://www.audit.vic.gov.au/dashboards/reporting-local-government-performance,OK,200,,2026-10-02,
https://www.audit.vic.gov.au/report/local-government-results-2010-11-audits,OK,200,,2026-10-02,
https://www.audit.vic.gov.au/report/results-2019-20-audits-local-government,OK,200,,2026-10-02,
https://www.audit.vic.gov.au/sites/default/files/20111123-Local-Govt.pdf,OK,200,,2026-10-02,
https://www.audit.vic.gov.au/sites/default/files/2025-26/Results%20of%202024-25%20Audits%20Local%20Government/Financial%20data.csv,OK,200,,2026-10-02,
https://www.ausbanking.org.au/wp-content/uploads/2020/01/Councils-Poster-Dont-Tough-It-Out-On-Your-Own-Final.pdf,OK,200,,2026-10-02,
https://www.ausdoc.com.au/news/bushfire-smoke-fuelled-spike-ed-visits-and-asthma-drug-use,OK,200,https://www.ausdoc.com.au/news/bushfire-smoke-fuelled-spike-ed-visits-and-asthma-drug-use/,2026-10-02,
https://www.ausfoodnews.com.au/?p=41167,OK,200,https://www.ausfoodnews.com.au/2020/01/07/australias-apple-crop-has-good-fortune-in-bushfire-crisis.html,2026-10-02,
https://www.ausstats.abs.gov.au/ausstats/subscriber.nsf/0/B6FC650DDE89627CCA256EA00079B950/$File/13621_2004.pdf,OK,200,,2026-10-02,
https://www.austaxpolicy.com/news/ato-releases-latest-taxation-statistics-data/,OK,200,,2026-10-02,
https://www.australianbeverages.org/wp-content/uploads/2020/05/135X1749.pdf,OK,200,,2026-10-02,
https://www.badcredit.org/underwater-household-finances-hurricane-katrina/,OK,200,,2026-10-02,
https://www.ballina.nsw.gov.au/files/assets/public/v/1/council/documents/agenda-and-minutes/2018/22-nov-2018/221118-ordinary-agenda-22-november-2018.pdf,BLOCKED,403,,2026-10-02,
https://www.ballina.nsw.gov.au/files/assets/public/v/1/council/documents/agenda-and-minutes/2018/25-oct-2018/251018-ordinary-agenda-25-october-2018.pdf,BLOCKED,403,,2026-10-02,
https://www.ballina.nsw.gov.au/files/assets/public/v/1/council/documents/agenda-and-minutes/2019/230519-ordinary-agenda-23-may-2019.pdf,BLOCKED,403,,2026-10-02,
https://www.ballina.nsw.gov.au/files/assets/public/v/1/council/documents/agenda-and-minutes/2019/241019-ordinary-agenda.pdf,BLOCKED,403,,2026-10-02,
https://www.ballina.nsw.gov.au/files/assets/public/v/1/council/documents/agenda-and-minutes/2019/280219-ordinary-agenda-28-february-2019.pdf,BLOCKED,403,,2026-10-02,
https://www.ballina.nsw.gov.au/files/assets/public/v/1/council/documents/agenda-and-minutes/2019/280319-ordinary-agenda-28-march-2019.pdf,BLOCKED,403,,2026-10-02,
https://www.ballina.nsw.gov.au/files/assets/public/v/1/council/documents/agenda-and-minutes/2019/ordinary-agenda-28-november-2019.pdf,BLOCKED,403,,2026-10-02,
https://www.ballina.nsw.gov.au/files/assets/public/v/1/council/documents/agenda-and-minutes/2020/221020_ordinary-agenda-22-october-2020.pdf,BLOCKED,403,,2026-10-02,
https://www.ballina.nsw.gov.au/files/assets/public/v/1/council/documents/agenda-and-minutes/2020/230420-ordinary-agenda-23-april-2020.pdf,BLOCKED,403,,2026-10-02,
https://www.ballina.nsw.gov.au/files/assets/public/v/1/council/documents/agenda-and-minutes/2020/261120-ordinary-agenda-26-november-2020.pdf,BLOCKED,403,,2026-10-02,
https://www.ballina.nsw.gov.au/files/assets/public/v/1/council/documents/agenda-and-minutes/2020/270220-ordinary-agenda-27-february-2020.pdf,BLOCKED,403,,2026-10-02,
https://www.ballina.nsw.gov.au/files/assets/public/v/1/council/documents/agenda-and-minutes/2020/ordinary-agenda-26-march-2020.pdf,BLOCKED,403,,2026-10-02,
https://www.ballina.nsw.gov.au/files/assets/public/v/1/council/documents/agenda-and-minutes/2021/250221-ordinary-agenda-25-february-2021.pdf,BLOCKED,403,,2026-10-02,
https://www.ballina.nsw.gov.au/files/assets/public/v/1/council/documents/agenda-and-minutes/2021/250321-ordinary-agenda-25-march-2021.pdf,BLOCKED,403,,2026-10-02,
https://www.ballina.nsw.gov.au/files/assets/public/v/1/council/documents/agenda-and-minutes/2021/281021-ordinary-agenda-28-october-2021.pdf,BLOCKED,403,,2026-10-02,
https://www.ballina.nsw.gov.au/files/assets/public/v/1/council/documents/agenda-and-minutes/2021/ordinary-agenda-22-april-2021.pdf,BLOCKED,403,,2026-10-02,
https://www.ballina.nsw.gov.au/files/assets/public/v/1/council/documents/agenda-and-minutes/281021-item-9-14-capital-expenditure-program-30-september-2021-review.pdf,BLOCKED,403,,2026-10-02,
https://www.bangordailynews.com/2025/09/10/nation/this-california-town-was-ravaged-by-a-wildfire-seven-years-later-schools-are-still-recovering/,OK,200,,2026-10-02,
https://www.batemansbaypost.com.au/story/2919941/small-rise-will-be-worth-it/,OK,200,,2026-10-02,
https://www.batemansbaypost.com.au/story/6537281/,OK,200,https://www.batemansbaypost.com.au/story/6537281/shire-mayor-asks-residents-to-support-local-industries-after-fire-affects-tourism/,2026-10-02,
https://www.batemansbaypost.com.au/story/7497066/bushfire-survivors-given-a-further-two-years-to-stay-on-their-land-in-temporary-accommodation/,OK,200,,2026-10-02,
https://www.batemansbaypost.com.au/story/7534342/study-digs-in-to-stories-of-lost-power-after-the-black-summer-bushfires/,OK,200,,2026-10-02,
https://www.batemansbaypost.com.au/story/7699810/eurobodalla-ramps-up-campaign-to-fire-proof-mt-wandera-towers/,OK,200,,2026-10-02,
https://www.batemansbaypost.com.au/story/8070522/,OK,200,https://www.batemansbaypost.com.au/story/8070522/science-helps-shape-ways-to-be-better-prepared-for-devastating-bushfire-seasons/,2026-10-02,
https://www.bathurst.nsw.gov.au/Council/Future-Plans-Budget/Annual-Plan,BLOCKED,403,,2026-10-02,
https://www.bathurst.nsw.gov.au/council/council-meetings.html,BLOCKED,403,,2026-10-02,
https://www.bathurst.nsw.gov.au/files/assets/public/v/1/council/annual-plan/annual_financial_statements-2022.pdf,BLOCKED,403,,2026-10-02,
https://www.bathurst.nsw.gov.au/files/assets/public/v/1/council/annual-plan/brc-annual-financial-statements-2023-2024.pdf,BLOCKED,403,,2026-10-02,
https://www.bathurst.nsw.gov.au/files/assets/public/v/1/council/plans-policies/annual-financial-statements-2017-2018-bathurst-regional-council.pdf,BLOCKED,403,,2026-10-02,
https://www.bathurst.nsw.gov.au/files/assets/public/v/1/council/plans-policies/bathurst_regional_council_-_financial_statements_2018-19.pdf,BLOCKED,403,,2026-10-02,
https://www.bayside.nsw.gov.au/sites/default/files/2019-10/Annual%20Financial%20Statements%202016-17%20-%20Bayside%20Council%20Complete%20Financial%20Reports.pdf,OK,200,,2026-10-02,
https://www.bayside.nsw.gov.au/sites/default/files/2019-10/Financial%20Reports%202017-2018.pdf,OK,200,,2026-10-02,
https://www.bayside.nsw.gov.au/sites/default/files/2020-10/Bayside%20Council%20-%20Audited%20Financial%20Statements%20-%202018-19.PDF,OK,200,,2026-10-02,
https://www.bayside.nsw.gov.au/sites/default/files/2020-11/2020%20Annual%20Report.PDF,OK,200,,2026-10-02,
https://www.bayside.nsw.gov.au/sites/default/files/2021-11/2020-2021%20Annual%20Financial%20Statements.pdf,OK,200,,2026-10-02,
https://www.bayside.nsw.gov.au/sites/default/files/2022-11/bayside_council_financial_statements_2021_22.pdf,OK,200,,2026-10-02,
https://www.bayside.nsw.gov.au/sites/default/files/2024-02/audited_annual_financial_statements_june_23.pdf,OK,200,,2026-10-02,
https://www.bayside.nsw.gov.au/sites/default/files/2024-11/General%20Purpose%20Financial%20Statements%20for%20the%20year%20ended%2030%20June%202024.pdf,OK,200,,2026-10-02,
https://www.bayside.nsw.gov.au/your-council/corporate-planning-and-reporting,OK,200,,2026-10-02,
https://www.begadistrictnews.com.au/story/6537281,OK,200,https://www.begadistrictnews.com.au/story/6537281/shire-mayor-asks-residents-to-support-local-industries-after-fire-affects-tourism/,2026-10-02,
https://www.begadistrictnews.com.au/story/6559719/,OK,200,https://www.begadistrictnews.com.au/story/6559719/new-message-to-south-coast-tourists-if-you-dont-need-to-be-here-stay-away/,2026-10-02,
https://www.begadistrictnews.com.au/story/6602338/,OK,200,https://www.begadistrictnews.com.au/story/6602338/chip-mill-assessment-starts/,2026-10-02,
https://www.begadistrictnews.com.au/story/6602338/chip-mill-assessment-starts,OK,200,https://www.begadistrictnews.com.au/story/6602338/chip-mill-assessment-starts/,2026-10-02,
https://www.begadistrictnews.com.au/story/6648047/south-coast-businesses-begin-long-road-to-recovery-after-summer-inferno/,OK,200,,2026-10-02,
https://www.begadistrictnews.com.au/story/6648047/south-coast-businesses-begin-long-road-to-recovery-after-summer-inferno/?cs=509,OK,200,,2026-10-02,
https://www.begadistrictnews.com.au/story/6652029/lost-income-in-the-fires-what-is-available-and-how-you-can-claim,OK,200,https://www.begadistrictnews.com.au/story/6652029/lost-income-in-the-fires-what-is-available-and-how-you-can-claim/,2026-10-02,
https://www.begadistrictnews.com.au/story/6803352/prime-minister-visits-eden-chip-millphotos-video/,OK,200,,2026-10-02,
https://www.begadistrictnews.com.au/story/6838445/mallacoota-real-estate-market-soars-as-housing-shortage-impacts-community-rebuild/,OK,200,,2026-10-02,
https://www.begadistrictnews.com.au/story/7140748/anu-conducts-nationwide-survey-on-bushfire-impacts-on-health-and-wellbeing/,OK,200,,2026-10-02,
https://www.begadistrictnews.com.au/story/7497066/bushfire-survivors-given-a-further-two-years-to-stay-on-their-land-in-temporary-accommodation,OK,200,https://www.begadistrictnews.com.au/story/7497066/bushfire-survivors-given-a-further-two-years-to-stay-on-their-land-in-temporary-accommodation/,2026-10-02,
https://www.begadistrictnews.com.au/story/7623710/disaster-affected-businesses-invited-to-meet-with-ombudsman,OK,200,https://www.begadistrictnews.com.au/story/7623710/disaster-affected-businesses-invited-to-meet-with-ombudsman/,2026-10-02,
https://www.begadistrictnews.com.au/story/8354624/,OK,200,https://www.begadistrictnews.com.au/story/8354624/20-south-coast-schools-to-temporarily-close-due-to-extreme-fire-danger/,2026-10-02,
https://www.begadistrictnews.com.au/story/8359487/,OK,200,https://www.begadistrictnews.com.au/story/8359487/ill-never-forget-my-daughters-blood-curdling-scream-as-the-fire-approached/,2026-10-02,
https://www.begavalley.nsw.gov.au/About-Council/Plans-and-Reporting/Performance-Reporting,BLOCKED,403,,2026-10-02,
https://www.begavalley.nsw.gov.au/files/assets/public/v/1/about-council/documents/plans-and-reporting/budget-reviews/2018-19-qbr-dec2018.pdf,BLOCKED,403,,2026-10-02,
https://www.begavalley.nsw.gov.au/files/assets/public/v/1/about-council/documents/plans-and-reporting/budget-reviews/2018-19-qbr-mar2019.pdf,BLOCKED,403,,2026-10-02,
https://www.begavalley.nsw.gov.au/files/assets/public/v/1/about-council/documents/plans-and-reporting/budget-reviews/2019-20-qbr-dec2019.pdf,BLOCKED,403,,2026-10-02,
https://www.begavalley.nsw.gov.au/files/assets/public/v/1/about-council/documents/plans-and-reporting/budget-reviews/2019-20-qbr-mar2020.pdf,BLOCKED,403,,2026-10-02,
https://www.begavalley.nsw.gov.au/files/assets/public/v/1/about-council/documents/plans-and-reporting/budget-reviews/2019-20-qbr-sept2019.pdf,BLOCKED,403,,2026-10-02,
https://www.begavalley.nsw.gov.au/files/assets/public/v/1/about-council/documents/plans-and-reporting/budget-reviews/2020-21-qbr-dec2020.pdf,BLOCKED,403,,2026-10-02,
https://www.begavalley.nsw.gov.au/files/assets/public/v/1/about-council/documents/plans-and-reporting/budget-reviews/2020-21-qbr-mar2021.pdf,BLOCKED,403,,2026-10-02,
https://www.begavalley.nsw.gov.au/files/assets/public/v/1/about-council/documents/plans-and-reporting/budget-reviews/2020-21-qbr-sept2020.pdf,BLOCKED,403,,2026-10-02,
https://www.begavalley.nsw.gov.au/files/assets/public/v/1/about-council/documents/plans-and-reporting/budget-reviews/2021-22-qbr-dec2021.pdf,BLOCKED,403,,2026-10-02,
https://www.begavalley.nsw.gov.au/files/assets/public/v/1/about-council/documents/plans-and-reporting/budget-reviews/2021-22-qbr_mar2022.pdf,BLOCKED,403,,2026-10-02,
https://www.begavalley.nsw.gov.au/files/assets/public/v/1/about-council/documents/plans-and-reporting/budget-reviews/2021-22-qbr_sept2021.pdf,BLOCKED,403,,2026-10-02,
https://www.begavalley.nsw.gov.au/page.asp?p=DOC-CHO-08-83-64,BLOCKED,403,,2026-10-02,
https://www.begavalley.nsw.gov.au/page.asp?p=DOC-RXI-35-20-01,BLOCKED,403,,2026-10-02,
https://www.begavalley.nsw.gov.au/page.asp?p=DOC-VMC-36-21-02,BLOCKED,403,,2026-10-02,
https://www.bellingen.nsw.gov.au,BLOCKED,403,https://www.bellingen.nsw.gov.au/,2026-10-02,
https://www.bellingen.nsw.gov.au/files/sharedassets/public/files/financial-statements/bsc_annualreport1718financials_r1web.pdf,BLOCKED,403,,2026-10-02,
https://www.bellingen.nsw.gov.au/files/sharedassets/public/v/1/files/annual-reports/ar-2021-22/annual_financial_statements-2022.pdf,BLOCKED,403,,2026-10-02,
https://www.bellingen.nsw.gov.au/files/sharedassets/public/v/1/files/financial-statements/annual-report-2015-16-part-d-financial-statements.pdf,BLOCKED,403,,2026-10-02,
https://www.bellingen.nsw.gov.au/files/sharedassets/public/v/1/files/financial-statements/bellingen-shire-council-annual-report-2016-17-part-d-financial-statements_0-1.pdf,BLOCKED,403,,2026-10-02,
https://www.bellingen.nsw.gov.au/files/sharedassets/public/v/1/files/financial-statements/financial-statements-2018-19.pdf,BLOCKED,403,,2026-10-02,
https://www.bellingen.nsw.gov.au/files/sharedassets/public/v/2/files/ipr/annual-financial-statements-2022-23.pdf,BLOCKED,403,,2026-10-02,
https://www.bendigoadvertiser.com.au/story/7522200/black-saturday-cost-victims-52300-in-psychological-damage/,OK,200,,2026-10-02,
https://www.berriganshire.nsw.gov.au/Council/Governance-Transparency/Policies-Plans-Documents/Reports/Financial-Statements,BLOCKED,403,,2026-10-02,
https://www.berriganshire.nsw.gov.au/files/assets/public/v/1/01-council/gov.-amp-transparency/plans-and-strategies/reports/2021-2022-annual-financial-statement.pdf,BLOCKED,403,,2026-10-02,
https://www.berriganshire.nsw.gov.au/files/assets/public/v/1/01-council/gov.-amp-transparency/plans-and-strategies/reports/annual-financial-statements-2023-2024.pdf,BLOCKED,403,,2026-10-02,
https://www.berriganshire.nsw.gov.au/files/assets/public/v/1/01-council/gov.-amp-transparency/plans-and-strategies/reports/annual-financial-statements-2023.pdf,BLOCKED,403,,2026-10-02,
https://www.berriganshire.nsw.gov.au/files/assets/public/v/1/01-council/gov.-amp-transparency/plans-and-strategies/reports/financial-statements-2015-2016.pdf,BLOCKED,403,,2026-10-02,
https://www.berriganshire.nsw.gov.au/files/assets/public/v/1/01-council/gov.-amp-transparency/plans-and-strategies/reports/financial-statements-2016-2017.pdf,BLOCKED,403,,2026-10-02,
https://www.berriganshire.nsw.gov.au/files/assets/public/v/1/01-council/gov.-amp-transparency/plans-and-strategies/reports/financial-statements-2017-2018.pdf,BLOCKED,403,,2026-10-02,
https://www.berriganshire.nsw.gov.au/files/assets/public/v/1/01-council/gov.-amp-transparency/plans-and-strategies/reports/financial-statements-2019-2020.pdf,BLOCKED,403,,2026-10-02,
https://www.berriganshire.nsw.gov.au/files/assets/public/v/1/01-council/gov.-amp-transparency/plans-and-strategies/reports/financial-statements-2020-2021.pdf,BLOCKED,403,,2026-10-02,
https://www.berriganshire.nsw.gov.au/files/assets/public/v/2/01-council/gov.-amp-transparency/plans-and-strategies/reports/financial-statements-2018-2019.pdf,BLOCKED,403,,2026-10-02,
https://www.bespacific.com/?p=41144,OK,200,https://www.bespacific.com/taken-storm-business-survival-aftermath-hurricane-katrina/,2026-10-02,
https://www.bitre.gov.au/publications/2001/report_103,OK,200,https://www.bitre.gov.au/resource/regions-cities/economic-costs-natural-disasters-australia,2026-10-02,
https://www.blacktown.nsw.gov.au/About-Council/Plans-policies-and-reports/Annual-audit-and-financial-reports,BLOCKED,403,,2026-10-02,
https://www.blandshire.nsw.gov.au/Council/Finance,BLOCKED,403,,2026-10-02,
https://www.blandshire.nsw.gov.au/files/sharedassets/public/annual-financial-statements/annual-financial-statements-2022-audited.pdf,BLOCKED,403,,2026-10-02,
https://www.blandshire.nsw.gov.au/files/sharedassets/public/annual-financial-statements/annual_financial_statements-2021.pdf,BLOCKED,403,,2026-10-02,
https://www.blandshire.nsw.gov.au/files/sharedassets/public/annual-financial-statements/bland-shire-council-annual-financial-statements-2019-20.pdf,BLOCKED,403,,2026-10-02,
https://www.blandshire.nsw.gov.au/files/sharedassets/public/annual-financial-statements/bland-shire-council-financial-statements-2018-19.pdf,BLOCKED,403,,2026-10-02,
https://www.blandshire.nsw.gov.au/files/sharedassets/public/v/1/annual-financial-statements/annual_financial_statements-2023.pdf,BLOCKED,403,,2026-10-02,
https://www.blandshire.nsw.gov.au/files/sharedassets/public/v/1/annual-financial-statements/annual_financial_statements-2024.pdf,BLOCKED,403,,2026-10-02,
https://www.blandshire.nsw.gov.au/files/sharedassets/public/v/1/annual-financial-statements/bland-shire-council-financial-statements-2015-16.pdf,BLOCKED,403,,2026-10-02,
https://www.blandshire.nsw.gov.au/files/sharedassets/public/v/1/annual-financial-statements/bland-shire-council-financial-statements-2016-2017.pdf,BLOCKED,403,,2026-10-02,
https://www.blandshire.nsw.gov.au/files/sharedassets/public/v/1/annual-financial-statements/bland-shire-council-financial-statements-2017-2018.pdf,BLOCKED,403,,2026-10-02,
https://www.blayney.nsw.gov.au/ArticleDocuments/271/201920%20Annual%20Report%20FINAL%20reduced.pdf.aspx,OK,200,,2026-10-02,
https://www.blayney.nsw.gov.au/ArticleDocuments/271/Annual%20Financial%20Statements%202024.pdf.aspx,OK,200,,2026-10-02,
https://www.blayney.nsw.gov.au/ArticleDocuments/271/Annual%20Report%202018-19%20FINAL%20reduced.pdf.aspx,OK,200,,2026-10-02,
https://www.blayney.nsw.gov.au/ArticleDocuments/271/Annual%20Report%20202021%20-%20final%2030112021.reduced%20size.pdf.aspx,OK,200,,2026-10-02,
https://www.blayney.nsw.gov.au/ArticleDocuments/271/Annual%20Report%202021%20-%202022.pdf.aspx,OK,200,,2026-10-02,
https://www.blayney.nsw.gov.au/ArticleDocuments/271/Annual_Financial_Statements-2023.pdf.aspx,OK,200,,2026-10-02,
https://www.blayney.nsw.gov.au/ArticleDocuments/271/Annual_Financial_Statements-2025%20Blayney%20Shire%20Council.pdf.aspx,OK,200,,2026-10-02,
https://www.blayney.nsw.gov.au/council/council-information/access-to-council-information,OK,200,,2026-10-02,
https://www.blayney.nsw.gov.au/council/council-information/plans-and-strategies,OK,200,,2026-10-02,
https://www.bls.gov/opub/mlr/2020/beyond-bls/how-did-the-2005-hurricanes-affect-individuals-long-term-earnings.htm,BLOCKED,403,,2026-10-02,
https://www.bls.gov/osmr/research-papers/2017/ec170070.htm,BLOCKED,403,,2026-10-02,
https://www.bls.gov/osmr/research-papers/2017/pdf/ec170070.pdf,BLOCKED,403,,2026-10-02,
https://www.bluemountainsgazette.com.au/story/1947717/struggling-on-tourism-revenue-down-by-80pc/,OK,200,,2026-10-02,
https://www.bluemountainsgazette.com.au/story/4335657/survivor-issues-five-years-on/,OK,200,,2026-10-02,
https://www.bluemountainsgazette.com.au/story/6846918/services-australias-bushfire-assistance-deadline-looming/,OK,200,,2026-10-02,
https://www.bmcc.nsw.gov.au,OK,200,https://www.bmcc.nsw.gov.au/,2026-10-02,
https://www.bmcc.nsw.gov.au/council-meetings,OK,200,,2026-10-02,
https://www.bmcc.nsw.gov.au/council-meetings/2020-business-papers-minutes,OK,200,,2026-10-02,
https://www.bmcc.nsw.gov.au/council-meetings/2021-business-papers-minutes,OK,200,,2026-10-02,
https://www.bmcc.nsw.gov.au/documents/2021-05-25-council-meeting-business-paper,OK,200,,2026-10-02,
https://www.bmcc.nsw.gov.au/documents/2022-02-22-council-meeting-enclosure-to-item-16,OK,200,,2026-10-02,
https://www.bmcc.nsw.gov.au/documents/annual-report-financial-statements-2019-2020,OK,200,,2026-10-02,
https://www.bmcc.nsw.gov.au/publications/looking-back-integrated-reporting,OK,200,,2026-10-02,
https://www.bmcc.nsw.gov.au/sites/default/files/docs/2018-11-13_BP.pdf,BROKEN,404,,2026-10-02,
https://www.bmcc.nsw.gov.au/sites/default/files/docs/2018-11-13_BusinessPaper.pdf,OK,200,,2026-10-02,
https://www.bmcc.nsw.gov.au/sites/default/files/docs/2019-02-26_BP.pdf,OK,200,,2026-10-02,
https://www.bmcc.nsw.gov.au/sites/default/files/docs/2019-05-28_Enclosure-item-5.PDF,OK,200,,2026-10-02,
https://www.bmcc.nsw.gov.au/sites/default/files/docs/2019-11-26_BusinessPaper.pdf,OK,200,,2026-10-02,
https://www.bmcc.nsw.gov.au/sites/default/files/docs/2020-02-25_BP.pdf,OK,200,,2026-10-02,
https://www.bmcc.nsw.gov.au/sites/default/files/docs/2020-05-26_BP.pdf,BROKEN,404,,2026-10-02,
https://www.bmcc.nsw.gov.au/sites/default/files/docs/2020-05-26_BusinessPaper.pdf,OK,200,,2026-10-02,
https://www.bmcc.nsw.gov.au/sites/default/files/docs/2020-06-30_BushfireRecoveryActionPlan_July-December2020.pdf,OK,200,,2026-10-02,
https://www.bmcc.nsw.gov.au/sites/default/files/docs/2020-08-25_BP.pdf,BROKEN,404,,2026-10-02,
https://www.bmcc.nsw.gov.au/sites/default/files/docs/2020-08-25_BusinessPaper.pdf,BROKEN,404,,2026-10-02,
https://www.bmcc.nsw.gov.au/sites/default/files/docs/2020-11-24_Enclosure_Item5.PDF,OK,200,,2026-10-02,
https://www.bmcc.nsw.gov.au/sites/default/files/docs/2020-11-24_Enclosure_Item6.PDF,OK,200,,2026-10-02,
https://www.bmcc.nsw.gov.au/sites/default/files/docs/2020-11-24_Enclosure_Item7.PDF,OK,200,,2026-10-02,
https://www.bmcc.nsw.gov.au/sites/default/files/docs/2021-02-23_Enclosure_Item3.pdf,OK,200,,2026-10-02,
https://www.bmcc.nsw.gov.au/sites/default/files/docs/2021-05-25_BP.pdf,BROKEN,404,,2026-10-02,
https://www.bmcc.nsw.gov.au/sites/default/files/docs/2021-05-25_BusinessPaper.pdf,BROKEN,404,,2026-10-02,
https://www.bmcc.nsw.gov.au/sites/default/files/docs/2021-05-25_Enclosure_Item2.pdf,BROKEN,404,,2026-10-02,
https://www.bmcc.nsw.gov.au/sites/default/files/docs/2021-05-25_Enclosure_Item3.pdf,BROKEN,404,,2026-10-02,
https://www.bmcc.nsw.gov.au/sites/default/files/docs/2021-11-30_Enclosure_Item_10.pdf,OK,200,,2026-10-02,
https://www.bmcc.nsw.gov.au/sites/default/files/docs/2021-11-30_Enclosure_Item_2.pdf,OK,200,,2026-10-02,
https://www.bmcc.nsw.gov.au/sites/default/files/docs/2021-11-30_Enclosure_Item_5.pdf,OK,200,,2026-10-02,
https://www.bmcc.nsw.gov.au/sites/default/files/docs/2021-11-30_Enclosure_Item_6.pdf,OK,200,,2026-10-02,
https://www.bmcc.nsw.gov.au/sites/default/files/docs/2022-02-22_Enclosure_Item16.pdf,BROKEN,404,,2026-10-02,
https://www.bmcc.nsw.gov.au/sites/default/files/docs/2022-02-22_Enclosure_Item_16.pdf,OK,200,,2026-10-02,
https://www.bmcc.nsw.gov.au/sites/default/files/docs/2022-05-31_Enclosure_Item_3.pdf,OK,200,,2026-10-02,
https://www.bmcc.nsw.gov.au/sites/default/files/docs/21-05-25_Enclosure_Item19.pdf,OK,200,,2026-10-02,
https://www.bmcc.nsw.gov.au/sites/default/files/docs/22-02-22_Enclosure_Item16.pdf,BROKEN,404,,2026-10-02,
https://www.bmcc.nsw.gov.au/sites/default/files/docs/AnnualFinancialStatements_15-16.pdf,BROKEN,404,,2026-10-02,
https://www.bmcc.nsw.gov.au/sites/default/files/docs/AnnualFinancialStatements_16-17.pdf,BROKEN,404,,2026-10-02,
https://www.bmcc.nsw.gov.au/sites/default/files/docs/AnnualFinancialStatements_17-18.pdf,BROKEN,404,,2026-10-02,
https://www.bmcc.nsw.gov.au/sites/default/files/docs/AnnualFinancialStatements_18-19.pdf,BROKEN,404,,2026-10-02,
https://www.bmcc.nsw.gov.au/sites/default/files/docs/AnnualFinancialStatements_19-20.pdf,OK,200,,2026-10-02,
https://www.bmcc.nsw.gov.au/sites/default/files/docs/AnnualFinancialStatements_23-24.pdf,BROKEN,404,,2026-10-02,
https://www.bmcc.nsw.gov.au/sites/default/files/docs/AnnualReport2016-2017.pdf,OK,200,,2026-10-02,
https://www.bmcc.nsw.gov.au/sites/default/files/docs/BMCC%20Annual%20Financial%20Statements%202022-2023.PDF,OK,200,,2026-10-02,
https://www.bmcc.nsw.gov.au/sites/default/files/docs/BMCC%20Annual%20Report%202019-2020.pdf,OK,200,,2026-10-02,
https://www.bmcc.nsw.gov.au/sites/default/files/docs/BMCC%20Annual%20Report%202023-2024.pdf,OK,200,,2026-10-02,
https://www.bmcc.nsw.gov.au/sites/default/files/docs/Final_Annual_Financial_Statements-2021.pdf,OK,200,,2026-10-02,
https://www.bnhcrc.com.au/about-us/board-and-staff/matthias%20boer,OK,200,https://naturalhazards.com.au/about-us/board-and-staff/matthias%20boer,2026-10-02,
https://www.bnhcrc.com.au/people/mdrew,BROKEN,404,https://naturalhazards.com.au/people/mdrew,2026-10-02,
https://www.bnhcrc.com.au/research/topics/economics?page=5,BROKEN,404,https://naturalhazards.com.au/research/topics/economics?page=5,2026-10-02,
https://www.bocsar.nsw.gov.au/statistics-dataset-and-analysis/criminal-justice-statistics/datasets.html,OK,200,https://bocsar.nsw.gov.au/errors/404.html,2026-10-02,
https://www.bogan.nsw.gov.au/images/Bogan_Shire_Council_-_Financial_Statements_-_2019-2020.pdf,BROKEN,404,https://bogan.nsw.gov.au/images/Bogan_Shire_Council_-_Financial_Statements_-_2019-2020.pdf,2026-10-02,
https://www.bogan.nsw.gov.au/images/Bogan_Shire_Council_-_Financial_Statements_-_2020-2021.pdf,BROKEN,404,https://bogan.nsw.gov.au/images/Bogan_Shire_Council_-_Financial_Statements_-_2020-2021.pdf,2026-10-02,
https://www.bogan.nsw.gov.au/images/Bogan_Shire_Council_Annual_Report_2018-19_Adopted_28112018.pdf,BROKEN,404,https://bogan.nsw.gov.au/images/Bogan_Shire_Council_Annual_Report_2018-19_Adopted_28112018.pdf,2026-10-02,
https://www.bogan.nsw.gov.au/images/Bogan_Shire_Council_Annual_Report_2021-2022.pdf,BROKEN,404,https://bogan.nsw.gov.au/images/Bogan_Shire_Council_Annual_Report_2021-2022.pdf,2026-10-02,
https://www.bogan.nsw.gov.au/images/Financial_statements/Bogan_Shire_Council_-_Annual_Financial_Statements-2021-2022.pdf,BROKEN,404,https://bogan.nsw.gov.au/images/Financial_statements/Bogan_Shire_Council_-_Annual_Financial_Statements-2021-2022.pdf,2026-10-02,
https://www.bordermail.com.au/story/6637437/farmers-could-be-left-with-the-bill-for-replacing-burned-fences/,OK,200,,2026-10-02,
https://www.bordermail.com.au/story/6642878/apples-ripen-after-the-flames-but-full-fire-impact-unknown/,OK,200,,2026-10-02,
https://www.bordermail.com.au/story/6782827/hard-reality-of-softwood-destruction-made-clear/,OK,200,,2026-10-02,
https://www.brewarrina.nsw.gov.au/council/council-publications/annual-report.aspx,BROKEN,404,https://brewarrina.nsw.gov.au/council/council-publications/annual-report.aspx,2026-10-02,
https://www.brokenhill.nsw.gov.au/Council/Reports/Annual-Report,BLOCKED,403,,2026-10-02,
https://www.buildaustralia.com.au/?p=24861,OK,200,https://www.buildaustralia.com.au/news_article/1b-to-rebuild-bushfire-impacted-communities-in-nsw/,2026-10-02,
https://www.burwood.nsw.gov.au/Our-Council/Policies-Plans-and-Reports/Reports,BLOCKED,403,,2026-10-02,
https://www.bushfirerecovery.gov.au/sites/default/files/video-gallery/NSW%20-%20LGA%20profiles%20-%20data%20as%20at%2031%20December%202020.docx,FAILED,,,2026-10-02,"ConnectionError: HTTPSConnectionPool(host='www.bushfirerecovery.gov.au', port=443): Max retries exceeded with url: /sites/default/files/video-gallery/NSW%20-%20LGA%20p"
https://www.bushfires.unsw.edu.au/news/smoke-related-health-costs-2019-20-bushfires-estimated-195-billion,OK,200,,2026-10-02,
https://www.businessinsurance.com/Fire-losses-spark-exposures-among-insurers-reinsurers/,OK,200,,2026-10-02,
https://www.buttecounty.net/DocumentCenter/View/2823/Demographics-and-Market-Conditions-Analysis-PDF,OK,200,,2026-10-02,
https://www.byron.nsw.gov.au/Council/Council-documents/Quarterly-budget-review-statements,BLOCKED,403,,2026-10-02,
https://www.byron.nsw.gov.au/Council/Council-meetings/Agendas-and-minutes,BLOCKED,403,,2026-10-02,
https://www.byron.nsw.gov.au/files/assets/public/hptrim/corporate-management-reporting-records-used-to-produce-reports-2020/final-published-byron-shire-council-2019-2020-financial-statements-as-at-30-november-2020-with-signed-audit-reports.pdf,BLOCKED,403,,2026-10-02,
https://www.byron.nsw.gov.au/files/assets/public/hptrim/financial-management-budgeting-operational-budget-documentation-20172018/w201821460-byron-shire-council-audited-financial-statements-2017.pdf,BLOCKED,403,,2026-10-02,
https://www.byron.nsw.gov.au/files/assets/public/hptrim/financial-management-financial-reporting-financial-statements-working-papers-20182019/e201885029-final-published-byron-shire-council-financial-statements-30-june-2018.pdf,BLOCKED,403,,2026-10-02,
https://www.byron.nsw.gov.au/files/assets/public/hptrim/financial-management-financial-reporting-financial-statements-working-papers-20192020/e201982077-final-published-byron-shire-council-financial-statements-2018-2019-including-special-schedules.pdf,BLOCKED,403,,2026-10-02,
https://www.byron.nsw.gov.au/files/assets/public/hptrim/financial-management-financial-reporting-financial-statements-working-papers-20212022/published-audited-2021-byron-shire-council-financial-statements.pdf,BLOCKED,403,,2026-10-02,
https://www.byron.nsw.gov.au/files/assets/public/hptrim/financial-management-financial-reporting-financial-statements-working-papers-20222023/final-published-byron-shire-council-financial-statements-30-june-2022.pdf,BLOCKED,403,,2026-10-02,
https://www.byron.nsw.gov.au/files/assets/public/v/1/hptrim/financial-management-financial-reporting-financial-statements-working-papers-20232024/final-published-2022-2023-byron-shire-council-financial-statements.pdf,BLOCKED,403,,2026-10-02,
https://www.byron.nsw.gov.au/files/assets/public/v/1/hptrim/information-management-publications-websites-public-old-website-documents-as-at-february-2018/w201814-2015-2016_financial_statements.pdf,BLOCKED,403,,2026-10-02,
https://www.cabonne.nsw.gov.au/council/business-papers-reports-policies-and-publications/reports/annual-financial-statements,BLOCKED,403,,2026-10-02,
https://www.cabonne.nsw.gov.au/files/sharedassets/public/council/business-papers-reports-policies-and-publications/reports/annual-financial-statements/annual-financial-statements-2015-16.pdf,BLOCKED,403,,2026-10-02,
https://www.cabonne.nsw.gov.au/files/sharedassets/public/council/business-papers-reports-policies-and-publications/reports/annual-financial-statements/annual-financial-statements-2016-17.pdf,BLOCKED,403,,2026-10-02,
https://www.cabonne.nsw.gov.au/files/sharedassets/public/council/business-papers-reports-policies-and-publications/reports/annual-financial-statements/annual-financial-statements-2018-19.pdf,BLOCKED,403,,2026-10-02,
https://www.cabonne.nsw.gov.au/files/sharedassets/public/council/business-papers-reports-policies-and-publications/reports/annual-financial-statements/cabonne-council-financial-statements-2020-21.pdf,BLOCKED,403,,2026-10-02,
https://www.cabonne.nsw.gov.au/files/sharedassets/public/council/business-papers-reports-policies-and-publications/reports/annual-financial-statements/cabonne-council-financial_statements-2020.pdf,BLOCKED,403,,2026-10-02,
https://www.cabonne.nsw.gov.au/files/sharedassets/public/news/2022/new-folder/2022-financials/cabonne-council-annual-financial-statements-2021-2022.pdf,BLOCKED,403,,2026-10-02,
https://www.cabonne.nsw.gov.au/files/sharedassets/public/v/1/council/business-papers-reports-policies-and-publications/ip-and-r/2024-25/audited-financial-statements-2023-2024.pdf,BLOCKED,403,,2026-10-02,
https://www.cabonne.nsw.gov.au/files/sharedassets/public/v/1/council/business-papers-reports-policies-and-publications/reports/annual-financial-statements/2024/annual-financial-statements-2023-3-1.pdf,BLOCKED,403,,2026-10-02,
https://www.caliper.com/Maptitude/solutions/postcode-mapping-software-australia.htm,OK,200,,2026-10-02,
https://www.camden.nsw.gov.au/assets/Uploads/Annual-Financial-Statements-2020.pdf,OK,200,,2026-10-02,
https://www.camden.nsw.gov.au/assets/Uploads/Camden-Council-Financial-Statements-2020-21.pdf,OK,200,,2026-10-02,
https://www.camden.nsw.gov.au/assets/Uploads/Camden-Council-Financial-Statements-2023-24.pdf,OK,200,,2026-10-02,
https://www.camden.nsw.gov.au/assets/pdfs/Council/Integrated-Planning/Annual-Report/Financial-Statements-2015-16-FINAL.pdf,OK,200,,2026-10-02,
https://www.camden.nsw.gov.au/assets/pdfs/Council/Integrated-Planning/Annual-Report/Financial-Statements-2017-18.pdf,OK,200,,2026-10-02,
https://www.camden.nsw.gov.au/assets/pdfs/Council/Integrated-Planning/Annual-Report/Financial-Statements-2018-19.pdf,OK,200,,2026-10-02,
https://www.camden.nsw.gov.au/assets/pdfs/Council/Integrated-Planning/Camden-Council-Annual-Financial-Statements-2023.pdf,OK,200,,2026-10-02,
https://www.camden.nsw.gov.au/assets/pdfs/Media-and-News-Desk/Matters-on-Exhibition/Camden-Council-Financial-Statements-Final.pdf,OK,200,,2026-10-02,
https://www.camden.nsw.gov.au/assets/pdfs/Payments-and-Forms/Annual-Financial-Statements-2022.pdf,OK,200,,2026-10-02,
https://www.camden.nsw.gov.au/council/integrated-planning/annual-report-and-financial-statement/annual-report-and-financial-statement-archive,OK,200,,2026-10-02,
https://www.campbelltown.nsw.gov.au/Council-and-Councillors/Financial-information,BLOCKED,403,,2026-10-02,
https://www.canadabay.nsw.gov.au/council/about-council/council-meetings,OK,200,,2026-10-02,
https://www.canadabay.nsw.gov.au/council/about-council/our-reporting,OK,200,,2026-10-02,
https://www.canadabay.nsw.gov.au/sites/default/files/Council/Council%20meeting/older/Annual_Report_2017-18_web_final%20(1).pdf,OK,200,,2026-10-02,
https://www.canadabay.nsw.gov.au/sites/default/files/documents/Annual-Financial-Statements-YE-1617---City-of-Canada-Bay-Council.pdf,OK,200,,2026-10-02,
https://www.canadabay.nsw.gov.au/sites/default/files/documents/City-of-Canada-Bay---Financial-Statements-(2015-16).pdf,OK,200,,2026-10-02,
https://www.canberratimes.com.au/story/1225162/heartbreak-the-forgotten-cost-of-bushfires,OK,200,https://www.canberratimes.com.au/story/1225162/heartbreak-the-forgotten-cost-of-bushfires/,2026-10-02,
https://www.canberratimes.com.au/story/6544113/nsw-properties-feared-lost-after-backburns/,OK,200,,2026-10-02,
https://www.canberratimes.com.au/story/6567087/nsw-farmers-count-livestock-losses,OK,200,https://www.canberratimes.com.au/story/6567087/nsw-farmers-count-livestock-losses/,2026-10-02,
https://www.canberratimes.com.au/story/6613976/council-rate-relief-for-nsw-fire-victims/,OK,200,,2026-10-02,
https://www.canberratimes.com.au/story/6636311/timbers-dark-days-as-contractors-look-to-salvage-industry-after-fires/,OK,200,,2026-10-02,
https://www.canberratimes.com.au/story/6672585/report-outlines-toll-of-bushfire-crisis,OK,200,https://www.canberratimes.com.au/story/6672585/report-outlines-toll-of-bushfire-crisis/,2026-10-02,
https://www.canberratimes.com.au/story/6782830/south-coast-snowies-bega-hit-hardest-financially-from-bushfires/,OK,200,,2026-10-02,
https://www.canberratimes.com.au/story/6794657/councils-cannot-provide-much-more-than-moral-support-after-bushfires-royal-commission-told/,OK,200,,2026-10-02,
https://www.canberratimes.com.au/story/6846918/services-australias-bushfire-assistance-deadline-looming/?cs=14231,OK,200,,2026-10-02,
https://www.canberratimes.com.au/story/6857156/property-insurance-becoming-unaffordable,OK,200,https://www.canberratimes.com.au/story/6857156/property-insurance-becoming-unaffordable/,2026-10-02,
https://www.canberratimes.com.au/story/7027678/bushfire-communities-still-struggle-a-year-on/,OK,200,,2026-10-02,
https://www.canberratimes.com.au/story/7138210/report-queries-federal-bushfire-funding/,OK,200,,2026-10-02,
https://www.canberratimes.com.au/story/7149397/harrowing-cobargo-still-reeling-a-year-on-from-black-summer-fires,OK,200,https://www.canberratimes.com.au/story/7149397/harrowing-cobargo-still-reeling-a-year-on-from-black-summer-fires/,2026-10-02,
https://www.canberratimes.com.au/story/7149397/harrowing-cobargo-still-reeling-a-year-on-from-black-summer-fires/?cs=14225,OK,200,,2026-10-02,
https://www.canberratimes.com.au/story/7548156/black-summer-bushfires-cost-agriculture,OK,200,https://www.canberratimes.com.au/story/7548156/black-summer-bushfires-cost-agriculture/,2026-10-02,
https://www.canberratimes.com.au/story/7548477/,OK,200,https://www.canberratimes.com.au/story/7548477/mice-floods-pandemic-south-coast-hit-with-ongoing-challenges-two-years-after-bushfires/,2026-10-02,
https://www.canberratimes.com.au/story/7755591/,OK,200,https://www.canberratimes.com.au/story/7755591/find-out-how-many-applications-have-flooded-in-for-special-disaster-grants/,2026-10-02,
https://www.canberratimes.com.au/story/8155248/south-coast-town-rated-nsws-worst-for-renters-with-pets/,OK,200,,2026-10-02,
https://www.canberratimes.com.au/story/8354613/20-far-south-coast-schools-to-close-following-rfs-advice-of-extreme-conditions/,OK,200,,2026-10-02,
https://www.canberratimes.com.au/story/8354624/20-south-coast-schools-to-temporarily-close-due-to-extreme-fire-danger/,OK,200,,2026-10-02,
https://www.canberratimes.com.au/story/8354762/fire-danger-escalates-schools-closed-as-temperatures-soar/,OK,200,,2026-10-02,
https://www.canberratimes.com.au/story/8359487/,OK,200,https://www.canberratimes.com.au/story/8359487/ill-never-forget-my-daughters-blood-curdling-scream-as-the-fire-approached/,2026-10-02,
https://www.canberratimes.com.au/story/8408604/reforms-are-needed-to-tackle-nsws-future-climate-disasters,OK,200,https://www.canberratimes.com.au/story/8408604/reforms-are-needed-to-tackle-nsws-future-climate-disasters/,2026-10-02,
https://www.canberratimes.com.au/story/8570136/coroner-heeds-lessons-from-deadly-black-summer-infernos/,OK,200,,2026-10-02,
https://www.canstar.com.au/personal-loans/what-does-a-financial-counsellor-do/,OK,200,https://www.canstar.com.au/credit-score/financial-counselling/,2026-10-02,
https://www.cbc.ca/lite/story/1.6869678,OK,200,,2026-10-02,
https://www.cbcity.nsw.gov.au/your-council/measuring-performance-and-reporting,OK,200,,2026-10-02,
https://www.cbcity.nsw.gov.au/your-council/vision-strategy-and-values-csp/201718-annual-report,OK,200,,2026-10-02,
https://www.cbcity.nsw.gov.au/your-council/vision-strategy-and-values-csp/201819-annual-report,OK,200,,2026-10-02,
https://www.cbcity.nsw.gov.au/your-council/vision-strategy-and-values-csp/201920-annual-report,OK,200,,2026-10-02,
https://www.cbcity.nsw.gov.au/your-council/vision-strategy-and-values-csp/202021-annual-report,OK,200,,2026-10-02,
https://www.cbcity.nsw.gov.au/your-council/vision-strategy-and-values-csp/202122-annual-report,OK,200,,2026-10-02,
https://www.cbcity.nsw.gov.au/your-council/vision-strategy-and-values-csp/202223-annual-report,OK,200,,2026-10-02,
https://www.cbsnews.com/amp/news/california-wildfire-victims-thrust-into-northern-california-housing-shortage/,BROKEN,406,,2026-10-02,
https://www.cbsnews.com/amp/sacramento/news/paradise-officials-share-recovery-update-5-years-after-camp-fire,BROKEN,406,,2026-10-02,
https://www.cbsnews.com/news/california-wildfire-victims-thrust-into-northern-california-housing-shortage/,BROKEN,406,,2026-10-02,
https://www.cbsnews.com/sacramento/news/paradise-officials-share-recovery-update-5-years-after-camp-fire,BROKEN,406,,2026-10-02,
https://www.census.gov/data/academy/webinars/2021/storms-and-jobs.html,OK,200,,2026-10-02,
https://www.census.gov/library/working-papers/2014/adrm/ces-wp-14-20.html,OK,200,,2026-10-02,
https://www.centralcoast.nsw.gov.au/about-council/council/forms-and-publications/annual-reports,OK,200,https://www.centralcoast.nsw.gov.au/about-council/our-plans-strategies-and-reports/reporting,2026-10-02,
https://www.centralcoast.nsw.gov.au/about-council/council/meetings-and-minutes/archived-meeting-agendas-and-minutes/archived-council,OK,200,,2026-10-02,
https://www.centralcoast.nsw.gov.au/about-council/our-plans-strategies-and-reports/reporting,OK,200,,2026-10-02,
https://www.centralcoast.nsw.gov.au/council/forms-and-publications/annual-report/annual-report-2020-21,OK,200,,2026-10-02,
https://www.centralcoast.nsw.gov.au/council/forms-and-publications/annual-report/annual-report-2023-24,OK,200,,2026-10-02,
https://www.centralcoast.nsw.gov.au/council/meetings-and-minutes,OK,200,https://www.centralcoast.nsw.gov.au/about-council/council/meetings-and-minutes,2026-10-02,
https://www.centralcoast.nsw.gov.au/council/public-notices/presentation-financial-statements,OK,200,,2026-10-02,
https://www.centralcoast.nsw.gov.au/former-council-meetings,OK,200,,2026-10-02,
https://www.centralcoast.nsw.gov.au/sites/default/files/2023-04/full-report-end.pdf,OK,200,,2026-10-02,
https://www.centraldarling.nsw.gov.au/Council/Annual-and-End-of-Term-Reports,BLOCKED,403,,2026-10-02,
https://www.centralwesterndaily.com.au/story/6948189/thousands-of-kids-displaced-by-bushfires/?cs=12214,OK,200,,2026-10-02,
https://www.centralwesterndaily.com.au/story/8112939/why-we-could-see-more-proactive-school-closures-in-future/,OK,200,,2026-10-02,
https://www.cepal.org/en/publications/2782-handbook-estimating-socio-economic-and-environmental-effects-disasters,OK,200,,2026-10-02,
https://www.cessnock.nsw.gov.au/Council/Council-meetings/Minutes-and-agendas,BLOCKED,403,,2026-10-02,
https://www.cessnock.nsw.gov.au/Council/Council-meetings/Minutes-and-agendas/15-May-2019,BLOCKED,403,,2026-10-02,
https://www.cessnock.nsw.gov.au/Council/Council-meetings/Minutes-and-agendas/16-February-2022,BLOCKED,403,,2026-10-02,
https://www.cessnock.nsw.gov.au/Council/Council-meetings/Minutes-and-agendas/17-February-2021,BLOCKED,403,,2026-10-02,
https://www.cessnock.nsw.gov.au/Council/Council-meetings/Minutes-and-agendas/17-November-2021,BLOCKED,403,,2026-10-02,
https://www.cessnock.nsw.gov.au/Council/Council-meetings/Minutes-and-agendas/18-May-2022,BLOCKED,403,,2026-10-02,
https://www.cessnock.nsw.gov.au/Council/Council-meetings/Minutes-and-agendas/18-November-2020,BLOCKED,403,,2026-10-02,
https://www.cessnock.nsw.gov.au/Council/Council-meetings/Minutes-and-agendas/19-February-2020,BLOCKED,403,,2026-10-02,
https://www.cessnock.nsw.gov.au/Council/Council-meetings/Minutes-and-agendas/19-May-2021,BLOCKED,403,,2026-10-02,
https://www.cessnock.nsw.gov.au/Council/Council-meetings/Minutes-and-agendas/20-February-2019,BLOCKED,403,,2026-10-02,
https://www.cessnock.nsw.gov.au/Council/Council-meetings/Minutes-and-agendas/20-May-2020,BLOCKED,403,,2026-10-02,
https://www.cessnock.nsw.gov.au/Council/Council-meetings/Minutes-and-agendas/20-November-2019,BLOCKED,403,,2026-10-02,
https://www.cessnock.nsw.gov.au/Council/Council-meetings/Minutes-and-agendas/21-November-2018,BLOCKED,403,,2026-10-02,
https://www.cessnock.nsw.gov.au/Council/Council-meetings/Minutes-and-agendas/23-October-2019,BLOCKED,403,,2026-10-02,
https://www.cessnock.nsw.gov.au/Council/Council-meetings/Minutes-and-agendas/24-February-2021,BLOCKED,403,,2026-10-02,
https://www.cessnock.nsw.gov.au/Council/Council-meetings/Minutes-and-agendas?year=2020,BLOCKED,403,,2026-10-02,
https://www.cessnock.nsw.gov.au/Council/Forms-and-documents/Finance-and-budget/Annual-Financial-Statements,BLOCKED,403,,2026-10-02,
https://www.cessnock.nsw.gov.au/files/assets/public/hptrim/financial-management-finance-annual-statements-2020-2021/annual-financial-statements-_-2019-2020-financial-year-_-ccc-website-doc.pdf,BLOCKED,403,,2026-10-02,
https://www.cessnock.nsw.gov.au/files/assets/public/hptrim/website-finance-budget-documents-do-not-change/annual-financial-statements-_-2021-2022-financial-year-_-ccc-website-doc.pdf,BLOCKED,403,,2026-10-02,
https://www.cessnock.nsw.gov.au/files/assets/public/hptrim/website-finance-budget-documents-do-not-change/doc2021-172172-final-annual-financial-statements-2020-21.pdf,BLOCKED,403,,2026-10-02,
https://www.cessnock.nsw.gov.au/files/assets/public/v/1/hptrim/council-business-papers/governance-council-meeting-agenda-and-minutes-2019/council-meeting-_-agenda-and-enclosures-_-19-05-15-_-ccc-website-doc.zip,BLOCKED,403,,2026-10-02,
https://www.cessnock.nsw.gov.au/files/assets/public/v/1/hptrim/council-business-papers/governance-council-meeting-agenda-and-minutes-2019/council-meeting-_-agenda-and-enclosures-_-19-10-23-_-ccc-website-doc.pdf,BLOCKED,403,,2026-10-02,
https://www.cessnock.nsw.gov.au/files/assets/public/v/1/hptrim/council-business-papers/governance-council-meeting-agenda-and-minutes-2019/council-meeting-_-minutes-_-19-11-20-_-ccc-website-doc.pdf,BLOCKED,403,,2026-10-02,
https://www.cessnock.nsw.gov.au/files/assets/public/v/1/hptrim/councillors-council-meetings/council-business-papers/governance-council-meeting-agenda-and-minutes-2022/council-meeting-_-agenda-and-enclosures-_-16-02-2022-_-ccc-website-doc.pdf,BLOCKED,403,,2026-10-02,
https://www.cessnock.nsw.gov.au/files/assets/public/v/1/hptrim/website-finance-budget-documents-do-not-change/annual_financial_statements-2024-final-with-audit-opinion-_-website-doc.pdf,BLOCKED,403,,2026-10-02,
https://www.cessnock.nsw.gov.au/files/assets/public/v/1/hptrim/website-forms-do-not-change/financial-statements-_-audited-financial-statements-30-june-2023-_-website-doc-_-do-not-change.pdf,BLOCKED,403,,2026-10-02,
https://www.cgc.gov.au/sites/default/files/2024-07/2025%20Review%20-%20Draft%20Report%20-%20Natural%20disaster%20relief_Final.docx,OK,200,,2026-10-02,
https://www.cgrc.nsw.gov.au/council-plans-and-reports/annual-reports-and-progress-reports,OK,200,https://www.cgrc.nsw.gov.au/council-plans-and-reports/annual-reports-and-progress-reports/,2026-10-02,
https://www.cgrc.nsw.gov.au/wp-content/uploads/2017/11/Cootamundra-Gundagai-Regional-Council-%E2%80%93-Financial-Statements-2016-17.pdf,OK,200,,2026-10-02,
https://www.cgrc.nsw.gov.au/wp-content/uploads/2018/12/Financial-Statements-2017-2018.pdf,OK,200,,2026-10-02,
https://www.cgrc.nsw.gov.au/wp-content/uploads/2020/03/CGRC-Annual_Financial_Statements-2019.pdf,OK,200,,2026-10-02,
https://www.cgrc.nsw.gov.au/wp-content/uploads/2020/12/Annual_Financial_Statements-2020-3-in-1.pdf,OK,200,,2026-10-02,
https://www.cgrc.nsw.gov.au/wp-content/uploads/2022/03/Cootamundra-Gundagai-Regional-Council-Annual_Financial_Statements-2021.pdf,OK,200,,2026-10-02,
https://www.cgrc.nsw.gov.au/wp-content/uploads/2023/03/Audited-Annual_Financial_Statements-2022.pdf,OK,200,,2026-10-02,
https://www.cgrc.nsw.gov.au/wp-content/uploads/2023/10/CGRC-Annual_Financial_Statements-2023.pdf,OK,200,,2026-10-02,
https://www.cgrc.nsw.gov.au/wp-content/uploads/2024/12/CGRC-Annual_Financial_Statements-2024.pdf,OK,200,,2026-10-02,
https://www.cgrc.nsw.gov.au/wp-content/uploads/2026/01/Cootamundra-Gundagai-Regional-Council-Financial-Statements-2024-25-Audited.pdf,OK,200,,2026-10-02,
https://www.channelnews.com.au/network-outages-during-bushfire-season-lasted-3-5-days-on-average/,OK,200,,2026-10-02,
https://www.cits.wa.gov.au/department/news/2025/05/14/new-local-government-financial-indicator-on-mycouncil-website,OK,200,,2026-10-02,
https://www.cityofparramatta.nsw.gov.au/council/performance-and-reporting/financial-statements/past-annual-financial-statements,BLOCKED,403,,2026-10-02,
https://www.cityofparramatta.nsw.gov.au/sites/council/files/2025-07/LGNSW_Cost_Shifting_Full_Report_2025.pdf,BLOCKED,403,,2026-10-02,
https://www.cityofsydney.nsw.gov.au/-/media/corporate/files/publications/annual-reports/financial-statements-2018-19.pdf?download=true,OK,200,,2026-10-02,
https://www.cityofsydney.nsw.gov.au/-/media/corporate/files/publications/annual-reports/previous-annual-reports/annual-financial-report-2015-16.pdf?download=true,OK,200,,2026-10-02,
https://www.cityofsydney.nsw.gov.au/-/media/corporate/files/publications/annual-reports/previous-annual-reports/city-of-sydney-annual-report-general-purpose-financial-statements-2017-18.pdf?download=true,OK,200,,2026-10-02,
https://www.cityofsydney.nsw.gov.au/-/media/corporate/files/publications/annual-reports/previous-annual-reports/financial-reports-2016-17.pdf?download=true,OK,200,,2026-10-02,
https://www.cityofsydney.nsw.gov.au/-/media/corporate/files/publications/research-and-reports/annual-reports/annual-report---final-financial-statements-2020-21.pdf?download=true,OK,200,,2026-10-02,
https://www.cityofsydney.nsw.gov.au/-/media/corporate/files/publications/research-and-reports/annual-reports/annual-report---financial-statements-2022-23.pdf?download=true,OK,200,,2026-10-02,
https://www.cityofsydney.nsw.gov.au/-/media/corporate/files/publications/research-and-reports/annual-reports/annual-report-2021-22-financial-statements.pdf?download=true,OK,200,,2026-10-02,
https://www.cityofsydney.nsw.gov.au/-/media/corporate/files/publications/research-and-reports/annual-reports/financial-statements-2019-20.pdf?download=true,OK,200,,2026-10-02,
https://www.cityofsydney.nsw.gov.au/-/media/corporate/files/publications/research-and-reports/annual-reports/financial-statements-2023-24.pdf?download=true,OK,200,,2026-10-02,
https://www.cityofsydney.nsw.gov.au/research-reports/annual-report,OK,200,,2026-10-02,
https://www.cityofsydney.nsw.gov.au/research-reports/annual-report-archive,OK,200,,2026-10-02,
https://www.civilbeat.org/2024/10/report-poverty-and-unemployment-are-up-in-lahaina-after-deadly-wildfires,OK,200,,2026-10-02,
https://www.clarence.nsw.gov.au/Council/Our-Performance/Annual-reports-and-statements,BLOCKED,403,,2026-10-02,
https://www.clarence.nsw.gov.au/Emergency-management/Recover/Disaster-recovery/2019-bushfire-recovery,BLOCKED,403,,2026-10-02,
https://www.clarence.nsw.gov.au/council/minutes-and-agendas,BLOCKED,403,,2026-10-02,
https://www.clarence.nsw.gov.au/council/minutes-and-agendas/past-council-meetings,BLOCKED,403,,2026-10-02,
https://www.clarence.nsw.gov.au/files/assets/public/council/files/our-performance/annual-financial-statements-ye-1819-clarence-valley-council.pdf,BLOCKED,403,,2026-10-02,
https://www.clarence.nsw.gov.au/files/assets/public/council/files/our-performance/annual-financial-statements-ye-1920-clarence-valley-council-final.pdf,BLOCKED,403,,2026-10-02,
https://www.clarence.nsw.gov.au/files/assets/public/council/files/our-performance/audited-annual-financial-statements-clarence-valley-council-2020-21.pdf,BLOCKED,403,,2026-10-02,
https://www.clarence.nsw.gov.au/files/assets/public/council/files/our-performance/clarence-valley-council-financial-statements-2016-17-final.pdf,BLOCKED,403,,2026-10-02,
https://www.clarence.nsw.gov.au/files/assets/public/council/files/policies/on-exhibition/cvc-disaster-resilience-framework-on-exhibition.pdf,BLOCKED,403,,2026-10-02,
https://www.clarence.nsw.gov.au/files/assets/public/v/1/council/clarence-valley-council-financial-statements-2023-24.pdf,BLOCKED,403,,2026-10-02,
https://www.clarence.nsw.gov.au/files/assets/public/v/1/council/files/our-performance/annual-financial-statements-clarence-valley-council-2021-22.pdf,BLOCKED,403,,2026-10-02,
https://www.clarence.nsw.gov.au/files/assets/public/v/1/council/past-council-meetings/2019/agenda-22-october-2019.pdf,BLOCKED,403,,2026-10-02,
https://www.clarence.nsw.gov.au/files/assets/public/v/1/council/past-council-meetings/2019/attachments-22-october-2019.pdf,BLOCKED,403,,2026-10-02,
https://www.clarence.nsw.gov.au/files/assets/public/v/1/council/past-council-meetings/2019/minutes-23-april-2019.pdf,BLOCKED,403,,2026-10-02,
https://www.clarence.nsw.gov.au/files/assets/public/v/1/council/past-council-meetings/2019/minutes-26-february-2019.pdf,BLOCKED,403,,2026-10-02,
https://www.clarence.nsw.gov.au/files/assets/public/v/1/council/past-council-meetings/2020/agenda-24-november-2020.pdf,BLOCKED,403,,2026-10-02,
https://www.clarence.nsw.gov.au/files/assets/public/v/1/council/past-council-meetings/2020/agenda-25-february-2020.pdf,BLOCKED,403,,2026-10-02,
https://www.clarence.nsw.gov.au/files/assets/public/v/1/council/past-council-meetings/2020/agenda-26-may-2020.pdf,BLOCKED,403,,2026-10-02,
https://www.clarence.nsw.gov.au/files/assets/public/v/1/council/past-council-meetings/2020/agenda-27-october-2020.pdf,BLOCKED,403,,2026-10-02,
https://www.clarence.nsw.gov.au/files/assets/public/v/1/council/past-council-meetings/2020/agenda-28-april-2020.pdf,BLOCKED,403,,2026-10-02,
https://www.clarence.nsw.gov.au/files/assets/public/v/1/council/past-council-meetings/2020/attachments-25-february-2020.pdf,BLOCKED,403,,2026-10-02,
https://www.clarence.nsw.gov.au/files/assets/public/v/1/council/past-council-meetings/2020/attachments-27-october-2020.pdf,BLOCKED,403,,2026-10-02,
https://www.clarence.nsw.gov.au/files/assets/public/v/1/council/past-council-meetings/2020/attachments-28-april-2020.pdf,BLOCKED,403,,2026-10-02,
https://www.clarence.nsw.gov.au/files/assets/public/v/1/council/past-council-meetings/2021/agenda-23-february-2021.pdf,BLOCKED,403,,2026-10-02,
https://www.clarence.nsw.gov.au/files/assets/public/v/1/council/past-council-meetings/2021/agenda-23-november-2021.pdf,BLOCKED,403,,2026-10-02,
https://www.clarence.nsw.gov.au/files/assets/public/v/1/council/past-council-meetings/2021/agenda-25-may-2021.pdf,BLOCKED,403,,2026-10-02,
https://www.clarence.nsw.gov.au/files/assets/public/v/1/council/past-council-meetings/2021/agenda-26-october-2021.pdf,BLOCKED,403,,2026-10-02,
https://www.clarence.nsw.gov.au/files/assets/public/v/1/council/past-council-meetings/2021/agenda-27-april-2021.pdf,BLOCKED,403,,2026-10-02,
https://www.clarence.nsw.gov.au/files/assets/public/v/1/council/past-council-meetings/2021/attachments-23-february-2021.pdf,BLOCKED,403,,2026-10-02,
https://www.clarence.nsw.gov.au/files/assets/public/v/1/council/past-council-meetings/2021/attachments-26-october-2021.pdf,BLOCKED,403,,2026-10-02,
https://www.clarence.nsw.gov.au/files/assets/public/v/1/council/past-council-meetings/2021/attachments-27-april-2021.pdf,BLOCKED,403,,2026-10-02,
https://www.clarence.nsw.gov.au/files/assets/public/v/1/council/past-council-meetings/2022/agenda-22-february-2022.pdf,BLOCKED,403,,2026-10-02,
https://www.clarence.nsw.gov.au/files/assets/public/v/1/council/past-council-meetings/2022/agenda-26-april-2022.pdf,BLOCKED,403,,2026-10-02,
https://www.clarence.nsw.gov.au/files/assets/public/v/1/council/past-council-meetings/2022/attachments-22-february-2022.pdf,BLOCKED,403,,2026-10-02,
https://www.clarence.nsw.gov.au/files/content/public/v/16/council/our-performance/annual-reports-and-statements/afs-and-auditors-report-2022-23.pdf,BLOCKED,403,,2026-10-02,
https://www.clevelandfed.org/en/newsroom-and-events/publications/working-papers/2014-working-papers/wp-1406-household-finance-after-a-natural-disaster-the-case-of-hurricane-katrina.aspx,OK,200,https://www.clevelandfed.org/publications/working-paper/2014/wp-1406-household-finance-after-a-natural-disaster-the-case-of-hurricane-katrina,2026-10-02,
https://www.clevelandfed.org/en/newsroom-and-events/publications/working-papers/2015-working-papers/wp-1406r-household-finance-after-a-natural-disaster.aspx,OK,200,https://www.clevelandfed.org/publications/working-paper/2015/wp-1406r-household-finance-after-a-natural-disaster,2026-10-02,
https://www.clevelandfed.org/newsroom-and-events/publications/working-papers/2015-working-papers/wp-1406r-household-finance-after-a-natural-disaster.aspx,OK,200,https://www.clevelandfed.org/publications/working-paper/2015/wp-1406r-household-finance-after-a-natural-disaster,2026-10-02,
https://www.clevelandfed.org/publications/working-paper/2014/wp-1406-household-finance-after-a-natural-disaster-the-case-of-hurricane-katrina,OK,200,,2026-10-02,
https://www.clevelandfed.org/publications/working-paper/2015/wp-1406r-household-finance-after-a-natural-disaster,OK,200,,2026-10-02,
https://www.clickondetroit.com/news/national/2025/09/10/this-california-town-was-ravaged-by-a-wildfire-seven-years-later-schools-are-still-recovering/,OK,200,,2026-10-02,
https://www.climatecouncil.org.au/resources/uninsurable-nation-australias-most-climate-vulnerable-places/,OK,200,,2026-10-02,
https://www.climatecouncil.org.au/resources/uninsurable-nation-australias-most-climate-vulnerable-places/?gad=1,OK,200,,2026-10-02,
https://www.cmajopen.ca/content/5/3/E638,OK,200,,2026-10-02,
https://www.cmajopen.ca/node/77408,BROKEN,404,,2026-10-02,
https://www.coastalcouncils.org.au/disaster-recovery-costs-likely-to-rise-for-councils/,OK,200,,2026-10-02,
https://www.coastalcouncils.org.au/inquiry-to-consider-commonwealth-funding-cuts-for-natural-disasters/,OK,200,,2026-10-02,
https://www.cobar.nsw.gov.au/council/annual-reports/,OK,200,https://www.cobar.nsw.gov.au,2026-10-02,
https://www.cobar.nsw.gov.au/council/financial-reports/,OK,200,https://www.cobar.nsw.gov.au,2026-10-02,
https://www.cobar.nsw.gov.au/council/forms-and-reporting/annual-report/,OK,200,,2026-10-02,
https://www.cobar.nsw.gov.au/council/forms-policies-and-reporting/annual-report/,OK,200,https://www.cobar.nsw.gov.au,2026-10-02,
https://www.cobar.nsw.gov.au/council/publications/,OK,200,https://www.cobar.nsw.gov.au,2026-10-02,
https://www.cobar.nsw.gov.au/wp-content/uploads/2021/11/02_-_General_Purpose_Financial_Statements_2015-2016.pdf,OK,200,,2026-10-02,
https://www.cobar.nsw.gov.au/wp-content/uploads/2021/11/Annual_Financial_Statements-GPFS-2019.pdf,OK,200,,2026-10-02,
https://www.cobar.nsw.gov.au/wp-content/uploads/2021/11/Annual_Financial_Statements-GPFS-2020_signed.pdf,OK,200,,2026-10-02,
https://www.cobar.nsw.gov.au/wp-content/uploads/2021/11/Annual_Financial_Statements-GPFS-2021.pdf,OK,200,,2026-10-02,
https://www.cobar.nsw.gov.au/wp-content/uploads/2021/11/Cobar_Shire_Council_-_General_Purpose_Financial_Statements_with_Auditors_Report_-_2016-2017.pdf,OK,200,,2026-10-02,
https://www.cobar.nsw.gov.au/wp-content/uploads/2021/11/GPFS_1718.pdf,OK,200,,2026-10-02,
https://www.cobar.nsw.gov.au/wp-content/uploads/2023/07/Annual_Financial_Statements-GPFS-2022-1.pdf,OK,200,,2026-10-02,
https://www.cobar.nsw.gov.au/wp-content/uploads/2023/11/01-Annual-Report-2022-2023.pdf,OK,200,,2026-10-02,
https://www.cobar.nsw.gov.au/wp-content/uploads/2023/11/Annual_Financial_Statements-pg-75-to-173.pdf,OK,200,,2026-10-02,
https://www.cobar.nsw.gov.au/wp-content/uploads/2025/08/01-Annual-Report-2023-2024.pdf,OK,200,,2026-10-02,
https://www.cobar.nsw.gov.au/wp-content/uploads/2025/12/Attachment-Clause-8-Audited-Financial-Statements.pdf,OK,200,,2026-10-02,
https://www.coffsharbour.nsw.gov.au/Your-Council/About-Council/Council-meetings/Council-meeting-minutes-and-agendas/Archived-Council-meeting-minutes-and-agendas,BLOCKED,403,,2026-10-02,
https://www.coffsharbour.nsw.gov.au/Your-Council/About-Council/Council-meetings/Council-meeting-minutes-and-agendas/Archived-Council-meeting-minutes-and-agendas/2018-Council-meeting-minutes-and-agendas,BLOCKED,403,,2026-10-02,
https://www.coffsharbour.nsw.gov.au/Your-Council/About-Council/Council-meetings/Council-meeting-minutes-and-agendas/Archived-Council-meeting-minutes-and-agendas/2019-Council-meeting-minutes-and-agendas,BLOCKED,403,,2026-10-02,
https://www.coffsharbour.nsw.gov.au/Your-Council/About-Council/Council-meetings/Council-meeting-minutes-and-agendas/Archived-Council-meeting-minutes-and-agendas/2020-Council-meeting-minutes-and-agendas,BLOCKED,403,,2026-10-02,
https://www.coffsharbour.nsw.gov.au/Your-Council/About-Council/Council-meetings/Council-meeting-minutes-and-agendas/Archived-Council-meeting-minutes-and-agendas/2021-Council-meeting-minutes-and-agendas,BLOCKED,403,,2026-10-02,
https://www.coffsharbour.nsw.gov.au/Your-Council/About-Council/Council-meetings/Council-meeting-minutes-and-agendas/Archived-Council-meeting-minutes-and-agendas/2022-Council-meeting-minutes-and-agendas,BLOCKED,403,,2026-10-02,
https://www.coffsharbour.nsw.gov.au/Your-Council/Corporate-planning-and-reporting,BLOCKED,403,,2026-10-02,
https://www.coffsharbour.nsw.gov.au/Your-Council/Our-responsibilities/Corporate-planning-and-reporting,BLOCKED,403,,2026-10-02,
https://www.coffsharbour.nsw.gov.au/Your-Council/Our-responsibilities/Corporate-planning-and-reporting/Archived-reports,BLOCKED,403,,2026-10-02,
https://www.coffsharbour.nsw.gov.au/Your-Council/Our-responsibilities/Corporate-planning-and-reporting/Quarterly-reporting,BLOCKED,403,,2026-10-02,
https://www.coffsharbour.nsw.gov.au/files/sharedassets/public/v/1/resident-services/your-council/corporate-planning-and-reporting/coffs-harbour-city-council-financial-statements-2015-16.pdf,BLOCKED,403,,2026-10-02,
https://www.coffsharbour.nsw.gov.au/files/sharedassets/public/v/1/resident-services/your-council/council-meetings/archive-minutes-and-agendas/2019/2019-11-14-agenda-council-meeting.pdf,BLOCKED,403,,2026-10-02,
https://www.coffsharbour.nsw.gov.au/files/sharedassets/public/v/1/resident-services/your-council/council-meetings/archive-minutes-and-agendas/2019/2019-11-28-agenda-council-meeting.pdf,BLOCKED,403,,2026-10-02,
https://www.coffsharbour.nsw.gov.au/files/sharedassets/public/v/1/resident-services/your-council/council-meetings/archive-minutes-and-agendas/2020/2020-02-27-agenda-council-meeting.pdf,BLOCKED,403,,2026-10-02,
https://www.coffsharbour.nsw.gov.au/files/sharedassets/public/v/1/resident-services/your-council/council-meetings/archive-minutes-and-agendas/2020/2020-05-14-agenda-council-meeting.pdf,BLOCKED,403,,2026-10-02,
https://www.coffsharbour.nsw.gov.au/files/sharedassets/public/v/1/resident-services/your-council/council-meetings/archive-minutes-and-agendas/2020/2020-05-28-agenda-council-meeting.pdf,BLOCKED,403,,2026-10-02,
https://www.coffsharbour.nsw.gov.au/files/sharedassets/public/v/1/resident-services/your-council/council-meetings/archive-minutes-and-agendas/2020/2020-11-12-agenda-council-meeting.pdf,BLOCKED,403,,2026-10-02,
https://www.coffsharbour.nsw.gov.au/files/sharedassets/public/v/1/resident-services/your-council/council-meetings/archive-minutes-and-agendas/2020/2020-11-26-agenda-council-meeting.pdf,BLOCKED,403,,2026-10-02,
https://www.coffsharbour.nsw.gov.au/files/sharedassets/public/v/1/resident-services/your-council/council-meetings/archive-minutes-and-agendas/2021/2021-02-11-agenda-council-meeting.pdf,BLOCKED,403,,2026-10-02,
https://www.coffsharbour.nsw.gov.au/files/sharedassets/public/v/1/resident-services/your-council/council-meetings/archive-minutes-and-agendas/2021/2021-02-25-agenda-council-meeting.pdf,BLOCKED,403,,2026-10-02,
https://www.coffsharbour.nsw.gov.au/files/sharedassets/public/v/1/resident-services/your-council/council-meetings/archive-minutes-and-agendas/2021/2021-05-13-agenda-council-meeting.pdf,BLOCKED,403,,2026-10-02,
https://www.coffsharbour.nsw.gov.au/files/sharedassets/public/v/1/resident-services/your-council/council-meetings/archive-minutes-and-agendas/2021/2021-05-27-agenda-council-meeting.pdf,BLOCKED,403,,2026-10-02,
https://www.coffsharbour.nsw.gov.au/files/sharedassets/public/v/1/resident-services/your-council/council-meetings/archive-minutes-and-agendas/2021/2021-10-28-agenda-council-meeting.pdf,BLOCKED,403,,2026-10-02,
https://www.coffsharbour.nsw.gov.au/files/sharedassets/public/v/1/resident-services/your-council/council-meetings/archive-minutes-and-agendas/2021/2021-11-11-agenda-council-meeting.pdf,BLOCKED,403,,2026-10-02,
https://www.coffsharbour.nsw.gov.au/files/sharedassets/public/v/1/resident-services/your-council/council-meetings/archive-minutes-and-agendas/2022/2022-02-10-agenda-council-meeting.pdf,BLOCKED,403,,2026-10-02,
https://www.coffsharbour.nsw.gov.au/files/sharedassets/public/v/1/resident-services/your-council/council-meetings/archive-minutes-and-agendas/2022/2022-02-24-agenda-council-meeting.pdf,BLOCKED,403,,2026-10-02,
https://www.coffsharbour.nsw.gov.au/files/sharedassets/public/v/1/resident-services/your-council/council-meetings/archive-minutes-and-agendas/2022/2022-05-12-agenda-council-meeting.pdf,BLOCKED,403,,2026-10-02,
https://www.coffsharbour.nsw.gov.au/files/sharedassets/public/v/1/resident-services/your-council/council-meetings/archive-minutes-and-agendas/2022/2022-05-26-agenda-council-meeting.pdf,BLOCKED,403,,2026-10-02,
https://www.coffsharbour.nsw.gov.au/files/sharedassets/public/v/1/your-council/corporate-planning-and-reporting/att-3-coffs-harbour-city-council-financial-statements-2019-20.pdf,BLOCKED,403,,2026-10-02,
https://www.coffsharbour.nsw.gov.au/files/sharedassets/public/v/1/your-council/corporate-planning-and-reporting/attachment-3-2016-17-annual-financial-statements.pdf,BLOCKED,403,,2026-10-02,
https://www.coffsharbour.nsw.gov.au/files/sharedassets/public/v/1/your-council/publications/public-notices/city-of-coffs-harbour-financial-statements-2021-22.pdf,BLOCKED,403,,2026-10-02,
https://www.coffsharbour.nsw.gov.au/files/sharedassets/public/v/1/your-council/publications/public-notices/coffs-harbour-city-council-financial-statements-2020-21.pdf,BLOCKED,403,,2026-10-02,
https://www.colorado.edu/business/cfdm/2020/09/20/leeds-professors-gallagher-and-billings-cited-article-disasters-and-mental-health-isses,OK,200,,2026-10-02,
https://www.colorado.edu/business/faculty-research/2022/11/06/let-rich-be-flooded-distribution-financial-aid-and-distress-after-hurricane-harvey,OK,200,,2026-10-02,
https://www.colorado.edu/today/node/53955,OK,200,https://www.colorado.edu/today/2025/01/09/study-reveals-widespread-underinsurance-among-homeowners-exposing-risk-wake-devastating,2026-10-02,
https://www.commsalliance.com.au/__data/assets/pdf_file/0009/69687/200417_CA-AMTA-submission_Royal-Comm.-National-Natural-Disaster-Arrangements_SUBMITTED.pdf,BROKEN,404,https://www.austelco.org.au/__data/assets/pdf_file/0009/69687/200417_CA-AMTA-submission_Royal-Comm.-National-Natural-Disaster-Arrangements_SUBMITTED.pdf,2026-10-02,
https://www.commsalliance.com.au/wp-content/uploads/2025/06/Energy-Supply_IGN023_final.pdf,OK,200,https://www.austelco.org.au/wp-content/uploads/2025/06/Energy-Supply_IGN023_final.pdf,2026-10-02,
https://www.coonambleshire.nsw.gov.au/Annual_Financial_Statements-2025%20final%20audited.pdf,OK,200,,2026-10-02,
https://www.coonambleshire.nsw.gov.au/__media_downloads/annual-reports/2016-2017_3_Coonamble_Shire_Council_Annual_Financial_Statement.pdf?downloadable=1,OK,200,,2026-10-02,
https://www.coonambleshire.nsw.gov.au/__media_downloads/annual-reports/2017-2018_4_Coonamble_Shire_Council_Annual_Financial_Statement.pdf?downloadable=1,OK,200,,2026-10-02,
https://www.coonambleshire.nsw.gov.au/__media_downloads/annual-reports/2018-2019_4_Coonamble_Shire_Council_Annual_Financial_Statement.pdf?downloadable=1,OK,200,,2026-10-02,
https://www.coonambleshire.nsw.gov.au/__media_downloads/annual-reports/2019-2020_2_Coonamble_Shire_Council_Annual_Financial_Statement.pdf?downloadable=1,OK,200,,2026-10-02,
https://www.coonambleshire.nsw.gov.au/__media_downloads/annual-reports/2020-2021_2_Coonamble_Shire_Council_Annual_Financial_Statement.pdf?downloadable=1,OK,200,,2026-10-02,
https://www.coonambleshire.nsw.gov.au/__media_downloads/annual-reports/2021-2022_2_Coonamble_Shire_Council_Annual_Financial_Statement.pdf,OK,200,,2026-10-02,
https://www.coonambleshire.nsw.gov.au/__media_downloads/annual-reports/2022-2023_2_Coonamble_Shire_Council_Annual_Financial_Statement.pdf,OK,200,,2026-10-02,
https://www.coonambleshire.nsw.gov.au/__media_downloads/annual-reports/2023-2024_2_Coonamble_Shire_Council_-_Annual_Financial_Statement.pdf,OK,200,,2026-10-02,
https://www.coonambleshire.nsw.gov.au/__media_downloads/business-papers-minutes/2022/220209_1._Business_Paper_-_Ordinary_Meeting_February_2022.pdf?downloadable=1,OK,200,,2026-10-02,
https://www.coonambleshire.nsw.gov.au/__media_downloads/business-papers-minutes/2022/220209_2._Annexures_-_Ordinary_Meeting_February_2022.pdf?downloadable=1,OK,200,,2026-10-02,
https://www.coonambleshire.nsw.gov.au/__media_downloads/business-papers-minutes/2022/220511_1._Business_Paper_-_Ordinary_Meeting_May_2022.pdf?downloadable=1,OK,200,,2026-10-02,
https://www.coonambleshire.nsw.gov.au/annual-reports.aspx,BROKEN,404,,2026-10-02,
https://www.coonambleshire.nsw.gov.au/council/annual-report,OK,200,,2026-10-02,
https://www.coonambleshire.nsw.gov.au/council/previous-years,OK,200,,2026-10-02,
https://www.cosboa.org.au/bushfire-support,BROKEN,404,https://cosboa.org.au/bushfire-support,2026-10-02,
https://www.cotality.com/au,OK,200,,2026-10-02,
https://www.countrynews.com.au/news/nsw-farmers-not-taking-up-drought-relief-grants-and-loans,OK,200,https://www.countrynews.com.au/news/nsw-farmers-not-taking-up-drought-relief-grants-and-loans/,2026-10-02,
https://www.cowracouncil.com.au/Council/Governance-and-transparency/Council-Plans-and-reports,BLOCKED,403,,2026-10-02,
https://www.cowracouncil.com.au/council/governance-and-transparency/annual-financial-statements,BLOCKED,403,,2026-10-02,
https://www.cowracouncil.com.au/files/assets/public/v/1/council/governance-and-transparency/annual-financial-statements/afs-2015-16.pdf,BLOCKED,403,,2026-10-02,
https://www.cowracouncil.com.au/files/assets/public/v/1/council/governance-and-transparency/annual-financial-statements/afs-2016-17.pdf,BLOCKED,403,,2026-10-02,
https://www.cowracouncil.com.au/files/assets/public/v/1/council/governance-and-transparency/annual-financial-statements/afs-2017-18.pdf,BLOCKED,403,,2026-10-02,
https://www.cowracouncil.com.au/files/assets/public/v/1/council/governance-and-transparency/annual-financial-statements/afs-2018-19.pdf,BLOCKED,403,,2026-10-02,
https://www.cowracouncil.com.au/files/assets/public/v/1/council/governance-and-transparency/annual-financial-statements/afs-2019-20.pdf,BLOCKED,403,,2026-10-02,
https://www.cowracouncil.com.au/files/assets/public/v/1/council/governance-and-transparency/annual-financial-statements/afs-2020-21.pdf,BLOCKED,403,,2026-10-02,
https://www.cowracouncil.com.au/files/assets/public/v/1/council/governance-and-transparency/annual-financial-statements/annual-financial-statements-2021-22.pdf,BLOCKED,403,,2026-10-02,
https://www.cowracouncil.com.au/files/assets/public/v/1/council/governance-and-transparency/council-plans-and-reports/annual-statements-2023-24.pdf,BLOCKED,403,,2026-10-02,
https://www.cowracouncil.com.au/files/content/public/v/101/council/governance-and-transparency/council-plans-reports-and-policies/annual-financial-statements-–-2022-23.pdf,BLOCKED,403,https://www.cowracouncil.com.au/files/content/public/v/101/council/governance-and-transparency/council-plans-reports-and-policies/annual-financial-statements-%E2%80%93-2022-23.pdf,2026-10-02,
https://www.cpaaustralia.com.au/public-practice/inpractice/practice-management/bushfire-recovery-a-hard-and-slow-rise-from-the-ashes,OK,200,,2026-10-02,
https://www.csmonitor.com/World/2020/0124/They-re-local-heroes.-But-do-Australia-s-unpaid-firies-deserve-more,OK,200,,2026-10-02,
https://www.csmonitor.com/layout/set/amphtml/World/2020/0124/They-re-local-heroes.-But-do-Australia-s-unpaid-firies-deserve-more,OK,200,,2026-10-02,
https://www.ctvnews.ca/frustration-grows-as-slave-lake-evacuation-extended-1.647217,BROKEN,404,,2026-10-02,
https://www.cumberland.nsw.gov.au/annual-financial-and-state-city-reports,BLOCKED,403,,2026-10-02,
https://www.cumberland.nsw.gov.au/sites/default/files/inline-files/annnual-financial-statements-cumberland-2023-2024.pdf,BLOCKED,403,,2026-10-02,
https://www.cumberland.nsw.gov.au/sites/default/files/inline-files/annual-financial-statements-2020-2021.pdf,BLOCKED,403,,2026-10-02,
https://www.cumberland.nsw.gov.au/sites/default/files/inline-files/annual-report-2018-2019.pdf,BLOCKED,403,,2026-10-02,
https://www.cumberland.nsw.gov.au/sites/default/files/inline-files/annual-report-2023.pdf,BLOCKED,403,,2026-10-02,
https://www.cumberland.nsw.gov.au/sites/default/files/inline-files/cumberland-city-council-2020-annual-financial-statements.pdf,BLOCKED,403,,2026-10-02,
https://www.cumberland.nsw.gov.au/sites/default/files/inline-files/cumberland-city-council-2022-annual-financial-statements.pdf,BLOCKED,403,,2026-10-02,
https://www.cumberland.nsw.gov.au/sites/default/files/inline-files/cumberland-council-financial-statements-2017-2018.pdf,BLOCKED,403,,2026-10-02,
https://www.curtin.edu.au/news/media-release/after-the-fires-reveals-urgent-mental-health-needs-of-bushfire-responders/,OK,200,,2026-10-02,
https://www.dailyadvertiser.com.au/story/6337832/improvements-welcomed-but-people-still-slip-through-the-cracks/?cs=9445,OK,200,,2026-10-02,
https://www.dailyadvertiser.com.au/story/6569920/stock-death-numbers-expected-to-rise/,OK,200,,2026-10-02,
https://www.dailyadvertiser.com.au/story/6635910/,OK,200,https://www.dailyadvertiser.com.au/story/6635910/farmers-could-be-left-with-the-bill-for-replacing-burned-fences/,2026-10-02,
https://www.dailyadvertiser.com.au/story/7307916/future-of-local-forestry-industry-debated-ahead-of-inquiry/,OK,200,,2026-10-02,
https://www.dailyadvertiser.com.au/story/8725076/batlow-grower-creg-mouat-reflects-on-black-summer-bushfire-chaos,OK,200,https://www.dailyadvertiser.com.au/story/8725076/batlow-grower-creg-mouat-reflects-on-black-summer-bushfire-chaos/,2026-10-02,
https://www.dailyliberal.com.au/story/7138210/report-queries-federal-bushfire-funding/,OK,200,,2026-10-02,
https://www.dailyliberal.com.au/story/7548156/black-summer-bushfires-cost-agriculture/,OK,200,,2026-10-02,
https://www.dailymaverick.co.za/article/2020-01-09-australian-economy-struck-by-wildfires-setting-up-stimulus.md,OK,200,,2026-10-02,
https://www.dairyaustralia.com.au/industry-statistics,OK,200,https://www.dairyaustralia.com.au/404-error?url=%2Findustry-statistics,2026-10-02,
https://www.danvillesanramon.com/calmatters/2025/09/10/what-recovery-in-schools-looks-after-californias-deadliest-fire/,BLOCKED,429,,2026-10-02,
https://www.data.gov.au/data/dataset/?tags=p20a,OK,200,,2026-10-02,
https://www.data.gov.au/data/dataset/?tags=p20b,OK,200,,2026-10-02,
https://www.data.gov.au/data/dataset/au-govt-abs-abs-building-approvals-sa2-2017-18-sa2-2016/resource/b9647112-ddc3-476a-99e6-cd29960514b5,OK,200,,2026-10-02,
https://www.data.gov.au/data/dataset/au-govt-abs-census-sa1-p20a-unpaid-domestic-work-hrs-by-age-by-sex-census-2016-sa1-2016/resource/2c87d367-fee0-44d0-9e4a-cf3a9404d560,OK,200,,2026-10-02,
https://www.data.gov.au/data/dataset/building-approvals1/resource/af8a576b-16e9-4457-b5ee-1e68210bd14c,OK,200,,2026-10-02,
https://www.data.gov.au/data/dataset/drfa-activation-history-by-lga,OK,200,,2026-10-02,
https://www.data.gov.au/data/dataset/dss-payment-demographic-data/resource/80cc89a3-3208-4e0d-9745-598f7a882e28,OK,200,,2026-10-02,
https://www.data.gov.au/data/dataset/groups/drfa-activation-history-by-lga,OK,200,,2026-10-02,
https://www.data.gov.au/data/dataset/groups/nsw-govt-bocsar-bocsar-domestic-violence-lga-2017-18-lga2018,OK,200,,2026-10-02,
https://www.data.gov.au/data/dataset/nsw-and-southern-qld-drfa-activated-lgas-march-2021/resource/522c819f-5434-43e4-b63a-7e3bb1a1544a,OK,200,,2026-10-02,
https://www.data.gov.au/data/dataset/nsw-crime-data-by-offence/resource/1d5b2851-52e9-4327-a81b-19149c63f736,OK,200,,2026-10-02,
https://www.data.gov.au/data/dataset/nsw-crime-data-by-offence/resource/56da017f-56d4-4a51-a2ee-8c93a237079d,OK,200,,2026-10-02,
https://www.data.gov.au/data/dataset/nsw-fire-extent-and-severity-mapping-fesm-2019-20/resource/314a632c-48fd-4623-b57a-db35d6644c9e,REDIRECT,302,,2026-10-02,
https://www.data.gov.au/data/dataset/nsw-fire-extent-and-severity-mapping-fesm-2019-20/resource/6768df80-ff4b-400c-a2fa-0984db5f799b,REDIRECT,302,,2026-10-02,
https://www.data.gov.au/data/dataset/nsw-fire-extent-and-severity-mapping-fesm-2019-20/resource/b3c0d885-ee95-4e0f-897a-173d2381f943,REDIRECT,302,,2026-10-02,
https://www.data.gov.au/data/dataset/nsw-govt-bocsar-bocsar-domestic-violence-lga-2017-18-lga2018/resource/495dc929-6f65-405e-baab-7337eeb436b0,OK,200,,2026-10-02,
https://www.data.gov.au/data/dataset/nsw-nsw-education-nsw-government-school-enrolments-by-head-count/resource/08a7d910-8bb6-4741-80f8-ab52289056b4,OK,200,,2026-10-02,
https://www.data.gov.au/data/dataset/quarterly_personal_insolvency_statistics,OK,200,,2026-10-02,
https://www.data.gov.au/data/en/dataset/dss-payment-demographic-data/resource/80cc89a3-3208-4e0d-9745-598f7a882e28,OK,200,,2026-10-02,
https://www.data.gov.au/data/en/dataset/nsw-fire-extent-and-severity-mapping-fesm-2019-20/resource/cdc633b0-d810-4ebe-a71b-004bcbfd9311,REDIRECT,302,,2026-10-02,
https://www.data.gov.au/data/user/dss_data-requests1,BLOCKED,403,,2026-10-02,
https://www.data.nsw.gov.au/data/en/dataset/activity/nsw-education-nsw-government-school-enrolments-by-head-count,OK,200,,2026-10-02,
https://www.data.nsw.gov.au/data/en/dataset/nsw-crime-and-policing-statistics,OK,200,,2026-10-02,
https://www.data.qld.gov.au/datarequest/8b27e1f6-cffa-4f7f-8db3-d3ad8f0b0772,OK,200,,2026-10-02,
https://www.data.qld.gov.au/dataset/bushfire-prone-area-queensland-series,OK,200,,2026-10-02,
https://www.data.qld.gov.au/dataset/c7c0c31e-a844-480d-bfbe-4b689179a5cf/resource/2dd25c9b-cc5b-4c81-876f-97d277e88889/download/qld-local-government-comparative-information-report-cdc-financial-inputs.csv,OK,200,https://www.data.qld.gov.au/ckan-opendata-attachments-prod/resources/2dd25c9b-cc5b-4c81-876f-97d277e88889/qld-local-government-comparative-information-report-cdc-financial-inputs.csv?ETag=75cfd47a68a697f6e4f37b9bfc199945,2026-10-02,
https://www.data.qld.gov.au/dataset/https-www-qra-qld-gov-au-activations,OK,200,,2026-10-02,
https://www.data.qld.gov.au/dataset/queensland-local-government-comparative-information-report,OK,200,,2026-10-02,
https://www.data.qld.gov.au/dataset/soe2020-livestock-meat-production/resource/2020-indicator-5-2-0-6,BROKEN,404,,2026-10-02,
https://www.data.qld.gov.au/dataset/sport-and-recreation-disaster-recovery-program-funding/resource/fa33aa50-b415-4056-898a-8ab4afe86b97,OK,200,,2026-10-02,
https://www.datacenterdynamics.com/en/news/1390-telecoms-sites-impacted-australian-wildfires-outages-mostly-due-power-cuts/,OK,200,,2026-10-02,
https://www.dcceew.gov.au/environment/environment-information-australia/national-vegetation-information-system/data-products,OK,200,,2026-10-02,
https://www.dea.ga.gov.au/,OK,200,https://www.ga.gov.au/scientific-topics/dea,2026-10-02,
https://www.defence.gov.au/news-events/news/2020-12-15/engineer-rewarded-fighting-bushfires,OK,200,,2026-10-02,
https://www.deloitte.com/au/en/services/economics/perspectives/building-australias-natural-disaster-resilience.html,OK,200,,2026-10-02,
https://www.deloitte.com/content/dam/assets-zone1/au/en/docs/services/economics/deloitte-au-dae-cat221-review-new-benchmark-for-catastrophe-preparedness-011123.pdf,OK,200,,2026-10-02,
https://www.deloitte.com/content/dam/assets-zone1/au/en/docs/services/economics/deloitte-au-economic-costs-natural-disasters-australia-methodology-paper-061021.pdf,OK,200,,2026-10-02,
https://www.deloitte.com/content/dam/assets-zone1/au/en/docs/services/economics/deloitte-au-economics-abr-natural-disasters-061021.pdf,OK,200,,2026-10-02,
https://www.denvergazette.com/2025/09/10/this-california-town-was-ravaged-by-a-wildfire-seven-years-later-schools-are-still-recovering/,BLOCKED,403,,2026-10-02,
https://www.denvergazette.com/?p=379686,BLOCKED,403,,2026-10-02,
https://www.destinationnsw.com.au/newsroom/new-visitor-profiles-help-councils-tourism-plans,OK,200,,2026-10-02,
https://www.dewr.gov.au/download/17069/salm-smoothed-lga-datafiles-asgs-2025-march-quarter-2026/43119/salm-smoothed-lga-datafiles-asgs-2025-march-quarter-2026/csv,OK,200,,2026-10-02,
https://www.dewr.gov.au/download/17071/salm-unsmoothed-sa2-datafiles-asgs-2021-march-quarter-2026/43122/salm-unsmoothed-sa2-datafiles-asgs-2021-march-quarter-2026/csv,OK,200,,2026-10-02,
https://www.dewr.gov.au/employment-research/resources/salm-smoothed-lga-datafiles-asgs-2025,OK,200,,2026-10-02,
https://www.dewr.gov.au/employment-research/small-area-labour-markets/methodology,OK,200,,2026-10-02,
https://www.dfes.wa.gov.au/annualreport2021/wooroloo-bushfire/,OK,200,,2026-10-02,
https://www.disasterassist.gov.au/,OK,200,,2026-10-02,
https://www.disasterassist.gov.au/Pages/disasters/current-disasters/New-South-Wales/,BLOCKED,401,https://www.disasterassist.gov.au/Pages/Forms/AllItems.aspx?RootFolder=%2fPages%2fdisasters%2fcurrent-disasters%2fNew-South-Wales&FolderCTID=0x0120003F4978542E48F242B7040C271D785878,2026-10-02,
https://www.disasterassist.gov.au/Pages/disasters/current-disasters/New-South-Wales/Cessnock-Bushfire-12-September-2017.aspx,OK,200,,2026-10-02,
https://www.disasterassist.gov.au/Pages/disasters/current-disasters/New-South-Wales/Dubbo-and-mid-western-regional-bushfire-from-january-2017.aspx,OK,200,,2026-10-02,
https://www.disasterassist.gov.au/Pages/disasters/current-disasters/New-South-Wales/Kempsey-Bushfire-27-August-2017.aspx,OK,200,,2026-10-02,
https://www.disasterassist.gov.au/Pages/disasters/current-disasters/New-South-Wales/Mid-Coast-and-Port-Macquarie-Hastings-Bushfires-30-August-2017.aspx,OK,200,,2026-10-02,
https://www.disasterassist.gov.au/Pages/disasters/current-disasters/New-South-Wales/Queanbeyan-palerang-bushfire-carwoola-bushfire-from-17-february-2017.aspx,OK,200,,2026-10-02,
https://www.disasterassist.gov.au/Pages/disasters/current-disasters/New-South-Wales/Singleton-Bushfires-18-December-2017.aspx,OK,200,,2026-10-02,
https://www.disasterassist.gov.au/Pages/disasters/current-disasters/New-South-Wales/Tenterfield-Bushfires-8-September-2017.aspx,OK,200,,2026-10-02,
https://www.disasterassist.gov.au/Pages/disasters/current-disasters/New-South-Wales/gwydir-and-narrabri-nsw-bushfires-1-march-2023.aspx,OK,200,,2026-10-02,
https://www.disasterassist.gov.au/Pages/disasters/current-disasters/New-South-Wales/kooragang-island-fires-05012019-onwards.aspx,OK,200,,2026-10-02,
https://www.disasterassist.gov.au/Pages/disasters/current-disasters/New-South-Wales/nsw-north-coast-bushfires-commencing-18-july-2019-onwards.aspx,OK,200,,2026-10-02,
https://www.disasterassist.gov.au/Pages/disasters/current-disasters/New-South-Wales/parkes-cabonne-curembenya-bushfire-05012019-onwards.aspx,OK,200,,2026-10-02,
https://www.disasterassist.gov.au/Pages/disasters/current-disasters/New-South-Wales/port-stephens-cessnock-bushfires-22-november-2018-onwards.aspx,OK,200,,2026-10-02,
https://www.disasterassist.gov.au/Pages/disasters/current-disasters/New-South-Wales/richmond-valley-lismore-kyogle-bushfires-12-august-2018-onwards.aspx,OK,200,,2026-10-02,
https://www.disasterassist.gov.au/Pages/disasters/current-disasters/New-South-Wales/singleton-muswellbrook-bushfires-11-February-2019-onwards.aspx,OK,200,,2026-10-02,
https://www.disasterassist.gov.au/Pages/disasters/current-disasters/New-South-Wales/singleton-nsw-bushfires-11-september-18-october-2023.aspx,OK,200,,2026-10-02,
https://www.disasterassist.gov.au/Pages/disasters/current-disasters/New-South-Wales/tamworth-halls-creek-road-bushfire-03012019-onwards.aspx,BROKEN,404,,2026-10-02,
https://www.disasterassist.gov.au/Pages/disasters/current-disasters/Queensland/queensland-bushfires-september-december-2019.aspx,OK,200,,2026-10-02,
https://www.disasterassist.gov.au/Pages/disasters/current-disasters/South-Australia/Bushfires-January-2015.aspx,OK,200,,2026-10-02,
https://www.disasterassist.gov.au/Pages/disasters/current-disasters/South-Australia/Lower-Mid-North-Bushfire-25-November-2015.aspx,OK,200,,2026-10-02,
https://www.disasterassist.gov.au/Pages/disasters/current-disasters/South-Australia/Yorketown-bushfire-112019-onwards.aspx,OK,200,,2026-10-02,
https://www.disasterassist.gov.au/Pages/disasters/current-disasters/Tasmania/Bushfires-January-2013.aspx,OK,200,,2026-10-02,
https://www.disasterassist.gov.au/Pages/disasters/current-disasters/Victoria/victorian-bushfires-november-2019-onwards.aspx,OK,200,,2026-10-02,
https://www.disasterassist.gov.au/Pages/disasters/current-disasters/Western-Australia/bushfires-1-february-2021-onwards.aspx,OK,200,,2026-10-02,
https://www.disasterassist.gov.au/Pages/disasters/current-disasters/Western-Australia/mariginiup-bushfire-22-november-2023-onwards.aspx,OK,200,,2026-10-02,
https://www.disasterassist.gov.au/Pages/disasters/new-south-wales/bathurst-lithgow-nsw-bushfire-23-december-2024-11-january-2025.aspx,BROKEN,404,,2026-10-02,
https://www.disasterassist.gov.au/Pages/disasters/new-south-wales/carrathool-shire-bushfire-6-18-february-2026.aspx,BROKEN,404,,2026-10-02,
https://www.disasterassist.gov.au/Pages/disasters/new-south-wales/cessnock-bushfire-agrn-1275.aspx,OK,200,,2026-10-02,
https://www.disasterassist.gov.au/Pages/disasters/new-south-wales/clarence-valley-nsw-bushfire-25-september-28-october-2025.aspx,BROKEN,404,,2026-10-02,
https://www.disasterassist.gov.au/Pages/disasters/new-south-wales/clarence-valley-nsw-bushfires-21-january-13-february-2024.aspx,BROKEN,404,,2026-10-02,
https://www.disasterassist.gov.au/Pages/disasters/new-south-wales/dubbo-warrumbungle-bushfire-27-november-2025.aspx,BROKEN,404,,2026-10-02,
https://www.disasterassist.gov.au/Pages/disasters/new-south-wales/dungog-nsw-bushfire-9-november-2025.aspx,BROKEN,404,,2026-10-02,
https://www.disasterassist.gov.au/Pages/disasters/new-south-wales/eurobodalla-bega-valley-nsw-bushfire-7-january-2026.aspx,BROKEN,404,,2026-10-02,
https://www.disasterassist.gov.au/Pages/disasters/new-south-wales/hawkesbury-nsw-bushfire-5-16-january-2025.aspx,OK,200,,2026-10-02,
https://www.disasterassist.gov.au/Pages/disasters/new-south-wales/kempsey-nsw-bushfire-6-9-october-2025.aspx,BROKEN,404,,2026-10-02,
https://www.disasterassist.gov.au/Pages/disasters/new-south-wales/lithgow-mid-western-regional-nsw-bushfire-9-december-2025.aspx,BROKEN,404,,2026-10-02,
https://www.disasterassist.gov.au/Pages/disasters/new-south-wales/lithgow-nsw-bushfire-16-november-2025.aspx,BROKEN,404,,2026-10-02,
https://www.disasterassist.gov.au/Pages/disasters/new-south-wales/lockhart-bushfire-agrn-1274.aspx,OK,200,,2026-10-02,
https://www.disasterassist.gov.au/Pages/disasters/new-south-wales/mid-coast-bushfire-16-april-25-april-2026.aspx,BROKEN,404,,2026-10-02,
https://www.disasterassist.gov.au/Pages/disasters/new-south-wales/mid-western-nsw-bushfires-27-december-2024-8-january-2025.aspx,BROKEN,404,,2026-10-02,
https://www.disasterassist.gov.au/Pages/disasters/new-south-wales/mid-western-regional-nsw-bushfire-5-november-2025.aspx,BROKEN,404,,2026-10-02,
https://www.disasterassist.gov.au/Pages/disasters/new-south-wales/midcoast-bushfire-27-january-2026-21-february-2026.aspx,BROKEN,404,,2026-10-02,
https://www.disasterassist.gov.au/Pages/disasters/new-south-wales/midcoast-bushfire-29-december-2025-05-january-2026.aspx,BROKEN,404,,2026-10-02,
https://www.disasterassist.gov.au/Pages/disasters/new-south-wales/nsw-narrabri-gwydir-bushfire-commencing-27012025.aspx,OK,200,,2026-10-02,
https://www.disasterassist.gov.au/Pages/disasters/new-south-wales/nsw-walgett-coonamble-bushfires-28012025-12022025.aspx,BROKEN,404,,2026-10-02,
https://www.disasterassist.gov.au/Pages/disasters/new-south-wales/nsw-warrumbungle-narrabri-bushfire-26-february-13-march-2025.aspx,OK,200,,2026-10-02,
https://www.disasterassist.gov.au/Pages/disasters/new-south-wales/parkes-nsw-bushfire-26-november-2025.aspx,BROKEN,404,,2026-10-02,
https://www.disasterassist.gov.au/Pages/disasters/new-south-wales/port-macquarie-hastings-bushfire-agrn-1262.aspx,OK,200,,2026-10-02,
https://www.disasterassist.gov.au/Pages/disasters/new-south-wales/port-stephens-bushfire-29-january-5-february-2026.aspx,BROKEN,404,,2026-10-02,
https://www.disasterassist.gov.au/Pages/disasters/new-south-wales/singleton-nsw-bushfire-16-24-december-2024.aspx,BROKEN,404,,2026-10-02,
https://www.disasterassist.gov.au/Pages/disasters/new-south-wales/tamworth-bushfire-26-October-4-November-2023.aspx,OK,200,,2026-10-02,
https://www.disasterassist.gov.au/Pages/disasters/new-south-wales/tamworth-uralla-nsw-bushfires-27-december-2024-9-january-2025.aspx,BROKEN,404,,2026-10-02,
https://www.disasterassist.gov.au/Pages/disasters/new-south-wales/tenterfield-bushfire-30-january-13-february-2026.aspx,BROKEN,404,,2026-10-02,
https://www.disasterassist.gov.au/Pages/disasters/new-south-wales/tenterfield-nsw-bushfire-16-december-2025.aspx,BROKEN,404,,2026-10-02,
https://www.disasterassist.gov.au/Pages/disasters/new-south-wales/tenterfield-nsw-bushfire-2-16-september-2024.aspx,OK,200,,2026-10-02,
https://www.disasterassist.gov.au/Pages/disasters/new-south-wales/tenterfield-nsw-bushfire-23-october-3-november-2025.aspx,BROKEN,404,,2026-10-02,
https://www.disasterassist.gov.au/Pages/disasters/new-south-wales/upper-hunter-muswellbrook-bushfires-26-november-2025.aspx,BROKEN,404,,2026-10-02,
https://www.disasterassist.gov.au/Pages/disasters/new-south-wales/yass-valley-nsw-bushfire-27-december-2024-7-january-2025.aspx,BROKEN,404,,2026-10-02,
https://www.disasterassist.gov.au/Pages/disasters/previous-disasters/Victoria/Victorian-bushfires-January-to-February-2009.aspx,OK,200,,2026-10-02,
https://www.disasterassist.gov.au/Pages/disasters/victoria/victorian-bushfires-commencing-7-Jan-2026.aspx,OK,200,,2026-10-02,
https://www.disasterassist.gov.au/Pages/singleton-muswellbrook-bushfires-commencing-27122024.aspx,BROKEN,404,,2026-10-02,
https://www.disasterassist.gov.au/disaster-arrangements/disaster-recovery-funding-arrangements,OK,200,,2026-10-02,
https://www.disasterassist.gov.au/disaster-arrangements/natural-disaster-relief-and-recovery-arrangements,OK,200,,2026-10-02,
https://www.disasterassist.gov.au/find-a-disaster/australian-disasters,OK,200,,2026-10-02,
https://www.dit.sa.gov.au/__data/assets/pdf_file/0003/1093314/Database_Reports_2020-21.pdf,BLOCKED,403,https://dit.sa.gov.au/__data/assets/pdf_file/0003/1093314/Database_Reports_2020-21.pdf,2026-10-02,
https://www.dit.sa.gov.au/__data/assets/pdf_file/0008/1275470/Database-Reports-2021-22.pdf,BLOCKED,403,https://dit.sa.gov.au/__data/assets/pdf_file/0008/1275470/Database-Reports-2021-22.pdf,2026-10-02,
https://www.dlgwv.qld.gov.au/local-government/for-councils/resources/local-government-comparative-reports,BLOCKED,403,,2026-10-02,
https://www.doi.org/10.4225/03/58B61DEBEAAA9,FAILED,,,2026-10-02,"SSLError: HTTPSConnectionPool(host='bridges.monash.edu', port=443): Max retries exceeded with url: /articles/thesis/Women_s_experience_of_violence_in_the_afterm"
https://www.dpc.nsw.gov.au/assets/bushfire-inquiry-submissions/0118-Telstra-20200513.pdf,FAILED,405,https://prod.redirects.dcs.skpr.live:443/redirect/www.dpc.nsw.gov.au/assets/bushfire-inquiry-submissions/0118-Telstra-20200513.pdf,2026-10-02,"ConnectionError: HTTPSConnectionPool(host='files.dpc.nsw.gov.au', port=443): Max retries exceeded with url: /assets/bushfire-inquiry-submissions/0118-telstra-20200513."
https://www.dpc.nsw.gov.au/assets/bushfire-inquiry-submissions/0826-Stewart-Needham-20200424.pdf,FAILED,405,https://prod.redirects.dcs.skpr.live:443/redirect/www.dpc.nsw.gov.au/assets/bushfire-inquiry-submissions/0826-Stewart-Needham-20200424.pdf,2026-10-02,"ConnectionError: HTTPSConnectionPool(host='files.dpc.nsw.gov.au', port=443): Max retries exceeded with url: /assets/bushfire-inquiry-submissions/0826-stewart-needham-2"
https://www.dpc.nsw.gov.au/assets/bushfire-inquiry-submissions/0924-Pierre-Louys-20200303.pdf,FAILED,405,https://prod.redirects.dcs.skpr.live:443/redirect/www.dpc.nsw.gov.au/assets/bushfire-inquiry-submissions/0924-Pierre-Louys-20200303.pdf,2026-10-02,"ConnectionError: HTTPSConnectionPool(host='files.dpc.nsw.gov.au', port=443): Max retries exceeded with url: /assets/bushfire-inquiry-submissions/0924-pierre-louys-2020"
https://www.dptiapps.com.au/dataportal/BushfireProtectionAreas_shp.zip,OK,200,,2026-10-02,
https://www.dptiapps.com.au/dataportal/PDCodeOverlays_shp.zip,OK,200,,2026-10-02,
https://www.dss.gov.au/long-term-research/accessing-our-datasets,OK,200,,2026-10-02,
https://www.dss.gov.au/long-term-research/living-australia-household-income-and-labour-dynamics-australia-hilda-survey,OK,200,,2026-10-02,
https://www.dubbo.nsw.gov.au/ArticleDocuments/11102/2023-2024%20Dubbo%20Regional%20Council%20Financial%20Statements.pdf.aspx,OK,200,,2026-10-02,
https://www.dubbo.nsw.gov.au/ArticleDocuments/11102/Dubbo%20Regional%20Council%20-%20%20Annual%20Financial%20Statements%202019%202020%20-%20Annual%20Report%20(1).pdf.aspx,OK,200,,2026-10-02,
https://www.dubbo.nsw.gov.au/ArticleDocuments/11102/Dubbo%20Regional%20Council%20-%20Annual%20Financial%20Statements%20-2020-2021%20(3).pdf.aspx,OK,200,,2026-10-02,
https://www.dubbo.nsw.gov.au/ArticleDocuments/11102/Dubbo%20Regional%20Council%20-%20Annual%20Financial%20Statements%202021-2022%20(1).pdf.aspx,OK,200,,2026-10-02,
https://www.dubbo.nsw.gov.au/ArticleDocuments/11102/Dubbo%20Regional%20Council%20-%20Annual%20Financial%20Statements-%20%202022-2023%20(1).pdf.aspx,OK,200,,2026-10-02,
https://www.dubbo.nsw.gov.au/ArticleDocuments/11102/Dubbo%20Regional%20Council%20-%20Financial%20Statements%202018-19.pdf.aspx,OK,200,,2026-10-02,
https://www.dubbo.nsw.gov.au/ArticleDocuments/11102/Dubbo%20Regional%20Council%20Financial%20Statements%202016-2017.pdf.aspx,OK,200,,2026-10-02,
https://www.dubbo.nsw.gov.au/ArticleDocuments/11102/Dubbo%20Regional%20Council%20Financial%20Statements%202017-2018.pdf.aspx,OK,200,,2026-10-02,
https://www.dungog.nsw.gov.au/,BLOCKED,403,,2026-10-02,
https://www.dungog.nsw.gov.au/Council/Council-Documents/Integrated-Planning-Reporting/Annual-Reports,BLOCKED,403,,2026-10-02,
https://www.dungog.nsw.gov.au/council/council-documents/annual-reports,BLOCKED,403,,2026-10-02,
https://www.dungog.nsw.gov.au/files/assets/public/councildocuments/annual_reports/2015-2016/financial-statements-2015-2016.pdf,BLOCKED,403,,2026-10-02,
https://www.dungog.nsw.gov.au/files/assets/public/councildocuments/annual_reports/2016-2017/financial-statements-2016-2017.pdf,BLOCKED,403,,2026-10-02,
https://www.dungog.nsw.gov.au/files/assets/public/councildocuments/annual_reports/2017-2018/financial-statements-2017-2018.pdf,BLOCKED,403,,2026-10-02,
https://www.dungog.nsw.gov.au/files/assets/public/councildocuments/annual_reports/2018-2019/financial-statement-2018-2019.pdf,BLOCKED,403,,2026-10-02,
https://www.dungog.nsw.gov.au/files/assets/public/councildocuments/annual_reports/2019-2020/financial-statement-2019-2020.pdf,BLOCKED,403,,2026-10-02,
https://www.dungog.nsw.gov.au/files/assets/public/councildocuments/annual_reports/2020-2021/financial-statement-2020-2021.pdf,BLOCKED,403,,2026-10-02,
https://www.dungog.nsw.gov.au/files/assets/public/councildocuments/annual_reports/2021-2022/dsc-2022-final-combined-afs-gpfs-ss-22-dec-2022.pdf,BLOCKED,403,,2026-10-02,
https://www.dungog.nsw.gov.au/files/assets/public/v/2/councildocuments/annual_reports/2022-2023/dscs-annual-financial-statements-2023.pdf,BLOCKED,403,,2026-10-02,
https://www.eastgippsland.vic.gov.au/community/bushfire-recovery-plans-and-reports,BROKEN,404,https://www.eastgippsland.vic.gov.au/community-and-family/bushfire-recovery-plans-and-reports,2026-10-02,
https://www.eastgippsland.vic.gov.au/media-releases/east-gippslanders-dismayed-by-fire-grants-program,OK,200,,2026-10-02,
https://www.echo.net.au/2020/10/250m-to-councils-for-bushfire-recovery/,OK,200,,2026-10-02,
https://www.economy.id.com.au/hay/employment-locations,OK,200,https://economy.id.com.au/hay/employment-locations,2026-10-02,
https://www.economy.id.com.au/rdasa/value-of-agriculture,OK,200,https://economy.id.com.au/rdasa/value-of-agriculture,2026-10-02,
https://www.edenmagnet.com.au/story/6652029/lost-income-in-the-fires-what-is-available-and-how-you-can-claim/,OK,200,,2026-10-02,
https://www.edenmagnet.com.au/story/6838445/mallacoota-real-estate-market-soars-as-housing-shortage-impacts-community-rebuild,OK,200,https://www.edenmagnet.com.au/story/6838445/mallacoota-real-estate-market-soars-as-housing-shortage-impacts-community-rebuild/,2026-10-02,
https://www.edenmagnet.com.au/story/6838445/mallacoota-real-estate-market-soars-as-housing-shortage-impacts-community-rebuild/?cs=658,OK,200,,2026-10-02,
https://www.edenmagnet.com.au/story/7487470/,OK,200,https://www.edenmagnet.com.au/story/7487470/did-we-underestimate-the-health-effects-of-the-black-summer-bushfires/,2026-10-02,
https://www.edenmagnet.com.au/story/8155248,OK,200,https://www.edenmagnet.com.au/story/8155248/south-coast-town-rated-nsws-worst-for-renters-with-pets/,2026-10-02,
https://www.edo.org.au/2020/09/03/bushfires-edo-legal-response/,OK,200,,2026-10-02,
https://www.edo.org.au/?p=3347,OK,200,https://www.edo.org.au/2020/09/03/bushfires-edo-legal-response/,2026-10-02,
https://www.edwardriver.nsw.gov.au/Council/Council-Publications/Reports,BLOCKED,403,,2026-10-02,
https://www.environment.nsw.gov.au/sites/default/files/nsw-wildlife-and-conservation-bushfire-recovery-supplement-a-assessing-impact-200478.pdf,OK,200,,2026-10-02,
https://www.esc.nsw.gov.au/__data/assets/file/0017/154223/Budget-Review-for-the-period-ended-30-September-2018.pdf,BLOCKED,403,,2026-10-02,
https://www.esc.nsw.gov.au/__data/assets/pdf_file/0003/206193/Agenda-Public.pdf,BLOCKED,403,,2026-10-02,
https://www.esc.nsw.gov.au/__data/assets/pdf_file/0005/157973/Finance-Quarterly-Budget-Review.pdf,BLOCKED,403,,2026-10-02,
https://www.esc.nsw.gov.au/__data/assets/pdf_file/0005/234626/Quarterly-Budget-Review-for-period-ending-31-March-2022.pdf,BLOCKED,403,,2026-10-02,
https://www.esc.nsw.gov.au/__data/assets/pdf_file/0007/143980/General-Purpose-Financial-Statements-for-2014-15.pdf,BLOCKED,403,,2026-10-02,
https://www.esc.nsw.gov.au/__data/assets/pdf_file/0007/156157/March-quarterly-budget-review-and-attachments-2019.pdf,BLOCKED,403,,2026-10-02,
https://www.esc.nsw.gov.au/__data/assets/pdf_file/0007/159019/December-Budget-Review-report-CCS20-006.pdf,BLOCKED,403,,2026-10-02,
https://www.esc.nsw.gov.au/__data/assets/pdf_file/0007/160477/Eurobodalla-Recovery-Plan.pdf,BLOCKED,403,,2026-10-02,
https://www.esc.nsw.gov.au/__data/assets/pdf_file/0007/257884/Annual_Financial_Statements-2024.pdf,BLOCKED,403,,2026-10-02,
https://www.esc.nsw.gov.au/__data/assets/pdf_file/0008/226898/Eurobodalla-Shire-Council-Financial-Statements-2021-22.pdf,BLOCKED,403,,2026-10-02,
https://www.esc.nsw.gov.au/__data/assets/pdf_file/0008/241748/Annual-Financial-Statements-for-the-year-ended-30-June-2023.pdf,BLOCKED,403,,2026-10-02,
https://www.esc.nsw.gov.au/__data/assets/pdf_file/0008/266516/Eurobodalla-Business-Confidence-Report-2023.pdf,BLOCKED,403,,2026-10-02,
https://www.esc.nsw.gov.au/__data/assets/pdf_file/0010/162829/Agenda-Public-.pdf,BLOCKED,403,,2026-10-02,
https://www.esc.nsw.gov.au/__data/assets/pdf_file/0015/205701/Report-Eurobodalla-Business-Confidence-2021-08-20-compressed.pdf,BLOCKED,403,,2026-10-02,
https://www.esc.nsw.gov.au/__data/assets/pdf_file/0017/150461/Eurobodalla-Shire-Council-Financial-Statements-and-Special-Schedules-for-the-year-ended-30-June-2017_1.pdf,BLOCKED,403,,2026-10-02,
https://www.esc.nsw.gov.au/__data/assets/pdf_file/0017/242216/Eurobodalla-Shire-Council-Annual-Financial-Statements-for-the-year-ended-30-June-2023.pdf,BLOCKED,403,,2026-10-02,
https://www.esc.nsw.gov.au/__data/assets/pdf_file/0018/163008/September-Quarterly-Budget-Review.pdf,BLOCKED,403,,2026-10-02,
https://www.esc.nsw.gov.au/__data/assets/pdf_file/0020/141950/Agenda-Public1.pdf,BLOCKED,403,,2026-10-02,
https://www.esc.nsw.gov.au/__data/assets/pdf_file/0020/154820/Annual-Financial-Statements-YE-1718-Eurobodalla-Shire-Council.pdf,BLOCKED,403,,2026-10-02,
https://www.esc.nsw.gov.au/__data/assets/pdf_file/0020/207272/Annual_Financial_Statements-2021.pdf,BLOCKED,403,,2026-10-02,
https://www.esc.nsw.gov.au/community/for-businesses/eurobodalla-tourism/Research-and-data,BLOCKED,403,,2026-10-02,
https://www.esc.nsw.gov.au/council/meetings-and-agendas,BLOCKED,403,,2026-10-02,
https://www.esc.nsw.gov.au/council/plans-and-reporting/financial-statements,BLOCKED,403,,2026-10-02,
https://www.esc.nsw.gov.au/council/plans-and-reporting/performance-reporting,BLOCKED,403,,2026-10-02,
https://www.esc.nsw.gov.au/news-and-events/latest-news/bushfire-updates-automatically-display-on-recovery-page/devil-in-the-detail-on-rate-support,BLOCKED,403,,2026-10-02,
https://www.esc.nsw.gov.au/news-and-events/latest-news/bushfire-updates-automatically-display-on-recovery-page/wednesday-29-january-2020,BLOCKED,403,,2026-10-02,
https://www.esc.nsw.gov.au/news-and-events/latest-news/bushfire-updates/campaign-fires-up-to-protect-infrastructure,BLOCKED,403,,2026-10-02,
https://www.esc.nsw.gov.au/news-and-events/latest-news/bushfire-updates/council-approves-blueprint-to-rebuild-eurobodalla,BLOCKED,403,,2026-10-02,
https://www.esc.nsw.gov.au/news-and-events/latest-news/bushfire-updates/council-calls-for-urgent-action-to-protect-mt-wandera-telecommunications,BLOCKED,403,,2026-10-02,
https://www.esc.nsw.gov.au/news-and-events/latest-news/bushfire-updates/more-help-to-rebuild-after-fires,BLOCKED,403,,2026-10-02,
"https://www.esc.nsw.gov.au/news-and-events/latest-news/bushfire-updates/we-need-help-and-hope,-now",BLOCKED,403,,2026-10-02,
https://www.esc.vic.gov.au/local-government/rate-capping-outcomes-reports/local-council-outcomes-report-2025,OK,200,,2026-10-02,
https://www.esc.vic.gov.au/sites/default/files/documents/ESC%20Outcomes%20of%20rate%20capping%202025%20-%20Fact%20sheet%20data%20-%2020250611.xlsx,OK,200,,2026-10-02,
https://www.escosa.sa.gov.au/ArticleDocuments/21863/20260212-LocalGovernmentAdvice-2025-26-KangarooIslandCouncil.pdf.aspx?Embed=Y,BLOCKED,403,,2026-10-02,
https://www.escosa.sa.gov.au/advice/advice-to-local-government,BLOCKED,403,,2026-10-02,
https://www.esperance.wa.gov.au/residents/welcome-to-esperance/about-the-area.aspx,OK,200,,2026-10-02,
https://www.everycrsreport.com/files/2023-12-21_IF12557_41ed09b106e67b92c93c37402ccf7e58973b5171.html,OK,200,,2026-10-02,
https://www.everycrsreport.com/reports/IF12557.html,OK,200,,2026-10-02,
https://www.fairfieldcity.nsw.gov.au/Your-Council/Integrated-Planning-and-Reporting/Archived-Reports,BLOCKED,403,,2026-10-02,
https://www.farmonline.com.au/story/7569090,OK,200,https://www.farmonline.com.au/story/7569090/black-summer-bushfire-damage-to-agriculture-tallied-to-5-billion/,2026-10-02,
https://www.farmprogress.com/farm-operations/wildfire-devastated-resources-for-socially-vulnerable,OK,200,,2026-10-02,
https://www.fclc.org.au/bushfiresandfamilyviolence,OK,200,,2026-10-02,
https://www.fcmat.org/PublicationsReports/Paradise-USD-final-letter-10002.pdf,OK,200,,2026-10-02,
https://www.federationcouncil.nsw.gov.au/,BLOCKED,403,,2026-10-02,
https://www.federationcouncil.nsw.gov.au/Council/Corporate-Planning/Reporting/Annual-Financial-Statements,BLOCKED,403,,2026-10-02,
https://www.federationcouncil.nsw.gov.au/files/assets/public/v/1/document-library/corporate-documents/other/financial-statements/19-74534-federation-council-financial-statements-18-19.pdf,BLOCKED,403,,2026-10-02,
https://www.federationcouncil.nsw.gov.au/files/assets/public/v/1/document-library/corporate-documents/other/financial-statements/annual-financial-statements-2019-2020.pdf,BLOCKED,403,,2026-10-02,
https://www.federationcouncil.nsw.gov.au/files/assets/public/v/1/document-library/corporate-documents/other/financial-statements/audited-financial-statements-2017-18.pdf,BLOCKED,403,,2026-10-02,
https://www.federationcouncil.nsw.gov.au/files/assets/public/v/1/document-library/corporate-documents/other/financial-statements/federation-council-financial-statements-2016-17.pdf,BLOCKED,403,,2026-10-02,
https://www.federationcouncil.nsw.gov.au/files/assets/public/v/1/document-library/corporate-documents/other/financial-statements/federation-council-financial-statements-2020-2021.pdf,BLOCKED,403,,2026-10-02,
https://www.federationcouncil.nsw.gov.au/files/assets/public/v/1/document-library/corporate-documents/other/financial-statements/federation-council-financial-statements-2021-22.pdf,BLOCKED,403,,2026-10-02,
https://www.federationcouncil.nsw.gov.au/files/assets/public/v/1/document-library/corporate-documents/plans-amp-strategies-ampipampr/2023-2024-strategic-documents/federation-council-financial-statements-2023-24.pdf,BLOCKED,403,,2026-10-02,
https://www.federationcouncil.nsw.gov.au/files/assets/public/v/2/document-library/corporate-documents/on-exhibition/federation-council-financial-statements-2023-23.pdf,BLOCKED,403,,2026-10-02,
https://www.feedstuffs.com/news/australian-ag-sees-massive-scale-destruction,OK,200,https://www.feedstuffs.com/agribusiness-news/australian-ag-sees-massive-scale-of-destruction-,2026-10-02,
https://www.fema.gov/flood-maps/products-tools/national-risk-index,BLOCKED,403,,2026-10-02,
https://www.financialcounsellingaustralia.org.au/fca-welcomes-extra-funding-for-bushfire-zones/,OK,200,,2026-10-02,
https://www.foodanddrinkbusiness.com.au/news/montague-s-5000-apple-trees-burned-by-bushfire,OK,200,,2026-10-02,
https://www.forbes.nsw.gov.au/ArticleDocuments/211/Annual_Financial_Statements-2021.pdf.aspx,OK,200,,2026-10-02,
https://www.forbes.nsw.gov.au/ArticleDocuments/211/Financial%20Statements%202020%20Final.pdf.aspx,OK,200,,2026-10-02,
https://www.forbes.nsw.gov.au/ArticleDocuments/211/Financial-Statements-2015-16.pdf.aspx,OK,200,,2026-10-02,
https://www.forbes.nsw.gov.au/ArticleDocuments/211/Financial-Statements-2016-17.pdf.aspx,OK,200,,2026-10-02,
https://www.forbes.nsw.gov.au/ArticleDocuments/211/Financial-Statements-2017-18.pdf.aspx,OK,200,,2026-10-02,
https://www.forbes.nsw.gov.au/ArticleDocuments/211/Forbes%20Shire%20Council%20Annual%20Report%202023-24.pdf.aspx,OK,200,,2026-10-02,
https://www.forbes.nsw.gov.au/ArticleDocuments/218/Annual_Financial_Statements-2022.pdf.aspx,OK,200,,2026-10-02,
https://www.forbes.nsw.gov.au/ArticleDocuments/302/2018-19%20Financial%20Statements.pdf.aspx,OK,200,,2026-10-02,
https://www.forbes.nsw.gov.au/ArticleDocuments/302/Annual%20Financial%20Statements%202023.pdf.aspx,OK,200,,2026-10-02,
https://www.forbes.nsw.gov.au/council/council-documents/extra-reports,OK,200,,2026-10-02,
https://www.forbes.nsw.gov.au/council/council-documents/reports,OK,200,,2026-10-02,
https://www.frames.gov/catalog/66673,OK,200,,2026-10-02,
https://www.frbsf.org/research-and-insights/publications/economic-letter/2024/08/wildfires-and-real-estate-values-in-california,OK,200,https://www.frbsf.org/research-and-insights/publications/economic-letter/2024/08/wildfires-and-real-estate-values-in-california/,2026-10-02,
https://www.frbsf.org/research-and-insights/publications/economic-letter/wildfires-and-real-estate-values-in-california/,OK,200,,2026-10-02,
https://www.frontiersin.org/articles/10.3389/fvets.2022.790556/pdf,OK,204,https://www.frontiersin.org/journals/veterinary-science/articles/10.3389/fvets.2022.790556/pdf,2026-10-02,
https://www.frontiersin.org/journals/public-health/articles/10.3389/fpubh.2021.641151/epub,OK,204,,2026-10-02,
https://www.frontiersin.org/journals/public-health/articles/10.3389/fpubh.2021.641151/pdf,OK,204,,2026-10-02,
https://www.fruitnet.com/asiafruit/article/180533/australian-bushfires-take-a-toll,OK,200,https://www.fruitnet.com/asiafruit/australian-bushfires-take-a-toll/180533.article,2026-10-02,
https://www.ftc.gov/sites/default/files/documents/public_events/fifth-annual-microeconomics-conference/basker.pdf,OK,200,,2026-10-02,
https://www.fundmonitors.com/fundnews.php?P=78,OK,200,,2026-10-02,
https://www.futurelocal.tas.gov.au/council-data/,OK,200,,2026-10-02,
https://www.futurelocal.tas.gov.au/wp-content/uploads/2022/08/Dashboard-2.0-Information-Sheet-FoLGR-Final-web.pdf,OK,200,,2026-10-02,
https://www.fxcm.com/au/insights/financial-impact-of-2019-20-australian-bushfires/,BLOCKED,403,,2026-10-02,
https://www.fxcm.com/uk/insights/financial-impact-of-2019-20-australian-bushfires/,BLOCKED,403,,2026-10-02,
https://www.fxcm.com/za/insights/financial-impact-of-2019-20-australian-bushfires/,BLOCKED,403,,2026-10-02,
https://www.georgesriver.nsw.gov.au/Council/About-Your-Council/Publications/Other-Corporate-Documents,OK,200,,2026-10-02,
https://www.georgesriver.nsw.gov.au/StGeorge/media/Documents/Audited-Financial-Statements-and-Auditors-Report-2020-21.pdf,OK,200,,2026-10-02,
https://www.georgesriver.nsw.gov.au/StGeorge/media/Documents/Council/Publications/Annual-Financial-Statements-2017-2018.pdf,OK,200,,2026-10-02,
https://www.georgesriver.nsw.gov.au/StGeorge/media/Documents/Council/Publications/Audited-Financial-Statements-and-Auditors-Report-2018-19.PDF,OK,200,,2026-10-02,
https://www.georgesriver.nsw.gov.au/StGeorge/media/Documents/Council/Publications/Audited-Financial-Statements-and-Auditors-Report-2019-20.PDF,OK,200,,2026-10-02,
https://www.georgesriver.nsw.gov.au/StGeorge/media/Documents/Council/Publications/Audited-Financial-Statements-and-Auditors-Report-2021-22.pdf,OK,200,,2026-10-02,
https://www.georgesriver.nsw.gov.au/StGeorge/media/Documents/Council/Publications/Audited-Financial-Statements-and-Auditors-Report-2022-23.pdf,OK,200,,2026-10-02,
https://www.georgesriver.nsw.gov.au/StGeorge/media/Documents/Council/Publications/Audited-Financial-Statements-and-Auditors-Report-2023-2024.PDF,OK,200,,2026-10-02,
https://www.georgesriver.nsw.gov.au/StGeorge/media/Documents/Council/Publications/Audited-Financial-Statements-and-Auditors-Reports-2016-17.pdf,OK,200,,2026-10-02,
https://www.gfdrr.org/en/publication/post-disaster-needs-assessments-guidelines-volume-2013,BLOCKED,403,,2026-10-02,
https://www.gilgandra.nsw.gov.au/Your-Council/About-Council/Annual-Reports,BLOCKED,403,,2026-10-02,
https://www.gilgandra.nsw.gov.au/Your-Council/About-Council/Financial-information/Financial-Statements,BLOCKED,403,,2026-10-02,
https://www.gilgandra.nsw.gov.au/files/assets/public/misc-documents/2019-20-annual-report.pdf,BLOCKED,403,,2026-10-02,
https://www.gilgandra.nsw.gov.au/files/assets/public/v/1/misc-documents/2017-18-annual-report_1.pdf,BLOCKED,403,,2026-10-02,
https://www.gilgandra.nsw.gov.au/files/assets/public/v/1/your-council/financial/fy2223/annual_financial_statements-2023.pdf,BLOCKED,403,,2026-10-02,
https://www.gilgandra.nsw.gov.au/files/assets/public/v/1/your-council/financial/gilgandra-shire-council-financial-statements-2020-21.pdf,BLOCKED,403,,2026-10-02,
https://www.gilgandra.nsw.gov.au/files/assets/public/v/1/your-council/financial/gilgandra-shire-council-financial-statements-2021-22.pdf,BLOCKED,403,,2026-10-02,
https://www.gilgandra.nsw.gov.au/files/assets/public/v/1/your-council/financial/gilgandra-shire-council-financial-statements-23-24.pdf,BLOCKED,403,,2026-10-02,
https://www.gilgandra.nsw.gov.au/files/assets/public/your-council/integrated-planning-amp-reporting/2018-19-annual-report.pdf,BLOCKED,403,,2026-10-02,
https://www.gisc.nsw.gov.au/Council/Council-Meetings,BLOCKED,403,,2026-10-02,
https://www.gisc.nsw.gov.au/Council/Public-Documents-and-Policies,BLOCKED,403,,2026-10-02,
https://www.gisc.nsw.gov.au/Council/Public-Documents-and-Policies/Annual-Reports,BLOCKED,403,,2026-10-02,
https://www.gisc.nsw.gov.au/Council/Public-Documents-and-Policies/Audited-Financial-Statements,BLOCKED,403,,2026-10-02,
https://www.gisc.nsw.gov.au/council/glen-innes-severn-council-ordinary-meetings?page=1,BLOCKED,403,,2026-10-02,
https://www.gisc.nsw.gov.au/files/assets/public/council/documents/council-meetings/business-paper-ordinary-council-meeting-24.2.22.pdf,BLOCKED,403,,2026-10-02,
https://www.gisc.nsw.gov.au/files/assets/public/council/documents/council-meetings/minutes-ordinary-council-meeting-24.2.22.pdf,BLOCKED,403,,2026-10-02,
https://www.gisc.nsw.gov.au/files/assets/public/v/1/council/documents/public-documents-and-polices/annual-report-2019-2020.pdf,BLOCKED,403,,2026-10-02,
https://www.gisc.nsw.gov.au/files/assets/public/v/1/council/documents/public-documents-and-polices/annual_financial_statements-2020-final.pdf,BLOCKED,403,,2026-10-02,
https://www.gisc.nsw.gov.au/files/assets/public/v/1/council/documents/public-documents-and-polices/audited-financial-statements-2021-2022.pdf,BLOCKED,403,,2026-10-02,
https://www.gisc.nsw.gov.au/files/assets/public/v/1/council/documents/public-documents-and-polices/audited-financial-statements-20222023_1.pdf,BLOCKED,403,,2026-10-02,
https://www.gisc.nsw.gov.au/files/assets/public/v/1/council/documents/public-documents-and-polices/audited-financial-statements-2023-2024.pdf,BLOCKED,403,,2026-10-02,
https://www.gisc.nsw.gov.au/files/assets/public/v/1/council/documents/public-documents-and-polices/glen-innes-severn-council-financial-statements-2020-21.pdf,BLOCKED,403,,2026-10-02,
https://www.givit.org.au/donate-items/give-an-item/b0d8e578-7d3a-4278-a762-9c277466d94c,BROKEN,404,,2026-10-02,
https://www.gleninnesexaminer.com.au/story/6846918/services-australias-bushfire-assistance-deadline-looming,OK,200,https://www.gleninnesexaminer.com.au/story/6846918/services-australias-bushfire-assistance-deadline-looming/,2026-10-02,
https://www.goodfruitandvegetables.com.au/story/6604219/how-the-bushfires-affected-our-food-producers/,OK,200,,2026-10-02,
https://www.google.com.au/amp/amp.abc.net.au/article/11854814,OK,200,,2026-10-02,
https://www.google.com.au/amp/s/amp.abc.net.au/article/11972450,OK,200,,2026-10-02,
https://www.goulburn.nsw.gov.au/Council/Access-to-Information,BLOCKED,403,,2026-10-02,
https://www.goulburn.nsw.gov.au/Council/Agendas-and-Minutes,BLOCKED,403,,2026-10-02,
https://www.goulburn.nsw.gov.au/Council/Corporate-Documents/Finance,BLOCKED,403,,2026-10-02,
https://www.goulburn.nsw.gov.au/Council/Integrated-Planning-Reporting,BLOCKED,403,,2026-10-02,
https://www.goulburn.nsw.gov.au/files/content/public/council/integrated-planning-reporting/2017-18-audited-financial-statements.pdf,BLOCKED,403,,2026-10-02,
https://www.goulburn.nsw.gov.au/files/content/public/council/integrated-planning-reporting/annual-financial-statements-2019.pdf,BLOCKED,403,,2026-10-02,
https://www.goulburn.nsw.gov.au/files/sharedassets/public/agenda-items/20190917-council-meeting-minutes-17-september-2019.pdf,BLOCKED,403,,2026-10-02,
https://www.goulburn.nsw.gov.au/files/sharedassets/public/agenda-items/business-paper/20210518-council-meeting-business-paper-18-may-2021.pdf,BLOCKED,403,,2026-10-02,
https://www.goulburn.nsw.gov.au/files/sharedassets/public/agenda-items/business-paper/20210518-council-meeting-business-paper-enclosure-18-may-2021.pdf,BLOCKED,403,,2026-10-02,
https://www.goulburn.nsw.gov.au/files/sharedassets/public/annual-report/2022-annual_financial_statements.pdf,BLOCKED,403,,2026-10-02,
https://www.goulburn.nsw.gov.au/files/sharedassets/public/annual-report/audited_financial_statements-2020.pdf,BLOCKED,403,,2026-10-02,
https://www.goulburn.nsw.gov.au/files/sharedassets/public/v/1/agenda-items/20201215-council-meeting-minutes-15-december-2020.pdf,BLOCKED,403,,2026-10-02,
https://www.goulburn.nsw.gov.au/files/sharedassets/public/v/1/agenda-items/annual_financial_statements-gpfs-2019.pdf,BLOCKED,403,,2026-10-02,
https://www.goulburn.nsw.gov.au/files/sharedassets/public/v/1/annual-report/annual-report-2020.pdf,BLOCKED,403,,2026-10-02,
https://www.goulburn.nsw.gov.au/files/sharedassets/public/v/1/finance-ipampr-docs/annual_financial_statements-20233in1-audited.pdf,BLOCKED,403,,2026-10-02,
https://www.goulburn.nsw.gov.au/files/sharedassets/public/v/1/finance-ipampr-docs/annual_financial_statements-gpfs-2024.pdf,BLOCKED,403,,2026-10-02,
https://www.goulburn.nsw.gov.au/files/sharedassets/public/v/1/operational-plan/202021/202122/v2annual-report-2020.pdf,BLOCKED,403,,2026-10-02,
https://www.governmentnews.com.au/?p=14721,OK,200,https://www.governmentnews.com.au/productivity-commission-probe-natural-disaster-relief-funding/,2026-10-02,
https://www.governmentnews.com.au/?p=81126,OK,200,https://www.governmentnews.com.au/bushfire-report-omission-disappoints-councils/,2026-10-02,
https://www.governmentnews.com.au/cost-shift-report-says-state-charges-eating-up-council-funds/,OK,200,,2026-10-02,
https://www.governor.nsw.gov.au/assets/Uploads/Bushfire20Recovery20Assistance.pdf,OK,200,,2026-10-02,
https://www.grants.gov.au/,OK,200,,2026-10-02,
https://www.grants.gov.au/Ga/Show/24c804d8-2fb0-4ffe-be2f-f0b69da69b23,OK,200,,2026-10-02,
https://www.grants.gov.au/Ga/Show/42b9c99c-9172-4e0f-b71c-ce3e40bd56bb,OK,200,,2026-10-02,
https://www.grants.gov.au/Ga/Show/9a3b1681-7303-4fb7-a8e1-9406bbfb800d,OK,200,,2026-10-02,
https://www.greaterhume.nsw.gov.au/,BLOCKED,403,,2026-10-02,
https://www.greaterhume.nsw.gov.au/Living-in-Greater-Hume/Fire-Floods-and-Drought/Bushfire-Assistance/Vinnies-Bushfire-Relief,BLOCKED,403,,2026-10-02,
https://www.greaterhume.nsw.gov.au/Your-Greater-Hume-Council/Documents-and-Policies,BLOCKED,403,,2026-10-02,
https://www.greaterhume.nsw.gov.au/council-meetings/minutes-and-agendas,BLOCKED,403,,2026-10-02,
https://www.greaterhume.nsw.gov.au/files/sharedassets/public/community/ghs-budget-2019-20-budget-review-mar-combined-website.pdf,BLOCKED,403,,2026-10-02,
https://www.greaterhume.nsw.gov.au/files/sharedassets/public/community/greater-hume-shire-council-annual_financial_statements-2020.pdf,BLOCKED,403,,2026-10-02,
https://www.greaterhume.nsw.gov.au/files/sharedassets/public/council-meetings/minutes-and-agendas/2020/19feb20_annexure6.pdf,BLOCKED,403,,2026-10-02,
https://www.greaterhume.nsw.gov.au/files/sharedassets/public/documents-and-policies/documents/annual_financial_statements-2019.pdf,BLOCKED,403,,2026-10-02,
https://www.greaterhume.nsw.gov.au/files/sharedassets/public/documents-and-policies/documents/ghc-budget-review-sept-2020-combined-for-website.pdf,BLOCKED,403,,2026-10-02,
https://www.greaterhume.nsw.gov.au/files/sharedassets/public/documents-and-policies/documents/greater-hume-council-annual-report-2021.pdf,BLOCKED,403,,2026-10-02,
https://www.greaterhume.nsw.gov.au/files/sharedassets/public/documents-and-policies/documents/quarterly-budget-review-dec-2020-website.pdf,BLOCKED,403,,2026-10-02,
https://www.greaterhume.nsw.gov.au/files/sharedassets/public/forms/polices-and-documents/ghs-budget-2018-19-budget-review-sept-2018-combined.pdf,BLOCKED,403,,2026-10-02,
https://www.greaterhume.nsw.gov.au/files/sharedassets/public/v/1/council-meetings/minutes-and-agendas/2018/december-2018/19dec18_totalannexures.pdf,BLOCKED,403,,2026-10-02,
https://www.greaterhume.nsw.gov.au/files/sharedassets/public/v/1/council-meetings/minutes-and-agendas/2019/20nov19_annexure4.pdf,BLOCKED,403,,2026-10-02,
https://www.greaterhume.nsw.gov.au/files/sharedassets/public/v/1/council-meetings/minutes-and-agendas/2019/agenda-ordinary-21aug19.pdf,BLOCKED,403,,2026-10-02,
https://www.greaterhume.nsw.gov.au/files/sharedassets/public/v/1/council-meetings/minutes-and-agendas/2020/agenda-extraordinary-6may20.pdf,BLOCKED,403,,2026-10-02,
https://www.greaterhume.nsw.gov.au/files/sharedassets/public/v/1/council-meetings/minutes-and-agendas/2021/agenda-ordinary-meeting-10-november-2021.pdf,BLOCKED,403,,2026-10-02,
https://www.greaterhume.nsw.gov.au/files/sharedassets/public/v/1/council-meetings/minutes-and-agendas/2021/annexure-2-ghc-budget-review-june-2021-combined.pdf,BLOCKED,403,,2026-10-02,
https://www.greaterhume.nsw.gov.au/files/sharedassets/public/v/1/council-meetings/minutes-and-agendas/2022/1.-agenda-ordinary-20apr22.pdf,BLOCKED,403,,2026-10-02,
https://www.greaterhume.nsw.gov.au/files/sharedassets/public/v/1/documents-and-policies/documents/quartely-budget-review-jun-2021.pdf,BLOCKED,403,,2026-10-02,
https://www.greaterhume.nsw.gov.au/files/sharedassets/public/v/1/documents-and-policies/documents/quartely-budget-review-mar-2021.pdf,BLOCKED,403,,2026-10-02,
https://www.greaterhume.nsw.gov.au/files/sharedassets/public/v/1/documents-and-policies/documents/quarterly-budget-review-dec-2021.pdf,BLOCKED,403,,2026-10-02,
https://www.greaterhume.nsw.gov.au/files/sharedassets/public/v/1/documents-and-policies/documents/quarterly-budget-review-march-2022.pdf,BLOCKED,403,,2026-10-02,
https://www.greaterhume.nsw.gov.au/files/sharedassets/public/v/1/have-your-say/2022/annual_financial_statements-2022.pdf,BLOCKED,403,,2026-10-02,
https://www.greaterhume.nsw.gov.au/files/sharedassets/public/v/3/council-meetings/minutes-and-agendas/2019/annexure-5-15-may-2019.pdf,BLOCKED,403,,2026-10-02,
https://www.greatlakesadvocate.com.au/story/6870012/nsw-needs-1000-more-firies-union-says/,OK,200,,2026-10-02,
https://www.griffith.nsw.gov.au/Council/Corporate-planning-and-reporting,BLOCKED,403,,2026-10-02,
https://www.griffith.nsw.gov.au/Council/Forms-and-documents/Finance-and-budget,BLOCKED,403,,2026-10-02,
https://www.griffith.nsw.gov.au/files/sharedassets/public/v/1/cm-documents/2018-2019-general-purpose-report.pdf,BLOCKED,403,,2026-10-02,
https://www.griffith.nsw.gov.au/files/sharedassets/public/v/1/cm-documents/2019-2020-general-purpose-report.pdf,BLOCKED,403,,2026-10-02,
https://www.griffith.nsw.gov.au/files/sharedassets/public/v/1/cm-documents/2020-2021-general-purpose-report.pdf,BLOCKED,403,,2026-10-02,
https://www.griffith.nsw.gov.au/files/sharedassets/public/v/1/cm-documents/2021-2022-general-purpose-report.pdf,BLOCKED,403,,2026-10-02,
https://www.griffith.nsw.gov.au/files/sharedassets/public/v/1/cm-documents/2022-2023-general-purpose-report.pdf,BLOCKED,403,,2026-10-02,
https://www.griffith.nsw.gov.au/files/sharedassets/public/v/1/cm-documents/gcc-annual-financial-statements-gpfs-2024.pdf,BLOCKED,403,,2026-10-02,
https://www.gunnedah.nsw.gov.au/index.php/council/the-future-of-gunnedah/annual-reports,OK,200,,2026-10-02,
https://www.gunnedah.nsw.gov.au/index.php/council/the-future-of-gunnedah/financial-reports,OK,200,,2026-10-02,
https://www.gunnedah.nsw.gov.au/index.php/council/the-future-of-gunnedah/financial-reports/preview?path=Gunnedah+Shire+Council+-+Financial+Statements+2015-16.pdf,OK,200,,2026-10-02,
https://www.gunnedah.nsw.gov.au/index.php/council/the-future-of-gunnedah/financial-reports/preview?path=Gunnedah+Shire+Council+-+Financial+Statements+2016-17.pdf,OK,200,,2026-10-02,
https://www.gunnedah.nsw.gov.au/index.php/council/the-future-of-gunnedah/financial-reports/preview?path=Gunnedah+Shire+Council+-+Financial+Statements+2017-18.pdf,OK,200,,2026-10-02,
https://www.gunnedah.nsw.gov.au/index.php/council/the-future-of-gunnedah/financial-reports/preview?path=Gunnedah+Shire+Council+-+Financial+Statements+2018-19.pdf,OK,200,,2026-10-02,
https://www.gunnedah.nsw.gov.au/index.php/council/the-future-of-gunnedah/financial-reports/preview?path=Gunnedah+Shire+Council+-+Financial+Statements+2019-20.pdf,OK,200,,2026-10-02,
https://www.gunnedah.nsw.gov.au/index.php/council/the-future-of-gunnedah/financial-reports/preview?path=Gunnedah+Shire+Council+-+Financial+Statements+2020-21.pdf,OK,200,,2026-10-02,
https://www.gunnedah.nsw.gov.au/index.php/council/the-future-of-gunnedah/financial-reports/preview?path=Gunnedah+Shire+Council+-+Financial+Statements+2021-22.pdf,OK,200,,2026-10-02,
https://www.gunnedah.nsw.gov.au/index.php/council/the-future-of-gunnedah/financial-reports/preview?path=Gunnedah+Shire+Council+-+Financial+Statements+2022-23.pdf,OK,200,,2026-10-02,
https://www.gunnedah.nsw.gov.au/index.php/council/the-future-of-gunnedah/financial-reports/preview?path=Gunnedah+Shire+Council+-+Financial+Statements+2023-24.pdf,OK,200,,2026-10-02,
https://www.gwydir.nsw.gov.au/files/assets/public/v/1/gwydir-shire-council-annual-report-2020-2021.pdf,BLOCKED,403,,2026-10-02,
https://www.gwydir.nsw.gov.au/files/assets/public/v/1/gwydir-shire-council-annual-statements.pdf,BLOCKED,403,,2026-10-02,
https://www.gwydir.nsw.gov.au/files/content/public/v/18/council/governance/financial-statements-and-budgets/2020-audited-annual-financial-statements.pdf,BLOCKED,403,,2026-10-02,
https://www.gwydir.nsw.gov.au/files/content/public/v/19/council/governance/financial-statements-and-budgets/2020-audited-annual-financial-statements.pdf,BLOCKED,403,,2026-10-02,
https://www.gwydir.nsw.gov.au/files/sharedassets/public/council/governance/gwydir-shire-council-2018-2019-audited-financial-statements-1.pdf,BLOCKED,403,,2026-10-02,
https://www.gwydir.nsw.gov.au/files/sharedassets/public/v/1/council/governance/financial-statements-and-budgets/annual_financial_statements-2023-submitted.pdf,BLOCKED,403,,2026-10-02,
https://www.gwydir.nsw.gov.au/files/sharedassets/public/v/1/council/governance/ipampr/2024-audited-financial-statements.pdf,BLOCKED,403,,2026-10-02,
https://www.gwydir.nsw.gov.au/files/sharedassets/public/v/1/council/governance/ipampr/gwydir-shire-council-financial-statements-2021-2022.pdf,BLOCKED,403,,2026-10-02,
https://www.hansard.act.gov.au/hansard/5th-assembly/2004/HTML/week09/3936.htm,OK,200,,2026-10-02,
https://www.harvey.wa.gov.au/shire/about-the-shire-and-maps/shire-of-harvey-community,OK,200,,2026-10-02,
https://www.hawaii.edu/news/2023/09/22/wildfires-maui-economy/,OK,200,,2026-10-02,
https://www.hawaii.edu/news/2025/08/05/2-years-after-maui-wildfire-disaster-report/,OK,200,,2026-10-02,
https://www.hawkesbury.nsw.gov.au/__data/assets/pdf_file/0004/125059/ORD_FEB2_BP_Att1ofItem20.pdf,BLOCKED,403,,2026-10-02,
https://www.hawkesbury.nsw.gov.au/__data/assets/pdf_file/0004/169744/Audited-Annual-Financial-Statements-for-the-Year-Ended-30-June-2020.pdf,BLOCKED,403,,2026-10-02,
https://www.hawkesbury.nsw.gov.au/__data/assets/pdf_file/0004/224167/Hawkesbury-City-Council-General-Puropse-Financial-Statements-for-the-year-ended-30-June-2022.pdf,BLOCKED,403,,2026-10-02,
https://www.hawkesbury.nsw.gov.au/__data/assets/pdf_file/0005/195872/20211123AT1toItem235-Updated-Page-8.pdf,BLOCKED,403,,2026-10-02,
https://www.hawkesbury.nsw.gov.au/__data/assets/pdf_file/0005/206996/20220510AT1toItem086.pdf,BLOCKED,403,,2026-10-02,
https://www.hawkesbury.nsw.gov.au/__data/assets/pdf_file/0006/249783/Audited_Annual_Financial_Statements-2023.pdf,BLOCKED,403,,2026-10-02,
https://www.hawkesbury.nsw.gov.au/__data/assets/pdf_file/0006/272931/AT1toItem4.4.1.-Financial-Statements-for-the-year-ended-30-June-2024.pdf,BLOCKED,403,,2026-10-02,
https://www.hawkesbury.nsw.gov.au/__data/assets/pdf_file/0007/168235/20201124AT1toItem235.pdf,BLOCKED,403,,2026-10-02,
https://www.hawkesbury.nsw.gov.au/__data/assets/pdf_file/0008/130022/ORD_MAY2_Att1ofItem088.pdf,BLOCKED,403,,2026-10-02,
https://www.hawkesbury.nsw.gov.au/__data/assets/pdf_file/0008/144089/20200225AT1toItem031.pdf,BLOCKED,403,,2026-10-02,
https://www.hawkesbury.nsw.gov.au/__data/assets/pdf_file/0009/181998/AT1toItem96.pdf,BLOCKED,403,,2026-10-02,
https://www.hawkesbury.nsw.gov.au/__data/assets/pdf_file/0009/199953/20220222AT1toItem41.pdf,BLOCKED,403,,2026-10-02,
https://www.hawkesbury.nsw.gov.au/__data/assets/pdf_file/0010/140230/Attachment-1-to-Item-221-Quarterly-Budget-Review-September-2019.pdf,BLOCKED,403,,2026-10-02,
https://www.hawkesbury.nsw.gov.au/__data/assets/pdf_file/0013/120640/ORD_NOV2_2018_Att1toItem282.pdf,BLOCKED,403,,2026-10-02,
https://www.hawkesbury.nsw.gov.au/__data/assets/pdf_file/0019/151174/20200526AT1toItem097.pdf,BLOCKED,403,,2026-10-02,
https://www.hawkesbury.nsw.gov.au/__data/assets/pdf_file/0020/144083/20200225AT1toItem028.pdf,BLOCKED,403,,2026-10-02,
https://www.hawkesbury.nsw.gov.au/__data/assets/pdf_file/0020/174431/20210223AT1toItem36.pdf,BLOCKED,403,,2026-10-02,
https://www.hawkesbury.nsw.gov.au/_resources/council-meeting-papers/business-papers/past-business-papers/business-papers-2020/24-november-2020-ordinary/20201124Agenda.pdf,BLOCKED,403,,2026-10-02,
https://www.hawkesbury.nsw.gov.au/_resources/council-meeting-papers/business-papers/past-business-papers/business-papers-2020/26-may-2020-ordinary/20200526Minutes.pdf,BLOCKED,403,,2026-10-02,
https://www.hawkesbury.nsw.gov.au/council/council-meetings,BLOCKED,403,,2026-10-02,
https://www.hawkesbury.nsw.gov.au/your-council/corporate-publications/financial-statement,BLOCKED,403,,2026-10-02,
https://www.hawkesbury.nsw.gov.au/your-council/council-meetings-and-agendas/business-papers,BLOCKED,403,,2026-10-02,
https://www.hawkesburygazette.com.au/story/6846237/services-australias-bushfire-assistance-deadline-looming/,BROKEN,404,https://www.hawkesburygazette.com/story/6846237/services-australias-bushfire-assistance-deadline-looming/,2026-10-02,
https://www.hawkesburygazette.com.au/story/6948189/thousands-of-kids-displaced-by-bushfires/?cs=12786,BROKEN,404,https://www.hawkesburygazette.com/story/6948189/thousands-of-kids-displaced-by-bushfires/,2026-10-02,
https://www.hay.nsw.gov.au/Inside-Hay-Shire-Council/Council-Meetings-and-Reports,OK,200,,2026-10-02,
https://www.hay.nsw.gov.au/Inside-Hay-Shire-Council/Council-Plans-and-Reports,OK,200,,2026-10-02,
https://www.hay.nsw.gov.au/LinkClick.aspx?fileticket=H1oYw0BKpL8%3d&portalid=0,OK,200,https://www.hay.nsw.gov.au/LinkClick.aspx?fileticket=H1oYw0BKpL8%3D&portalid=0,2026-10-02,
https://www.hay.nsw.gov.au/LinkClick.aspx?fileticket=Nc7e2Yvz7ts%3d&portalid=0,OK,200,https://www.hay.nsw.gov.au/LinkClick.aspx?fileticket=Nc7e2Yvz7ts%3D&portalid=0,2026-10-02,
https://www.hay.nsw.gov.au/LinkClick.aspx?fileticket=Sq6xmP-MRKQ%3d&portalid=0,OK,200,https://www.hay.nsw.gov.au/LinkClick.aspx?fileticket=Sq6xmP-MRKQ%3D&portalid=0,2026-10-02,
https://www.hay.nsw.gov.au/LinkClick.aspx?fileticket=ZvWg-gXW2Is%3d&portalid=0,OK,200,https://www.hay.nsw.gov.au/LinkClick.aspx?fileticket=ZvWg-gXW2Is%3D&portalid=0,2026-10-02,
https://www.hay.nsw.gov.au/LinkClick.aspx?fileticket=dgn_kT8foK4%3d&portalid=0,OK,200,https://www.hay.nsw.gov.au/LinkClick.aspx?fileticket=dgn_kT8foK4%3D&portalid=0,2026-10-02,
https://www.hay.nsw.gov.au/LinkClick.aspx?fileticket=ibu8iVThLn0%3d&portalid=0,OK,200,https://www.hay.nsw.gov.au/LinkClick.aspx?fileticket=ibu8iVThLn0%3D&portalid=0,2026-10-02,
https://www.hay.nsw.gov.au/LinkClick.aspx?fileticket=pthyrAP2710%3d&portalid=0,OK,200,https://www.hay.nsw.gov.au/LinkClick.aspx?fileticket=pthyrAP2710%3D&portalid=0,2026-10-02,
https://www.hay.nsw.gov.au/LinkClick.aspx?fileticket=qPQSwJQga3o%3d&portalid=0,OK,200,https://www.hay.nsw.gov.au/LinkClick.aspx?fileticket=qPQSwJQga3o%3D&portalid=0,2026-10-02,
https://www.hay.nsw.gov.au/LinkClick.aspx?fileticket=zJH4h-8rTNI%3d&portalid=0,OK,200,https://www.hay.nsw.gov.au/LinkClick.aspx?fileticket=zJH4h-8rTNI%3D&portalid=0,2026-10-02,
https://www.health.gov.au/news/mrff-supporting-bushfire-responders-after-the-fires,OK,200,,2026-10-02,
https://www.health.gov.au/resources/collections/medicare-statistics,BROKEN,404,,2026-10-02,
https://www.health.nsw.gov.au:443/Infectious/Influenza/Publications/2019/weekending-14072019.pdf,OK,200,,2026-10-02,
https://www.health.nsw.gov.au:443/Infectious/Influenza/Publications/2019/weekending-19052019.pdf,OK,200,,2026-10-02,
https://www.health.nsw.gov.au:443/Infectious/Influenza/Publications/2019/weekending-26052019.pdf,OK,200,,2026-10-02,
https://www.healthstats.nsw.gov.au/topic-overview/Emergency%20Department%20Presentations,OK,200,,2026-10-02,
https://www.healthstats.nsw.gov.au/topic-overview/Emergency%20Department%20Presentations/Illawarra%20Shoalhaven%20LHD/illawarrashoalhavenlhd/LHD,OK,200,,2026-10-02,
https://www.healthstats.nsw.gov.au/topic-overview/Emergency%20Department%20Presentations/Mid%20North%20Coast%20LHD/midnorthcoastlhd/LHD,OK,200,,2026-10-02,
https://www.healthstats.nsw.gov.au/topic-overview/Environmental%20Health,OK,200,,2026-10-02,
https://www.hilltops.nsw.gov.au/council/council-policies-plans/,OK,200,,2026-10-02,
https://www.hilltops.nsw.gov.au/wp-content/uploads/2021/07/Annual-Financial-Statements-2017-18-Hilltops-Council-2.pdf,OK,200,,2026-10-02,
https://www.hilltops.nsw.gov.au/wp-content/uploads/2021/07/Annual-Financial-Statements-YE-1617-Hilltops-Council.pdf,OK,200,,2026-10-02,
https://www.hilltops.nsw.gov.au/wp-content/uploads/2021/07/Annual_Financial_Statements-2020.pdf,OK,200,,2026-10-02,
https://www.hilltops.nsw.gov.au/wp-content/uploads/2021/07/Hilltops-Council-Annual_Financial_Statements-2019-3-in-1-1-May-2020-all.pdf,OK,200,,2026-10-02,
https://www.hilltops.nsw.gov.au/wp-content/uploads/2021/12/Hilltops-Council-Financial_Statements-2020_2021.pdf,OK,200,,2026-10-02,
https://www.hilltops.nsw.gov.au/wp-content/uploads/2023/03/Annual_Financial_Statements-2021-2022.pdf,OK,200,,2026-10-02,
https://www.hilltops.nsw.gov.au/wp-content/uploads/2024/03/Annual-Financial-Statements-2022-2023.pdf,OK,200,,2026-10-02,
https://www.hilltops.nsw.gov.au/wp-content/uploads/2024/10/Annual_Financial_Statements-2023-2024.pdf,OK,200,,2026-10-02,
https://www.homeaffairs.gov.au/foi/files/2020/fa-200100101-document-released.PDF,OK,200,,2026-10-02,
https://www.homeaffairs.gov.au/reports-and-publications/reviews-and-inquiries/inquiries/australian-government-response-to-the-senate-finance-and-public-administration-references-committee-final-report-lessons-to-be-learned-in-relation-to-the-australian-bushfire-season-2019-20,OK,200,,2026-10-02,
https://www.horizon.amp.com.au/site_assets/media/files/e142f228-45bd-4f9a-a87c-0d9767a792a2/e142f228-45bd-4f9a-a87c-0d9767a792a2.pdf,FAILED,,,2026-10-02,"ConnectionError: HTTPSConnectionPool(host='www.horizon.amp.com.au', port=443): Max retries exceeded with url: /site_assets/media/files/e142f228-45bd-4f9a-a87c-0d9767a7"
https://www.hornsby.nsw.gov.au/Council/Forms-and-publications/Publications/Financial-Statements,BLOCKED,403,,2026-10-02,
https://www.huntershill.nsw.gov.au/Council/Policies-and-Publications/Annual-Reports-and-Financial-Statements,BLOCKED,403,,2026-10-02,
https://www.huntervalleynews.net.au/story/8071719/labor-threatens-icac-referral-over-bushfire-grants/,OK,200,,2026-10-02,
https://www.illawarramercury.com.au/story/7027678/bushfire-communities-still-struggle-a-year-on/,OK,200,,2026-10-02,
https://www.illawarramercury.com.au/story/8354762/,OK,200,https://www.illawarramercury.com.au/story/8354762/fire-danger-escalates-schools-closed-as-temperatures-soar/,2026-10-02,
https://www.industry.gov.au/sites/default/files/2023-09/disclosure-log-23-024-73506.pdf,OK,200,,2026-10-02,
https://www.infrastructure.gov.au/about-us/corporate-reporting/budgets/budget-2020-21/growing-strong-and-resilient-regional-australia/foreword,OK,200,,2026-10-02,
https://www.infrastructure.gov.au/about-us/corporate-reporting/budgets/budget-2020-21/growing-strong-and-resilient-regional-australia/treasury,OK,200,,2026-10-02,
https://www.infrastructure.gov.au/department/media/publications/experimental-gross-regional-product-estimates,OK,200,,2026-10-02,
https://www.infrastructure.gov.au/department/statements/2020_2021/ministerial-statement/treasury,OK,200,https://www.infrastructure.gov.au/about-us/corporate-reporting/budgets/budget-2020-21/growing-strong-and-resilient-regional-australia/treasury,2026-10-02,
https://www.infrastructure.gov.au/media-technology-communications/phone/communications-emergencies/findings-from-2019-20-bushfire-season,OK,200,,2026-10-02,
https://www.infrastructure.gov.au/sites/default/files/documents/bcarr-experimental-gross-regional-product-estimates-data-26february2025.xlsx,OK,200,,2026-10-02,
https://www.infrastructure.gov.au/sites/default/files/documents/bcarr-experimental-gross-regional-product-estimates-final.pdf,OK,200,,2026-10-02,
https://www.infrastructure.gov.au/sites/default/files/documents/infra6201_local-government-national-report_2021-22-accessible-version_v3-final.pdf,OK,200,,2026-10-02,
https://www.infrastructure.gov.au/territories-regions-cities/local-government/publications/national-reports,OK,200,,2026-10-02,
https://www.infrastructure.gov.au/what-we-do/phone/communications-emergencies/findings-2019-20-bushfire-season,OK,200,https://www.infrastructure.gov.au/media-technology-communications/phone/communications-emergencies/findings-from-2019-20-bushfire-season,2026-10-02,
https://www.innerwest.nsw.gov.au/annual-report,OK,200,,2026-10-02,
https://www.innerwest.nsw.gov.au/sites/default/files/2026-02/Annual%20Report%202016-17.pdf,OK,200,,2026-10-02,
https://www.innerwest.nsw.gov.au/sites/default/files/2026-02/Annual%20Report%202017-18.pdf,OK,200,,2026-10-02,
https://www.innerwest.nsw.gov.au/sites/default/files/2026-02/Annual%20Report%202018-19.pdf,OK,200,,2026-10-02,
https://www.innerwest.nsw.gov.au/sites/default/files/2026-02/Annual%20Report%202019-20.pdf,OK,200,,2026-10-02,
https://www.innerwest.nsw.gov.au/sites/default/files/2026-02/Annual%20Report%202020-21.pdf,OK,200,,2026-10-02,
https://www.innerwest.nsw.gov.au/sites/default/files/2026-02/Annual%20Report%202021-22.pdf,OK,200,,2026-10-02,
https://www.innerwest.nsw.gov.au/sites/default/files/2026-02/Annual%20Report%202022-23.pdf,OK,200,,2026-10-02,
https://www.innerwest.nsw.gov.au/sites/default/files/2026-03/Annual%20Report%202023-24.pdf,OK,200,,2026-10-02,
https://www.insurancebusinessmag.com/au/news/breaking-news/asic-offers-assistance-to-bushfireimpacted-customers-193274.aspx,OK,200,,2026-10-02,
https://www.insurancebusinessmag.com/au/news/breaking-news/government-releases-landmark-disaster-report-56404.aspx,OK,200,,2026-10-02,
https://www.insurancebusinessmag.com/au/news/breaking-news/ica-issues-natural-disaster-claims-update-231951.aspx,OK,200,,2026-10-02,
https://www.insurancebusinessmag.com/au/news/breaking-news/insurers-back-acccs-call-for-affordable-insurance-242649.aspx,OK,200,,2026-10-02,
https://www.insurancebusinessmag.com/au/news/breaking-news/revealed-insurance-bill-for-201920-summer-catastrophes-223760.aspx,OK,200,,2026-10-02,
https://www.insurancebusinessmag.com/au/news/breaking-news/tathra-bushfire-cleanup-is-making-strong-progress--ica-98231.aspx,OK,200,,2026-10-02,
https://www.insurancebusinessmag.com/au/news/catastrophe/el-nino-threatens-to-extend-australias-bushfire-liability-window-583739.aspx,OK,200,,2026-10-02,
https://www.insurancebusinessmag.com/au/news/catastrophe/half-the-home-insurance-market-now-prices-bushfire-mitigation-581073.aspx,OK,200,https://www.insurancebusinessmag.com/au/news/property/half-the-home-insurance-market-now-prices-bushfire-mitigation-581073.aspx,2026-10-02,
https://www.insurancebusinessmag.com/au/news/catastrophe/iag-on-making-small-businesses-more-resilient-to-natural-disasters-416353.aspx,OK,200,,2026-10-02,
https://www.insurancebusinessmag.com/au/news/property/australian-home-insurance-premiums-climb-51-in-five-years-566224.aspx,OK,200,,2026-10-02,
https://www.insurancebusinessmag.com/au/news/property/australian-home-premiums-climb-51-in-five-years-566224.aspx,OK,200,https://www.insurancebusinessmag.com/au/news/property/australian-home-insurance-premiums-climb-51-in-five-years-566224.aspx,2026-10-02,
https://www.insurancebusinessmag.com/au/news/property/half-the-home-insurance-market-now-prices-bushfire-mitigation-581073.aspx,OK,200,,2026-10-02,
https://www.insurancecouncil.com.au,OK,200,https://insurancecouncil.com.au/,2026-10-02,
https://www.insurancejournal.com/news/international/2019/11/12/548129.htm,OK,200,,2026-10-02,
https://www.insurancenews.com.au/breaking-news/underinsurance-fears-flagged-as-bushfire-losses-hit-1-34-billion,OK,200,,2026-10-02,
https://www.insurancenews.com.au/daily/asic-black-summer-claims-review-flags-areas-for-improvement,OK,200,,2026-10-02,
https://www.insurancenews.com.au/daily/bushfires-insurers-face-100-million-losses-so-far,OK,200,,2026-10-02,
https://www.internal-displacement.org/,OK,200,,2026-10-02,
https://www.inverell.nsw.gov.au,OK,200,https://inverell.nsw.gov.au/,2026-10-02,
https://www.investsmart.com.au/investment-news/nsw-fires-spur-warning-over-premiums/42371,OK,200,,2026-10-02,
https://www.investsmart.com.au/investment-news/pauls-insights-where-it-costs-5000-to-insure-your-home/146627,OK,200,,2026-10-02,
https://www.ipart.nsw.gov.au/,OK,200,,2026-10-02,
https://www.ipart.nsw.gov.au/Home/Industries/Local-Government/Council-Portal/Applications/2018-2019/Bellingen-Shire-Council/LG-Determination-Bellingen-Shire-Councils-application-for-a-special-variation-for-2018-19,OK,200,https://www.ipart.nsw.gov.au/Home/Industries/Local-Government/Reviews/Special-Variations-Minimum-Rates/Special-Variations-Minimum-Rates-2018-19,2026-10-02,
https://www.ipart.nsw.gov.au/Home/Industries/Local-Government/Council-Portal/Applications/2019-2020/Lithgow-City-Council,OK,200,https://www.ipart.nsw.gov.au/Home/Industries/Local-Government/Reviews/Special-Variations-Minimum-Rates/Special-Variations-Minimum-Rates-2019-20,2026-10-02,
https://www.ipart.nsw.gov.au/Home/Industries/Local-Government/Reviews/Special-Variations-Minimum-Rates/Special-Variations-Minimum-Rates-2023-24,OK,200,,2026-10-02,
https://www.ipart.nsw.gov.au/sites/default/files/cm9_documents/Annual-Report-Report-on-IPART-s-functions-in-relation-to-local-government-in-2021-22-October-2022.PDF,OK,200,,2026-10-02,
https://www.ipart.nsw.gov.au/sites/default/files/cm9_documents/Armidale-Regional-Council-Attachment---Other-Attachment--Doc-7.-ARC-Fin.-Statements-2022.PDF,OK,200,,2026-10-02,
https://www.ipart.nsw.gov.au/sites/default/files/cm9_documents/Attachment-1-Income-Statement.PDF,OK,200,,2026-10-02,
https://www.ipart.nsw.gov.au/sites/default/files/cm9_documents/Attachment-16-Financial-Statements-30.06.2020.PDF,OK,200,,2026-10-02,
https://www.ipart.nsw.gov.au/sites/default/files/cm9_documents/Attachment-18--Minutes-of-26th-November-2019-Ordinary-Council-Meeting-Notice-of-Rescission.PDF,OK,200,,2026-10-02,
https://www.ipart.nsw.gov.au/sites/default/files/cm9_documents/Attachment-2-Delivery-Program-2013-2017.PDF,OK,200,,2026-10-02,
https://www.ipart.nsw.gov.au/sites/default/files/cm9_documents/Attachment-2-Fit-for-the-Future-Documentation.PDF,OK,200,,2026-10-02,
https://www.ipart.nsw.gov.au/sites/default/files/cm9_documents/Ballina-Shire-Council-Attachment-Other-Attachment-202526-Long-Term-Financial-Plan-(LTFP)-Summary-Adopted-26-June-2025.PDF,OK,200,,2026-10-02,
https://www.ipart.nsw.gov.au/sites/default/files/cm9_documents/Bega-Valley-Shire-Council-Attachment--LTFP.PDF,OK,200,,2026-10-02,
https://www.ipart.nsw.gov.au/sites/default/files/cm9_documents/Cessnock-City-Council-Attachment---2--Annual-Financial-Statements.PDF,OK,200,,2026-10-02,
https://www.ipart.nsw.gov.au/sites/default/files/cm9_documents/Information-Paper-Rate-peg-for-NSW-councils-for-2023-24-29-September-2022.PDF,OK,200,,2026-10-02,
https://www.ipart.nsw.gov.au/sites/default/files/cm9_documents/Online-Submission-Bathurst-Regional-Council-Name-suppressed-15-Mar-2024-162116156.PDF,OK,200,,2026-10-02,
https://www.ipart.nsw.gov.au/sites/default/files/cm9_documents/Online-Submission-Hawkesbury-City-Council-Name-suppressed-13-Mar-2024-084727751.PDF,OK,200,,2026-10-02,
https://www.ipart.nsw.gov.au/sites/default/files/cm9_documents/Online-Submission-Individual-A.-Brown-25-Mar-2015.PDF,OK,200,,2026-10-02,
https://www.ipart.nsw.gov.au/sites/default/files/cm9_documents/Online-Submission-Individual-E.-Felfoldi-8-Apr-2015.PDF,OK,200,,2026-10-02,
https://www.ipart.nsw.gov.au/sites/default/files/cm9_documents/Online-Submission-Individual-R.-Hill-8-Apr-2015.PDF,OK,200,,2026-10-02,
https://www.ipart.nsw.gov.au/sites/default/files/cm9_documents/Online-Submission-Long-Beach-Community-Association-D.-Lambert-20-Mar-2015.PDF,OK,200,,2026-10-02,
https://www.ipart.nsw.gov.au/sites/default/files/cm9_documents/Singleton-Council-Attachment---7---Council-Resolution--17-May-2022.PDF,OK,200,,2026-10-02,
https://www.ipart.nsw.gov.au/sites/default/files/documents/annual-report-report-on-iparts-functions-in-relation-to-local-government-in-2016-17.pdf,OK,200,,2026-10-02,
https://www.ipart.nsw.gov.au/sites/default/files/documents/annual-report-report-on-iparts-functions-in-relation-to-local-government-in-2017-18.pdf,OK,200,,2026-10-02,
https://www.ipart.nsw.gov.au/sites/default/files/documents/annual-report-report-on-iparts-functions-in-relation-to-local-government-in-2018-19.pdf,OK,200,,2026-10-02,
https://www.ipart.nsw.gov.au/sites/default/files/documents/assessment_of_council_fit_for_the_future_proposals_-_appendix_c_-_council_assessments_-_october_2015.pdf,OK,200,,2026-10-02,
https://www.ipart.nsw.gov.au/sites/default/files/documents/media_release_-_shoalhaven_city_council_-_south_coast_local_council_rate_applications_approved_-_19_may_2015_2.pdf,OK,200,,2026-10-02,
https://www.ipcc.ch/apps/njlite/srex/njlite_download.php?id=7032,BROKEN,404,,2026-10-02,
https://www.iqair.com/ae/profile/nsw-government,OK,200,,2026-10-02,
https://www.iqair.com/af/profile/nsw-government,OK,200,,2026-10-02,
https://www.iqair.com/bh/profile/nsw-government,OK,200,,2026-10-02,
https://www.iqair.com/kw/profile/nsw-government,OK,200,,2026-10-02,
https://www.iqair.com/qa/profile/nsw-government,OK,200,,2026-10-02,
https://www.iqair.com/sa/profile/nsw-government,OK,200,,2026-10-02,
https://www.itij.com/latest/news/australian-bushfire-losses-high-millions,OK,200,,2026-10-02,
https://www.iwh-halle.de/en/publications/detail/taken-by-storm-business-financing-and-survival-in-the-aftermath-of-hurricane-katrina,OK,200,,2026-10-02,
https://www.iwh-halle.de/publikationen/detail/taken-by-storm-business-financing-and-survival-in-the-aftermath-of-hurricane-katrina,OK,200,,2026-10-02,
https://www.iza.org/en/publications/dp/15373,OK,200,,2026-10-02,
https://www.iza.org/index.php/publications/dp15373/1/citations/bibtex,OK,200,,2026-10-02,
https://www.iza.org/index.php/publications/dp15373/1/citations/endnote,OK,200,,2026-10-02,
https://www.iza.org/publications/dp15373/1/citations/bibtex,OK,200,,2026-10-02,
https://www.jobsandskills.gov.au/data/internet-vacancy-index,OK,200,,2026-10-02,
https://www.jobsandskills.gov.au/data/small-area-labour-markets,OK,200,https://www.dewr.gov.au/employment-research/small-area-labour-markets,2026-10-02,
https://www.junee.nsw.gov.au/council/documents/financial-reports/,OK,200,,2026-10-02,
https://www.junee.nsw.gov.au/wp-content/uploads/2021/09/Annual_Financial_Statements_2017-18.pdf,OK,200,,2026-10-02,
https://www.junee.nsw.gov.au/wp-content/uploads/2021/09/Annual_Financial_Statements_2018-19.pdf,OK,200,,2026-10-02,
https://www.junee.nsw.gov.au/wp-content/uploads/2021/09/Annual_Financial_Statements_2019-2020.pdf,OK,200,,2026-10-02,
https://www.junee.nsw.gov.au/wp-content/uploads/2021/09/Financial_Statements_2016-17.pdf,OK,200,,2026-10-02,
https://www.junee.nsw.gov.au/wp-content/uploads/2021/09/JSC_Financial_Statements_2015-16.pdf,OK,200,,2026-10-02,
https://www.junee.nsw.gov.au/wp-content/uploads/2021/12/Annual_Financial_Statements-2021.pdf,OK,200,,2026-10-02,
https://www.junee.nsw.gov.au/wp-content/uploads/2022/10/Annual_Financial_Statements-2022Final.pdf,OK,200,,2026-10-02,
https://www.junee.nsw.gov.au/wp-content/uploads/2023/10/Annual_Financial_Statement_2022-2023.pdf,OK,200,,2026-10-02,
https://www.junee.nsw.gov.au/wp-content/uploads/2024/10/Annual_Financial_Statements_2024.pdf,OK,200,,2026-10-02,
https://www.justice.tas.gov.au/local-government/council-performance,BLOCKED,403,,2026-10-02,
https://www.kaxe.org/news/2020-07-07/the-fire-the-virus-the-violence-australia-and-the-lessons-of-natural-disasters,OK,200,,2026-10-02,
https://www.kempsey.nsw.gov.au/Your-Council/About-Council/Corporate-management/Integrated-Planning-and-Reporting/Annual-reports-and-publications,BLOCKED,403,,2026-10-02,
https://www.kempsey.nsw.gov.au/Your-Council/Council-meetings-forums-catchups/Council-meeting-agendas-minutes,BLOCKED,403,,2026-10-02,
https://www.kempsey.nsw.gov.au/Your-Council/Council-meetings-forums-catchups/Council-meeting-agendas-minutes/Ordinary-Council-Meeting-15-February-2022,BLOCKED,403,,2026-10-02,
https://www.kempsey.nsw.gov.au/Your-Council/Council-meetings-forums-catchups/Council-meeting-agendas-minutes/Ordinary-Council-Meeting-15-March-2022-Minutes,BLOCKED,403,,2026-10-02,
https://www.kempsey.nsw.gov.au/Your-Council/Council-news-public-notices/Council-news-updates/May-2022-Council-Meeting-agenda,BLOCKED,403,,2026-10-02,
https://www.kempsey.nsw.gov.au/council-meetings/2020/pubs/09-02-01-march-2020-quarterly-budget-review-statemnt.pdf,BLOCKED,403,,2026-10-02,
https://www.kempsey.nsw.gov.au/council-meetings/2020/pubs/09-02-01-qbr-statements-december-2019.pdf,BLOCKED,403,,2026-10-02,
https://www.kempsey.nsw.gov.au/council-meetings/2020/pubs/09-04-01-2020-21-sept-quarterly-budget-review-statement.pdf,BLOCKED,403,,2026-10-02,
https://www.kempsey.nsw.gov.au/council/meetings/index.html,BLOCKED,403,,2026-10-02,
https://www.kempsey.nsw.gov.au/files/sharedassets/public/docs/annual-report/2019-2020-annual-report-part-c.pdf,BLOCKED,403,,2026-10-02,
https://www.kempsey.nsw.gov.au/files/sharedassets/public/docs/annual-report/annual-report-2016-part-c-financial-statements.pdf,BLOCKED,403,,2026-10-02,
https://www.kempsey.nsw.gov.au/files/sharedassets/public/docs/annual-report/annual-report-2017-part-c.pdf,BLOCKED,403,,2026-10-02,
https://www.kempsey.nsw.gov.au/files/sharedassets/public/docs/annual-report/annual-report-2018-part-c.pdf,BLOCKED,403,,2026-10-02,
https://www.kempsey.nsw.gov.au/files/sharedassets/public/docs/annual-report/annual-report-2019-part-c.pdf,BLOCKED,403,,2026-10-02,
https://www.kempsey.nsw.gov.au/files/sharedassets/public/docs/departments/corporate-performance/planning-amp-reporting/annual-report/2019-2020-annual-report-part-a.pdf,BLOCKED,403,,2026-10-02,
https://www.kempsey.nsw.gov.au/files/sharedassets/public/v/1/docs/departments/finance/20240214-final_annual_financial_statements-2023-002.pdf,BLOCKED,403,,2026-10-02,
https://www.kempsey.nsw.gov.au/files/sharedassets/public/v/2/docs/departments/finance/20240711-final-annual_financial_statements-2024.pdf,BLOCKED,403,,2026-10-02,
https://www.kempsey.nsw.gov.au/p7tm3/pubs/09-01-01-september-2019-quarterly-budget-review-statements-qbrs-final.pdf,BLOCKED,403,,2026-10-02,
https://www.kevinhogan.com.au/?p=11105,OK,200,https://www.kevinhogan.com.au/new-payments-to-support-nsw-volunteer-firefighters/,2026-10-02,
https://www.kevinhogan.com.au/new-payments-to-support-nsw-volunteer-firefighters/,OK,200,,2026-10-02,
https://www.kiama.nsw.gov.au/Council/Community-Reports/Annual-Reports-and-Financial-Statements,BLOCKED,403,,2026-10-02,
https://www.kiama.nsw.gov.au/Council/News/Rate-peg-set-for-2025-26,BLOCKED,403,,2026-10-02,
https://www.kiama.nsw.gov.au/files/sharedassets/public/financial-statements-2015-16.pdf,BLOCKED,403,,2026-10-02,
https://www.kiama.nsw.gov.au/files/sharedassets/public/financial-statements-2016-17.pdf,BLOCKED,403,,2026-10-02,
https://www.kiama.nsw.gov.au/files/sharedassets/public/financial-statements-2017-18.pdf,BLOCKED,403,,2026-10-02,
https://www.kiama.nsw.gov.au/files/sharedassets/public/financial-statements-2018-19.pdf,BLOCKED,403,,2026-10-02,
https://www.kiama.nsw.gov.au/files/sharedassets/public/public-notices/annual-financial-statements-2019-2020.pdf,BLOCKED,403,,2026-10-02,
https://www.kiama.nsw.gov.au/files/sharedassets/public/public-notices/financial-statements-2021/annual-financial-statements-2021.pdf,BLOCKED,403,,2026-10-02,
https://www.kiama.nsw.gov.au/files/sharedassets/public/v/1/council/financial-plans-and-annual-reports/kiama-municipal-council-financial-statements-2022-23.pdf,BLOCKED,403,,2026-10-02,
https://www.kiama.nsw.gov.au/files/sharedassets/public/v/1/council/your-say/financial-statements-2122/kiama-municipal-council-financial-statements-2021-22.pdf,BLOCKED,403,,2026-10-02,
https://www.kiama.nsw.gov.au/files/sharedassets/public/v/2/news/2023-24-audited-financial-statements.pdf,BLOCKED,403,,2026-10-02,
https://www.krg.nsw.gov.au/Council/Council-meetings/Council-meeting-agendas-and-minutes,BLOCKED,403,,2026-10-02,
https://www.krg.nsw.gov.au/files/assets/public/hptrim/information-management-publications-public-website-ku-ring-gai-council-website-council/annual-financial-statement-2021-2022.pdf,BLOCKED,403,,2026-10-02,
https://www.krg.nsw.gov.au/files/assets/public/hptrim/information-management-publications-public-website-ku-ring-gai-council-website-council/annual-financial-statements-2015-2016.pdf,BLOCKED,403,,2026-10-02,
https://www.krg.nsw.gov.au/files/assets/public/hptrim/information-management-publications-public-website-ku-ring-gai-council-website-council/financial-statements-2016-2017.pdf,BLOCKED,403,,2026-10-02,
https://www.krg.nsw.gov.au/files/assets/public/hptrim/information-management-publications-public-website-ku-ring-gai-council-website-council/financial-statements-2017-2018.pdf,BLOCKED,403,,2026-10-02,
https://www.krg.nsw.gov.au/files/assets/public/hptrim/information-management-publications-public-website-ku-ring-gai-council-website-council/financial-statements-2019-2020.pdf,BLOCKED,403,,2026-10-02,
https://www.krg.nsw.gov.au/files/assets/public/hptrim/information-management-publications-public-website-ku-ring-gai-council-website-council/financial-statements-for-the-year-ended-30-june-2019.pdf,BLOCKED,403,,2026-10-02,
https://www.krg.nsw.gov.au/files/assets/public/hptrim/information-management-publications-public-website-ku-ring-gai-council-website-have-a-say-public-exhibitions/annual-financial-statements-2020-2021.pdf,BLOCKED,403,,2026-10-02,
https://www.krg.nsw.gov.au/files/assets/public/v/1/hptrim/information-management-publications-public-website-ku-ring-gai-council-website-council/annual-financial-statements-fy2022-2023.pdf,BLOCKED,403,,2026-10-02,
https://www.krg.nsw.gov.au/files/assets/public/v/2/hptrim/information-management-publications-public-website-ku-ring-gai-council-website-council/annual-financial-statements-year-ending-30-06-2024.pdf,BLOCKED,403,,2026-10-02,
https://www.ksat.com/news/national/2025/09/10/this-california-town-was-ravaged-by-a-wildfire-seven-years-later-schools-are-still-recovering/,OK,200,,2026-10-02,
https://www.ktnv.com/news/will-homeowners-insurance-rates-increase-due-to-california-wildfires-an-expert-breaks-it-down-for-us,OK,200,,2026-10-02,
https://www.kunc.org/news/2025-10-23/many-colorado-homeowners-are-underinsured-heres-what-to-do-before-the-next-fire,OK,200,,2026-10-02,
https://www.kyogle.nsw.gov.au/,OK,200,,2026-10-02,
https://www.kyogle.nsw.gov.au/about-council,OK,200,,2026-10-02,
https://www.kyogle.nsw.gov.au/about-council/council-committees,OK,200,,2026-10-02,
https://www.kyogle.nsw.gov.au/about-council/governance/integrated-planning-reporting,OK,200,,2026-10-02,
https://www.kyogle.nsw.gov.au/agendas-and-minutes/,BROKEN,404,,2026-10-02,
https://www.kyogle.nsw.gov.au/council-engagement/compliance-policies-reporting/annual-financial-statements/,BROKEN,404,,2026-10-02,
https://www.kyogle.nsw.gov.au/council-engagement/compliance-policies-reporting/annual-reports,BROKEN,404,,2026-10-02,
https://www.kyogle.nsw.gov.au/media/1282,OK,200,,2026-10-02,
https://www.kyogle.nsw.gov.au/media/1291,OK,200,,2026-10-02,
https://www.kyogle.nsw.gov.au/minute-index/,BROKEN,404,,2026-10-02,
https://www.kyogle.nsw.gov.au/minutes/11-may-2020/,BROKEN,404,,2026-10-02,
https://www.kyogle.nsw.gov.au/minutes/8-february-2021/,BROKEN,404,,2026-10-02,
https://www.kyogle.nsw.gov.au/plan-build-business/management-plans-reports,OK,200,,2026-10-02,
https://www.kyogle.nsw.gov.au/previous-terms-agendas-minutes,OK,200,,2026-10-02,
https://www.kyogle.nsw.gov.au/sites/default/files/2026-08/Annual%20Report%202022-2023%20final.pdf,OK,200,,2026-10-02,
https://www.kyogle.nsw.gov.au/sites/default/files/2026-08/Kyogle-Council-Annual_Financial_Statements-2023.pdf,OK,200,,2026-10-02,
https://www.kyogle.nsw.gov.au/sites/default/files/2026-08/Kyogle-Council-Financial-Statements-2023-24.pdf,OK,200,,2026-10-02,
https://www.kyogle.nsw.gov.au/wp-content/uploads/2017/11/Annual-Report-2016-2017.pdf,BROKEN,404,,2026-10-02,
https://www.kyogle.nsw.gov.au/wp-content/uploads/2019/10/Financial-Statements.pdf,BROKEN,404,,2026-10-02,
https://www.kyogle.nsw.gov.au/wp-content/uploads/2021/03/CO_20210308_AGN_2173_AT.pdf,BROKEN,404,,2026-10-02,
https://www.kyogle.nsw.gov.au/wp-content/uploads/2024/05/Item-13.1-March-Budget-Review-v2.pdf,BROKEN,404,,2026-10-02,
https://www.kyogle.nsw.gov.au/wp-content/uploads/2024/11/Annual-Report-2023-2024-Final.pdf,BROKEN,404,,2026-10-02,
https://www.lachlan.nsw.gov.au/Council/Council-Information/Departments/General-Management,BLOCKED,403,,2026-10-02,
https://www.lachlan.nsw.gov.au/Council/Plans-Strategies/Integrated-Planning-and-Reporting,BLOCKED,403,,2026-10-02,
https://www.lachlan.nsw.gov.au/files/assets/public/v/1/council/plans-and-strategies/2021-2022-annual-report.pdf,BLOCKED,403,,2026-10-02,
https://www.lachlan.nsw.gov.au/files/assets/public/v/1/council/plans-and-strategies/ipr/new-folder/new-cover.pdf,BLOCKED,403,,2026-10-02,
https://www.lachlan.nsw.gov.au/files/assets/public/v/3/council/plans-and-strategies/ipr/lachlan-shire-council-final-annual_financial_statements-2023.pdf,BLOCKED,403,,2026-10-02,
https://www.lakemac.com.au/,BLOCKED,403,,2026-10-02,
https://www.lakemac.com.au/Our-Council/City-strategies-plans-and-reporting/2019-2020-Annual-Report-and-Financial-Statements,BLOCKED,403,,2026-10-02,
https://www.lakemac.com.au/Our-Council/City-strategies-plans-and-reporting/Annual-Report,BLOCKED,403,,2026-10-02,
https://www.lakemac.com.au/city/about-council/council-meetings,BLOCKED,403,,2026-10-02,
https://www.lakemac.com.au/files/assets/public/v/1/hptrim/financial-management-financial-reporting-financial-statements-2021-2022-annual-financial-statements/lmcc_annual_financial_statements_2021_2022-final-signed.pdf,BLOCKED,403,,2026-10-02,
https://www.lakemac.com.au/files/assets/public/v/2/hptrim/financial-management-financial-reporting-financial-statements-2018-2019-annual-financial-statements/annual-financial-statements-for-the-year-ended-30-june-2019-[d09141356].pdf,BLOCKED,403,https://www.lakemac.com.au/files/assets/public/v/2/hptrim/financial-management-financial-reporting-financial-statements-2018-2019-annual-financial-statements/annual-financial-statements-for-the-year-ended-30-june-2019-%5Bd09141356%5D.pdf,2026-10-02,
https://www.lanecove.nsw.gov.au/Council/Plans-and-Publications,BLOCKED,403,,2026-10-02,
https://www.leeton.nsw.gov.au/Your-Council/About-Council/Plans-Strategies-and-Reports/Financial-Statements-and-Reports,BLOCKED,403,,2026-10-02,
https://www.leeton.nsw.gov.au/files/assets/public/v/1/attachments/1.-your-council/1.2-about-council/1.2.f-plans-reports-regional-plans/annual_financial_statements-2023-01-02-2024-final.pdf,BLOCKED,403,,2026-10-02,
https://www.leeton.nsw.gov.au/files/assets/public/v/1/attachments/1.-your-council/1.2-about-council/1.2.f-plans-reports-regional-plans/financial-statements-and-annual-reports/annual-financial-statements-year-ended-june-2022.pdf,BLOCKED,403,,2026-10-02,
https://www.leeton.nsw.gov.au/files/assets/public/v/1/attachments/1.-your-council/1.2-about-council/1.2.f-plans-reports-regional-plans/financial-statements-and-annual-reports/financial-statements-2015-16.pdf,BLOCKED,403,,2026-10-02,
https://www.leeton.nsw.gov.au/files/assets/public/v/1/attachments/1.-your-council/1.2-about-council/1.2.f-plans-reports-regional-plans/financial-statements-and-annual-reports/financial-statements-2016-17.pdf,BLOCKED,403,,2026-10-02,
https://www.leeton.nsw.gov.au/files/assets/public/v/1/attachments/1.-your-council/1.2-about-council/1.2.f-plans-reports-regional-plans/financial-statements-and-annual-reports/financial-statements-201718.pdf,BLOCKED,403,,2026-10-02,
https://www.leeton.nsw.gov.au/files/assets/public/v/1/attachments/1.-your-council/1.2-about-council/1.2.f-plans-reports-regional-plans/financial-statements-and-annual-reports/financial-statements-2018-19.pdf,BLOCKED,403,,2026-10-02,
https://www.leeton.nsw.gov.au/files/assets/public/v/1/attachments/1.-your-council/1.2-about-council/1.2.f-plans-reports-regional-plans/financial-statements-and-annual-reports/financial-statements-2019-20.pdf,BLOCKED,403,,2026-10-02,
https://www.leeton.nsw.gov.au/files/assets/public/v/1/attachments/1.-your-council/1.2-about-council/1.2.f-plans-reports-regional-plans/financial-statements-and-annual-reports/signed-audited-financial-statements-2024-final.pdf,BLOCKED,403,,2026-10-02,
https://www.leeton.nsw.gov.au/files/assets/public/v/3/attachments/1.-your-council/1.2-about-council/1.2.f-plans-reports-regional-plans/financial-statements-and-annual-reports/financial-statements-2020-21.pdf,BLOCKED,403,,2026-10-02,
https://www.lewis.ucla.edu/2025/02/05/85-wildfires-displacement-and-housing-prices-with-hannah-hennighausen,OK,200,https://lewis.ucla.edu/2025/02/05/85-wildfires-displacement-and-housing-prices-with-hannah-hennighausen/,2026-10-02,
https://www.lgat.tas.gov.au/tasmanian-councils,BLOCKED,403,,2026-10-02,
https://www.lgat.tas.gov.au/tasmanian-councils/lg-reform,BLOCKED,403,,2026-10-02,
https://www.lismore.nsw.gov.au/Council/Council-and-committee-meetings-schedule/Archived-Council-business-papers,BLOCKED,403,,2026-10-02,
https://www.lismore.nsw.gov.au/Council/Council-and-committee-meetings-schedule/Council-meeting-minutes-and-agendas,BLOCKED,403,,2026-10-02,
https://www.lismore.nsw.gov.au/files/assets/public/5.-council/6.-about-council/documents/2015-16_financial_reports.pdf,BLOCKED,403,,2026-10-02,
https://www.lismore.nsw.gov.au/files/assets/public/5.-council/6.-about-council/documents/financial_report_2016-17.pdf,BLOCKED,403,,2026-10-02,
https://www.lismore.nsw.gov.au/files/assets/public/v/1/5.-council/6.-corporate-information/lcc-annual-report-2023-2024-final.pdf,BLOCKED,403,,2026-10-02,
https://www.lismore.nsw.gov.au/files/assets/public/v/2/5.-council/6.-corporate-information/annual_financial_statements-2023.pdf,BLOCKED,403,,2026-10-02,
https://www.lismore.nsw.gov.au/infocouncil2/Open/2019/11/OC_19112019_AGN_AT_EXTRA.htm,BLOCKED,403,,2026-10-02,
https://www.lithgow.nsw.gov.au/Governance/Council-Meetings/Minutes-and-Agendas,BLOCKED,403,,2026-10-02,
https://www.lithgow.nsw.gov.au/files/assets/public/v/1/governance/ipr/reports/annual-report-2324.pdf,BLOCKED,403,,2026-10-02,
https://www.lithgowmercury.com.au/story/6567087/nsw-farmers-count-livestock-losses/,OK,200,,2026-10-02,
https://www.lithgowmercury.com.au/story/7804182/regional-homes-vacant-amid-housing-crisis/,OK,200,,2026-10-02,
https://www.lithgowmercury.com.au/story/8071577/bell-and-mountains-dudded-by-barilaro-after-bushfires-auditor/,OK,200,,2026-10-02,
https://www.lithgowmercury.com.au/story/8359487,OK,200,https://www.lithgowmercury.com.au/story/8359487/ill-never-forget-my-daughters-blood-curdling-scream-as-the-fire-approached/,2026-10-02,
https://www.liverpool.nsw.gov.au/,BLOCKED,403,,2026-10-02,
https://www.liverpool.nsw.gov.au/__data/assets/pdf_file/0008/267857/Liverpool-City-Council-Annual-Report-2023-24.pdf,BLOCKED,403,,2026-10-02,
https://www.liverpool.nsw.gov.au/__data/assets/pdf_file/0009/208188/Annual_Financial_Statements-2021-6.pdf,BLOCKED,403,,2026-10-02,
https://www.liverpool.nsw.gov.au/council/council-meetings,BLOCKED,403,,2026-10-02,
https://www.liverpool.nsw.gov.au/trim/documents?RecordNumber=326075.2020,BLOCKED,403,,2026-10-02,
https://www.liverpoolplains.nsw.gov.au/Council/Accessing-Council-information/Annual-and-Financial-Reports,BLOCKED,403,,2026-10-02,
https://www.liverpoolplains.nsw.gov.au/files/assets/public/v/1/hptrim/government-relations-advice-independent-commission-against-corruption-icac/lpsc-annual-report-with-financial-statements-2019-2020.pdf,BLOCKED,403,,2026-10-02,
https://www.liverpoolplains.nsw.gov.au/files/assets/public/v/1/lpsc-annual-report-with-financial-statements-2020-2021.pdf,BLOCKED,403,,2026-10-02,
https://www.liverpoolplains.nsw.gov.au/files/assets/public/v/1/strategies-and-plans/annual-report-2023-2024-and-state-of-our-shire-report.pdf,BLOCKED,403,,2026-10-02,
https://www.localcouncils.sa.gov.au/get-involved/find-your-council,BLOCKED,403,,2026-10-02,
https://www.localgovernment.vic.gov.au/__data/assets/excel_doc/0019/191008/LGPRF-2020-2025-Full-Council-Data-Set-Nov25-Final-Release.xlsx,BLOCKED,403,,2026-10-02,
https://www.localgovernment.vic.gov.au/__data/assets/excel_doc/0023/48155/Local-Government-Indicators-2015-FINAL-20160413.xlsx,BLOCKED,403,,2026-10-02,
https://www.localgovernment.vic.gov.au/__data/assets/excel_doc/0025/48148/Local-Government-in-Victoria-2012-Update-Indicators-Source-Data.xls,BLOCKED,403,,2026-10-02,
https://www.localgovernment.vic.gov.au/__data/assets/excel_doc/0027/207477/2022-23-VLGGC-Questionnaire-VGC1-Expenditure-and-Revenue.xlsx,BLOCKED,403,,2026-10-02,
https://www.localgovernment.vic.gov.au/__data/assets/pdf_file/0022/164911/Local_Government_in_Victoria_2009.pdf,BLOCKED,403,,2026-10-02,
https://www.localgovernment.vic.gov.au/lgv-funding-programs/victoria-grants-commission/consultation-and-operations,BLOCKED,403,,2026-10-02,
https://www.lowereyrepeninsula.sa.gov.au/council/council-history,BLOCKED,403,,2026-10-02,
https://www.macrobusiness.com.au/2020/01/australias-bushfire-emergency-an-economic-overview,OK,200,,2026-10-02,
https://www.mainfreight.com/getmedia/83db6730-a3f1-4da1-8b69-deb5e2d28e79/Bushfire-Update-12-02-20.pdf,OK,200,https://www.mainfreight.com/getContentAsset/83db6730-a3f1-4da1-8b69-deb5e2d28e79/dfc3d011-8f63-43f6-9ed8-4b444333a1d0/Bushfire-Update-12-02-20.pdf,2026-10-02,
https://www.maitland.nsw.gov.au/council/about-council/financial-reports-and-plans,OK,200,,2026-10-02,
https://www.maitland.nsw.gov.au/my-council/planning-and-reporting/long-term-planning/general-purpose-financial-reports,OK,200,https://www.maitland.nsw.gov.au/services/planning-development/long-term-planning,2026-10-02,
https://www.maitland.nsw.gov.au/search/documents?query=General+Purpose+Financial+Report,OK,200,,2026-10-02,
https://www.maitland.nsw.gov.au/sites/default/files/documents/2023-11/Maitland%20City%20Council%20-%20Financial%20Statements%202022-23_web.pdf,OK,200,,2026-10-02,
https://www.maitland.nsw.gov.au/sites/default/files/documents/2024-11/Maitland%20City%20Council%20Financial%20Statements%202023-24.pdf,OK,200,,2026-10-02,
https://www.maitland.nsw.gov.au/sites/default/files/documents/document/financial_statements_2016-17_final.pdf,OK,200,,2026-10-02,
https://www.maitland.nsw.gov.au/sites/default/files/documents/document/financial_statements_2018-19.pdf,OK,200,,2026-10-02,
https://www.maitland.nsw.gov.au/sites/default/files/documents/document/general_purpose_financial_report_2021-22.pdf,OK,200,,2026-10-02,
https://www.maitlandmercury.com.au/story/7027293/bushfire-smoke-fuelled-emergency-treatment/,OK,200,,2026-10-02,
https://www.manningrivertimes.com.au/story/6936404/milestone-first-post-bushfire-home-rebuild-on-mid-coast-complete/,OK,200,,2026-10-02,
https://www.mapworld.com.au/products/new-south-wales-sydney-postcode-map,OK,200,,2026-10-02,
https://www.mapworld.com.au/products/sydney-new-south-wales-folded-postcode-map,OK,200,,2026-10-02,
https://www.mauinews.com/news/local-news/2024/10/researchers-say-poverty-and-unemployment-are-up-in-lahaina-after-last-years-wildfires/,OK,200,,2026-10-02,
https://www.medicalrepublic.com.au/?p=115463,OK,200,https://www.medicalrepublic.com.au/small-drop-in-aussies-accessing-medicare-subsidised-gp-visits/115463,2026-10-02,
https://www.medicalrepublic.com.au/?p=4150,OK,200,https://www.medicalrepublic.com.au/bushfires-cost-billions-in-physical-mental-healthcare/4150,2026-10-02,
https://www.medicalrepublic.com.au/?p=6579,OK,200,https://www.medicalrepublic.com.au/bushfires-leave-mental-health-smouldering/6579,2026-10-02,
https://www.medicalrepublic.com.au/bushfires-leave-mental-health-smouldering/6579,OK,200,,2026-10-02,
https://www.medrxiv.org/content/10.1101/2025.06.25.25330255.full.pdf,OK,200,https://www.medrxiv.org/content/10.1101/2025.06.25.25330255v1.full.pdf,2026-10-02,
https://www.medrxiv.org/content/10.1101/2025.06.25.25330259.full.pdf,OK,200,https://www.medrxiv.org/content/10.1101/2025.06.25.25330259v1.full.pdf,2026-10-02,
https://www.medrxiv.org/node/1017139,OK,200,,2026-10-02,
https://www.meer.com/en/41909-attica-aflame-greece-mourns-dealing-with-disaster,OK,200,,2026-10-02,
https://www.merimbulanewsweekly.com.au/story/6590994/bureaucratic-obstacles-to-recovery-must-go/,OK,200,,2026-10-02,
https://www.merimbulanewsweekly.com.au/story/6827100/fire-victims-had-to-jump-through-hoops/,OK,200,,2026-10-02,
https://www.merimbulanewsweekly.com.au/story/8155248/,OK,200,https://www.merimbulanewsweekly.com.au/story/8155248/south-coast-town-rated-nsws-worst-for-renters-with-pets/,2026-10-02,
https://www.midcoast.nsw.gov.au/Your-Council/About-MidCoast-Council/Plans-strategies-and-policies/Reporting-our-progress,BLOCKED,403,,2026-10-02,
https://www.midcoast.nsw.gov.au/Your-Council/Council-meetings/Agendas-and-minutes,BLOCKED,403,,2026-10-02,
https://www.midcoast.nsw.gov.au/Your-Council/Council-meetings/Agendas-and-minutes/Council-Meetings/10-February-2021-Ordinary-Meeting,BLOCKED,403,,2026-10-02,
https://www.midcoast.nsw.gov.au/Your-Council/Council-meetings/Agendas-and-minutes/Council-Meetings/18-November-2020-Ordinary-Meeting,BLOCKED,403,,2026-10-02,
https://www.midcoast.nsw.gov.au/Your-Council/Council-meetings/Agendas-and-minutes/Council-Meetings/23-February-2022-Ordinary-Council-Meeting,BLOCKED,403,,2026-10-02,
https://www.midcoast.nsw.gov.au/Your-Council/Council-meetings/Agendas-and-minutes/Council-Meetings/25-May-2022-Ordinary-Meeting,BLOCKED,403,,2026-10-02,
https://www.midcoast.nsw.gov.au/Your-Council/Council-meetings/Agendas-and-minutes/Council-Meetings/26-February-2020-Ordinary-Meeting,BLOCKED,403,,2026-10-02,
https://www.midcoast.nsw.gov.au/Your-Council/Council-meetings/Agendas-and-minutes/Council-Meetings/27-November-2019-Ordinary-Meeting,BLOCKED,403,,2026-10-02,
https://www.midcoast.nsw.gov.au/Your-Council/Council-meetings/Agendas-and-minutes/Council-Meetings/27-October-2021-Ordinary-Council-Meeting,BLOCKED,403,,2026-10-02,
https://www.midcoast.nsw.gov.au/Your-Council/Our-news/News-releases/Councils-financial-statements-available-online,BLOCKED,403,,2026-10-02,
https://www.midcoast.nsw.gov.au/files/assets/public/document-resources/council-meetings/agenda-and-minutes/2020/1118-ordinary-meeting/item-21-attachment-a-quarterly-budget-review-statement-september-2020_2.pdf,BLOCKED,403,,2026-10-02,
https://www.midcoast.nsw.gov.au/files/assets/public/document-resources/council-meetings/agenda-and-minutes/2020/1118-ordinary-meeting/item-21-supplementary-late-attachment-quarterly-budget-review-statement-september-2020_1.pdf,BLOCKED,403,,2026-10-02,
https://www.midcoast.nsw.gov.au/files/assets/public/v/1/document-resources/council/plans-amp-publications/2018-19-financial-statements-3-in-1.pdf,BLOCKED,403,,2026-10-02,
https://www.midcoast.nsw.gov.au/files/assets/public/v/1/document-resources/council/plans-amp-publications/mid-coast-council-financial-statements-2019-20.pdf,BLOCKED,403,,2026-10-02,
https://www.midcoast.nsw.gov.au/files/assets/public/v/1/document-resources/council/plans-amp-publications/operational-plans-amp-fees-amp-charges/financial-statements/annual-financial-statements-ye-1718-midcoast-council.pdf,BLOCKED,403,,2026-10-02,
https://www.midcoast.nsw.gov.au/files/assets/public/v/1/document-resources/council/plans-amp-publications/operational-plans-amp-fees-amp-charges/financial-statements/final-part-4-midcoast-council-financial-statements-2021-22-with-cover-page.pdf,BLOCKED,403,,2026-10-02,
https://www.midcoast.nsw.gov.au/files/assets/public/v/1/document-resources/council/plans-amp-publications/operational-plans-amp-fees-amp-charges/financial-statements/financial-statement-2020-21.pdf,BLOCKED,403,,2026-10-02,
https://www.midcoast.nsw.gov.au/files/assets/public/v/1/document-resources/council/plans-amp-publications/operational-plans-amp-fees-amp-charges/financial-statements/financial-statement-2023-2024.pdf,BLOCKED,403,,2026-10-02,
https://www.midcoast.nsw.gov.au/files/assets/public/v/1/document-resources/council/plans-amp-publications/operational-plans-amp-fees-amp-charges/financial-statements/financial-statements-2022-23.pdf,BLOCKED,403,,2026-10-02,
https://www.midcoast.nsw.gov.au/files/assets/public/v/2/document-resources/council-meetings/agenda-and-minutes/2019/1127/agenda-27-november-2019-ordinary-meeting.pdf,BLOCKED,403,,2026-10-02,
https://www.midcoast.nsw.gov.au/files/assets/public/v/3/document-resources/council/plans-amp-publications/mcc-2019-20-annual-report.pdf,BLOCKED,403,,2026-10-02,
https://www.midwestern.nsw.gov.au,BLOCKED,403,https://www.midwestern.nsw.gov.au/,2026-10-02,
https://www.midwestern.nsw.gov.au/Council/Council-meetings,BLOCKED,403,,2026-10-02,
https://www.midwestern.nsw.gov.au/Council/Council-meetings/Minutes-and-agendas,BLOCKED,403,,2026-10-02,
https://www.midwestern.nsw.gov.au/Council/Council-meetings/Minutes-and-agendas/February-16-2022-Ordinary-Meeting/Meeting-Items,BLOCKED,403,,2026-10-02,
https://www.midwestern.nsw.gov.au/Council/Council-meetings/Minutes-and-agendas/February-2019-Ordinary-Meeting,BLOCKED,403,,2026-10-02,
https://www.midwestern.nsw.gov.au/Council/Council-meetings/Minutes-and-agendas/February-2019-Ordinary-Meeting/Meeting-Items,BLOCKED,403,,2026-10-02,
https://www.midwestern.nsw.gov.au/Council/Council-meetings/Minutes-and-agendas/February-2020-Ordinary-Meeting,BLOCKED,403,,2026-10-02,
https://www.midwestern.nsw.gov.au/Council/Council-meetings/Minutes-and-agendas/February-2020-Ordinary-Meeting/Meeting-Items,BLOCKED,403,,2026-10-02,
https://www.midwestern.nsw.gov.au/Council/Council-meetings/Minutes-and-agendas/February-2021-Ordinary-Meeting,BLOCKED,403,,2026-10-02,
https://www.midwestern.nsw.gov.au/Council/Council-meetings/Minutes-and-agendas/February-2021-Ordinary-Meeting/Meeting-Items,BLOCKED,403,,2026-10-02,
https://www.midwestern.nsw.gov.au/Council/Council-meetings/Minutes-and-agendas/February-2022-Ordinary-Meeting,BLOCKED,403,,2026-10-02,
https://www.midwestern.nsw.gov.au/Council/Council-meetings/Minutes-and-agendas/March-2022-Ordinary-Meeting/Meeting-Items,BLOCKED,403,,2026-10-02,
https://www.midwestern.nsw.gov.au/Council/Council-meetings/Minutes-and-agendas/May-2019-Ordinary-Meeting,BLOCKED,403,,2026-10-02,
https://www.midwestern.nsw.gov.au/Council/Council-meetings/Minutes-and-agendas/May-2019-Ordinary-Meeting/Meeting-Items,BLOCKED,403,,2026-10-02,
https://www.midwestern.nsw.gov.au/Council/Council-meetings/Minutes-and-agendas/May-2020-Ordinary-Meeting,BLOCKED,403,,2026-10-02,
https://www.midwestern.nsw.gov.au/Council/Council-meetings/Minutes-and-agendas/May-2020-Ordinary-Meeting/Meeting-Items,BLOCKED,403,,2026-10-02,
https://www.midwestern.nsw.gov.au/Council/Council-meetings/Minutes-and-agendas/May-2021-Ordinary-Meeting,BLOCKED,403,,2026-10-02,
https://www.midwestern.nsw.gov.au/Council/Council-meetings/Minutes-and-agendas/May-2021-Ordinary-Meeting/Meeting-Items,BLOCKED,403,,2026-10-02,
https://www.midwestern.nsw.gov.au/Council/Council-meetings/Minutes-and-agendas/May-2022-Ordinary-Meeting,BLOCKED,403,,2026-10-02,
https://www.midwestern.nsw.gov.au/Council/Council-meetings/Minutes-and-agendas/November-2018-Ordinary-Meeting,BLOCKED,403,,2026-10-02,
https://www.midwestern.nsw.gov.au/Council/Council-meetings/Minutes-and-agendas/November-2018-Ordinary-Meeting/Meeting-Items,BLOCKED,403,,2026-10-02,
https://www.midwestern.nsw.gov.au/Council/Council-meetings/Minutes-and-agendas/November-2019-Ordinary-Meeting,BLOCKED,403,,2026-10-02,
https://www.midwestern.nsw.gov.au/Council/Council-meetings/Minutes-and-agendas/November-2019-Ordinary-Meeting/Meeting-Items,BLOCKED,403,,2026-10-02,
https://www.midwestern.nsw.gov.au/Council/Council-meetings/Minutes-and-agendas/November-2020-Ordinary-Meeting,BLOCKED,403,,2026-10-02,
https://www.midwestern.nsw.gov.au/Council/Council-meetings/Minutes-and-agendas/November-2020-Ordinary-Meeting/Meeting-Items,BLOCKED,403,,2026-10-02,
https://www.midwestern.nsw.gov.au/Council/Council-meetings/Minutes-and-agendas/November-2021-Ordinary-Meeting,BLOCKED,403,,2026-10-02,
https://www.midwestern.nsw.gov.au/Council/Council-meetings/Minutes-and-agendas/November-2021-Ordinary-Meeting/Meeting-Items,BLOCKED,403,,2026-10-02,
https://www.midwestern.nsw.gov.au/Council/Policies-plans-and-reporting/Financial-statements-and-reports,BLOCKED,403,,2026-10-02,
https://www.midwestern.nsw.gov.au/files/assets/public/v/1/council-meetings/2019/13.-20-november-2019/report-council-meeting-20-november-2019-9.7-quarterly-budget-review-statement-september-2019.pdf,BLOCKED,403,,2026-10-02,
https://www.midwestern.nsw.gov.au/files/assets/public/v/1/council-meetings/2020/12.-18-november-2020/council-meeting-18-november-2020-business-paper-item-9.4-quarterly-budget-review-statement-september-2020.pdf,BLOCKED,403,,2026-10-02,
https://www.midwestern.nsw.gov.au/files/assets/public/v/1/council-meetings/old/2018/10.-21-november-2018/report-council-meeting-21-november-2018-9.8-quarterly-budget-review-statement-september-2018.pdf,BLOCKED,403,,2026-10-02,
https://www.midwestern.nsw.gov.au/files/assets/public/v/1/council-meetings/old/2019/01.-20-february-2019/report-council-meeting-20-february-2019-9.5-quarterly-budget-review-statement-december-2018.pdf,BLOCKED,403,,2026-10-02,
https://www.midwestern.nsw.gov.au/files/assets/public/v/1/council-meetings/old/2019/05.-15-may-2019/late-separately-attached-attachments-9.3-9.5-council-meeting-15-may-2019.pdf,BLOCKED,403,,2026-10-02,
https://www.midwestern.nsw.gov.au/files/assets/public/v/1/council-meetings/old/2019/05.-15-may-2019/report-council-meeting-15-may-2019-9.3-quarterly-budget-review-statement-march-2019.pdf,BLOCKED,403,,2026-10-02,
https://www.midwestern.nsw.gov.au/files/assets/public/v/1/council-meetings/old/2019/13.-20-november-2019/council-meeting-20-november-2019-business-paper-separately-attached-attachments.pdf,BLOCKED,403,,2026-10-02,
https://www.midwestern.nsw.gov.au/files/assets/public/v/1/council-meetings/old/2019/13.-20-november-2019/report-council-meeting-20-november-2019-9.7-quarterly-budget-review-statement-september-2019.pdf,BLOCKED,403,,2026-10-02,
https://www.midwestern.nsw.gov.au/files/assets/public/v/1/council-meetings/old/2020/02.-19-february-2020/report-council-meeting-19-february-2020-9.10-quarterly-budget-review-statement-december-2019.pdf,BLOCKED,403,,2026-10-02,
https://www.midwestern.nsw.gov.au/files/assets/public/v/1/council-meetings/old/2020/02.-19-february-2020/report-council-meeting-19-february-2020-item-9.10-quarterly-budget-review-statement-december-2019.pdf,BLOCKED,403,,2026-10-02,
https://www.midwestern.nsw.gov.au/files/assets/public/v/1/council-meetings/old/2020/02.-19-february-2020/seperately-att-attachments-council-meeting-19-february-2020.pdf,BLOCKED,403,,2026-10-02,
https://www.midwestern.nsw.gov.au/files/assets/public/v/1/council-meetings/old/2020/05.-20-may-2020/report-council-meeting-20-may-2020-item-9.4-quarterly-budget-review-statement-march-2020.pdf,BLOCKED,403,,2026-10-02,
https://www.midwestern.nsw.gov.au/files/assets/public/v/1/council-meetings/old/2020/05.-20-may-2020/seperately-attached-attachments-council-meeting-20-may-2020.pdf,BLOCKED,403,,2026-10-02,
https://www.midwestern.nsw.gov.au/files/assets/public/v/1/council-meetings/old/2020/12.-18-november-2020/council-meeting-18-november-2020-business-paper-item-9.4-quarterly-budget-review-statement-september-2020.pdf,BLOCKED,403,,2026-10-02,
https://www.midwestern.nsw.gov.au/files/assets/public/v/1/council-meetings/old/2021/01.-17-february-2021/report-council-meeting-17-february-2021-item-9.1-quarterly-budget-review-statement-december-2020.pdf,BLOCKED,403,,2026-10-02,
https://www.midwestern.nsw.gov.au/files/assets/public/v/1/council-meetings/old/2021/06.-19-may-2021/report-council-meeting-19-may-2021-item-9.3-quarterly-budget-review-statement-march-2021.pdf,BLOCKED,403,,2026-10-02,
https://www.midwestern.nsw.gov.au/files/assets/public/v/1/council-meetings/old/2021/10.-4-august-2021/report-council-meeting-4-august-2021-9.7-quarterly-budget-review-june-2021.pdf,BLOCKED,403,,2026-10-02,
https://www.midwestern.nsw.gov.au/files/assets/public/v/1/council-meetings/old/2021/13.-3-november-2021/report-council-meeting-3-november-2021-9.10-quarterly-budget-review-september-2021.pdf,BLOCKED,403,,2026-10-02,
https://www.midwestern.nsw.gov.au/files/assets/public/v/1/council-meetings/old/2022/03.-16-february-2022/report-council-meeting-16-february-2022-item-9.4-quarterly-budget-review-december-2021.pdf,BLOCKED,403,,2026-10-02,
https://www.midwestern.nsw.gov.au/files/assets/public/v/1/council-meetings/old/2022/03.-16-february-2022/seperately-att-attachments-council-meeting-16-february-2022.pdf,BLOCKED,403,,2026-10-02,
https://www.midwestern.nsw.gov.au/files/assets/public/v/1/council-meetings/old/2022/06.-18-may-2022/report-council-meeting-18-may-2022-item-9.2-quarterly-budget-review-march-2022.pdf,BLOCKED,403,,2026-10-02,
https://www.midwestern.nsw.gov.au/files/assets/public/v/1/council/plans-and-strategies/financial-statements/2015-16-financial-statements-mwrc.pdf,BLOCKED,403,,2026-10-02,
https://www.midwestern.nsw.gov.au/files/assets/public/v/1/council/plans-and-strategies/financial-statements/2016-17-financial-statements-mwrc.pdf,BLOCKED,403,,2026-10-02,
https://www.midwestern.nsw.gov.au/files/assets/public/v/1/council/plans-and-strategies/financial-statements/2017-18-financial-statements-mwrc.pdf,BLOCKED,403,,2026-10-02,
https://www.midwestern.nsw.gov.au/files/assets/public/v/1/council/plans-and-strategies/financial-statements/2018-19-financial-statements-mwrc.pdf,BLOCKED,403,,2026-10-02,
https://www.midwestern.nsw.gov.au/files/assets/public/v/1/council/plans-and-strategies/financial-statements/2019-20-financial-statements-mwrc.pdf,BLOCKED,403,,2026-10-02,
https://www.midwestern.nsw.gov.au/files/assets/public/v/1/council/plans-and-strategies/financial-statements/2020-21-financial-statements-mwrc.pdf,BLOCKED,403,,2026-10-02,
https://www.midwestern.nsw.gov.au/files/assets/public/v/1/council/policies/annual_financial_statements-2024-consolidated-set-as-at-6-nov-2024.pdf,BLOCKED,403,,2026-10-02,
https://www.midwestern.nsw.gov.au/files/assets/public/v/1/documents-on-exhibition/finance/financial-statements-2022-23-d1.pdf,BLOCKED,403,,2026-10-02,
https://www.midwestern.nsw.gov.au/files/assets/public/v/1/documents-on-exhibition/public-notice/financial-statements/annual_financial_statements-2022.pdf,BLOCKED,403,,2026-10-02,
https://www.minister.industry.gov.au/ministers/michaeliacash/media-releases/nsw-fire-affected-businesses-and-councils-encouraged-access-financial-support,OK,200,,2026-10-02,
https://www.miragenews.com/fire-alert-public-advised-to-avoid-pilliga-park-1417711/,OK,200,,2026-10-02,
https://www.mja.com.au/journal/2020/213/6/unprecedented-smoke-related-health-burden-associated-2019-20-bushfires-eastern,OK,200,,2026-10-02,
https://www.mja.com.au/journal/2020/213/8/fewer-presentations-metropolitan-emergency-departments-during-covid-19-pandemic,OK,200,,2026-10-02,
https://www.mja.com.au/journal/2020/bushfire-smoke-responsible-over-400-excess-deaths,OK,200,,2026-10-02,
https://www.mja.com.au/journal/topics/mental-health?page=5,OK,200,,2026-10-02,
https://www.mja.com.au/node/16528,BROKEN,404,,2026-10-02,
https://www.mja.com.au/system/files/issues/213_06/mja250545.pdf,OK,200,https://cdn.craft.cloud/019efd17-dcc2-707f-8e07-011d00d1146a/assets/issues/213_06_mja250545.pdf,2026-10-02,
"https://www.monash.edu/business/events/past-events/che/wildfire-exposure,-impact,-and-recovery-climate-inequality-lessons-from-australias-black-summer",BLOCKED,403,,2026-10-02,
https://www.monash.edu/business/research/phd-programs/graduate-research-impact/uncovering-the-hidden-bias-in-disaster-relief,BLOCKED,403,,2026-10-02,
https://www.mondaq.com/australia/insurance-laws-and-products/987596/nsw-bushfire-inquiry-calls-for-greater-operational-capacity-and-planning-to-prevent-and-respond-to-bushfire-risks,OK,200,,2026-10-02,
https://www.montana.edu/gallagher/documents/Gallagher%20Hartley%20AEJ-Policy.pdf,OK,200,,2026-10-02,
https://www.moodys.com/web/en/us/insights/insurance/black-summer--five-years-on---a-sobering-reminder-of-australia-b.html,OK,200,,2026-10-02,
https://www.mpsc.nsw.gov.au,BLOCKED,403,https://www.mpsc.nsw.gov.au/,2026-10-02,
https://www.mpsc.nsw.gov.au/budget/annual-report-and-financial-statements,BLOCKED,403,,2026-10-02,
https://www.mpsc.nsw.gov.au/council/council-meetings,BLOCKED,403,,2026-10-02,
https://www.mpsc.nsw.gov.au/media-releases/2181-general-purpose-financial-statements,BLOCKED,403,,2026-10-02,
https://www.mpsc.nsw.gov.au/publications-documents/financial-statements,BLOCKED,403,,2026-10-02,
https://www.mpsc.nsw.gov.au/publications-documents/financial-statements/2911-2024-25-annual-financial-statement/file,BLOCKED,403,,2026-10-02,
https://www.mudgeeguardian.com.au/story/6567087/nsw-farmers-count-livestock-losses/,OK,200,,2026-10-02,
https://www.mudgeeguardian.com.au/story/6589735/nsw-bushfires-livestock-death-toll-at-more-than-13000-and-rising/,OK,200,,2026-10-02,
https://www.mudgeeguardian.com.au/story/8354762/,OK,200,https://www.mudgeeguardian.com.au/story/8354762/fire-danger-escalates-schools-closed-as-temperatures-soar/,2026-10-02,
https://www.mudgeeguardian.com.au/story/8359487/,OK,200,https://www.mudgeeguardian.com.au/story/8359487/ill-never-forget-my-daughters-blood-curdling-scream-as-the-fire-approached/,2026-10-02,
https://www.murrayriver.nsw.gov.au/Council/Fees-forms-documents/Annual-Reporting,BLOCKED,403,,2026-10-02,
https://www.murrayriver.nsw.gov.au/Council/Fees-forms-documents/Annual-Reporting/Annual-Financial-Statements,BLOCKED,403,,2026-10-02,
https://www.murrayriver.nsw.gov.au/Council/Forms-and-documents/Yearly-Planning-and-Reporting/Annual-Financial-Statements,BLOCKED,403,,2026-10-02,
https://www.murrindindi.vic.gov.au/files/assets/public/v/1/documents/1-council/council-meetings/agenda-and-minutes/17-december-2012/2012-12-17-ordinary-attachments-part-1.pdf,BLOCKED,403,,2026-10-02,
https://www.murrindindi.vic.gov.au/files/assets/public/v/1/documents/other/kinglake-bushfire-memorial-infosheet.pdf,BLOCKED,403,,2026-10-02,
https://www.murrumbidgee.nsw.gov.au/My-council/Plans-strategies-policies-council-information/Reporting-our-progress/Annual-Reports-Financial-Statements,BLOCKED,403,,2026-10-02,
https://www.muswellbrook.nsw.gov.au/policies/,OK,200,,2026-10-02,
https://www.muswellbrook.nsw.gov.au/wp-content/uploads/2023/12/2015-2016-Financial-Statements_Part1.pdf,OK,200,,2026-10-02,
https://www.muswellbrook.nsw.gov.au/wp-content/uploads/2023/12/2015-2016-Financial-Statements_Part2.pdf,OK,200,,2026-10-02,
https://www.muswellbrook.nsw.gov.au/wp-content/uploads/2023/12/2016-2017-Financial-Statements-Compressed.pdf,OK,200,,2026-10-02,
https://www.muswellbrook.nsw.gov.au/wp-content/uploads/2023/12/2017-2018-Financial-Statements-Compressed.pdf,OK,200,,2026-10-02,
https://www.muswellbrook.nsw.gov.au/wp-content/uploads/2023/12/2018-2019-Financial-Statements-Compressed.pdf,OK,200,,2026-10-02,
https://www.muswellbrook.nsw.gov.au/wp-content/uploads/2023/12/2019-2020-Financial-Statements-Compressed.pdf,OK,200,,2026-10-02,
https://www.muswellbrook.nsw.gov.au/wp-content/uploads/2023/12/2020-2021-Financial-Statements-Compressed.pdf,OK,200,,2026-10-02,
https://www.muswellbrook.nsw.gov.au/wp-content/uploads/2023/12/2021-2022-Financial-Statements-Compressed.pdf,OK,200,,2026-10-02,
https://www.muswellbrook.nsw.gov.au/wp-content/uploads/2024/04/2022-2023-Audited-Annual-Financial-Statements.pdf,OK,200,,2026-10-02,
https://www.muswellbrook.nsw.gov.au/wp-content/uploads/2024/11/2023-2024-Audited-Annual-Financial-Statements-1.pdf,OK,200,,2026-10-02,
https://www.muswellbrookchronicle.com.au/story/6545213/up-to-20-buildings-lost-in-nsw-backburning/?cs=7,OK,200,,2026-10-02,
https://www.naftemporiki.gr/english/page/300,OK,200,https://www.naftemporiki.gr/english/page/300/,2026-10-02,
https://www.nambucca.nsw.gov.au,BLOCKED,403,https://www.nambucca.nsw.gov.au/,2026-10-02,
https://www.nambucca.nsw.gov.au/Council/Compliance-Forms-Policies-Reporting/Financial-Reports,BLOCKED,403,,2026-10-02,
https://www.nambucca.nsw.gov.au/Council/Council-Business-Councillors/Business-Papers,BLOCKED,403,,2026-10-02,
https://www.nambucca.nsw.gov.au/Council/Council-meetings,BLOCKED,403,,2026-10-02,
https://www.nambucca.nsw.gov.au/News-articles/26-November-Ordinary-Meeting-of-Council,BLOCKED,403,,2026-10-02,
https://www.nambucca.nsw.gov.au/bps/Open/2017/02/CO_23022017_AGN_AT.htm,BLOCKED,403,,2026-10-02,
https://www.nambucca.nsw.gov.au/bps/Open/2018/01/CO_18012018_AGN_AT.htm,BLOCKED,403,,2026-10-02,
https://www.nambucca.nsw.gov.au/bps/Open/2020/02/CO_27022020_AGN_AT.htm,BLOCKED,403,,2026-10-02,
https://www.nambucca.nsw.gov.au/files/assets/public/finance/2019-2020-annual-report.pdf,BLOCKED,403,,2026-10-02,
https://www.nambucca.nsw.gov.au/files/assets/public/v/1/council/complianceformspolicies-amp-reporting/financial-reports/2024/audited-annual-financial-statements-2023-24.pdf,BLOCKED,403,,2026-10-02,
https://www.nambucca.nsw.gov.au/files/assets/public/v/1/residents/finance/annual-financial-statements-2017-18-nambucca-shire-council.pdf,BLOCKED,403,,2026-10-02,
https://www.nambucca.nsw.gov.au/files/assets/public/v/1/residents/finance/annual-financial-statements-2018-19-nambucca-shire-council.pdf,BLOCKED,403,,2026-10-02,
https://www.nambucca.nsw.gov.au/files/assets/public/v/1/residents/finance/nambucca-valley-council-annual-financial-statements-2019-2020.pdf,BLOCKED,403,,2026-10-02,
https://www.nambucca.nsw.gov.au/files/assets/public/v/1/residents/finance/nambucca-valley-council-financial-statements-2020-21.pdf,BLOCKED,403,,2026-10-02,
https://www.nambucca.nsw.gov.au/files/assets/public/v/1/residents/finance/nambucca-valley-council-financial-statements-2021-22.pdf,BLOCKED,403,,2026-10-02,
https://www.nambucca.nsw.gov.au/files/assets/public/v/1/residents/finance/nambucca_shire_council_-_financial_statements_-_2015-16.pdf,BLOCKED,403,,2026-10-02,
https://www.nambucca.nsw.gov.au/files/assets/public/v/1/residents/finance/nambucca_shire_council_-_financial_statements_2016-17.pdf,BLOCKED,403,,2026-10-02,
https://www.nambucca.nsw.gov.au/files/assets/public/v/2/council/complianceformspolicies-amp-reporting/financial-reports/2023/annual_financial_statements-2023-nambucca-valley-council.pdf,BLOCKED,403,,2026-10-02,
https://www.narrabri.nsw.gov.au/Your-Council/Documents-Policies/Corporate-Plans-Reports,BLOCKED,403,,2026-10-02,
https://www.narrabri.nsw.gov.au/files/assets/public/v/1/1.-your-council/public-exhibition-and-notifications/2023-2024-financial-statements-inc-iap.pdf,BLOCKED,403,,2026-10-02,
https://www.narrabri.nsw.gov.au/files/assets/public/v/1/1.-your-council/strategic-and-corporate-plans/annual-reports/annaul-report/narrabri-shire-council-annual-financial-statements-ye-1718.pdf,BLOCKED,403,,2026-10-02,
https://www.narrabri.nsw.gov.au/files/assets/public/v/1/1.-your-council/strategic-and-corporate-plans/annual-reports/annaul-report/narrabri-shire-council-financial-statements-2019-20.pdf,BLOCKED,403,,2026-10-02,
https://www.narrabri.nsw.gov.au/files/assets/public/v/1/1.-your-council/strategic-and-corporate-plans/annual-reports/annaul-report/narrabri-shire-council-financial-statements-2020-21.pdf,BLOCKED,403,,2026-10-02,
https://www.narrabri.nsw.gov.au/files/assets/public/v/1/1.-your-council/strategic-and-corporate-plans/annual-reports/annaul-report/narrabri_shire_council_financial_statements_2018_19_low.pdf,BLOCKED,403,,2026-10-02,
https://www.narrabri.nsw.gov.au/files/assets/public/v/1/1.-your-council/strategic-and-corporate-plans/annual-reports/annual-financial-statements/2015-2016-annual-financial-statements.pdf,BLOCKED,403,,2026-10-02,
https://www.narrabri.nsw.gov.au/files/assets/public/v/1/1.-your-council/strategic-and-corporate-plans/annual-reports/annual-financial-statements/2016-2017-annual-financial-statements.pdf,BLOCKED,403,,2026-10-02,
https://www.narrabri.nsw.gov.au/files/assets/public/v/1/1.-your-council/strategic-and-corporate-plans/annual-reports/annual-financial-statements/2022-2023-annual-financial-statements.pdf,BLOCKED,403,,2026-10-02,
https://www.narrabri.nsw.gov.au/files/assets/public/v/1/1.-your-council/strategic-and-corporate-plans/annual-reports/annual-financial-statements/ecm_2089471_v1_annual-financial-statements-2021-22.pdf,BLOCKED,403,,2026-10-02,
https://www.narrandera.nsw.gov.au/Council/Council-meetings/Business-papers-and-minutes,BLOCKED,403,,2026-10-02,
https://www.narrandera.nsw.gov.au/governance/council-reporting/annual-reports,BLOCKED,403,,2026-10-02,
https://www.narromine.nsw.gov.au/2018-2019%20Financial%20Statements_Redacted.pdf?downloadable=1,OK,200,,2026-10-02,
https://www.narromine.nsw.gov.au/2019-2020%20NSC%20Annual%20Report%20-%20Annexure%20One%20-%20%20Financial%20Statements_Redacted.pdf?downloadable=1,OK,200,,2026-10-02,
https://www.narromine.nsw.gov.au/2020-21%20NSC%20Annual%20Report%20-%20Annexure%20One%20-%20Financial%20Report_Redacted.pdf?downloadable=1,OK,200,,2026-10-02,
https://www.narromine.nsw.gov.au/2021-2022%20NSC%20Annual%20Report%20-%20Annexure%201%20-%20Financial%20Statements_Redacted.pdf?downloadable=1,OK,200,,2026-10-02,
https://www.narromine.nsw.gov.au/2022-2023%20NSC%20Annual%20Report%20-%20Annexure%201%20-%20Financial%20Statements_Redacted.pdf?downloadable=1,OK,200,,2026-10-02,
https://www.narromine.nsw.gov.au/2023-2024%20NSC%20Annual%20Report%20-%20Annexure%202%20-%20Financial%20Statements.pdf?downloadable=1,OK,200,,2026-10-02,
https://www.narromine.nsw.gov.au/Annexure%2BOne%2B-%2BFinancial%2BStatement%20%281%29_Redacted.pdf?downloadable=1,OK,200,,2026-10-02,
https://www.narromine.nsw.gov.au/Narromine%20Shire%20Council%20-%20Financial%20Statements%20-%202016-17b_Redacted.pdf?downloadable=1,OK,200,,2026-10-02,
https://www.narromine.nsw.gov.au/__media_downloads/annual-reports/2015-2016%20Financial%20Statements.pdf?downloadable=1,OK,200,,2026-10-02,
https://www.narromine.nsw.gov.au/council/annual-reports,OK,200,,2026-10-02,
https://www.nationalretail.org.au/retail-news-trends-insights/page/78,BROKEN,404,,2026-10-02,
https://www.nationalretail.org.au/tag/bushfires/,OK,200,,2026-10-02,
https://www.naturalhazards.com.au/crc-collection/downloads/bushfire-penetration-urban-areas.pdf,OK,200,https://naturalhazards.com.au/crc-collection/downloads/bushfire-penetration-urban-areas.pdf,2026-10-02,
https://www.naturalhazards.com.au/crc-collection/downloads/capturing_community_members_bushfire_experiences_12_january_2014_parkerville_fire_web.pdf,OK,200,https://naturalhazards.com.au/crc-collection/downloads/capturing_community_members_bushfire_experiences_12_january_2014_parkerville_fire_web.pdf,2026-10-02,
https://www.naturalhazards.com.au/crc-collection/downloads/horsey_and_penman_oct2013_fires_onlinesurveyreport_final.pdf,OK,200,https://naturalhazards.com.au/crc-collection/downloads/horsey_and_penman_oct2013_fires_onlinesurveyreport_final.pdf,2026-10-02,
https://www.naturalhazards.com.au/resources/publications/report/australian-disaster-resilience-index,OK,200,https://naturalhazards.com.au/resources/publications/report/australian-disaster-resilience-index,2026-10-02,
https://www.naturalhazards.com.au/system/files/2022-03/hazard_note_95_nsw_lessons_from_black_summer_0.pdf,OK,200,https://naturalhazards.com.au/system/files/2022-03/hazard_note_95_nsw_lessons_from_black_summer_0.pdf,2026-10-02,
https://www.naturalhazards.com.au/system/files/2022-04/blacksummer-nswcommunity2019-20_final_0_0.pdf,OK,200,https://naturalhazards.com.au/system/files/2022-04/blacksummer-nswcommunity2019-20_final_0_0.pdf,2026-10-02,
https://www.nbcsandiego.com/news/business/money-report/homeowners-insurance-premiums-vary-widely-from-state-to-state-but-they-are-all-going-up/3860490/?amp=1,OK,200,,2026-10-02,
https://www.nber.org/papers/20713,OK,200,https://www.nber.org/papers/w20713,2026-10-02,
https://www.nber.org/papers/w20713.pdf,OK,200,https://www.nber.org/system/files/working_papers/w20713/w20713.pdf,2026-10-02,
https://www.nber.org/papers/w22272,OK,200,,2026-10-02,
https://www.nber.org/system/files/working_papers/w22272/w22272.pdf,OK,200,,2026-10-02,
https://www.nbnnews.com.au/2023/10/16/firefighters-battle-blaze-near-byron-bays-iconic-coastline-for-third-day/,BLOCKED,403,,2026-10-02,
https://www.nbnnews.com.au/2024/01/10/residents-trying-to-rebuild-after-hunter-valley-bushfire/,BLOCKED,403,,2026-10-02,
https://www.ncbi.nlm.nih.gov/pmc/articles/PMC10141828/,OK,200,https://pmc.ncbi.nlm.nih.gov/articles/PMC10141828/,2026-10-02,
https://www.ncbi.nlm.nih.gov/pmc/articles/PMC10227461/,OK,200,https://pmc.ncbi.nlm.nih.gov/articles/PMC10227461/,2026-10-02,
https://www.ncbi.nlm.nih.gov/pmc/articles/PMC11185912/,OK,200,https://pmc.ncbi.nlm.nih.gov/articles/PMC11185912/,2026-10-02,
https://www.ncbi.nlm.nih.gov/pmc/articles/PMC11718492/,OK,200,https://pmc.ncbi.nlm.nih.gov/articles/PMC11718492/,2026-10-02,
https://www.ncbi.nlm.nih.gov/pmc/articles/PMC12066517/,OK,200,https://pmc.ncbi.nlm.nih.gov/articles/PMC12066517/,2026-10-02,
https://www.ncbi.nlm.nih.gov/pmc/articles/PMC3818325/,OK,200,https://pmc.ncbi.nlm.nih.gov/articles/PMC3818325/,2026-10-02,
https://www.ncbi.nlm.nih.gov/pmc/articles/PMC9546107/,OK,200,https://pmc.ncbi.nlm.nih.gov/articles/PMC9546107/,2026-10-02,
https://www.ncs.co/en-au/insights/helping-australian-tourism-bounce-back/,BLOCKED,403,,2026-10-02,
https://www.nema.gov.au/get-support/2019-20-bushfires-support,BROKEN,404,,2026-10-02,
https://www.nema.gov.au/our-work/disaster-recovery/2019-20-black-summer-bushfires,OK,200,,2026-10-02,
https://www.nema.gov.au/sites/default/files/2024-09/National%20Recovery%20and%20Resilience%20Agency%20Annual%20Report%202021%20-%2022.pdf,OK,200,,2026-10-02,
https://www.niba.com.au/news/accc-releases-final-report-under-northern-australia-insurance-inquiry,BROKEN,404,https://niba.com.au/news/accc-releases-final-report-under-northern-australia-insurance-inquiry,2026-10-02,
https://www.niba.com.au/news/disaster-assistance-extends-further-lgas-across-new-south-wales,BROKEN,404,https://niba.com.au/news/disaster-assistance-extends-further-lgas-across-new-south-wales,2026-10-02,
https://www.nillumbik.vic.gov.au/files/assets/public/living-in/fire-and-other-emergencies/council-role/nillumbik-shire-council-municipal-fire-management-plan-2020-2023.pdf,BLOCKED,403,,2026-10-02,
https://www.nillumbik.vic.gov.au/files/assets/public/v/1/council/news-and-publications/strategies-policies-plans/health-and-wellbeing-plan-2013.pdf,BLOCKED,403,,2026-10-02,
https://www.northernbeaches.nsw.gov.au/council/publications/annual-report,OK,200,,2026-10-02,
https://www.northernbeaches.nsw.gov.au/council/publications/annual-reports/2016-2017,OK,200,,2026-10-02,
https://www.northernbeaches.nsw.gov.au/council/publications/annual-reports/2017-2018,OK,200,,2026-10-02,
https://www.northernbeaches.nsw.gov.au/council/publications/annual-reports/2018-2019,OK,200,,2026-10-02,
https://www.northernbeaches.nsw.gov.au/council/publications/annual-reports/2019-2020,OK,200,,2026-10-02,
https://www.northernbeaches.nsw.gov.au/council/publications/annual-reports/2020-2021,OK,200,,2026-10-02,
https://www.northernbeaches.nsw.gov.au/council/publications/annual-reports/annual-report-2021-22,OK,200,,2026-10-02,
https://www.northernbeaches.nsw.gov.au/council/publications/annual-reports/annual-report-2022-23-0,OK,200,,2026-10-02,
https://www.northernbeaches.nsw.gov.au/council/publications/annual-reports/annual-report-2023-24,OK,200,,2026-10-02,
https://www.northerndailyleader.com.au/story/6627317/bushfire-damage-survey-to-map-out-true-scale-of-disaster-on-farms,OK,200,https://www.northerndailyleader.com.au/story/6627317/bushfire-damage-survey-to-map-out-true-scale-of-disaster-on-farms/,2026-10-02,
https://www.northerndailyleader.com.au/story/8070676/barilaros-office-denied-bushfire-funds-in-opposition-seats/,OK,200,,2026-10-02,
https://www.northsydney.nsw.gov.au/directory-record/2941/financial-statements,OK,200,,2026-10-02,
https://www.northsydney.nsw.gov.au/downloads/download/265/financial-statements,OK,200,,2026-10-02,
https://www.northsydney.nsw.gov.au/downloads/file/2064/financial-statements-2021-2022,OK,200,,2026-10-02,
https://www.northsydney.nsw.gov.au/downloads/file/2947/financial-statements-2022-2023,OK,200,,2026-10-02,
https://www.northsydney.nsw.gov.au/downloads/file/3864/financial-statements-2023-2024,OK,200,,2026-10-02,
https://www.northsydney.nsw.gov.au/downloads/file/483/financial-statement-2020-2021,OK,200,,2026-10-02,
https://www.northsydney.nsw.gov.au/downloads/file/484/financial-statement-2019-2020,OK,200,,2026-10-02,
https://www.northsydney.nsw.gov.au/downloads/file/485/financial-statement-2018-2019,OK,200,,2026-10-02,
https://www.northsydney.nsw.gov.au/downloads/file/486/financial-statement-2017-2018,OK,200,,2026-10-02,
https://www.northsydney.nsw.gov.au/downloads/file/487/financial-statement-2016-2017,OK,200,,2026-10-02,
https://www.northsydney.nsw.gov.au/downloads/file/488/financial-statement-2015-2016,OK,200,,2026-10-02,
https://www.npr.org/2020/07/13/890558036/how-wildfires-have-triggered-a-spike-in-domestic-violence-in-australia,OK,200,,2026-10-02,
https://www.nsw.gov.au/departments-and-agencies/nsw-reconstruction-authority/about-us/recovery/disaster-recovery-support/midcoast-nsw-bushfires-from-17-november-2025,OK,200,,2026-10-02,
https://www.nsw.gov.au/departments-and-agencies/nsw-reconstruction-authority/about-us/recovery/natural-disaster-declarations/fy-2018-19,OK,200,,2026-10-02,
https://www.nsw.gov.au/departments-and-agencies/nsw-reconstruction-authority/about-us/recovery/natural-disaster-declarations/fy-2019-20,OK,200,,2026-10-02,
https://www.nsw.gov.au/departments-and-agencies/nsw-reconstruction-authority/about-us/recovery/natural-disaster-declarations/fy-2020-21,OK,200,,2026-10-02,
https://www.nsw.gov.au/departments-and-agencies/nsw-reconstruction-authority/about-us/recovery/natural-disaster-declarations/fy-2021-22,OK,200,,2026-10-02,
https://www.nsw.gov.au/departments-and-agencies/nsw-reconstruction-authority/about-us/recovery/natural-disaster-declarations/fy-2022-23,OK,200,,2026-10-02,
https://www.nsw.gov.au/departments-and-agencies/nsw-reconstruction-authority/about-us/recovery/natural-disaster-declarations/fy-2023-24,OK,200,,2026-10-02,
https://www.nsw.gov.au/departments-and-agencies/nsw-reconstruction-authority/about-us/recovery/natural-disaster-declarations/fy-2024-25,OK,200,,2026-10-02,
https://www.nsw.gov.au/departments-and-agencies/nsw-reconstruction-authority/about-us/recovery/natural-disaster-declarations/fy-2025-26,OK,200,,2026-10-02,
https://www.nsw.gov.au/departments-and-agencies/nsw-reconstruction-authority/about-us/recovery/natural-disaster-declarations/fy-2026-27,OK,200,,2026-10-02,
https://www.nsw.gov.au/departments-and-agencies/nsw-reconstruction-authority/media-releases,OK,200,https://www.nsw.gov.au/departments-and-agencies/nsw-reconstruction-authority/about-us/media-releases,2026-10-02,
https://www.nsw.gov.au/departments-and-agencies/nsw-reconstruction-authority/media-releases/disaster-support-extended-to-armidale-muswellbrook-walcha,OK,200,,2026-10-02,
https://www.nsw.gov.au/departments-and-agencies/nsw-reconstruction-authority/our-work/disaster-adaptation-plans/guidelines/state-disaster-mitigation-plan,OK,200,https://www.nsw.gov.au/departments-and-agencies/nsw-reconstruction-authority/reducing-risk-adaptation-and-mitigation/state-disaster-mitigation-plan,2026-10-02,
https://www.nsw.gov.au/departments-and-agencies/nsw-reconstruction-authority/our-work/northern-rivers,OK,200,https://www.nsw.gov.au/departments-and-agencies/nsw-reconstruction-authority/northern-region/northern-rivers,2026-10-02,
https://www.nsw.gov.au/departments-and-agencies/nsw-reconstruction-authority/publications-and-reports/overarching-bushfire-evaluation-summary-report,OK,200,https://www.nsw.gov.au/departments-and-agencies/nsw-reconstruction-authority/about-us/research-review-and-evaluations-library/overarching-bushfire-evaluation-summary-report,2026-10-02,
https://www.nsw.gov.au/departments-and-agencies/premiers-department/access-to-information/nsw-bushfire-inquiry,OK,200,,2026-10-02,
https://www.nsw.gov.au/departments-and-agencies/premiers-department/access-to-information/nsw-bushfire-inquiry/nsw-bushfire-inquiry-report,OK,200,,2026-10-02,
https://www.nsw.gov.au/departments-and-agencies/reconstruction-authority,BROKEN,404,,2026-10-02,
https://www.nsw.gov.au/emergency/bushfire/fire-recovery-updates/bushfire-grants-payments-and-financial-support,BLOCKED,403,,2026-10-02,
https://www.nsw.gov.au/emergency/recovery/natural-disaster-declarations/fy-2024-25/hilltops-severe-weather-from-10-february-2025,OK,200,https://www.nsw.gov.au/departments-and-agencies/nsw-reconstruction-authority/about-us/recovery/natural-disaster-declarations/fy-2024-25/hilltops-severe-weather-from-10-february-2025,2026-10-02,
https://www.nsw.gov.au/grants-and-funding/bushfire-community-recovery-and-resilience-fund,OK,200,,2026-10-02,
https://www.nsw.gov.au/grants-and-funding/bushfire-community-recovery-and-resilience-program,OK,200,,2026-10-02,
https://www.nsw.gov.au/grants-and-funding/special-disaster-flooding-feb-22/recipients,OK,200,,2026-10-02,
https://www.nsw.gov.au/grants-and-funding/special-disaster-flooding-jun-22/recipients,OK,200,,2026-10-02,
https://www.nsw.gov.au/grants-and-funding/special-disaster-grant-aug-sept-2022/recipients,OK,200,,2026-10-02,
https://www.nsw.gov.au/housing-and-construction,OK,200,,2026-10-02,
https://www.nsw.gov.au/housing-and-construction/land-values-nsw/how-to-find-property-sales-information,OK,200,,2026-10-02,
https://www.nsw.gov.au/housing-and-construction/land-values-nsw/resource-library/report-on-nsw-land-values-at-1-july-2024,OK,200,,2026-10-02,
https://www.nsw.gov.au/housing-and-construction/rental-forms-surveys-and-data/rental-bond-data,OK,200,,2026-10-02,
https://www.nsw.gov.au/ministerial-releases/natural-disaster-declaration-for-lake-macquarie-lga-following-bushfires,OK,200,,2026-10-02,
https://www.nsw.gov.au/ministerial-releases/natural-disaster-declarations-made-for-six-lgas-following-nsw-bushfires,OK,200,,2026-10-02,
https://www.nsw.gov.au/regional-nsw/regional-economic-development-strategies,OK,200,https://www.nsw.gov.au/regional-and-primary-industries/regional-economic-development-strategies,2026-10-02,
https://www.nsw.gov.au/regional-recovery-programs/bushfire-recovery,OK,200,https://www.nsw.gov.au/grants-and-funding/recovery-from-2019/20-bushfires,2026-10-02,
https://www.nsw.gov.au/sites/default/files/,BROKEN,404,,2026-10-02,
https://www.nsw.gov.au/sites/default/files/2020-05/Clarence%20Valley%20REDS%20fire%20impact%20addendum.pdf,OK,200,,2026-10-02,
https://www.nsw.gov.au/sites/default/files/2020-05/MidCoast%C2%A0REDS%20fire%20impact%20addendum%C2%A0.pdf,OK,200,,2026-10-02,
https://www.nsw.gov.au/sites/default/files/2020-05/Nambucca%20REDS%20fire%20impact%20addendum%C2%A0%C2%A0.pdf,OK,200,,2026-10-02,
https://www.nsw.gov.au/sites/default/files/2022-03/NSW-Bushfire-Inquiry-October-December-2021.PDF,OK,200,,2026-10-02,
https://www.nsw.gov.au/sites/default/files/2022-09/NSW%20Bushfire%20Inquiry%202020%20Progress%20Report%20-%20Q2%20Apr-Jun%202022.PDF,OK,200,,2026-10-02,
https://www.nsw.gov.au/sites/default/files/noindex/2023-06/Final-Report-of-the-NSW-Bushfire-Inquiry.pdf,OK,200,,2026-10-02,
https://www.nsw.gov.au:443/sites/default/files/2020-05/Abercrombie%20REDS%20fire%20impact%20addendum%C2%A0.pdf,OK,200,,2026-10-02,
https://www.nsw.gov.au:443/sites/default/files/2020-05/Lithgow%20REDS%20fire%20impact%20addendum%C2%A0.pdf,OK,200,,2026-10-02,
https://www.nsw.gov.au:443/sites/default/files/2020-05/Southern%20Tablelands%20REDS%20fire%20impact%20addendum%C2%A0.pdf,OK,200,,2026-10-02,
https://www.nswnationals.org.au/?p=27390,OK,200,https://www.nswnationals.org.au/black-summer-bushfire-recovery-grants-extended/,2026-10-02,
https://www.nswnationals.org.au/bushfire-cleanup-meets-initial-target-as-rebuild-begins/,OK,200,,2026-10-02,
https://www.nswnationals.org.au/news/page/155/?start=25,OK,200,,2026-10-02,
https://www.oberon.nsw.gov.au/Council/Council-Meetings,BLOCKED,403,,2026-10-02,
https://www.oberon.nsw.gov.au/Council/Strategies-policies-and-publications/Community-reports,BLOCKED,403,,2026-10-02,
https://www.oberon.nsw.gov.au/files/assets/public/council-meetings/200317-agenda-and-business-papers-17-march-2020-ordinary-meeting.pdf,BLOCKED,403,,2026-10-02,
https://www.oberon.nsw.gov.au/files/assets/public/council-meetings/200519-agenda-and-business-papers-19-may-2020-ordinary-meeting.pdf,BLOCKED,403,,2026-10-02,
https://www.oberon.nsw.gov.au/files/assets/public/council-meetings/200616-agenda-and-business-papers-16-june-2020-ordinary-meeting.pdf,BLOCKED,403,,2026-10-02,
https://www.oberon.nsw.gov.au/files/assets/public/council-meetings/210216-agenda-and-business-papers-16-february-2021-ordinary-meeting.pdf,BLOCKED,403,,2026-10-02,
https://www.oberon.nsw.gov.au/files/assets/public/council-meetings/210518-agenda-and-business-papers-18-may-2021-ordinary-meeting.pdf,BLOCKED,403,,2026-10-02,
https://www.oberon.nsw.gov.au/files/assets/public/council-meetings/211116-agenda-and-business-papers-16-november-2021-ordinary-meeting.pdf,BLOCKED,403,,2026-10-02,
https://www.oberon.nsw.gov.au/files/assets/public/council-meetings/220215-agenda-and-business-papers-15-february-2022-ordinary-meeting.pdf,BLOCKED,403,,2026-10-02,
https://www.oberon.nsw.gov.au/files/assets/public/v/1/council-meetings/2019-2022/201117-agenda-and-business-papers-17-november-2020-ordinary-meeting.pdf,BLOCKED,403,,2026-10-02,
https://www.oberon.nsw.gov.au/files/assets/public/v/1/council-meetings/2019-2022/201117-attachments-report-item-13.03-2019-20-annual-report.pdf,BLOCKED,403,,2026-10-02,
https://www.oberon.nsw.gov.au/files/assets/public/v/1/council-meetings/2019-2022/220517-agenda-and-business-papers-17-may-2022-ordinary-meeting_0.pdf,BLOCKED,403,,2026-10-02,
https://www.oberon.nsw.gov.au/files/assets/public/v/1/public-exhibition/audited-financial-statements-oberon-council-final-2021-22fy.pdf,BLOCKED,403,,2026-10-02,
https://www.oberon.nsw.gov.au/files/assets/public/v/2/council/ipampr/20182019/2018-2019-annual-report.pdf,BLOCKED,403,,2026-10-02,
https://www.odt.co.nz/news/australia/heat-spike-sparks-fire-bans-shuts-schools-in-nsw-wurrddkw,OK,200,,2026-10-02,
https://www.olg.nsw.gov.au/public/about-councils/comparative-council-information/your-council-report/,OK,200,https://www.olg.nsw.gov.au/public/your-council-data-and-reports,2026-10-02,
https://www.olg.nsw.gov.au/public/your-council-data-and-reports,OK,200,,2026-10-02,
https://www.olg.nsw.gov.au/sites/default/files/2026-02/comparative-information-on-nsw-local-government-1994-2011-time-series-data.xls,OK,200,,2026-10-02,
https://www.olg.nsw.gov.au/sites/default/files/2026-02/local-government-code-of-accounting-practice-and-financial-reporting-section-4-special-schedules.pdf,OK,200,,2026-10-02,
https://www.olg.nsw.gov.au/sites/default/files/2026-02/time-series-data-1994-2015.xls,OK,200,,2026-10-02,
https://www.olg.nsw.gov.au/sites/default/files/2026-02/time-series-data-2011-12-2013-14.xlsx,OK,200,,2026-10-02,
https://www.olg.nsw.gov.au/sites/default/files/2026-02/time-series-data-2014-15_1.xls,OK,200,,2026-10-02,
https://www.olg.nsw.gov.au/sites/default/files/2026-02/time-series-data-2015-16.xls,OK,200,,2026-10-02,
https://www.olg.nsw.gov.au/sites/default/files/2026-02/time-series-data-2016-17.xls,OK,200,,2026-10-02,
https://www.olg.nsw.gov.au/sites/default/files/2026-02/time-series-data-2017-2018.xls,OK,200,,2026-10-02,
https://www.olg.nsw.gov.au/sites/default/files/2026-02/time-series-data-2018-2019.xlsx,OK,200,,2026-10-02,
https://www.olg.nsw.gov.au/sites/default/files/2026-02/time-series-data-2019-2020.xlsx,OK,200,,2026-10-02,
https://www.olg.nsw.gov.au/sites/default/files/2026-02/time-series-data-2020-2021.xlsx,OK,200,,2026-10-02,
https://www.olg.nsw.gov.au/sites/default/files/2026-02/time-series-data-2021-22.xlsx,OK,200,,2026-10-02,
https://www.olg.nsw.gov.au/sites/default/files/2026-02/time-series-data-2022-23.xlsx,OK,200,,2026-10-02,
https://www.olg.nsw.gov.au/sites/default/files/2026-02/time-series-data-2023-24.xlsx,OK,200,,2026-10-02,
https://www.olg.nsw.gov.au/sites/default/files/2026-02/your-council-june-2015-profile-and-performance-of-the-nsw-local-government-sector.pdf,OK,200,,2026-10-02,
https://www.olg.nsw.gov.au/sites/default/files/2026-05/time-series-data-2024-2025.xlsx,OK,200,,2026-10-02,
https://www.olg.nsw.gov.au/wp-content/uploads/2020/05/COVID-19-Office-of-Local-Government-Newsletter,OK,200,https://www.olg.nsw.gov.au/,2026-10-02,
https://www.olg.nsw.gov.au/wp-content/uploads/2020/06/MMR-Rate-relief-extended-for-bushfire-victims-22062020.pdf,OK,200,https://www.olg.nsw.gov.au/,2026-10-02,
https://www.olg.nsw.gov.au/wp-content/uploads/MMR-09012020-Fire-affected-Councils-to-receive-immediate-funding.pdf,OK,200,https://www.olg.nsw.gov.au/,2026-10-02,
https://www.openicpsr.org/openicpsr/project/116342/version/V1/view,BLOCKED,403,,2026-10-02,
https://www.opennetzero.org/regional-data-hub/rdh-buildingapprovals,OK,200,,2026-10-02,
https://www.opennetzero.org/regional-data-hub/rdh-household-income-and-labour-dynamics-in-australia-hilda-survey,OK,200,,2026-10-02,
https://www.opennetzero.org/regional-data-hub/rdh-medicare-subsidised-mental-health-specific-services,OK,200,,2026-10-02,
https://www.orange.nsw.gov.au/plans-and-policies/annual-report/,OK,200,,2026-10-02,
https://www.orange.nsw.gov.au/wp-content/uploads/2017/12/Annual-Report-2015-16.pdf,OK,200,,2026-10-02,
https://www.orange.nsw.gov.au/wp-content/uploads/2018/07/Annual-Report.pdf,OK,200,,2026-10-02,
https://www.orange.nsw.gov.au/wp-content/uploads/2019/12/CCR_0000_OrangeCityCouncil_AnnualReport_2018-19_3-12-19_LOWRES.pdf,OK,200,,2026-10-02,
https://www.orange.nsw.gov.au/wp-content/uploads/2020/12/OCC_OrangeCityCouncil_AnnualReport_2019-20_lowres.pdf,OK,200,,2026-10-02,
https://www.orange.nsw.gov.au/wp-content/uploads/2021/06/D18-66029-Annual-Report-2017-2018-Orange-City-Council.pdf,OK,200,,2026-10-02,
https://www.orange.nsw.gov.au/wp-content/uploads/2021/11/OCC_AnnualReport_2020-21_with_TIR_Financials_v2_reduced.pdf,OK,200,,2026-10-02,
https://www.orange.nsw.gov.au/wp-content/uploads/2022/11/COM_OCC_AnnualReport_2021_22.pdf,OK,200,,2026-10-02,
https://www.orange.nsw.gov.au/wp-content/uploads/2024/04/OCC_ANNUALREPORT_2022-23.pdf,OK,200,,2026-10-02,
https://www.orange.nsw.gov.au/wp-content/uploads/2025/02/Annual_Financial_Statements-2024-FINAL.pdf,OK,200,,2026-10-02,
https://www.parkes.nsw.gov.au/Council/Strategies-policies-and-publications/Community-reports,BLOCKED,403,,2026-10-02,
https://www.parkes.nsw.gov.au/files/assets/public/council/community-reports/audited-financial-statements/30-june-2018/audited-financial-statements-year-ended-30-june-2018.pdf,BLOCKED,403,,2026-10-02,
https://www.parkes.nsw.gov.au/files/assets/public/council/community-reports/audited-financial-statements/30-june-2019/audited-financial-statements-year-ended-30-june-2019.pdf,BLOCKED,403,,2026-10-02,
https://www.parkes.nsw.gov.au/files/assets/public/council/community-reports/audited-financial-statements/30-june-2021/audited-financial-statements-year-ended-30-june-2021.pdf,BLOCKED,403,,2026-10-02,
https://www.parkes.nsw.gov.au/files/assets/public/council/community-reports/audited-financial-statements/30-june-2022/audited-financial-statements-year-ended-30-june-2022.pdf,BLOCKED,403,,2026-10-02,
https://www.parkes.nsw.gov.au/files/assets/public/v/1/council/your-say/psc-annual-financial-statements-30-june-2023.pdf,BLOCKED,403,,2026-10-02,
https://www.parliament.nsw.gov.au/ladocs/other/19714/Meeting%20Papers%20-%20Meeting%206%20-%205%20June%202024.pdf,BLOCKED,403,,2026-10-02,
https://www.parliament.nsw.gov.au/ladocs/submissions/85757/Submission%2052%20-%20icare.pdf,BLOCKED,403,,2026-10-02,
https://www.parliament.nsw.gov.au/ladocs/submissions/86324/Submission%2078%20-%20Fire%20Brigade%20Employees%27%20Union.pdf,BLOCKED,403,,2026-10-02,
https://www.parliament.nsw.gov.au/ladocs/submissions/86460/Submission%2041%20-%20Ms%20Victoria%20Pitel.pdf,BLOCKED,403,,2026-10-02,
https://www.parliament.nsw.gov.au/lcdocs/other/13465/Stephen%20OMalley.pdf,BLOCKED,403,,2026-10-02,
https://www.parliament.nsw.gov.au/lcdocs/other/15498/Tabled%20document%20-%20Bushfire%20recovery%20support%20package%20-%20Mr%20Chris%20Hanger%20-%20Tabled%2026%20April%202026.pdf,BLOCKED,403,,2026-10-02,
https://www.parliament.nsw.gov.au/lcdocs/submissions/35472/0038%20Mr%20Rod%20Young.pdf,BLOCKED,403,,2026-10-02,
https://www.parliament.nsw.gov.au/lcdocs/submissions/70666/0109%20Queanbeyan-Palerang%20Regional%20Council.pdf,BLOCKED,403,,2026-10-02,
https://www.parliament.nsw.gov.au/parliamentary-business/committees/inquiry-details?committeeInquiryId=3040,BLOCKED,403,,2026-10-02,
https://www.parliament.nsw.gov.au/parliamentary-business/research-and-library/research-publications-data/mobile-socioeconomic-disadvantage,BLOCKED,403,,2026-10-02,
https://www.parliament.nsw.gov.au/parliamentary-business/research-and-library/research-publications-data/socioeconomic-disadvantage,BLOCKED,403,,2026-10-02,
https://www.parliament.nsw.gov.au/tp/files/72400/NSW%20Rural%20Assistance%20Authority%20Annual%20Report.PDF,BLOCKED,403,,2026-10-02,
https://www.parliament.nsw.gov.au/tp/files/79766/NSW%20Bushfire%20Inquiry%20Report%202020%20Progress%20Report%20-%20Q1%20January-March%202021.pdf,BLOCKED,403,,2026-10-02,
https://www.parliament.qld.gov.au/Work-of-the-Assembly/Tabled-Papers/docs/5620t302/5620t302.pdf,OK,200,,2026-10-02,
https://www.paulfletcher.com.au/media-releases/media-release-acma-report-highlights-ways-to-improve-telecommunications-network,OK,200,,2026-10-02,
https://www.paulfletcher.com.au/print/op-ed-key-lessons-from-bushfire-failures,OK,200,,2026-10-02,
https://www.paulfletcher.com.au/sites/default/files/attachments/200501_Media%20Release%20-%20Fletcher%20-%20ACMA%20report%20highlights%20ways%20to%20improve%20telecommunications%20network%20resilience%20during%20bushfires.pdf,OK,200,,2026-10-02,
https://www.pc.gov.au/inquiries/completed/disaster-funding/report,OK,200,https://www.pc.gov.au/inquiries-and-research/disaster-funding/report/,2026-10-02,
https://www.penrithcity.nsw.gov.au/about-council/council-documents/annual-report,BROKEN,404,,2026-10-02,
https://www.penrithcity.nsw.gov.au/council/council-business/business-papers,OK,200,,2026-10-02,
https://www.penrithcity.nsw.gov.au/council/council-business/council-meetings,OK,200,,2026-10-02,
https://www.penrithcity.nsw.gov.au/downloads/36-resources-documents/37-documents,OK,200,,2026-10-02,
https://www.penrithcity.nsw.gov.au/images/documents/2021_financial_statements_final.pdf,OK,200,,2026-10-02,
https://www.penrithcity.nsw.gov.au/images/documents/building-development/development/penrith_city_council_-_financial_statements_-_2022-23.pdf,OK,200,,2026-10-02,
https://www.penrithcity.nsw.gov.au/images/documents/resources-documents/documents/Financial_Statements_2016.pdf,OK,200,,2026-10-02,
https://www.penrithcity.nsw.gov.au/images/documents/resources-documents/documents/Financial_Statements_2017.pdf,OK,200,,2026-10-02,
https://www.penrithcity.nsw.gov.au/images/documents/resources-documents/documents/Financial_Statements_2018.pdf,OK,200,,2026-10-02,
https://www.penrithcity.nsw.gov.au/images/documents/resources-documents/documents/financial_statements_2021-22.pdf,OK,200,,2026-10-02,
https://www.penrithcity.nsw.gov.au/images/financial_statements_penrith_council_final_version.pdf,OK,200,,2026-10-02,
https://www.penrithcity.nsw.gov.au/images/penrith_city_council_-_financial_statements_2019-20_final_v2.pdf,OK,200,,2026-10-02,
https://www.pew.org/ar/about/news-room/opinion/2016/11/22/we-dont-know-how-much-we-spend-on-disasters-and-that-needs-to-change,OK,200,,2026-10-02,
https://www.pew.org/en/about/news-room/opinion/2016/11/22/we-dont-know-how-much-we-spend-on-disasters-and-that-needs-to-change,OK,200,,2026-10-02,
https://www.pew.org/es/about/news-room/opinion/2016/11/22/we-dont-know-how-much-we-spend-on-disasters-and-that-needs-to-change,OK,200,,2026-10-02,
https://www.pew.org/fr/about/news-room/opinion/2016/11/22/we-dont-know-how-much-we-spend-on-disasters-and-that-needs-to-change,OK,200,,2026-10-02,
https://www.pew.org/nb/about/news-room/opinion/2016/11/22/we-dont-know-how-much-we-spend-on-disasters-and-that-needs-to-change,OK,200,,2026-10-02,
https://www.pew.org/ru/about/news-room/opinion/2016/11/22/we-dont-know-how-much-we-spend-on-disasters-and-that-needs-to-change,OK,200,,2026-10-02,
https://www.pew.org/zh/about/news-room/opinion/2016/11/22/we-dont-know-how-much-we-spend-on-disasters-and-that-needs-to-change,OK,200,,2026-10-02,
https://www.philadelphiafed.org/-/media/FRBP/Assets/working-papers/2025/wp25-09.pdf,OK,200,,2026-10-02,
https://www.planningportal.nsw.gov.au/opendata,OK,200,https://www.planningportal.nsw.gov.au/opendata/dataset/,2026-10-02,
https://www.pmhc.nsw.gov.au/Your-Council/Council-meetings/Agendas-minutes-and-online-meetings,BLOCKED,403,,2026-10-02,
https://www.pmhc.nsw.gov.au/Your-Council/Council-reports/Annual-reports-and-statements,BLOCKED,403,,2026-10-02,
https://www.pmhc.nsw.gov.au/files/assets/public/document-files/your-council/annualreports/2019-2020-annual-report-part-a-community-report-card-final.pdf,BLOCKED,403,,2026-10-02,
https://www.pmhc.nsw.gov.au/files/assets/public/v/1/document-files/your-council/election/annualreports/2021-2022-annual-report-part-c-financial-statements.pdf,BLOCKED,403,,2026-10-02,
https://www.pmhc.nsw.gov.au/files/assets/public/v/1/document-files/your-council/election/annualreports/report-pmhc-annual-financial-statements-2022-2023.pdf,BLOCKED,403,,2026-10-02,
https://www.portmacquarieinfo.com.au/research-links,OK,200,,2026-10-02,
https://www.portnews.com.au/story/8354762/,OK,200,https://www.portnews.com.au/story/8354762/fire-danger-escalates-schools-closed-as-temperatures-soar/,2026-10-02,
https://www.portnews.com.au/story/8354762/fire-danger-escalates-schools-closed-as-temperatures-soar/,OK,200,,2026-10-02,
https://www.portnews.com.au/story/8570136/,OK,200,https://www.portnews.com.au/story/8570136/coroner-heeds-lessons-from-deadly-black-summer-infernos/,2026-10-02,
https://www.portstephens.nsw.gov.au/,BLOCKED,403,,2026-10-02,
https://www.portstephens.nsw.gov.au/__data/assets/pdf_file/0006/157362/AnnualReport_Volume2_FinancialStatement_2025.pdf,BLOCKED,403,,2026-10-02,
https://www.portstephens.nsw.gov.au/council/council-meetings,BLOCKED,403,,2026-10-02,
https://www.portstephens.nsw.gov.au/council/council-meetings/meeting-agendas-and-minutes,BLOCKED,403,,2026-10-02,
https://www.portstephens.nsw.gov.au/council/plans-and-reporting/annual-report,BLOCKED,403,,2026-10-02,
https://www.prd.com.au/documents/1880/PRD_Research_Report_-_Australia_Bushfires_-_The_Real_Estate_Perspective.pdf,OK,200,,2026-10-02,
https://www.premier.vic.gov.au/additional-disaster-assistance-victorian-bushfires,OK,200,,2026-10-02,
https://www.premier.vic.gov.au/disaster-assistance-bushfire-affected-communities-victoria,OK,200,,2026-10-02,
https://www.pressreader.com/australia/the-chronicle-8992/20191230/281814285780322,OK,200,,2026-10-02,
https://www.pressreader.com/new-zealand/marlborough-express/20191230/281659666957639,OK,200,,2026-10-02,
https://www.preventionweb.net//node/68655,OK,200,https://www.preventionweb.net/publication/documents-and-publications/fire-farm-assessing-impacts-2019-2020-bushfires-food-and,2026-10-02,
https://www.preventionweb.net//node/74439,OK,200,https://www.preventionweb.net/news/wildfire-smoke-exposure-hurts-learning-outcomes,2026-10-02,
https://www.preventionweb.net/es/node/74439,OK,200,,2026-10-02,
https://www.preventionweb.net/es/node/97037,OK,200,,2026-10-02,
https://www.preventionweb.net/files/73128_bsbfinalreport0.8v21.pdf,OK,200,,2026-10-02,
https://www.preventionweb.net/go/48065,OK,200,https://www.preventionweb.net/news/natural-disasters-cost-australia-33-billion-year-2050,2026-10-02,
https://www.preventionweb.net/go/70148,OK,200,https://www.preventionweb.net/news/survey-reveals-bushfires-cost-18-million-work-days-leave-5-million-sick-smoke,2026-10-02,
https://www.preventionweb.net/go/75590,OK,200,https://www.preventionweb.net/publication/black-saturday-bushfires-counting-cost,2026-10-02,
https://www.preventionweb.net/news/black-summer-bushfire-season-cost-farmers-5-billion,OK,200,,2026-10-02,
https://www.preventionweb.net/news/domestic-violence-increase-during-disasters,OK,200,,2026-10-02,
https://www.preventionweb.net/news/new-research-shows-black-summers-megafires-left-lasting-scars-far-beyond-property-damage,OK,200,,2026-10-02,
https://www.preventionweb.net/news/wildfire-smoke-exposure-hurts-learning-outcomes,OK,200,,2026-10-02,
https://www.preventionweb.net/publication/royal-commission-national-natural-disaster-arrangements-report,OK,200,,2026-10-02,
https://www.preventionweb.net/publication/why-insurance-matters-insights-research-post-disaster,OK,200,,2026-10-02,
https://www.preventionweb.net/publications/view/76916,OK,200,https://www.preventionweb.net/publication/10-years-beyond-bushfires,2026-10-02,
https://www.preventionweb.net/quick/102457,OK,200,https://www.preventionweb.net/publication/documents-and-publications/assessing-impact-wildfires-swedish-housing-market-case-study,2026-10-02,
https://www.preventionweb.net/quick/17915,OK,200,https://www.preventionweb.net/news/northern-australian-communities-need-more-affordable-insurance,2026-10-02,
https://www.preventionweb.net/quick/19872,OK,200,https://www.preventionweb.net/news/survey-reveals-bushfires-cost-18-million-work-days-leave-5-million-sick-smoke,2026-10-02,
https://www.preventionweb.net/quick/27421,OK,200,https://www.preventionweb.net/news/natural-disasters-cost-australia-33-billion-year-2050,2026-10-02,
https://www.preventionweb.net/quick/29064,OK,200,https://www.preventionweb.net/news/properties-under-fire-why-so-many-australians-are-inadequately-insured-against-disaster,2026-10-02,
https://www.preventionweb.net/quick/50554,OK,200,https://www.preventionweb.net/publication/effects-black-saturday-bushfires-individual-income,2026-10-02,
https://www.preventionweb.net/quick/51055,OK,200,https://www.preventionweb.net/publication/documents-and-publications/unequal-burden-disasters-australia,2026-10-02,
https://www.preventionweb.net/quick/51056,OK,200,https://www.preventionweb.net/publication/why-insurance-matters-insights-research-post-disaster,2026-10-02,
https://www.preventionweb.net/quick/51360,OK,200,https://www.preventionweb.net/publication/black-saturday-bushfires-counting-cost,2026-10-02,
https://www.preventionweb.net/quick/51372,OK,200,https://www.preventionweb.net/publication/economic-recovery-after-disaster-strikes-volume-two-when-communities-face-flood-fire,2026-10-02,
https://www.preventionweb.net/quick/51763,OK,200,https://www.preventionweb.net/publication/10-years-beyond-bushfires,2026-10-02,
https://www.preventionweb.net/quick/70316,OK,200,https://www.preventionweb.net/news/domestic-violence-increase-during-disasters,2026-10-02,
https://www.preventionweb.net/quick/70674,OK,200,https://www.preventionweb.net/news/after-wildfires-california-communities-struggle-budgets,2026-10-02,
https://www.preventionweb.net/quick/92037,OK,200,https://www.preventionweb.net/news/study-reveals-widespread-underinsurance-among-homeowners-exposing-risk-wake-devastating,2026-10-02,
https://www.preventionweb.net/quick/92341,OK,200,https://www.preventionweb.net/news/mauis-post-wildfire-housing-crisis-offers-warning-los-angeles,2026-10-02,
https://www.propertycouncil.com.au/?p=207583,BLOCKED,403,,2026-10-02,
https://www.publicworks.nsw.gov.au/projects/hunter-new-england/koorangang-island-fire,BLOCKED,403,,2026-10-02,
https://www.pubmed.ncbi.nlm.nih.gov/34017813/,BLOCKED,403,,2026-10-02,
https://www.pureprofile.com/wp-content/uploads/2020/02/NSWBC-Tourism-Bushfires.pdf,OK,200,http://pureprofile.com/wp-content/uploads/2020/02/NSWBC-Tourism-Bushfires.pdf,2026-10-02,
https://www.qao.qld.gov.au/2024-local-government-dashboard,OK,200,,2026-10-02,
https://www.qao.qld.gov.au/reports-resources/interactive-dashboards,OK,200,,2026-10-02,
https://www.qao.qld.gov.au/reports-resources/reports-parliament/local-government-2022,OK,200,,2026-10-02,
https://www.qao.qld.gov.au/reports-resources/reports-parliament/local-government-2024,OK,200,,2026-10-02,
https://www.qao.qld.gov.au/sites/default/files/2025-04/Local%20government%202024%20(Report%2013%20%E2%80%93%202024%E2%80%9325)%20%E2%80%93%20Appendix%20J.pdf,OK,200,,2026-10-02,
https://www.qprc.nsw.gov.au/Council/Council-Business/Budgets-and-Planning,BLOCKED,403,,2026-10-02,
https://www.qprc.nsw.gov.au/Council/Council-Business/Minutes-Agendas,BLOCKED,403,,2026-10-02,
https://www.qprc.nsw.gov.au/files/assets/public/council/budgets-and-planning/annual_financial_statements-2020.pdf,BLOCKED,403,,2026-10-02,
https://www.qprc.nsw.gov.au/files/assets/public/council/budgets-and-planning/qprc-2020-21-financial-statements-with-external-audit-reports.pdf,BLOCKED,403,,2026-10-02,
https://www.qprc.nsw.gov.au/files/assets/public/council/budgets-and-planning/qprc-audited-annual-financial-statements-2021-22.pdf,BLOCKED,403,,2026-10-02,
https://www.qprc.nsw.gov.au/files/assets/public/council/budgets-and-planning/qprc-financial-statements-2018-19.pdf,BLOCKED,403,,2026-10-02,
https://www.qprc.nsw.gov.au/files/assets/public/council/budgets-and-planning/qprc_annual_financial_statements_2016-17.pdf,BLOCKED,403,,2026-10-02,
https://www.qprc.nsw.gov.au/files/assets/public/v/1/2019-council-meeting-documents/2019-business-papers/20191023-23-october-2019-agenda.pdf,BLOCKED,403,,2026-10-02,
https://www.qprc.nsw.gov.au/files/assets/public/v/1/2020-council-meeting-documents/2020-business-papers/20200226-26-february-2020-items-9.17-to-14.1-attachments-under-separate-cover.pdf,BLOCKED,403,,2026-10-02,
https://www.qprc.nsw.gov.au/files/assets/public/v/1/2020-council-meeting-documents/2020-business-papers/20200923-23-september-2020-agenda.pdf,BLOCKED,403,,2026-10-02,
https://www.qprc.nsw.gov.au/files/assets/public/v/1/2020-council-meeting-documents/2020-business-papers/2020527-27-may-2020-items-9.13-to-14.1-attachments-under-separate-cover.pdf,BLOCKED,403,,2026-10-02,
https://www.qprc.nsw.gov.au/files/assets/public/v/1/council/budgets-and-planning/annual-financial-statements-2017-18-queanbeyan-palerang-regional-counc.pdf,BLOCKED,403,,2026-10-02,
https://www.qprc.nsw.gov.au/files/assets/public/v/1/council/budgets-and-planning/annual_financial_statements-2020.pdf,BLOCKED,403,,2026-10-02,
https://www.qprc.nsw.gov.au/files/assets/public/v/1/council/budgets-and-planning/annual_financial_statements-2024.pdf,BLOCKED,403,,2026-10-02,
https://www.qprc.nsw.gov.au/files/assets/public/v/1/council/budgets-and-planning/dec-2021-quarterly-budget-review-statement.pdf,BLOCKED,403,,2026-10-02,
https://www.qprc.nsw.gov.au/files/assets/public/v/1/council/budgets-and-planning/june-2021-quarterly-budget-review-statement.pdf,BLOCKED,403,,2026-10-02,
https://www.qprc.nsw.gov.au/files/assets/public/v/1/council/budgets-and-planning/june-2022-quarterly-budget-review-statement.pdf,BLOCKED,403,,2026-10-02,
https://www.qprc.nsw.gov.au/files/assets/public/v/1/council/budgets-and-planning/mar-2022-quarterly-budget-review-statement.pdf,BLOCKED,403,,2026-10-02,
https://www.qprc.nsw.gov.au/files/assets/public/v/1/council/budgets-and-planning/qbrs-dec-2020.pdf,BLOCKED,403,,2026-10-02,
https://www.qprc.nsw.gov.au/files/assets/public/v/1/council/budgets-and-planning/qbrs-march-2021.pdf,BLOCKED,403,,2026-10-02,
https://www.qprc.nsw.gov.au/files/assets/public/v/1/council/budgets-and-planning/qbrs-sept-2020.pdf,BLOCKED,403,,2026-10-02,
https://www.qprc.nsw.gov.au/files/assets/public/v/1/council/budgets-and-planning/sept-2021-quarterly-budget-review-statement.pdf,BLOCKED,403,,2026-10-02,
https://www.qprc.nsw.gov.au/files/assets/public/v/2/council/budgets-and-planning/qprc-2020-21-financial-statements-with-external-audit-reports.pdf,BLOCKED,403,,2026-10-02,
https://www.qprc.nsw.gov.au/files/assets/public/v/3/2019-council-meeting-documents/2019-business-papers/20190522-22-may-2019-agenda.pdf,BLOCKED,403,,2026-10-02,
https://www.qra.qld.gov.au/disaster-funding-activations/activations,OK,200,,2026-10-02,
https://www.qra.qld.gov.au/sites/default/files/2019-08/Central_Queensland_Bushfires_Recovery_Plan_2018-21_Updated_August_2019.pdf,OK,200,,2026-10-02,
https://www.qra.qld.gov.au/sites/default/files/2020-08/2019_qld_bushfires_recplan_2019-20_lr.pdf,OK,200,,2026-10-02,
https://www.qra.qld.gov.au/sites/default/files/2020-08/Scenic_Rim_bushfires_recovery_plan.pdf,OK,200,,2026-10-02,
https://www.raa.nsw.gov.au/disaster-assistance,BLOCKED,403,,2026-10-02,
https://www.raa.nsw.gov.au/disaster-assistance/declarations,BLOCKED,403,,2026-10-02,
https://www.raa.nsw.gov.au/disaster-assistance/declared-natural-disasters,BLOCKED,403,,2026-10-02,
https://www.raa.nsw.gov.au/disaster-assistance/storm-and-flood-programs,BLOCKED,403,,2026-10-02,
https://www.raa.nsw.gov.au/grants/storm-and-flood-programs,BLOCKED,403,,2026-10-02,
https://www.raa.nsw.gov.au/grants/storm-flood,BLOCKED,403,,2026-10-02,
https://www.raa.nsw.gov.au/grants/storm-flood/sdg-aug-sep-2022,BLOCKED,403,,2026-10-02,
https://www.racgp.org.au/newsgp/professional/latest-mental-health-services-data-released,OK,200,https://www1.racgp.org.au/newsgp/professional/latest-mental-health-services-data-released,2026-10-02,
https://www.ragtrader.com.au/news/abs-survey-confirms-bushfire-impacts,OK,200,,2026-10-02,
https://www.randwick.nsw.gov.au/about-us/integrated-planning-and-reporting/our-reports,BLOCKED,403,,2026-10-02,
https://www.rba.gov.au/publications/smp/2020/feb/box-b-macroeconomic-effects-of-the-drought-and-bushfires.html,OK,200,,2026-10-02,
https://www.rba.gov.au/publications/smp/2020/feb/pdf/box-b-macroeconomic-effects-of-the-drought-and-bushfires.pdf,OK,200,,2026-10-02,
https://www.rcaap.pt/vufind/PublicationRecord/ul_f99e9de30b45a7a091ff87ff03069ba9,OK,200,https://www.rcaap.pt/PublicationRecord/ul_f99e9de30b45a7a091ff87ff03069ba9,2026-10-02,
https://www.rdaep.org.au/survey-impact-on-tourism-from-bushfires-and-eyre-highway-closure/,OK,200,,2026-10-02,
https://www.recovery.sa.gov.au/2019-20-bushfires/what-happened,BLOCKED,403,,2026-10-02,
https://www.recovery.sa.gov.au/Past-Events,BLOCKED,403,,2026-10-02,
https://www.recovery.sa.gov.au/Past-Events/reports,BLOCKED,403,,2026-10-02,
https://www.recovery.sa.gov.au/Past-Events/what-happened/2019-20-SA-Bushfire-Recovery-Interim-Report-Web.pdf,BLOCKED,403,,2026-10-02,
https://www.redcross.org.au/bushfirefunds,OK,200,https://www.redcross.org.au/bushfirereport/,2026-10-02,
https://www.redcross.org.au/globalassets/cms/documents/emergency-services/bushfires-9mth-update-final.pdf,OK,200,,2026-10-02,
https://www.reddeeradvocate.com/uncategorized/temporary-housing-units-a-welcome-relief-in-slave-lake/,OK,200,https://reddeeradvocate.com/2011/09/07/temporary-housing-units-a-welcome-relief-in-slave-lake/,2026-10-02,
https://www.reinsurancene.ws/australias-tathra-and-victoria-bushfire-losses-reach-45mn-as-clean-up-begins/,OK,200,,2026-10-02,
https://www.reinsurancene.ws/insurance-council-of-australia-declares-catastrophe-for-rappville-bushfires/,OK,200,,2026-10-02,
https://www.reinsurancene.ws/insured-bushfire-losses-rise-to-au-1-9bn-in-latest-estimates/,OK,200,,2026-10-02,
https://www.remplan.com.au/?p=4976,OK,200,https://www.remplan.com.au/blog/2020/05/remplan-data-update-insights-from-the-latest-unemployment-data-dec-qtr-2019/,2026-10-02,
https://www.rff.org/news/press-releases/after-wildfires-california-communities-struggle-with-budgets/,OK,200,,2026-10-02,
https://www.rff.org/publications/working-papers/how-local-are-the-economic-impacts-of-wildfires/,OK,200,,2026-10-02,
https://www.rff.org/publications/working-papers/the-fiscal-impacts-of-wildfires-on-california-municipalities/,OK,200,,2026-10-02,
https://www.rfs.nsw.gov.au/__data/assets/pdf_file/0003/114573/191011-BIA-Assessment.pdf,OK,200,,2026-10-02,
https://www.rfs.nsw.gov.au/__data/assets/pdf_file/0003/178842/200825-Gladys-Berejiklian-John-Barilaro-David-Elliott-med-rel-NSW-Government-releases-Bushfire-Inquiry-Report.pdf,OK,200,,2026-10-02,
https://www.rfs.nsw.gov.au/__data/assets/pdf_file/0003/32952/Bush-Fire-Bulletin-2015-Vol-37-No-2.pdf,OK,200,,2026-10-02,
https://www.rfs.nsw.gov.au/__data/assets/pdf_file/0003/39576/BFB_march_2016_low_res_single.pdf,OK,200,,2026-10-02,
https://www.rfs.nsw.gov.au/__data/assets/pdf_file/0003/4458/RFS-Annual-Report-2007-2008.pdf,OK,200,,2026-10-02,
https://www.rfs.nsw.gov.au/__data/assets/pdf_file/0003/92262/NSW-RFS-Annual-Report-2017-18-web.pdf,OK,200,https://www.rfs.nsw.gov.au/resources/publications/annual-reports/general/nsw-rural-fire-service-2017-18-annual-report/NSW-RFS-Annual-Report-2017-18.pdf,2026-10-02,
https://www.rfs.nsw.gov.au/__data/assets/pdf_file/0004/129892/NSW-RFS-Annual-Report-2018-19-web.pdf,OK,200,https://www.rfs.nsw.gov.au/resources/publications/annual-reports/general/nsw-rural-fire-service-2018-19-annual-report/NSW-RFS-Annual-Report-2018-19.pdf,2026-10-02,
https://www.rfs.nsw.gov.au/__data/assets/pdf_file/0004/23494/Bush-Fire-Bulletin-2013-Vol-35-No-1-Wambelong-fire.pdf,OK,200,,2026-10-02,
https://www.rfs.nsw.gov.au/__data/assets/pdf_file/0004/260095/240326-End-of-Season.pdf,OK,200,,2026-10-02,
https://www.rfs.nsw.gov.au/__data/assets/pdf_file/0004/51826/170213-Damage-assessment-6.pdf,OK,200,,2026-10-02,
https://www.rfs.nsw.gov.au/__data/assets/pdf_file/0004/8932/3.1.15-Bush-Fire-Building-Impact-Analysis.pdf,OK,200,,2026-10-02,
https://www.rfs.nsw.gov.au/__data/assets/pdf_file/0005/258665/Bush-Fire-Bulletin-Vol-45.2-2023.pdf,OK,200,,2026-10-02,
https://www.rfs.nsw.gov.au/__data/assets/pdf_file/0006/250386/230430-End-of-season.pdf,OK,200,,2026-10-02,
https://www.rfs.nsw.gov.au/__data/assets/pdf_file/0006/4497/NSW-RFS-Annual-Report-2003-2004.pdf,OK,200,,2026-10-02,
https://www.rfs.nsw.gov.au/__data/assets/pdf_file/0007/112948/190917-Property-losses-from-recent-NSW-bush-fires.pdf,OK,200,,2026-10-02,
https://www.rfs.nsw.gov.au/__data/assets/pdf_file/0007/131479/Bush-Fire-Bulletin-Vol41-No2.pdf,OK,200,,2026-10-02,
https://www.rfs.nsw.gov.au/__data/assets/pdf_file/0007/174823/Bush-Fire-Bulletin-Vol-42-No1.pdf,OK,200,,2026-10-02,
https://www.rfs.nsw.gov.au/__data/assets/pdf_file/0007/23299/Complete-2012-13-Annual-Report.pdf,OK,200,,2026-10-02,
https://www.rfs.nsw.gov.au/__data/assets/pdf_file/0007/253267/Bush-Fire-Bulletin-V45-No1-2023.pdf,OK,200,,2026-10-02,
https://www.rfs.nsw.gov.au/__data/assets/pdf_file/0007/78487/20180321-Tathra-Damage-Assessment-Final.pdf,OK,200,,2026-10-02,
https://www.rfs.nsw.gov.au/__data/assets/pdf_file/0008/3986/Bush-Fire-Bulletin-2010-Vol-32-No-2.pdf,OK,200,,2026-10-02,
https://www.rfs.nsw.gov.au/__data/assets/pdf_file/0008/73673/NSW-RFS-Annual-Report-2016-17.pdf,OK,200,https://www.rfs.nsw.gov.au/resources/publications/annual-reports/general/nsw-rural-fire-service-2016-17-annual-report/NSW-RFS-Annual-Report-2016-17.pdf,2026-10-02,
https://www.rfs.nsw.gov.au/__data/assets/pdf_file/0009/110133/190815-2019-Bush-fire-danger-starts-early.pdf,OK,200,,2026-10-02,
https://www.rfs.nsw.gov.au/__data/assets/pdf_file/0009/131499/Bush-Fire-Bulletin-Vol41-No1.pdf,OK,200,,2026-10-02,
https://www.rfs.nsw.gov.au/__data/assets/pdf_file/0009/3996/Bush-Fire-Bulletin-2010-Vol-32-No-1.pdf,OK,200,,2026-10-02,
https://www.rfs.nsw.gov.au/__data/assets/pdf_file/0010/274645/RFS-Annual-Report-2023-24.pdf,OK,200,,2026-10-02,
https://www.rfs.nsw.gov.au/__data/assets/pdf_file/0010/79138/Bush-Fire-Bulletin-Vol39-No1.pdf,OK,200,,2026-10-02,
https://www.rfs.nsw.gov.au/__data/assets/pdf_file/0011/28289/NSW-RFS-Annual-Report-2013-14-Summary-Review-of-Operations.pdf,OK,200,,2026-10-02,
https://www.rfs.nsw.gov.au/__data/assets/pdf_file/0011/35858/2014-15-NSW-RFS-Annual-Report-Summary-Review-of-Operations.pdf,OK,200,,2026-10-02,
https://www.rfs.nsw.gov.au/__data/assets/pdf_file/0011/53975/170331-Bush-fire-season-draws-to-a-close.pdf,OK,200,,2026-10-02,
https://www.rfs.nsw.gov.au/__data/assets/pdf_file/0011/59555/Bush-Fire-Bulletin-Vol38-No3.pdf,OK,200,,2026-10-02,
https://www.rfs.nsw.gov.au/__data/assets/pdf_file/0012/23304/NSW-RFS-Annual-Report-2012-13-Summary-Review-of-Operations.pdf,OK,200,,2026-10-02,
https://www.rfs.nsw.gov.au/__data/assets/pdf_file/0012/4440/2010-11-Annual-Report.pdf,OK,200,,2026-10-02,
https://www.rfs.nsw.gov.au/__data/assets/pdf_file/0013/4054/Bush-Fire-Bulletin-2013-Vol-35-No-1.pdf,OK,200,,2026-10-02,
https://www.rfs.nsw.gov.au/__data/assets/pdf_file/0015/36015/Bush-Fire-Bulletin-2015-Vol-37-No-3.pdf,OK,200,,2026-10-02,
https://www.rfs.nsw.gov.au/__data/assets/pdf_file/0015/4452/NSW-RFS-2008-2009-Annual-Report.pdf,OK,200,,2026-10-02,
https://www.rfs.nsw.gov.au/__data/assets/pdf_file/0016/52144/170218-Final-damage-assessment-from-weekend-bush-fires.pdf,OK,200,,2026-10-02,
https://www.rfs.nsw.gov.au/__data/assets/pdf_file/0017/111932/190909-BIA-Assessment-2.pdf,OK,200,,2026-10-02,
https://www.rfs.nsw.gov.au/__data/assets/pdf_file/0017/267020/BFB-Vol-46-1-MAY-2024.pdf,OK,200,,2026-10-02,
https://www.rfs.nsw.gov.au/__data/assets/pdf_file/0017/4427/Complete-2011-12-Annual-Report.pdf,OK,200,,2026-10-02,
https://www.rfs.nsw.gov.au/__data/assets/pdf_file/0017/53036/Red-October-summary.pdf,OK,200,,2026-10-02,
https://www.rfs.nsw.gov.au/__data/assets/pdf_file/0018/4446/NSW-RFS-2009-2010-Annual-Report.pdf,OK,200,,2026-10-02,
https://www.rfs.nsw.gov.au/__data/assets/pdf_file/0018/4464/Annual-Report-2006-2007.pdf,OK,200,,2026-10-02,
https://www.rfs.nsw.gov.au/__data/assets/pdf_file/0018/4491/RFS-Annual-Report-2004-2005.pdf,OK,200,,2026-10-02,
https://www.rfs.nsw.gov.au/__data/assets/pdf_file/0018/92070/Bush-Fire-Bulletin-Vol40-No1.pdf,OK,200,,2026-10-02,
https://www.rfs.nsw.gov.au/__data/assets/pdf_file/0020/111809/190907-BIA-Assessment-1.pdf,OK,200,,2026-10-02,
https://www.rfs.nsw.gov.au/__data/assets/pdf_file/0020/112097/190910-BIA-Assessment-3.pdf,OK,200,,2026-10-02,
https://www.rfs.nsw.gov.au/__data/assets/pdf_file/0020/25922/Bush-Fire-Bulletin-2014-Vol-36-No-2.pdf,OK,200,,2026-10-02,
https://www.rfs.nsw.gov.au/__data/assets/pdf_file/0020/4484/RFS-Annual-Report-2005-2006-Part-2-pages-1-53.pdf,OK,200,,2026-10-02,
"https://www.rfs.nsw.gov.au/about-us/our-districts/blue-mountains/photo-and-video-gallery/2015-photo-and-video-gallery/hordern-rd,-wentworth-falls-bush-fire",OK,200,,2026-10-02,
https://www.rfs.nsw.gov.au/fire-information/fires-near-me,OK,200,,2026-10-02,
https://www.rfs.nsw.gov.au/fire-information/major-fire-updates/mfu?id=863,OK,200,,2026-10-02,
https://www.rfs.nsw.gov.au/news-and-media/general-news/october-2013-fires,OK,200,,2026-10-02,
https://www.rfs.nsw.gov.au/news-and-media/media-releases/assessment-of-last-weeks-fire-affected-areas-completed,OK,200,,2026-10-02,
https://www.rfs.nsw.gov.au/news-and-media/media-releases/bush-fire-danger-period-wraps-up,OK,200,,2026-10-02,
https://www.rfs.nsw.gov.au/news-and-media/media-releases/bush-fire-season-draws-to-a-close3,OK,200,,2026-10-02,
https://www.rfs.nsw.gov.au/news-and-media/media-releases/busiest-bush-fire-season-in-years-declared-over,OK,200,,2026-10-02,
https://www.rfs.nsw.gov.au/news-and-media/media-releases/end-of-fire-season-for-nsw,OK,200,,2026-10-02,
https://www.rfs.nsw.gov.au/news-and-media/media-releases/fire-season-comes-to-a-close-for-most-of-nsw,OK,200,,2026-10-02,
https://www.rfs.nsw.gov.au/news-and-media/media-releases/fire-season-ends-across-new-south-wales,OK,200,,2026-10-02,
https://www.rfs.nsw.gov.au/news-and-media/media-releases/fire-season-wraps-up-for-most-of-nsw,OK,200,,2026-10-02,
https://www.rfs.nsw.gov.au/news-and-media/media-releases/initial-assessment-of-carwoola-fire-affected-area2,OK,200,,2026-10-02,
https://www.rfs.nsw.gov.au/news-and-media/media-releases/initial-assessment-of-fire-affected-area-tathra,OK,200,,2026-10-02,
https://www.rfs.nsw.gov.au/news-and-media/media-releases/initial-assessment-of-fire-affected-areas-northern-nsw,OK,200,,2026-10-02,
https://www.rfs.nsw.gov.au/news-and-media/media-releases/initial-assessment-of-fire-affected-areas-update-8,OK,200,,2026-10-02,
https://www.rfs.nsw.gov.au/news-and-media/media-releases/initial-assessment-of-fire-affected-areas-update-9,OK,200,,2026-10-02,
https://www.rfs.nsw.gov.au/news-and-media/media-releases/initial-assessment-of-fire-affected-areas2,OK,200,,2026-10-02,
https://www.rfs.nsw.gov.au/news-and-media/media-releases/llandilo-bush-fire-assessment,OK,200,,2026-10-02,
https://www.rfs.nsw.gov.au/news-and-media/media-releases/northern-nsw-bush-fires-initial-damage-assessment,OK,200,,2026-10-02,
https://www.rfs.nsw.gov.au/news-and-media/media-releases/property-losses-from-nsw-bush-fires,OK,200,,2026-10-02,
https://www.rfs.nsw.gov.au/news-and-media/media-releases/property-losses-from-recent-nsw-bush-fires,OK,200,,2026-10-02,
https://www.rfs.nsw.gov.au/news-and-media/media-releases/tathra-area-bush-fire-update,OK,200,,2026-10-02,
https://www.rfs.nsw.gov.au/news-and-media/media-releases/update-on-northern-nsw-bush-fires2,OK,200,,2026-10-02,
https://www.rfs.nsw.gov.au/news-and-media/media-releases/update-on-nsw-bush-fire-property-losses,OK,200,,2026-10-02,
https://www.rfs.nsw.gov.au/news-and-media/ministerial-media-releases/nsw-government-releases-bush-fire-inquiry-repoirt,OK,200,,2026-10-02,
https://www.rfs.nsw.gov.au/ourstory/film/londonderry-fire-november-2016,OK,200,,2026-10-02,
https://www.rfs.nsw.gov.au/resources/bush-fire-bulletin,OK,200,,2026-10-02,
https://www.rfs.nsw.gov.au/resources/publications/annual-reports/general/nsw-rural-fire-service-2015-16-annual-report/3-NSW-RFS-Annual-Report-2015-16-Summary-Review-of-Operations.pdf,OK,200,,2026-10-02,
https://www.rfs.nsw.gov.au/resources/publications/annual-reports/general/nsw-rural-fire-service-2016-17-annual-report/NSW-RFS-Annual-Report-2016-17.pdf,OK,200,,2026-10-02,
https://www.rfs.nsw.gov.au/resources/publications/annual-reports/general/nsw-rural-fire-service-2017-18-annual-report/NSW-RFS-Annual-Report-2017-18.pdf,OK,200,,2026-10-02,
https://www.rfs.nsw.gov.au/resources/publications/nsw-bushfire-inquiry-report,OK,200,,2026-10-02,
https://www.royalcommission.gov.au/natural-disasters/report,OK,200,,2026-10-02,
https://www.ryde.nsw.gov.au/Council/Plans-and-Publications/Financial-Reports,BLOCKED,403,,2026-10-02,
https://www.sabado.pt/portugal/amp/como-pedrogao-grande-recupera-um-mes-depois-do-incendio,OK,200,,2026-10-02,
https://www.sabado.pt/portugal/amp/esta-tudo-por-fazer-para-que-pedrogao-nao-regresse-ao-pre-incendios,OK,200,,2026-10-02,
https://www.sacoss.org.au/node/1302,OK,200,https://sacoss.org.au/,2026-10-02,
https://www.safetysolutions.net.au/content/fire/news/report-reveals-lingering-mental-health-burden-on-firefighters-419727959,OK,200,,2026-10-02,
https://www.salvationarmy.org.au/about-us/advocacy/emergencies-and-recovery/royal-commission-into-national-natural-disaster-arrangements/,OK,200,,2026-10-02,
https://www.salvationarmy.org.au/about-us/news-and-stories/stories/one-year-on-salvos-help-rebuild-lives-impacted-by-black-summer-bushfires/,OK,200,https://www.salvationarmy.org.au/news/one-year-on-salvos-help-rebuild-lives-impacted-by-black-summer-bushfires/,2026-10-02,
https://www.sbs.com.au/food/article/black-summer-bushfires-anniversary-a-struggling-food-industry-one-year-on/jjqa0f3yi,OK,200,,2026-10-02,
https://www.sbs.com.au/language/italian/en/article/bushfire-reach-sydneys-north-shore-as-crews-battle-78-fires-across-nsw/zuch48lfw,OK,200,,2026-10-02,
https://www.sbs.com.au/news/article/blue-mountains-tourism-losing-2m-a-day/w7jta1lle,OK,200,,2026-10-02,
https://www.sbs.com.au/news/article/fears-livestock-losses-in-nsw-could-reach-20-000/g4nv8yjl0,OK,200,,2026-10-02,
https://www.sbs.com.au/news/article/five-years-after-black-summer-communities-battling-homelessness-and-fatigue/h4wmtjoc8,OK,200,,2026-10-02,
https://www.sbs.com.au/news/article/less-than-half-of-the-governments-bushfire-recovery-funds-have-been-allocated-new-research-shows/2u2br8ojo,OK,200,,2026-10-02,
https://www.sbs.com.au/news/article/survivors-of-the-nsw-black-summer-bushfires-reflect-on-their-loss-as-inquiry-continues/2m12fkjm6,OK,200,,2026-10-02,
https://www.sbs.com.au/news/article/tourists-return-to-bushfire-and-coronavirus-hit-regional-nsw-towns/uozp0yudj,OK,200,,2026-10-02,
https://www.sbs.com.au/news/fears-livestock-losses-in-nsw-could-reach-20-000,OK,200,https://www.sbs.com.au/news/article/fears-livestock-losses-in-nsw-could-reach-20-000/g4nv8yjl0,2026-10-02,
https://www.sbs.com.au/news/here-s-how-you-can-help-the-victims-of-australia-s-devastating-bushfire-crisis,OK,200,https://www.sbs.com.au/news/article/heres-how-you-can-help-the-victims-of-australias-devastating-bushfire-crisis/i2u09m4l8,2026-10-02,
https://www.sbs.com.au/news/insight/article/bruce-has-been-living-in-a-tent-because-he-couldnt-afford-a-home-hes-not-alone/5ret3ruxj,OK,200,,2026-10-02,
https://www.sbs.com.au/news/insight/article/distress-depression-and-drug-use-young-people-fear-for-their-future-after-the-bushfires/ozcphma30,OK,200,,2026-10-02,
https://www.scenicrim.qld.gov.au/Our-Council/Connect-with-Council/News-and-Announcements/Council-opposes-changes-to-federal-disaster-funding,BLOCKED,403,,2026-10-02,
https://www.sciencealert.com/?p=45221,OK,200,https://www.sciencealert.com/scientists-reveal-the-unprecedented-health-toll-of-australia-s-hellish-megafires,2026-10-02,
https://www.sciencedirect.com/science/article/pii/S2212420925003334,BLOCKED,403,,2026-10-02,
https://www.scientificamerican.com/article/smoke-from-deadly-california-wildfires-could-damage-wine-crops,OK,200,https://www.scientificamerican.com/article/smoke-from-deadly-california-wildfires-could-damage-wine-crops/,2026-10-02,
https://www.scimex.org/newsfeed/expert-reaction-emergency-department-visits-surged-during-2019-20-black-summer-bushfires,BLOCKED,403,,2026-10-02,
https://www.scimex.org/newsfeed/poorer-communities-felt-the-worst-well-being-impacts-from-australias-20192020-black-summer-fires,BLOCKED,403,,2026-10-02,
https://www.securitywholesalers.com.au/?p=157957,OK,200,https://www.securitywholesalers.com.au/2026/08/21/2026-sydney-crime-statistics-the-safest-and-highest-risk-suburbs-for-break-ins-car-theft-and-property-crime/,2026-10-02,
https://www.seed.nsw.gov.au/need-help/finding-and-using-data/bushfire-related-datasets,BROKEN,404,,2026-10-02,
https://www.servicesaustralia.gov.au/medicare-statistics,OK,200,https://www.servicesaustralia.gov.au/medicare-statistics?context=22,2026-10-02,
https://www.servicesaustralia.gov.au/nsw-east-coast-severe-weather-and-flooding-may-2025-agdrp,BROKEN,404,,2026-10-02,
https://www.servicesaustralia.gov.au/nsw-ex-tropical-cyclone-alfred-mar-2025-australian-government-disaster-recovery-payment,BROKEN,404,,2026-10-02,
https://www.servicesaustralia.gov.au/nt-flooding-feb-to-mar-2026-agdrp,OK,200,,2026-10-02,
https://www.servicesaustralia.gov.au/organisations/about-us/reports-and-statistics/statistical-information-and-data/medicare-statistics,OK,200,https://www.servicesaustralia.gov.au/medicare-statistics?context=22,2026-10-02,
https://www.servicesaustralia.gov.au/organisations/about-us/statistical-information-and-data/medicare-statistics,OK,200,https://www.servicesaustralia.gov.au/medicare-statistics?context=22,2026-10-02,
https://www.servicesaustralia.gov.au/wa-tc-narelle-mar-2026-agdrp,OK,200,,2026-10-02,
https://www.shellharbour.nsw.gov.au/council/news-and-publications/annual-reports,OK,200,,2026-10-02,
https://www.shoalhaven.nsw.gov.au/Council/Corporate-Documents/Annual-Reports,BLOCKED,403,,2026-10-02,
https://www.shoalhaven.nsw.gov.au/Council/Council-meetings/Agendas-and-minutes,BLOCKED,403,,2026-10-02,
https://www.shoalhaven.nsw.gov.au/Council/Publicly-available-information/Finance/Financial-Statements-Previous-Years,BLOCKED,403,,2026-10-02,
https://www.shoalhaven.nsw.gov.au/Council/Publicly-available-information/Organisation/Annual-Report-Previous-Years,BLOCKED,403,,2026-10-02,
https://www.shoalhaven.nsw.gov.au/Council/Reports/Financial-statements,BLOCKED,403,,2026-10-02,
https://www.shoalhaven.nsw.gov.au/Council/Reports/Financial-statements/Annual-Financial-Statements-202425,BLOCKED,403,,2026-10-02,
https://www.shoalhaven.nsw.gov.au/My-Council/Meetings-and-Agendas,BLOCKED,403,,2026-10-02,
https://www.singleton.nsw.gov.au/Council/About-Council/Council-Meetings,BLOCKED,403,,2026-10-02,
https://www.singleton.nsw.gov.au/Council/About-Council/Council-Meetings/Council-Meeting-Agenda-and-Minutes,BLOCKED,403,,2026-10-02,
https://www.singleton.nsw.gov.au/Council/Council-Documents/Annual-Reports,BLOCKED,403,,2026-10-02,
https://www.singleton.nsw.gov.au/Council/Integrated-Planning-and-Reporting/Long-Term-Planning,BLOCKED,403,,2026-10-02,
https://www.singleton.nsw.gov.au/Council/Integrated-Planning-and-Reporting/Long-Term-Planning/Annual-Report,BLOCKED,403,,2026-10-02,
https://www.singleton.nsw.gov.au/Council/Integrated-Planning-and-Reporting/Long-Term-Planning/Financial-Statements,BLOCKED,403,,2026-10-02,
https://www.singletonargus.com.au/story/8967445/singleton-council-budget-deficit-improves-slightly/,OK,200,,2026-10-02,
https://www.smartcompany.com.au/finance/insurance-premiums-set-to-rise-in-wake-of-nsw-bushfires-but-savvy-businesses-can-dodge-the-worst-of-it/,OK,200,,2026-10-02,
https://www.smartersafer.org/2026/04/14/americas-disaster-costs-are-soaring-taxpayers-cant-keep-paying/,OK,200,,2026-10-02,
https://www.smartersafer.org/category/flooding/,OK,200,,2026-10-02,
https://www.smartygrants.com.au/articles/inefficient-not-sustainable-pc-scathing-of-australias-natural-disaster-funding-arrangements,OK,200,,2026-10-02,
https://www.snowymonaro.nsw.gov.au/,BLOCKED,403,,2026-10-02,
https://www.snowymonaro.nsw.gov.au/Council/Council-Meetings,BLOCKED,403,,2026-10-02,
https://www.snowymonaro.nsw.gov.au/Council/Council-Meetings/Council-Meeting-Agendas-Minutes,BLOCKED,403,,2026-10-02,
https://www.snowymonaro.nsw.gov.au/Council/Meetings,BLOCKED,403,,2026-10-02,
https://www.snowymonaro.nsw.gov.au/Council/Meetings/Business-Papers-and-Minutes-2019,BLOCKED,403,,2026-10-02,
https://www.snowymonaro.nsw.gov.au/Council/Meetings/Business-Papers-and-Minutes-2020,BLOCKED,403,,2026-10-02,
https://www.snowymonaro.nsw.gov.au/files/assets/public/business/strategies-and-reports/250.2021.27.1-document-bombala-softwoods-industry-bushfire-recovery-study_202104300819087353.pdf,BLOCKED,403,,2026-10-02,
https://www.snowymonaro.nsw.gov.au/files/assets/public/council/annual-amp-financial-reports/archived-reports/final-annual_financial_statements-2019.pdf,BLOCKED,403,,2026-10-02,
https://www.snowymonaro.nsw.gov.au/files/assets/public/council/annual-amp-financial-reports/archived-reports/snowy-monaro-regional-council-financial-statements-2016-17_201711281007165165.pdf,BLOCKED,403,,2026-10-02,
https://www.snowymonaro.nsw.gov.au/files/assets/public/council/annual-amp-financial-reports/archived-reports/snowy-monaro-regional-council-financial-statements-2017-18.pdf,BLOCKED,403,,2026-10-02,
https://www.snowymonaro.nsw.gov.au/files/assets/public/council/ipr/annual-reports/annual_financial_statements-2020.pdf,BLOCKED,403,,2026-10-02,
https://www.snowymonaro.nsw.gov.au/files/assets/public/council/meetings/documents/2022/21-april-2022-ordinary-council-meeting-late-business-paper.pdf,BLOCKED,403,,2026-10-02,
https://www.snowymonaro.nsw.gov.au/files/assets/public/v/1/council/annual-amp-financial-reports/combined-financial-statements-2020-2021.pdf,BLOCKED,403,,2026-10-02,
https://www.snowymonaro.nsw.gov.au/files/assets/public/v/1/council/annual-amp-financial-reports/smrc-annual_financial_statements-gpfs-2024.pdf,BLOCKED,403,,2026-10-02,
https://www.snowymonaro.nsw.gov.au/files/assets/public/v/1/council/ipr/annual-financial-statements-2022.pdf,BLOCKED,403,,2026-10-02,
https://www.snowymonaro.nsw.gov.au/files/assets/public/v/1/council/ipr/annual-reports/annual_financial_statements-gpfs-2023-19-12-23.pdf,BLOCKED,403,,2026-10-02,
https://www.snowymonaro.nsw.gov.au/files/assets/public/v/1/council/meetings/documents/2020/19-march-2020-council-meeting-business-paper.pdf,BLOCKED,403,,2026-10-02,
https://www.snowyvalleys.nsw.gov.au/Council/Council-Meetings,BLOCKED,403,,2026-10-02,
https://www.snowyvalleys.nsw.gov.au/Council/Council-Meetings/15-November-2018-Ordinary-Council-Meeting,BLOCKED,403,,2026-10-02,
https://www.snowyvalleys.nsw.gov.au/Council/Council-Meetings/15-November-2018-Ordinary-Meeting,BLOCKED,403,,2026-10-02,
https://www.snowyvalleys.nsw.gov.au/Council/Council-Meetings/16-May-2019-Ordinary-Council-Meeting,BLOCKED,403,,2026-10-02,
https://www.snowyvalleys.nsw.gov.au/Council/Council-Meetings/16-May-2019-Ordinary-Meeting,BLOCKED,403,,2026-10-02,
https://www.snowyvalleys.nsw.gov.au/Council/Council-Meetings/18-February-2021-Ordinary-Council-Meeting,BLOCKED,403,,2026-10-02,
https://www.snowyvalleys.nsw.gov.au/Council/Council-Meetings/18-February-2021-Ordinary-Meeting,BLOCKED,403,,2026-10-02,
https://www.snowyvalleys.nsw.gov.au/Council/Council-Meetings/18-November-2021-Ordinary-Meeting,BLOCKED,403,,2026-10-02,
https://www.snowyvalleys.nsw.gov.au/Council/Council-Meetings/20-February-2020-Ordinary-Meeting,BLOCKED,403,,2026-10-02,
https://www.snowyvalleys.nsw.gov.au/Council/Council-Meetings/20-May-2021-Ordinary-Council-Meeting,BLOCKED,403,,2026-10-02,
https://www.snowyvalleys.nsw.gov.au/Council/Council-Meetings/20-May-2021-Ordinary-Meeting,BLOCKED,403,,2026-10-02,
https://www.snowyvalleys.nsw.gov.au/Council/Council-Meetings/21-February-2019-Ordinary-Meeting,BLOCKED,403,,2026-10-02,
https://www.snowyvalleys.nsw.gov.au/Council/Council-Meetings/21-May-2020-Ordinary-Council-Meeting,BLOCKED,403,,2026-10-02,
https://www.snowyvalleys.nsw.gov.au/Council/Council-Meetings/21-May-2020-Ordinary-Meeting,BLOCKED,403,,2026-10-02,
https://www.snowyvalleys.nsw.gov.au/Council/Council-Meetings/22-November-2018-Ordinary-Meeting,BLOCKED,403,,2026-10-02,
https://www.snowyvalleys.nsw.gov.au/Council/Council-Meetings/23-May-2019-Ordinary-Meeting,BLOCKED,403,,2026-10-02,
https://www.snowyvalleys.nsw.gov.au/files/assets/public/general-documents/annual_financial_statements-2022-final.pdf,BLOCKED,403,,2026-10-02,
https://www.snowyvalleys.nsw.gov.au/files/assets/public/meeting-minutes-amp-agendas/council-meeting-attachments/20181122/9.6-attachment-1-1st-quarterly-budget-review-1-july-30-september-2018.pdf,BLOCKED,403,,2026-10-02,
https://www.snowyvalleys.nsw.gov.au/files/assets/public/meeting-minutes-amp-agendas/council-meeting-attachments/20190221/9.8-attachment-1-2nd-quarter-budget-review.pdf,BLOCKED,403,,2026-10-02,
https://www.snowyvalleys.nsw.gov.au/files/assets/public/meeting-minutes-amp-agendas/council-meeting-attachments/20190516/9.6-attachment-1-3rd-quarterly-budget-review.pdf,BLOCKED,403,,2026-10-02,
https://www.snowyvalleys.nsw.gov.au/files/assets/public/meeting-minutes-amp-agendas/council-meeting-attachments/20191121/9.8-attachement-1a-1st-quarterly-budget-review-19-20-upated-version.pdf,BLOCKED,403,,2026-10-02,
https://www.snowyvalleys.nsw.gov.au/files/assets/public/meeting-minutes-amp-agendas/council-meeting-attachments/20191121/9.8-attachment-1-1st-quarterly-budget-review.pdf,BLOCKED,403,,2026-10-02,
https://www.snowyvalleys.nsw.gov.au/files/assets/public/meeting-minutes-amp-agendas/council-meeting-attachments/20200128/20200128-business-paper-extraordinary-council.pdf,BLOCKED,403,,2026-10-02,
https://www.snowyvalleys.nsw.gov.au/files/assets/public/meeting-minutes-amp-agendas/council-meeting-attachments/20200220/9.6-attachment-1-2nd-quarterly-budget-review-2019-20.pdf,BLOCKED,403,,2026-10-02,
https://www.snowyvalleys.nsw.gov.au/files/assets/public/meeting-minutes-amp-agendas/council-meeting-attachments/20200521/10.8-attachment-1-3rd-quarterly-budget-review-statement.pdf,BLOCKED,403,,2026-10-02,
https://www.snowyvalleys.nsw.gov.au/files/assets/public/meeting-minutes-amp-agendas/council-meetings/20201119/10.12-attachment-1-1st-quarterly-budget-review-july-to-september-2020.pdf,BLOCKED,403,,2026-10-02,
https://www.snowyvalleys.nsw.gov.au/files/assets/public/meeting-minutes-amp-agendas/council-meetings/20210218/10.9-attachment-1-quarterly-budget-review-as-at31-december-2020.pdf,BLOCKED,403,,2026-10-02,
https://www.snowyvalleys.nsw.gov.au/files/assets/public/meeting-minutes-amp-agendas/council-meetings/20210520/10.9-attachment-1-3rd-quarterly-budget-review-januay-to-march-2021.pdf,BLOCKED,403,,2026-10-02,
https://www.snowyvalleys.nsw.gov.au/files/assets/public/meeting-minutes-amp-agendas/council-meetings/20211118/10.7-attachment-1-quarterly-budget-review-quarter-1-30-september-2021.pdf,BLOCKED,403,,2026-10-02,
https://www.snowyvalleys.nsw.gov.au/files/assets/public/meeting-minutes-amp-agendas/council-meetings/20220217/10.6-attachment-1-quarterly-budget-review-statement-1-10-21-31-12-21.pdf,BLOCKED,403,,2026-10-02,
https://www.snowyvalleys.nsw.gov.au/files/assets/public/meeting-minutes-amp-agendas/council-meetings/20220519/10.4-attachment-1-quarterly-budget-review-quarter-3-31-march-2022.pdf,BLOCKED,403,,2026-10-02,
https://www.snowyvalleys.nsw.gov.au/files/assets/public/reports-amp-strategies/2017-18-annual-financial-statements-combined.pdf,BLOCKED,403,,2026-10-02,
https://www.snowyvalleys.nsw.gov.au/files/assets/public/reports-amp-strategies/20171030-annual-financial-statements-2016-2017-final-snowy-valleys-council.pdf,BLOCKED,403,,2026-10-02,
https://www.snowyvalleys.nsw.gov.au/files/assets/public/reports-amp-strategies/20191025-final-annual-financial-statements-2018-19[1].pdf,BLOCKED,403,https://www.snowyvalleys.nsw.gov.au/files/assets/public/reports-amp-strategies/20191025-final-annual-financial-statements-2018-19%5B1%5D.pdf,2026-10-02,
https://www.snowyvalleys.nsw.gov.au/files/assets/public/reports-amp-strategies/annual_financial_statements-2020-final.pdf,BLOCKED,403,,2026-10-02,
https://www.snowyvalleys.nsw.gov.au/files/assets/public/reports-amp-strategies/annual_financial_statements-2021-final.pdf,BLOCKED,403,,2026-10-02,
https://www.snowyvalleys.nsw.gov.au/files/assets/public/v/1/meeting-minutes-amp-agendas/council-meetings/2020/20200220/20200220-business-paper-ordinary-council.pdf,BLOCKED,403,,2026-10-02,
https://www.snowyvalleys.nsw.gov.au/files/assets/public/v/1/meeting-minutes-amp-agendas/council-meetings/2020/20200521/20200521-business-paper-ordinary-council.pdf,BLOCKED,403,,2026-10-02,
https://www.snowyvalleys.nsw.gov.au/files/assets/public/v/1/meeting-minutes-amp-agendas/council-meetings/20200220/20200220-business-paper-ordinary-council.pdf,BLOCKED,403,,2026-10-02,
https://www.snowyvalleys.nsw.gov.au/files/assets/public/v/1/meeting-minutes-amp-agendas/council-meetings/2021/20210218/20210218-agenda.pdf,BLOCKED,403,,2026-10-02,
https://www.snowyvalleys.nsw.gov.au/files/assets/public/v/1/meeting-minutes-amp-agendas/council-meetings/20210218/20210218-agenda.pdf,BLOCKED,403,,2026-10-02,
https://www.snowyvalleys.nsw.gov.au/files/assets/public/v/1/reports-amp-strategies/202324-ipampr/20232024-annual-financial-statements-final.pdf,BLOCKED,403,,2026-10-02,
https://www.spectator.com.au/2023/07/kurqa/,OK,200,,2026-10-02,
https://www.spectator.com.au/?p=10780614,OK,200,https://www.spectator.com.au/2023/07/kurqa/,2026-10-02,
https://www.spendmapp.com.au,OK,200,https://www.spendmapp.com.au/,2026-10-02,
https://www.srcd.org/news/study-natural-disaster-affects-childrens-schooling-years-later,OK,200,,2026-10-02,
https://www.standard.net.au/story/8570136/,OK,200,https://www.standard.net.au/story/8570136/coroner-heeds-lessons-from-deadly-black-summer-infernos/,2026-10-02,
https://www.stlouisfed.org/~/media/files/pdfs/hfs/assets/2019/lettherichbeflooded_hurricaneharvey_10212019.pdf,FAILED,,,2026-10-02,"ReadTimeout: HTTPSConnectionPool(host='www.stlouisfed.org', port=443): Read timed out. (read timeout=25)"
https://www.stlouisfed.org/~/media/files/pdfs/hfs/assets/2019/lettherichbeflooded_hurricaneharvey_10212019.pdf?la=en,FAILED,,,2026-10-02,"ReadTimeout: HTTPSConnectionPool(host='www.stlouisfed.org', port=443): Read timed out. (read timeout=25)"
https://www.strathfield.nsw.gov.au/Council/Reports-and-Registers,BLOCKED,403,,2026-10-02,
https://www.superguide.com.au/retirement-planning/what-retirees-need-understand-property-insurance,OK,200,https://www.superguide.com.au/in-retirement/what-retirees-need-understand-property-insurance,2026-10-02,
https://www.supremecourt.vic.gov.au/sites/default/files/2018-11/deloitte_access_economics_bushfires_report.pdf,OK,200,,2026-10-02,
https://www.surflifesaving.com.au/wp-content/uploads/sites/2/2020/02/Memo-Disaster-Assistance-for-Individuals-and-Organisations-,BROKEN,404,,2026-10-02,
https://www.surveymonkey.com/r/K2JCD7F,OK,200,,2026-10-02,
https://www.surveymonkey.com/r/NF8BX96,OK,200,,2026-10-02,
https://www.sutherlandshire.nsw.gov.au,BLOCKED,403,https://www.sutherlandshire.nsw.gov.au/,2026-10-02,
https://www.sutherlandshire.nsw.gov.au/Council/Strategies-Plans-and-Reports/Financial-Statements,BLOCKED,403,,2026-10-02,
https://www.sydney.edu.au/news-opinion/news/2021/12/13/black-summer-2019-20-bushfires-cost-farmers-5-billion-australia.html,OK,200,,2026-10-02,
https://www.sydney.edu.au/news-opinion/news/2024/01/31/black-summer-bushfires-australia-wiped-billions-from-tourism-supply-chains.html,OK,200,,2026-10-02,
https://www.tamworth.nsw.gov.au/,BLOCKED,403,,2026-10-02,
https://www.tamworth.nsw.gov.au/ArticleDocuments/226/18833_44262_06Nov2020102511_Annual_Financial_Statements-2020%20Final%20Copy.pdf.aspx,BLOCKED,403,,2026-10-02,
https://www.tamworth.nsw.gov.au/ArticleDocuments/226/628_78363_25Oct2021115101_Financial%20Reports%202020-2021.pdf.aspx,BLOCKED,403,,2026-10-02,
https://www.tamworth.nsw.gov.au/ArticleDocuments/226/Annual_Financial_Statements-2019%20Final.pdf.aspx,BLOCKED,403,,2026-10-02,
https://www.tamworth.nsw.gov.au/ArticleDocuments/226/Tamworth%20Regional%20Council%20-%20Financial%20Statements%20-%202021-22.pdf.aspx,BLOCKED,403,,2026-10-02,
https://www.tamworth.nsw.gov.au/ArticleDocuments/226/Tamworth%20Regional%20Council%20-%20Financial%20Statements%20-2023-24.pdf.aspx,BLOCKED,403,,2026-10-02,
https://www.tamworth.nsw.gov.au/ArticleDocuments/226/Tamworth%20Regional%20Council%20-%20Financial%20Statements-2023.pdf.aspx,BLOCKED,403,,2026-10-02,
https://www.tamworth.nsw.gov.au/ArticleDocuments/474/Annexure%201%20Annual_Financial_Statements-GPFS-2020_091020.pdf.aspx,BLOCKED,403,,2026-10-02,
https://www.tamworth.nsw.gov.au/about/reports-and-registers/financial-reporting,BLOCKED,403,,2026-10-02,
https://www.tamworth.nsw.gov.au/council/council-meetings/meeting-agendas-and-minutes,BLOCKED,403,,2026-10-02,
https://www.teachstarter.com/au/podcast/bushfire-trauma-and-how-to-help-kids-cope-au/,OK,200,,2026-10-02,
https://www.temora.nsw.gov.au/Your-Council/Planning-and-Reporting/Plans-and-Reports,BLOCKED,403,,2026-10-02,
https://www.temora.nsw.gov.au/files/assets/public/v/1/council-business/annual-reports/financial-statements/annual-financial-statements-2023-2024.pdf,BLOCKED,403,,2026-10-02,
https://www.temora.nsw.gov.au/files/assets/public/v/1/council-business/annual-reports/financial-statements/temora-shire-council-financial-statements-2021-22.pdf,BLOCKED,403,,2026-10-02,
https://www.temora.nsw.gov.au/files/assets/public/v/1/council-business/annual-reports/temora-shire-council-financial-statements-2019-20.pdf,BLOCKED,403,,2026-10-02,
https://www.temora.nsw.gov.au/files/assets/public/v/1/on-exhibition/2023/financial-statement/temora-shire-council-financial-statements-2022-23.pdf,BLOCKED,403,,2026-10-02,
https://www.temora.nsw.gov.au/files/assets/public/v/1/policies/financial-statements/annual-financial-statements-2017-18-temora-shire-council.pdf,BLOCKED,403,,2026-10-02,
https://www.temora.nsw.gov.au/files/assets/public/v/1/policies/financial-statements/annual-financial-statements-ye-1617-temora-shire-council.pdf,BLOCKED,403,,2026-10-02,
https://www.temora.nsw.gov.au/files/assets/public/v/1/policies/financial-statements/temora-shire-council-financial-statements-2015-16.pdf,BLOCKED,403,,2026-10-02,
https://www.temora.nsw.gov.au/files/assets/public/v/1/policies/financial-statements/temora-shire-council-financial-statements-2018-19.pdf,BLOCKED,403,,2026-10-02,
https://www.temora.nsw.gov.au/files/assets/public/v/1/policies/financial-statements/temora-shire-council-financial-statements-2020-21.pdf,BLOCKED,403,,2026-10-02,
https://www.tenterfield.nsw.gov.au/content/uploads/2020/01/General-Purpose-Financial-Statements-2016.pdf,OK,200,,2026-10-02,
https://www.tenterfield.nsw.gov.au/content/uploads/2020/01/General-Purpose-Financial-Statements-2017.pdf,OK,200,,2026-10-02,
https://www.tenterfield.nsw.gov.au/content/uploads/2020/01/General-Purpose-Financial-Statements-2018.pdf,OK,200,,2026-10-02,
https://www.tenterfield.nsw.gov.au/content/uploads/2020/01/General-Purpose-Financial-Statements-2019.pdf,OK,200,,2026-10-02,
https://www.tenterfield.nsw.gov.au/content/uploads/2020/01/Quarterly-Review-as-of-30-September-2018.pdf,OK,200,,2026-10-02,
https://www.tenterfield.nsw.gov.au/content/uploads/2020/01/Quarterly-Review-as-of-30-September-2019.pdf,OK,200,,2026-10-02,
https://www.tenterfield.nsw.gov.au/content/uploads/2020/01/Quarterly-Review-as-of-31-December-2018.pdf,OK,200,,2026-10-02,
https://www.tenterfield.nsw.gov.au/content/uploads/2020/01/Quarterly-Review-as-of-31-March-2019.pdf,OK,200,,2026-10-02,
https://www.tenterfield.nsw.gov.au/content/uploads/2020/02/08._February_25_2020.01.pdf,OK,200,,2026-10-02,
https://www.tenterfield.nsw.gov.au/content/uploads/2020/04/10000-Grant-Opportunity-for-Small-Business-002.pdf,OK,200,,2026-10-02,
https://www.tenterfield.nsw.gov.au/content/uploads/2020/06/March-2020-QBR.pdf,OK,200,,2026-10-02,
https://www.tenterfield.nsw.gov.au/content/uploads/2020/07/QBR-December-2019.pdf,OK,200,,2026-10-02,
https://www.tenterfield.nsw.gov.au/content/uploads/2020/10/Tenterfield-Shire-Council-General-Purpose-Financial-Statements-2020_AUDITED.pdf,OK,200,,2026-10-02,
https://www.tenterfield.nsw.gov.au/content/uploads/2020/11/Quarterly-Budget-Review-Statement-as-at-30-September-2020.pdf,OK,200,,2026-10-02,
https://www.tenterfield.nsw.gov.au/content/uploads/2021/03/Quarterly-Budget-Review-Statement-as-at-31-December-2020.pdf,OK,200,,2026-10-02,
https://www.tenterfield.nsw.gov.au/content/uploads/2021/07/Attachment-Booklet-1-28-July-2021.pdf,OK,200,,2026-10-02,
https://www.tenterfield.nsw.gov.au/content/uploads/2021/08/Black-Summer-Bushfire-Recovery-Grant-Opportunity-Guidelines-PDF-3.pdf,OK,200,,2026-10-02,
https://www.tenterfield.nsw.gov.au/content/uploads/2021/08/Quarterly-Budget-Review-Statement-as-at-31-March-2021-1.pdf,OK,200,,2026-10-02,
https://www.tenterfield.nsw.gov.au/content/uploads/2021/11/General-Purpose-Financial-Statements-2021.pdf,OK,200,,2026-10-02,
https://www.tenterfield.nsw.gov.au/content/uploads/2021/11/Quarterly-Budget-Review-September-2021.pdf,OK,200,,2026-10-02,
https://www.tenterfield.nsw.gov.au/content/uploads/2022/03/Quarterly-Budget-Review-December-2021.pdf,OK,200,,2026-10-02,
https://www.tenterfield.nsw.gov.au/content/uploads/2022/06/01.-QBR-MARCH-2022-Business-Paper-Attachment.pdf,OK,200,,2026-10-02,
https://www.tenterfield.nsw.gov.au/content/uploads/2022/12/Tenterfield-Shire-Council-Financial-Statements-2021-22.pdf,OK,200,,2026-10-02,
https://www.tenterfield.nsw.gov.au/content/uploads/2024/01/Tenterfield-Shire-Council-Financial-Statements-2022-23.pdf,OK,200,,2026-10-02,
https://www.tenterfield.nsw.gov.au/content/uploads/2025/08/Tenterfield-Shire-Council-Financial-Statements-2023-24.pdf,OK,200,,2026-10-02,
https://www.tenterfield.nsw.gov.au/your-council/council-committee-meetings/council-business-papers-2016-2024/agenda-attachments-minutes-2019,OK,200,,2026-10-02,
https://www.tenterfield.nsw.gov.au/your-council/council-documents/financial-reports,OK,200,,2026-10-02,
https://www.tenterfieldstar.com.au/story/8070676/barilaros-office-denied-bushfire-funds-in-opposition-seats/,OK,200,,2026-10-02,
https://www.theadviser.com.au/breaking-news/41141-two-thirds-of-support-line-callers-were-seeking-finance-help,OK,200,https://www.theadviser.com.au/lender/41141-two-thirds-of-support-line-callers-were-seeking-finance-help,2026-10-02,
https://www.thecgo.org/research/the-impact-of-wildfires-on-internal-migration-in-the-united-states/,OK,200,,2026-10-02,
https://www.theeducatoronline.com/k12/news/south-coast-schools-reopen-after-fire-danger-rating-downgraded/283280,OK,200,,2026-10-02,
https://www.thegardenisland.com/?p=399180,OK,200,https://www.thegardenisland.com/2025/03/22/hawaii-news/survey-reveals-slight-recovery-since-august-for-maui-residents-affected-by-fires/,2026-10-02,
https://www.thehills.nsw.gov.au/Council/Key-Documents-Reports-Policies/The-Hills-Shire-Annual-Report-Financial-Statement,BLOCKED,403,,2026-10-02,
https://www.theland.com.au/story/6515738/more-help-needed-for-bushfire-victims/,OK,200,,2026-10-02,
https://www.theland.com.au/story/6542850/timber-industry-in-stranglehold/,OK,200,,2026-10-02,
https://www.theland.com.au/story/6578936/how-the-bushfires-are-affecting-our-food-producers/,OK,200,,2026-10-02,
https://www.theland.com.au/story/6589816/nsw-bushfires-livestock-death-toll-at-more-than-13000-and-rising/,OK,200,,2026-10-02,
https://www.theleader.com.au/story/8354762/,OK,200,https://www.theleader.com.au/story/8354762/fire-danger-escalates-schools-closed-as-temperatures-soar/,2026-10-02,
https://www.thelist.tas.gov.au/app/content/data/geo-meta-data-record?detailRecordUID=d8e9d3f1-25a2-4db7-a8d0-c88984e9956a,OK,200,,2026-10-02,
https://www.themandarin.com.au/211384-nsw-bushfire-recovery-grant-scheme-heavily-criticised-by-auditor,OK,200,https://www.themandarin.com.au/211384-nsw-bushfire-recovery-grant-scheme-heavily-criticised-by-auditor/,2026-10-02,
https://www.themandarin.com.au/?p=211384,OK,200,https://www.themandarin.com.au/211384-nsw-bushfire-recovery-grant-scheme-heavily-criticised-by-auditor/,2026-10-02,
https://www.thenewdaily.com.au/finance/property/2018/02/16/natural-disaster-real-estate-values,OK,200,,2026-10-02,
https://www.thenewdaily.com.au/news/national/2014/09/25/natural-disaster-funding-inadequate,OK,200,,2026-10-02,
https://www.thenewdaily.com.au/news/national/2020/02/29/bushfires-domestic-violence,OK,200,,2026-10-02,
https://www.thenewdaily.com.au/news/state/nsw/2023/02/02/john-barilaro-bushfire-funding,OK,200,,2026-10-02,
https://www.therural.com.au/story/6569920/stock-death-numbers-expected-to-rise,OK,200,https://www.therural.com.au/story/6569920/stock-death-numbers-expected-to-rise/,2026-10-02,
https://www.thesenior.com.au/story/6604355/blazeaid-volunteers-do-flamin-lot-of-good,OK,200,https://www.thesenior.com.au/story/6604355/blazeaid-volunteers-do-flamin-lot-of-good/,2026-10-02,
https://www.thesenior.com.au/story/7614714/community-groups-in-the-dark-bushfire-recovery-grant-announcements-delayed/,OK,200,,2026-10-02,
https://www.thesouthernwire.com.au/latest-naplan-is-data-now-available-2025-12-10,OK,200,,2026-10-02,
https://www.tovima.com/search/attica+fires,OK,200,,2026-10-02,
https://www.towong.vic.gov.au/repository/libraries/id:2cvu1xfyg1cxby8c14xc/hierarchy/Bushfire%20Recovery/Municipal%20Recovery%20Plan/municipal-recovery-plan.pdf,OK,200,,2026-10-02,
https://www.tra.gov.au/content/dam/austrade-assets/global/wip/tra/documents/Local%20Government%20Area%20profiles.xlsx,OK,200,,2026-10-02,
https://www.tra.gov.au/content/dam/austrade-assets/global/wip/tra/documents/tra-australian-tourism-in-2020.docx,OK,200,,2026-10-02,
https://www.tra.gov.au/content/dam/austrade-assets/global/wip/tra/documents/tra-australian-tourism-in-2020.pdf,OK,200,,2026-10-02,
https://www.tra.gov.au/en/regional,OK,200,https://www.tra.gov.au/en/profiles,2026-10-02,
https://www.tra.gov.au/en/tourism-industry-analysis/tourism-businesses-in-australia/tbia-jun-2015-2020,OK,200,,2026-10-02,
https://www.travelweekly.com.au/?p=663936,OK,200,https://travelweekly.com.au/august-tourism-data-reveals-regional-australia-fared-better-than-capital-cities/,2026-10-02,
https://www.treasury.act.gov.au/__data/assets/pdf_file/0004/1471144/18_bushfire_recovery.pdf,OK,200,,2026-10-02,
https://www.treasury.act.gov.au/__data/assets/pdf_file/0006/1471362/Budget-Paper-1-2003-4-Budget-Speech.pdf,OK,200,,2026-10-02,
https://www.treasury.nsw.gov.au/sites/default/files/2020-02/04022020%20Michaelia%20Cash%20John%20Barilaro%20Damien%20Tudehope%20Shelley%20Hancock%20med%20rel%20-%20NSW%20fire-affected%20small%20businesses%20and%20councils%20encouraged%20to%20access%20financial%20support.pdf,OK,200,https://www.nsw.gov.au/departments-and-agencies/nsw-treasury,2026-10-02,
https://www.treasury.tas.gov.au/Documents/State%20Grants%20Commission%202023-24%20Financial%20Assistance%20Grants%20Data%20Tables.pdf,OK,200,,2026-10-02,
https://www.ttf.org.au/?p=19121,BROKEN,404,https://ttf.org.au/?p=19121,2026-10-02,
https://www.ttgasia.com/2020/01/20/australias-tourism-industry-projects-us3-1-billion-loss-from-bushfires/,OK,200,,2026-10-02,
https://www.ttgasia.com/?p=58387,OK,200,https://www.ttgasia.com/2020/01/20/australias-tourism-industry-projects-us3-1-billion-loss-from-bushfires/,2026-10-02,
https://www.tweed.nsw.gov.au/ManagementPlan,BLOCKED,403,,2026-10-02,
https://www.tweed.nsw.gov.au/council-meetings,BLOCKED,403,,2026-10-02,
https://www.tweed.nsw.gov.au/council/budget-and-finance,BLOCKED,403,,2026-10-02,
https://www.tweed.nsw.gov.au/council/councillors-meetings/council-meetings/archived-meetings,BLOCKED,403,,2026-10-02,
https://www.tweed.nsw.gov.au/council/councillors-meetings/council-meetings/archived-meetings/council-meeting-21-november-2019,BLOCKED,403,,2026-10-02,
https://www.tweed.nsw.gov.au/files/assets/public/documents/council/annual-and-financial-reports/financial-statement-2016-2017.pdf,BLOCKED,403,,2026-10-02,
https://www.tweed.nsw.gov.au/files/assets/public/documents/council/annual-and-financial-reports/financial-statement-2017-2018.pdf,BLOCKED,403,,2026-10-02,
https://www.tweed.nsw.gov.au/files/assets/public/documents/council/annual-and-financial-reports/financial-statement-2018-2019.pdf,BLOCKED,403,,2026-10-02,
https://www.tweed.nsw.gov.au/files/assets/public/documents/council/annual-and-financial-reports/financial-statement-2019-2020.pdf,BLOCKED,403,,2026-10-02,
https://www.tweed.nsw.gov.au/files/assets/public/documents/council/annual-and-financial-reports/financial-statement-2020-2021.pdf,BLOCKED,403,,2026-10-02,
https://www.tweed.nsw.gov.au/files/assets/public/documents/council/annual-and-financial-reports/financial-statement-2021-2022.pdf,BLOCKED,403,,2026-10-02,
https://www.tweed.nsw.gov.au/files/assets/public/v/1/documents/council/annual-and-financial-reports/financial-statements-2022-2023.pdf,BLOCKED,403,,2026-10-02,
https://www.tweed.nsw.gov.au/files/assets/public/v/1/documents/council/annual-and-financial-reports/tweed-shire-council-financial-statements-2023-24.pdf,BLOCKED,403,,2026-10-02,
https://www.tweed.nsw.gov.au/files/assets/public/v/2/documents/council/council-meetings/archived/2019/councilagenda21november2019.pdf,BLOCKED,403,,2026-10-02,
https://www.ualberta.ca/folio/2017/09/fort-mcmurray-workers-recovering-well-post-wildfire.html,OK,200,https://www.ualberta.ca/en/folio/2017/09/fort-mcmurray-workers-recovering-well-post-wildfire.html,2026-10-02,
https://www.ufz.de/index.php?en=35939,OK,200,,2026-10-02,
https://www.ulladullatimes.com.au/story/6585031/toxic-smoke-leads-to-spike-in-presentations-at-hospitals/,OK,200,,2026-10-02,
https://www.ulladullatimes.com.au/story/6650023/students-and-staff-move-forward-after-the-school-holidays-that-never-were/,OK,200,,2026-10-02,
https://www.ulladullatimes.com.au/story/6784472/shoalhaven-hardest-hit-region-financially-from-bushfires/,OK,200,,2026-10-02,
https://www.undrr.org/publication/technical-guidance-monitoring-and-reporting-progress-achieving-global-targets-sendai,OK,200,,2026-10-02,
https://www.unimelb.edu.au/newsroom/news/2016/november/social-ties-critical-for-black-saturday-bushfires-survivors-study,BLOCKED,403,,2026-10-02,
https://www.unimelb.edu.au/newsroom/news/2021/march/bushfire-recovery-its-a-long-story-10-year-report,BLOCKED,403,,2026-10-02,
https://www.upperhunter.nsw.gov.au/Public-notices/Annual-Financial-Statements,BLOCKED,403,,2026-10-02,
https://www.upperhunter.nsw.gov.au/files/assets/public/council/documents-and-policies/key-planning-documents/2020/upper-hunter-shire-council-financial-statements-2018-19.pdf,BLOCKED,403,,2026-10-02,
https://www.upperhunter.nsw.gov.au/files/assets/public/council/documents-and-policies/key-planning-documents/2021/annual_financial_statements-2021.pdf,BLOCKED,403,,2026-10-02,
https://www.upperhunter.nsw.gov.au/files/assets/public/council/documents-and-policies/key-planning-documents/2022/annual-report/annual_financial_statements-2022-final.pdf,BLOCKED,403,,2026-10-02,
https://www.upperhunter.nsw.gov.au/files/assets/public/v/1/annual_financial_statements-2023-final.pdf,BLOCKED,403,,2026-10-02,
https://www.upperlachlan.nsw.gov.au/2020-business-papers,OK,200,https://upperlachlan.nsw.gov.au/council/council-meetings/,2026-10-02,
https://www.upperlachlan.nsw.gov.au/council/council-meetings/,OK,200,https://upperlachlan.nsw.gov.au/council/council-meetings/,2026-10-02,
https://www.upperlachlan.nsw.gov.au/council/council-meetings/archives,OK,200,https://upperlachlan.nsw.gov.au/council/council-meetings/archives/,2026-10-02,
https://www.upperlachlan.nsw.gov.au/council/council-meetings/council-meeting-minutes,OK,200,https://upperlachlan.nsw.gov.au/council/council-meetings/,2026-10-02,
https://www.upperlachlan.nsw.gov.au/wp-content/uploads/2022/11/17-February-2022-Minutes.pdf,OK,200,,2026-10-02,
https://www.upperlachlan.nsw.gov.au/wp-content/uploads/2022/11/19-May-2022-Minutes.pdf,OK,200,,2026-10-02,
https://www.upperlachlan.nsw.gov.au/wp-content/uploads/2022/11/Annual-Financial-Statements-2021-2022.pdf,OK,200,,2026-10-02,
https://www.upperlachlan.nsw.gov.au/wp-content/uploads/2022/12/Annual_Financial_Statements-2021-small.pdf,OK,200,,2026-10-02,
https://www.upperlachlan.nsw.gov.au/wp-content/uploads/2022/12/Financial-Statements-2015-2016.pdf,OK,200,,2026-10-02,
https://www.upperlachlan.nsw.gov.au/wp-content/uploads/2022/12/Financial-Statements-2016-2017.pdf,OK,200,,2026-10-02,
https://www.upperlachlan.nsw.gov.au/wp-content/uploads/2022/12/Financial-Statements-2017-2018.pdf,OK,200,,2026-10-02,
https://www.upperlachlan.nsw.gov.au/wp-content/uploads/2022/12/Financial-Statements-2018-2019.pdf,OK,200,,2026-10-02,
https://www.upperlachlan.nsw.gov.au/wp-content/uploads/2022/12/Financial-Statements-2019-2020.pdf,OK,200,,2026-10-02,
https://www.upperlachlan.nsw.gov.au/wp-content/uploads/2023/01/18-February-2021-Agenda.pdf,OK,200,,2026-10-02,
https://www.upperlachlan.nsw.gov.au/wp-content/uploads/2023/01/20-May-2021-Agenda.pdf,OK,200,,2026-10-02,
https://www.upperlachlan.nsw.gov.au/wp-content/uploads/2023/01/ULSC-Financial-Statements-2021-2022.pdf,OK,200,,2026-10-02,
https://www.upperlachlan.nsw.gov.au/wp-content/uploads/2023/05/17-November-2020-Agenda.pdf,OK,200,,2026-10-02,
https://www.upperlachlan.nsw.gov.au/wp-content/uploads/2023/05/20-February-2020-Agenda.pdf,OK,200,,2026-10-02,
https://www.upperlachlan.nsw.gov.au/wp-content/uploads/2023/05/21-May-2020-Agenda.pdf,OK,200,,2026-10-02,
https://www.upperlachlan.nsw.gov.au/wp-content/uploads/2023/05/21-November-2019-Agenda-Part-1.pdf,OK,200,,2026-10-02,
https://www.upperlachlan.nsw.gov.au/wp-content/uploads/2023/05/21-November-2019-Agenda-Part-2.pdf,OK,200,,2026-10-02,
https://www.uralla.nsw.gov.au/Council/Council-information/Office-of-Local-Government-Data,BLOCKED,403,,2026-10-02,
https://www.uralla.nsw.gov.au/Your-Council/Council-plans-reporting-and-documents/Council-reporting-and-performance,BLOCKED,403,,2026-10-02,
https://www.uralla.nsw.gov.au/files/assets/public/community/community-information/consultation/financial-statements-for-the-year-ended-30-june-2021.pdf,BLOCKED,403,,2026-10-02,
https://www.uralla.nsw.gov.au/files/assets/public/council/financial-statements/annual-financial-statements-30-june-2017.pdf,BLOCKED,403,,2026-10-02,
https://www.uralla.nsw.gov.au/files/assets/public/council/financial-statements/annual-financial-statements-30-june-2018.pdf,BLOCKED,403,,2026-10-02,
https://www.uralla.nsw.gov.au/files/assets/public/hptrim/financial-management-financial-reporting-preparation-and-review-of-financial-statements-and-summaries-annual-financial-reports-2018-2019/annual-financial-statements-for-the-year-ended-30-june-2019-general-purpose-and-financial-statements-and-special-schedules-signed-22-october-2019.pdf,BLOCKED,403,,2026-10-02,
https://www.uralla.nsw.gov.au/files/assets/public/v/1/council/financial-statements/annual-financial-statements-30-june-2016.pdf,BLOCKED,403,,2026-10-02,
https://www.uralla.nsw.gov.au/files/assets/public/v/1/council/financial-statements/annual-financial-statements-30-june-2017.pdf,BLOCKED,403,,2026-10-02,
https://www.uralla.nsw.gov.au/files/assets/public/v/1/council/financial-statements/annual-financial-statements-30-june-2018.pdf,BLOCKED,403,,2026-10-02,
https://www.uralla.nsw.gov.au/files/assets/public/v/1/council/financial-statements/financial-statements-for-the-year-ended-30-june-2021.pdf,BLOCKED,403,,2026-10-02,
https://www.uralla.nsw.gov.au/files/assets/public/v/1/hptrim/financial-management-financial-reporting-preparation-and-review-of-financial-statements-and-summaries-annual-financial-reports-2018-2019/signed-financial-statements-with-audit-reports-final-for-web.pdf,BLOCKED,403,,2026-10-02,
https://www.uralla.nsw.gov.au/files/assets/public/v/1/hptrim/financial-management-financial-reporting-preparation-and-review-of-financial-statements-and-summaries-annual-financial-reports-2019-2020/annual-financial-statements-for-2020-with-signed-declarations-by-councillors-and-management-and-audit-reports.pdf,BLOCKED,403,,2026-10-02,
https://www.uralla.nsw.gov.au/files/assets/public/v/2/council/council-information/strategic-planning-and-reporting/financial-statements/annual-financial-statement-audited-2023-2024.pdf,BLOCKED,403,,2026-10-02,
https://www.uralla.nsw.gov.au/files/assets/public/v/2/council/council-information/strategic-planning-and-reporting/financial-statements/uralla-shire-council-annual-financial-statements-2022-2023.pdf,BLOCKED,403,,2026-10-02,
https://www.uralla.nsw.gov.au/files/assets/public/v/2/hptrim/financial-management-financial-reporting-preparation-and-review-of-financial-statements-and-summaries-annual-financial-reports-statements-2022-23-financial-year/uralla-shire-council-financial-statements-for-the-year-ended-30-june-2022.pdf,BLOCKED,403,,2026-10-02,
https://www.urban.com.au/news/council-rates-relief-for-bushfire-affected-communities,OK,200,https://www.apartments.com.au/news/council-rates-relief-for-bushfire-affected-communities,2026-10-02,
https://www.urban.com.au/news/nsw-bushfires-will-result-in-insurance-premium-rise,OK,200,https://www.apartments.com.au/news/nsw-bushfires-will-result-in-insurance-premium-rise,2026-10-02,
https://www.urban.com.au/news/properties-under-fire-why-so-many-australians-are-inadequately-insured-against-disaster,OK,200,https://www.apartments.com.au/news/properties-under-fire-why-so-many-australians-are-inadequately-insured-against-disaster,2026-10-02,
https://www.uwa.edu.au/-/media/Faculties/FABLE/Docs/After-the-fires/After-the-Fires-Survey-Report-Full-Wave-1.pdf,OK,200,,2026-10-02,
https://www.uwa.edu.au/-/media/Faculties/FABLE/Docs/UWA0001_After-the-Fires-Survey-Report_Exec-Summary_Infographic.pdf,OK,200,,2026-10-02,
https://www.uwa.edu.au/news/Article/2021/October/Survey-reveals-mental-health-impact-of-Black-Summer-fires-on-emergency-workers,OK,200,,2026-10-02,
https://www.uwa.edu.au/schools/-/media/Faculties/FABLE/Docs/After-the-fires/AfterTheFires_QualitativeStudy_ExecSummary-Wave-1.pdf,OK,200,,2026-10-02,
https://www.vec.vic.gov.au/electoral-boundaries/local-councils,OK,200,,2026-10-02,
https://www.vic.gov.au/2019-20-eastern-victorian-bushfires,OK,200,,2026-10-02,
https://www.vic.gov.au/bushfire-recovery-grants-local-government-authorities-and-community-service-organisations,OK,200,,2026-10-02,
https://www.vic.gov.au/know-your-council,OK,200,,2026-10-02,
https://www.vic.gov.au/sites/default/files/2026-04/Renting-in-Victoria-Snapshot-2020-Technical-Paper-002-.pdf,OK,200,,2026-10-02,
https://www.vic.gov.au/sites/default/files/2026-04/Renting-in-Victoria-Snapshot-2021-Technical-Paper.pdf,OK,200,,2026-10-02,
https://www.vic.gov.au/sites/default/files/2026-04/Renting-in-Victoria-Snapshot-2022-Technical-Paper.pdf,OK,200,,2026-10-02,
https://www.vic.gov.au/strong-foundations/strong-foundation-now-place/our-reform-journey-so-far,OK,200,,2026-10-02,
https://www.vic.gov.au/why-were-changing-our-response-family-violence,OK,200,,2026-10-02,
https://www.vice.com/el/article/h-zwh-prospa8ei-na-epistrepsei-sto-mati/,OK,200,,2026-10-02,
https://www.wa.gov.au/government/media-statements/Cook-Labor-Government/Joint-media-statement---Disaster-assistance-available-for-Western-Australia,BROKEN,404,,2026-10-02,
https://www.wa.gov.au/government/media-statements/McGowan-Labor-Government/Joint-media-statement---Wooroloo-bushfire-recovery-six-months-on-20210804,OK,200,,2026-10-02,
https://www.wa.gov.au/system/files/2020-02/Reframing%20Rural%20Fire%20Management%20-%20Report%20of%20the%20Special%20Inquiry%20into%20the%20January%202016%20Waroona%20Fire.pdf,OK,200,,2026-10-02,
https://www.wa.gov.au/system/files/2022-09/Wooroloo-Bushfire-Review-2021.pdf,OK,200,,2026-10-02,
https://www.walcha.nsw.gov.au,OK,200,https://walcha.nsw.gov.au/,2026-10-02,
https://www.walcha.nsw.gov.au/council/agendas-minutes/agendas-business-papers/2020-business-papers.aspx,OK,200,https://walcha.nsw.gov.au/council/agendas-minutes/agendas-business-papers/2020-business-papers-agendas/,2026-10-02,
https://www.walgett.nsw.gov.au/Council/Council-documents,OK,200,,2026-10-02,
https://www.walgett.nsw.gov.au/Council/Council-documents/Annual-reports,OK,200,,2026-10-02,
https://www.walgett.nsw.gov.au/assets/files/2af8150811059fd5-1776850668149_213454a8.pdf,OK,200,,2026-10-02,
https://www.walgett.nsw.gov.au/assets/files/3ac7630e80ed.pdf,OK,200,,2026-10-02,
https://www.walgett.nsw.gov.au/assets/files/3bccd477e4ff932c-1776850895486_f705586e.pdf,OK,200,,2026-10-02,
https://www.walgett.nsw.gov.au/assets/files/6b9035bb0176e503-1776850842707_cadac591.pdf,OK,200,,2026-10-02,
https://www.walgett.nsw.gov.au/assets/files/9b64bedcbe800e7c-1776850628648_a754df79.pdf,OK,200,,2026-10-02,
https://www.walgett.nsw.gov.au/assets/files/a0b33c2fa17f205e-1775604055055_5996ee48.pdf,OK,200,,2026-10-02,
https://www.walgett.nsw.gov.au/assets/files/c66333cc8e02e36f-1776850967875_92d8b159.pdf,OK,200,,2026-10-02,
https://www.walgett.nsw.gov.au/council/council-documents/corporate-plans-reports,OK,200,,2026-10-02,
https://www.walgett.nsw.gov.au/files/assets/public/council/documents/2018-annual-financial-statements-for-general-use.pdf,OK,200,,2026-10-02,
https://www.walgett.nsw.gov.au/files/assets/public/council/documents/annual-financial-statements-2020.pdf,OK,200,,2026-10-02,
https://www.walgett.nsw.gov.au/files/assets/public/council/documents/walgett-shire-council-annual-financial-statements-2019.pdf,OK,200,,2026-10-02,
https://www.walgett.nsw.gov.au/files/assets/public/council/documents/walgett-shire-council-financial-statements-2017.pdf,OK,200,,2026-10-02,
https://www.walgett.nsw.gov.au/files/assets/public/v/1/department/finance/2023-2024-financial-statement.pdf,OK,200,,2026-10-02,
https://www.walgett.nsw.gov.au/files/assets/public/v/5/council/council-documents/financial-statements/walgett-shire-council-financial-statements-2022-2023.pdf,OK,200,,2026-10-02,
https://www.waroona.wa.gov.au/shire/about-waroona/statistics.aspx,OK,200,,2026-10-02,
https://www.warren.nsw.gov.au/General%20Purpose%20Financial%20Statements%202021%2022.pdf,OK,200,,2026-10-02,
https://www.warren.nsw.gov.au/__media_downloads/19%20General%20Purpose%20Financial%20Statements%202015-2016.pdf?downloadable=1,OK,200,,2026-10-02,
https://www.warren.nsw.gov.au/__media_downloads/22%20General%20Purpose%20Financial%20Statements%202016-2017.pdf?downloadable=1,OK,200,,2026-10-02,
https://www.warren.nsw.gov.au/__media_downloads/Annual_Financial_Statements-GPFS-2019%20-%20Final.pdf?downloadable=1,OK,200,,2026-10-02,
https://www.warren.nsw.gov.au/__media_downloads/Financial%20Reports/GPFS%20-%202020-21.pdf?downloadable=1,OK,200,,2026-10-02,
https://www.warren.nsw.gov.au/__media_downloads/Financial%20Reports/GPFS-2019-20.pdf?downloadable=1,OK,200,,2026-10-02,
https://www.warren.nsw.gov.au/__media_downloads/Financial%20Reports/GPFS-2022.pdf?downloadable=1,OK,200,,2026-10-02,
https://www.warren.nsw.gov.au/__media_downloads/Financial%20Reports/GPFS-2024.pdf?downloadable=1,OK,200,,2026-10-02,
https://www.warren.nsw.gov.au/__media_downloads/Financial%20Reports/Warren%20Shire%20Council%20-%20Financial%20Statements-GPFS-2023.pdf?downloadable=1,OK,200,,2026-10-02,
https://www.warren.nsw.gov.au/__media_downloads/General%20Purpose%20Financial%20Statements%202017-2018.pdf?downloadable=1,OK,200,,2026-10-02,
https://www.warren.nsw.gov.au/council/annual-reports,OK,200,,2026-10-02,
https://www.warren.nsw.gov.au/council/financial-reports,OK,200,,2026-10-02,
https://www.warrumbungle.nsw.gov.au/ArticleDocuments/1294/Item 20 Attachment 1 - Final Annual Financial Statements-20-21.pdf.aspx,BLOCKED,403,https://www.warrumbungle.nsw.gov.au/ArticleDocuments/1294/Item%2020%20Attachment%201%20-%20Final%20Annual%20Financial%20Statements-20-21.pdf.aspx,2026-10-02,
https://www.warrumbungle.nsw.gov.au/ArticleDocuments/1294/Item%2020%20Attachment%201%20-%20Final%20Annual%20Financial%20Statements-20-21.pdf.aspx,BLOCKED,403,,2026-10-02,
https://www.warrumbungle.nsw.gov.au/ArticleDocuments/1517/Item 13 Attachment 1 - Warrumbungle Shire Council - Financial Statements - 2022-23.pdf.aspx,BLOCKED,403,https://www.warrumbungle.nsw.gov.au/ArticleDocuments/1517/Item%2013%20Attachment%201%20-%20Warrumbungle%20Shire%20Council%20-%20Financial%20Statements%20-%202022-23.pdf.aspx,2026-10-02,
https://www.warrumbungle.nsw.gov.au/ArticleDocuments/1517/Item%2013%20Attachment%201%20-%20Warrumbungle%20Shire%20Council%20-%20Financial%20Statements%20-%202022-23.pdf.aspx,BLOCKED,403,,2026-10-02,
https://www.warrumbungle.nsw.gov.au/files/assets/public/v/1/our-council/publications-amp-reports/annual-financial-statements-2023-2024.pdf,BLOCKED,403,,2026-10-02,
https://www.waterconnect.sa.gov.au/Content/Downloads/DEW/VEG_SAVegetation_shp.zip,OK,200,https://apps.waterconnect.sa.gov.au/GISDownloads/VEG_SAVegetation_shp.zip,2026-10-02,
https://www.waverley.nsw.gov.au/council/policies_plans_strategies_and_reports/annual_statement_of_accounts,BLOCKED,403,,2026-10-02,
https://www.weddin.nsw.gov.au/Council/Integrated-Planning-and-Reporting/Reports,BLOCKED,403,,2026-10-02,
https://www.weddin.nsw.gov.au/files/assets/public/v/1/council/plans-strategies-amp-reports/ipr/annual-report/weddin-shire-council-audited-financial-statements-2023-24_redacted.pdf,BLOCKED,403,,2026-10-02,
https://www.weddin.nsw.gov.au/files/assets/public/v/1/council/plans-strategies-amp-reports/ipr/reports/2017-2018_weddin-shire-council-financial-statements.pdf,BLOCKED,403,,2026-10-02,
https://www.weddin.nsw.gov.au/files/assets/public/v/1/council/plans-strategies-amp-reports/ipr/reports/2018-2019_weddin_shire_council-financial-statements.pdf,BLOCKED,403,,2026-10-02,
https://www.weddin.nsw.gov.au/files/assets/public/v/1/council/plans-strategies-amp-reports/ipr/reports/2019-2020_weddin-shire-council-financial-statements.pdf,BLOCKED,403,,2026-10-02,
https://www.weddin.nsw.gov.au/files/assets/public/v/1/council/plans-strategies-amp-reports/ipr/reports/2020-2021_weddin-shire-council-financial-statements.pdf,BLOCKED,403,,2026-10-02,
https://www.weddin.nsw.gov.au/files/assets/public/v/1/council/plans-strategies-amp-reports/ipr/reports/20221220-final_annual_financial_statements-2022.pdf,BLOCKED,403,,2026-10-02,
https://www.weddin.nsw.gov.au/files/assets/public/v/1/council/plans-strategies-amp-reports/ipr/reports/2023-annual-financial-statements_audited.pdf,BLOCKED,403,,2026-10-02,
https://www.weddin.nsw.gov.au/files/assets/public/v/1/council/plans-strategies-amp-reports/ipr/reports/annualreport2015-2016.pdf,BLOCKED,403,,2026-10-02,
https://www.weddin.nsw.gov.au/files/assets/public/v/1/council/plans-strategies-amp-reports/ipr/reports/annualreport2016-2017.pdf,BLOCKED,403,,2026-10-02,
https://www.weforum.org/stories/2022/10/smoke-can-harm-kids-ability-to-learn-health-exposure-climate-change/,BLOCKED,403,,2026-10-02,
https://www.weforum.org/stories/climate-action/smoke-can-harm-kids-ability-to-learn-health-exposure-climate-change/,BLOCKED,403,,2026-10-02,
https://www.wellingtontimes.com.au/story/6672585/report-outlines-toll-of-bushfire-crisis/?cs=9397,OK,200,,2026-10-02,
https://www.wellingtontimes.com.au/story/8354762/,OK,200,https://www.wellingtontimes.com.au/story/8354762/fire-danger-escalates-schools-closed-as-temperatures-soar/,2026-10-02,
https://www.wellingtontimes.com.au/story/8359487/,OK,200,https://www.wellingtontimes.com.au/story/8359487/ill-never-forget-my-daughters-blood-curdling-scream-as-the-fire-approached/,2026-10-02,
https://www.wentworth.nsw.gov.au/council/publications-policies-forms/council-publications/,OK,200,,2026-10-02,
https://www.wentworth.nsw.gov.au/wp-content/uploads/2020/05/Annual-Report-17-18_Financial_Statements.pdf,OK,200,,2026-10-02,
https://www.wentworth.nsw.gov.au/wp-content/uploads/2020/05/Annual_Report_15-16_Financial_Statements.pdf,OK,200,,2026-10-02,
https://www.wentworth.nsw.gov.au/wp-content/uploads/2020/05/Annual_Report_16-17_Financial_Statements.pdf,OK,200,,2026-10-02,
https://www.wentworth.nsw.gov.au/wp-content/uploads/2020/05/Annual_Report_18-19_Financial_Statements.pdf,OK,200,,2026-10-02,
https://www.wentworth.nsw.gov.au/wp-content/uploads/2020/12/2019-2020-Wentworth-Shire-Council-Annual-Report-and-Financial-Statements.pdf,OK,200,,2026-10-02,
https://www.wentworth.nsw.gov.au/wp-content/uploads/2021/11/Annual_Financial_Statements-2021-Final.pdf,OK,200,,2026-10-02,
https://www.wentworth.nsw.gov.au/wp-content/uploads/2022/11/Wentworth-Shire-Council-Financial-Statements-2021-22.pdf,OK,200,,2026-10-02,
https://www.wentworth.nsw.gov.au/wp-content/uploads/2023/11/Annual-Financial-Statements-31-October-2023.pdf,OK,200,,2026-10-02,
https://www.wentworth.nsw.gov.au/wp-content/uploads/2024/11/Wentworth-Shire-Council-Financial-Statements-2023-24.pdf,OK,200,,2026-10-02,
https://www.westernsydney.edu.au/news-centre/stories/2020/value-beyond-money-australias-special-dependence-on-volunteer-firefighters,OK,200,,2026-10-02,
https://www.westernsydney.edu.au/newscentre/news_centre/story_archive/2020/value_beyond_money_australias_special_dependence_on_volunteer_firefighters,OK,200,https://www.westernsydney.edu.au/news-centre/stories/2020/value-beyond-money-australias-special-dependence-on-volunteer-firefighters,2026-10-02,
https://www.wildvisualizer.com/conversation/wildchat/765013,OK,200,,2026-10-02,
https://www.willoughby.nsw.gov.au/Council/Policies-and-publications/Publications/2021-Annual-Financial-Statements-2021-2022,BLOCKED,403,,2026-10-02,
https://www.wineaustralia.com/market-insights/national-vintage-report,OK,200,,2026-10-02,
https://www.wollondilly.nsw.gov.au/assets/Documents-NEW/Council/Corporate-Planning-and-Reporting/2019-20-Capital-Works-Program-Project-Listing-as-at-31-March-Quarterly-Budget-Review.pdf,OK,200,,2026-10-02,
https://www.wollondilly.nsw.gov.au/assets/Documents-NEW/Council/Corporate-Planning-and-Reporting/Annual-Financial-Statements-2016-17.PDF,OK,200,,2026-10-02,
https://www.wollondilly.nsw.gov.au/assets/Documents-NEW/Council/Corporate-Planning-and-Reporting/March-2021-Quarterly-Budget-Rerview-Statement.pdf,OK,200,,2026-10-02,
https://www.wollondilly.nsw.gov.au/assets/Documents-NEW/Council/Corporate-Planning-and-Reporting/Quarterly-Budget-Review/December-2021-2022-Quarterly-Budget-Review.pdf,OK,200,,2026-10-02,
https://www.wollondilly.nsw.gov.au/assets/Documents-NEW/Council/Corporate-Planning-and-Reporting/Quarterly-Budget-Review/QBRS-MARCH-FULL-DOCUMENT.pdf,OK,200,,2026-10-02,
https://www.wollondilly.nsw.gov.au/assets/Documents-NEW/Council/Corporate-Planning-and-Reporting/Quarterly-Budget-Review/September-2021-2022-Quarterly-Budget-Review.pdf,OK,200,,2026-10-02,
https://www.wollondilly.nsw.gov.au/assets/Documents-NEW/Council/Corporate-Planning-and-Reporting/Wollondilly-Shire-Council-Audited-Financial-Statements-30-June-2021.pdf,OK,200,,2026-10-02,
https://www.wollondilly.nsw.gov.au/assets/Documents-NEW/Council/Corporate-Planning-and-Reporting/Wollondilly-Shire-Council-Financial-Statements-2021-2022.pdf,OK,200,,2026-10-02,
https://www.wollondilly.nsw.gov.au/assets/Documents-NEW/Resident-Services/Emergency-Information/Activate-Wollondilly-Long-Term-Recovery-Resiliance-Plan-2.pdf,OK,200,,2026-10-02,
https://www.wollondilly.nsw.gov.au/assets/Documents/Council/Council-Documents/Reports-and-Discussion-Papers/Financial-Statements/Wollondilly-Shire-Council-Financial-Statements-2015-16.pdf,OK,200,,2026-10-02,
https://www.wollondilly.nsw.gov.au/assets/Documents/Council/Integrated-Planning-and-Reporting/WSC-Quarterly-Review-December-2018.pdf,OK,200,,2026-10-02,
https://www.wollondilly.nsw.gov.au/assets/Documents/Council/Integrated-Planning-and-Reporting/WSC-Quarterly-Review-March-2019-including-Operational-Plan-Update.pdf,OK,200,,2026-10-02,
https://www.wollondilly.nsw.gov.au/assets/Documents/Council/Integrated-Planning-and-Reporting/WSC-Quarterly-Review-March-2019.pdf,BROKEN,404,,2026-10-02,
https://www.wollondilly.nsw.gov.au/assets/Documents/Council/Integrated-Planning-and-Reporting/WSC-Quarterly-Review-September-2018.pdf,OK,200,,2026-10-02,
https://www.wollondilly.nsw.gov.au/assets/Documents/Resident-Services/Rates/Financial-Statements-2018-19.pdf,OK,200,,2026-10-02,
https://www.wollondilly.nsw.gov.au/assets/Uploads/2020-2021-Capital-Works-Program-Project-Listing-as-at-September-Quarterly-Review-final-3.pdf,OK,200,,2026-10-02,
https://www.wollondilly.nsw.gov.au/assets/Uploads/Annual-Financial-Statements-for-the-year-ended-30-June-2018.pdf,OK,200,,2026-10-02,
https://www.wollondilly.nsw.gov.au/assets/Uploads/Audited-Annual-Financial-Statements.pdf,OK,200,,2026-10-02,
https://www.wollondilly.nsw.gov.au/assets/Uploads/December-2020-Quarterly-Report-2.pdf,OK,200,,2026-10-02,
https://www.wollondilly.nsw.gov.au/council/corporate-planning-and-reporting/reporting,OK,200,,2026-10-02,
https://www.wollondilly.nsw.gov.au/council/meetings/ordinary-meeting-of-council,OK,200,,2026-10-02,
https://www.wollondilly.nsw.gov.au/home/latest-news/councils-quarterly-budget-review-reveals-sound-financial-position-as-progress-continues-on-delivery-of-capital-works-program,OK,200,,2026-10-02,
https://www.woolcock.org.au/news/inhaler-demand-spiked-during-2019-20-bushfires-report,OK,200,,2026-10-02,
https://www.woollahra.nsw.gov.au/Council/Vision-structure-and-financial-sustainability/Integrated-planning-and-reporting/Annual-report,BLOCKED,403,,2026-10-02,
https://www.wsc.nsw.gov.au/Council/Annual-Reports,BLOCKED,403,,2026-10-02,
https://www.wsc.nsw.gov.au/Council/Council-Meeting-Minutes-Agendas,BLOCKED,403,,2026-10-02,
https://www.wsc.nsw.gov.au/Council/Policies-Strategies-and-Reports/Council-Reports/Progress-Reports,BLOCKED,403,,2026-10-02,
https://www.wsc.nsw.gov.au/council/council-reports/Progress-Reports,BLOCKED,403,,2026-10-02,
https://www.wsc.nsw.gov.au/files/assets/public/council/annual-reports/annual_financial_statements_2021-2022.pdf,BLOCKED,403,,2026-10-02,
https://www.wsc.nsw.gov.au/files/assets/public/v/1/council/finance-committees/fc_18112020_agn_at_saved.pdf,BLOCKED,403,,2026-10-02,
https://www.wsc.nsw.gov.au/files/assets/public/v/1/council/meeting-minutes/2019/wsc-13-november-2019-agenda.pdf,BLOCKED,403,,2026-10-02,
https://www.wsc.nsw.gov.au/files/assets/public/v/1/council/meeting-minutes/2020/wsc-13-may-2020-agenda.pdf,BLOCKED,403,,2026-10-02,
https://www.wsc.nsw.gov.au/files/assets/public/v/1/council/meeting-minutes/2020/wsc-26-february-2020-agenda.pdf,BLOCKED,403,,2026-10-02,
https://www.wsc.nsw.gov.au/files/assets/public/v/1/council/meeting-minutes/2020/wsc-9-december-2020-agenda.pdf,BLOCKED,403,,2026-10-02,
https://www.wsc.nsw.gov.au/files/assets/public/v/4/council/annual-reports/wsc-audited-financial-statements-2016-2017.pdf,BLOCKED,403,,2026-10-02,
https://www.wsc.nsw.gov.au/files/assets/public/v/4/council/annual-reports/wsc-audited-financial-statements-2017-2018.pdf,BLOCKED,403,,2026-10-02,
https://www.wusf.org/2023-09-19/australian-wildfire-danger-causes-fire-ban-in-sydney-and-closes-schools,OK,200,,2026-10-02,
https://www.xprimm.com/GREECE-More-than-30-million-euros-in-insurance-payouts-over-Attica-fire-tragedy-articol-140-11839.htm,SERVER ERROR,503,,2026-10-02,
https://www.yahoo.com/news/rents-rise-faster-disasters-federal-190225696.html,OK,200,,2026-10-02,
https://www.yahoo.com/news/survey-reveals-slight-recovery-since-213300909.html,OK,200,https://www.yahoo.com/news/articles/survey-reveals-slight-recovery-since-213300909.html,2026-10-02,
https://www.yahoo.com/news/three-fourths-homeowners-may-not-215126119.html,OK,200,,2026-10-02,
https://www.yassvalley.nsw.gov.au/Our-Council/Policies-Plans-and-Reports/IPR-Reporting-Documents,BLOCKED,403,,2026-10-02,
https://www.yassvalley.nsw.gov.au/files/assets/public/v/1/ipr-council-docs/ipampr/annual_financial_statements_2022.pdf,BLOCKED,403,,2026-10-02,
https://www.yassvalley.nsw.gov.au/files/assets/public/v/1/our-council/policies-plans-and-reports/2022-2023-annual-financial-statements.pdf,BLOCKED,403,,2026-10-02,
https://www.youi.com.au/home-insurance/articles/meet-the-modern-australian-volunteer-firefighter,OK,200,,2026-10-02,
https://www.youi.com.au/home-insurance/articles/more-volunteer-firefighters-needed-for-the-bushfire-season-ahead,OK,200,,2026-10-02,
https://www.youi.com.au/you-connect/you-prepared/meet-the-modern-australian-volunteer-firefighter,OK,200,https://www.youi.com.au/home-insurance/articles/meet-the-modern-australian-volunteer-firefighter,2026-10-02,
https://www.yourcouncil.nsw.gov.au/?p=1120,OK,200,https://www.yourcouncil.nsw.gov.au/faq/,2026-10-02,
https://www.yourcouncil.nsw.gov.au/data,OK,200,https://www.yourcouncil.nsw.gov.au/data/,2026-10-02,
https://www.yourcouncil.nsw.gov.au/nsw-overview/assets/,OK,200,,2026-10-02,
https://www.yourcouncil.nsw.gov.au/wp-content/uploads/2020/05/Your-Council-2018-19-Data-Definitions-and-Source.pdf,OK,200,,2026-10-02,
https://www.yourcouncil.nsw.gov.au/wp-content/uploads/2022/12/Your_Council_2020-21_Data_Definitions_and_Source.pdf,OK,200,,2026-10-02,
https://www.yoursay.randwick.nsw.gov.au/FinancialStatements2018-19,OK,200,,2026-10-02,
https://www.yoursay.randwick.nsw.gov.au/financial-statements-2023-24,OK,200,,2026-10-02,
https://www.yoursay.randwick.nsw.gov.au/financialstatement2020-21,OK,200,,2026-10-02,
https://www.yoursay.randwick.nsw.gov.au/financialstatements2022-23,OK,200,,2026-10-02,
https://www1.racgp.org.au/newsgp/professional/latest-mental-health-services-data-released,OK,200,,2026-10-02,
https://www1.racgp.org.au/newsgp/professional/use-of-general-practice-and-enhanced-primary-care,OK,200,,2026-10-02,
https://www2.deloitte.com/au/en/pages/economics/articles/building-australias-natural-disaster-resilience.html,OK,200,https://www.deloitte.com/au/en/services/economics/perspectives/building-australias-natural-disaster-resilience.html,2026-10-02,
https://www2.environment.nsw.gov.au/sites/default/files/nsw-wildlife-and-conservation-bushfire-recovery-supplement-a-assessing-impact-200478.pdf,OK,200,https://www.environment.nsw.gov.au/sites/default/files/nsw-wildlife-and-conservation-bushfire-recovery-supplement-a-assessing-impact-200478.pdf,2026-10-02,
https://x.com/NSWRFS/status/1896093244733219285,OK,200,,2026-10-02,
https://yassvalley.nsw.gov.au/files/assets/public/v/1/ipr-council-docs/ipampr/annual-financial-statements-2023-2024.pdf,FAILED,,,2026-10-02,"SSLError: HTTPSConnectionPool(host='yassvalley.nsw.gov.au', port=443): Max retries exceeded with url: /files/assets/public/v/1/ipr-council-docs/ipampr/annual-fi"
https://youi.com.au/you-connect/you-prepared/more-volunteer-firefighters-needed-for-the-bushfire-season-ahead,OK,200,https://www.youi.com.au/home-insurance/articles/more-volunteer-firefighters-needed-for-the-bushfire-season-ahead,2026-10-02,
https://yourcouncil.nsw.gov.au/faq,OK,200,https://yourcouncil.nsw.gov.au/faq/,2026-10-02,
https://yourcouncil.nsw.gov.au/nsw-overview/finances/,OK,200,,2026-10-02,
https://yoursay.armidale.nsw.gov.au/presentation-of-financial-statements-2019,OK,200,,2026-10-02,
https://yoursay.bathurst.nsw.gov.au/presentation-financial-statements/news_feed/financial-statements-2021-2022,OK,200,,2026-10-02,
https://yoursay.innerwest.nsw.gov.au/financial-statements-2021-2022,BROKEN,404,,2026-10-02,
https://yoursay.innerwest.nsw.gov.au/financial-statements-2023-2024,OK,200,,2026-10-02,
https://yoursay.lismore.nsw.gov.au/2023-24-financial-statements,OK,200,,2026-10-02,
https://yoursay.lismore.nsw.gov.au/2023-financial-reports,OK,200,,2026-10-02,
https://yoursay.lismore.nsw.gov.au/21-22-financial-reports,OK,200,,2026-10-02,
https://yoursay.lismore.nsw.gov.au/40719/widgets/221558/documents/90720/download,OK,200,https://ehq-production-australia.s3.ap-southeast-2.amazonaws.com/b73edaf6a501926957c8640ea081dd53bb84746d/documents/attachments/000/090/720/original/Financial_Reports_2017-2018.pdf?X-Amz-Algorithm=AWS4-HMAC-SHA256&X-Amz-Credential=AKIA4KKNQAKIII4DU7AG%2F20261002%2Fap-southeast-2%2Fs3%2Faws4_request&X-Amz-Date=20261002T050604Z&X-Amz-Expires=300&X-Amz-SignedHeaders=host&X-Amz-Signature=c217820faf150afd20760fed7cfd6371406a45bc8693a2031b4e8d29a2305654,2026-10-02,
https://yoursay.lismore.nsw.gov.au/51519/widgets/269952/documents/122801/download,OK,200,https://ehq-production-australia.s3.ap-southeast-2.amazonaws.com/eadb250104f9bd31d0a330faa992c6309491f0e8/documents/attachments/000/122/801/original/Annual_Financial_Statements-2019_%282%29.pdf?X-Amz-Algorithm=AWS4-HMAC-SHA256&X-Amz-Credential=AKIA4KKNQAKIII4DU7AG%2F20261002%2Fap-southeast-2%2Fs3%2Faws4_request&X-Amz-Date=20261002T050701Z&X-Amz-Expires=300&X-Amz-SignedHeaders=host&X-Amz-Signature=c052d06bdc6267e7fb7931ecc53530aa9ad2b2c26665ee35abd4bab1106ef2f8,2026-10-02,
https://yoursay.lismore.nsw.gov.au/63792/widgets/319307/documents/188560,OK,200,,2026-10-02,
https://yoursay.lismore.nsw.gov.au/63792/widgets/319307/documents/188560/download,OK,200,https://ehq-production-australia.s3.ap-southeast-2.amazonaws.com/cd251391cbdafcab8da72cc717e7bdbe7f8ffffd/original/1606776253/2019-20_Financial_Report.pdf_de156239b4f5fcebdf992ec863607f8f?X-Amz-Algorithm=AWS4-HMAC-SHA256&X-Amz-Credential=AKIA4KKNQAKIII4DU7AG%2F20261002%2Fap-southeast-2%2Fs3%2Faws4_request&X-Amz-Date=20261002T050829Z&X-Amz-Expires=300&X-Amz-SignedHeaders=host&X-Amz-Signature=4235190c1391bbc47ce0823315ad2be5c75de30a07900798f00074fdf3c08f63,2026-10-02,
https://yoursay.lismore.nsw.gov.au/73415/widgets/355767/documents/218287/download,OK,200,https://ehq-production-australia.s3.ap-southeast-2.amazonaws.com/17ca304950e3aedc49935b06cbe76a272593bf07/original/1635400444/7c555aff04b2d9b89aa7ca6ee1c889b5_202021_Financial_Report_-_Final_with_Audit_Reports.pdf?X-Amz-Algorithm=AWS4-HMAC-SHA256&X-Amz-Credential=AKIA4KKNQAKIII4DU7AG%2F20261002%2Fap-southeast-2%2Fs3%2Faws4_request&X-Amz-Date=20261002T050900Z&X-Amz-Expires=300&X-Amz-SignedHeaders=host&X-Amz-Signature=210e095c594e7dc960b4ff7bb061ff240ea88313e6a8584c6fc0e8ba34c5b071,2026-10-02,
https://yoursay.lismore.nsw.gov.au/83201/widgets/394564/documents/250844/download,OK,200,https://ehq-production-australia.s3.ap-southeast-2.amazonaws.com/905690f35a6953b18d417deb25095ffab111b24d/original/1674533288/51b755a0280a4373a53ea59c08fd0448_Annual_Financial_Statements-2022_Final_24012023.pdf?X-Amz-Algorithm=AWS4-HMAC-SHA256&X-Amz-Credential=AKIA4KKNQAKIII4DU7AG%2F20261002%2Fap-southeast-2%2Fs3%2Faws4_request&X-Amz-Date=20261002T050931Z&X-Amz-Expires=300&X-Amz-SignedHeaders=host&X-Amz-Signature=27fe8d6482daec9204a752c7583baef31956bfcdcfd71059b8d2396ccd00421e,2026-10-02,
https://yoursay.lismore.nsw.gov.au/91037/widgets/425577/documents/276614/download,OK,200,https://ehq-production-australia.s3.ap-southeast-2.amazonaws.com/7480edf804faa17a073333fa31ef329642f7bc39/original/1704692290/e9b28429f67c0907bccd0d39f3f8c0a8_Annual_Financial_Statements-2023.pdf?X-Amz-Algorithm=AWS4-HMAC-SHA256&X-Amz-Credential=AKIA4KKNQAKIII4DU7AG%2F20261002%2Fap-southeast-2%2Fs3%2Faws4_request&X-Amz-Date=20261002T051006Z&X-Amz-Expires=300&X-Amz-SignedHeaders=host&X-Amz-Signature=3fb47de3fab7eb5316c0028fbf958b8c6d5ea306f5bbc658bdc55fdd231b6c87,2026-10-02,
https://yoursay.lismore.nsw.gov.au/FinancialReports2017-2018,OK,200,,2026-10-02,
https://yoursay.lismore.nsw.gov.au/FinancialReports2018-20191,OK,200,,2026-10-02,
https://yoursay.lismore.nsw.gov.au/annual-financial-statements,OK,200,,2026-10-02,
https://yoursay.lismore.nsw.gov.au/on-public-exhibition-audited-financial-reports-for-year-ending-30-june-2021,OK,200,,2026-10-02,
https://yoursay.lismore.nsw.gov.au/sitemap,OK,200,,2026-10-02,
https://yourvoice.camden.nsw.gov.au/governance,OK,200,,2026-10-02,
https://yourvoice.qprc.nsw.gov.au/download_file/1200/723,OK,200,https://hdp-au-prod-app-qprc-yourvoice-files.s3.ap-southeast-2.amazonaws.com/6117/4927/5295/ace89f8fd26c2b870506de9bf6093caf_2022-23_Annual_Financial_Statements.pdf,2026-10-02,
https://yourvoice.qprc.nsw.gov.au/download_file/1264/745,OK,200,https://hdp-au-prod-app-qprc-yourvoice-files.s3.ap-southeast-2.amazonaws.com/1117/4927/5622/06e44dff53d3bd2d1370a6f6a343e0ab_Annual_Financial_Statements-2023-2024.pdf,2026-10-02,
https://yourvoice.qprc.nsw.gov.au/qprc-financial-statements-2017-18,BROKEN,404,,2026-10-02,
https://yourvoice.qprc.nsw.gov.au/qprc-financial-statements-2019-20,BROKEN,404,,2026-10-02,
https://yourvoice.qprc.nsw.gov.au/qprc-financial-statements-2020-21,BROKEN,404,,2026-10-02,
https://yourvoice.qprc.nsw.gov.au/qprc-financial-statements-2022-23,OK,200,,2026-10-02,
https://yourvoice.qprc.nsw.gov.au/qprc-financial-statements-2023-24,OK,200,,2026-10-02,
