agrn,region_id,population_pre,SL4,SL4_resident,injuries_descriptive,IL2,IL3,FP1_main,FP1_h0,FP1_h12,FP1_h3,FP4_main,FP4_h0,FP4_h12,FP2_main,FP2_h0,FP2_h12,FP2_h3,FP3_main,FP3_h0,FP3_h12,FP3_h3,SL1_main,SL1_h3,SL2,SL3,IL2_olg,IL3_olg,FP1_main_olg,FP1_h0_olg,FP1_h12_olg,FP1_h3_olg,FP4_main_olg,FP4_h0_olg,FP4_h12_olg,FP2_main_olg,FP2_h0_olg,FP2_h12_olg,FP2_h3_olg,FP3_main_olg,FP3_h0_olg,FP3_h12_olg,FP3_h3_olg,SL1_main_olg,SL1_h3_olg,SL2_olg,SL3_olg
1052,10470,43653.0,,,,,-0.024345811451426176,0.015756879389870804,-0.05614941118686145,0.015756879389870804,,-3.55565,-2.4581500000000016,-4.965000000000001,,,,,,,,,-0.07969159705675288,-0.05845555401133584,-0.20993276627731414,,,-0.020599541618860462,-0.07639489409967481,-0.08501809944009597,-0.07639489409967481,,-3.55565,-2.06065,-5.038200000000001,,,,,,,,,-0.016535790124184047,7.050146595055651e-05,-0.22774141628794836,
1052,10950,2481.0,,,,,-0.025508459256286965,0.0341214530675078,0.42061051008928674,0.0341214530675078,,2.29415,0.5420999999999978,3.734349999999999,,,,,,,,,-0.0842634862163667,,0.0041872919955430465,,,,0.0341214530675078,0.4325404942659272,0.0341214530675078,,0.5868999999999964,-1.7156249999999993,1.7496499999999973,,,,,,,,,-0.05016083431483853,,-0.008617731217972602,
1052,11200,1488.0,,,,,,-0.8665009897426614,-0.7307361016710252,-0.8665009897426614,,-9.50005,-10.039250000000001,-9.2727,-0.01192166006342512,-0.015885602746496218,-0.01192166006342512,,-1.679926649334727,-1.4896973217828475,-1.679926649334727,,,,0.003985251384693161,,,,-0.8665009897426614,-0.7188061174943847,-0.8665009897426614,,-11.207300000000004,-12.296974999999998,-11.257400000000002,-0.012339792782938033,-0.013215274255464487,-0.012339792782938033,,-1.7026725729681893,-1.481004917379388,-1.7026725729681893,,,,-0.008819771828822487,
1052,11400,13760.0,,,,,-0.02562967872428198,0.08851571988805595,0.5296602825216365,0.08851571988805595,,3.401550000000001,4.63545,1.8557999999999995,,,,,,,,,-0.0619429426477307,-0.025718500660661725,0.35481524063998915,,,,0.08851571988805595,0.541590266698277,0.08851571988805595,,1.6942999999999975,2.3777250000000025,-0.12890000000000246,,,,,,,,,-0.027840290746202534,0.0042788165978508985,0.30147670683827416,
1052,12150,3834.0,,,,,-0.006606651766992266,0.13766408079097658,0.060303666862280725,0.13766408079097658,,-5.298149999999998,-2.7004,-8.207749999999999,-0.01119271393867767,0.002022194958569476,-0.01119271393867767,,0.4944755419926634,0.058342457091238864,0.4944755419926634,,0.010232719055985662,0.10560785591184185,-0.2768992946190331,,,,0.13766408079097658,0.07223365103892121,0.13766408079097658,,-7.005400000000002,-4.958124999999997,-10.192450000000001,-0.011610846658190583,0.0046925234496012075,-0.011610846658190583,,0.471729618359201,0.0670348614946984,0.471729618359201,,0.04433537095751383,0.13560517317035448,-0.2897043178325488,
1052,12350,12753.0,,,,,-0.051246069125383306,-0.29421077241673377,-0.3405449167317145,-0.29421077241673377,,-0.2970499999999969,-0.5846999999999998,-0.32124999999999915,,,,,,,,,-0.045161943745523736,-0.029933385319370842,-0.33007879816323565,,,,-0.29421077241673377,-0.328614932555074,-0.29421077241673377,,-2.0043000000000006,-2.842424999999997,-2.305950000000001,,,,,,,,,-0.011059291843995567,6.393193914178141e-05,-0.38341733196495065,
1052,12390,55518.0,,,,,0.021671970441144935,-0.2387298940285092,-0.07792874545774664,-0.2387298940285092,,0.385250000000001,1.024499999999998,-0.5658499999999993,-0.004786514267250875,-0.010312820220382171,-0.004786514267250875,,-0.0754711836193612,-0.11216118664155095,-0.0754711836193612,,-0.03440980275050265,0.009259957974454558,-0.07317382916192498,,,0.025418240273710653,-0.3308816675180548,-0.10679743371098116,-0.3308816675180548,,0.385250000000001,1.4219999999999997,-0.6390499999999992,-0.004368381547737962,-0.010476163234817534,-0.004368381547737962,,-0.052725259985898776,-0.12055756187629263,-0.052725259985898776,,0.028746004182066187,0.06778601345174096,-0.09098247917255921,
1052,15270,25704.0,,,,,-0.008239434151351225,0.008911571975437127,0.06671713967596071,0.008911571975437127,,-0.49349999999999916,-1.2422000000000022,-0.05664999999999942,,,,,,,,,-0.033074321097232406,-0.0754359386882344,-0.2804019251702353,,,-0.004493164318785511,-0.08324020151410849,0.03784845142272619,-0.08324020151410849,,-0.49349999999999916,-0.8447000000000005,-0.12984999999999935,,,,,,,,,0.03008148583533643,-0.016909883210947996,-0.2982105751808695,
1052,17620,14254.0,,,,,-0.018422512866801327,0.5816387805770731,-0.24516407618521852,0.5816387805770731,,1.3807500000000008,2.0534999999999997,0.39614999999999867,,,,,,,,,0.1095833010605114,0.07864824063680587,-0.016015415321976395,,,,0.5816387805770731,-0.23323409200857803,0.5816387805770731,,-0.3265000000000029,-0.20422499999999744,-1.5885500000000032,,,,,,,,,0.14368595296203956,0.10864555789531849,-0.028820438535492043,
1052,17900,5590.0,,,,,-0.0629538925024621,-0.045752446760152665,0.2848127482372509,-0.045752446760152665,,0.8724500000000024,1.4372000000000007,-0.00414999999999921,-0.0012924423396098192,0.0011048000327634015,-0.0012924423396098192,,0.3467289109072992,0.0995400132309664,0.3467289109072992,,-0.013201104710885758,-0.05647303770864376,0.09585978135704351,,,,-0.045752446760152665,0.2967427324138914,-0.045752446760152665,,-0.8348000000000013,-0.8205249999999964,-1.9888500000000011,-0.0017105750591227319,0.0037751285237951327,-0.0017105750591227319,,0.3239829872738368,0.10823241763442593,0.3239829872738368,,0.02090154719064241,-0.026475720450131135,0.08305475814352786,
1052,17950,2586.0,,,,,,0.0997918789945551,0.06472609580407296,0.0997918789945551,,-0.218849999999998,2.5604500000000012,-3.3099999999999987,-0.003954398010386719,0.0726648327949979,-0.003954398010386719,,-0.2534493853212555,-0.4424535591504512,-0.2534493853212555,,0.013075401428135791,0.015392841566798765,0.3294862280186308,,,,0.0997918789945551,0.07665607998071344,0.0997918789945551,,-1.9261000000000017,0.30272500000000413,-5.294700000000001,-0.0043725307298996315,0.07533516128602963,-0.0043725307298996315,,-0.2761953089547179,-0.4337611547469917,-0.2761953089547179,,0.04717805332966396,0.04539015882531139,0.3166812048051152,
1053,13660,4911.0,,,,,-0.07340554407895451,0.32167184005435523,0.5084572912664176,0.32167184005435523,,6.823050000000001,5.8854999999999995,7.4487499999999995,,,,,,,,,-0.11113735930500646,-0.09844897931347152,0.7863409574578926,,,,0.32167184005435523,0.5203872754430581,0.32167184005435523,,5.1157999999999975,3.6277750000000024,5.464049999999998,,,,,,,,,-0.07703470740347829,-0.0684516620549589,0.7672551527136671,
1053,15750,12809.0,,,,,-0.020543227968908985,0.21187265237919917,0.21176150770313695,0.21187265237919917,,7.1190000000000015,6.656799999999999,7.2693499999999975,,,,,,,,,-0.1044152392486506,-0.0817116887799223,-0.18875762084484848,,,,0.21187265237919917,0.22369149187977744,0.21187265237919917,,5.411749999999998,4.399075000000002,5.284649999999996,,,,,,,,,-0.07031258734712242,-0.051714371521409674,-0.20784342558907404,
1054,13660,4911.0,,,,,-0.07340554407895451,0.32167184005435523,0.5084572912664176,0.32167184005435523,,6.823050000000001,5.8854999999999995,7.4487499999999995,,,,,,,,,-0.11113735930500646,-0.09844897931347152,0.74167028637554,,,,0.32167184005435523,0.5203872754430581,0.32167184005435523,,5.1157999999999975,3.6277750000000024,5.464049999999998,,,,,,,,,-0.07703470740347829,-0.0684516620549589,0.7288652631620243,
1054,15300,12961.0,,,,,-0.03351244369759511,0.18445522626223987,0.1742938682947588,0.18445522626223987,,-2.248049999999999,-2.0172000000000008,-2.79075,,,,,,,,,-0.07084823331848522,-0.06426315246807057,-0.019350141213429678,,,,0.18445522626223987,0.18622385247139928,0.18445522626223987,,-3.955300000000003,-4.274924999999998,-4.775450000000002,,,,,,,,,-0.03674558141695705,-0.03426583520955795,-0.032155164426945326,
1054,15750,12809.0,,,,,-0.020543227968908985,0.21187265237919917,0.21176150770313695,0.21187265237919917,,7.1190000000000015,6.656799999999999,7.2693499999999975,,,,,,,,,-0.1044152392486506,-0.0817116887799223,-0.19374021401916652,,,,0.21187265237919917,0.22369149187977744,0.21187265237919917,,5.411749999999998,4.399075000000002,5.284649999999996,,,,,,,,,-0.07031258734712242,-0.051714371521409674,-0.24707874782088154,
1055,10850,7508.0,,,,,-0.01700330724981603,-0.07828256215072926,0.08290297335600583,-0.07828256215072926,,7.2277000000000005,5.590999999999996,8.552549999999998,0.013964852787622307,0.03084056171222172,0.013964852787622307,,0.05505983970215869,0.13461578432626453,0.05505983970215869,,-0.05578806553188098,-0.07616228363640865,0.2719817270832534,,,,-0.07828256215072926,0.09483295753264631,-0.07828256215072926,,5.520449999999997,3.3332749999999987,6.567849999999996,0.013546720068109395,0.03351089020325345,0.013546720068109395,,0.03231391606869627,0.14330818872972406,0.03231391606869627,,-0.021685413630352812,-0.04616496637789602,0.21864319328153836,
1055,11400,13760.0,,,,,-0.02562967872428198,0.08851571988805595,0.5296602825216365,0.08851571988805595,,3.401550000000001,4.63545,1.8557999999999995,,,,,,,,,-0.0619429426477307,-0.025718500660661725,0.35481524063998915,,,,0.08851571988805595,0.541590266698277,0.08851571988805595,,1.6942999999999975,2.3777250000000025,-0.12890000000000246,,,,,,,,,-0.027840290746202534,0.0042788165978508985,0.30147670683827416,
1055,12350,12753.0,,,3.0,,-0.051246069125383306,-0.29421077241673377,-0.3405449167317145,-0.29421077241673377,,-0.2970499999999969,-0.5846999999999998,-0.32124999999999915,,,,,,,,,-0.045161943745523736,-0.029933385319370842,-0.33007879816323565,,,,-0.29421077241673377,-0.328614932555074,-0.29421077241673377,,-2.0043000000000006,-2.842424999999997,-2.305950000000001,,,,,,,,,-0.011059291843995567,6.393193914178141e-05,-0.38341733196495065,
1055,14920,7608.0,,,,,0.00726853721624926,-0.24419396577928243,0.4371847648729177,-0.24419396577928243,,4.195600000000001,4.303649999999999,3.7757000000000023,,,,,,,,,-0.07446386296542773,-0.005740136367652582,-0.28882053518554096,,,,-0.24419396577928243,0.44911474904955817,-0.24419396577928243,,2.488349999999997,2.045925000000002,1.7910000000000004,,,,,,,,,-0.04036121106389956,0.02425718089086004,-0.34215906898725595,
1055,17620,14254.0,,,,,-0.018422512866801327,0.5816387805770731,-0.24516407618521852,0.5816387805770731,,1.3807500000000008,2.0534999999999997,0.39614999999999867,,,,,,,,,0.1095833010605114,0.07864824063680587,-0.09827493913716681,,,,0.5816387805770731,-0.23323409200857803,0.5816387805770731,,-0.3265000000000029,-0.20422499999999744,-1.5885500000000032,,,,,,,,,0.14368595296203956,0.10864555789531849,-0.15161347293888183,
1056,11750,4098.0,,,,,-0.03547914873962983,0.19012889778764297,0.24701262951631842,0.19012889778764297,,0.1089500000000001,2.756599999999999,-2.85055,0.0038316075567928296,0.004067830602800648,0.0038316075567928296,,0.24952491534113444,0.10607230727616956,0.24952491534113444,,-0.17597825758825358,-0.07322355309638606,0.3204568212992365,,,,0.19012889778764297,0.2589426136929589,0.19012889778764297,,-1.5983000000000036,0.49887500000000173,-4.835250000000002,0.003413474837279917,0.006738159093832378,0.003413474837279917,,0.22677899170767202,0.1147647116796291,0.22677899170767202,,-0.14187560568672541,-0.04322623583787344,0.30765179808572085,
1056,17640,8491.0,,,,,-0.030108107565807524,0.024538665191743192,0.036359679850788584,0.024538665191743192,,-0.5599999999999987,0.9354499999999994,-2.3673,0.014461254919993772,-0.02019207063287236,0.014461254919993772,,-0.07473174753261849,0.006133646595804176,-0.07473174753261849,,-0.02156086970122395,-0.03633271247337255,0.08934510033585003,,,,0.024538665191743192,0.04828966402742907,0.024538665191743192,,-2.2672500000000024,-1.3222749999999976,-4.352000000000002,0.01404312220048086,-0.01752174214184063,0.01404312220048086,,-0.09747767116608091,0.014826050999263707,-0.09747767116608091,,0.012541782200304219,-0.006335395214859929,0.07654007712233438,
1065,12160,11387.0,,,,,-0.055575922689319796,-0.4218783615964048,-0.17015325836386763,-0.4218783615964048,,-0.4843999999999973,-0.9903499999999994,-0.29029999999999845,0.0006020399988458036,0.0005827208697288114,0.0006020399988458036,,-0.3445091382693858,-0.29499575707983977,-0.3445091382693858,,0.056636915398669885,0.06882636491295457,-0.01859762909016932,,,,-0.4218783615964048,-0.15822327418722715,-0.4218783615964048,,-2.191650000000001,-3.2480749999999965,-2.2750000000000004,0.00018390727933289088,0.0032530493607605426,0.00018390727933289088,,-0.36725506190284823,-0.28630335267638024,-0.36725506190284823,,0.09073956730019805,0.0988236821714672,-0.037683433834394875,
1066,17640,8491.0,,,,,-0.030108107565807524,0.024538665191743192,0.036359679850788584,0.024538665191743192,,-0.5599999999999987,0.9354499999999994,-2.3673,0.014461254919993772,-0.02019207063287236,0.014461254919993772,,-0.07473174753261849,0.006133646595804176,-0.07473174753261849,,-0.02156086970122395,-0.03633271247337255,0.11169814898729793,,,,0.024538665191743192,0.04828966402742907,0.024538665191743192,,-2.2672500000000024,-1.3222749999999976,-4.352000000000002,0.01404312220048086,-0.01752174214184063,0.01404312220048086,,-0.09747767116608091,0.014826050999263707,-0.09747767116608091,,0.012541782200304219,-0.006335395214859929,0.058359615185582914,
1066,18710,17234.0,,,,,0.001069491110807362,-0.02377170764969616,-0.1262864077023642,-0.02377170764969616,,0.8915500000000023,-1.10595,2.5772000000000013,,,,,,,,,-0.12296650828733569,-0.1266815841980664,-0.10139506647341054,,,,-0.02377170764969616,-0.11435642352572373,-0.02377170764969616,,-0.8157000000000014,-3.363674999999997,0.5924999999999994,,,,,,,,,-0.08886385638580752,-0.09668426693955379,-0.15473360027512556,
1070,10550,35988.0,,,,,-0.0876354646486644,-0.18961543113596857,-0.3595097890240231,-0.18961543113596857,,7.845499999999999,7.845499999999999,,,,,,,,,,-0.03921488288542818,-0.01540594376202531,-0.0635400188079816,,,-0.08823383147441327,-0.2899001726081547,-0.24884496324513883,-0.2899001726081547,,7.4762499999999985,7.4762499999999985,,,,,,,,,,-0.02092249430352844,0.010807891178041373,0.04848688140305354,
1071,10180,29360.0,,,,,-0.09129920223005643,0.1668790459940972,-0.09564708453548221,0.1668790459940972,,3.2828,3.2828,,,,,,,,,,-0.008125085800212872,0.03068330165454025,0.019388291263734633,,,-0.09189756905580529,0.06659430452191106,0.01501774124340205,0.06659430452191106,,2.91355,2.91355,,,,,,,,,,0.026392998917846633,0.06359262698458501,0.07461086379117483,
1071,11730,54662.0,,,,,-0.04807031217932865,0.4928840975775186,0.035679162919015184,0.4928840975775186,,5.360799999999999,5.360799999999999,,,,,,,,,,-0.07360875650224674,-0.06909430581975684,0.15451624371361766,,,-0.048668679005077514,0.3925993561053325,0.14634398869789944,0.3925993561053325,,4.991549999999999,4.991549999999999,,,,,,,,,,-0.039090671784187236,-0.03618498048971208,0.20973881624105783,
1071,14350,31180.0,,,,,-0.0723537890439742,0.09412568588287318,-0.12632398529275335,0.09412568588287318,,-0.5942500000000006,-0.5942500000000006,,,,,,,,,,-0.011466974594593005,-0.01865469480081572,0.04263152384678724,,,-0.07295215586972306,-0.006159055589312956,-0.015659159513869092,-0.006159055589312956,,-0.9635000000000007,-0.9635000000000007,,,,,,,,,,0.0230511101234665,0.01425463052922904,0.09785409637422744,
1071,15700,20610.0,,,,,-0.02736589436874511,0.23706999912977444,-0.09653404481098171,0.23706999912977444,,2.81255,2.81255,,,,,,,,,,-0.05164976668013832,-0.017667765617471076,-0.3524708483142161,,,,0.34643684319084533,-0.12494607413740066,0.34643684319084533,,2.5302500000000006,2.5302500000000006,,,,,,,,,,-0.039964117757255835,-0.05013135265517121,-0.35833596776661414,
1075,11730,54662.0,,,,,-0.04807031217932865,0.4928840975775186,0.035679162919015184,0.4928840975775186,,5.360799999999999,5.360799999999999,,,,,,,,,,-0.07360875650224674,-0.06909430581975684,0.1485291218186926,,,-0.048668679005077514,0.3925993561053325,0.14634398869789944,0.3925993561053325,,4.991549999999999,4.991549999999999,,,,,,,,,,-0.039090671784187236,-0.03618498048971208,0.24960754602927146,
1075,14220,17966.0,,,,,-0.07763221973567912,-0.10899274339735232,-0.19328259058094144,-0.10899274339735232,,5.96345,5.96345,,,0.017438373932426803,,,,0.30250344693372483,,,-0.04296823938094452,-0.002025298878526094,-0.06083013364436371,,,,0.0003741006637185684,-0.2216946199073604,0.0003741006637185684,,5.681150000000001,5.681150000000001,,,0.018002365480657843,,,,0.3218369414990898,,,-0.04460144385209919,-0.02572515251216334,-0.08580611971454088,
1075,14550,9453.0,10.578652279699565,0.0,,,-0.037357058978288976,0.2359042635924311,-0.03385204702802724,0.2359042635924311,,0.5274999999999981,0.5274999999999981,,,0.023835747236065127,,,,0.484225207694234,,,-0.07633761629489477,-0.0875752883346479,0.20252426411147417,,,,0.345271107653502,-0.062264076354446196,0.345271107653502,,0.24519999999999875,0.24519999999999875,,,0.024399738784296167,,,,0.503558702259599,,,-0.07797082076604944,-0.11127514196828514,0.17754827804129703,
1075,17400,6879.0,,,,,-0.060369580250892646,-0.07542899490576893,-0.43371908889776734,-0.07542899490576893,,20.95615,20.95615,,,0.12991405398923,,,,-0.38965945974392496,,,-0.05544619417697305,0.0022342537916015814,-0.08761783418116932,,,,0.03393784915530196,-0.4621311182241863,0.03393784915530196,,20.67385,20.67385,,,0.13047804553746103,,,,-0.37032596517856,,,-0.05707939864812772,-0.021465599842035665,-0.1125938202513465,
1076,14350,31180.0,3.2071840923669024,3.2071840923669024,,,-0.0723537890439742,0.09412568588287318,-0.12632398529275335,0.09412568588287318,,-0.5942500000000006,-0.5942500000000006,,,,,,,,,,0.01591429901667052,-0.018806419242348937,0.06416485969468062,,,-0.07295215586972306,-0.006159055589312956,-0.015659159513869092,-0.006159055589312956,,-0.9635000000000007,-0.9635000000000007,,,,,,,,,,0.03420668759857026,0.007407415697717745,0.17619175990571576,
1076,15240,97237.0,,,,,-0.05515138724779772,0.005752958184022994,-0.03249303210246257,0.005752958184022994,,1.071699999999998,1.071699999999998,,,,,,,,,,-0.03345603820913734,-0.026170226458889445,0.04505105398085184,,,-0.05574975407354659,-0.09453178328816314,0.07817179367642169,-0.09453178328816314,,0.702449999999998,0.702449999999998,,,,,,,,,,0.0010620465089221653,0.0067390988711553135,0.1461294781914307,
1076,16380,88311.0,,,,,-0.021612451135533145,0.13038601730143995,0.15530355650838779,0.13038601730143995,,-7.683999999999999,-7.683999999999999,,,,,,,,,,-0.04028278113652117,-0.05610921932041535,0.032042306868209275,,,-0.02221081796128201,0.030101275829253815,0.26596838228727204,0.030101275829253815,,-8.053249999999998,-8.053249999999998,,,,,,,,,,-0.02199039255462143,-0.029895384380348666,0.14406920707924442,
1081,17900,5516.0,18.12907904278463,0.0,,,-0.08180493021397037,-0.050911618983093376,-0.03868675369728081,-0.050911618983093376,,-1.4657000000000018,-1.4657000000000018,,,9.999398692056463e-05,,,,0.3297755331482108,,,-0.11646342803086629,,-0.1032041586573197,,,,0.05845522507797751,-0.06709878302369976,0.05845522507797751,,-1.748000000000001,-1.748000000000001,,,0.0006639855351516049,,,,0.34910902771357577,,,-0.11809663250202096,,-0.1032041586573197,
1083,15270,25795.0,,,,,-0.032546290895480626,-0.05075982616631869,0.34123840378150394,-0.05075982616631869,,-0.4629500000000011,-0.4629500000000011,,,,,,,,,,-0.019259368975586888,0.0006267789472875762,-0.10314974036066162,,,-0.0331446577212295,-0.15104456763850482,0.4519032295603882,-0.15104456763850482,,-0.8322000000000012,-0.8322000000000012,,,,,,,,,,-0.0009669803936871446,0.02684061388735426,0.00887715985037352,
1084,17040,21823.0,,,,,-0.052083379789045155,0.06772281826993698,-0.11462672705120447,0.06772281826993698,,-2.117300000000002,-2.117300000000002,,,,,,,,,,-0.12787449096247983,-0.1622604932311411,-0.023462989140405455,,,-0.05268174661479403,-0.032561923202249154,-0.003961901272320212,-0.032561923202249154,,-2.486550000000002,-2.486550000000002,,,,,,,,,,-0.09335640624442032,-0.12935116790109635,0.07761543507017342,
1089,15240,97237.0,,,,,-0.05515138724779772,0.005752958184022994,-0.03249303210246257,0.005752958184022994,,1.071699999999998,1.071699999999998,,,,,,,,,,-0.03345603820913734,-0.026170226458889445,0.04505105398085184,,,-0.05574975407354659,-0.09453178328816314,0.07817179367642169,-0.09453178328816314,,0.702449999999998,0.702449999999998,,,,,,,,,,0.0010620465089221653,0.0067390988711553135,0.1461294781914307,
1090,11720,65878.0,,,,,0.014972830419607312,0.33133696199627494,0.37764405614900376,0.33133696199627494,,2.1923499999999994,2.1923499999999994,,,,,,,,,,0.015859509375671266,0.011859224094325604,0.1893569216688209,,,0.014374463593858447,0.2310522205240888,0.488308881927888,0.2310522205240888,,1.8230999999999993,1.8230999999999993,,,,,,,,,,0.05037759409373077,0.04476854942437036,0.2904353458793998,
1090,12700,9722.0,,,,,0.010764841569227232,0.2203677766321528,-0.09572814130897456,0.2203677766321528,,4.876249999999997,4.876249999999997,,,,,,,,,,-0.053819973674657184,0.005889057690271926,-0.05470322487646174,,,,0.3297346206932237,-0.12414017063539351,0.3297346206932237,,4.593949999999998,4.593949999999998,,,,,,,,,,-0.0421343247517747,-0.02657452934742821,-0.09304269378647614,
1090,16400,76672.0,,,,,-0.04081922506802067,0.11992809973935081,-0.027719672608660595,0.11992809973935081,,-0.3534000000000015,-0.3534000000000015,,,,,,,,,,-0.04035420045019311,-0.02321829033092193,0.14528013082774882,,,-0.04141759189376954,0.01964335826716468,0.08294515317022366,0.01964335826716468,,-0.7226500000000016,-0.7226500000000016,,,,,,,,,,-0.005836115732133607,0.009691034999122827,0.2463585550383277,
1091,15650,16540.0,,,,,-0.04284264858817363,0.0419379897044756,0.07024770295601002,0.0419379897044756,,-1.2367500000000007,-1.2367500000000007,,,-0.0010864559157235379,,,,-0.20001922548137985,,,0.083411952067312,0.08116796024875583,-0.09355886587158992,,,,0.1513048337655465,0.041835673629591064,0.1513048337655465,,-1.51905,-1.51905,,,-0.0005224643674924976,,,,-0.18068573091601484,,,0.08177874759615733,0.057468106615118586,-0.11853485194176709,
1091,17620,14293.0,0.0,0.0,,,-0.06776824066028977,1.2752151463878025,0.3758587175327168,1.2752151463878025,,-0.6564000000000014,-0.6564000000000014,,,,,,,,,,0.03893747291280647,0.0434999851615645,0.1482822023826708,,,,1.3845819904488734,0.34744668820629787,1.3845819904488734,,-0.9387000000000008,-0.9387000000000008,,,,,,,,,,0.0373042684416518,0.019800131527927256,0.12330621631249362,
1092,11720,65878.0,,,,,0.014972830419607312,0.33133696199627494,0.37764405614900376,0.33133696199627494,,2.1923499999999994,2.1923499999999994,,,,,,,,,,0.02690680051380223,0.019128622240077497,0.19917300631048465,1.0,,0.014374463593858447,0.2310522205240888,0.488308881927888,0.2310522205240888,,1.8230999999999993,1.8230999999999993,,,,,,,,,,0.045199189095701975,0.04534245718014418,0.2672363812914914,1.0
1093,15750,12721.0,,,,,-0.01224398645173258,0.32749960798042466,0.17949544099573878,0.32749960798042466,,3.017299999999997,3.017299999999997,,,,,,,,,,-0.007744933110374497,-0.07840528188430529,0.07938149597906027,,,,0.43686645204149555,0.15108341166931982,0.43686645204149555,,2.7349999999999977,2.7349999999999977,,,,,,,,,,-0.009378137581529167,-0.10210513551794254,0.07938149597906027,
1099,17000,25093.0,,,,,-0.06017042142625116,0.5529585847647551,0.29370083763709154,0.5529585847647551,,-1.0021000000000004,-1.0021000000000004,,,,,,,,,,0.051150660501240175,0.056539519752317524,0.1358244346698972,,,-0.06076878825200003,0.452673843292569,0.4043656634159758,0.452673843292569,,-1.3713500000000005,-1.3713500000000005,,,,,,,,,,0.08566874521929968,0.08944884508236228,0.19104700719733736,
1112,10180,29360.0,,,,,-0.09129920223005643,0.1668790459940972,-0.09564708453548221,0.1668790459940972,,3.2828,3.2828,,,,,,,,,,0.008457114820267009,0.04844102493923064,0.1519790061632428,,,-0.09189756905580529,0.06659430452191106,0.01501774124340205,0.06659430452191106,,2.91355,2.91355,,,,,,,,,,0.026749503402166752,0.07465485987929732,0.22004238114424957,
1114,14220,17966.0,,,,,-0.07763221973567912,-0.10899274339735232,-0.19328259058094144,-0.10899274339735232,,5.96345,5.96345,,,0.017438373932426803,,,,0.30250344693372483,,,-0.04296823938094452,-0.002025298878526094,0.02214455472621557,,,,0.0003741006637185684,-0.2216946199073604,0.0003741006637185684,,5.681150000000001,5.681150000000001,,,0.018002365480657843,,,,0.3218369414990898,,,-0.04460144385209919,-0.02572515251216334,0.02214455472621557,
1114,17400,6879.0,,,,,-0.060369580250892646,-0.07542899490576893,-0.43371908889776734,-0.07542899490576893,,20.95615,20.95615,,,0.12991405398923,,,,-0.38965945974392496,,,-0.05544619417697305,0.0022342537916015814,0.09953944955404048,,,,0.03393784915530196,-0.4621311182241863,0.03393784915530196,,20.67385,20.67385,,,0.13047804553746103,,,,-0.37032596517856,,,-0.05707939864812772,-0.021465599842035665,0.09953944955404048,
1121,11730,54662.0,,,,,-0.04807031217932865,0.4928840975775186,0.035679162919015184,0.4928840975775186,,5.360799999999999,5.360799999999999,,,,,,,,,,-0.03265548710907673,0.004973710658647601,0.08543645688373974,,,-0.048668679005077514,0.3925993561053325,0.14634398869789944,0.3925993561053325,,4.991549999999999,4.991549999999999,,,,,,,,,,-0.032177425166531215,0.010514277205049716,0.08543645688373974,
1131,17620,14293.0,,,,,-0.06776824066028977,1.2752151463878025,0.3758587175327168,1.2752151463878025,,-0.6564000000000014,-0.6564000000000014,,,,,,,,,,0.10204419956143695,0.05412042988318877,0.09850507070084395,,,,1.3845819904488734,0.34744668820629787,1.3845819904488734,,-0.9387000000000008,-0.9387000000000008,,,,,,,,,,0.11372984848431944,0.021656842845488633,0.09263995124844596,
1132,17040,21823.0,,,,,-0.052083379789045155,0.06772281826993698,-0.11462672705120447,0.06772281826993698,,-2.117300000000002,-2.117300000000002,,,,,,,,,,-0.12787449096247983,-0.1622604932311411,-0.023462989140405455,,,-0.05268174661479403,-0.032561923202249154,-0.003961901272320212,-0.032561923202249154,,-2.486550000000002,-2.486550000000002,,,,,,,,,,-0.09335640624442032,-0.12935116790109635,0.07761543507017342,
1133,14650,216603.0,,,,,0.010616257568162332,0.5430575567848068,0.40535116882821587,0.5430575567848068,,-0.26785000000000103,-0.26785000000000103,,,,,,,,,,0.022727732180078952,0.02607480023911446,0.10575944543084358,,,0.010017890742413464,0.4427728153126207,0.5160159946071001,0.4427728153126207,,-0.6371000000000011,-0.6371000000000011,,,,,,,,,,0.05724581689813846,0.05898412556915922,0.20683786964142245,
1134,17310,64522.0,,,,,-0.012842697019514834,0.3842189630884443,-0.40391654640588825,0.3842189630884443,,-2.5352499999999996,-2.5352499999999996,,,0.0017316158278589083,,,,-0.032005919548389716,,,0.02698569836452336,0.027402560325939795,0.48205633220133043,,,-0.013441063845263702,0.28393422161625814,-0.293251720627004,0.28393422161625814,,-2.9044999999999996,-2.9044999999999996,,,0.0008307765326253803,,,,-0.05369095359149892,,,0.0452780869464231,0.05361639526600648,0.5940832324123656,
1135,11350,36510.0,,,,,-0.00855771947795029,0.20177508640424247,-0.09045227651012144,0.20177508640424247,,6.668499999999998,6.668499999999998,,,,,,,,,,-0.031213895327081076,-0.024155573003640463,-0.11325065479703436,,,-0.009156086303699159,0.10149034493205633,0.020212549268762814,0.10149034493205633,,6.299249999999998,6.299249999999998,,,,,,,,,,-0.012921506745181333,0.00205826193642622,-0.0012237545859992219,
1136,14870,20813.0,,,,,-0.06627391974424972,-0.19925704864060556,-0.22606099839741844,-0.19925704864060556,,7.34685,7.34685,,,,,,,,,,0.010591990341476176,0.0008937374888713379,0.07808209747414985,,,-0.06687228656999858,-0.2995417901127917,-0.11539617261853419,-0.2995417901127917,,6.9776,6.9776,,,,,,,,,,0.02888437892337592,0.02710757242893802,0.18207945535226866,
1137,16200,14347.0,,,,,-0.051518953721258254,0.5161969671672981,0.19593237689215925,0.5161969671672981,,1.6119999999999983,1.6119999999999983,,,,,,,,,,-0.041734229729711636,-0.08259333357850096,-0.03520208112501226,,,,0.625563811228369,0.1675203475657403,0.625563811228369,,1.329699999999999,1.329699999999999,,,,,,,,,,-0.043367434200866306,-0.10629318721213821,-0.03520208112501226,
1138,16610,23702.0,,,,,-0.04182153529912185,-0.06906469909938284,-0.220179569569245,-0.06906469909938284,,-0.33504999999999896,-0.33504999999999896,,,-0.10794520830667631,,,,0.23119354409187398,,,-0.03682325208971449,-0.06513646632618642,-0.0073765079807729325,,,-0.04241990212487071,-0.16934944057156898,-0.10951474379036075,-0.16934944057156898,,-0.704299999999999,-0.704299999999999,,,-0.10884604760190984,,,,0.20950851004876478,,,-0.018530863507814743,-0.03892263138611973,0.06068686700023381,
1139,15270,25795.0,,,,,-0.032546290895480626,-0.05075982616631869,0.34123840378150394,-0.05075982616631869,,-0.4629500000000011,-0.4629500000000011,,,,,,,,,,-0.019259368975586888,0.0006267789472875762,-0.06466704986059353,,,-0.0331446577212295,-0.15104456763850482,0.4519032295603882,-0.15104456763850482,,-0.8322000000000012,-0.8322000000000012,,,,,,,,,,-0.0009669803936871446,0.02684061388735426,0.0033963251204132093,
1140,17000,25093.0,,,,,-0.06017042142625116,0.5529585847647551,0.29370083763709154,0.5529585847647551,,-1.0021000000000004,-1.0021000000000004,,,,,,,,,,0.05485140474931338,0.04371985827892555,0.2525571639209434,,,-0.06076878825200003,0.452673843292569,0.4043656634159758,0.452673843292569,,-1.3713500000000005,-1.3713500000000005,,,,,,,,,,0.07314379333121312,0.06993369321899223,0.32062053890195014,
1156,17400,7081.0,,,,,,,-0.040772574924920146,,,,,,,,,,,,,,0.03434172503695887,,0.07457435529992718,,,,,0.06705211081828377,,,,,,,,,,,,,,0.02060133085909932,,0.12577023279733388,
1189,15650,16817.0,,,,,,,-0.07764581904829226,,,,,,,,,,,,,,0.06782131897356924,,-0.1270392685455107,,,,,0.030178866694911655,,,,,,,,,,,,,,0.0374834410023408,,-0.05362405707068956,
1189,17000,25639.0,,,,,,,0.3356626869676256,,,,,,,,,,,,,,0.037315764316734334,,0.3039376059789483,,,,,0.2664064776368926,,,,,,,,,,,,,,0.024013182286975798,,0.22829789945454462,
1190,18710,17647.0,,,,,,,0.15721382709004628,,,,,,,,,,,,,,0.030106048692829734,,0.25929054235091487,,,,,0.2650385128332502,,,,,,,,,,,,,,-0.0002318292783987097,,0.33270575382573603,
1191,17000,25639.0,,,,,,,0.3356626869676256,,,,,,,,,,,,,,0.037315764316734334,,0.3039376059789483,,,,,0.2664064776368926,,,,,,,,,,,,,,0.024013182286975798,,0.22829789945454462,
1192,17310,65908.0,,,,,,,0.5191265381122396,,,,,,,,,,,,,,0.03396857402656073,,0.20615501565462196,,,,,0.4498703287815067,,,,,,,,,,,,,,0.02066599199680219,,0.13051530913021828,
1192,17650,6096.0,,,,,,,-0.27792100769258576,,,,,,,,,,,,,,-0.020003138781730545,,0.08223809823697209,,,,,-0.17009632194938185,,,,,,,,,,,,,,-0.05034101675295899,,0.15565330971179323,
1193,10470,44939.0,,,,,,,-0.23898190654923424,,,,,,,,,,,,,,0.0560822173868174,,-0.10338924669148195,,,,,-0.3082381158799672,,,,,,,,,,,,,,0.042779635357058865,,-0.17902895321588563,
1193,14870,20740.0,,,,,,,-0.3433866892053419,,,,,,,,,,,,,,0.017888624773601425,,-0.12763341032521294,,,,,-0.41264289853607483,,,,,,,,,,,,,,0.004586042743842889,,-0.20327311684961663,
1196,15270,26214.0,,,,,,,-0.37566213690176786,,,,,,,,,,,,,,-0.02196420915733599,,-0.1140697005317223,,,,,-0.4449183462325008,,,,,,,,,,,,,,-0.035266791187094526,,-0.189709407056126,
1197,13800,68704.0,,,,,,,0.5541343958981799,,,,,,,,,,,,,,0.046525806774349476,,-0.3004210982292106,,,,,0.5483444655648846,,,,,,,,,,,,,,0.06198352402013452,,-0.2736106137525986,
1199,13660,4893.0,,,,,,,-0.013002387301547014,,,,,,,,,,,,,,0.10023561352015165,,0.4798212500112677,,,,,0.0948222984416569,,,,,,,,,,,,,,0.08343068142331145,,0.5578316661419211,
1199,15750,12796.0,,,,,,,0.058298016985907086,,,,,,,,,,,,,,-0.10062214964830751,,0.16161436136734816,,,,,0.166122702729111,,,,,,,,,,,,,,-0.11742708174514771,,0.23962477749800162,
1203,15750,12796.0,,,0.0,,,,0.058298016985907086,,,,,,,,,,,,,,-0.10062214964830751,,,,,,,0.166122702729111,,,,,,,,,,,,,,-0.11742708174514771,,,
1203,18020,9239.0,,,0.0,,,,-0.22382812306023459,,,,,,,,,,,,,,-0.008797412814486982,,,,,,,-0.11600343731703067,,,,,,,,,,,,,,-0.02560234491132718,,,
770,11720,56762.0,0.0,0.0,,0.15100195994920698,0.08076710841485464,-0.10703335071780895,0.20607971562910343,-0.21979306425188927,0.19628464821625347,-1.2805500000000016,-1.4105500000000024,-0.7130500000000008,,,,,,,,,,,-0.22600986975241263,,0.08748460885378868,0.07294108944248162,0.09612525881285183,0.2767527036814217,0.02667604445784022,0.20977100503675494,-1.2030499999999993,-1.6930499999999995,-1.0202500000000008,,,,,,,,,,,-0.24847271490016806,
771,14350,29454.0,0.0,0.0,,0.04315644662756213,0.025801302683363916,0.1205636999480717,0.9410306144480334,0.07318828149418177,0.293113108721756,0.8554499999999976,0.9054499999999965,1.2429499999999987,,,,,,,,,,,-0.04549679585542028,,-0.020360904467856173,0.017975283710990896,0.3237223094787325,1.0117036025003516,0.31965739020391126,0.3065994655422575,0.93295,0.6229499999999994,0.9357499999999987,,,,,,,,,,,-0.048458906332338084,
772,15240,91958.0,0.0,0.0,,0.02004894454167231,-0.08739320415688635,,,,,,,,,,,,,,,,,,-0.035800467703393825,,-0.04346840655374599,-0.09521922312925939,,,,,,,,,,,,,,,,,,-0.058263312851149246,
772,16380,79905.0,0.0,0.0,,0.06275945939043605,-0.008261283250585588,-0.7038437086603002,-0.4620455002744386,-0.5319613244804531,-0.9698099051540909,2.400400000000001,1.4604,3.7779000000000025,,,,,,,,,,,0.04570384148850633,,-0.0007578917049822489,-0.016087302222958608,-0.5006850991296394,-0.39137251222212033,-0.2854922157707236,-0.9563235483335895,2.4779000000000035,1.1779000000000028,3.4707000000000026,,,,,,,,,,,0.04274173101158853,
776,17400,6667.0,0.0,0.0,,-0.029572422544043644,-0.014061984259839946,0.46423417119795296,-0.027892832546310586,0.38351940864265277,0.7034622681744587,0.5205000000000002,2.1304999999999996,-0.6519999999999992,0.05713879799000833,0.0003246569640094803,0.06686102041247699,0.03897236673537404,0.14238732686588768,0.15930801821739238,0.061428648430409794,0.3043046837368431,,,0.09054693712092773,,0.1173026427351122,0.00017152351547369826,0.3853475524241494,-0.0944885532027957,0.34418813719580665,0.5567716549739412,0.42675000000000196,2.1867500000000017,-0.5279499999999986,0.05954635986835213,0.000551143921014951,0.06870831136076168,0.0398280935233152,0.1410741300080813,0.1525973889016403,0.03668639722410391,0.2693892583966089,,,0.12893287684330187,
792,17000,23595.0,0.0,0.0,,,,-0.8598836806972976,-0.6380700993921753,-0.9430895258313212,-0.6156734185633459,-2.3175500000000007,-4.487550000000002,0.2899499999999975,,,,,,,,,,,-0.19921128971883081,,,,-0.6567250711666368,-0.567397111339857,-0.6966204171215917,-0.6021870617428444,-2.2400499999999983,-4.7700499999999995,-0.01725000000000243,,,,,,,,,,,-0.12161690616710535,
818,16950,103012.0,0.9707606880751757,0.0,,-0.026628163828584215,0.019841311124200452,-0.14010627229784323,-0.28346854737931615,-0.24919562135558593,0.051138371067506405,-1.4095499999999994,-0.33984999999999843,-2.998999999999997,,,,,,,,,0.038330202436558825,0.12515227366336346,0.013372661689246751,,-0.04118695974364684,0.011649070365573383,-0.07601950098924792,-0.281867702301271,-0.1453804934509506,0.025498779562663998,-0.30135000000000023,0.4661500000000012,-2.5479,,,,,,,,,0.019041255461519135,0.03061168074664744,0.06253346663646313,
819,11720,57521.0,0.0,0.0,,0.06111222206511735,-0.00645179113883853,0.010064544083157045,-0.3932904490753062,-0.04037640755278549,0.08401239260490634,1.6263000000000005,0.6660000000000004,2.0668500000000023,,,,,,,,,0.04526016764198415,0.12662085835013182,-0.3697260103975349,,0.04655342615005473,-0.0146440318974656,0.07415131539175235,-0.39168960399726105,0.06343872035184983,0.05837280110006393,2.7344999999999997,1.472,2.5179499999999995,,,,,,,,,0.02597122066694446,0.0320802654334158,-0.3205652054503185,
819,16400,71736.0,0.0,0.0,,-0.009810857479669777,-0.024380667320732703,0.11247826555471452,-0.021646575448243333,0.09485437773235628,0.120791986449297,-1.1271499999999985,-0.43744999999999923,-2.3365999999999962,,,,,,,,,0.038980854482737914,0.10755630493272728,-0.09730382895256348,,-0.024369653394732398,-0.03257290807935978,0.17656503686330982,-0.02004573037019819,0.1986695056369916,0.0951523949444546,-0.018949999999999356,0.3685500000000004,-1.885499999999999,,,,,,,,,0.019691907507698225,0.01301571201601126,-0.06930694480646483,
820,10550,34102.0,0.0,0.0,,-0.035366371823264485,0.033986168704854006,0.5046180501516764,0.08134091584360625,0.3866055770435022,0.7137089416178908,0.6555499999999999,0.7802499999999988,0.011100000000002552,,,,,,,,,0.07277434344213196,0.1557821489960447,-0.07601362278008833,,-0.04992516773832712,0.025793927946226935,0.5687048214602717,0.0829417609216514,0.4904207049481375,0.6880693501130484,1.763749999999999,1.5862499999999984,0.4621999999999997,,,,,,,,,0.05348539646709227,0.061241556079328685,-0.04801673863398968,
820,12750,38083.0,0.0,0.0,,0.09609983701508133,0.06274336832729492,0.39791386017605657,0.21233449370235302,0.33327935214895277,0.5002488214801284,0.5961000000000016,-0.6641999999999992,1.3366500000000041,,,,,,,,,0.09066847900468433,0.143967601686652,-0.1054362703641237,,0.08154104110001872,0.05455112756866783,0.46200063148465187,0.21393533878039817,0.4370944800535881,0.474609229975286,1.7043000000000008,0.14180000000000037,1.7877500000000013,,,,,,,,,0.07137953202964464,0.049427008769936,-0.07743938621802506,
823,14550,8979.0,0.0,0.0,,-0.05477452378004072,0.02335484841364937,0.38592341964205,-0.03918124813344459,0.243294088927148,0.6442480263217201,-4.024699999999999,-4.454999999999998,-4.114149999999997,,,,,,,,,0.05070717248674095,0.11446674725588002,-0.4192895630061821,,-0.011098136034852712,0.026645384145451444,0.28881938243142313,-0.05322897529608461,0.12167287209696998,0.5621825084907939,-5.050975,-5.066124999999996,-4.777225,,,,,,,,,-0.015847948390466993,0.029572245407622155,-0.4724161756511196,
823,16610,23317.0,0.0,0.0,,0.018276538310266988,0.07529170728556843,0.28413765925192624,0.27100675347326675,0.07672974843269209,0.6720194261402623,1.1648999999999994,1.7096,0.10045000000000215,0.11538017124608714,-0.028341637503568256,0.062020487749934704,0.22174285816353845,-0.18767379144812757,0.11575659576621422,-0.17587293255431174,-0.07215734851229166,0.07580910332072355,0.15933860383126985,-0.1961450392796903,,0.0037177423952043636,0.06709946652694136,0.34822443056052155,0.2726075985513119,0.1805448763373274,0.6463798346354199,2.2730999999999986,2.5155999999999996,0.5515499999999993,,,,,,,,,0.05652015634568386,0.06479801091455384,-0.1469842343324739,
824,11730,51570.0,0.0,0.0,,-0.023279070437096077,0.03673695764818057,0.13530661590807913,-0.19806510664765486,0.12080523936999654,0.13737531423411298,1.2345000000000024,1.289200000000001,0.6600500000000036,,,,,,,,,0.0194464979315776,0.08128700320063897,-0.3155765116876865,,-0.037837866352158696,0.0285447168895535,0.19939338721667443,-0.19646426156960972,0.22462036727463186,0.11173572272927057,2.3427000000000016,2.0952000000000006,1.1111500000000007,,,,,,,,,0.00015755095653791074,-0.013253589716077041,-0.2664157067404701,
824,13010,8919.0,0.0,0.0,,-0.08477317351876588,-0.012571284563161929,0.057981168546549,-0.21448302298787603,-0.02895897718402285,0.20492740525756048,0.33225000000000193,2.49695,-2.3521999999999963,,,,,,,,,0.016980322449127616,0.054890159283396134,-0.3784675684859268,,-0.04109678577357788,-0.009280748831359856,-0.03912286866407788,-0.22853075015051605,-0.15058019401420086,0.12286188742663429,-0.694024999999999,1.8858250000000023,-3.015274999999999,,,,,,,,,-0.049574798428080324,-0.03000434256486173,-0.4315941811308643,
841,17310,61571.0,0.0,0.0,,-0.03983048123574051,,0.17471403797293394,0.11051438471824859,0.13005063597356248,0.237106787221542,-2.575000000000003,-3.2653000000000016,-2.4044500000000006,-0.00011763328818934935,-0.00027396673773863803,0.0004721744764629031,-0.0016539288923474245,-0.08015980381425619,0.04679770607626693,-0.03688996039523751,-0.02758132992882617,0.02136852441768511,0.012440319909705622,0.08691101871048919,,-0.05438927715080313,,0.23880080928152925,0.11211522979629374,0.2338657638781978,0.21146719571669959,-1.4668000000000037,-2.459300000000002,-1.9533500000000035,,,,,,,,,-0.02583935598761311,-0.06656802896167191,0.12445919094329512,
842,11720,57521.0,0.0,0.0,,0.06111222206511735,-0.00645179113883853,0.010064544083157045,-0.3932904490753062,-0.04037640755278549,0.08401239260490634,1.6263000000000005,0.6660000000000004,2.0668500000000023,,,,,,,,,0.059833946230615,0.1308474935030004,-0.2800930266365359,,0.04655342615005473,-0.0146440318974656,0.07415131539175235,-0.39168960399726105,0.06343872035184983,0.05837280110006393,2.7344999999999997,1.472,2.5179499999999995,,,,,,,,,-0.0013010643256587962,0.05802423526479661,-0.2825791915337419,
842,16400,71736.0,0.0,0.0,,-0.009810857479669777,-0.024380667320732703,0.11247826555471452,-0.021646575448243333,0.09485437773235628,0.120791986449297,-1.1271499999999985,-0.43744999999999923,-2.3365999999999962,,,,,,,,,0.05468226558893097,0.09601728976245827,-0.02661247981599299,,-0.024369653394732398,-0.03257290807935978,0.17656503686330982,-0.02004573037019819,0.1986695056369916,0.0951523949444546,-0.018949999999999356,0.3685500000000004,-1.885499999999999,,,,,,,,,0.007474385183632748,0.017008940891080737,-0.014681216547439882,
843,10180,30594.0,0.0,0.0,,-0.09722973513500825,,0.30529821650217936,0.2771461081871376,0.32937523374093836,0.23021012727452828,-0.7150999999999978,-1.7653999999999996,-0.18454999999999622,,,,,,,,,0.05663501886014366,0.052153478486810734,-0.12667806522525138,,-0.11178853105007086,,0.36938498781077467,0.27874695326518273,0.4331903616455737,0.20457053576968587,0.39310000000000134,-0.9594,0.26655000000000095,,,,,,,,,-0.0044999916961301345,-0.020669779751393058,-0.11514321890779142,
843,14220,16815.0,0.0,0.0,,-0.14114974088180476,-0.09186377756682855,0.08957407839739506,-0.26435452074234433,0.047849572973472476,0.14608903449510802,-3.0490499999999976,-3.174349999999997,-3.4434999999999967,-0.0032915813408940947,-0.0032780114758982964,-0.0013458630451296193,-0.005255985399707033,-0.34506259902366015,-0.15893905877645914,-0.2622883150385754,-0.2966886063336169,0.06371467075185944,0.038077304871440454,0.1494558355230506,,-0.09747335313661672,-0.08857324183502648,-0.0075299588132318185,-0.27840224790498436,-0.07377164385670554,0.06402351666418182,-4.0753249999999985,-3.7854749999999946,-4.106574999999999,-0.003922580298425534,-0.002082250857031391,-0.00207946070247722,-0.005414110822648379,-0.34575016007491255,-0.18736533614257492,-0.27473967481075723,-0.29700954335893626,-0.019819132484511393,-0.05679779487770764,0.0906153355001171,
843,17400,6656.0,0.0,0.0,,-0.008497619548416546,-0.06110639805563758,0.5403419470593409,0.35333937490298695,0.5277905880372913,0.5385106103533079,-3.4226499999999973,-1.5829499999999985,-5.782099999999996,0.11375952059077388,0.02093599787827286,0.07914275520971027,0.1826363712780475,-0.08496166454683934,0.169478501871814,-0.03970710859573273,-0.0363526157255854,0.1205207887250852,0.22045824782680157,0.15082288973458344,0.5013625175808722,0.03517876819677146,-0.0578158623238355,0.44323790984871403,0.3392916477403469,0.4061693712071133,0.45644509252238175,-4.448924999999998,-2.1940749999999962,-6.445174999999999,0.11312852163324244,0.022131758497139765,0.07840915755236268,0.18247824585510614,-0.08564922559809174,0.14105222450569824,-0.05215846836791452,-0.03667355275090478,0.036986985488714375,0.12558314807765347,0.09198238971164993,0.9260057471264374
847,10180,30594.0,0.0,0.0,,-0.09722973513500825,,0.30529821650217936,0.2771461081871376,0.32937523374093836,0.23021012727452828,-0.7150999999999978,-1.7653999999999996,-0.18454999999999622,,,,,,,,,0.074392186980897,0.04384585379382955,-0.07132653028990302,,-0.11178853105007086,,0.36938498781077467,0.27874695326518273,0.4331903616455737,0.20457053576968587,0.39310000000000134,-0.9594,0.26655000000000095,,,,,,,,,0.027184306575598782,-0.035162495077547984,-0.08696335428857233,
851,13010,8919.0,0.0,0.0,,-0.08477317351876588,-0.012571284563161929,0.057981168546549,-0.21448302298787603,-0.02895897718402285,0.20492740525756048,0.33225000000000193,2.49695,-2.3521999999999963,,,,,,,,,0.05842195907524772,0.06524361978317028,-0.10074778933610207,,-0.04109678577357788,-0.009280748831359856,-0.03912286866407788,-0.22853075015051605,-0.15058019401420086,0.12286188742663429,-0.694024999999999,1.8858250000000023,-3.015274999999999,,,,,,,,,-0.026676744298141486,-0.013170362232492572,-0.170352552951141,
853,11400,13605.0,0.0,0.0,,-0.015324911141679026,,-0.1405441013319768,0.0860622912546889,-0.13054279357330678,-0.18748077159945087,-0.8236999999999988,-1.5889999999999986,-0.5781499999999973,,,,,,,,,0.06498340351255205,0.13791204118674916,-0.02867983780051525,,0.02835147660350898,,-0.2376481385426037,0.07201456409204887,-0.2521640104034848,-0.26954628943037706,-1.8499749999999997,-2.2001249999999963,-1.241225,,,,,,,,,-0.018550399723818778,0.04303694143760106,-0.11123462270285288,
853,16200,14906.0,0.0,0.0,,0.021245062325402908,,-0.27976731601621463,-0.10611296322327846,-0.26343511861526103,-0.33936576556825404,-5.555949999999999,-5.3862499999999995,-6.245399999999997,,,,,,,,,0.1345952316726189,0.14331411741454758,-0.032833922324072284,,0.06492145007059091,,-0.3768713532268415,-0.12016069038591848,-0.38505633544543905,-0.42143128339918023,-6.582225,-5.997374999999997,-6.908475,,,,,,,,,0.05106142843624806,0.048439017665399486,-0.11538870722640991,
855,17310,61571.0,0.0,0.0,,-0.03983048123574051,,0.17471403797293394,0.11051438471824859,0.13005063597356248,0.237106787221542,-2.575000000000003,-3.2653000000000016,-2.4044500000000006,-0.00011763328818934935,-0.00027396673773863803,0.0004721744764629031,-0.0016539288923474245,-0.08015980381425619,0.04679770607626693,-0.03688996039523751,-0.02758132992882617,0.026969376666746037,0.011729938666250384,0.05471998590889353,,-0.05438927715080313,,0.23880080928152925,0.11211522979629374,0.2338657638781978,0.21146719571669959,-1.4668000000000037,-2.459300000000002,-1.9533500000000035,,,,,,,,,-0.03416563388952776,-0.06109331957195341,0.05223382101168758,
860,17080,14552.0,0.0,0.0,,-0.027226948171431866,0.03491400876566385,0.4059434777539206,0.20811674256752877,0.4968949548272912,0.1971064688570463,0.4698999999999991,2.5245999999999995,-2.104549999999998,,,,,,,,,0.08500181907632864,0.12129395964857981,0.09355662123605317,,0.016449439573756146,0.03820454449746592,0.3088394405432937,0.19406901540488875,0.37527373799711317,0.11504095102612011,-0.5563750000000018,1.9134750000000018,-2.7676250000000007,,,,,,,,,0.0014680158399578147,0.026418859899431713,0.011001836333715542,
862,17310,61571.0,0.0,0.0,,-0.03983048123574051,,0.17471403797293394,0.11051438471824859,0.13005063597356248,0.237106787221542,-2.575000000000003,-3.2653000000000016,-2.4044500000000006,-0.00011763328818934935,-0.00027396673773863803,0.0004721744764629031,-0.0016539288923474245,-0.08015980381425619,0.04679770607626693,-0.03688996039523751,-0.02758132992882617,0.026969376666746037,0.011729938666250384,0.05471998590889353,,-0.05438927715080313,,0.23880080928152925,0.11211522979629374,0.2338657638781978,0.21146719571669959,-1.4668000000000037,-2.459300000000002,-1.9533500000000035,,,,,,,,,-0.03416563388952776,-0.06109331957195341,0.05223382101168758,
862,17620,14265.0,0.0,0.0,,-0.07412716586886374,,0.3957437039452616,0.12809461143414058,0.44656093441302414,0.2671751882596034,-1.1781499999999987,-3.3484499999999997,0.47240000000000215,,,,,,,,,0.007100582915119169,0.022580417494013183,0.42694413978528856,,-0.030450778123675734,,0.2986396667346347,0.11404688427150056,0.3249397175828461,0.1851096704286772,-2.2044249999999996,-3.9595749999999974,-0.1906750000000006,,,,,,,,,-0.07643322032125166,-0.07229468225513491,0.36810363976235505,
864,17400,6656.0,0.0,0.0,,-0.008497619548416546,-0.06110639805563758,0.5403419470593409,0.35333937490298695,0.5277905880372913,0.5385106103533079,-3.4226499999999973,-1.5829499999999985,-5.782099999999996,0.11375952059077388,0.02093599787827286,0.07914275520971027,0.1826363712780475,-0.08496166454683934,0.169478501871814,-0.03970710859573273,-0.0363526157255854,0.1205207887250852,0.22045824782680157,0.1712107937488948,,0.03517876819677146,-0.0578158623238355,0.44323790984871403,0.3392916477403469,0.4061693712071133,0.45644509252238175,-4.448924999999998,-2.1940749999999962,-6.445174999999999,0.11312852163324244,0.022131758497139765,0.07840915755236268,0.18247824585510614,-0.08564922559809174,0.14105222450569824,-0.05215846836791452,-0.03667355275090478,0.036986985488714375,0.12558314807765347,0.0860508543915281,
866,15900,162358.0,0.0,0.0,,0.04305542779535636,0.15063508649350182,-0.23682212001336111,-0.06776301821957631,-0.21055803816304053,-0.3162843384641354,-0.3573499999999994,-0.5126499999999998,-0.7217999999999973,,,,,-0.16245110746473768,-0.0022164982259367805,-0.1312353180829036,-0.08576452550493832,0.07094029361772236,0.07975210112474596,-0.0607274794675569,,0.028496631880293735,0.14244284573487476,-0.1727353487047658,-0.06616217314153117,-0.10674291025840521,-0.3419239299689778,0.7508499999999998,0.2933499999999998,-0.27070000000000016,,,,,,,,,0.009805283061448566,0.006928842886542164,-0.06321364436476284,
867,15650,16431.0,0.0,0.0,,-0.11044806339835642,,0.05314825009655877,0.058696069041030974,0.024321342919257916,0.08386800970102559,-2.1273,-0.6175999999999995,-4.156749999999998,-0.0015186458241594918,-0.0006707929731611618,-0.006321425369783912,0.007730233192235772,-0.32830372199420627,-0.12620885361278145,-0.3079893133985158,-0.22981437846211977,0.10292319054988575,0.061627548268779364,0.16251892949777483,,-0.06677167565316841,,-0.04395578711406811,0.04464834187839095,-0.0972998739109201,0.0018024918700993986,-3.153575000000001,-1.2287249999999972,-4.819825000000001,-0.0021496447816909308,0.0005249676457057435,-0.007055023027131513,0.007572107769294426,-0.32899128304545866,-0.15463513097889722,-0.3204406731706976,-0.23013531548743915,0.019389387313514916,-0.03324755148036873,0.10367842947484132,
867,17000,23482.0,0.0,0.0,,-0.017497153439320012,,-0.1600646024674317,-0.5589490794019909,-0.09532329123455963,-0.31648127968331163,1.7592999999999996,1.689,1.3098500000000044,,0.019823774127208843,,,,-0.041987186386551634,,,0.1110366232602118,0.09966230187502045,-0.21554720442227499,,-0.032055949354382635,,-0.0959778311588364,-0.5573482343239458,0.008491836670075692,-0.34212087118815404,2.867499999999999,2.4949999999999997,1.7609500000000016,,,,,,,,,0.049901612703938,0.026839043636816662,-0.204012358104815,
871,10180,30707.0,0.0,0.0,,0.11563536529347726,-0.07656267765695447,0.09231834920757054,0.3540578666444403,-0.05494451109125409,0.3329973523474088,1.4600000000000009,0.7100000000000017,1.7700000000000005,0.0042945487611927725,0.0005172373130763507,0.0037014765492916525,,-0.125035445321318,-0.10964360841560361,-0.15984331271619276,,0.03094264051701545,0.016559685065594465,0.04274311025386737,,,,,,,,,,,,,,,,,,,,,,
871,10250,44208.0,0.0,0.0,,0.018945590758626063,0.018548777862550055,-0.31750943593076686,-0.23280920236529346,-0.2116758299812198,-0.5830233652876746,-0.5449999999999999,-2.0649999999999986,0.5349999999999993,,,,,,,,,0.20342646616070947,0.11922014880141063,0.1408677252534417,,,,,,,,,,,,,,,,,,,,,,
871,10550,34348.0,11.64551065564225,11.64551065564225,,-0.006998743625222294,-0.01123172301242942,0.43002831969610567,0.15947833468072803,0.4760456256387946,0.2841469903529168,-1.3100000000000005,-1.0799999999999992,-1.9800000000000013,0.07986002893375775,0.002528387663376501,0.07926695672185663,,0.2732271448659976,0.04505933536636697,0.23841927747112282,,0.1530845027067924,0.09667939591331098,0.07007164357757029,1.0,,,,,,,,,,,,,,,,,,,,,
871,10600,12963.0,0.0,0.0,,0.06295966019174089,-0.044677440692629085,0.4564959048170505,-0.21844874190341246,0.3616764881327481,0.5922880207278416,0.16000000000000014,-1.3749999999999991,1.255,,,,,,,,,0.09912382199810166,0.11665099529478873,0.332986003567322,,,,0.42358239483061144,-0.2765214915160783,0.3461829924026363,0.5448217704837948,0.13500000000000156,-1.504999999999999,1.3149999999999995,,,,,,,,,0.013894620109138778,0.0708569274254196,0.33915140768126145,
871,10900,79260.0,0.0,0.0,,-0.029442823256489652,0.0015468222095178983,0.1465789443554013,-0.22600396121779776,-0.02375755738646701,0.43340523038132783,-0.04499999999999993,0.2550000000000008,-0.7850000000000001,-0.006406912465781979,-0.008125990534166435,-0.004142672195394184,-0.01030786720366297,-0.0032730126608713217,-0.08454289275977353,-0.04648562459839345,0.04229912576029962,0.11207488280033484,0.013657882742178273,-0.05679354714190905,1.0,-0.029442823256489652,0.0015468222095178983,0.19795385121134057,-0.14066762611045114,0.019651597571054058,0.544978548332852,0.3749999999999991,0.8950000000000005,0.5225000000000004,,,,,,,,,0.20533519019889424,0.08430353344247177,-0.019506082920996662,0.8856367990983385
871,11350,34574.0,0.0,0.0,,0.17165927114174337,-0.009151093539553706,-0.17823768591077327,0.1326664959609425,-0.24701634716816612,-0.09452708085380035,-3.365000000000002,-3.62,-3.5500000000000016,,,,,,,,,0.20354437463644004,0.07791184268012152,0.054608414363157706,,,,,,,,,,,,,,,,,,,,,,
871,11650,342047.0,0.0,0.0,,0.02339701062282689,0.03998658377643758,-0.2898279952814069,-0.14074689161792575,-0.3309783456850304,-0.2613740119319701,-5.449999999999999,-4.219999999999998,-7.119999999999999,-0.000890229117981683,0.0019395931830541203,-0.0017876472196463574,0.0015321328882422604,-0.12711015036026183,-0.021452749066008803,-0.18453246699118567,-0.05311860255228748,0.08351937111987828,0.05407179000568707,-0.2225607641621977,,0.02339701062282689,0.03998658377643758,-0.23845308842546764,-0.055410556510579134,-0.2875691907275093,-0.14980069398044593,-5.03,-3.5799999999999983,-5.812499999999998,,,,,,,,,0.21150554761988394,0.17166484711329266,-0.19965220200086617,
871,11720,59101.0,0.0,0.0,,0.07952042026772707,0.01586300967521701,0.16714518974272474,-0.05164541167432679,0.1940562036937563,0.0594764443828506,1.2199999999999989,1.7350000000000003,0.2649999999999997,,,,,,,,,0.1499343653973746,0.09990565226104042,-0.12335032431180834,0.0,,,,,,,,,,,,,,,,,,,,,
871,11730,51647.0,3.872441768156911,3.872441768156911,,-0.046664596403695593,0.015018841417978386,0.1723056174726092,0.22136695132105322,0.12269413272426055,0.21768186951149726,-0.6400000000000006,-0.28499999999999925,-1.4350000000000014,0.004935619497154492,0.028256348980207666,0.004342547285253372,,0.04038062747587112,-0.05965862029320973,0.0055727600809963584,,0.048210906872790726,0.015660796148315725,-0.058114997933951446,0.5178571428571428,,,,,,,,,,,,,,,,,,,,,
871,11800,76551.0,0.0,0.0,,-0.01699099122293618,0.052973788218603234,-0.2672496437099645,0.00032224954729320743,-0.0962450752384929,-0.6631054981107196,-1.6750000000000007,-2.044999999999999,-1.745,,,,,,,,,0.14044379873640578,0.10708325962262766,0.06793658618492368,1.0,,,,,,,,,,,,,,,,,,,,,
871,12160,11260.0,0.0,0.0,,0.17680021744360488,-0.06654508502055409,0.01421222619524487,0.11153967577359802,0.07068897907567306,-0.15258799702342252,-4.759999999999999,-5.924999999999998,-4.034999999999999,-0.0003738231308423046,0.0019143342582369762,-0.0007615977923363236,0.0010292519950403265,-0.06219457829153924,0.04775311349022027,0.013512894068835185,-0.2544626084661614,0.14223989513492974,0.08607590305840063,-0.11595012108247447,,,,-0.01870128379119418,0.05346692616093218,0.055195483345561236,-0.20005424726746934,-4.7849999999999975,-6.054999999999998,-3.9749999999999996,-0.0003738231308423046,0.0019143342582369762,-0.0007615977923363236,0.0009431020123339276,-0.06219457829153924,0.04775311349022027,0.03143149564613357,-0.2544626084661614,0.05318278750794114,0.03033528666807861,-0.18093488668962474,
871,12700,9346.0,0.0,0.0,,0.04291634794613103,-0.005592766644802148,0.3966555189406731,0.1666787641883043,0.3113236835073301,0.5134724723495472,3.469999999999999,4.425,2.0749999999999984,,,,,,,,,0.18697591414136117,0.04701540940338056,0.13961670117208555,,,,0.36374200895423403,0.10860601457563845,0.29583018777721826,0.46600622210550036,3.4450000000000003,4.295,2.134999999999998,,,,,,,,,0.09791880651437257,-0.008725206986941458,0.08032443749650156,
871,12750,38288.0,7.83535311324697,7.83535311324697,,0.012551430262889327,-0.008500256842903654,0.3540793469300678,0.08392628115931755,0.36457041149399716,0.27925050034439547,2.1450000000000014,1.655000000000002,2.195000000000001,0.01338689348026404,0.05367495533001232,0.012793821268362923,,0.09220027314894041,-0.20269813393609654,0.05739240575406565,,0.15389189890585708,0.0741014703214482,0.17577462479482095,0.8750322722156899,,,,,,,,,,,,,,,,,,,,,
871,13010,8908.0,22.451728783116298,22.451728783116298,,0.05750958469528707,-0.04256767240426948,0.053004988072636205,0.10019873512802713,0.12414190377069856,,-1.4249999999999972,-3.554999999999997,0.26500000000000146,0.0059023717785670485,0.015707868817347106,0.0053092995666659286,,-0.08460038657513852,-0.12812875659554085,-0.11940825397001328,,0.08384295128524633,0.09973938865733523,0.10008365686911228,0.9066666666666666,,,0.020091478086197156,0.042125985515361286,0.10864840804058673,,-1.4499999999999957,-3.684999999999997,0.32500000000000107,0.0059023717785670485,0.015707868817347106,0.0053092995666659286,,-0.08460038657513852,-0.12812875659554085,-0.1014896523927149,,-0.0013862506037165545,0.0539453207879661,0.10624906098305172,0.9309090909090909
871,13310,30852.0,0.0,0.0,,,,0.09128686171701039,0.14823044461692492,0.22719048426295751,-0.23436710083269308,2.679999999999996,2.089999999999999,2.8299999999999974,,,,,,,,,0.06976657009411547,0.03202805057831437,-0.0008901072915413824,,,,,,,,,,,,,,,,,,,,,,
871,13340,10686.0,9.358038555118847,0.0,,0.12799434964786224,-0.025603966264190852,0.09830246063452242,0.014885384582787875,0.1692946539854554,-0.09752864352515545,-3.3550000000000004,-1.7250000000000005,-5.425000000000002,,,,,,,,,0.1286050211927119,0.1276273961722163,0.21167914475795363,0.0,,,0.06538895064808337,-0.04318736502987797,0.15380115825534357,-0.14499489376920227,-3.379999999999999,-1.8550000000000004,-5.365000000000002,,,,,,,,,0.03954791356572329,0.07188677978189428,0.14669437915080336,0.0
871,13660,5349.0,0.0,0.0,,0.2576230916442974,-0.05561823431728158,0.2540832634832362,-0.10169579219382685,0.08435649982023596,0.5396900733514256,-1.585,-2.309999999999999,-1.3000000000000003,,,,,,,,,0.1381389431313229,0.011832735399888605,-0.24901362139349772,,,,0.22116975349679713,-0.1597685418064927,0.06886300409012414,0.4922238231073788,-1.6099999999999985,-2.439999999999999,-1.2400000000000007,,,,,,,,,0.049081835504334315,-0.04390788099043341,-0.2737436707288813,
871,13800,67083.0,0.0,0.0,,-0.025683848963443327,-0.1107944773137215,0.08632348083603203,-0.0722064300151728,-0.13019349727380325,0.4655107195978916,-3.1750000000000007,-2.6149999999999993,-4.175,,,,,,,,,0.07551165470090027,0.01802299116856343,-0.03812044920631231,0.0,-0.025683848963443327,-0.1107944773137215,0.1376983876919713,0.013129905092173821,-0.08678434231628218,0.5770840375494157,-2.7550000000000017,-1.9749999999999996,-2.8674999999999993,,,,,,,,,0.16877196209945966,0.08866864186885692,-0.0008329849853999198,0.0
871,14220,16844.0,0.0,0.0,,0.019591684661190566,-0.07884768315572917,0.1454666136007723,0.1202986733315572,0.1896817172133649,0.003189688917776934,-3.0050000000000026,-2.2100000000000017,-4.240000000000003,0.00520458466579763,0.0010226569106133662,-0.004172138339754282,0.015801905686145257,-0.23340041113327165,-0.11568923040831841,-0.2683231164911094,-0.20452292383443246,0.0985371526445018,-0.010014602691162722,0.06722594581224747,,,,0.11255310361433324,0.06222592371889135,0.17418822148325308,-0.04427656132626989,-3.030000000000001,-2.3400000000000016,-4.180000000000003,0.00520458466579763,0.0010226569106133662,-0.004172138339754282,0.015715755703438857,-0.23340041113327165,-0.11568923040831841,-0.250404514913811,-0.20452292383443246,0.009480045017513206,-0.06575521908148474,0.042495896476863915,
871,14350,29665.0,3.3709758975223325,3.3709758975223325,2.0,-0.0034485685736842004,-0.04377578297563629,-0.055649551046935475,-0.17015618857725245,-0.08157342904664544,-0.05764851250532921,-1.5700000000000003,-1.3349999999999982,-2.245,0.005868195897761081,0.020330003230035608,0.005275123685859961,,0.10710947753692218,-0.019797150650647022,0.07230161014204742,,0.07931051565045566,0.06615277413541776,0.026958262928301224,0.0,,,,,,,,,,,,,,,,,,,,,
871,14500,126046.0,0.0,0.0,,-0.014919618084392997,0.003638112656766618,-0.3314674808355398,-0.20459523920493217,-0.3231244134398765,-0.40200033308468,-1.9750000000000032,-1.700000000000002,-2.690000000000004,,,,,,,,,-0.03642628454544372,-0.07149421317487903,0.4957491250920859,,-0.014919618084392997,0.003638112656766618,-0.2800925739796005,-0.11925890409758555,-0.27971525848235546,-0.29042701513315583,-1.5550000000000042,-1.0600000000000023,-1.3825000000000034,,,,,,,,,0.05683402285311567,-0.0008485624745855347,0.5135250353038229,
871,14550,8870.0,0.0,0.0,,-0.02264464011804465,-0.06241102128696781,0.7567536935124397,0.2925895948256243,0.47862714013057994,1.2591600828183465,-1.1950000000000003,-0.35000000000000053,-2.4800000000000013,,,,,,,,,0.08992989095804793,0.1036942850928968,-0.45908003352635673,1.0,,,0.7238401835260007,0.23451684521295846,0.4631336444004681,1.2116938325742996,-1.2199999999999989,-0.4800000000000004,-2.4200000000000017,,,,,,,,,0.004700689069085051,0.05790021722352767,-0.4630980178051769,1.0
871,14650,204914.0,0.0,0.0,,0.00030423945507712294,-0.02978216928471092,-0.14431513823932152,0.06751364014671024,-0.12831686867701686,-0.23015839482174094,1.6050000000000004,0.9750000000000023,1.7950000000000008,,,,,,,,,0.14094760775618642,0.07759469619071346,-0.07193769936853296,,,,,,,,,,,,,,,,,,,,,,
871,14850,43843.0,0.0,0.0,,-0.03210053938674781,-0.0014035586550264836,0.32248068499728033,0.20106221532279767,0.20972596573775304,0.4941434060585248,1.7799999999999994,8.881784197001252e-16,3.12,0.09076993268550015,0.0003866682883016132,0.026288865714233816,0.2203595924309274,-0.06847894194255572,-0.17193626794300504,-0.17839504340334264,0.11050017552514482,0.15535358292360701,0.07018688027101838,0.17883741432536684,,,,,,,,,,,,,,,,,,,,,,
871,14870,21636.0,0.0,0.0,,-0.06298118280492898,-0.009468133219311958,0.4671533994985304,-0.05194523744391377,0.19370052311484676,0.9602124348080885,-7.119999999999999,-11.075,-3.6049999999999995,,,,,,,,,0.044175064136930065,-0.008703320449456875,0.28556602491731564,0.9541462418300655,,,,,,,,,,,,,,,,,,,,,
871,15240,93288.0,1.0719492324843496,1.0719492324843496,,0.05148407991300962,0.010578713893324187,0.02885930028198791,0.04222878301452271,0.031990697296026216,-0.03125021120389704,-0.45500000000000007,0.6150000000000011,-1.9650000000000007,0.005485913702802438,0.00696691889996127,0.004892841490901318,,0.027022316669246593,-0.01428428897165851,-0.007785550725628171,,0.0946612614139899,0.06855689399243037,0.08358332784270542,0.0,,,,,,,,,,,,,,,,,,,,,
871,15270,25086.0,0.0,0.0,,-0.049596526637265416,-0.06017729106879513,0.0430587380496239,0.20912663640272244,0.020578691583442943,0.03417211352417571,0.5749999999999993,-0.3899999999999979,1.1000000000000005,,,,,,,,,0.13026288290580412,0.09229490562797071,-0.05445975791000748,0.0,,,,,,,,,,,,,,,,,,,,,
871,15650,16383.0,0.0,0.0,,-0.06824445898096063,0.0042034160353965275,-0.06752073922934132,-0.23568914320882017,-0.03211628611879069,-0.19217636290825268,-2.0250000000000004,-3.1899999999999995,-1.2999999999999998,0.0032991850442082,-0.007374809025117929,0.0018274269906604869,0.006870226954198219,-0.2703466982807348,-0.37075684358281824,-0.27460276829371966,-0.30268764370863843,0.06819997444288184,-0.03322443037806977,0.16740886300566554,,,,-0.10043424921578037,-0.293761892821486,-0.04760978184890252,-0.2396426131522995,-2.049999999999999,-3.3199999999999994,-1.2400000000000002,0.0032991850442082,-0.007374809025117929,0.0018274269906604869,0.00678407697149182,-0.2703466982807348,-0.37075684358281824,-0.25668416671642125,-0.30268764370863843,-0.020857133184106758,-0.08896504676839179,0.142678813670282,
871,15700,19773.0,5.0574015071056495,5.0574015071056495,2.0,0.0440011720484664,-0.04312300060828949,0.2854162142730936,0.36123129236770923,0.31091732291956964,0.1805672795223332,2.085000000000001,0.8650000000000011,2.8649999999999993,,,,,,,,,0.14273517708619377,0.11006616250711687,0.22018089757113066,0.0,,,0.25250270428665456,0.3031585427550434,0.2954238271894578,0.13310102927828638,2.0600000000000023,0.7350000000000012,2.924999999999999,,,,,,,,,0.05367806945920517,0.054325546116794854,0.1954508482357471,0.0
871,15750,13231.0,0.0,0.0,,0.16561008262761803,-0.04621515310741278,-0.03873619984048249,0.1315639587627495,-0.10956436898238975,0.049073420985519256,-8.534999999999997,-7.764999999999996,-9.744999999999997,,,,,,,,,0.05378442639584868,-0.015050802631527027,0.09751814221544877,,,,-0.07164970982692154,0.07349120915008367,-0.12505786471250158,0.0016071707414724301,-8.559999999999995,-7.894999999999996,-9.684999999999999,,,,,,,,,-0.03527268123113991,-0.07079141902184904,0.07278809288006523,
871,16100,5408.0,0.0,0.0,,-0.006827138351540112,-0.041508445163875474,0.3821872434502338,-0.18927603097284296,0.3993966459117977,0.2939217210692986,3.0299999999999994,-1.4849999999999985,7.104999999999998,,,,,,,,,0.04817487892873995,-0.06838700750696525,-0.3729755630018695,,,,0.34927373346379476,-0.2473487805855088,0.38390315018168586,0.24645547082525177,3.005000000000001,-1.6149999999999984,7.164999999999997,,,,,,,,,-0.040882228698248646,-0.12412762389728726,-0.3977056123372531,
871,16350,209210.0,0.0,0.0,,-0.09529769858802312,0.0006568281793777669,-0.19379645200565454,-0.2665838107401668,-0.17450475660592746,-0.2862265602629197,-4.94,-7.944999999999999,-2.375000000000001,0.0034792087629833997,-0.0029075478520748906,0.005440396652206849,0.0001843587874310929,0.014010957419934161,-0.11659493874080848,-0.04353222347209834,0.08824423375012597,0.05307839989904739,-0.0035322875932681796,-0.09024399570994483,,-0.09529769858802312,0.0006568281793777669,-0.14242154514971528,-0.18124747563282018,-0.1310956016484064,-0.17465324231139556,-4.520000000000001,-7.305,-1.0675000000000003,,,,,,,,,0.14633870729760678,0.06711336310702531,-0.05295653148903244,
871,16380,83131.0,0.0,0.0,,0.053107972678467626,-0.002344631229457134,-0.24882011847684327,-0.256962858458897,-0.2892738096223879,-0.22175945364356586,1.2999999999999972,0.3249999999999984,1.835,,,,,,,,,0.1360052998728345,0.10802599393535317,0.16968774849518295,1.0,,,,,,,,,,,,,,,,,,,,,
871,16490,59959.0,0.0,0.0,,0.08322344864985158,0.010373945881302834,0.09860333417419787,0.41294068719392785,0.2597831833033539,-0.27760308154192526,-4.835000000000001,-5.119999999999999,-4.990000000000001,,,,,,,,,0.12314503574843538,0.0865533335284745,0.29744315673321375,1.0,,,,,,,,,,,,,,,,,,,,,
871,16610,23399.0,0.0,0.0,21.0,0.006956636565914353,0.013248119302679185,0.261283898670309,-0.04209207653614522,0.1298177320687599,0.47036951441559616,0.5500000000000007,-0.9699999999999998,1.63,0.1794366487958468,0.06816185701744895,0.1448559753607752,0.2492255214688846,-0.08162072998404385,-0.23165734104599583,-0.20392643360886833,0.12213759181173175,0.15833084452523405,0.09345108068642372,0.03396993027672906,0.412211939164401,,,,,,,,,,,,,,,,,,,,,
871,16950,104371.0,2.8743616521830777,2.8743616521830777,,0.04833886767963549,0.03647504666590373,0.05147806380297526,0.00036556634490514384,-0.03871729295812587,0.1780220598673683,-2.6050000000000004,-2.6849999999999996,-2.9650000000000007,-0.0038416029249781075,-0.003259588339732961,-0.0044346751368792275,,-0.11333867487989402,-0.14730113478133622,-0.14814654227476878,,0.16026080716696534,0.07007069213722694,0.06686971922264646,0.0,,,,,,,,,,,,,,,,,,,,,
871,17000,23422.0,0.0,0.0,,-0.044381860228561894,0.04135415653517432,0.006783333115790935,0.16382381429159,0.09273455683382847,-0.21896583177809514,-1.0650000000000013,1.995,-4.565,,,,,,,,,0.09819548821693624,0.036997636524150224,-0.09246919176878542,,,,,,,,,,,,,,,,,,,,,,
871,17040,20733.0,14.46968600781363,0.0,,0.02238859247017737,-0.0057559536980311896,0.17344753802733814,0.17375901845144748,0.0232764157927714,0.4199430650386615,-5.23,-4.754999999999998,-6.1450000000000005,,,,,,,,,0.2837890768928917,0.20288852269890967,-0.10094695449042564,0.25806451612903225,,,,,,,,,,,,,,,,,,,,,
871,17080,14532.0,6.881365262868153,6.881365262868153,,0.05688145302234227,0.016953945239011014,0.13621861622759246,0.26537892225860515,0.19213487719398037,-0.02946062316299436,-4.630000000000001,-3.3549999999999995,-6.345000000000001,0.168378725705718,0.025679650333716324,0.16778565349381688,,-0.03325695245323401,-0.02908780612930184,-0.06806481984810878,,0.18211305488076857,0.09591361524266429,-0.2389063986306802,0.7357512953367875,,,0.10330510624115341,0.2073061726459393,0.17664138146386854,-0.07692687340704119,-4.654999999999999,-3.4849999999999994,-6.285000000000001,0.168378725705718,0.025679650333716324,0.16778565349381688,,-0.03325695245323401,-0.02908780612930184,-0.050146218270810394,,0.09305594725377997,0.04017299885234227,-0.30389116423783047,0.7407707253886011
871,17150,229213.0,0.0,0.0,,-0.05198619013859792,-0.043253071709762635,-0.21825622638795883,0.14655636724811538,-0.2485121030998152,-0.2115911904220562,1.5999999999999979,0.6049999999999995,2.1549999999999985,,,,,,,,,0.020913956392212718,-0.04397116489195341,0.1222366226302424,,-0.05198619013859792,-0.043253071709762635,-0.16688131953201957,0.231892702355462,-0.20510294814229413,-0.10001787247053207,2.019999999999997,1.2449999999999992,3.462499999999999,,,,,,,,,0.11417426379077211,0.026674485808340087,0.1595240868511548,
871,17310,62156.0,0.0,0.0,,0.09947935120486043,0.0112744291182491,0.12407114333903602,0.1989616807441119,0.1433297463033827,0.03170721995252901,0.6749999999999972,-0.21000000000000174,1.12,0.00029677728550458614,0.0005693232427995067,-0.00029572667662518563,0.0021093110126587226,-0.022106580977254375,0.02139094512934142,-0.0564093851170053,0.005645941848374053,0.07906206098670765,-0.004107942045809665,0.06443425912494938,,,,,,,,,,,,,,,,,,,,,,
871,17400,6638.0,0.0,0.0,1.0,0.0408856340364519,-0.04157329072193359,0.505035896732045,0.23660169694060196,0.41856548464561927,0.6241300034470854,-6.095000000000001,-5.6049999999999995,-7.025,0.10701707670072623,0.107003147418721,0.10047545866996357,0.12072783856514616,0.11237368448244939,-0.3190395897288124,-0.01602723576135809,0.3283224395161911,0.09540571333133174,0.16184856081533994,0.19971766701895094,0.548066448801743,,,0.4721223867456059,0.17852894732793612,0.40307198891550744,0.5766637532030385,-6.119999999999999,-5.734999999999999,-6.965000000000001,0.10701707670072623,0.107003147418721,0.10047545866996357,0.12064168858243975,0.11237368448244939,-0.3190395897288124,0.0018913658159402935,0.3283224395161911,0.010176511442368863,0.11605449294597081,0.19569968274013078,0.6481481481481481
871,17550,96108.0,0.0,0.0,,-0.012847747839457373,0.035742207736032976,-0.15415993281262752,-0.2968749857085524,-0.2942586511414649,0.0721907863872362,0.8249999999999957,1.8549999999999995,-0.645000000000004,,,,,,,,,0.20214205980506605,0.16355181743038827,0.02165183080295452,,,,,,,,,,,,,,,,,,,,,,
871,17620,14220.0,0.0,0.0,,0.04056684443801889,0.009372549971595014,0.08313796305810195,0.412214008288053,0.16461832187898073,-0.13366947204146573,1.3099999999999987,2.1100000000000003,0.0699999999999994,,,,,,,,,0.02669115173658243,0.04714358415151576,0.46676162625777956,,,,0.0502244530716629,0.35414125867538715,0.1491248261488689,-0.18113572228551256,1.2850000000000001,1.9800000000000004,0.129999999999999,,,,,,,,,-0.05853805015238045,0.0013495162821466344,0.472927030371719,
871,17640,7961.0,0.0,0.0,,0.04466424164865171,-0.027585848905575708,0.130943854118867,0.17292825623808872,0.11858296092774223,0.10181892304330287,-1.4099999999999966,1.3950000000000022,-4.6549999999999985,0.0327675374204461,0.01754905866409969,0.03930469325981913,0.020320751544594617,-0.046515372223449536,-0.13806341253457988,-0.07118436775495637,-0.03803046661430906,0.05621299086591147,-0.006272806846655321,0.609620330417821,,,,0.09803034413242795,0.11485550662542288,0.1030894651976304,0.05435267279925604,-1.4349999999999952,1.2650000000000023,-4.594999999999999,0.0327675374204461,0.01754905866409969,0.03930469325981913,0.020234601561888218,-0.046515372223449536,-0.13806341253457988,-0.05326576617765799,-0.03803046661430906,-0.032844116761077125,-0.06201342323697734,0.5503280667422371,
871,17650,6062.0,0.0,0.0,,-0.0016022969293715272,-0.04980608084573143,0.12978448805446652,0.10172663843269492,0.15829594538716707,0.01891485593125264,-5.514999999999999,-1.594999999999998,-9.875,,,,,,,,,0.13772804429691998,0.08150068103845065,-0.03088311665670229,,,,0.09687097806802747,0.043653888820029074,0.14280244965705524,-0.028551394312794187,-5.539999999999997,-1.7249999999999979,-9.815,,,,,,,,,0.048670936669931386,0.025760064648128633,-0.09017538033228628,
871,17750,64820.0,0.0,0.0,,0.16165730363070327,0.012243709687199004,0.011532011197763925,-0.02661624225419379,0.11287721366267656,-0.24500511118987234,2.6799999999999997,2.2150000000000007,2.704999999999999,,,,,,,,,0.12184836358458373,0.11085664538108375,-0.02933945511984317,,,,,,,,,,,,,,,,,,,,,,
871,17850,3132.0,31.928480204342275,31.928480204342275,1.0,0.17193696801572858,-0.029863518385949243,0.4637872496753066,0.14324730714000333,0.4477649493103546,0.44198513294739783,-4.159999999999999,-3.1549999999999985,-5.6049999999999995,0.0154460076155748,0.06609871750318214,0.01659936277783496,0.013766823093949073,0.13077034193198672,-0.06792814579784207,0.10256367438550121,0.14633059157108433,0.10076427787458586,-0.1813836245867675,0.32146110389143123,0.8460895721925134,,,0.43087373968886755,0.08517455752733749,0.43227145358024277,0.394518882703351,-4.184999999999998,-3.2849999999999984,-5.545,0.0154460076155748,0.06609871750318214,0.01659936277783496,0.013680673111242674,0.13077034193198672,-0.06792814579784207,0.12048227596279959,0.14633059157108433,0.015535075985622981,-0.22717769245613662,0.31744311961261107,0.8636363636363636
871,18350,50493.0,0.0,0.0,,-0.023415796835677634,-0.006211785616324676,-0.3209155675174453,-0.25009070136352163,-0.29895856584441427,-0.4186762883213184,0.05999999999999872,0.964999999999999,-1.285000000000001,0.007023612346989493,0.011406134593780001,0.006430540135088373,,0.08365589446235192,0.04029730968529624,0.04884802706747715,,0.15580550745904542,0.07130713023567381,0.21719828219781298,1.0,,,,,,,,,,,,,,,,,,,,,
871,18400,52230.0,3.829216925138809,0.0,18.0,0.021022206032740447,-0.02573005972205622,0.6895868249822787,0.7732489730701837,0.5927313940665884,0.8294509693558476,-0.3299999999999983,-0.29499999999999904,-0.8049999999999988,0.05472372575916536,0.02251815774493105,0.04047223220634162,0.08385423866770746,0.11558723623592831,0.2870006675263439,0.04543191411602179,0.21504479502186816,0.027267040861578717,0.01642439146943797,-0.19042952632429985,0.0,0.021022206032740447,-0.02573005972205622,0.740961731838218,0.8585853081775303,0.6361405490241094,0.9410242873073718,0.09000000000000075,0.34500000000000064,0.5025000000000017,,,,,,,,,0.15525321736158437,0.13401744857704356,-0.16752096416296833,0.0
880,11730,51647.0,0.0,0.0,,-0.046664596403695593,0.015018841417978386,0.1723056174726092,0.22136695132105322,0.12269413272426055,0.21768186951149726,-0.6400000000000006,-0.28499999999999925,-1.4350000000000014,0.004935619497154492,0.028256348980207666,0.004342547285253372,,0.04038062747587112,-0.05965862029320973,0.0055727600809963584,,0.048210906872790726,0.015660796148315725,-0.11456740614391546,,,,,,,,,,,,,,,,,,,,,,
880,14350,29665.0,0.0,0.0,,-0.0034485685736842004,-0.04377578297563629,-0.055649551046935475,-0.17015618857725245,-0.08157342904664544,-0.05764851250532921,-1.5700000000000003,-1.3349999999999982,-2.245,0.005868195897761081,0.020330003230035608,0.005275123685859961,,0.10710947753692218,-0.019797150650647022,0.07230161014204742,,0.07931051565045566,0.06615277413541776,-0.0012387208369125102,,,,,,,,,,,,,,,,,,,,,,
880,14550,8870.0,0.0,0.0,,-0.02264464011804465,-0.06241102128696781,0.7567536935124397,0.2925895948256243,0.47862714013057994,1.2591600828183465,-1.1950000000000003,-0.35000000000000053,-2.4800000000000013,,,,,,,,,0.08992989095804793,0.1036942850928968,-0.48356823095150386,,,,0.7238401835260007,0.23451684521295846,0.4631336444004681,1.2116938325742996,-1.2199999999999989,-0.4800000000000004,-2.4200000000000017,,,,,,,,,0.004700689069085051,0.05790021722352767,-0.4774028268375644,
880,15240,93288.0,0.0,0.0,,0.05148407991300962,0.010578713893324187,0.02885930028198791,0.04222878301452271,0.031990697296026216,-0.03125021120389704,-0.45500000000000007,0.6150000000000011,-1.9650000000000007,0.005485913702802438,0.00696691889996127,0.004892841490901318,,0.027022316669246593,-0.01428428897165851,-0.007785550725628171,,0.0946612614139899,0.06855689399243037,0.058416573201623356,,,,,,,,,,,,,,,,,,,,,,
880,15700,19773.0,0.0,0.0,,0.0440011720484664,-0.04312300060828949,0.2854162142730936,0.36123129236770923,0.31091732291956964,0.1805672795223332,2.085000000000001,0.8650000000000011,2.8649999999999993,,,,,,,,,0.11486074410254643,0.11927067446925665,0.1985432226697632,,,,0.25250270428665456,0.3031585427550434,0.2954238271894578,0.13310102927828638,2.0600000000000023,0.7350000000000012,2.924999999999999,,,,,,,,,0.02963154221358355,0.07347660659988753,0.20470862678370266,
880,16380,83131.0,0.0,0.0,,0.053107972678467626,-0.002344631229457134,-0.24882011847684327,-0.256962858458897,-0.2892738096223879,-0.22175945364356586,1.2999999999999972,0.3249999999999984,1.835,,,,,,,,,0.1360052998728345,0.10802599393535317,0.16968774849518295,,,,,,,,,,,,,,,,,,,,,,
880,16610,23399.0,0.0,0.0,,0.006956636565914353,0.013248119302679185,0.261283898670309,-0.04209207653614522,0.1298177320687599,0.47036951441559616,0.5500000000000007,-0.9699999999999998,1.63,0.1794366487958468,0.06816185701744895,0.1448559753607752,0.2492255214688846,-0.08162072998404385,-0.23165734104599583,-0.20392643360886833,0.12213759181173175,0.1072198834142255,0.10222375271429396,-0.029121450975776578,,,,,,,,,,,,,,,,,,,,,,
NSW1718-05,12700,9114.0,0.0,0.0,,0.07211871341024566,0.011403867660969333,-0.24623873724136658,-0.37022747572546955,-0.3008173647744359,-0.05928291030932353,3.8150999999999975,0.06509999999999572,8.002599999999997,,,,,,,,,,,0.26380081893228846,,0.2189937786894015,0.02563737543628298,-0.3251253560151701,-0.43682319638195466,-0.340148636221282,-0.205973523509841,3.7213499999999993,0.12134999999999785,8.126649999999998,,,,,,,,,,,0.30218675865466266,
NSW1718-05,15240,91958.0,0.0,0.0,,0.02004894454167231,-0.08739320415688635,,,,,,,,,,,,,,,,,,-0.035800467703393825,,-0.04346840655374599,-0.09521922312925939,,,,,,,,,,,,,,,,,,-0.058263312851149246,
NSW1718-05,16380,79905.0,0.0,0.0,,0.06275945939043605,-0.008261283250585588,-0.7038437086603002,-0.4620455002744386,-0.5319613244804531,-0.9698099051540909,2.400400000000001,1.4604,3.7779000000000025,,,,,,,,,,,0.04357697772141343,,-0.0007578917049822489,-0.016087302222958608,-0.5006850991296394,-0.39137251222212033,-0.2854922157707236,-0.9563235483335895,2.4779000000000035,1.1779000000000028,3.4707000000000026,,,,,,,,,,,0.02111413257365801,
NSW1718-05,17620,14409.0,0.0,0.0,,,,0.39710296721928184,0.1917802737453842,0.4038878829830086,0.4613317075577337,-3.030000000000001,-1.115000000000002,-4.5075,,,,,,,,,,,0.38440886316117684,,,,0.3182163484454783,0.1251845530888991,0.3645566115361625,0.3146410943572162,-3.1237499999999994,-1.0587499999999999,-4.38345,,,,,,,,,,,0.4151682284337859,
NSW1718-06,14350,29454.0,0.0,0.0,,0.04315644662756213,0.025801302683363916,0.1205636999480717,0.9410306144480334,0.07318828149418177,0.293113108721756,0.8554499999999976,0.9054499999999965,1.2429499999999987,,,,,,,,,,,-0.1279178601627792,,-0.020360904467856173,0.017975283710990896,0.3237223094787325,1.0117036025003516,0.31965739020391126,0.3065994655422575,0.93295,0.6229499999999994,0.9357499999999987,,,,,,,,,,,-0.05032347661105374,
NSW1718-06,16380,79905.0,0.0,0.0,,0.06275945939043605,-0.008261283250585588,-0.7038437086603002,-0.4620455002744386,-0.5319613244804531,-0.9698099051540909,2.400400000000001,1.4604,3.7779000000000025,,,,,,,,,,,0.12713311260604004,,-0.0007578917049822489,-0.016087302222958608,-0.5006850991296394,-0.39137251222212033,-0.2854922157707236,-0.9563235483335895,2.4779000000000035,1.1779000000000028,3.4707000000000026,,,,,,,,,,,0.2047274961577655,
NSW1718-08,17310,60998.0,0.0,0.0,,,,-0.10128655038163448,-0.3436684220892676,-0.06092755708652842,-0.10420596510594482,-3.09685,-1.8218500000000013,-3.9343500000000002,,,,,,,,,,,0.0610761109876336,,,,0.1018720591490263,-0.27299543403694937,0.18554155162320107,-0.09071960828544334,-3.0193499999999975,-2.1043499999999984,-4.24155,,,,,,,,,,,0.13867049453935906,
NSW1718-09,13660,5326.0,0.0,0.0,,,,-0.18551216124883307,-0.07129439484134181,-0.13096134840481088,-0.21681521507097212,-2.7575500000000015,-1.002550000000002,-4.075050000000001,,,,,,-0.02580881587359765,,,0.0365993453055391,0.050489536355089015,0.35819470107014856,,,,-0.2643987800226366,-0.13789011549782693,-0.170292619851657,-0.3635058282714896,-2.8512999999999997,-0.9462999999999999,-3.9510000000000005,,,,,,-0.03251944518934974,,,-0.036947862542741294,-0.0011546845213930013,0.30814790304407186,
NSW1718-09,17310,60998.0,0.0,0.0,,,,-0.10128655038163448,-0.3436684220892676,-0.06092755708652842,-0.10420596510594482,-3.09685,-1.8218500000000013,-3.9343500000000002,,,,,,,,,,,0.0610761109876336,,,,0.1018720591490263,-0.27299543403694937,0.18554155162320107,-0.09071960828544334,-3.0193499999999975,-2.1043499999999984,-4.24155,,,,,,,,,,,0.13867049453935906,
NSW1718-09,17650,6159.0,0.0,0.0,,,,0.046094784725595694,0.09260416065885746,-0.02781679044807195,0.27171650693883453,0.6583499999999969,0.23834999999999695,1.5158499999999986,,,,,,,,,0.05205384294817739,0.04323158614794664,-0.47626601255637435,,,,-0.032791834048207846,0.026008440002372346,-0.06714806189491807,0.12502589373831707,0.5645999999999987,0.2945999999999991,1.6398999999999992,,,,,,,,,-0.021493364900103007,-0.008412634728535373,-0.526312810582451,
NSW1718-10,16400,71118.0,0.0,0.0,,0.042453016028408536,0.0068579232051675446,0.011500388773549197,-0.00762693769867262,0.009336590861618532,0.09362655646331586,-0.6940000000000008,-0.3390000000000013,-0.6115000000000004,,,,,,,,,0.026474716477355553,0.05259761915931538,-0.029220714396910694,,-0.02106433506700977,-0.0009680957672054763,0.21465899830420998,0.06304605035364563,0.255805699571348,0.10711291328381733,-0.6164999999999985,-0.6214999999999984,-0.9187000000000003,,,,,,,,,-0.012690594009081124,-0.019606374048862563,0.08704256412805647,
NSW1718-11,11720,56762.0,0.0,0.0,,0.15100195994920698,0.08076710841485464,-0.10703335071780895,0.20607971562910343,-0.21979306425188927,0.19628464821625347,-1.2805500000000016,-1.4105500000000024,-0.7130500000000008,,,,,,,,,0.03522007405572802,0.06196631911010986,-0.34973029912005493,,0.08748460885378868,0.07294108944248162,0.09612525881285183,0.2767527036814217,0.02667604445784022,0.20977100503675494,-1.2030499999999993,-1.6930499999999995,-1.0202500000000008,,,,,,,,,-0.003945236430708654,-0.010237674098068084,-0.23346702059508778,
NSW1718-11,15650,16468.0,0.0,0.0,,,,-0.12743334582698385,0.050325748849977536,-0.17240903422365061,0.040316602832254134,-3.2741500000000006,-3.419150000000001,-2.691649999999999,-0.00010138252935496753,0.006095998337984325,0.00011343700855883862,0.0007469919851204338,-0.0640515100147348,0.4185352229025049,-0.06815488032668798,-0.055844769390828664,0.16490116069556437,0.10986375879278132,0.14382378798092682,,,,-0.2063199646007874,-0.016269971806507577,-0.21174030567049673,-0.10637401036826333,-3.367899999999999,-3.362899999999999,-2.5675999999999988,0.0023061793489888363,0.006322485294989796,0.0019607279568435356,0.00160271877306159,-0.06536470687254117,0.41182459358675283,-0.09289713153299387,-0.0907601947310629,0.09135395284728398,0.0582195379162993,0.09377698995485012,
NSW1718-11,17000,23595.0,0.0,0.0,,,,-0.8598836806972976,-0.6380700993921753,-0.9430895258313212,-0.6156734185633459,-2.3175500000000007,-4.487550000000002,0.2899499999999975,,,,,,,,,0.09968407197548279,0.08733282457480751,-0.21735939539633597,,,,-0.6567250711666368,-0.567397111339857,-0.6966204171215917,-0.6021870617428444,-2.2400499999999983,-4.7700499999999995,-0.01725000000000243,,,,,,,,,0.06051876148904611,0.01512883136662957,-0.1010961168713688,
NSW1718-12,15750,13481.0,0.0,0.0,,,,-0.21726902225500666,-0.31724166223649686,-0.175557744797886,-0.22289300530334444,-1.825250000000004,-1.1352500000000028,-2.0777500000000018,,,,,,,,,-0.010432239968207302,-0.05295971260467436,-0.15433522647437514,,,,-0.2961556410288102,-0.38383738289298197,-0.2148890162447321,-0.3695836185038619,-1.9190000000000023,-1.0790000000000006,-1.953700000000001,,,,,,,,,-0.0839794478164877,-0.10460393348115637,-0.20438202450045184,
NSW1718-12,18020,9541.0,0.0,0.0,,-0.30425108830260383,-0.005625280899610896,-0.28249640419149813,-0.022354141874668443,-0.30275709097180137,-0.16417645876499076,-1.3069500000000005,-1.7119500000000016,-0.46445000000000025,,,,,,,,,0.013605328546181905,-0.0022023340747221454,-0.19116458669808514,,-0.15737602302344797,0.008608226875702748,-0.36138302296530167,-0.08894986253115356,-0.3420883624186475,-0.3108670719655082,-1.4006999999999987,-1.6556999999999995,-0.3403999999999996,,,,,,,,,-0.05994187930209849,-0.05384655495120416,-0.24121138472416184,
NSW1718-13,17640,7841.0,0.0,0.0,,,,-0.1969328492468989,-0.030506783805622995,-0.19121998376794735,-0.13056000833889936,-2.197050000000001,-0.4170499999999997,-3.5395499999999984,0.004541376472344569,-0.011486018796823696,0.003090712289463525,0.008720718428409657,-0.08193553577264928,0.17503696173742372,-0.0799525406520113,-0.08590152601392542,0.1172077601509014,0.09984684070158067,-0.7404175875979611,,,,-0.27581946802070245,-0.09710250446210811,-0.23055125521479347,-0.2772506215394168,-2.290799999999999,-0.36079999999999757,-3.415499999999998,0.006948938350688372,-0.011259531839818225,0.004938003237748222,0.009576445216350813,-0.08324873263045565,0.16832633242167164,-0.10469479185831718,-0.12081695135415965,0.043660552302621,0.04820261982509866,-0.7904643856240379,
NSW1718-14,17150,226041.0,0.0,0.0,,-0.05953299555290885,-0.06513353672431234,-0.3804461108972568,-0.14998692589407803,-0.2864121124593133,-0.49071553590724015,1.4265499999999989,1.1165499999999975,2.1740499999999994,,,,,,,,,-0.020119783324449525,-0.08793631215938369,0.1130786397415815,,-0.05953299555290885,-0.06513353672431234,-0.22182422665552348,-0.11809174670400768,-0.06933678713011737,-0.16241440545147068,1.4265499999999989,1.1165499999999975,2.25765,,,,,,,,,0.025747213218717313,0.11491597118890429,0.12560014370406275,
NSW1718-15,17620,14409.0,0.0,0.0,,,,0.39710296721928184,0.1917802737453842,0.4038878829830086,0.4613317075577337,-3.030000000000001,-1.115000000000002,-4.5075,,,,,,,,,0.1554699719191457,0.11998225080963199,0.3668377972261686,,,,0.3182163484454783,0.1251845530888991,0.3645566115361625,0.3146410943572162,-3.1237499999999994,-1.0587499999999999,-4.38345,,,,,,,,,0.0819227640708653,0.06833802993314997,0.3167909992000919,
NSW1718-16,15270,24569.0,0.0,0.0,,,,-0.10932031662919162,-0.19900923820482674,-0.12463831251225788,-0.0008857529971564304,-1.1544000000000025,-1.2494000000000032,-0.6219000000000001,,,,,,,,,0.12779078108944697,0.16668247748886866,0.16140111166765975,,,,0.09383829290146917,-0.1283362501525085,0.12183079619747161,0.012600603823345047,-1.0769000000000002,-1.5319000000000003,-0.9291,,,,,,,,,0.08862547060301029,0.09447848428069072,0.2776643901926269,
NSW1718-16,15650,16468.0,0.0,0.0,,,,-0.12743334582698385,0.050325748849977536,-0.17240903422365061,0.040316602832254134,-3.2741500000000006,-3.419150000000001,-2.691649999999999,-0.00010138252935496753,0.006095998337984325,0.00011343700855883862,0.0007469919851204338,-0.0640515100147348,0.4185352229025049,-0.06815488032668798,-0.055844769390828664,0.16490116069556437,0.10986375879278132,0.14382378798092682,,,,-0.2063199646007874,-0.016269971806507577,-0.21174030567049673,-0.10637401036826333,-3.367899999999999,-3.362899999999999,-2.5675999999999988,0.0023061793489888363,0.006322485294989796,0.0019607279568435356,0.00160271877306159,-0.06536470687254117,0.41182459358675283,-0.09289713153299387,-0.0907601947310629,0.09135395284728398,0.0582195379162993,0.09377698995485012,
NSW1718-17,10470,42389.0,0.0,0.0,,,,-0.33667841304658896,-0.04449665017998061,-0.20165643999335892,-0.5289237872871446,-0.9879499999999997,-0.00295000000000023,-1.535449999999999,,,,,,,,,0.05403057756560736,0.06956684199799135,-0.02138952869790149,,,,-0.13351980351592818,0.02617633787233764,0.044812668716370574,-0.5154374304666431,-0.9104499999999973,-0.2854499999999973,-1.842649999999999,,,,,,,,,0.014865267079170685,-0.0026371512101865946,0.07918458576040315,
NSW1718-17,11400,13625.0,0.0,0.0,,,,-0.1172334478168926,-0.0982317879710708,-0.03596157694219215,-0.20197861770038905,-0.7005500000000033,1.7644499999999965,-2.7280499999999996,,,,,,,,,0.12472665708486508,0.0948054427141738,0.36661544257861983,,,,-0.19612006659069614,-0.1648275086275559,-0.07529284838903827,-0.3486692309009065,-0.7943000000000016,1.8206999999999987,-2.603999999999999,,,,,,,,,0.051179449236584684,0.04316122183769178,0.35396568803943496,
NSW1718-18,14870,21524.0,0.0,0.0,,,,-0.6020173547169563,-0.36622861473995894,-0.6275458420701385,-0.47316180814468733,0.5191999999999979,2.729199999999997,-1.2533000000000012,,,,,,,,,0.021209992680860434,0.009203362245314928,0.08671471378185791,,,,-0.3988587451862955,-0.2955556266876407,-0.38107673336040904,-0.45967545132418586,0.5967000000000002,2.4467,-1.560500000000001,,,,,,,,,-0.017955317805576243,-0.06300063096286301,0.18728882824016255,
NSW1718-19,13660,5326.0,0.0,0.0,,,,-0.18551216124883307,-0.07129439484134181,-0.13096134840481088,-0.21681521507097212,-2.7575500000000015,-1.002550000000002,-4.075050000000001,,,,,,-0.02580881587359765,,,0.0365993453055391,0.050489536355089015,0.4349346865560972,,,,-0.2643987800226366,-0.13789011549782693,-0.170292619851657,-0.3635058282714896,-2.8512999999999997,-0.9462999999999999,-3.9510000000000005,,,,,,-0.03251944518934974,,,-0.036947862542741294,-0.0011546845213930013,0.4222849320169123,
NSW1718-19,15750,13481.0,0.0,0.0,,,,-0.21726902225500666,-0.31724166223649686,-0.175557744797886,-0.22289300530334444,-1.825250000000004,-1.1352500000000028,-2.0777500000000018,,,,,,,,,-0.010432239968207302,-0.05295971260467436,-0.030730541091040384,,,,-0.2961556410288102,-0.38383738289298197,-0.2148890162447321,-0.3695836185038619,-1.9190000000000023,-1.0790000000000006,-1.953700000000001,,,,,,,,,-0.0839794478164877,-0.10460393348115637,-0.04338029563022526,
NSW1718-20,10550,33946.0,0.0,0.0,0.0,0.03756191779172887,-0.016496274419528428,0.37585527219084636,0.2438438142219681,0.2812009909166582,0.6429624066051245,0.518699999999999,1.0336999999999978,0.4411999999999985,,,,,,,,,0.08112237927396082,0.09332784176820397,-0.1519240796095837,,-0.025955433303689424,-0.02432229339190145,0.5790138817215071,0.31451680227428636,0.5276700996263877,0.656448763425626,0.5962000000000014,0.7512000000000008,0.13399999999999856,,,,,,,,,0.04195706878752414,0.021123848560026026,-0.09701768842271555,
NSW1718-21,14900,212232.0,0.0,0.0,,-0.028053394651894,0.0053698067005405695,-0.47459127500981513,-0.5415899707576388,-0.5130828751702943,-0.3198095028229542,3.1142999999999983,5.749299999999998,0.9167999999999985,,,,,,,,,-0.06031371789430251,-0.15587768752736952,-0.11027689950513433,,-0.028053394651894,0.0053698067005405695,-0.31596939076808184,-0.5096947915675685,-0.29600754984109834,0.008491627632815302,3.1142999999999983,5.749299999999998,1.000399999999999,,,,,,,,,0.004947889771276692,0.07129273291713911,-0.11362954800033687,
NSW1718-21,17150,226041.0,0.0,0.0,,-0.05953299555290885,-0.06513353672431234,-0.3804461108972568,-0.14998692589407803,-0.2864121124593133,-0.49071553590724015,1.4265499999999989,1.1165499999999975,2.1740499999999994,,,,,,,,,-0.037679279814513134,-0.10707378177561022,0.18791926279028953,,-0.05953299555290885,-0.06513353672431234,-0.22182422665552348,-0.11809174670400768,-0.06933678713011737,-0.16241440545147068,1.4265499999999989,1.1165499999999975,2.25765,,,,,,,,,0.02758232785106607,0.12009663866889841,0.184566614295087,
RAA-raa_2015_p15_r01,15750,,,,,,,-0.4683874116149984,-0.15668851551762542,-0.3697378965735503,-0.6029766862372448,2.7717499999999995,4.05775,1.3717000000000001,,,,,,,,,,,0.4676295396110594,,,,-0.48609867649049576,-0.12332136988446951,-0.4262588074945812,-0.718566898638096,2.4254499999999997,3.5904500000000006,0.7781999999999991,,,,,,,,,,,0.5159016767706286,
RAA-raa_2015_p15_r05,10900,79688.0,0.0,0.0,,,-0.05825257183600598,-0.2280462149734821,-0.3485873182116217,-0.21439439367340896,-0.3019094924506307,-2.07825,-1.44965,-2.230050000000001,,,,,,,,,,,0.22689313779392795,,,-0.05825257183600598,-0.031894388361562775,-0.4179718526360592,-0.0014248442496405112,-0.08248124924943134,-2.07825,-1.7058999999999997,-2.4505999999999997,,,,,,,,,,,0.19341218936408228,
RAA-raa_2015_p15_r09,16950,99016.0,0.0,0.0,,,0.011427158560574599,-0.11748596593924132,-0.0015396084248413544,-0.06047302257236531,-0.2780714875499948,-1.8126499999999988,-1.279349999999999,-1.8691500000000012,,,,,,,,,,,-0.07484445767824749,,,-0.002524850101348996,-0.062241323669085524,0.05368059664173774,0.054585098253763675,-0.16623724793569128,-0.05994999999999884,-0.5963999999999992,0.015049999999998676,,,,,,,,,,,-0.07476183694865937,
RAA-raa_2015_p15_r11,13800,65527.0,0.0,0.0,,,0.025267558233395725,-0.47887011551811254,-0.49646103060776525,-0.5634105532550384,-0.35634887492125955,-2.545700000000001,-1.7611000000000008,-2.853500000000002,,,,,,,,,,,-0.14151228095553556,,,0.025267558233395725,-0.2827182889061932,-0.5658455650322027,-0.35044100383126997,-0.1369206317200602,-2.545700000000001,-2.0173500000000004,-3.0740500000000006,,,,,,,,,,,-0.17645754249474027,
RAA-raa_2016_p13_r06,14350,29684.0,0.0,0.0,,-0.008534158695556515,-0.04520733834159987,-0.18136638357071888,-0.5791305473132331,-0.08212493697846135,-0.30522193765931505,-0.07649999999999935,-0.8557500000000005,0.7005999999999988,,,,,,,,,,,-0.02769803515420112,,-0.03930492127626138,-0.05441568991704204,-0.20353333290248132,-0.5350252301926663,-0.08642785153732824,-0.2246300133866237,0.15829999999999833,-0.324225000000002,0.25642499999999835,,,,,,,,,,,-0.04320442262418177,
RAA-raa_2016_p13_r07,17400,6986.0,0.0,0.0,,-0.039328584652461765,-0.008365499206742937,0.23877244846028756,0.09477431173112105,0.2024279332132597,0.3860888180502604,0.6658500000000007,-0.4884500000000003,1.8180000000000005,0.04072943070090743,-0.007800711200207622,0.004934468053872662,0.11231935599497697,0.1481494871228612,0.10944432683638855,0.24489958191137945,-0.05051751260788584,,,-0.3675658607765523,,0.04834932439258697,0.016632150075637456,0.14808885133470184,-0.024399888197920383,0.09231238462866909,0.2893892905776996,0.3873499999999961,-0.8149000000000006,1.8180000000000005,0.0418851687193128,-0.007800711200207622,0.005935079741634815,0.11276549306675164,0.1481494871228612,0.10944432683638855,0.24489958191137945,-0.08669116776599245,,,-0.337574772565313,
RAA-raa_2016_p13_r08,11720,55862.0,0.0,0.0,,0.06097566133654749,0.0560406428029493,-0.1386434153565741,-0.0796224681158284,-0.07890556106529267,-0.1834917848432207,-2.1541499999999987,-2.0774,-2.2330500000000004,,,,,,,,,,,-0.09923829937019191,,0.030204898755842625,0.04683229122750712,-0.16081036468833654,-0.03551715099526165,-0.08320847562415956,-0.10289986057052936,-1.919350000000001,-1.5458750000000014,-2.677225000000001,,,,,,,,,,,-0.11474468684017256,
RAA-raa_2016_p13_r08,12700,9195.0,0.0,0.0,,0.0220831006809553,0.024669654871928237,-0.5408062897764632,-0.26540588047520774,-0.5538431607727254,-0.4401052086880224,-1.8084999999999987,-2.6523999999999983,-0.9667500000000002,,,,,,,,,,,0.1098858694035655,,0.10976100972600401,0.04966730415430863,-0.6314898869020489,-0.3845800804042492,-0.663958709357316,-0.5368047361605832,-2.0870000000000033,-2.9788499999999987,-0.9667500000000002,,,,,,,,,,,0.1398769576148048,
RAA-raa_2016_p13_r08,15240,,,,,0.025338957031840706,0.03546790408300378,,,,,,,,,,,,,,,,,,-0.04298258247559182,,-0.005431805548864167,0.0262595525075616,,,,,,,,,,,,,,,,,,-0.05848896994557247,
RAA-raa_2016_p13_r08,16400,70447.0,0.0,0.0,,0.04049523762537309,0.012501275605900199,-0.026159674378118503,-0.025952443258187685,-0.016721466524151296,0.029591249009864207,0.3008000000000015,0.5110000000000001,0.0884500000000008,,,,,,,,,,,0.03377553014775001,,0.009724475044668224,0.0032929240304580254,-0.048326623709880945,0.01815287386237907,-0.021024381083018184,0.11018317328255556,0.5355999999999992,1.0425249999999986,-0.3557249999999996,,,,,,,,,,,0.018269142677769364,
RAA-raa_2016_p13_r12,16350,197922.0,0.0,0.0,,-0.014460201565720754,0.003298192558027657,-0.5113939831152949,-0.39763011486158106,-0.38000999580206596,-0.699534618645834,0.6902000000000026,0.2417000000000007,1.1365500000000006,-0.01151335136246518,-0.0035254108328338293,-0.010671415585901317,-0.013197222915592907,-0.03706010957130071,-0.08648765395240218,-0.0077915651121171214,-0.10076400864337848,,,0.19650087929740878,,-0.014460201565720754,0.003298192558027657,-0.22440615814151554,-0.03601209578143916,-0.14453480259261164,-0.39355300539129834,1.0319500000000001,-0.6296499999999998,2.3297250000000003,,,,,,,,,,,0.16673717407012034,
RAA-raa_2016_p13_r16,11720,55862.0,0.0,0.0,,0.06097566133654749,0.0560406428029493,-0.1386434153565741,-0.0796224681158284,-0.07890556106529267,-0.1834917848432207,-2.1541499999999987,-2.0774,-2.2330500000000004,,,,,,,,,,,-0.13295319081598853,,0.030204898755842625,0.04683229122750712,-0.16081036468833654,-0.03551715099526165,-0.08320847562415956,-0.10289986057052936,-1.919350000000001,-1.5458750000000014,-2.677225000000001,,,,,,,,,,,-0.14200791521534425,
RAA-raa_2016_p13_r17,15270,24191.0,0.0,0.0,,,,-0.20499415547215616,-0.03816536637082013,-0.23218031720655752,-0.07599449290743632,1.4199000000000002,2.0854999999999997,0.7521499999999994,,,,,,,,,,,0.010658816382083366,,,,-0.2271611048039186,0.005939950749746625,-0.2364832317654244,0.004597431365255034,1.6546999999999978,2.617024999999998,0.307974999999999,,,,,,,,,,,-0.0019299709030841453,
RAA-raa_2016_p13_r22,11720,55862.0,0.0,0.0,,0.06097566133654749,0.0560406428029493,-0.1386434153565741,-0.0796224681158284,-0.07890556106529267,-0.1834917848432207,-2.1541499999999987,-2.0774,-2.2330500000000004,,,,,,,,,,,-0.17740297865700577,,0.030204898755842625,0.04683229122750712,-0.16081036468833654,-0.03551715099526165,-0.08320847562415956,-0.10289986057052936,-1.919350000000001,-1.5458750000000014,-2.677225000000001,,,,,,,,,,,-0.1899917659421733,
RAA-raa_2016_p13_r23,14350,29684.0,0.0,0.0,,-0.008534158695556515,-0.04520733834159987,-0.18136638357071888,-0.5791305473132331,-0.08212493697846135,-0.30522193765931505,-0.07649999999999935,-0.8557500000000005,0.7005999999999988,,,,,,,,,,,-0.030017430863632007,,-0.03930492127626138,-0.05441568991704204,-0.20353333290248132,-0.5350252301926663,-0.08642785153732824,-0.2246300133866237,0.15829999999999833,-0.324225000000002,0.25642499999999835,,,,,,,,,,,-0.06477590385845026,
RAA-raa_2016_p13_r23,15240,,,,,0.025338957031840706,0.03546790408300378,,,,,,,,,,,,,,,,,,-0.04294670960988838,,-0.005431805548864167,0.0262595525075616,,,,,,,,,,,,,,,,,,-0.07770518260470663,
RAA-raa_2016_p13_r23,15270,24191.0,0.0,0.0,,,,-0.20499415547215616,-0.03816536637082013,-0.23218031720655752,-0.07599449290743632,1.4199000000000002,2.0854999999999997,0.7521499999999994,,,,,,,,,,,0.07183401988429551,,,,-0.2271611048039186,0.005939950749746625,-0.2364832317654244,0.004597431365255034,1.6546999999999978,2.617024999999998,0.307974999999999,,,,,,,,,,,0.03707554688947726,
RAA-raa_2016_p13_r23,17620,14537.0,0.0,0.0,,,,0.22093262014709136,-0.10533500201032808,0.12605066778424678,0.48532386396869853,-0.5773999999999972,-0.5761999999999983,-0.5807499999999992,,,,,,,,,,,0.3983581060092865,,,,0.13024902302150565,-0.22450920193936952,0.015935119199656178,0.3886243364961377,-0.8559000000000019,-0.9026499999999986,-0.5807499999999992,,,,,,,,,,,0.43272107192778336,
RAA-raa_2016_p13_r23,18020,9728.0,0.0,0.0,,-0.2590387043625676,-0.010046416649152911,-0.22604815473467,-0.06429553263762244,-0.11666359489302813,-0.3701899353220357,-0.8268999999999975,-0.3587499999999988,-1.2971999999999992,,,,,,,,,,,0.020241168116355297,,-0.17136079531751885,0.014951232633227483,-0.3167317518602557,-0.18346973256666388,-0.22677914347761874,-0.46688946279459653,-1.1054000000000022,-0.6851999999999991,-1.2971999999999992,,,,,,,,,,,0.05460413403485216,
RAA-raa_2016_p13_r26,17000,24071.0,0.0,0.0,,,,-0.9989493776626208,-0.6541967641727027,-1.0110345986933114,-0.9001515965053226,0.8763000000000005,4.010049999999998,-2.2596,,,,,,,,,,,0.18736661253978287,,,,-1.0211163269943833,-0.6100914470521359,-1.0153375132521782,-0.8195596722326313,1.1110999999999982,4.541574999999996,-2.7037750000000003,,,,,,,,,,,0.1526081395449646,
